# tracer: function
#
# function latency trace v1.1.5 on 7.1.8-arch1-3
# --------------------------------------------------------------------
# latency: 0 us, #7051/7051, CPU#2 | (M:PREEMPT(full) VP:0, KP:0, SP:0 HP:0 #P:4)
#    -----------------
#    | task: -0 (uid:0 nice:0 policy:0 rt_prio:0)
#    -----------------
#
#                    _------=> CPU#            
#                   / _-----=> irqs-off/BH-disabled
#                  | / _----=> need-resched    
#                  || / _---=> hardirq/softirq 
#                  ||| / _--=> preempt-depth   
#                  |||| / _-=> migrate-disable 
#                  ||||| /     delay           
#  cmd     pid     |||||| time  |   caller     
#     \   /        ||||||  \    |    /       
     cat-177       3..... 8055us : mutex_unlock <-rb_simple_write
     cat-177       3d.... 8056us : switch_fpu_return <-do_syscall_64
     cat-177       3..... 8059us : __x64_sys_dup2 <-do_syscall_64
     cat-177       3..... 8059us : ksys_dup3 <-__x64_sys_dup2
     cat-177       3..... 8059us : _raw_spin_lock <-ksys_dup3
     cat-177       3...1. 8059us : expand_files <-ksys_dup3
     cat-177       3...1. 8059us : do_dup2 <-__x64_sys_dup2
     cat-177       3...1. 8060us : _raw_spin_unlock <-do_dup2
     cat-177       3..... 8060us : filp_close <-do_dup2
     cat-177       3..... 8060us : filp_flush <-filp_close
     cat-177       3..... 8060us : dnotify_flush <-filp_flush
     cat-177       3..... 8060us : locks_remove_posix <-filp_flush
     cat-177       3..... 8061us : fput_close <-filp_close
     cat-177       3..... 8061us : __fput_deferred <-filp_close
     cat-177       3..... 8061us : task_work_add <-__fput_deferred
     cat-177       3..... 8061us : kick_process <-task_work_add
     cat-177       3..... 8061us : task_work_run <-exit_to_user_mode_loop
     cat-177       3..... 8062us : _raw_spin_lock_irq <-task_work_run
     cat-177       3d..1. 8062us : _raw_spin_unlock_irq <-task_work_run
     cat-177       3..... 8062us : ____fput <-task_work_run
     cat-177       3..... 8062us : __fput <-task_work_run
     cat-177       3..... 8062us : locks_remove_file <-__fput
     cat-177       3..... 8063us : security_file_release <-__fput
     cat-177       3..... 8063us : bpf_lsm_file_release <-security_file_release
     cat-177       3..... 8063us : mutex_lock <-trace_array_put.part.0
     cat-177       3..... 8063us : mutex_unlock <-tracing_release_generic_tr
     cat-177       3..... 8063us : module_put <-__fput
     cat-177       3..... 8064us : file_f_owner_release <-__fput
     cat-177       3..... 8064us : mnt_put_write_access <-__fput
     cat-177       3..... 8064us : dput <-__fput
     cat-177       3..... 8064us : dput.part.0 <-__fput
     cat-177       3..... 8064us : __rcu_read_lock <-dput.part.0
     cat-177       3..... 8065us : __rcu_read_unlock <-__fput
     cat-177       3..... 8065us : mntput <-__fput
     cat-177       3..... 8065us : __rcu_read_lock <-mntput
     cat-177       3..... 8065us : __rcu_read_unlock <-__fput
     cat-177       3..... 8065us : security_file_free <-__fput
     cat-177       3..... 8066us : hook_file_free_security <-security_file_free
     cat-177       3..... 8066us : put_pid <-hook_file_free_security
     cat-177       3..... 8066us : landlock_put_ruleset_deferred <-security_file_free
     cat-177       3..... 8066us : bpf_lsm_file_free_security <-security_file_free
     cat-177       3..... 8066us : kmem_cache_free <-__fput
     cat-177       3..... 8067us : kmem_cache_free <-task_work_run
     cat-177       3..... 8067us : blkcg_maybe_throttle_current <-exit_to_user_mode_loop
     cat-177       3..... 8068us : __x64_sys_close <-do_syscall_64
     cat-177       3..... 8068us : file_close_fd <-__x64_sys_close
     cat-177       3..... 8068us : _raw_spin_lock <-file_close_fd
     cat-177       3...1. 8068us : file_close_fd_locked <-file_close_fd
     cat-177       3...1. 8068us : _raw_spin_unlock <-file_close_fd
     cat-177       3..... 8069us : filp_flush <-__x64_sys_close
     cat-177       3..... 8069us : dnotify_flush <-filp_flush
     cat-177       3..... 8069us : locks_remove_posix <-filp_flush
     cat-177       3..... 8069us : fput_close_sync <-__x64_sys_close
     cat-177       3..... 8075us : __x64_sys_rt_sigaction <-do_syscall_64
     cat-177       3..... 8075us : do_sigaction <-__x64_sys_rt_sigaction
     cat-177       3..... 8075us : _raw_spin_lock_irq <-do_sigaction
     cat-177       3d..1. 8075us : sigaction_compat_abi <-do_sigaction
     cat-177       3d..1. 8076us : _raw_spin_unlock_irq <-do_sigaction
     cat-177       3..... 8077us : __x64_sys_execve <-do_syscall_64
     cat-177       3..... 8077us : getname_flags <-__x64_sys_execve
     cat-177       3..... 8078us : do_getname <-__x64_sys_execve
     cat-177       3..... 8078us : kmem_cache_alloc_noprof <-do_getname
     cat-177       3..... 8078us : __check_object_size <-strncpy_from_user
     cat-177       3..... 8078us : check_stack_object <-__check_object_size
     cat-177       3..... 8079us : is_vmalloc_addr <-__check_object_size
     cat-177       3..... 8079us : __virt_addr_valid <-__check_object_size
     cat-177       3..... 8079us : __check_heap_object <-__check_object_size
     cat-177       3..... 8079us : do_execveat_common.isra.0 <-__x64_sys_execve
     cat-177       3..... 8080us : alloc_bprm <-do_execveat_common.isra.0
     cat-177       3..... 8080us : do_open_execat <-alloc_bprm
     cat-177       3..... 8080us : do_file_open <-do_open_execat
     cat-177       3..... 8080us : path_openat <-do_file_open
     cat-177       3..... 8080us : alloc_empty_file <-path_openat
     cat-177       3..... 8080us : kmem_cache_alloc_noprof <-alloc_empty_file
     cat-177       3..... 8081us : init_file <-alloc_empty_file
     cat-177       3..... 8081us : security_file_alloc <-init_file
     cat-177       3..... 8081us : kmem_cache_alloc_noprof <-security_file_alloc
     cat-177       3..... 8081us : hook_file_alloc_security <-security_file_alloc
     cat-177       3..... 8081us : bpf_lsm_file_alloc_security <-security_file_alloc
     cat-177       3..... 8082us : mutex_init_generic <-init_file
     cat-177       3..... 8082us : path_init <-path_openat
     cat-177       3..... 8082us : __rcu_read_lock <-path_init
     cat-177       3..... 8082us : nd_jump_root <-path_init
     cat-177       3..... 8083us : set_root <-nd_jump_root
     cat-177       3..... 8083us : link_path_walk <-path_openat
     cat-177       3..... 8083us : security_inode_permission <-link_path_walk
     cat-177       3..... 8083us : bpf_lsm_inode_permission <-security_inode_permission
     cat-177       3..... 8083us : lookup_fast <-link_path_walk
     cat-177       3..... 8084us : __d_lookup_rcu <-lookup_fast
     cat-177       3..... 8084us : security_inode_permission <-link_path_walk
     cat-177       3..... 8084us : bpf_lsm_inode_permission <-security_inode_permission
     cat-177       3..... 8084us : make_vfsuid <-link_path_walk
     cat-177       3..... 8084us : lookup_fast <-path_openat
     cat-177       3..... 8085us : __d_lookup_rcu <-lookup_fast
     cat-177       3..... 8085us : step_into_slowpath <-path_openat
     cat-177       3..... 8085us : pick_link <-step_into_slowpath
     cat-177       3..... 8086us : atime_needs_update <-pick_link
     cat-177       3..... 8086us : make_vfsuid <-atime_needs_update
     cat-177       3..... 8086us : make_vfsgid <-atime_needs_update
     cat-177       3..... 8086us : current_time <-atime_needs_update
     cat-177       3..... 8087us : ktime_get_coarse_real_ts64_mg <-current_time
     cat-177       3..... 8087us : try_to_unlazy <-pick_link
     cat-177       3..... 8087us : legitimize_links <-try_to_unlazy
     cat-177       3..... 8087us : __legitimize_path <-legitimize_links
     cat-177       3..... 8087us : __legitimize_mnt <-__legitimize_path
     cat-177       3..... 8088us : __legitimize_path <-try_to_unlazy
     cat-177       3..... 8088us : __legitimize_mnt <-__legitimize_path
     cat-177       3..... 8088us : __legitimize_path <-try_to_unlazy
     cat-177       3..... 8088us : __legitimize_mnt <-__legitimize_path
     cat-177       3..... 8088us : __rcu_read_unlock <-try_to_unlazy
     cat-177       3..... 8089us : touch_atime <-pick_link
     cat-177       3..... 8089us : atime_needs_update <-touch_atime
     cat-177       3..... 8089us : make_vfsuid <-atime_needs_update
     cat-177       3..... 8089us : make_vfsgid <-atime_needs_update
     cat-177       3..... 8089us : current_time <-atime_needs_update
     cat-177       3..... 8089us : ktime_get_coarse_real_ts64_mg <-current_time
     cat-177       3..... 8090us : mnt_get_write_access <-touch_atime
     cat-177       3..... 8090us : current_time <-touch_atime
     cat-177       3..... 8090us : ktime_get_coarse_real_ts64_mg <-current_time
     cat-177       3..... 8090us : __mark_inode_dirty <-touch_atime
     cat-177       3..... 8090us : mnt_put_write_access <-touch_atime
     cat-177       3..... 8091us : security_inode_follow_link <-pick_link
     cat-177       3..... 8091us : bpf_lsm_inode_follow_link <-security_inode_follow_link
     cat-177       3..... 8091us : nd_jump_root <-pick_link
     cat-177       3..... 8091us : dput <-nd_jump_root
     cat-177       3..... 8091us : dput.part.0 <-nd_jump_root
     cat-177       3..... 8092us : __rcu_read_lock <-dput.part.0
     cat-177       3..... 8092us : __rcu_read_unlock <-nd_jump_root
     cat-177       3..... 8092us : mntput <-nd_jump_root
     cat-177       3..... 8092us : __rcu_read_lock <-mntput
     cat-177       3..... 8092us : __rcu_read_unlock <-nd_jump_root
     cat-177       3..... 8092us : mntget <-nd_jump_root
     cat-177       3..... 8093us : link_path_walk <-path_openat
     cat-177       3..... 8093us : security_inode_permission <-link_path_walk
     cat-177       3..... 8093us : bpf_lsm_inode_permission <-security_inode_permission
     cat-177       3..... 8093us : lookup_fast <-link_path_walk
     cat-177       3..... 8093us : __d_lookup <-lookup_fast
     cat-177       3..... 8093us : __rcu_read_lock <-__d_lookup
     cat-177       3..... 8094us : _raw_spin_lock <-__d_lookup
     cat-177       3...1. 8094us : d_same_name <-__d_lookup
     cat-177       3...1. 8094us : _raw_spin_unlock <-__d_lookup
     cat-177       3..... 8094us : __rcu_read_unlock <-__d_lookup
     cat-177       3..... 8094us : step_into_slowpath <-link_path_walk
     cat-177       3..... 8095us : dput <-step_into_slowpath
     cat-177       3..... 8095us : dput.part.0 <-step_into_slowpath
     cat-177       3..... 8095us : __rcu_read_lock <-dput.part.0
     cat-177       3..... 8095us : __rcu_read_unlock <-step_into_slowpath
     cat-177       3..... 8096us : security_inode_permission <-link_path_walk
     cat-177       3..... 8096us : bpf_lsm_inode_permission <-security_inode_permission
     cat-177       3..... 8096us : make_vfsuid <-link_path_walk
     cat-177       3..... 8096us : lookup_fast <-path_openat
     cat-177       3..... 8096us : __d_lookup <-lookup_fast
     cat-177       3..... 8096us : __rcu_read_lock <-__d_lookup
     cat-177       3..... 8097us : _raw_spin_lock <-__d_lookup
     cat-177       3...1. 8097us : d_same_name <-__d_lookup
     cat-177       3...1. 8097us : _raw_spin_unlock <-__d_lookup
     cat-177       3..... 8097us : __rcu_read_unlock <-__d_lookup
     cat-177       3..... 8097us : dput <-path_openat
     cat-177       3..... 8097us : dput.part.0 <-path_openat
     cat-177       3..... 8097us : __rcu_read_lock <-dput.part.0
     cat-177       3..... 8098us : __rcu_read_unlock <-path_openat
     cat-177       3..... 8098us : mntput <-path_openat
     cat-177       3..... 8098us : __rcu_read_lock <-mntput
     cat-177       3..... 8098us : __rcu_read_unlock <-path_openat
     cat-177       3..... 8098us : step_into_slowpath <-path_openat
     cat-177       3..... 8098us : dput <-step_into_slowpath
     cat-177       3..... 8099us : dput.part.0 <-step_into_slowpath
     cat-177       3..... 8099us : __rcu_read_lock <-dput.part.0
     cat-177       3..... 8099us : __rcu_read_unlock <-step_into_slowpath
     cat-177       3..... 8099us : complete_walk <-path_openat
     cat-177       3..... 8099us : may_open <-path_openat
     cat-177       3..... 8099us : path_noexec <-may_open
     cat-177       3..... 8100us : inode_permission <-may_open
     cat-177       3..... 8100us : generic_permission <-inode_permission
     cat-177       3..... 8100us : security_inode_permission <-may_open
     cat-177       3..... 8100us : bpf_lsm_inode_permission <-security_inode_permission
     cat-177       3..... 8100us : vfs_open <-path_openat
     cat-177       3..... 8101us : do_dentry_open <-vfs_open
     cat-177       3..... 8101us : path_get <-do_dentry_open
     cat-177       3..... 8101us : mntget <-path_get
     cat-177       3..... 8101us : try_module_get <-do_dentry_open
     cat-177       3..... 8101us : security_file_open <-do_dentry_open
     cat-177       3..... 8102us : hook_file_open <-security_file_open
     cat-177       3..... 8102us : bpf_lsm_file_open <-security_file_open
     cat-177       3..... 8102us : fsnotify_open_perm_and_set_mode <-do_dentry_open
     cat-177       3..... 8102us : shmem_file_open <-do_dentry_open
     cat-177       3..... 8102us : generic_file_open <-do_dentry_open
     cat-177       3..... 8103us : file_ra_state_init <-do_dentry_open
     cat-177       3..... 8103us : inode_to_bdi <-file_ra_state_init
     cat-177       3..... 8103us : security_file_post_open <-path_openat
     cat-177       3..... 8103us : bpf_lsm_file_post_open <-security_file_post_open
     cat-177       3..... 8103us : terminate_walk <-path_openat
     cat-177       3..... 8104us : dput <-terminate_walk
     cat-177       3..... 8104us : dput.part.0 <-terminate_walk
     cat-177       3..... 8104us : __rcu_read_lock <-dput.part.0
     cat-177       3..... 8104us : __rcu_read_unlock <-terminate_walk
     cat-177       3..... 8104us : mntput <-terminate_walk
     cat-177       3..... 8104us : __rcu_read_lock <-mntput
     cat-177       3..... 8105us : __rcu_read_unlock <-terminate_walk
     cat-177       3..... 8105us : dput <-terminate_walk
     cat-177       3..... 8105us : dput.part.0 <-terminate_walk
     cat-177       3..... 8105us : __rcu_read_lock <-dput.part.0
     cat-177       3..... 8105us : __rcu_read_unlock <-terminate_walk
     cat-177       3..... 8105us : mntput <-terminate_walk
     cat-177       3..... 8105us : __rcu_read_lock <-mntput
     cat-177       3..... 8106us : __rcu_read_unlock <-terminate_walk
     cat-177       3..... 8106us : __kmalloc_cache_noprof <-alloc_bprm
     cat-177       3..... 8106us : mm_alloc <-alloc_bprm
     cat-177       3..... 8106us : kmem_cache_alloc_noprof <-mm_alloc
     cat-177       3..... 8107us : mm_init <-alloc_bprm
     cat-177       3..... 8107us : __init_rwsem <-mm_init
     cat-177       3..... 8107us : arch_uprobe_init_state <-mm_init
     cat-177       3..... 8107us : futex_mm_init <-mm_init
     cat-177       3..... 8108us : mutex_init_generic <-futex_mm_init
     cat-177       3..... 8108us : get_state_synchronize_rcu <-futex_mm_init
     cat-177       3..... 8108us : pgd_alloc <-mm_init
     cat-177       3..... 8108us : alloc_pages_noprof <-pgd_alloc
     cat-177       3..... 8108us : alloc_pages_mpol <-alloc_pages_noprof
     cat-177       3..... 8109us : policy_nodemask <-alloc_pages_mpol
     cat-177       3..... 8109us : __alloc_frozen_pages_noprof <-alloc_pages_mpol
     cat-177       3..... 8109us : get_page_from_freelist <-__alloc_frozen_pages_noprof
     cat-177       3...1. 8109us : _raw_spin_trylock <-get_page_from_freelist
     cat-177       3...2. 8110us : _raw_spin_unlock <-get_page_from_freelist
     cat-177       3..... 8110us : kernel_init_pages <-get_page_from_freelist
     cat-177       3..... 8110us : lruvec_stat_mod_folio <-pgd_alloc
     cat-177       3..... 8110us : __rcu_read_lock <-lruvec_stat_mod_folio
     cat-177       3..... 8111us : __rcu_read_unlock <-lruvec_stat_mod_folio
     cat-177       3..... 8111us : mod_node_page_state <-pgd_alloc
     cat-177       3..... 8111us : _raw_spin_lock <-pgd_alloc
     cat-177       3...1. 8111us : _raw_spin_unlock <-pgd_alloc
     cat-177       3..... 8111us : _raw_spin_lock_irqsave <-ida_alloc_range
     cat-177       3d..1. 8112us : _raw_spin_unlock_irqrestore <-ida_alloc_range
     cat-177       3..... 8112us : kfree <-ida_alloc_range
     cat-177       3..... 8112us : mutex_init_generic <-mm_init
     cat-177       3..... 8113us : __init_rwsem <-mm_init
     cat-177       3..... 8113us : pcpu_alloc_noprof <-mm_init
     cat-177       3..... 8113us : mutex_lock_killable <-pcpu_alloc_noprof
     cat-177       3..... 8113us : _raw_spin_lock_irqsave <-pcpu_alloc_noprof
     cat-177       3d..1. 8113us : pcpu_find_block_fit <-pcpu_alloc_noprof
     cat-177       3d..1. 8114us : pcpu_next_fit_region.constprop.0 <-pcpu_find_block_fit
     cat-177       3d..1. 8114us : pcpu_alloc_area <-pcpu_alloc_noprof
     cat-177       3d..1. 8114us : pcpu_chunk_slot <-pcpu_alloc_area
     cat-177       3d..1. 8114us : pcpu_block_update_hint_alloc <-pcpu_alloc_area
     cat-177       3d..1. 8115us : pcpu_chunk_relocate <-pcpu_alloc_area
     cat-177       3d..1. 8115us : _raw_spin_unlock_irqrestore <-pcpu_alloc_noprof
     cat-177       3..... 8115us : mutex_unlock <-pcpu_alloc_noprof
     cat-177       3..... 8115us : mem_cgroup_kmem_disabled <-pcpu_alloc_noprof
     cat-177       3..... 8116us : mm_init_cid <-mm_init
     cat-177       3..... 8116us : mutex_init_generic <-mm_init_cid
     cat-177       3..... 8116us : pcpu_alloc_noprof <-__percpu_counter_init_many
     cat-177       3..... 8116us : mutex_lock_killable <-pcpu_alloc_noprof
     cat-177       3..... 8116us : _raw_spin_lock_irqsave <-pcpu_alloc_noprof
     cat-177       3d..1. 8117us : pcpu_find_block_fit <-pcpu_alloc_noprof
     cat-177       3d..1. 8117us : pcpu_next_fit_region.constprop.0 <-pcpu_find_block_fit
     cat-177       3d..1. 8117us : pcpu_alloc_area <-pcpu_alloc_noprof
     cat-177       3d..1. 8117us : pcpu_chunk_slot <-pcpu_alloc_area
     cat-177       3d..1. 8117us : pcpu_block_update_hint_alloc <-pcpu_alloc_area
     cat-177       3d..1. 8117us : pcpu_chunk_relocate <-pcpu_alloc_area
     cat-177       3d..1. 8118us : _raw_spin_unlock_irqrestore <-pcpu_alloc_noprof
     cat-177       3..... 8118us : mutex_unlock <-pcpu_alloc_noprof
     cat-177       3..... 8118us : mem_cgroup_kmem_disabled <-pcpu_alloc_noprof
     cat-177       3..... 8118us : _raw_spin_lock_irqsave <-__percpu_counter_init_many
     cat-177       3d..1. 8119us : _raw_spin_unlock_irqrestore <-__percpu_counter_init_many
     cat-177       3..... 8119us : _raw_spin_lock <-alloc_bprm
     cat-177       3...1. 8119us : _raw_spin_unlock <-alloc_bprm
     cat-177       3..... 8119us : create_init_stack_vma <-alloc_bprm
     cat-177       3..... 8119us : vm_area_alloc <-create_init_stack_vma
     cat-177       3..... 8120us : kmem_cache_alloc_noprof <-vm_area_alloc
     cat-177       3..... 8120us : down_write_killable <-create_init_stack_vma
     cat-177       3..... 8120us : insert_vm_struct <-create_init_stack_vma
     cat-177       3..... 8120us : find_vma_intersection <-insert_vm_struct
     cat-177       3..... 8120us : __rcu_read_lock <-mt_find
     cat-177       3..... 8121us : __rcu_read_unlock <-mt_find
     cat-177       3..... 8121us : security_vm_enough_memory_mm <-insert_vm_struct
     cat-177       3..... 8121us : static_key_count <-security_vm_enough_memory_mm
     cat-177       3..... 8121us : cap_vm_enough_memory <-security_vm_enough_memory_mm
     cat-177       3..... 8121us : cap_capable <-security_vm_enough_memory_mm
     cat-177       3..... 8122us : static_key_count <-security_vm_enough_memory_mm
     cat-177       3..... 8122us : bpf_lsm_vm_enough_memory <-security_vm_enough_memory_mm
     cat-177       3..... 8122us : static_key_count <-security_vm_enough_memory_mm
     cat-177       3..... 8122us : static_key_count <-security_vm_enough_memory_mm
     cat-177       3..... 8122us : static_key_count <-security_vm_enough_memory_mm
     cat-177       3..... 8122us : static_key_count <-security_vm_enough_memory_mm
     cat-177       3..... 8123us : static_key_count <-security_vm_enough_memory_mm
     cat-177       3..... 8123us : static_key_count <-security_vm_enough_memory_mm
     cat-177       3..... 8123us : static_key_count <-security_vm_enough_memory_mm
     cat-177       3..... 8123us : static_key_count <-security_vm_enough_memory_mm
     cat-177       3..... 8123us : static_key_count <-security_vm_enough_memory_mm
     cat-177       3..... 8123us : static_key_count <-security_vm_enough_memory_mm
     cat-177       3..... 8124us : __vm_enough_memory <-insert_vm_struct
     cat-177       3..... 8124us : vma_link <-insert_vm_struct
     cat-177       3..... 8124us : kmem_cache_alloc_noprof <-mas_preallocate
     cat-177       3..... 8125us : __vma_start_write <-vma_link
     cat-177       3..... 8125us : __vma_start_exclude_readers <-__vma_start_write
     cat-177       3..... 8125us : up_write <-create_init_stack_vma
     cat-177       3..... 8125us : count.constprop.0.isra.0 <-do_execveat_common.isra.0
     cat-177       3..... 8126us : count.constprop.0.isra.0 <-do_execveat_common.isra.0
     cat-177       3..... 8126us : bprm_stack_limits <-do_execveat_common.isra.0
     cat-177       3..... 8126us : copy_string_kernel <-do_execveat_common.isra.0
     cat-177       3..... 8127us : get_arg_page <-copy_string_kernel
     cat-177       3..... 8127us : mmap_read_lock_maybe_expand <-get_arg_page
     cat-177       3..... 8127us : down_read <-mmap_read_lock_maybe_expand
     cat-177       3..... 8127us : get_user_pages_remote <-get_arg_page
     cat-177       3..... 8127us : is_valid_gup_args <-get_user_pages_remote
     cat-177       3..... 8128us : __get_user_pages <-get_user_pages_remote
     cat-177       3..... 8128us : gup_vma_lookup <-__get_user_pages
     cat-177       3..... 8128us : find_vma <-gup_vma_lookup
     cat-177       3..... 8128us : __rcu_read_lock <-mt_find
     cat-177       3..... 8128us : __rcu_read_unlock <-mt_find
     cat-177       3..... 8129us : check_vma_flags <-__get_user_pages
     cat-177       3..... 8129us : vma_is_secretmem <-check_vma_flags
     cat-177       3..... 8129us : vma_pgtable_walk_begin <-__get_user_pages
     cat-177       3..... 8129us : no_page_table <-__get_user_pages
     cat-177       3..... 8129us : vma_pgtable_walk_end <-__get_user_pages
     cat-177       3..... 8130us : handle_mm_fault <-__get_user_pages
     cat-177       3..... 8130us : __handle_mm_fault <-handle_mm_fault
     cat-177       3..... 8130us : __pud_alloc <-__handle_mm_fault
     cat-177       3..... 8130us : alloc_pages_noprof <-__pud_alloc
     cat-177       3..... 8130us : alloc_pages_mpol <-alloc_pages_noprof
     cat-177       3..... 8131us : policy_nodemask <-alloc_pages_mpol
     cat-177       3..... 8131us : __alloc_frozen_pages_noprof <-alloc_pages_mpol
     cat-177       3..... 8131us : get_page_from_freelist <-__alloc_frozen_pages_noprof
     cat-177       3...1. 8131us : _raw_spin_trylock <-get_page_from_freelist
     cat-177       3...2. 8131us : _raw_spin_unlock <-get_page_from_freelist
     cat-177       3..... 8131us : kernel_init_pages <-get_page_from_freelist
     cat-177       3..... 8132us : lruvec_stat_mod_folio <-__pud_alloc
     cat-177       3..... 8132us : __rcu_read_lock <-lruvec_stat_mod_folio
     cat-177       3..... 8132us : __rcu_read_unlock <-lruvec_stat_mod_folio
     cat-177       3..... 8132us : mod_node_page_state <-__pud_alloc
     cat-177       3..... 8132us : _raw_spin_lock <-__pud_alloc
     cat-177       3...1. 8133us : _raw_spin_unlock <-__pud_alloc
     cat-177       3..... 8133us : __pmd_alloc <-__handle_mm_fault
     cat-177       3..... 8133us : alloc_pages_noprof <-__pmd_alloc
     cat-177       3..... 8133us : alloc_pages_mpol <-alloc_pages_noprof
     cat-177       3..... 8133us : policy_nodemask <-alloc_pages_mpol
     cat-177       3..... 8134us : __alloc_frozen_pages_noprof <-alloc_pages_mpol
     cat-177       3..... 8134us : get_page_from_freelist <-__alloc_frozen_pages_noprof
     cat-177       3...1. 8134us : _raw_spin_trylock <-get_page_from_freelist
     cat-177       3...2. 8134us : _raw_spin_unlock <-get_page_from_freelist
     cat-177       3..... 8134us : kernel_init_pages <-get_page_from_freelist
     cat-177       3..... 8134us : lruvec_stat_mod_folio <-__pmd_alloc
     cat-177       3..... 8135us : __rcu_read_lock <-lruvec_stat_mod_folio
     cat-177       3..... 8135us : __rcu_read_unlock <-lruvec_stat_mod_folio
     cat-177       3..... 8135us : mod_node_page_state <-__pmd_alloc
     cat-177       3..... 8135us : _raw_spin_lock <-__pmd_alloc
     cat-177       3...1. 8135us : _raw_spin_unlock <-__pmd_alloc
     cat-177       3..... 8136us : __thp_vma_allowable_orders <-__handle_mm_fault
     cat-177       3..... 8136us : do_anonymous_page <-__handle_mm_fault
     cat-177       3..... 8136us : __pte_alloc <-do_anonymous_page
     cat-177       3..... 8136us : pte_alloc_one <-__pte_alloc
     cat-177       3..... 8136us : alloc_pages_noprof <-pte_alloc_one
     cat-177       3..... 8137us : alloc_pages_mpol <-alloc_pages_noprof
     cat-177       3..... 8137us : policy_nodemask <-alloc_pages_mpol
     cat-177       3..... 8137us : __alloc_frozen_pages_noprof <-alloc_pages_mpol
     cat-177       3..... 8137us : get_page_from_freelist <-__alloc_frozen_pages_noprof
     cat-177       3...1. 8137us : _raw_spin_trylock <-get_page_from_freelist
     cat-177       3...2. 8137us : _raw_spin_unlock <-get_page_from_freelist
     cat-177       3..... 8137us : kernel_init_pages <-get_page_from_freelist
     cat-177       3..... 8138us : lruvec_stat_mod_folio <-pte_alloc_one
     cat-177       3..... 8138us : __rcu_read_lock <-lruvec_stat_mod_folio
     cat-177       3..... 8138us : __rcu_read_unlock <-lruvec_stat_mod_folio
     cat-177       3..... 8138us : mod_node_page_state <-pte_alloc_one
     cat-177       3..... 8138us : pmd_install <-__pte_alloc
     cat-177       3..... 8139us : _raw_spin_lock <-pmd_install
     cat-177       3...1. 8139us : _raw_spin_unlock <-__pte_alloc
     cat-177       3..... 8139us : __vmf_anon_prepare <-do_anonymous_page
     cat-177       3..... 8139us : __anon_vma_prepare <-__vmf_anon_prepare
     cat-177       3..... 8139us : kmem_cache_alloc_noprof <-__anon_vma_prepare
     cat-177       3..... 8140us : find_mergeable_anon_vma <-__anon_vma_prepare
     cat-177       3..... 8140us : kmem_cache_alloc_noprof <-__anon_vma_prepare
     cat-177       3..... 8140us : down_write <-__anon_vma_prepare
     cat-177       3..... 8141us : _raw_spin_lock <-__anon_vma_prepare
     cat-177       3...1. 8141us : anon_vma_interval_tree_insert <-__anon_vma_prepare
     cat-177       3...1. 8141us : _raw_spin_unlock <-__anon_vma_prepare
     cat-177       3..... 8141us : up_write <-__anon_vma_prepare
     cat-177       3..... 8141us : vma_alloc_folio_noprof <-do_anonymous_page
     cat-177       3..... 8142us : get_vma_policy <-vma_alloc_folio_noprof
     cat-177       3..... 8142us : alloc_pages_mpol <-vma_alloc_folio_noprof
     cat-177       3..... 8142us : policy_nodemask <-alloc_pages_mpol
     cat-177       3..... 8142us : __alloc_frozen_pages_noprof <-alloc_pages_mpol
     cat-177       3..... 8142us : get_page_from_freelist <-__alloc_frozen_pages_noprof
     cat-177       3...1. 8142us : _raw_spin_trylock <-get_page_from_freelist
     cat-177       3...2. 8143us : _raw_spin_unlock <-get_page_from_freelist
     cat-177       3..... 8143us : kernel_init_pages <-get_page_from_freelist
     cat-177       3..... 8143us : __mem_cgroup_charge <-do_anonymous_page
     cat-177       3..... 8143us : get_mem_cgroup_from_mm <-__mem_cgroup_charge
     cat-177       3..... 8144us : __rcu_read_lock <-get_mem_cgroup_from_mm
     cat-177       3..... 8144us : __rcu_read_unlock <-get_mem_cgroup_from_mm
     cat-177       3..... 8144us : charge_memcg <-__mem_cgroup_charge
     cat-177       3..... 8144us : __rcu_read_lock <-charge_memcg
     cat-177       3..... 8144us : __get_obj_cgroup_from_memcg <-charge_memcg
     cat-177       3..... 8145us : __rcu_read_unlock <-charge_memcg
     cat-177       3..... 8145us : __folio_throttle_swaprate <-do_anonymous_page
     cat-177       3..... 8145us : pte_offset_map_lock <-do_anonymous_page
     cat-177       3..... 8145us : __pte_offset_map <-pte_offset_map_lock
     cat-177       3..... 8145us : __rcu_read_lock <-__pte_offset_map
     cat-177       3..... 8146us : _raw_spin_lock <-pte_offset_map_lock
     cat-177       3...1. 8146us : map_anon_folio_pte_nopf <-do_anonymous_page
     cat-177       3...1. 8146us : pte_mkwrite <-map_anon_folio_pte_nopf
     cat-177       3...1. 8146us : folio_add_new_anon_rmap <-map_anon_folio_pte_nopf
     cat-177       3...1. 8146us : __folio_mod_stat <-folio_add_new_anon_rmap
     cat-177       3...1. 8147us : lruvec_stat_mod_folio <-__folio_mod_stat
     cat-177       3...1. 8147us : __rcu_read_lock <-lruvec_stat_mod_folio
     cat-177       3...1. 8147us : mod_node_page_state <-lruvec_stat_mod_folio
     cat-177       3...1. 8147us : __mod_memcg_lruvec_state <-lruvec_stat_mod_folio
     cat-177       3...2. 8147us : memcg_state_val_in_pages <-__mod_memcg_lruvec_state
     cat-177       3...2. 8147us : __css_rstat_updated <-__mod_memcg_lruvec_state
     cat-177       3...1. 8148us : __rcu_read_unlock <-__folio_mod_stat
     cat-177       3...1. 8148us : folio_add_lru_vma <-map_anon_folio_pte_nopf
     cat-177       3...1. 8148us : folio_add_lru <-map_anon_folio_pte_nopf
     cat-177       3...1. 8148us : __folio_batch_add_and_move <-map_anon_folio_pte_nopf
     cat-177       3...1. 8149us : _raw_spin_unlock <-do_anonymous_page
     cat-177       3..... 8149us : __rcu_read_unlock <-do_anonymous_page
     cat-177       3..... 8149us : __rcu_read_lock <-handle_mm_fault
     cat-177       3..... 8149us : mem_cgroup_from_task <-handle_mm_fault
     cat-177       3..... 8149us : count_memcg_events <-handle_mm_fault
     cat-177       3...1. 8150us : __css_rstat_updated <-count_memcg_events
     cat-177       3..... 8150us : __rcu_read_unlock <-handle_mm_fault
     cat-177       3..... 8150us : vma_pgtable_walk_begin <-__get_user_pages
     cat-177       3..... 8150us : follow_page_pte <-__get_user_pages
     cat-177       3..... 8150us : pte_offset_map_lock <-follow_page_pte
     cat-177       3..... 8151us : __pte_offset_map <-pte_offset_map_lock
     cat-177       3..... 8151us : __rcu_read_lock <-__pte_offset_map
     cat-177       3..... 8151us : _raw_spin_lock <-pte_offset_map_lock
     cat-177       3...1. 8151us : vm_normal_page <-follow_page_pte
     cat-177       3...1. 8151us : try_grab_folio <-follow_page_pte
     cat-177       3...1. 8151us : folio_mark_accessed <-follow_page_pte
     cat-177       3...1. 8152us : _raw_spin_unlock <-follow_page_pte
     cat-177       3..... 8152us : __rcu_read_unlock <-follow_page_pte
     cat-177       3..... 8152us : vma_pgtable_walk_end <-__get_user_pages
     cat-177       3..... 8152us : up_read <-get_arg_page
     cat-177       3..... 8153us : mm_trace_rss_stat <-get_arg_page
     cat-177       3..... 8153us : copy_strings.isra.0 <-do_execveat_common.isra.0
     cat-177       3..... 8153us : get_arg_page <-copy_strings.isra.0
     cat-177       3..... 8153us : mmap_read_lock_maybe_expand <-get_arg_page
     cat-177       3..... 8153us : down_read <-mmap_read_lock_maybe_expand
     cat-177       3..... 8154us : get_user_pages_remote <-get_arg_page
     cat-177       3..... 8154us : is_valid_gup_args <-get_user_pages_remote
     cat-177       3..... 8154us : __get_user_pages <-get_user_pages_remote
     cat-177       3..... 8154us : gup_vma_lookup <-__get_user_pages
     cat-177       3..... 8154us : find_vma <-gup_vma_lookup
     cat-177       3..... 8154us : __rcu_read_lock <-mt_find
     cat-177       3..... 8155us : __rcu_read_unlock <-mt_find
     cat-177       3..... 8155us : check_vma_flags <-__get_user_pages
     cat-177       3..... 8155us : vma_is_secretmem <-check_vma_flags
     cat-177       3..... 8155us : vma_pgtable_walk_begin <-__get_user_pages
     cat-177       3..... 8155us : follow_page_pte <-__get_user_pages
     cat-177       3..... 8155us : pte_offset_map_lock <-follow_page_pte
     cat-177       3..... 8156us : __pte_offset_map <-pte_offset_map_lock
     cat-177       3..... 8156us : __rcu_read_lock <-__pte_offset_map
     cat-177       3..... 8156us : _raw_spin_lock <-pte_offset_map_lock
     cat-177       3...1. 8156us : vm_normal_page <-follow_page_pte
     cat-177       3...1. 8156us : try_grab_folio <-follow_page_pte
     cat-177       3...1. 8156us : folio_mark_accessed <-follow_page_pte
     cat-177       3...1. 8157us : _raw_spin_unlock <-follow_page_pte
     cat-177       3..... 8157us : __rcu_read_unlock <-follow_page_pte
     cat-177       3..... 8157us : vma_pgtable_walk_end <-__get_user_pages
     cat-177       3..... 8157us : up_read <-get_arg_page
     cat-177       3..... 8157us : __check_object_size <-copy_strings.isra.0
     cat-177       3..... 8157us : check_stack_object <-__check_object_size
     cat-177       3..... 8158us : is_vmalloc_addr <-__check_object_size
     cat-177       3..... 8158us : __virt_addr_valid <-__check_object_size
     cat-177       3..... 8158us : __check_object_size <-copy_strings.isra.0
     cat-177       3..... 8158us : check_stack_object <-__check_object_size
     cat-177       3..... 8158us : is_vmalloc_addr <-__check_object_size
     cat-177       3..... 8159us : __virt_addr_valid <-__check_object_size
     cat-177       3..... 8159us : __check_object_size <-copy_strings.isra.0
     cat-177       3..... 8159us : check_stack_object <-__check_object_size
     cat-177       3..... 8159us : is_vmalloc_addr <-__check_object_size
     cat-177       3..... 8159us : __virt_addr_valid <-__check_object_size
     cat-177       3..... 8160us : __check_object_size <-copy_strings.isra.0
     cat-177       3..... 8160us : check_stack_object <-__check_object_size
     cat-177       3..... 8160us : is_vmalloc_addr <-__check_object_size
     cat-177       3..... 8160us : __virt_addr_valid <-__check_object_size
     cat-177       3..... 8160us : __check_object_size <-copy_strings.isra.0
     cat-177       3..... 8160us : check_stack_object <-__check_object_size
     cat-177       3..... 8161us : is_vmalloc_addr <-__check_object_size
     cat-177       3..... 8161us : __virt_addr_valid <-__check_object_size
     cat-177       3..... 8161us : __check_object_size <-copy_strings.isra.0
     cat-177       3..... 8161us : check_stack_object <-__check_object_size
     cat-177       3..... 8161us : is_vmalloc_addr <-__check_object_size
     cat-177       3..... 8162us : __virt_addr_valid <-__check_object_size
     cat-177       3..... 8162us : copy_strings.isra.0 <-do_execveat_common.isra.0
     cat-177       3..... 8162us : get_arg_page <-copy_strings.isra.0
     cat-177       3..... 8162us : mmap_read_lock_maybe_expand <-get_arg_page
     cat-177       3..... 8162us : down_read <-mmap_read_lock_maybe_expand
     cat-177       3..... 8162us : get_user_pages_remote <-get_arg_page
     cat-177       3..... 8163us : is_valid_gup_args <-get_user_pages_remote
     cat-177       3..... 8163us : __get_user_pages <-get_user_pages_remote
     cat-177       3..... 8163us : gup_vma_lookup <-__get_user_pages
     cat-177       3..... 8163us : find_vma <-gup_vma_lookup
     cat-177       3..... 8163us : __rcu_read_lock <-mt_find
     cat-177       3..... 8163us : __rcu_read_unlock <-mt_find
     cat-177       3..... 8164us : check_vma_flags <-__get_user_pages
     cat-177       3..... 8164us : vma_is_secretmem <-check_vma_flags
     cat-177       3..... 8164us : vma_pgtable_walk_begin <-__get_user_pages
     cat-177       3..... 8164us : follow_page_pte <-__get_user_pages
     cat-177       3..... 8164us : pte_offset_map_lock <-follow_page_pte
     cat-177       3..... 8164us : __pte_offset_map <-pte_offset_map_lock
     cat-177       3..... 8164us : __rcu_read_lock <-__pte_offset_map
     cat-177       3..... 8165us : _raw_spin_lock <-pte_offset_map_lock
     cat-177       3...1. 8165us : vm_normal_page <-follow_page_pte
     cat-177       3...1. 8165us : try_grab_folio <-follow_page_pte
     cat-177       3...1. 8165us : folio_mark_accessed <-follow_page_pte
     cat-177       3...1. 8165us : _raw_spin_unlock <-follow_page_pte
     cat-177       3..... 8165us : __rcu_read_unlock <-follow_page_pte
     cat-177       3..... 8166us : vma_pgtable_walk_end <-__get_user_pages
     cat-177       3..... 8166us : up_read <-get_arg_page
     cat-177       3..... 8166us : __check_object_size <-copy_strings.isra.0
     cat-177       3..... 8166us : check_stack_object <-__check_object_size
     cat-177       3..... 8166us : is_vmalloc_addr <-__check_object_size
     cat-177       3..... 8166us : __virt_addr_valid <-__check_object_size
     cat-177       3..... 8167us : __check_object_size <-copy_strings.isra.0
     cat-177       3..... 8167us : check_stack_object <-__check_object_size
     cat-177       3..... 8167us : is_vmalloc_addr <-__check_object_size
     cat-177       3..... 8167us : __virt_addr_valid <-__check_object_size
     cat-177       3..... 8167us : bprm_execve <-do_execveat_common.isra.0
     cat-177       3..... 8168us : mutex_lock_interruptible <-bprm_execve
     cat-177       3..... 8168us : prepare_exec_creds <-bprm_execve
     cat-177       3..... 8168us : prepare_creds <-prepare_exec_creds
     cat-177       3..... 8168us : kmem_cache_alloc_noprof <-prepare_creds
     cat-177       3..... 8168us : security_prepare_creds <-prepare_creds
     cat-177       3..... 8169us : __kmalloc_noprof <-security_prepare_creds
     cat-177       3..... 8169us : hook_cred_prepare <-security_prepare_creds
     cat-177       3..... 8169us : bpf_lsm_cred_prepare <-security_prepare_creds
     cat-177       3..... 8169us : key_put <-prepare_exec_creds
     cat-177       3..... 8170us : key_put <-prepare_exec_creds
     cat-177       3..... 8170us : _raw_spin_lock <-bprm_execve
     cat-177       3...1. 8170us : __rcu_read_lock <-bprm_execve
     cat-177       3...1. 8170us : __rcu_read_unlock <-bprm_execve
     cat-177       3...1. 8170us : _raw_spin_unlock <-bprm_execve
     cat-177       3..... 8171us : sched_mm_cid_before_execve <-bprm_execve
     cat-177       3..... 8171us : sched_mm_cid_exit <-bprm_execve
     cat-177       3..... 8171us : mutex_lock <-sched_mm_cid_exit
     cat-177       3..... 8171us : _raw_spin_lock_irq <-sched_mm_cid_exit
     cat-177       3d..1. 8171us : sched_mm_cid_remove_user <-sched_mm_cid_exit
     cat-177       3d..1. 8171us : mm_update_max_cids <-sched_mm_cid_exit
     cat-177       3d..1. 8172us : _raw_spin_unlock_irq <-sched_mm_cid_exit
     cat-177       3..... 8172us : mutex_unlock <-sched_mm_cid_exit
     cat-177       3..... 8172us : cancel_work_sync <-bprm_execve
     cat-177       3..... 8172us : __cancel_work <-cancel_work_sync
     cat-177       3..... 8172us : try_to_grab_pending <-__cancel_work
     cat-177       3..... 8173us : __flush_work <-cancel_work_sync
     cat-177       3..... 8173us : __rcu_read_lock <-__flush_work
     cat-177       3..... 8173us : __rcu_read_unlock <-__flush_work
     cat-177       3..... 8173us : enable_work <-cancel_work_sync
     cat-177       3..... 8173us : try_to_grab_pending <-enable_work
     cat-177       3..... 8173us : sched_exec <-bprm_execve
     cat-177       3..... 8174us : _raw_spin_lock_irqsave <-sched_exec
     cat-177       3d..1. 8174us : select_task_rq_fair <-sched_exec
     cat-177       3d..1. 8174us : __update_load_avg_blocked_se <-select_task_rq_fair
     cat-177       3d..1. 8174us : sched_balance_find_dst_group <-select_task_rq_fair
     cat-177       3d..1. 8175us : task_h_load <-sched_balance_find_dst_group
     cat-177       3d..1. 8175us : cpu_util <-sched_balance_find_dst_group
     cat-177       3d..1. 8175us : arch_scale_cpu_capacity <-cpu_util
     cat-177       3d..1. 8176us : cpu_util <-sched_balance_find_dst_group
     cat-177       3d..1. 8176us : arch_scale_cpu_capacity <-cpu_util
     cat-177       3d..1. 8176us : cpu_util <-sched_balance_find_dst_group
     cat-177       3d..1. 8176us : arch_scale_cpu_capacity <-cpu_util
     cat-177       3d..1. 8176us : cpu_util <-sched_balance_find_dst_group
     cat-177       3d..1. 8177us : arch_scale_cpu_capacity <-cpu_util
     cat-177       3d..1. 8177us : _raw_spin_unlock_irqrestore <-sched_exec
     cat-177       3..... 8177us : security_bprm_creds_for_exec <-bprm_execve
     cat-177       3..... 8177us : hook_bprm_creds_for_exec <-security_bprm_creds_for_exec
     cat-177       3..... 8177us : bpf_lsm_bprm_creds_for_exec <-security_bprm_creds_for_exec
     cat-177       3..... 8178us : __rcu_read_lock <-bprm_execve
     cat-177       3..... 8178us : task_active_pid_ns <-bprm_execve
     cat-177       3..... 8178us : __task_pid_nr_ns <-bprm_execve
     cat-177       3..... 8178us : __rcu_read_lock <-__task_pid_nr_ns
     cat-177       3..... 8178us : __rcu_read_unlock <-__task_pid_nr_ns
     cat-177       3..... 8179us : __rcu_read_unlock <-bprm_execve
     cat-177       3..... 8179us : kernel_read <-bprm_execve
     cat-177       3..... 8179us : rw_verify_area <-kernel_read
     cat-177       3..... 8179us : security_file_permission <-rw_verify_area
     cat-177       3..... 8179us : bpf_lsm_file_permission <-security_file_permission
     cat-177       3..... 8180us : __kernel_read <-bprm_execve
     cat-177       3..... 8180us : shmem_file_read_iter <-__kernel_read
     cat-177       3..... 8180us : shmem_get_folio_gfp <-shmem_file_read_iter
     cat-177       3..... 8180us : filemap_get_entry <-shmem_get_folio_gfp
     cat-177       3..... 8180us : __rcu_read_lock <-filemap_get_entry
     cat-177       3..... 8181us : __rcu_read_unlock <-filemap_get_entry
     cat-177       3..... 8181us : folio_unlock <-shmem_file_read_iter
     cat-177       3..... 8181us : folio_mark_accessed <-shmem_file_read_iter
     cat-177       3..... 8182us : touch_atime <-shmem_file_read_iter
     cat-177       3..... 8182us : atime_needs_update <-touch_atime
     cat-177       3..... 8182us : make_vfsuid <-atime_needs_update
     cat-177       3..... 8182us : make_vfsgid <-atime_needs_update
     cat-177       3..... 8182us : current_time <-atime_needs_update
     cat-177       3..... 8183us : ktime_get_coarse_real_ts64_mg <-current_time
     cat-177       3..... 8183us : mnt_get_write_access <-touch_atime
     cat-177       3..... 8183us : current_time <-touch_atime
     cat-177       3..... 8183us : ktime_get_coarse_real_ts64_mg <-current_time
     cat-177       3..... 8183us : __mark_inode_dirty <-touch_atime
     cat-177       3..... 8183us : mnt_put_write_access <-touch_atime
     cat-177       3..... 8184us : security_bprm_check <-bprm_execve
     cat-177       3..... 8184us : bpf_lsm_bprm_check_security <-security_bprm_check
     cat-177       3..... 8184us : _raw_read_lock <-bprm_execve
     cat-177       3...1. 8184us : try_module_get <-bprm_execve
     cat-177       3...1. 8184us : _raw_read_unlock <-bprm_execve
     cat-177       3..... 8185us : load_misc_binary <-bprm_execve
     cat-177       3..... 8185us : _raw_read_lock <-load_misc_binary
     cat-177       3...1. 8185us : _raw_read_unlock <-load_misc_binary
     cat-177       3..... 8185us : _raw_read_lock <-bprm_execve
     cat-177       3...1. 8185us : module_put <-bprm_execve
     cat-177       3...1. 8186us : try_module_get <-bprm_execve
     cat-177       3...1. 8186us : _raw_read_unlock <-bprm_execve
     cat-177       3..... 8186us : load_script <-bprm_execve
     cat-177       3..... 8186us : _raw_read_lock <-bprm_execve
     cat-177       3...1. 8186us : module_put <-bprm_execve
     cat-177       3...1. 8186us : try_module_get <-bprm_execve
     cat-177       3...1. 8186us : _raw_read_unlock <-bprm_execve
     cat-177       3..... 8187us : load_elf_binary <-bprm_execve
     cat-177       3..... 8187us : load_elf_phdrs <-load_elf_binary
     cat-177       3..... 8187us : __kmalloc_noprof <-load_elf_phdrs
     cat-177       3..... 8187us : kernel_read <-load_elf_phdrs
     cat-177       3..... 8187us : rw_verify_area <-kernel_read
     cat-177       3..... 8188us : security_file_permission <-rw_verify_area
     cat-177       3..... 8188us : bpf_lsm_file_permission <-security_file_permission
     cat-177       3..... 8188us : __kernel_read <-load_elf_phdrs
     cat-177       3..... 8188us : shmem_file_read_iter <-__kernel_read
     cat-177       3..... 8188us : shmem_get_folio_gfp <-shmem_file_read_iter
     cat-177       3..... 8188us : filemap_get_entry <-shmem_get_folio_gfp
     cat-177       3..... 8189us : __rcu_read_lock <-filemap_get_entry
     cat-177       3..... 8189us : __rcu_read_unlock <-filemap_get_entry
     cat-177       3..... 8189us : folio_unlock <-shmem_file_read_iter
     cat-177       3..... 8189us : touch_atime <-shmem_file_read_iter
     cat-177       3..... 8189us : atime_needs_update <-touch_atime
     cat-177       3..... 8190us : make_vfsuid <-atime_needs_update
     cat-177       3..... 8190us : make_vfsgid <-atime_needs_update
     cat-177       3..... 8190us : current_time <-atime_needs_update
     cat-177       3..... 8190us : ktime_get_coarse_real_ts64_mg <-current_time
     cat-177       3..... 8190us : begin_new_exec <-load_elf_binary
     cat-177       3..... 8191us : mnt_may_suid <-begin_new_exec
     cat-177       3..... 8191us : current_in_userns <-begin_new_exec
     cat-177       3..... 8191us : security_bprm_creds_from_file <-begin_new_exec
     cat-177       3..... 8191us : cap_bprm_creds_from_file <-security_bprm_creds_from_file
     cat-177       3..... 8191us : mnt_may_suid <-cap_bprm_creds_from_file
     cat-177       3..... 8192us : current_in_userns <-cap_bprm_creds_from_file
     cat-177       3..... 8192us : current_in_userns <-cap_bprm_creds_from_file
     cat-177       3..... 8192us : get_vfs_caps_from_disk <-cap_bprm_creds_from_file
     cat-177       3..... 8192us : __vfs_getxattr <-get_vfs_caps_from_disk
     cat-177       3..... 8192us : xattr_resolve_name <-__vfs_getxattr
     cat-177       3..... 8193us : shmem_xattr_handler_get <-__vfs_getxattr
     cat-177       3..... 8193us : xattr_full_name <-shmem_xattr_handler_get
     cat-177       3..... 8193us : simple_xattr_get <-__vfs_getxattr
     cat-177       3..... 8193us : make_kuid <-cap_bprm_creds_from_file
     cat-177       3..... 8193us : map_id_range_down <-make_kuid
     cat-177       3..... 8194us : in_group_p <-cap_bprm_creds_from_file
     cat-177       3..... 8194us : bpf_lsm_bprm_creds_from_file <-security_bprm_creds_from_file
     cat-177       3..... 8194us : unshare_files <-begin_new_exec
     cat-177       3..... 8194us : set_mm_exe_file <-begin_new_exec
     cat-177       3..... 8195us : would_dump <-begin_new_exec
     cat-177       3..... 8195us : inode_permission <-would_dump
     cat-177       3..... 8195us : generic_permission <-inode_permission
     cat-177       3..... 8195us : security_inode_permission <-would_dump
     cat-177       3..... 8195us : bpf_lsm_inode_permission <-security_inode_permission
     cat-177       3..... 8195us : mm_trace_rss_stat <-begin_new_exec
     cat-177       3..... 8196us : exec_mm_release <-begin_new_exec
     cat-177       3..... 8196us : futex_exec_release <-exec_mm_release
     cat-177       3..... 8196us : mutex_lock <-futex_exec_release
     cat-177       3..... 8196us : _raw_spin_lock_irq <-futex_exec_release
     cat-177       3d..1. 8196us : _raw_spin_unlock_irq <-futex_exec_release
     cat-177       3..... 8197us : futex_cleanup <-futex_exec_release
     cat-177       3..... 8197us : mutex_unlock <-exec_mm_release
     cat-177       3..... 8197us : mm_release <-begin_new_exec
     cat-177       3..... 8197us : uprobe_free_utask <-mm_release
     cat-177       3..... 8197us : shstk_free <-mm_release
     cat-177       3..... 8198us : down_write_killable <-begin_new_exec
     cat-177       3..... 8198us : down_read_killable <-begin_new_exec
     cat-177       3..... 8198us : _raw_spin_lock <-begin_new_exec
     cat-177       3...1. 8198us : membarrier_exec_mmap <-begin_new_exec
     cat-177       3d..1. 8198us : mm_init_cid <-begin_new_exec
     cat-177       3d..1. 8199us : mutex_init_generic <-mm_init_cid
     cat-177       3d..1. 8199us : switch_mm_irqs_off <-begin_new_exec
     cat-177       3d..1. 8199us : choose_new_asid <-switch_mm_irqs_off
     cat-177       3d..1. 8199us : switch_ldt <-begin_new_exec
     cat-177       3...1. 8200us : lru_gen_add_mm <-begin_new_exec
     cat-177       3...1. 8200us : get_mem_cgroup_from_mm <-lru_gen_add_mm
     cat-177       3...1. 8200us : __rcu_read_lock <-get_mem_cgroup_from_mm
     cat-177       3...1. 8200us : __rcu_read_unlock <-get_mem_cgroup_from_mm
     cat-177       3...1. 8200us : _raw_spin_lock <-lru_gen_add_mm
     cat-177       3...2. 8201us : _raw_spin_unlock <-begin_new_exec
     cat-177       3...1. 8201us : _raw_spin_unlock <-begin_new_exec
     cat-177       3..... 8201us : up_read <-begin_new_exec
     cat-177       3..... 8201us : mm_update_next_owner <-begin_new_exec
     cat-177       3..... 8201us : mmput <-begin_new_exec
     cat-177       3..... 8201us : uprobe_clear_state <-__mmput
     cat-177       3..... 8202us : mutex_lock <-uprobe_clear_state
     cat-177       3..... 8202us : delayed_uprobe_remove.part.0 <-uprobe_clear_state
     cat-177       3..... 8202us : mutex_unlock <-uprobe_clear_state
     cat-177       3..... 8202us : arch_uprobe_clear_state <-uprobe_clear_state
     cat-177       3..... 8202us : exit_aio <-__mmput
     cat-177       3..... 8203us : exit_mmap <-__mmput
     cat-177       3..... 8203us : down_read <-exit_mmap
     cat-177       3..... 8203us : ldt_arch_exit_mmap <-exit_mmap
     cat-177       3..... 8203us : free_ldt_pgtables <-exit_mmap
     cat-177       3..... 8204us : tlb_gather_mmu_fullmm <-exit_mmap
     cat-177       3..... 8204us : unmap_vmas <-exit_mmap
     cat-177       3..... 8204us : __zap_vma_range <-unmap_vmas
     cat-177       3..... 8204us : pte_offset_map_lock <-__zap_vma_range
     cat-177       3..... 8205us : __pte_offset_map <-pte_offset_map_lock
     cat-177       3..... 8205us : __rcu_read_lock <-__pte_offset_map
     cat-177       3..... 8205us : _raw_spin_lock <-pte_offset_map_lock
     cat-177       3...1. 8205us : flush_tlb_batched_pending <-__zap_vma_range
     cat-177       3...1. 8205us : _raw_spin_unlock <-__zap_vma_range
     cat-177       3..... 8206us : __rcu_read_unlock <-__zap_vma_range
     cat-177       3..... 8206us : __zap_vma_range <-unmap_vmas
     cat-177       3..... 8206us : pte_offset_map_lock <-__zap_vma_range
     cat-177       3..... 8206us : __pte_offset_map <-pte_offset_map_lock
     cat-177       3..... 8206us : __rcu_read_lock <-__pte_offset_map
     cat-177       3..... 8206us : _raw_spin_lock <-pte_offset_map_lock
     cat-177       3...1. 8207us : flush_tlb_batched_pending <-__zap_vma_range
     cat-177       3...1. 8207us : vm_normal_page <-__zap_vma_range
     cat-177       3...1. 8207us : arch_check_zapped_pte <-__zap_vma_range
     cat-177       3...1. 8207us : folio_remove_rmap_ptes <-__zap_vma_range
     cat-177       3...1. 8207us : lruvec_stat_mod_folio <-folio_remove_rmap_ptes
     cat-177       3...1. 8208us : __rcu_read_lock <-lruvec_stat_mod_folio
     cat-177       3...1. 8208us : mod_node_page_state <-lruvec_stat_mod_folio
     cat-177       3...1. 8208us : __mod_memcg_lruvec_state <-lruvec_stat_mod_folio
     cat-177       3...2. 8208us : memcg_state_val_in_pages <-__mod_memcg_lruvec_state
     cat-177       3...2. 8208us : __css_rstat_updated <-__mod_memcg_lruvec_state
     cat-177       3...1. 8208us : __rcu_read_unlock <-folio_remove_rmap_ptes
     cat-177       3...1. 8209us : __tlb_remove_folio_pages <-__zap_vma_range
     cat-177       3...1. 8209us : _raw_spin_unlock <-__zap_vma_range
     cat-177       3..... 8209us : __rcu_read_unlock <-__zap_vma_range
     cat-177       3..... 8209us : __zap_vma_range <-unmap_vmas
     cat-177       3..... 8209us : pte_offset_map_lock <-__zap_vma_range
     cat-177       3..... 8210us : __pte_offset_map <-pte_offset_map_lock
     cat-177       3..... 8210us : __rcu_read_lock <-__pte_offset_map
     cat-177       3..... 8210us : _raw_spin_lock <-pte_offset_map_lock
     cat-177       3...1. 8210us : flush_tlb_batched_pending <-__zap_vma_range
     cat-177       3...1. 8210us : vm_normal_page <-__zap_vma_range
     cat-177       3...1. 8210us : arch_check_zapped_pte <-__zap_vma_range
     cat-177       3...1. 8211us : folio_remove_rmap_ptes <-__zap_vma_range
     cat-177       3...1. 8211us : lruvec_stat_mod_folio <-folio_remove_rmap_ptes
     cat-177       3...1. 8211us : __rcu_read_lock <-lruvec_stat_mod_folio
     cat-177       3...1. 8211us : mod_node_page_state <-lruvec_stat_mod_folio
     cat-177       3...1. 8211us : __mod_memcg_lruvec_state <-lruvec_stat_mod_folio
     cat-177       3...2. 8211us : memcg_state_val_in_pages <-__mod_memcg_lruvec_state
     cat-177       3...2. 8212us : __css_rstat_updated <-__mod_memcg_lruvec_state
     cat-177       3...1. 8212us : __rcu_read_unlock <-folio_remove_rmap_ptes
     cat-177       3...1. 8212us : __tlb_remove_folio_pages <-__zap_vma_range
     cat-177       3...1. 8212us : vm_normal_page <-__zap_vma_range
     cat-177       3...1. 8212us : arch_check_zapped_pte <-__zap_vma_range
     cat-177       3...1. 8212us : folio_remove_rmap_ptes <-__zap_vma_range
     cat-177       3...1. 8213us : lruvec_stat_mod_folio <-folio_remove_rmap_ptes
     cat-177       3...1. 8213us : __rcu_read_lock <-lruvec_stat_mod_folio
     cat-177       3...1. 8213us : mod_node_page_state <-lruvec_stat_mod_folio
     cat-177       3...1. 8213us : __mod_memcg_lruvec_state <-lruvec_stat_mod_folio
     cat-177       3...2. 8213us : memcg_state_val_in_pages <-__mod_memcg_lruvec_state
     cat-177       3...2. 8213us : __css_rstat_updated <-__mod_memcg_lruvec_state
     cat-177       3...1. 8213us : __rcu_read_unlock <-folio_remove_rmap_ptes
     cat-177       3...1. 8214us : __tlb_remove_folio_pages <-__zap_vma_range
     cat-177       3...1. 8214us : vm_normal_page <-__zap_vma_range
     cat-177       3...1. 8214us : arch_check_zapped_pte <-__zap_vma_range
     cat-177       3...1. 8214us : folio_remove_rmap_ptes <-__zap_vma_range
     cat-177       3...1. 8214us : lruvec_stat_mod_folio <-folio_remove_rmap_ptes
     cat-177       3...1. 8214us : __rcu_read_lock <-lruvec_stat_mod_folio
     cat-177       3...1. 8215us : mod_node_page_state <-lruvec_stat_mod_folio
     cat-177       3...1. 8215us : __mod_memcg_lruvec_state <-lruvec_stat_mod_folio
     cat-177       3...2. 8215us : memcg_state_val_in_pages <-__mod_memcg_lruvec_state
     cat-177       3...2. 8215us : __css_rstat_updated <-__mod_memcg_lruvec_state
     cat-177       3...1. 8215us : __rcu_read_unlock <-folio_remove_rmap_ptes
     cat-177       3...1. 8215us : __tlb_remove_folio_pages <-__zap_vma_range
     cat-177       3...1. 8216us : vm_normal_page <-__zap_vma_range
     cat-177       3...1. 8216us : arch_check_zapped_pte <-__zap_vma_range
     cat-177       3...1. 8216us : folio_remove_rmap_ptes <-__zap_vma_range
     cat-177       3...1. 8216us : lruvec_stat_mod_folio <-folio_remove_rmap_ptes
     cat-177       3...1. 8216us : __rcu_read_lock <-lruvec_stat_mod_folio
     cat-177       3...1. 8216us : mod_node_page_state <-lruvec_stat_mod_folio
     cat-177       3...1. 8216us : __mod_memcg_lruvec_state <-lruvec_stat_mod_folio
     cat-177       3...2. 8217us : memcg_state_val_in_pages <-__mod_memcg_lruvec_state
     cat-177       3...2. 8217us : __css_rstat_updated <-__mod_memcg_lruvec_state
     cat-177       3...1. 8217us : __rcu_read_unlock <-folio_remove_rmap_ptes
     cat-177       3...1. 8217us : __tlb_remove_folio_pages <-__zap_vma_range
     cat-177       3...1. 8217us : _raw_spin_unlock <-__zap_vma_range
     cat-177       3..... 8217us : __rcu_read_unlock <-__zap_vma_range
     cat-177       3..... 8218us : __zap_vma_range <-unmap_vmas
     cat-177       3..... 8218us : pte_offset_map_lock <-__zap_vma_range
     cat-177       3..... 8218us : __pte_offset_map <-pte_offset_map_lock
     cat-177       3..... 8218us : __rcu_read_lock <-__pte_offset_map
     cat-177       3..... 8218us : _raw_spin_lock <-pte_offset_map_lock
     cat-177       3...1. 8218us : flush_tlb_batched_pending <-__zap_vma_range
     cat-177       3...1. 8219us : _raw_spin_unlock <-__zap_vma_range
     cat-177       3..... 8219us : __rcu_read_unlock <-__zap_vma_range
     cat-177       3..... 8219us : __zap_vma_range <-unmap_vmas
     cat-177       3..... 8219us : pte_offset_map_lock <-__zap_vma_range
     cat-177       3..... 8219us : __pte_offset_map <-pte_offset_map_lock
     cat-177       3..... 8219us : __rcu_read_lock <-__pte_offset_map
     cat-177       3..... 8220us : _raw_spin_lock <-pte_offset_map_lock
     cat-177       3...1. 8220us : flush_tlb_batched_pending <-__zap_vma_range
     cat-177       3...1. 8220us : _raw_spin_unlock <-__zap_vma_range
     cat-177       3..... 8220us : __rcu_read_unlock <-__zap_vma_range
     cat-177       3..... 8220us : __zap_vma_range <-unmap_vmas
     cat-177       3..... 8221us : pte_offset_map_lock <-__zap_vma_range
     cat-177       3..... 8221us : __pte_offset_map <-pte_offset_map_lock
     cat-177       3..... 8221us : __rcu_read_lock <-__pte_offset_map
     cat-177       3..... 8221us : _raw_spin_lock <-pte_offset_map_lock
     cat-177       3...1. 8221us : flush_tlb_batched_pending <-__zap_vma_range
     cat-177       3...1. 8221us : _raw_spin_unlock <-__zap_vma_range
     cat-177       3..... 8221us : __rcu_read_unlock <-__zap_vma_range
     cat-177       3..... 8222us : __zap_vma_range <-unmap_vmas
     cat-177       3..... 8222us : uprobe_munmap <-__zap_vma_range
     cat-177       3..... 8222us : pte_offset_map_lock <-__zap_vma_range
     cat-177       3..... 8222us : __pte_offset_map <-pte_offset_map_lock
     cat-177       3..... 8222us : __rcu_read_lock <-__pte_offset_map
     cat-177       3..... 8223us : _raw_spin_lock <-pte_offset_map_lock
     cat-177       3...1. 8223us : flush_tlb_batched_pending <-__zap_vma_range
     cat-177       3...1. 8223us : vm_normal_page <-__zap_vma_range
     cat-177       3...1. 8223us : folio_mark_accessed <-__zap_vma_range
     cat-177       3...1. 8223us : arch_check_zapped_pte <-__zap_vma_range
     cat-177       3...1. 8223us : folio_remove_rmap_ptes <-__zap_vma_range
     cat-177       3...1. 8224us : __tlb_remove_folio_pages <-__zap_vma_range
     cat-177       3...1. 8224us : _raw_spin_unlock <-__zap_vma_range
     cat-177       3..... 8224us : __rcu_read_unlock <-__zap_vma_range
     cat-177       3..... 8224us : __zap_vma_range <-unmap_vmas
     cat-177       3..... 8224us : uprobe_munmap <-__zap_vma_range
     cat-177       3..... 8224us : pte_offset_map_lock <-__zap_vma_range
     cat-177       3..... 8225us : __pte_offset_map <-pte_offset_map_lock
     cat-177       3..... 8225us : __rcu_read_lock <-__pte_offset_map
     cat-177       3..... 8225us : _raw_spin_lock <-pte_offset_map_lock
     cat-177       3...1. 8225us : flush_tlb_batched_pending <-__zap_vma_range
     cat-177       3...1. 8225us : vm_normal_page <-__zap_vma_range
     cat-177       3...1. 8225us : folio_mark_accessed <-__zap_vma_range
     cat-177       3...1. 8226us : arch_check_zapped_pte <-__zap_vma_range
     cat-177       3...1. 8226us : folio_remove_rmap_ptes <-__zap_vma_range
     cat-177       3...1. 8226us : __tlb_remove_folio_pages <-__zap_vma_range
     cat-177       3...1. 8226us : tlb_next_batch <-__tlb_remove_folio_pages
     cat-177       3...1. 8226us : get_free_pages_noprof <-tlb_next_batch
     cat-177       3...1. 8226us : alloc_pages_noprof <-get_free_pages_noprof
     cat-177       3...1. 8227us : alloc_pages_mpol <-alloc_pages_noprof
     cat-177       3...1. 8227us : policy_nodemask <-alloc_pages_mpol
     cat-177       3...1. 8227us : __alloc_frozen_pages_noprof <-alloc_pages_mpol
     cat-177       3...1. 8227us : get_page_from_freelist <-__alloc_frozen_pages_noprof
     cat-177       3...2. 8227us : _raw_spin_trylock <-get_page_from_freelist
     cat-177       3...3. 8227us : _raw_spin_unlock <-get_page_from_freelist
     cat-177       3...1. 8228us : kernel_init_pages <-get_page_from_freelist
     cat-177       3...1. 8228us : vm_normal_page <-__zap_vma_range
     cat-177       3...1. 8228us : folio_mark_accessed <-__zap_vma_range
     cat-177       3...1. 8228us : arch_check_zapped_pte <-__zap_vma_range
     cat-177       3...1. 8228us : folio_remove_rmap_ptes <-__zap_vma_range
     cat-177       3...1. 8229us : __tlb_remove_folio_pages <-__zap_vma_range
     cat-177       3...1. 8229us : vm_normal_page <-__zap_vma_range
     cat-177       3...1. 8229us : folio_mark_accessed <-__zap_vma_range
     cat-177       3...1. 8229us : arch_check_zapped_pte <-__zap_vma_range
     cat-177       3...1. 8229us : folio_remove_rmap_ptes <-__zap_vma_range
     cat-177       3...1. 8229us : __tlb_remove_folio_pages <-__zap_vma_range
     cat-177       3...1. 8230us : vm_normal_page <-__zap_vma_range
     cat-177       3...1. 8230us : folio_mark_accessed <-__zap_vma_range
     cat-177       3...1. 8230us : arch_check_zapped_pte <-__zap_vma_range
     cat-177       3...1. 8230us : folio_remove_rmap_ptes <-__zap_vma_range
     cat-177       3...1. 8230us : __tlb_remove_folio_pages <-__zap_vma_range
     cat-177       3...1. 8230us : vm_normal_page <-__zap_vma_range
     cat-177       3...1. 8231us : folio_mark_accessed <-__zap_vma_range
     cat-177       3...1. 8231us : arch_check_zapped_pte <-__zap_vma_range
     cat-177       3...1. 8231us : folio_remove_rmap_ptes <-__zap_vma_range
     cat-177       3...1. 8231us : __tlb_remove_folio_pages <-__zap_vma_range
     cat-177       3...1. 8231us : vm_normal_page <-__zap_vma_range
     cat-177       3...1. 8231us : folio_mark_accessed <-__zap_vma_range
     cat-177       3...1. 8231us : arch_check_zapped_pte <-__zap_vma_range
     cat-177       3...1. 8232us : folio_remove_rmap_ptes <-__zap_vma_range
     cat-177       3...1. 8232us : __tlb_remove_folio_pages <-__zap_vma_range
     cat-177       3...1. 8232us : vm_normal_page <-__zap_vma_range
     cat-177       3...1. 8232us : folio_mark_accessed <-__zap_vma_range
     cat-177       3...1. 8232us : arch_check_zapped_pte <-__zap_vma_range
     cat-177       3...1. 8232us : folio_remove_rmap_ptes <-__zap_vma_range
     cat-177       3...1. 8233us : __tlb_remove_folio_pages <-__zap_vma_range
     cat-177       3...1. 8233us : vm_normal_page <-__zap_vma_range
     cat-177       3...1. 8233us : folio_mark_accessed <-__zap_vma_range
     cat-177       3...1. 8233us : arch_check_zapped_pte <-__zap_vma_range
     cat-177       3...1. 8233us : folio_remove_rmap_ptes <-__zap_vma_range
     cat-177       3...1. 8233us : __tlb_remove_folio_pages <-__zap_vma_range
     cat-177       3...1. 8234us : vm_normal_page <-__zap_vma_range
     cat-177       3...1. 8234us : folio_mark_accessed <-__zap_vma_range
     cat-177       3...1. 8234us : arch_check_zapped_pte <-__zap_vma_range
     cat-177       3...1. 8234us : folio_remove_rmap_ptes <-__zap_vma_range
     cat-177       3...1. 8234us : __tlb_remove_folio_pages <-__zap_vma_range
     cat-177       3...1. 8234us : vm_normal_page <-__zap_vma_range
     cat-177       3...1. 8235us : folio_mark_accessed <-__zap_vma_range
     cat-177       3...1. 8235us : arch_check_zapped_pte <-__zap_vma_range
     cat-177       3...1. 8235us : folio_remove_rmap_ptes <-__zap_vma_range
     cat-177       3...1. 8235us : __tlb_remove_folio_pages <-__zap_vma_range
     cat-177       3...1. 8235us : vm_normal_page <-__zap_vma_range
     cat-177       3...1. 8235us : folio_mark_accessed <-__zap_vma_range
     cat-177       3...1. 8236us : arch_check_zapped_pte <-__zap_vma_range
     cat-177       3...1. 8236us : folio_remove_rmap_ptes <-__zap_vma_range
     cat-177       3...1. 8236us : __tlb_remove_folio_pages <-__zap_vma_range
     cat-177       3...1. 8236us : vm_normal_page <-__zap_vma_range
     cat-177       3...1. 8236us : folio_mark_accessed <-__zap_vma_range
     cat-177       3...1. 8236us : arch_check_zapped_pte <-__zap_vma_range
     cat-177       3...1. 8237us : folio_remove_rmap_ptes <-__zap_vma_range
     cat-177       3...1. 8237us : __tlb_remove_folio_pages <-__zap_vma_range
     cat-177       3...1. 8237us : vm_normal_page <-__zap_vma_range
     cat-177       3...1. 8237us : folio_mark_accessed <-__zap_vma_range
     cat-177       3...1. 8237us : arch_check_zapped_pte <-__zap_vma_range
     cat-177       3...1. 8237us : folio_remove_rmap_ptes <-__zap_vma_range
     cat-177       3...1. 8237us : __tlb_remove_folio_pages <-__zap_vma_range
     cat-177       3...1. 8238us : vm_normal_page <-__zap_vma_range
     cat-177       3...1. 8238us : folio_mark_accessed <-__zap_vma_range
     cat-177       3...1. 8238us : arch_check_zapped_pte <-__zap_vma_range
     cat-177       3...1. 8238us : folio_remove_rmap_ptes <-__zap_vma_range
     cat-177       3...1. 8238us : __tlb_remove_folio_pages <-__zap_vma_range
     cat-177       3...1. 8238us : vm_normal_page <-__zap_vma_range
     cat-177       3...1. 8239us : folio_mark_accessed <-__zap_vma_range
     cat-177       3...1. 8239us : arch_check_zapped_pte <-__zap_vma_range
     cat-177       3...1. 8239us : folio_remove_rmap_ptes <-__zap_vma_range
     cat-177       3...1. 8239us : __tlb_remove_folio_pages <-__zap_vma_range
     cat-177       3...1. 8239us : vm_normal_page <-__zap_vma_range
     cat-177       3...1. 8239us : folio_mark_accessed <-__zap_vma_range
     cat-177       3...1. 8240us : arch_check_zapped_pte <-__zap_vma_range
     cat-177       3...1. 8240us : folio_remove_rmap_ptes <-__zap_vma_range
     cat-177       3...1. 8240us : __tlb_remove_folio_pages <-__zap_vma_range
     cat-177       3...1. 8240us : vm_normal_page <-__zap_vma_range
     cat-177       3...1. 8240us : folio_mark_accessed <-__zap_vma_range
     cat-177       3...1. 8240us : arch_check_zapped_pte <-__zap_vma_range
     cat-177       3...1. 8240us : folio_remove_rmap_ptes <-__zap_vma_range
     cat-177       3...1. 8241us : __tlb_remove_folio_pages <-__zap_vma_range
     cat-177       3...1. 8241us : vm_normal_page <-__zap_vma_range
     cat-177       3...1. 8241us : folio_mark_accessed <-__zap_vma_range
     cat-177       3...1. 8241us : arch_check_zapped_pte <-__zap_vma_range
     cat-177       3...1. 8241us : folio_remove_rmap_ptes <-__zap_vma_range
     cat-177       3...1. 8241us : __tlb_remove_folio_pages <-__zap_vma_range
     cat-177       3...1. 8242us : vm_normal_page <-__zap_vma_range
     cat-177       3...1. 8242us : folio_mark_accessed <-__zap_vma_range
     cat-177       3...1. 8242us : arch_check_zapped_pte <-__zap_vma_range
     cat-177       3...1. 8242us : folio_remove_rmap_ptes <-__zap_vma_range
     cat-177       3...1. 8242us : __tlb_remove_folio_pages <-__zap_vma_range
     cat-177       3...1. 8242us : vm_normal_page <-__zap_vma_range
     cat-177       3...1. 8243us : folio_mark_accessed <-__zap_vma_range
     cat-177       3...1. 8243us : arch_check_zapped_pte <-__zap_vma_range
     cat-177       3...1. 8243us : folio_remove_rmap_ptes <-__zap_vma_range
     cat-177       3...1. 8243us : __tlb_remove_folio_pages <-__zap_vma_range
     cat-177       3...1. 8243us : vm_normal_page <-__zap_vma_range
     cat-177       3...1. 8243us : folio_mark_accessed <-__zap_vma_range
     cat-177       3...1. 8243us : arch_check_zapped_pte <-__zap_vma_range
     cat-177       3...1. 8244us : folio_remove_rmap_ptes <-__zap_vma_range
     cat-177       3...1. 8244us : __tlb_remove_folio_pages <-__zap_vma_range
     cat-177       3...1. 8244us : vm_normal_page <-__zap_vma_range
     cat-177       3...1. 8244us : folio_mark_accessed <-__zap_vma_range
     cat-177       3...1. 8244us : arch_check_zapped_pte <-__zap_vma_range
     cat-177       3...1. 8244us : folio_remove_rmap_ptes <-__zap_vma_range
     cat-177       3...1. 8245us : __tlb_remove_folio_pages <-__zap_vma_range
     cat-177       3...1. 8245us : vm_normal_page <-__zap_vma_range
     cat-177       3...1. 8245us : folio_mark_accessed <-__zap_vma_range
     cat-177       3...1. 8245us : arch_check_zapped_pte <-__zap_vma_range
     cat-177       3...1. 8245us : folio_remove_rmap_ptes <-__zap_vma_range
     cat-177       3...1. 8245us : __tlb_remove_folio_pages <-__zap_vma_range
     cat-177       3...1. 8246us : vm_normal_page <-__zap_vma_range
     cat-177       3...1. 8246us : folio_mark_accessed <-__zap_vma_range
     cat-177       3...1. 8246us : arch_check_zapped_pte <-__zap_vma_range
     cat-177       3...1. 8246us : folio_remove_rmap_ptes <-__zap_vma_range
     cat-177       3...1. 8246us : __tlb_remove_folio_pages <-__zap_vma_range
     cat-177       3...1. 8246us : vm_normal_page <-__zap_vma_range
     cat-177       3...1. 8246us : folio_mark_accessed <-__zap_vma_range
     cat-177       3...1. 8247us : arch_check_zapped_pte <-__zap_vma_range
     cat-177       3...1. 8247us : folio_remove_rmap_ptes <-__zap_vma_range
     cat-177       3...1. 8247us : __tlb_remove_folio_pages <-__zap_vma_range
     cat-177       3...1. 8247us : vm_normal_page <-__zap_vma_range
     cat-177       3...1. 8247us : folio_mark_accessed <-__zap_vma_range
     cat-177       3...1. 8247us : arch_check_zapped_pte <-__zap_vma_range
     cat-177       3...1. 8248us : folio_remove_rmap_ptes <-__zap_vma_range
     cat-177       3...1. 8248us : __tlb_remove_folio_pages <-__zap_vma_range
     cat-177       3...1. 8248us : vm_normal_page <-__zap_vma_range
     cat-177       3...1. 8248us : folio_mark_accessed <-__zap_vma_range
     cat-177       3...1. 8248us : arch_check_zapped_pte <-__zap_vma_range
     cat-177       3...1. 8248us : folio_remove_rmap_ptes <-__zap_vma_range
     cat-177       3...1. 8249us : __tlb_remove_folio_pages <-__zap_vma_range
     cat-177       3...1. 8249us : vm_normal_page <-__zap_vma_range
     cat-177       3...1. 8249us : folio_mark_accessed <-__zap_vma_range
     cat-177       3...1. 8249us : arch_check_zapped_pte <-__zap_vma_range
     cat-177       3...1. 8249us : folio_remove_rmap_ptes <-__zap_vma_range
     cat-177       3...1. 8249us : __tlb_remove_folio_pages <-__zap_vma_range
     cat-177       3...1. 8249us : vm_normal_page <-__zap_vma_range
     cat-177       3...1. 8250us : folio_mark_accessed <-__zap_vma_range
     cat-177       3...1. 8250us : arch_check_zapped_pte <-__zap_vma_range
     cat-177       3...1. 8250us : folio_remove_rmap_ptes <-__zap_vma_range
     cat-177       3...1. 8250us : __tlb_remove_folio_pages <-__zap_vma_range
     cat-177       3...1. 8250us : vm_normal_page <-__zap_vma_range
     cat-177       3...1. 8250us : folio_mark_accessed <-__zap_vma_range
     cat-177       3...1. 8251us : arch_check_zapped_pte <-__zap_vma_range
     cat-177       3...1. 8251us : folio_remove_rmap_ptes <-__zap_vma_range
     cat-177       3...1. 8251us : __tlb_remove_folio_pages <-__zap_vma_range
     cat-177       3...1. 8251us : vm_normal_page <-__zap_vma_range
     cat-177       3...1. 8251us : folio_mark_accessed <-__zap_vma_range
     cat-177       3...1. 8251us : arch_check_zapped_pte <-__zap_vma_range
     cat-177       3...1. 8252us : folio_remove_rmap_ptes <-__zap_vma_range
     cat-177       3...1. 8252us : lruvec_stat_mod_folio <-folio_remove_rmap_ptes
     cat-177       3...1. 8252us : __rcu_read_lock <-lruvec_stat_mod_folio
     cat-177       3...1. 8252us : mod_node_page_state <-lruvec_stat_mod_folio
     cat-177       3...1. 8252us : __mod_memcg_lruvec_state <-lruvec_stat_mod_folio
     cat-177       3...2. 8252us : memcg_state_val_in_pages <-__mod_memcg_lruvec_state
     cat-177       3...2. 8253us : __css_rstat_updated <-__mod_memcg_lruvec_state
     cat-177       3...1. 8253us : __rcu_read_unlock <-folio_remove_rmap_ptes
     cat-177       3...1. 8253us : __tlb_remove_folio_pages <-__zap_vma_range
     cat-177       3...1. 8253us : vm_normal_page <-__zap_vma_range
     cat-177       3...1. 8253us : folio_mark_accessed <-__zap_vma_range
     cat-177       3...1. 8253us : arch_check_zapped_pte <-__zap_vma_range
     cat-177       3...1. 8254us : folio_remove_rmap_ptes <-__zap_vma_range
     cat-177       3...1. 8254us : lruvec_stat_mod_folio <-folio_remove_rmap_ptes
     cat-177       3...1. 8254us : __rcu_read_lock <-lruvec_stat_mod_folio
     cat-177       3...1. 8254us : mod_node_page_state <-lruvec_stat_mod_folio
     cat-177       3...1. 8254us : __mod_memcg_lruvec_state <-lruvec_stat_mod_folio
     cat-177       3...2. 8254us : memcg_state_val_in_pages <-__mod_memcg_lruvec_state
     cat-177       3...2. 8254us : __css_rstat_updated <-__mod_memcg_lruvec_state
     cat-177       3...1. 8255us : __rcu_read_unlock <-folio_remove_rmap_ptes
     cat-177       3...1. 8255us : __tlb_remove_folio_pages <-__zap_vma_range
     cat-177       3...1. 8255us : vm_normal_page <-__zap_vma_range
     cat-177       3...1. 8255us : folio_mark_accessed <-__zap_vma_range
     cat-177       3...1. 8255us : arch_check_zapped_pte <-__zap_vma_range
     cat-177       3...1. 8255us : folio_remove_rmap_ptes <-__zap_vma_range
     cat-177       3...1. 8256us : lruvec_stat_mod_folio <-folio_remove_rmap_ptes
     cat-177       3...1. 8256us : __rcu_read_lock <-lruvec_stat_mod_folio
     cat-177       3...1. 8256us : mod_node_page_state <-lruvec_stat_mod_folio
     cat-177       3...1. 8256us : __mod_memcg_lruvec_state <-lruvec_stat_mod_folio
     cat-177       3...2. 8256us : memcg_state_val_in_pages <-__mod_memcg_lruvec_state
     cat-177       3...2. 8256us : __css_rstat_updated <-__mod_memcg_lruvec_state
     cat-177       3...1. 8257us : __rcu_read_unlock <-folio_remove_rmap_ptes
     cat-177       3...1. 8257us : __tlb_remove_folio_pages <-__zap_vma_range
     cat-177       3...1. 8257us : vm_normal_page <-__zap_vma_range
     cat-177       3...1. 8257us : folio_mark_accessed <-__zap_vma_range
     cat-177       3...1. 8257us : arch_check_zapped_pte <-__zap_vma_range
     cat-177       3...1. 8257us : folio_remove_rmap_ptes <-__zap_vma_range
     cat-177       3...1. 8258us : lruvec_stat_mod_folio <-folio_remove_rmap_ptes
     cat-177       3...1. 8258us : __rcu_read_lock <-lruvec_stat_mod_folio
     cat-177       3...1. 8258us : mod_node_page_state <-lruvec_stat_mod_folio
     cat-177       3...1. 8258us : __mod_memcg_lruvec_state <-lruvec_stat_mod_folio
     cat-177       3...2. 8258us : memcg_state_val_in_pages <-__mod_memcg_lruvec_state
     cat-177       3...2. 8258us : __css_rstat_updated <-__mod_memcg_lruvec_state
     cat-177       3...1. 8259us : __rcu_read_unlock <-folio_remove_rmap_ptes
     cat-177       3...1. 8259us : __tlb_remove_folio_pages <-__zap_vma_range
     cat-177       3...1. 8259us : vm_normal_page <-__zap_vma_range
     cat-177       3...1. 8259us : folio_mark_accessed <-__zap_vma_range
     cat-177       3...1. 8259us : arch_check_zapped_pte <-__zap_vma_range
     cat-177       3...1. 8259us : folio_remove_rmap_ptes <-__zap_vma_range
     cat-177       3...1. 8259us : lruvec_stat_mod_folio <-folio_remove_rmap_ptes
     cat-177       3...1. 8260us : __rcu_read_lock <-lruvec_stat_mod_folio
     cat-177       3...1. 8260us : mod_node_page_state <-lruvec_stat_mod_folio
     cat-177       3...1. 8260us : __mod_memcg_lruvec_state <-lruvec_stat_mod_folio
     cat-177       3...2. 8260us : memcg_state_val_in_pages <-__mod_memcg_lruvec_state
     cat-177       3...2. 8260us : __css_rstat_updated <-__mod_memcg_lruvec_state
     cat-177       3...1. 8260us : __rcu_read_unlock <-folio_remove_rmap_ptes
     cat-177       3...1. 8261us : __tlb_remove_folio_pages <-__zap_vma_range
     cat-177       3...1. 8261us : vm_normal_page <-__zap_vma_range
     cat-177       3...1. 8261us : folio_mark_accessed <-__zap_vma_range
     cat-177       3...1. 8261us : arch_check_zapped_pte <-__zap_vma_range
     cat-177       3...1. 8261us : folio_remove_rmap_ptes <-__zap_vma_range
     cat-177       3...1. 8261us : __tlb_remove_folio_pages <-__zap_vma_range
     cat-177       3...1. 8262us : vm_normal_page <-__zap_vma_range
     cat-177       3...1. 8262us : folio_mark_accessed <-__zap_vma_range
     cat-177       3...1. 8262us : arch_check_zapped_pte <-__zap_vma_range
     cat-177       3...1. 8262us : folio_remove_rmap_ptes <-__zap_vma_range
     cat-177       3...1. 8262us : __tlb_remove_folio_pages <-__zap_vma_range
     cat-177       3...1. 8262us : vm_normal_page <-__zap_vma_range
     cat-177       3...1. 8262us : folio_mark_accessed <-__zap_vma_range
     cat-177       3...1. 8263us : arch_check_zapped_pte <-__zap_vma_range
     cat-177       3...1. 8263us : folio_remove_rmap_ptes <-__zap_vma_range
     cat-177       3...1. 8263us : __tlb_remove_folio_pages <-__zap_vma_range
     cat-177       3...1. 8263us : vm_normal_page <-__zap_vma_range
     cat-177       3...1. 8263us : folio_mark_accessed <-__zap_vma_range
     cat-177       3...1. 8263us : arch_check_zapped_pte <-__zap_vma_range
     cat-177       3...1. 8264us : folio_remove_rmap_ptes <-__zap_vma_range
     cat-177       3...1. 8264us : __tlb_remove_folio_pages <-__zap_vma_range
     cat-177       3...1. 8264us : vm_normal_page <-__zap_vma_range
     cat-177       3...1. 8264us : folio_mark_accessed <-__zap_vma_range
     cat-177       3...1. 8264us : arch_check_zapped_pte <-__zap_vma_range
     cat-177       3...1. 8264us : folio_remove_rmap_ptes <-__zap_vma_range
     cat-177       3...1. 8265us : __tlb_remove_folio_pages <-__zap_vma_range
     cat-177       3...1. 8265us : vm_normal_page <-__zap_vma_range
     cat-177       3...1. 8265us : folio_mark_accessed <-__zap_vma_range
     cat-177       3...1. 8265us : arch_check_zapped_pte <-__zap_vma_range
     cat-177       3...1. 8265us : folio_remove_rmap_ptes <-__zap_vma_range
     cat-177       3...1. 8265us : __tlb_remove_folio_pages <-__zap_vma_range
     cat-177       3...1. 8265us : vm_normal_page <-__zap_vma_range
     cat-177       3...1. 8266us : folio_mark_accessed <-__zap_vma_range
     cat-177       3...1. 8266us : arch_check_zapped_pte <-__zap_vma_range
     cat-177       3...1. 8266us : folio_remove_rmap_ptes <-__zap_vma_range
     cat-177       3...1. 8266us : __tlb_remove_folio_pages <-__zap_vma_range
     cat-177       3...1. 8266us : vm_normal_page <-__zap_vma_range
     cat-177       3...1. 8266us : folio_mark_accessed <-__zap_vma_range
     cat-177       3...1. 8267us : arch_check_zapped_pte <-__zap_vma_range
     cat-177       3...1. 8267us : folio_remove_rmap_ptes <-__zap_vma_range
     cat-177       3...1. 8267us : __tlb_remove_folio_pages <-__zap_vma_range
     cat-177       3...1. 8267us : vm_normal_page <-__zap_vma_range
     cat-177       3...1. 8267us : folio_mark_accessed <-__zap_vma_range
     cat-177       3...1. 8267us : arch_check_zapped_pte <-__zap_vma_range
     cat-177       3...1. 8268us : folio_remove_rmap_ptes <-__zap_vma_range
     cat-177       3...1. 8268us : __tlb_remove_folio_pages <-__zap_vma_range
     cat-177       3...1. 8268us : vm_normal_page <-__zap_vma_range
     cat-177       3...1. 8268us : folio_mark_accessed <-__zap_vma_range
     cat-177       3...1. 8268us : arch_check_zapped_pte <-__zap_vma_range
     cat-177       3...1. 8268us : folio_remove_rmap_ptes <-__zap_vma_range
     cat-177       3...1. 8268us : __tlb_remove_folio_pages <-__zap_vma_range
     cat-177       3...1. 8269us : vm_normal_page <-__zap_vma_range
     cat-177       3...1. 8269us : folio_mark_accessed <-__zap_vma_range
     cat-177       3...1. 8269us : arch_check_zapped_pte <-__zap_vma_range
     cat-177       3...1. 8269us : folio_remove_rmap_ptes <-__zap_vma_range
     cat-177       3...1. 8269us : __tlb_remove_folio_pages <-__zap_vma_range
     cat-177       3...1. 8269us : vm_normal_page <-__zap_vma_range
     cat-177       3...1. 8270us : folio_mark_accessed <-__zap_vma_range
     cat-177       3...1. 8270us : arch_check_zapped_pte <-__zap_vma_range
     cat-177       3...1. 8270us : folio_remove_rmap_ptes <-__zap_vma_range
     cat-177       3...1. 8270us : __tlb_remove_folio_pages <-__zap_vma_range
     cat-177       3...1. 8270us : vm_normal_page <-__zap_vma_range
     cat-177       3...1. 8270us : folio_mark_accessed <-__zap_vma_range
     cat-177       3...1. 8271us : arch_check_zapped_pte <-__zap_vma_range
     cat-177       3...1. 8271us : folio_remove_rmap_ptes <-__zap_vma_range
     cat-177       3...1. 8271us : __tlb_remove_folio_pages <-__zap_vma_range
     cat-177       3...1. 8271us : vm_normal_page <-__zap_vma_range
     cat-177       3...1. 8271us : folio_mark_accessed <-__zap_vma_range
     cat-177       3...1. 8271us : arch_check_zapped_pte <-__zap_vma_range
     cat-177       3...1. 8271us : folio_remove_rmap_ptes <-__zap_vma_range
     cat-177       3...1. 8272us : __tlb_remove_folio_pages <-__zap_vma_range
     cat-177       3...1. 8272us : vm_normal_page <-__zap_vma_range
     cat-177       3...1. 8272us : folio_mark_accessed <-__zap_vma_range
     cat-177       3...1. 8272us : arch_check_zapped_pte <-__zap_vma_range
     cat-177       3...1. 8272us : folio_remove_rmap_ptes <-__zap_vma_range
     cat-177       3...1. 8272us : __tlb_remove_folio_pages <-__zap_vma_range
     cat-177       3...1. 8273us : vm_normal_page <-__zap_vma_range
     cat-177       3...1. 8273us : folio_mark_accessed <-__zap_vma_range
     cat-177       3...1. 8273us : arch_check_zapped_pte <-__zap_vma_range
     cat-177       3...1. 8273us : folio_remove_rmap_ptes <-__zap_vma_range
     cat-177       3...1. 8273us : __tlb_remove_folio_pages <-__zap_vma_range
     cat-177       3...1. 8273us : vm_normal_page <-__zap_vma_range
     cat-177       3...1. 8274us : folio_mark_accessed <-__zap_vma_range
     cat-177       3...1. 8274us : arch_check_zapped_pte <-__zap_vma_range
     cat-177       3...1. 8274us : folio_remove_rmap_ptes <-__zap_vma_range
     cat-177       3...1. 8274us : __tlb_remove_folio_pages <-__zap_vma_range
     cat-177       3...1. 8274us : vm_normal_page <-__zap_vma_range
     cat-177       3...1. 8274us : folio_mark_accessed <-__zap_vma_range
     cat-177       3...1. 8274us : arch_check_zapped_pte <-__zap_vma_range
     cat-177       3...1. 8275us : folio_remove_rmap_ptes <-__zap_vma_range
     cat-177       3...1. 8275us : __tlb_remove_folio_pages <-__zap_vma_range
     cat-177       3...1. 8275us : vm_normal_page <-__zap_vma_range
     cat-177       3...1. 8275us : folio_mark_accessed <-__zap_vma_range
     cat-177       3...1. 8275us : arch_check_zapped_pte <-__zap_vma_range
     cat-177       3...1. 8275us : folio_remove_rmap_ptes <-__zap_vma_range
     cat-177       3...1. 8276us : __tlb_remove_folio_pages <-__zap_vma_range
     cat-177       3...1. 8276us : vm_normal_page <-__zap_vma_range
     cat-177       3...1. 8276us : folio_mark_accessed <-__zap_vma_range
     cat-177       3...1. 8276us : arch_check_zapped_pte <-__zap_vma_range
     cat-177       3...1. 8276us : folio_remove_rmap_ptes <-__zap_vma_range
     cat-177       3...1. 8276us : __tlb_remove_folio_pages <-__zap_vma_range
     cat-177       3...1. 8277us : vm_normal_page <-__zap_vma_range
     cat-177       3...1. 8277us : folio_mark_accessed <-__zap_vma_range
     cat-177       3...1. 8277us : arch_check_zapped_pte <-__zap_vma_range
     cat-177       3...1. 8277us : folio_remove_rmap_ptes <-__zap_vma_range
     cat-177       3...1. 8277us : __tlb_remove_folio_pages <-__zap_vma_range
     cat-177       3...1. 8277us : vm_normal_page <-__zap_vma_range
     cat-177       3...1. 8277us : folio_mark_accessed <-__zap_vma_range
     cat-177       3...1. 8278us : arch_check_zapped_pte <-__zap_vma_range
     cat-177       3...1. 8278us : folio_remove_rmap_ptes <-__zap_vma_range
     cat-177       3...1. 8278us : __tlb_remove_folio_pages <-__zap_vma_range
     cat-177       3...1. 8278us : vm_normal_page <-__zap_vma_range
     cat-177       3...1. 8278us : folio_mark_accessed <-__zap_vma_range
     cat-177       3...1. 8278us : arch_check_zapped_pte <-__zap_vma_range
     cat-177       3...1. 8279us : folio_remove_rmap_ptes <-__zap_vma_range
     cat-177       3...1. 8279us : __tlb_remove_folio_pages <-__zap_vma_range
     cat-177       3...1. 8279us : vm_normal_page <-__zap_vma_range
     cat-177       3...1. 8279us : folio_mark_accessed <-__zap_vma_range
     cat-177       3...1. 8279us : arch_check_zapped_pte <-__zap_vma_range
     cat-177       3...1. 8279us : folio_remove_rmap_ptes <-__zap_vma_range
     cat-177       3...1. 8280us : __tlb_remove_folio_pages <-__zap_vma_range
     cat-177       3...1. 8280us : vm_normal_page <-__zap_vma_range
     cat-177       3...1. 8280us : folio_mark_accessed <-__zap_vma_range
     cat-177       3...1. 8280us : arch_check_zapped_pte <-__zap_vma_range
     cat-177       3...1. 8280us : folio_remove_rmap_ptes <-__zap_vma_range
     cat-177       3...1. 8280us : __tlb_remove_folio_pages <-__zap_vma_range
     cat-177       3...1. 8281us : vm_normal_page <-__zap_vma_range
     cat-177       3...1. 8281us : folio_mark_accessed <-__zap_vma_range
     cat-177       3...1. 8281us : arch_check_zapped_pte <-__zap_vma_range
     cat-177       3...1. 8281us : folio_remove_rmap_ptes <-__zap_vma_range
     cat-177       3...1. 8281us : __tlb_remove_folio_pages <-__zap_vma_range
     cat-177       3...1. 8281us : vm_normal_page <-__zap_vma_range
     cat-177       3...1. 8282us : folio_mark_accessed <-__zap_vma_range
     cat-177       3...1. 8282us : arch_check_zapped_pte <-__zap_vma_range
     cat-177       3...1. 8282us : folio_remove_rmap_ptes <-__zap_vma_range
     cat-177       3...1. 8282us : __tlb_remove_folio_pages <-__zap_vma_range
     cat-177       3...1. 8282us : vm_normal_page <-__zap_vma_range
     cat-177       3...1. 8282us : folio_mark_accessed <-__zap_vma_range
     cat-177       3...1. 8283us : arch_check_zapped_pte <-__zap_vma_range
     cat-177       3...1. 8283us : folio_remove_rmap_ptes <-__zap_vma_range
     cat-177       3...1. 8283us : lruvec_stat_mod_folio <-folio_remove_rmap_ptes
     cat-177       3...1. 8283us : __rcu_read_lock <-lruvec_stat_mod_folio
     cat-177       3...1. 8283us : mod_node_page_state <-lruvec_stat_mod_folio
     cat-177       3...1. 8283us : __mod_memcg_lruvec_state <-lruvec_stat_mod_folio
     cat-177       3...2. 8283us : memcg_state_val_in_pages <-__mod_memcg_lruvec_state
     cat-177       3...2. 8284us : __css_rstat_updated <-__mod_memcg_lruvec_state
     cat-177       3...1. 8284us : __rcu_read_unlock <-folio_remove_rmap_ptes
     cat-177       3...1. 8284us : __tlb_remove_folio_pages <-__zap_vma_range
     cat-177       3...1. 8284us : vm_normal_page <-__zap_vma_range
     cat-177       3...1. 8284us : folio_mark_accessed <-__zap_vma_range
     cat-177       3...1. 8284us : arch_check_zapped_pte <-__zap_vma_range
     cat-177       3...1. 8285us : folio_remove_rmap_ptes <-__zap_vma_range
     cat-177       3...1. 8285us : lruvec_stat_mod_folio <-folio_remove_rmap_ptes
     cat-177       3...1. 8285us : __rcu_read_lock <-lruvec_stat_mod_folio
     cat-177       3...1. 8285us : mod_node_page_state <-lruvec_stat_mod_folio
     cat-177       3...1. 8285us : __mod_memcg_lruvec_state <-lruvec_stat_mod_folio
     cat-177       3...2. 8285us : memcg_state_val_in_pages <-__mod_memcg_lruvec_state
     cat-177       3...2. 8286us : __css_rstat_updated <-__mod_memcg_lruvec_state
     cat-177       3...1. 8286us : __rcu_read_unlock <-folio_remove_rmap_ptes
     cat-177       3...1. 8286us : __tlb_remove_folio_pages <-__zap_vma_range
     cat-177       3...1. 8286us : vm_normal_page <-__zap_vma_range
     cat-177       3...1. 8286us : folio_mark_accessed <-__zap_vma_range
     cat-177       3...1. 8286us : arch_check_zapped_pte <-__zap_vma_range
     cat-177       3...1. 8286us : folio_remove_rmap_ptes <-__zap_vma_range
     cat-177       3...1. 8287us : lruvec_stat_mod_folio <-folio_remove_rmap_ptes
     cat-177       3...1. 8287us : __rcu_read_lock <-lruvec_stat_mod_folio
     cat-177       3...1. 8287us : mod_node_page_state <-lruvec_stat_mod_folio
     cat-177       3...1. 8287us : __mod_memcg_lruvec_state <-lruvec_stat_mod_folio
     cat-177       3...2. 8287us : memcg_state_val_in_pages <-__mod_memcg_lruvec_state
     cat-177       3...2. 8287us : __css_rstat_updated <-__mod_memcg_lruvec_state
     cat-177       3...1. 8288us : __rcu_read_unlock <-folio_remove_rmap_ptes
     cat-177       3...1. 8288us : __tlb_remove_folio_pages <-__zap_vma_range
     cat-177       3...1. 8288us : vm_normal_page <-__zap_vma_range
     cat-177       3...1. 8288us : folio_mark_accessed <-__zap_vma_range
     cat-177       3...1. 8288us : arch_check_zapped_pte <-__zap_vma_range
     cat-177       3...1. 8288us : folio_remove_rmap_ptes <-__zap_vma_range
     cat-177       3...1. 8288us : lruvec_stat_mod_folio <-folio_remove_rmap_ptes
     cat-177       3...1. 8289us : __rcu_read_lock <-lruvec_stat_mod_folio
     cat-177       3...1. 8289us : mod_node_page_state <-lruvec_stat_mod_folio
     cat-177       3...1. 8289us : __mod_memcg_lruvec_state <-lruvec_stat_mod_folio
     cat-177       3...2. 8289us : memcg_state_val_in_pages <-__mod_memcg_lruvec_state
     cat-177       3...2. 8289us : __css_rstat_updated <-__mod_memcg_lruvec_state
     cat-177       3...1. 8289us : __rcu_read_unlock <-folio_remove_rmap_ptes
     cat-177       3...1. 8290us : __tlb_remove_folio_pages <-__zap_vma_range
     cat-177       3...1. 8290us : vm_normal_page <-__zap_vma_range
     cat-177       3...1. 8290us : folio_mark_accessed <-__zap_vma_range
     cat-177       3...1. 8290us : arch_check_zapped_pte <-__zap_vma_range
     cat-177       3...1. 8290us : folio_remove_rmap_ptes <-__zap_vma_range
     cat-177       3...1. 8290us : lruvec_stat_mod_folio <-folio_remove_rmap_ptes
     cat-177       3...1. 8290us : __rcu_read_lock <-lruvec_stat_mod_folio
     cat-177       3...1. 8291us : mod_node_page_state <-lruvec_stat_mod_folio
     cat-177       3...1. 8291us : __mod_memcg_lruvec_state <-lruvec_stat_mod_folio
     cat-177       3...2. 8291us : memcg_state_val_in_pages <-__mod_memcg_lruvec_state
     cat-177       3...2. 8291us : __css_rstat_updated <-__mod_memcg_lruvec_state
     cat-177       3...1. 8291us : __rcu_read_unlock <-folio_remove_rmap_ptes
     cat-177       3...1. 8291us : __tlb_remove_folio_pages <-__zap_vma_range
     cat-177       3...1. 8292us : vm_normal_page <-__zap_vma_range
     cat-177       3...1. 8292us : folio_mark_accessed <-__zap_vma_range
     cat-177       3...1. 8292us : arch_check_zapped_pte <-__zap_vma_range
     cat-177       3...1. 8292us : folio_remove_rmap_ptes <-__zap_vma_range
     cat-177       3...1. 8292us : __tlb_remove_folio_pages <-__zap_vma_range
     cat-177       3...1. 8292us : vm_normal_page <-__zap_vma_range
     cat-177       3...1. 8293us : folio_mark_accessed <-__zap_vma_range
     cat-177       3...1. 8293us : arch_check_zapped_pte <-__zap_vma_range
     cat-177       3...1. 8293us : folio_remove_rmap_ptes <-__zap_vma_range
     cat-177       3...1. 8293us : __tlb_remove_folio_pages <-__zap_vma_range
     cat-177       3...1. 8293us : vm_normal_page <-__zap_vma_range
     cat-177       3...1. 8293us : folio_mark_accessed <-__zap_vma_range
     cat-177       3...1. 8294us : arch_check_zapped_pte <-__zap_vma_range
     cat-177       3...1. 8294us : folio_remove_rmap_ptes <-__zap_vma_range
     cat-177       3...1. 8294us : __tlb_remove_folio_pages <-__zap_vma_range
     cat-177       3...1. 8294us : vm_normal_page <-__zap_vma_range
     cat-177       3...1. 8294us : folio_mark_accessed <-__zap_vma_range
     cat-177       3...1. 8294us : arch_check_zapped_pte <-__zap_vma_range
     cat-177       3...1. 8294us : folio_remove_rmap_ptes <-__zap_vma_range
     cat-177       3...1. 8295us : __tlb_remove_folio_pages <-__zap_vma_range
     cat-177       3...1. 8295us : vm_normal_page <-__zap_vma_range
     cat-177       3...1. 8295us : folio_mark_accessed <-__zap_vma_range
     cat-177       3...1. 8295us : arch_check_zapped_pte <-__zap_vma_range
     cat-177       3...1. 8295us : folio_remove_rmap_ptes <-__zap_vma_range
     cat-177       3...1. 8295us : __tlb_remove_folio_pages <-__zap_vma_range
     cat-177       3...1. 8296us : vm_normal_page <-__zap_vma_range
     cat-177       3...1. 8296us : folio_mark_accessed <-__zap_vma_range
     cat-177       3...1. 8296us : arch_check_zapped_pte <-__zap_vma_range
     cat-177       3...1. 8296us : folio_remove_rmap_ptes <-__zap_vma_range
     cat-177       3...1. 8296us : __tlb_remove_folio_pages <-__zap_vma_range
     cat-177       3...1. 8296us : vm_normal_page <-__zap_vma_range
     cat-177       3...1. 8297us : folio_mark_accessed <-__zap_vma_range
     cat-177       3...1. 8297us : arch_check_zapped_pte <-__zap_vma_range
     cat-177       3...1. 8297us : folio_remove_rmap_ptes <-__zap_vma_range
     cat-177       3...1. 8297us : __tlb_remove_folio_pages <-__zap_vma_range
     cat-177       3...1. 8297us : vm_normal_page <-__zap_vma_range
     cat-177       3...1. 8297us : folio_mark_accessed <-__zap_vma_range
     cat-177       3...1. 8297us : arch_check_zapped_pte <-__zap_vma_range
     cat-177       3...1. 8298us : folio_remove_rmap_ptes <-__zap_vma_range
     cat-177       3...1. 8298us : __tlb_remove_folio_pages <-__zap_vma_range
     cat-177       3...1. 8298us : vm_normal_page <-__zap_vma_range
     cat-177       3...1. 8298us : folio_mark_accessed <-__zap_vma_range
     cat-177       3...1. 8298us : arch_check_zapped_pte <-__zap_vma_range
     cat-177       3...1. 8298us : folio_remove_rmap_ptes <-__zap_vma_range
     cat-177       3...1. 8299us : __tlb_remove_folio_pages <-__zap_vma_range
     cat-177       3...1. 8299us : vm_normal_page <-__zap_vma_range
     cat-177       3...1. 8299us : folio_mark_accessed <-__zap_vma_range
     cat-177       3...1. 8299us : arch_check_zapped_pte <-__zap_vma_range
     cat-177       3...1. 8299us : folio_remove_rmap_ptes <-__zap_vma_range
     cat-177       3...1. 8299us : __tlb_remove_folio_pages <-__zap_vma_range
     cat-177       3...1. 8299us : vm_normal_page <-__zap_vma_range
     cat-177       3...1. 8300us : folio_mark_accessed <-__zap_vma_range
     cat-177       3...1. 8300us : arch_check_zapped_pte <-__zap_vma_range
     cat-177       3...1. 8300us : folio_remove_rmap_ptes <-__zap_vma_range
     cat-177       3...1. 8300us : __tlb_remove_folio_pages <-__zap_vma_range
     cat-177       3...1. 8300us : vm_normal_page <-__zap_vma_range
     cat-177       3...1. 8300us : folio_mark_accessed <-__zap_vma_range
     cat-177       3...1. 8301us : arch_check_zapped_pte <-__zap_vma_range
     cat-177       3...1. 8301us : folio_remove_rmap_ptes <-__zap_vma_range
     cat-177       3...1. 8301us : __tlb_remove_folio_pages <-__zap_vma_range
     cat-177       3...1. 8301us : vm_normal_page <-__zap_vma_range
     cat-177       3...1. 8301us : folio_mark_accessed <-__zap_vma_range
     cat-177       3...1. 8301us : arch_check_zapped_pte <-__zap_vma_range
     cat-177       3...1. 8302us : folio_remove_rmap_ptes <-__zap_vma_range
     cat-177       3...1. 8302us : __tlb_remove_folio_pages <-__zap_vma_range
     cat-177       3...1. 8302us : vm_normal_page <-__zap_vma_range
     cat-177       3...1. 8302us : folio_mark_accessed <-__zap_vma_range
     cat-177       3...1. 8302us : arch_check_zapped_pte <-__zap_vma_range
     cat-177       3...1. 8302us : folio_remove_rmap_ptes <-__zap_vma_range
     cat-177       3...1. 8303us : __tlb_remove_folio_pages <-__zap_vma_range
     cat-177       3...1. 8303us : vm_normal_page <-__zap_vma_range
     cat-177       3...1. 8303us : folio_mark_accessed <-__zap_vma_range
     cat-177       3...1. 8303us : arch_check_zapped_pte <-__zap_vma_range
     cat-177       3...1. 8303us : folio_remove_rmap_ptes <-__zap_vma_range
     cat-177       3...1. 8303us : __tlb_remove_folio_pages <-__zap_vma_range
     cat-177       3...1. 8304us : vm_normal_page <-__zap_vma_range
     cat-177       3...1. 8304us : folio_mark_accessed <-__zap_vma_range
     cat-177       3...1. 8304us : arch_check_zapped_pte <-__zap_vma_range
     cat-177       3...1. 8304us : folio_remove_rmap_ptes <-__zap_vma_range
     cat-177       3...1. 8304us : __tlb_remove_folio_pages <-__zap_vma_range
     cat-177       3...1. 8304us : vm_normal_page <-__zap_vma_range
     cat-177       3...1. 8305us : folio_mark_accessed <-__zap_vma_range
     cat-177       3...1. 8305us : arch_check_zapped_pte <-__zap_vma_range
     cat-177       3...1. 8305us : folio_remove_rmap_ptes <-__zap_vma_range
     cat-177       3...1. 8305us : __tlb_remove_folio_pages <-__zap_vma_range
     cat-177       3...1. 8305us : vm_normal_page <-__zap_vma_range
     cat-177       3...1. 8305us : folio_mark_accessed <-__zap_vma_range
     cat-177       3...1. 8305us : arch_check_zapped_pte <-__zap_vma_range
     cat-177       3...1. 8306us : folio_remove_rmap_ptes <-__zap_vma_range
     cat-177       3...1. 8306us : __tlb_remove_folio_pages <-__zap_vma_range
     cat-177       3...1. 8306us : vm_normal_page <-__zap_vma_range
     cat-177       3...1. 8306us : folio_mark_accessed <-__zap_vma_range
     cat-177       3...1. 8306us : arch_check_zapped_pte <-__zap_vma_range
     cat-177       3...1. 8306us : folio_remove_rmap_ptes <-__zap_vma_range
     cat-177       3...1. 8307us : __tlb_remove_folio_pages <-__zap_vma_range
     cat-177       3...1. 8307us : vm_normal_page <-__zap_vma_range
     cat-177       3...1. 8307us : folio_mark_accessed <-__zap_vma_range
     cat-177       3...1. 8307us : arch_check_zapped_pte <-__zap_vma_range
     cat-177       3...1. 8307us : folio_remove_rmap_ptes <-__zap_vma_range
     cat-177       3...1. 8307us : __tlb_remove_folio_pages <-__zap_vma_range
     cat-177       3...1. 8308us : vm_normal_page <-__zap_vma_range
     cat-177       3...1. 8308us : folio_mark_accessed <-__zap_vma_range
     cat-177       3...1. 8308us : arch_check_zapped_pte <-__zap_vma_range
     cat-177       3...1. 8308us : folio_remove_rmap_ptes <-__zap_vma_range
     cat-177       3...1. 8308us : __tlb_remove_folio_pages <-__zap_vma_range
     cat-177       3...1. 8308us : vm_normal_page <-__zap_vma_range
     cat-177       3...1. 8308us : folio_mark_accessed <-__zap_vma_range
     cat-177       3...1. 8309us : arch_check_zapped_pte <-__zap_vma_range
     cat-177       3...1. 8309us : folio_remove_rmap_ptes <-__zap_vma_range
     cat-177       3...1. 8309us : __tlb_remove_folio_pages <-__zap_vma_range
     cat-177       3...1. 8309us : vm_normal_page <-__zap_vma_range
     cat-177       3...1. 8309us : folio_mark_accessed <-__zap_vma_range
     cat-177       3...1. 8309us : arch_check_zapped_pte <-__zap_vma_range
     cat-177       3...1. 8310us : folio_remove_rmap_ptes <-__zap_vma_range
     cat-177       3...1. 8310us : __tlb_remove_folio_pages <-__zap_vma_range
     cat-177       3...1. 8310us : vm_normal_page <-__zap_vma_range
     cat-177       3...1. 8310us : folio_mark_accessed <-__zap_vma_range
     cat-177       3...1. 8310us : arch_check_zapped_pte <-__zap_vma_range
     cat-177       3...1. 8310us : folio_remove_rmap_ptes <-__zap_vma_range
     cat-177       3...1. 8311us : __tlb_remove_folio_pages <-__zap_vma_range
     cat-177       3...1. 8311us : vm_normal_page <-__zap_vma_range
     cat-177       3...1. 8311us : folio_mark_accessed <-__zap_vma_range
     cat-177       3...1. 8311us : arch_check_zapped_pte <-__zap_vma_range
     cat-177       3...1. 8311us : folio_remove_rmap_ptes <-__zap_vma_range
     cat-177       3...1. 8311us : __tlb_remove_folio_pages <-__zap_vma_range
     cat-177       3...1. 8311us : vm_normal_page <-__zap_vma_range
     cat-177       3...1. 8312us : folio_mark_accessed <-__zap_vma_range
     cat-177       3...1. 8312us : arch_check_zapped_pte <-__zap_vma_range
     cat-177       3...1. 8312us : folio_remove_rmap_ptes <-__zap_vma_range
     cat-177       3...1. 8312us : __tlb_remove_folio_pages <-__zap_vma_range
     cat-177       3...1. 8312us : vm_normal_page <-__zap_vma_range
     cat-177       3...1. 8312us : folio_mark_accessed <-__zap_vma_range
     cat-177       3...1. 8313us : arch_check_zapped_pte <-__zap_vma_range
     cat-177       3...1. 8313us : folio_remove_rmap_ptes <-__zap_vma_range
     cat-177       3...1. 8313us : __tlb_remove_folio_pages <-__zap_vma_range
     cat-177       3...1. 8313us : vm_normal_page <-__zap_vma_range
     cat-177       3...1. 8313us : folio_mark_accessed <-__zap_vma_range
     cat-177       3...1. 8313us : arch_check_zapped_pte <-__zap_vma_range
     cat-177       3...1. 8314us : folio_remove_rmap_ptes <-__zap_vma_range
     cat-177       3...1. 8314us : __tlb_remove_folio_pages <-__zap_vma_range
     cat-177       3...1. 8314us : vm_normal_page <-__zap_vma_range
     cat-177       3...1. 8314us : folio_mark_accessed <-__zap_vma_range
     cat-177       3...1. 8314us : arch_check_zapped_pte <-__zap_vma_range
     cat-177       3...1. 8314us : folio_remove_rmap_ptes <-__zap_vma_range
     cat-177       3...1. 8314us : __tlb_remove_folio_pages <-__zap_vma_range
     cat-177       3...1. 8315us : vm_normal_page <-__zap_vma_range
     cat-177       3...1. 8315us : folio_mark_accessed <-__zap_vma_range
     cat-177       3...1. 8315us : arch_check_zapped_pte <-__zap_vma_range
     cat-177       3...1. 8315us : folio_remove_rmap_ptes <-__zap_vma_range
     cat-177       3...1. 8315us : __tlb_remove_folio_pages <-__zap_vma_range
     cat-177       3...1. 8315us : vm_normal_page <-__zap_vma_range
     cat-177       3...1. 8316us : folio_mark_accessed <-__zap_vma_range
     cat-177       3...1. 8316us : arch_check_zapped_pte <-__zap_vma_range
     cat-177       3...1. 8316us : folio_remove_rmap_ptes <-__zap_vma_range
     cat-177       3...1. 8316us : __tlb_remove_folio_pages <-__zap_vma_range
     cat-177       3...1. 8316us : vm_normal_page <-__zap_vma_range
     cat-177       3...1. 8316us : folio_mark_accessed <-__zap_vma_range
     cat-177       3...1. 8317us : arch_check_zapped_pte <-__zap_vma_range
     cat-177       3...1. 8317us : folio_remove_rmap_ptes <-__zap_vma_range
     cat-177       3...1. 8317us : __tlb_remove_folio_pages <-__zap_vma_range
     cat-177       3...1. 8317us : vm_normal_page <-__zap_vma_range
     cat-177       3...1. 8317us : folio_mark_accessed <-__zap_vma_range
     cat-177       3...1. 8317us : arch_check_zapped_pte <-__zap_vma_range
     cat-177       3...1. 8318us : folio_remove_rmap_ptes <-__zap_vma_range
     cat-177       3...1. 8318us : __tlb_remove_folio_pages <-__zap_vma_range
     cat-177       3...1. 8318us : vm_normal_page <-__zap_vma_range
     cat-177       3...1. 8318us : folio_mark_accessed <-__zap_vma_range
     cat-177       3...1. 8318us : arch_check_zapped_pte <-__zap_vma_range
     cat-177       3...1. 8318us : folio_remove_rmap_ptes <-__zap_vma_range
     cat-177       3...1. 8318us : __tlb_remove_folio_pages <-__zap_vma_range
     cat-177       3...1. 8319us : vm_normal_page <-__zap_vma_range
     cat-177       3...1. 8319us : folio_mark_accessed <-__zap_vma_range
     cat-177       3...1. 8319us : arch_check_zapped_pte <-__zap_vma_range
     cat-177       3...1. 8319us : folio_remove_rmap_ptes <-__zap_vma_range
     cat-177       3...1. 8319us : __tlb_remove_folio_pages <-__zap_vma_range
     cat-177       3...1. 8319us : vm_normal_page <-__zap_vma_range
     cat-177       3...1. 8320us : folio_mark_accessed <-__zap_vma_range
     cat-177       3...1. 8320us : arch_check_zapped_pte <-__zap_vma_range
     cat-177       3...1. 8320us : folio_remove_rmap_ptes <-__zap_vma_range
     cat-177       3...1. 8320us : __tlb_remove_folio_pages <-__zap_vma_range
     cat-177       3...1. 8320us : vm_normal_page <-__zap_vma_range
     cat-177       3...1. 8320us : folio_mark_accessed <-__zap_vma_range
     cat-177       3...1. 8321us : arch_check_zapped_pte <-__zap_vma_range
     cat-177       3...1. 8321us : folio_remove_rmap_ptes <-__zap_vma_range
     cat-177       3...1. 8321us : __tlb_remove_folio_pages <-__zap_vma_range
     cat-177       3...1. 8321us : vm_normal_page <-__zap_vma_range
     cat-177       3...1. 8321us : folio_mark_accessed <-__zap_vma_range
     cat-177       3...1. 8321us : arch_check_zapped_pte <-__zap_vma_range
     cat-177       3...1. 8321us : folio_remove_rmap_ptes <-__zap_vma_range
     cat-177       3...1. 8322us : __tlb_remove_folio_pages <-__zap_vma_range
     cat-177       3...1. 8322us : vm_normal_page <-__zap_vma_range
     cat-177       3...1. 8322us : folio_mark_accessed <-__zap_vma_range
     cat-177       3...1. 8322us : arch_check_zapped_pte <-__zap_vma_range
     cat-177       3...1. 8322us : folio_remove_rmap_ptes <-__zap_vma_range
     cat-177       3...1. 8322us : __tlb_remove_folio_pages <-__zap_vma_range
     cat-177       3...1. 8323us : vm_normal_page <-__zap_vma_range
     cat-177       3...1. 8323us : folio_mark_accessed <-__zap_vma_range
     cat-177       3...1. 8323us : arch_check_zapped_pte <-__zap_vma_range
     cat-177       3...1. 8323us : folio_remove_rmap_ptes <-__zap_vma_range
     cat-177       3...1. 8323us : __tlb_remove_folio_pages <-__zap_vma_range
     cat-177       3...1. 8323us : vm_normal_page <-__zap_vma_range
     cat-177       3...1. 8324us : folio_mark_accessed <-__zap_vma_range
     cat-177       3...1. 8324us : arch_check_zapped_pte <-__zap_vma_range
     cat-177       3...1. 8324us : folio_remove_rmap_ptes <-__zap_vma_range
     cat-177       3...1. 8324us : __tlb_remove_folio_pages <-__zap_vma_range
     cat-177       3...1. 8324us : vm_normal_page <-__zap_vma_range
     cat-177       3...1. 8324us : folio_mark_accessed <-__zap_vma_range
     cat-177       3...1. 8324us : arch_check_zapped_pte <-__zap_vma_range
     cat-177       3...1. 8325us : folio_remove_rmap_ptes <-__zap_vma_range
     cat-177       3...1. 8325us : __tlb_remove_folio_pages <-__zap_vma_range
     cat-177       3...1. 8325us : vm_normal_page <-__zap_vma_range
     cat-177       3...1. 8325us : folio_mark_accessed <-__zap_vma_range
     cat-177       3...1. 8325us : arch_check_zapped_pte <-__zap_vma_range
     cat-177       3...1. 8326us : folio_remove_rmap_ptes <-__zap_vma_range
     cat-177       3...1. 8326us : __tlb_remove_folio_pages <-__zap_vma_range
     cat-177       3...1. 8326us : vm_normal_page <-__zap_vma_range
     cat-177       3...1. 8326us : folio_mark_accessed <-__zap_vma_range
     cat-177       3...1. 8326us : arch_check_zapped_pte <-__zap_vma_range
     cat-177       3...1. 8326us : folio_remove_rmap_ptes <-__zap_vma_range
     cat-177       3...1. 8326us : __tlb_remove_folio_pages <-__zap_vma_range
     cat-177       3...1. 8327us : vm_normal_page <-__zap_vma_range
     cat-177       3...1. 8327us : folio_mark_accessed <-__zap_vma_range
     cat-177       3...1. 8327us : arch_check_zapped_pte <-__zap_vma_range
     cat-177       3...1. 8327us : folio_remove_rmap_ptes <-__zap_vma_range
     cat-177       3...1. 8327us : __tlb_remove_folio_pages <-__zap_vma_range
     cat-177       3...1. 8327us : vm_normal_page <-__zap_vma_range
     cat-177       3...1. 8328us : folio_mark_accessed <-__zap_vma_range
     cat-177       3...1. 8328us : arch_check_zapped_pte <-__zap_vma_range
     cat-177       3...1. 8328us : folio_remove_rmap_ptes <-__zap_vma_range
     cat-177       3...1. 8328us : __tlb_remove_folio_pages <-__zap_vma_range
     cat-177       3...1. 8328us : vm_normal_page <-__zap_vma_range
     cat-177       3...1. 8328us : folio_mark_accessed <-__zap_vma_range
     cat-177       3...1. 8329us : arch_check_zapped_pte <-__zap_vma_range
     cat-177       3...1. 8329us : folio_remove_rmap_ptes <-__zap_vma_range
     cat-177       3...1. 8329us : __tlb_remove_folio_pages <-__zap_vma_range
     cat-177       3...1. 8329us : vm_normal_page <-__zap_vma_range
     cat-177       3...1. 8329us : folio_mark_accessed <-__zap_vma_range
     cat-177       3...1. 8329us : arch_check_zapped_pte <-__zap_vma_range
     cat-177       3...1. 8329us : folio_remove_rmap_ptes <-__zap_vma_range
     cat-177       3...1. 8330us : __tlb_remove_folio_pages <-__zap_vma_range
     cat-177       3...1. 8330us : vm_normal_page <-__zap_vma_range
     cat-177       3...1. 8330us : folio_mark_accessed <-__zap_vma_range
     cat-177       3...1. 8330us : arch_check_zapped_pte <-__zap_vma_range
     cat-177       3...1. 8330us : folio_remove_rmap_ptes <-__zap_vma_range
     cat-177       3...1. 8330us : __tlb_remove_folio_pages <-__zap_vma_range
     cat-177       3...1. 8331us : vm_normal_page <-__zap_vma_range
     cat-177       3...1. 8331us : folio_mark_accessed <-__zap_vma_range
     cat-177       3...1. 8331us : arch_check_zapped_pte <-__zap_vma_range
     cat-177       3...1. 8331us : folio_remove_rmap_ptes <-__zap_vma_range
     cat-177       3...1. 8331us : __tlb_remove_folio_pages <-__zap_vma_range
     cat-177       3...1. 8331us : vm_normal_page <-__zap_vma_range
     cat-177       3...1. 8332us : folio_mark_accessed <-__zap_vma_range
     cat-177       3...1. 8332us : arch_check_zapped_pte <-__zap_vma_range
     cat-177       3...1. 8332us : folio_remove_rmap_ptes <-__zap_vma_range
     cat-177       3...1. 8332us : __tlb_remove_folio_pages <-__zap_vma_range
     cat-177       3...1. 8332us : vm_normal_page <-__zap_vma_range
     cat-177       3...1. 8332us : folio_mark_accessed <-__zap_vma_range
     cat-177       3...1. 8332us : arch_check_zapped_pte <-__zap_vma_range
     cat-177       3...1. 8333us : folio_remove_rmap_ptes <-__zap_vma_range
     cat-177       3...1. 8333us : __tlb_remove_folio_pages <-__zap_vma_range
     cat-177       3...1. 8333us : vm_normal_page <-__zap_vma_range
     cat-177       3...1. 8333us : folio_mark_accessed <-__zap_vma_range
     cat-177       3...1. 8333us : arch_check_zapped_pte <-__zap_vma_range
     cat-177       3...1. 8333us : folio_remove_rmap_ptes <-__zap_vma_range
     cat-177       3...1. 8334us : __tlb_remove_folio_pages <-__zap_vma_range
     cat-177       3...1. 8334us : vm_normal_page <-__zap_vma_range
     cat-177       3...1. 8334us : folio_mark_accessed <-__zap_vma_range
     cat-177       3...1. 8334us : arch_check_zapped_pte <-__zap_vma_range
     cat-177       3...1. 8334us : folio_remove_rmap_ptes <-__zap_vma_range
     cat-177       3...1. 8334us : __tlb_remove_folio_pages <-__zap_vma_range
     cat-177       3...1. 8334us : vm_normal_page <-__zap_vma_range
     cat-177       3...1. 8335us : folio_mark_accessed <-__zap_vma_range
     cat-177       3...1. 8335us : arch_check_zapped_pte <-__zap_vma_range
     cat-177       3...1. 8335us : folio_remove_rmap_ptes <-__zap_vma_range
     cat-177       3...1. 8335us : __tlb_remove_folio_pages <-__zap_vma_range
     cat-177       3...1. 8335us : _raw_spin_lock_irqsave <-percpu_counter_add_batch
     cat-177       3d..2. 8335us : _raw_spin_unlock_irqrestore <-__zap_vma_range
     cat-177       3...1. 8336us : _raw_spin_unlock <-__zap_vma_range
     cat-177       3..... 8336us : __rcu_read_unlock <-__zap_vma_range
     cat-177       3..... 8336us : __zap_vma_range <-unmap_vmas
     cat-177       3..... 8336us : uprobe_munmap <-__zap_vma_range
     cat-177       3..... 8336us : pte_offset_map_lock <-__zap_vma_range
     cat-177       3..... 8337us : __pte_offset_map <-pte_offset_map_lock
     cat-177       3..... 8337us : __rcu_read_lock <-__pte_offset_map
     cat-177       3..... 8337us : _raw_spin_lock <-pte_offset_map_lock
     cat-177       3...1. 8337us : flush_tlb_batched_pending <-__zap_vma_range
     cat-177       3...1. 8337us : vm_normal_page <-__zap_vma_range
     cat-177       3...1. 8337us : folio_mark_accessed <-__zap_vma_range
     cat-177       3...1. 8337us : arch_check_zapped_pte <-__zap_vma_range
     cat-177       3...1. 8338us : folio_remove_rmap_ptes <-__zap_vma_range
     cat-177       3...1. 8338us : __tlb_remove_folio_pages <-__zap_vma_range
     cat-177       3...1. 8338us : vm_normal_page <-__zap_vma_range
     cat-177       3...1. 8338us : folio_mark_accessed <-__zap_vma_range
     cat-177       3...1. 8338us : arch_check_zapped_pte <-__zap_vma_range
     cat-177       3...1. 8338us : folio_remove_rmap_ptes <-__zap_vma_range
     cat-177       3...1. 8339us : __tlb_remove_folio_pages <-__zap_vma_range
     cat-177       3...1. 8339us : vm_normal_page <-__zap_vma_range
     cat-177       3...1. 8339us : folio_mark_accessed <-__zap_vma_range
     cat-177       3...1. 8339us : arch_check_zapped_pte <-__zap_vma_range
     cat-177       3...1. 8339us : folio_remove_rmap_ptes <-__zap_vma_range
     cat-177       3...1. 8339us : __tlb_remove_folio_pages <-__zap_vma_range
     cat-177       3...1. 8340us : vm_normal_page <-__zap_vma_range
     cat-177       3...1. 8340us : folio_mark_accessed <-__zap_vma_range
     cat-177       3...1. 8340us : arch_check_zapped_pte <-__zap_vma_range
     cat-177       3...1. 8340us : folio_remove_rmap_ptes <-__zap_vma_range
     cat-177       3...1. 8340us : __tlb_remove_folio_pages <-__zap_vma_range
     cat-177       3...1. 8340us : vm_normal_page <-__zap_vma_range
     cat-177       3...1. 8340us : folio_mark_accessed <-__zap_vma_range
     cat-177       3...1. 8341us : arch_check_zapped_pte <-__zap_vma_range
     cat-177       3...1. 8341us : folio_remove_rmap_ptes <-__zap_vma_range
     cat-177       3...1. 8341us : __tlb_remove_folio_pages <-__zap_vma_range
     cat-177       3...1. 8341us : vm_normal_page <-__zap_vma_range
     cat-177       3...1. 8341us : folio_mark_accessed <-__zap_vma_range
     cat-177       3...1. 8341us : arch_check_zapped_pte <-__zap_vma_range
     cat-177       3...1. 8342us : folio_remove_rmap_ptes <-__zap_vma_range
     cat-177       3...1. 8342us : __tlb_remove_folio_pages <-__zap_vma_range
     cat-177       3...1. 8342us : vm_normal_page <-__zap_vma_range
     cat-177       3...1. 8342us : folio_mark_accessed <-__zap_vma_range
     cat-177       3...1. 8342us : arch_check_zapped_pte <-__zap_vma_range
     cat-177       3...1. 8342us : folio_remove_rmap_ptes <-__zap_vma_range
     cat-177       3...1. 8343us : __tlb_remove_folio_pages <-__zap_vma_range
     cat-177       3...1. 8343us : vm_normal_page <-__zap_vma_range
     cat-177       3...1. 8343us : folio_mark_accessed <-__zap_vma_range
     cat-177       3...1. 8343us : arch_check_zapped_pte <-__zap_vma_range
     cat-177       3...1. 8343us : folio_remove_rmap_ptes <-__zap_vma_range
     cat-177       3...1. 8343us : __tlb_remove_folio_pages <-__zap_vma_range
     cat-177       3...1. 8343us : vm_normal_page <-__zap_vma_range
     cat-177       3...1. 8344us : folio_mark_accessed <-__zap_vma_range
     cat-177       3...1. 8344us : arch_check_zapped_pte <-__zap_vma_range
     cat-177       3...1. 8344us : folio_remove_rmap_ptes <-__zap_vma_range
     cat-177       3...1. 8344us : __tlb_remove_folio_pages <-__zap_vma_range
     cat-177       3...1. 8344us : vm_normal_page <-__zap_vma_range
     cat-177       3...1. 8344us : folio_mark_accessed <-__zap_vma_range
     cat-177       3...1. 8345us : arch_check_zapped_pte <-__zap_vma_range
     cat-177       3...1. 8345us : folio_remove_rmap_ptes <-__zap_vma_range
     cat-177       3...1. 8345us : __tlb_remove_folio_pages <-__zap_vma_range
     cat-177       3...1. 8345us : vm_normal_page <-__zap_vma_range
     cat-177       3...1. 8345us : folio_mark_accessed <-__zap_vma_range
     cat-177       3...1. 8345us : arch_check_zapped_pte <-__zap_vma_range
     cat-177       3...1. 8346us : folio_remove_rmap_ptes <-__zap_vma_range
     cat-177       3...1. 8346us : __tlb_remove_folio_pages <-__zap_vma_range
     cat-177       3...1. 8346us : vm_normal_page <-__zap_vma_range
     cat-177       3...1. 8346us : folio_mark_accessed <-__zap_vma_range
     cat-177       3...1. 8346us : arch_check_zapped_pte <-__zap_vma_range
     cat-177       3...1. 8346us : folio_remove_rmap_ptes <-__zap_vma_range
     cat-177       3...1. 8346us : __tlb_remove_folio_pages <-__zap_vma_range
     cat-177       3...1. 8347us : vm_normal_page <-__zap_vma_range
     cat-177       3...1. 8347us : folio_mark_accessed <-__zap_vma_range
     cat-177       3...1. 8347us : arch_check_zapped_pte <-__zap_vma_range
     cat-177       3...1. 8347us : folio_remove_rmap_ptes <-__zap_vma_range
     cat-177       3...1. 8347us : __tlb_remove_folio_pages <-__zap_vma_range
     cat-177       3...1. 8347us : vm_normal_page <-__zap_vma_range
     cat-177       3...1. 8348us : folio_mark_accessed <-__zap_vma_range
     cat-177       3...1. 8348us : arch_check_zapped_pte <-__zap_vma_range
     cat-177       3...1. 8348us : folio_remove_rmap_ptes <-__zap_vma_range
     cat-177       3...1. 8348us : __tlb_remove_folio_pages <-__zap_vma_range
     cat-177       3...1. 8348us : vm_normal_page <-__zap_vma_range
     cat-177       3...1. 8348us : folio_mark_accessed <-__zap_vma_range
     cat-177       3...1. 8349us : arch_check_zapped_pte <-__zap_vma_range
     cat-177       3...1. 8349us : folio_remove_rmap_ptes <-__zap_vma_range
     cat-177       3...1. 8349us : __tlb_remove_folio_pages <-__zap_vma_range
     cat-177       3...1. 8349us : vm_normal_page <-__zap_vma_range
     cat-177       3...1. 8349us : folio_mark_accessed <-__zap_vma_range
     cat-177       3...1. 8349us : arch_check_zapped_pte <-__zap_vma_range
     cat-177       3...1. 8350us : folio_remove_rmap_ptes <-__zap_vma_range
     cat-177       3...1. 8350us : __tlb_remove_folio_pages <-__zap_vma_range
     cat-177       3...1. 8350us : vm_normal_page <-__zap_vma_range
     cat-177       3...1. 8350us : folio_mark_accessed <-__zap_vma_range
     cat-177       3...1. 8350us : arch_check_zapped_pte <-__zap_vma_range
     cat-177       3...1. 8350us : folio_remove_rmap_ptes <-__zap_vma_range
     cat-177       3...1. 8351us : __tlb_remove_folio_pages <-__zap_vma_range
     cat-177       3...1. 8351us : vm_normal_page <-__zap_vma_range
     cat-177       3...1. 8351us : folio_mark_accessed <-__zap_vma_range
     cat-177       3...1. 8351us : arch_check_zapped_pte <-__zap_vma_range
     cat-177       3...1. 8351us : folio_remove_rmap_ptes <-__zap_vma_range
     cat-177       3...1. 8351us : __tlb_remove_folio_pages <-__zap_vma_range
     cat-177       3...1. 8352us : vm_normal_page <-__zap_vma_range
     cat-177       3...1. 8352us : folio_mark_accessed <-__zap_vma_range
     cat-177       3...1. 8352us : arch_check_zapped_pte <-__zap_vma_range
     cat-177       3...1. 8352us : folio_remove_rmap_ptes <-__zap_vma_range
     cat-177       3...1. 8352us : __tlb_remove_folio_pages <-__zap_vma_range
     cat-177       3...1. 8352us : vm_normal_page <-__zap_vma_range
     cat-177       3...1. 8352us : folio_mark_accessed <-__zap_vma_range
     cat-177       3...1. 8353us : arch_check_zapped_pte <-__zap_vma_range
     cat-177       3...1. 8353us : folio_remove_rmap_ptes <-__zap_vma_range
     cat-177       3...1. 8353us : __tlb_remove_folio_pages <-__zap_vma_range
     cat-177       3...1. 8353us : vm_normal_page <-__zap_vma_range
     cat-177       3...1. 8353us : folio_mark_accessed <-__zap_vma_range
     cat-177       3...1. 8353us : arch_check_zapped_pte <-__zap_vma_range
     cat-177       3...1. 8354us : folio_remove_rmap_ptes <-__zap_vma_range
     cat-177       3...1. 8354us : __tlb_remove_folio_pages <-__zap_vma_range
     cat-177       3...1. 8354us : vm_normal_page <-__zap_vma_range
     cat-177       3...1. 8354us : folio_mark_accessed <-__zap_vma_range
     cat-177       3...1. 8354us : arch_check_zapped_pte <-__zap_vma_range
     cat-177       3...1. 8354us : folio_remove_rmap_ptes <-__zap_vma_range
     cat-177       3...1. 8355us : __tlb_remove_folio_pages <-__zap_vma_range
     cat-177       3...1. 8355us : vm_normal_page <-__zap_vma_range
     cat-177       3...1. 8355us : folio_mark_accessed <-__zap_vma_range
     cat-177       3...1. 8355us : arch_check_zapped_pte <-__zap_vma_range
     cat-177       3...1. 8355us : folio_remove_rmap_ptes <-__zap_vma_range
     cat-177       3...1. 8355us : __tlb_remove_folio_pages <-__zap_vma_range
     cat-177       3...1. 8355us : vm_normal_page <-__zap_vma_range
     cat-177       3...1. 8356us : folio_mark_accessed <-__zap_vma_range
     cat-177       3...1. 8356us : arch_check_zapped_pte <-__zap_vma_range
     cat-177       3...1. 8356us : folio_remove_rmap_ptes <-__zap_vma_range
     cat-177       3...1. 8356us : __tlb_remove_folio_pages <-__zap_vma_range
     cat-177       3...1. 8356us : vm_normal_page <-__zap_vma_range
     cat-177       3...1. 8356us : folio_mark_accessed <-__zap_vma_range
     cat-177       3...1. 8357us : arch_check_zapped_pte <-__zap_vma_range
     cat-177       3...1. 8357us : folio_remove_rmap_ptes <-__zap_vma_range
     cat-177       3...1. 8357us : __tlb_remove_folio_pages <-__zap_vma_range
     cat-177       3...1. 8357us : vm_normal_page <-__zap_vma_range
     cat-177       3...1. 8357us : folio_mark_accessed <-__zap_vma_range
     cat-177       3...1. 8357us : arch_check_zapped_pte <-__zap_vma_range
     cat-177       3...1. 8358us : folio_remove_rmap_ptes <-__zap_vma_range
     cat-177       3...1. 8358us : __tlb_remove_folio_pages <-__zap_vma_range
     cat-177       3...1. 8358us : vm_normal_page <-__zap_vma_range
     cat-177       3...1. 8358us : folio_mark_accessed <-__zap_vma_range
     cat-177       3...1. 8358us : arch_check_zapped_pte <-__zap_vma_range
     cat-177       3...1. 8358us : folio_remove_rmap_ptes <-__zap_vma_range
     cat-177       3...1. 8358us : __tlb_remove_folio_pages <-__zap_vma_range
     cat-177       3...1. 8359us : vm_normal_page <-__zap_vma_range
     cat-177       3...1. 8359us : folio_mark_accessed <-__zap_vma_range
     cat-177       3...1. 8359us : arch_check_zapped_pte <-__zap_vma_range
     cat-177       3...1. 8359us : folio_remove_rmap_ptes <-__zap_vma_range
     cat-177       3...1. 8359us : __tlb_remove_folio_pages <-__zap_vma_range
     cat-177       3...1. 8359us : vm_normal_page <-__zap_vma_range
     cat-177       3...1. 8360us : folio_mark_accessed <-__zap_vma_range
     cat-177       3...1. 8360us : arch_check_zapped_pte <-__zap_vma_range
     cat-177       3...1. 8360us : folio_remove_rmap_ptes <-__zap_vma_range
     cat-177       3...1. 8360us : __tlb_remove_folio_pages <-__zap_vma_range
     cat-177       3...1. 8360us : vm_normal_page <-__zap_vma_range
     cat-177       3...1. 8360us : folio_mark_accessed <-__zap_vma_range
     cat-177       3...1. 8361us : arch_check_zapped_pte <-__zap_vma_range
     cat-177       3...1. 8361us : folio_remove_rmap_ptes <-__zap_vma_range
     cat-177       3...1. 8361us : __tlb_remove_folio_pages <-__zap_vma_range
     cat-177       3...1. 8361us : vm_normal_page <-__zap_vma_range
     cat-177       3...1. 8361us : folio_mark_accessed <-__zap_vma_range
     cat-177       3...1. 8361us : arch_check_zapped_pte <-__zap_vma_range
     cat-177       3...1. 8361us : folio_remove_rmap_ptes <-__zap_vma_range
     cat-177       3...1. 8362us : __tlb_remove_folio_pages <-__zap_vma_range
     cat-177       3...1. 8362us : vm_normal_page <-__zap_vma_range
     cat-177       3...1. 8362us : folio_mark_accessed <-__zap_vma_range
     cat-177       3...1. 8362us : arch_check_zapped_pte <-__zap_vma_range
     cat-177       3...1. 8362us : folio_remove_rmap_ptes <-__zap_vma_range
     cat-177       3...1. 8362us : __tlb_remove_folio_pages <-__zap_vma_range
     cat-177       3...1. 8363us : vm_normal_page <-__zap_vma_range
     cat-177       3...1. 8363us : folio_mark_accessed <-__zap_vma_range
     cat-177       3...1. 8363us : arch_check_zapped_pte <-__zap_vma_range
     cat-177       3...1. 8363us : folio_remove_rmap_ptes <-__zap_vma_range
     cat-177       3...1. 8363us : __tlb_remove_folio_pages <-__zap_vma_range
     cat-177       3...1. 8363us : vm_normal_page <-__zap_vma_range
     cat-177       3...1. 8364us : folio_mark_accessed <-__zap_vma_range
     cat-177       3...1. 8364us : arch_check_zapped_pte <-__zap_vma_range
     cat-177       3...1. 8364us : folio_remove_rmap_ptes <-__zap_vma_range
     cat-177       3...1. 8364us : __tlb_remove_folio_pages <-__zap_vma_range
     cat-177       3...1. 8364us : vm_normal_page <-__zap_vma_range
     cat-177       3...1. 8364us : folio_mark_accessed <-__zap_vma_range
     cat-177       3...1. 8364us : arch_check_zapped_pte <-__zap_vma_range
     cat-177       3...1. 8365us : folio_remove_rmap_ptes <-__zap_vma_range
     cat-177       3...1. 8365us : __tlb_remove_folio_pages <-__zap_vma_range
     cat-177       3...1. 8365us : vm_normal_page <-__zap_vma_range
     cat-177       3...1. 8365us : folio_mark_accessed <-__zap_vma_range
     cat-177       3...1. 8365us : arch_check_zapped_pte <-__zap_vma_range
     cat-177       3...1. 8365us : folio_remove_rmap_ptes <-__zap_vma_range
     cat-177       3...1. 8366us : __tlb_remove_folio_pages <-__zap_vma_range
     cat-177       3...1. 8366us : vm_normal_page <-__zap_vma_range
     cat-177       3...1. 8366us : folio_mark_accessed <-__zap_vma_range
     cat-177       3...1. 8366us : arch_check_zapped_pte <-__zap_vma_range
     cat-177       3...1. 8366us : folio_remove_rmap_ptes <-__zap_vma_range
     cat-177       3...1. 8366us : __tlb_remove_folio_pages <-__zap_vma_range
     cat-177       3...1. 8367us : vm_normal_page <-__zap_vma_range
     cat-177       3...1. 8367us : folio_mark_accessed <-__zap_vma_range
     cat-177       3...1. 8367us : arch_check_zapped_pte <-__zap_vma_range
     cat-177       3...1. 8367us : folio_remove_rmap_ptes <-__zap_vma_range
     cat-177       3...1. 8367us : __tlb_remove_folio_pages <-__zap_vma_range
     cat-177       3...1. 8367us : vm_normal_page <-__zap_vma_range
     cat-177       3...1. 8367us : folio_mark_accessed <-__zap_vma_range
     cat-177       3...1. 8368us : arch_check_zapped_pte <-__zap_vma_range
     cat-177       3...1. 8368us : folio_remove_rmap_ptes <-__zap_vma_range
     cat-177       3...1. 8368us : __tlb_remove_folio_pages <-__zap_vma_range
     cat-177       3...1. 8368us : vm_normal_page <-__zap_vma_range
     cat-177       3...1. 8368us : folio_mark_accessed <-__zap_vma_range
     cat-177       3...1. 8368us : arch_check_zapped_pte <-__zap_vma_range
     cat-177       3...1. 8369us : folio_remove_rmap_ptes <-__zap_vma_range
     cat-177       3...1. 8369us : __tlb_remove_folio_pages <-__zap_vma_range
     cat-177       3...1. 8369us : vm_normal_page <-__zap_vma_range
     cat-177       3...1. 8369us : folio_mark_accessed <-__zap_vma_range
     cat-177       3...1. 8369us : arch_check_zapped_pte <-__zap_vma_range
     cat-177       3...1. 8369us : folio_remove_rmap_ptes <-__zap_vma_range
     cat-177       3...1. 8370us : __tlb_remove_folio_pages <-__zap_vma_range
     cat-177       3...1. 8370us : vm_normal_page <-__zap_vma_range
     cat-177       3...1. 8370us : folio_mark_accessed <-__zap_vma_range
     cat-177       3...1. 8370us : arch_check_zapped_pte <-__zap_vma_range
     cat-177       3...1. 8370us : folio_remove_rmap_ptes <-__zap_vma_range
     cat-177       3...1. 8370us : __tlb_remove_folio_pages <-__zap_vma_range
     cat-177       3...1. 8370us : vm_normal_page <-__zap_vma_range
     cat-177       3...1. 8371us : folio_mark_accessed <-__zap_vma_range
     cat-177       3...1. 8371us : arch_check_zapped_pte <-__zap_vma_range
     cat-177       3...1. 8371us : folio_remove_rmap_ptes <-__zap_vma_range
     cat-177       3...1. 8371us : __tlb_remove_folio_pages <-__zap_vma_range
     cat-177       3...1. 8371us : vm_normal_page <-__zap_vma_range
     cat-177       3...1. 8371us : folio_mark_accessed <-__zap_vma_range
     cat-177       3...1. 8372us : arch_check_zapped_pte <-__zap_vma_range
     cat-177       3...1. 8372us : folio_remove_rmap_ptes <-__zap_vma_range
     cat-177       3...1. 8372us : __tlb_remove_folio_pages <-__zap_vma_range
     cat-177       3...1. 8372us : vm_normal_page <-__zap_vma_range
     cat-177       3...1. 8372us : folio_mark_accessed <-__zap_vma_range
     cat-177       3...1. 8372us : arch_check_zapped_pte <-__zap_vma_range
     cat-177       3...1. 8373us : folio_remove_rmap_ptes <-__zap_vma_range
     cat-177       3...1. 8373us : __tlb_remove_folio_pages <-__zap_vma_range
     cat-177       3...1. 8373us : vm_normal_page <-__zap_vma_range
     cat-177       3...1. 8373us : folio_mark_accessed <-__zap_vma_range
     cat-177       3...1. 8373us : arch_check_zapped_pte <-__zap_vma_range
     cat-177       3...1. 8373us : folio_remove_rmap_ptes <-__zap_vma_range
     cat-177       3...1. 8374us : __tlb_remove_folio_pages <-__zap_vma_range
     cat-177       3...1. 8374us : vm_normal_page <-__zap_vma_range
     cat-177       3...1. 8374us : folio_mark_accessed <-__zap_vma_range
     cat-177       3...1. 8374us : arch_check_zapped_pte <-__zap_vma_range
     cat-177       3...1. 8374us : folio_remove_rmap_ptes <-__zap_vma_range
     cat-177       3...1. 8374us : __tlb_remove_folio_pages <-__zap_vma_range
     cat-177       3...1. 8375us : _raw_spin_lock_irqsave <-percpu_counter_add_batch
     cat-177       3d..2. 8375us : _raw_spin_unlock_irqrestore <-__zap_vma_range
     cat-177       3...1. 8375us : _raw_spin_unlock <-__zap_vma_range
     cat-177       3..... 8375us : __rcu_read_unlock <-__zap_vma_range
     cat-177       3..... 8375us : __zap_vma_range <-unmap_vmas
     cat-177       3..... 8375us : uprobe_munmap <-__zap_vma_range
     cat-177       3..... 8376us : pte_offset_map_lock <-__zap_vma_range
     cat-177       3..... 8376us : __pte_offset_map <-pte_offset_map_lock
     cat-177       3..... 8376us : __rcu_read_lock <-__pte_offset_map
     cat-177       3..... 8376us : _raw_spin_lock <-pte_offset_map_lock
     cat-177       3...1. 8376us : flush_tlb_batched_pending <-__zap_vma_range
     cat-177       3...1. 8376us : vm_normal_page <-__zap_vma_range
     cat-177       3...1. 8377us : arch_check_zapped_pte <-__zap_vma_range
     cat-177       3...1. 8377us : folio_remove_rmap_ptes <-__zap_vma_range
     cat-177       3...1. 8377us : lruvec_stat_mod_folio <-folio_remove_rmap_ptes
     cat-177       3...1. 8377us : __rcu_read_lock <-lruvec_stat_mod_folio
     cat-177       3...1. 8377us : mod_node_page_state <-lruvec_stat_mod_folio
     cat-177       3...1. 8377us : __mod_memcg_lruvec_state <-lruvec_stat_mod_folio
     cat-177       3...2. 8377us : memcg_state_val_in_pages <-__mod_memcg_lruvec_state
     cat-177       3...2. 8378us : __css_rstat_updated <-__mod_memcg_lruvec_state
     cat-177       3...1. 8378us : __rcu_read_unlock <-folio_remove_rmap_ptes
     cat-177       3...1. 8378us : __tlb_remove_folio_pages <-__zap_vma_range
     cat-177       3...1. 8378us : vm_normal_page <-__zap_vma_range
     cat-177       3...1. 8378us : arch_check_zapped_pte <-__zap_vma_range
     cat-177       3...1. 8378us : folio_remove_rmap_ptes <-__zap_vma_range
     cat-177       3...1. 8379us : lruvec_stat_mod_folio <-folio_remove_rmap_ptes
     cat-177       3...1. 8379us : __rcu_read_lock <-lruvec_stat_mod_folio
     cat-177       3...1. 8379us : mod_node_page_state <-lruvec_stat_mod_folio
     cat-177       3...1. 8379us : __mod_memcg_lruvec_state <-lruvec_stat_mod_folio
     cat-177       3...2. 8379us : memcg_state_val_in_pages <-__mod_memcg_lruvec_state
     cat-177       3...2. 8379us : __css_rstat_updated <-__mod_memcg_lruvec_state
     cat-177       3...1. 8380us : __rcu_read_unlock <-folio_remove_rmap_ptes
     cat-177       3...1. 8380us : __tlb_remove_folio_pages <-__zap_vma_range
     cat-177       3...1. 8380us : vm_normal_page <-__zap_vma_range
     cat-177       3...1. 8380us : arch_check_zapped_pte <-__zap_vma_range
     cat-177       3...1. 8380us : folio_remove_rmap_ptes <-__zap_vma_range
     cat-177       3...1. 8380us : lruvec_stat_mod_folio <-folio_remove_rmap_ptes
     cat-177       3...1. 8380us : __rcu_read_lock <-lruvec_stat_mod_folio
     cat-177       3...1. 8381us : mod_node_page_state <-lruvec_stat_mod_folio
     cat-177       3...1. 8381us : __mod_memcg_lruvec_state <-lruvec_stat_mod_folio
     cat-177       3...2. 8381us : memcg_state_val_in_pages <-__mod_memcg_lruvec_state
     cat-177       3...2. 8381us : __css_rstat_updated <-__mod_memcg_lruvec_state
     cat-177       3...1. 8381us : __rcu_read_unlock <-folio_remove_rmap_ptes
     cat-177       3...1. 8381us : __tlb_remove_folio_pages <-__zap_vma_range
     cat-177       3...1. 8382us : vm_normal_page <-__zap_vma_range
     cat-177       3...1. 8382us : arch_check_zapped_pte <-__zap_vma_range
     cat-177       3...1. 8382us : folio_remove_rmap_ptes <-__zap_vma_range
     cat-177       3...1. 8382us : lruvec_stat_mod_folio <-folio_remove_rmap_ptes
     cat-177       3...1. 8382us : __rcu_read_lock <-lruvec_stat_mod_folio
     cat-177       3...1. 8382us : mod_node_page_state <-lruvec_stat_mod_folio
     cat-177       3...1. 8383us : __mod_memcg_lruvec_state <-lruvec_stat_mod_folio
     cat-177       3...2. 8383us : memcg_state_val_in_pages <-__mod_memcg_lruvec_state
     cat-177       3...2. 8383us : __css_rstat_updated <-__mod_memcg_lruvec_state
     cat-177       3...1. 8383us : __rcu_read_unlock <-folio_remove_rmap_ptes
     cat-177       3...1. 8383us : __tlb_remove_folio_pages <-__zap_vma_range
     cat-177       3...1. 8383us : _raw_spin_unlock <-__zap_vma_range
     cat-177       3..... 8384us : __rcu_read_unlock <-__zap_vma_range
     cat-177       3..... 8384us : __zap_vma_range <-unmap_vmas
     cat-177       3..... 8384us : pte_offset_map_lock <-__zap_vma_range
     cat-177       3..... 8384us : __pte_offset_map <-pte_offset_map_lock
     cat-177       3..... 8384us : __rcu_read_lock <-__pte_offset_map
     cat-177       3..... 8384us : _raw_spin_lock <-pte_offset_map_lock
     cat-177       3...1. 8385us : flush_tlb_batched_pending <-__zap_vma_range
     cat-177       3...1. 8385us : vm_normal_page <-__zap_vma_range
     cat-177       3...1. 8385us : arch_check_zapped_pte <-__zap_vma_range
     cat-177       3...1. 8385us : folio_remove_rmap_ptes <-__zap_vma_range
     cat-177       3...1. 8385us : lruvec_stat_mod_folio <-folio_remove_rmap_ptes
     cat-177       3...1. 8385us : __rcu_read_lock <-lruvec_stat_mod_folio
     cat-177       3...1. 8385us : mod_node_page_state <-lruvec_stat_mod_folio
     cat-177       3...1. 8386us : __mod_memcg_lruvec_state <-lruvec_stat_mod_folio
     cat-177       3...2. 8386us : memcg_state_val_in_pages <-__mod_memcg_lruvec_state
     cat-177       3...2. 8386us : __css_rstat_updated <-__mod_memcg_lruvec_state
     cat-177       3...1. 8386us : __rcu_read_unlock <-folio_remove_rmap_ptes
     cat-177       3...1. 8386us : __tlb_remove_folio_pages <-__zap_vma_range
     cat-177       3...1. 8386us : vm_normal_page <-__zap_vma_range
     cat-177       3...1. 8387us : arch_check_zapped_pte <-__zap_vma_range
     cat-177       3...1. 8387us : folio_remove_rmap_ptes <-__zap_vma_range
     cat-177       3...1. 8387us : lruvec_stat_mod_folio <-folio_remove_rmap_ptes
     cat-177       3...1. 8387us : __rcu_read_lock <-lruvec_stat_mod_folio
     cat-177       3...1. 8387us : mod_node_page_state <-lruvec_stat_mod_folio
     cat-177       3...1. 8387us : __mod_memcg_lruvec_state <-lruvec_stat_mod_folio
     cat-177       3...2. 8388us : memcg_state_val_in_pages <-__mod_memcg_lruvec_state
     cat-177       3...2. 8388us : __css_rstat_updated <-__mod_memcg_lruvec_state
     cat-177       3...1. 8388us : __rcu_read_unlock <-folio_remove_rmap_ptes
     cat-177       3...1. 8388us : __tlb_remove_folio_pages <-__zap_vma_range
     cat-177       3...1. 8388us : _raw_spin_unlock <-__zap_vma_range
     cat-177       3..... 8388us : __rcu_read_unlock <-__zap_vma_range
     cat-177       3..... 8389us : __zap_vma_range <-unmap_vmas
     cat-177       3..... 8389us : pte_offset_map_lock <-__zap_vma_range
     cat-177       3..... 8389us : __pte_offset_map <-pte_offset_map_lock
     cat-177       3..... 8389us : __rcu_read_lock <-__pte_offset_map
     cat-177       3..... 8389us : _raw_spin_lock <-pte_offset_map_lock
     cat-177       3...1. 8389us : flush_tlb_batched_pending <-__zap_vma_range
     cat-177       3...1. 8390us : vm_normal_page <-__zap_vma_range
     cat-177       3...1. 8390us : arch_check_zapped_pte <-__zap_vma_range
     cat-177       3...1. 8390us : folio_remove_rmap_ptes <-__zap_vma_range
     cat-177       3...1. 8390us : lruvec_stat_mod_folio <-folio_remove_rmap_ptes
     cat-177       3...1. 8390us : __rcu_read_lock <-lruvec_stat_mod_folio
     cat-177       3...1. 8390us : mod_node_page_state <-lruvec_stat_mod_folio
     cat-177       3...1. 8391us : __mod_memcg_lruvec_state <-lruvec_stat_mod_folio
     cat-177       3...2. 8391us : memcg_state_val_in_pages <-__mod_memcg_lruvec_state
     cat-177       3...2. 8391us : __css_rstat_updated <-__mod_memcg_lruvec_state
     cat-177       3...1. 8391us : __rcu_read_unlock <-folio_remove_rmap_ptes
     cat-177       3...1. 8391us : __tlb_remove_folio_pages <-__zap_vma_range
     cat-177       3...1. 8391us : vm_normal_page <-__zap_vma_range
     cat-177       3...1. 8392us : arch_check_zapped_pte <-__zap_vma_range
     cat-177       3...1. 8392us : folio_remove_rmap_ptes <-__zap_vma_range
     cat-177       3...1. 8392us : lruvec_stat_mod_folio <-folio_remove_rmap_ptes
     cat-177       3...1. 8392us : __rcu_read_lock <-lruvec_stat_mod_folio
     cat-177       3...1. 8392us : mod_node_page_state <-lruvec_stat_mod_folio
     cat-177       3...1. 8392us : __mod_memcg_lruvec_state <-lruvec_stat_mod_folio
     cat-177       3...2. 8392us : memcg_state_val_in_pages <-__mod_memcg_lruvec_state
     cat-177       3...2. 8393us : __css_rstat_updated <-__mod_memcg_lruvec_state
     cat-177       3...1. 8393us : __rcu_read_unlock <-folio_remove_rmap_ptes
     cat-177       3...1. 8393us : __tlb_remove_folio_pages <-__zap_vma_range
     cat-177       3...1. 8393us : _raw_spin_unlock <-__zap_vma_range
     cat-177       3..... 8393us : __rcu_read_unlock <-__zap_vma_range
     cat-177       3..... 8394us : up_read <-exit_mmap
     cat-177       3..... 8394us : down_write <-exit_mmap
     cat-177       3..... 8394us : free_pgtables <-exit_mmap
     cat-177       3..... 8394us : __vma_start_write <-free_pgtables
     cat-177       3..... 8394us : __vma_start_exclude_readers <-__vma_start_write
     cat-177       3..... 8395us : finish_rcuwait <-__vma_start_exclude_readers
     cat-177       3..... 8395us : unlink_anon_vmas <-free_pgtables
     cat-177       3..... 8395us : unlink_file_vma_batch_init <-free_pgtables
     cat-177       3..... 8395us : unlink_file_vma_batch_add <-free_pgtables
     cat-177       3..... 8395us : __vma_start_write <-free_pgtables
     cat-177       3..... 8396us : __vma_start_exclude_readers <-__vma_start_write
     cat-177       3..... 8396us : finish_rcuwait <-__vma_start_exclude_readers
     cat-177       3..... 8396us : unlink_anon_vmas <-free_pgtables
     cat-177       3..... 8396us : down_write <-unlink_anon_vmas
     cat-177       3..... 8396us : anon_vma_interval_tree_remove <-unlink_anon_vmas
     cat-177       3..... 8397us : up_write <-unlink_anon_vmas
     cat-177       3..... 8397us : __put_anon_vma <-unlink_anon_vmas
     cat-177       3..... 8397us : kmem_cache_free <-__put_anon_vma
     cat-177       3..... 8397us : kmem_cache_free <-unlink_anon_vmas
     cat-177       3..... 8397us : unlink_file_vma_batch_add <-free_pgtables
     cat-177       3..... 8397us : unlink_file_vma_batch_final <-free_pgtables
     cat-177       3..... 8398us : free_pgd_range <-free_pgtables
     cat-177       3..... 8398us : ___pte_free_tlb <-free_pgd_range
     cat-177       3..... 8398us : tlb_remove_table <-free_pgd_range
     cat-177       3..... 8398us : get_free_pages_noprof <-tlb_remove_table
     cat-177       3..... 8398us : alloc_pages_noprof <-get_free_pages_noprof
     cat-177       3..... 8398us : alloc_pages_mpol <-alloc_pages_noprof
     cat-177       3..... 8399us : policy_nodemask <-alloc_pages_mpol
     cat-177       3..... 8399us : __alloc_frozen_pages_noprof <-alloc_pages_mpol
     cat-177       3..... 8399us : get_page_from_freelist <-__alloc_frozen_pages_noprof
     cat-177       3...1. 8399us : _raw_spin_trylock <-get_page_from_freelist
     cat-177       3...2. 8399us : _raw_spin_unlock <-get_page_from_freelist
     cat-177       3..... 8399us : kernel_init_pages <-get_page_from_freelist
     cat-177       3..... 8400us : ___pmd_free_tlb <-free_pgd_range
     cat-177       3..... 8400us : tlb_remove_table <-free_pgd_range
     cat-177       3..... 8400us : ___pud_free_tlb <-free_pgd_range
     cat-177       3..... 8400us : tlb_remove_table <-free_pgd_range
     cat-177       3..... 8401us : __vma_start_write <-free_pgtables
     cat-177       3..... 8401us : __vma_start_exclude_readers <-__vma_start_write
     cat-177       3..... 8401us : finish_rcuwait <-__vma_start_exclude_readers
     cat-177       3..... 8401us : unlink_anon_vmas <-free_pgtables
     cat-177       3..... 8401us : down_write <-unlink_anon_vmas
     cat-177       3..... 8402us : anon_vma_interval_tree_remove <-unlink_anon_vmas
     cat-177       3..... 8402us : up_write <-unlink_anon_vmas
     cat-177       3..... 8402us : __put_anon_vma <-unlink_anon_vmas
     cat-177       3..... 8402us : kmem_cache_free <-__put_anon_vma
     cat-177       3..... 8402us : kmem_cache_free <-unlink_anon_vmas
     cat-177       3..... 8402us : unlink_file_vma_batch_init <-free_pgtables
     cat-177       3..... 8402us : unlink_file_vma_batch_add <-free_pgtables
     cat-177       3..... 8403us : __vma_start_write <-free_pgtables
     cat-177       3..... 8403us : __vma_start_exclude_readers <-__vma_start_write
     cat-177       3..... 8403us : finish_rcuwait <-__vma_start_exclude_readers
     cat-177       3..... 8403us : unlink_anon_vmas <-free_pgtables
     cat-177       3..... 8403us : unlink_file_vma_batch_add <-free_pgtables
     cat-177       3..... 8404us : __vma_start_write <-free_pgtables
     cat-177       3..... 8404us : __vma_start_exclude_readers <-__vma_start_write
     cat-177       3..... 8404us : finish_rcuwait <-__vma_start_exclude_readers
     cat-177       3..... 8404us : unlink_anon_vmas <-free_pgtables
     cat-177       3..... 8404us : unlink_file_vma_batch_add <-free_pgtables
     cat-177       3..... 8404us : __vma_start_write <-free_pgtables
     cat-177       3..... 8404us : __vma_start_exclude_readers <-__vma_start_write
     cat-177       3..... 8405us : finish_rcuwait <-__vma_start_exclude_readers
     cat-177       3..... 8405us : unlink_anon_vmas <-free_pgtables
     cat-177       3..... 8405us : unlink_file_vma_batch_add <-free_pgtables
     cat-177       3..... 8405us : __vma_start_write <-free_pgtables
     cat-177       3..... 8405us : __vma_start_exclude_readers <-__vma_start_write
     cat-177       3..... 8405us : finish_rcuwait <-__vma_start_exclude_readers
     cat-177       3..... 8406us : unlink_anon_vmas <-free_pgtables
     cat-177       3..... 8406us : unlink_file_vma_batch_add <-free_pgtables
     cat-177       3..... 8406us : __vma_start_write <-free_pgtables
     cat-177       3..... 8406us : __vma_start_exclude_readers <-__vma_start_write
     cat-177       3..... 8406us : finish_rcuwait <-__vma_start_exclude_readers
     cat-177       3..... 8406us : unlink_anon_vmas <-free_pgtables
     cat-177       3..... 8407us : unlink_file_vma_batch_add <-free_pgtables
     cat-177       3..... 8407us : __vma_start_write <-free_pgtables
     cat-177       3..... 8407us : __vma_start_exclude_readers <-__vma_start_write
     cat-177       3..... 8407us : finish_rcuwait <-__vma_start_exclude_readers
     cat-177       3..... 8407us : unlink_anon_vmas <-free_pgtables
     cat-177       3..... 8407us : unlink_file_vma_batch_add <-free_pgtables
     cat-177       3..... 8408us : __vma_start_write <-free_pgtables
     cat-177       3..... 8408us : __vma_start_exclude_readers <-__vma_start_write
     cat-177       3..... 8408us : finish_rcuwait <-__vma_start_exclude_readers
     cat-177       3..... 8408us : unlink_anon_vmas <-free_pgtables
     cat-177       3..... 8408us : down_write <-unlink_anon_vmas
     cat-177       3..... 8408us : anon_vma_interval_tree_remove <-unlink_anon_vmas
     cat-177       3..... 8409us : up_write <-unlink_anon_vmas
     cat-177       3..... 8409us : __put_anon_vma <-unlink_anon_vmas
     cat-177       3..... 8409us : kmem_cache_free <-__put_anon_vma
     cat-177       3..... 8409us : kmem_cache_free <-unlink_anon_vmas
     cat-177       3..... 8409us : unlink_file_vma_batch_add <-free_pgtables
     cat-177       3..... 8409us : __vma_start_write <-free_pgtables
     cat-177       3..... 8410us : __vma_start_exclude_readers <-__vma_start_write
     cat-177       3..... 8410us : finish_rcuwait <-__vma_start_exclude_readers
     cat-177       3..... 8410us : unlink_anon_vmas <-free_pgtables
     cat-177       3..... 8410us : down_write <-unlink_anon_vmas
     cat-177       3..... 8410us : anon_vma_interval_tree_remove <-unlink_anon_vmas
     cat-177       3..... 8410us : up_write <-unlink_anon_vmas
     cat-177       3..... 8411us : __put_anon_vma <-unlink_anon_vmas
     cat-177       3..... 8411us : kmem_cache_free <-__put_anon_vma
     cat-177       3..... 8411us : kmem_cache_free <-unlink_anon_vmas
     cat-177       3..... 8411us : unlink_file_vma_batch_add <-free_pgtables
     cat-177       3..... 8411us : unlink_file_vma_batch_final <-free_pgtables
     cat-177       3..... 8411us : unlink_file_vma_batch_process <-free_pgtables
     cat-177       3..... 8412us : down_write <-unlink_file_vma_batch_process
     cat-177       3..... 8412us : vma_interval_tree_remove <-unlink_file_vma_batch_process
     cat-177       3..... 8412us : vma_interval_tree_remove <-unlink_file_vma_batch_process
     cat-177       3..... 8412us : vma_interval_tree_remove <-unlink_file_vma_batch_process
     cat-177       3..... 8412us : vma_interval_tree_remove <-unlink_file_vma_batch_process
     cat-177       3..... 8412us : up_write <-unlink_file_vma_batch_process
     cat-177       3..... 8413us : free_pgd_range <-free_pgtables
     cat-177       3..... 8413us : ___pte_free_tlb <-free_pgd_range
     cat-177       3..... 8413us : tlb_remove_table <-free_pgd_range
     cat-177       3..... 8413us : ___pmd_free_tlb <-free_pgd_range
     cat-177       3..... 8413us : tlb_remove_table <-free_pgd_range
     cat-177       3..... 8414us : __vma_start_write <-free_pgtables
     cat-177       3..... 8414us : __vma_start_exclude_readers <-__vma_start_write
     cat-177       3..... 8414us : finish_rcuwait <-__vma_start_exclude_readers
     cat-177       3..... 8414us : unlink_anon_vmas <-free_pgtables
     cat-177       3..... 8414us : down_write <-unlink_anon_vmas
     cat-177       3..... 8414us : anon_vma_interval_tree_remove <-unlink_anon_vmas
     cat-177       3..... 8415us : up_write <-unlink_anon_vmas
     cat-177       3..... 8415us : __put_anon_vma <-unlink_anon_vmas
     cat-177       3..... 8415us : kmem_cache_free <-__put_anon_vma
     cat-177       3..... 8415us : kmem_cache_free <-unlink_anon_vmas
     cat-177       3..... 8415us : unlink_file_vma_batch_init <-free_pgtables
     cat-177       3..... 8415us : unlink_file_vma_batch_add <-free_pgtables
     cat-177       3..... 8416us : unlink_file_vma_batch_final <-free_pgtables
     cat-177       3..... 8416us : free_pgd_range <-free_pgtables
     cat-177       3..... 8416us : ___pte_free_tlb <-free_pgd_range
     cat-177       3..... 8416us : tlb_remove_table <-free_pgd_range
     cat-177       3..... 8416us : ___pmd_free_tlb <-free_pgd_range
     cat-177       3..... 8416us : tlb_remove_table <-free_pgd_range
     cat-177       3..... 8417us : ___pud_free_tlb <-free_pgd_range
     cat-177       3..... 8417us : tlb_remove_table <-free_pgd_range
     cat-177       3..... 8417us : tlb_finish_mmu <-exit_mmap
     cat-177       3..... 8417us : flush_tlb_mm_range <-tlb_flush_mmu_tlbonly
     cat-177       3..... 8417us : call_rcu <-tlb_finish_mmu
     cat-177       3..... 8418us : __call_rcu_common <-tlb_finish_mmu
     cat-177       3d.... 8418us : rcu_async_should_hurry <-__call_rcu_common
     cat-177       3d.... 8418us : rcu_segcblist_enqueue <-__call_rcu_common
     cat-177       3..... 8418us : __tlb_batch_free_encoded_pages <-tlb_finish_mmu
     cat-177       3..... 8418us : free_pages_and_swap_cache <-__tlb_batch_free_encoded_pages
     cat-177       3..... 8419us : free_swap_cache <-free_pages_and_swap_cache
     cat-177       3..... 8419us : free_swap_cache <-free_pages_and_swap_cache
     cat-177       3..... 8419us : free_swap_cache <-free_pages_and_swap_cache
     cat-177       3..... 8419us : free_swap_cache <-free_pages_and_swap_cache
     cat-177       3..... 8419us : free_swap_cache <-free_pages_and_swap_cache
     cat-177       3..... 8419us : free_swap_cache <-free_pages_and_swap_cache
     cat-177       3..... 8420us : free_swap_cache <-free_pages_and_swap_cache
     cat-177       3..... 8420us : folios_put_refs <-free_pages_and_swap_cache
     cat-177       3..... 8420us : __tlb_batch_free_encoded_pages <-tlb_finish_mmu
     cat-177       3..... 8420us : free_pages_and_swap_cache <-__tlb_batch_free_encoded_pages
     cat-177       3..... 8420us : free_swap_cache <-free_pages_and_swap_cache
     cat-177       3..... 8420us : free_swap_cache <-free_pages_and_swap_cache
     cat-177       3..... 8421us : free_swap_cache <-free_pages_and_swap_cache
     cat-177       3..... 8421us : free_swap_cache <-free_pages_and_swap_cache
     cat-177       3..... 8421us : free_swap_cache <-free_pages_and_swap_cache
     cat-177       3..... 8421us : free_swap_cache <-free_pages_and_swap_cache
     cat-177       3..... 8421us : free_swap_cache <-free_pages_and_swap_cache
     cat-177       3..... 8422us : free_swap_cache <-free_pages_and_swap_cache
     cat-177       3..... 8422us : free_swap_cache <-free_pages_and_swap_cache
     cat-177       3..... 8422us : free_swap_cache <-free_pages_and_swap_cache
     cat-177       3..... 8422us : free_swap_cache <-free_pages_and_swap_cache
     cat-177       3..... 8422us : free_swap_cache <-free_pages_and_swap_cache
     cat-177       3..... 8422us : free_swap_cache <-free_pages_and_swap_cache
     cat-177       3..... 8422us : free_swap_cache <-free_pages_and_swap_cache
     cat-177       3..... 8423us : free_swap_cache <-free_pages_and_swap_cache
     cat-177       3..... 8423us : free_swap_cache <-free_pages_and_swap_cache
     cat-177       3..... 8423us : free_swap_cache <-free_pages_and_swap_cache
     cat-177       3..... 8423us : free_swap_cache <-free_pages_and_swap_cache
     cat-177       3..... 8423us : free_swap_cache <-free_pages_and_swap_cache
     cat-177       3..... 8423us : free_swap_cache <-free_pages_and_swap_cache
     cat-177       3..... 8424us : free_swap_cache <-free_pages_and_swap_cache
     cat-177       3..... 8424us : free_swap_cache <-free_pages_and_swap_cache
     cat-177       3..... 8424us : free_swap_cache <-free_pages_and_swap_cache
     cat-177       3..... 8424us : free_swap_cache <-free_pages_and_swap_cache
     cat-177       3..... 8424us : free_swap_cache <-free_pages_and_swap_cache
     cat-177       3..... 8424us : free_swap_cache <-free_pages_and_swap_cache
     cat-177       3..... 8424us : free_swap_cache <-free_pages_and_swap_cache
     cat-177       3..... 8425us : free_swap_cache <-free_pages_and_swap_cache
     cat-177       3..... 8425us : free_swap_cache <-free_pages_and_swap_cache
     cat-177       3..... 8425us : free_swap_cache <-free_pages_and_swap_cache
     cat-177       3..... 8425us : free_swap_cache <-free_pages_and_swap_cache
     cat-177       3..... 8425us : folios_put_refs <-free_pages_and_swap_cache
     cat-177       3..... 8426us : free_swap_cache <-free_pages_and_swap_cache
     cat-177       3..... 8426us : free_swap_cache <-free_pages_and_swap_cache
     cat-177       3..... 8426us : free_swap_cache <-free_pages_and_swap_cache
     cat-177       3..... 8426us : free_swap_cache <-free_pages_and_swap_cache
     cat-177       3..... 8426us : free_swap_cache <-free_pages_and_swap_cache
     cat-177       3..... 8426us : free_swap_cache <-free_pages_and_swap_cache
     cat-177       3..... 8426us : free_swap_cache <-free_pages_and_swap_cache
     cat-177       3..... 8427us : free_swap_cache <-free_pages_and_swap_cache
     cat-177       3..... 8427us : free_swap_cache <-free_pages_and_swap_cache
     cat-177       3..... 8427us : free_swap_cache <-free_pages_and_swap_cache
     cat-177       3..... 8427us : free_swap_cache <-free_pages_and_swap_cache
     cat-177       3..... 8427us : free_swap_cache <-free_pages_and_swap_cache
     cat-177       3..... 8427us : free_swap_cache <-free_pages_and_swap_cache
     cat-177       3..... 8428us : free_swap_cache <-free_pages_and_swap_cache
     cat-177       3..... 8428us : free_swap_cache <-free_pages_and_swap_cache
     cat-177       3..... 8428us : free_swap_cache <-free_pages_and_swap_cache
     cat-177       3..... 8428us : free_swap_cache <-free_pages_and_swap_cache
     cat-177       3..... 8428us : free_swap_cache <-free_pages_and_swap_cache
     cat-177       3..... 8428us : free_swap_cache <-free_pages_and_swap_cache
     cat-177       3..... 8428us : free_swap_cache <-free_pages_and_swap_cache
     cat-177       3..... 8429us : free_swap_cache <-free_pages_and_swap_cache
     cat-177       3..... 8429us : free_swap_cache <-free_pages_and_swap_cache
     cat-177       3..... 8429us : free_swap_cache <-free_pages_and_swap_cache
     cat-177       3..... 8429us : free_swap_cache <-free_pages_and_swap_cache
     cat-177       3..... 8429us : free_swap_cache <-free_pages_and_swap_cache
     cat-177       3..... 8429us : free_swap_cache <-free_pages_and_swap_cache
     cat-177       3..... 8430us : free_swap_cache <-free_pages_and_swap_cache
     cat-177       3..... 8430us : free_swap_cache <-free_pages_and_swap_cache
     cat-177       3..... 8430us : free_swap_cache <-free_pages_and_swap_cache
     cat-177       3..... 8430us : free_swap_cache <-free_pages_and_swap_cache
     cat-177       3..... 8430us : free_swap_cache <-free_pages_and_swap_cache
     cat-177       3..... 8430us : folios_put_refs <-free_pages_and_swap_cache
     cat-177       3..... 8431us : free_swap_cache <-free_pages_and_swap_cache
     cat-177       3..... 8431us : free_swap_cache <-free_pages_and_swap_cache
     cat-177       3..... 8431us : free_swap_cache <-free_pages_and_swap_cache
     cat-177       3..... 8431us : free_swap_cache <-free_pages_and_swap_cache
     cat-177       3..... 8431us : free_swap_cache <-free_pages_and_swap_cache
     cat-177       3..... 8431us : free_swap_cache <-free_pages_and_swap_cache
     cat-177       3..... 8432us : free_swap_cache <-free_pages_and_swap_cache
     cat-177       3..... 8432us : free_swap_cache <-free_pages_and_swap_cache
     cat-177       3..... 8432us : free_swap_cache <-free_pages_and_swap_cache
     cat-177       3..... 8432us : free_swap_cache <-free_pages_and_swap_cache
     cat-177       3..... 8432us : free_swap_cache <-free_pages_and_swap_cache
     cat-177       3..... 8432us : free_swap_cache <-free_pages_and_swap_cache
     cat-177       3..... 8432us : free_swap_cache <-free_pages_and_swap_cache
     cat-177       3..... 8433us : free_swap_cache <-free_pages_and_swap_cache
     cat-177       3..... 8433us : free_swap_cache <-free_pages_and_swap_cache
     cat-177       3..... 8433us : free_swap_cache <-free_pages_and_swap_cache
     cat-177       3..... 8433us : free_swap_cache <-free_pages_and_swap_cache
     cat-177       3..... 8433us : free_swap_cache <-free_pages_and_swap_cache
     cat-177       3..... 8433us : free_swap_cache <-free_pages_and_swap_cache
     cat-177       3..... 8434us : free_swap_cache <-free_pages_and_swap_cache
     cat-177       3..... 8434us : free_swap_cache <-free_pages_and_swap_cache
     cat-177       3..... 8434us : free_swap_cache <-free_pages_and_swap_cache
     cat-177       3..... 8434us : free_swap_cache <-free_pages_and_swap_cache
     cat-177       3..... 8434us : free_swap_cache <-free_pages_and_swap_cache
     cat-177       3..... 8434us : free_swap_cache <-free_pages_and_swap_cache
     cat-177       3..... 8434us : free_swap_cache <-free_pages_and_swap_cache
     cat-177       3..... 8435us : free_swap_cache <-free_pages_and_swap_cache
     cat-177       3..... 8435us : free_swap_cache <-free_pages_and_swap_cache
     cat-177       3..... 8435us : free_swap_cache <-free_pages_and_swap_cache
     cat-177       3..... 8435us : free_swap_cache <-free_pages_and_swap_cache
     cat-177       3..... 8435us : free_swap_cache <-free_pages_and_swap_cache
     cat-177       3..... 8435us : folios_put_refs <-free_pages_and_swap_cache
     cat-177       3..... 8436us : free_swap_cache <-free_pages_and_swap_cache
     cat-177       3..... 8436us : free_swap_cache <-free_pages_and_swap_cache
     cat-177       3..... 8436us : free_swap_cache <-free_pages_and_swap_cache
     cat-177       3..... 8436us : free_swap_cache <-free_pages_and_swap_cache
     cat-177       3..... 8436us : free_swap_cache <-free_pages_and_swap_cache
     cat-177       3..... 8436us : free_swap_cache <-free_pages_and_swap_cache
     cat-177       3..... 8437us : free_swap_cache <-free_pages_and_swap_cache
     cat-177       3..... 8437us : free_swap_cache <-free_pages_and_swap_cache
     cat-177       3..... 8437us : free_swap_cache <-free_pages_and_swap_cache
     cat-177       3..... 8437us : free_swap_cache <-free_pages_and_swap_cache
     cat-177       3..... 8437us : free_swap_cache <-free_pages_and_swap_cache
     cat-177       3..... 8437us : free_swap_cache <-free_pages_and_swap_cache
     cat-177       3..... 8438us : free_swap_cache <-free_pages_and_swap_cache
     cat-177       3..... 8438us : free_swap_cache <-free_pages_and_swap_cache
     cat-177       3..... 8438us : free_swap_cache <-free_pages_and_swap_cache
     cat-177       3..... 8438us : free_swap_cache <-free_pages_and_swap_cache
     cat-177       3..... 8438us : free_swap_cache <-free_pages_and_swap_cache
     cat-177       3..... 8438us : free_swap_cache <-free_pages_and_swap_cache
     cat-177       3..... 8438us : free_swap_cache <-free_pages_and_swap_cache
     cat-177       3..... 8439us : free_swap_cache <-free_pages_and_swap_cache
     cat-177       3..... 8439us : free_swap_cache <-free_pages_and_swap_cache
     cat-177       3..... 8439us : free_swap_cache <-free_pages_and_swap_cache
     cat-177       3..... 8439us : free_swap_cache <-free_pages_and_swap_cache
     cat-177       3..... 8439us : free_swap_cache <-free_pages_and_swap_cache
     cat-177       3..... 8439us : free_swap_cache <-free_pages_and_swap_cache
     cat-177       3..... 8440us : free_swap_cache <-free_pages_and_swap_cache
     cat-177       3..... 8440us : free_swap_cache <-free_pages_and_swap_cache
     cat-177       3..... 8440us : free_swap_cache <-free_pages_and_swap_cache
     cat-177       3..... 8440us : free_swap_cache <-free_pages_and_swap_cache
     cat-177       3..... 8440us : free_swap_cache <-free_pages_and_swap_cache
     cat-177       3..... 8440us : free_swap_cache <-free_pages_and_swap_cache
     cat-177       3..... 8440us : folios_put_refs <-free_pages_and_swap_cache
     cat-177       3..... 8441us : free_swap_cache <-free_pages_and_swap_cache
     cat-177       3..... 8441us : free_swap_cache <-free_pages_and_swap_cache
     cat-177       3..... 8441us : free_swap_cache <-free_pages_and_swap_cache
     cat-177       3..... 8441us : free_swap_cache <-free_pages_and_swap_cache
     cat-177       3..... 8441us : free_swap_cache <-free_pages_and_swap_cache
     cat-177       3..... 8441us : free_swap_cache <-free_pages_and_swap_cache
     cat-177       3..... 8442us : free_swap_cache <-free_pages_and_swap_cache
     cat-177       3..... 8442us : free_swap_cache <-free_pages_and_swap_cache
     cat-177       3..... 8442us : free_swap_cache <-free_pages_and_swap_cache
     cat-177       3..... 8442us : free_swap_cache <-free_pages_and_swap_cache
     cat-177       3..... 8442us : free_swap_cache <-free_pages_and_swap_cache
     cat-177       3..... 8442us : free_swap_cache <-free_pages_and_swap_cache
     cat-177       3..... 8443us : free_swap_cache <-free_pages_and_swap_cache
     cat-177       3..... 8443us : free_swap_cache <-free_pages_and_swap_cache
     cat-177       3..... 8443us : free_swap_cache <-free_pages_and_swap_cache
     cat-177       3..... 8443us : free_swap_cache <-free_pages_and_swap_cache
     cat-177       3..... 8443us : free_swap_cache <-free_pages_and_swap_cache
     cat-177       3..... 8443us : free_swap_cache <-free_pages_and_swap_cache
     cat-177       3..... 8444us : free_swap_cache <-free_pages_and_swap_cache
     cat-177       3..... 8444us : free_swap_cache <-free_pages_and_swap_cache
     cat-177       3..... 8444us : free_swap_cache <-free_pages_and_swap_cache
     cat-177       3..... 8444us : free_swap_cache <-free_pages_and_swap_cache
     cat-177       3..... 8444us : free_swap_cache <-free_pages_and_swap_cache
     cat-177       3..... 8444us : free_swap_cache <-free_pages_and_swap_cache
     cat-177       3..... 8445us : free_swap_cache <-free_pages_and_swap_cache
     cat-177       3..... 8445us : free_swap_cache <-free_pages_and_swap_cache
     cat-177       3..... 8445us : free_swap_cache <-free_pages_and_swap_cache
     cat-177       3..... 8445us : free_swap_cache <-free_pages_and_swap_cache
     cat-177       3..... 8445us : free_swap_cache <-free_pages_and_swap_cache
     cat-177       3..... 8445us : free_swap_cache <-free_pages_and_swap_cache
     cat-177       3..... 8445us : free_swap_cache <-free_pages_and_swap_cache
     cat-177       3..... 8446us : folios_put_refs <-free_pages_and_swap_cache
     cat-177       3..... 8446us : free_swap_cache <-free_pages_and_swap_cache
     cat-177       3..... 8446us : free_swap_cache <-free_pages_and_swap_cache
     cat-177       3..... 8446us : free_swap_cache <-free_pages_and_swap_cache
     cat-177       3..... 8446us : free_swap_cache <-free_pages_and_swap_cache
     cat-177       3..... 8446us : free_swap_cache <-free_pages_and_swap_cache
     cat-177       3..... 8447us : free_swap_cache <-free_pages_and_swap_cache
     cat-177       3..... 8447us : free_swap_cache <-free_pages_and_swap_cache
     cat-177       3..... 8447us : free_swap_cache <-free_pages_and_swap_cache
     cat-177       3..... 8447us : free_swap_cache <-free_pages_and_swap_cache
     cat-177       3..... 8447us : free_swap_cache <-free_pages_and_swap_cache
     cat-177       3..... 8447us : free_swap_cache <-free_pages_and_swap_cache
     cat-177       3..... 8448us : free_swap_cache <-free_pages_and_swap_cache
     cat-177       3..... 8448us : free_swap_cache <-free_pages_and_swap_cache
     cat-177       3..... 8448us : free_swap_cache <-free_pages_and_swap_cache
     cat-177       3..... 8448us : free_swap_cache <-free_pages_and_swap_cache
     cat-177       3..... 8448us : free_swap_cache <-free_pages_and_swap_cache
     cat-177       3..... 8448us : free_swap_cache <-free_pages_and_swap_cache
     cat-177       3..... 8448us : free_swap_cache <-free_pages_and_swap_cache
     cat-177       3..... 8449us : free_swap_cache <-free_pages_and_swap_cache
     cat-177       3..... 8449us : free_swap_cache <-free_pages_and_swap_cache
     cat-177       3..... 8449us : free_swap_cache <-free_pages_and_swap_cache
     cat-177       3..... 8449us : folios_put_refs <-free_pages_and_swap_cache
     cat-177       3..... 8449us : free_pages <-tlb_finish_mmu
     cat-177       3..... 8450us : ___free_pages <-tlb_finish_mmu
     cat-177       3..... 8450us : __free_frozen_pages <-tlb_finish_mmu
     cat-177       3..... 8450us : __get_pfnblock_flags_mask.isra.0 <-__free_frozen_pages
     cat-177       3...1. 8450us : _raw_spin_trylock <-__free_frozen_pages
     cat-177       3...2. 8450us : free_frozen_page_commit <-__free_frozen_pages
     cat-177       3...2. 8450us : _raw_spin_unlock <-__free_frozen_pages
     cat-177       3..... 8451us : tear_down_vmas <-exit_mmap
     cat-177       3..... 8451us : remove_vma <-tear_down_vmas
     cat-177       3..... 8451us : vm_area_free <-tear_down_vmas
     cat-177       3..... 8451us : kfree <-vm_area_free
     cat-177       3..... 8451us : kmem_cache_free <-tear_down_vmas
     cat-177       3..... 8452us : remove_vma <-tear_down_vmas
     cat-177       3..... 8452us : vm_area_free <-tear_down_vmas
     cat-177       3..... 8452us : kfree <-vm_area_free
     cat-177       3..... 8452us : kmem_cache_free <-tear_down_vmas
     cat-177       3..... 8453us : remove_vma <-tear_down_vmas
     cat-177       3..... 8453us : vm_area_free <-tear_down_vmas
     cat-177       3..... 8453us : kfree <-vm_area_free
     cat-177       3..... 8453us : kmem_cache_free <-tear_down_vmas
     cat-177       3..... 8453us : remove_vma <-tear_down_vmas
     cat-177       3..... 8453us : special_mapping_close <-remove_vma
     cat-177       3..... 8454us : vm_area_free <-tear_down_vmas
     cat-177       3..... 8454us : kfree <-vm_area_free
     cat-177       3..... 8454us : kmem_cache_free <-tear_down_vmas
     cat-177       3..... 8454us : remove_vma <-tear_down_vmas
     cat-177       3..... 8454us : special_mapping_close <-remove_vma
     cat-177       3..... 8454us : vm_area_free <-tear_down_vmas
     cat-177       3..... 8455us : kfree <-vm_area_free
     cat-177       3..... 8455us : kmem_cache_free <-tear_down_vmas
     cat-177       3..... 8455us : remove_vma <-tear_down_vmas
     cat-177       3..... 8455us : special_mapping_close <-remove_vma
     cat-177       3..... 8455us : vm_area_free <-tear_down_vmas
     cat-177       3..... 8455us : kfree <-vm_area_free
     cat-177       3..... 8456us : kmem_cache_free <-tear_down_vmas
     cat-177       3..... 8456us : remove_vma <-tear_down_vmas
     cat-177       3..... 8456us : fput <-remove_vma
     cat-177       3..... 8456us : vm_area_free <-tear_down_vmas
     cat-177       3..... 8456us : kfree <-vm_area_free
     cat-177       3..... 8456us : kmem_cache_free <-tear_down_vmas
     cat-177       3..... 8457us : remove_vma <-tear_down_vmas
     cat-177       3..... 8457us : fput <-remove_vma
     cat-177       3..... 8457us : vm_area_free <-tear_down_vmas
     cat-177       3..... 8457us : kfree <-vm_area_free
     cat-177       3..... 8457us : kmem_cache_free <-tear_down_vmas
     cat-177       3..... 8457us : remove_vma <-tear_down_vmas
     cat-177       3..... 8458us : fput <-remove_vma
     cat-177       3..... 8458us : vm_area_free <-tear_down_vmas
     cat-177       3..... 8458us : kfree <-vm_area_free
     cat-177       3..... 8458us : kmem_cache_free <-tear_down_vmas
     cat-177       3..... 8458us : remove_vma <-tear_down_vmas
     cat-177       3..... 8458us : fput <-remove_vma
     cat-177       3..... 8459us : vm_area_free <-tear_down_vmas
     cat-177       3..... 8459us : kfree <-vm_area_free
     cat-177       3..... 8459us : kmem_cache_free <-tear_down_vmas
     cat-177       3..... 8459us : remove_vma <-tear_down_vmas
     cat-177       3..... 8459us : vm_area_free <-tear_down_vmas
     cat-177       3..... 8459us : kfree <-vm_area_free
     cat-177       3..... 8459us : kmem_cache_free <-tear_down_vmas
     cat-177       3..... 8460us : remove_vma <-tear_down_vmas
     cat-177       3..... 8460us : vm_area_free <-tear_down_vmas
     cat-177       3..... 8460us : kfree <-vm_area_free
     cat-177       3..... 8460us : kmem_cache_free <-tear_down_vmas
     cat-177       3..... 8460us : kfree <-__mt_destroy
     cat-177       3..... 8461us : up_write <-exit_mmap
     cat-177       3..... 8461us : mm_put_huge_zero_folio <-__mmput
     cat-177       3..... 8461us : fput <-__mmput
     cat-177       3...1. 8461us : __file_ref_put <-fput
     cat-177       3..... 8461us : __fput_deferred <-__mmput
     cat-177       3..... 8462us : task_work_add <-__fput_deferred
     cat-177       3..... 8462us : kick_process <-task_work_add
     cat-177       3..... 8462us : module_put <-__mmput
     cat-177       3..... 8462us : lru_gen_del_mm <-__mmput
     cat-177       3..... 8462us : _raw_spin_lock <-lru_gen_del_mm
     cat-177       3...1. 8463us : _raw_spin_unlock <-lru_gen_del_mm
     cat-177       3..... 8463us : futex_hash_free <-__mmput
     cat-177       3..... 8463us : free_percpu <-futex_hash_free
     cat-177       3..... 8463us : kvfree <-futex_hash_free
     cat-177       3..... 8463us : is_vmalloc_addr <-kvfree
     cat-177       3..... 8463us : kfree <-futex_hash_free
     cat-177       3..... 8464us : __mmdrop <-begin_new_exec
     cat-177       3..... 8464us : pgd_free <-__mmdrop
     cat-177       3..... 8464us : _raw_spin_lock <-pgd_free
     cat-177       3...1. 8464us : _raw_spin_unlock <-pgd_free
     cat-177       3..... 8464us : lruvec_stat_mod_folio <-pgd_free
     cat-177       3..... 8464us : __rcu_read_lock <-lruvec_stat_mod_folio
     cat-177       3..... 8465us : __rcu_read_unlock <-lruvec_stat_mod_folio
     cat-177       3..... 8465us : mod_node_page_state <-pgd_free
     cat-177       3..... 8465us : __free_pages <-__mmdrop
     cat-177       3..... 8465us : ___free_pages <-__mmdrop
     cat-177       3..... 8465us : __free_frozen_pages <-__mmdrop
     cat-177       3..... 8465us : __get_pfnblock_flags_mask.isra.0 <-__free_frozen_pages
     cat-177       3...1. 8466us : _raw_spin_trylock <-__free_frozen_pages
     cat-177       3...2. 8466us : free_frozen_page_commit <-__free_frozen_pages
     cat-177       3...2. 8466us : _raw_spin_unlock <-__free_frozen_pages
     cat-177       3..... 8466us : _raw_spin_lock_irqsave <-ida_free
     cat-177       3d..1. 8466us : _raw_spin_unlock_irqrestore <-ida_free
     cat-177       3..... 8467us : destroy_context_ldt <-__mmdrop
     cat-177       3..... 8467us : mm_free_global_asid <-__mmdrop
     cat-177       3..... 8467us : _raw_spin_lock_irqsave <-__percpu_counter_sum
     cat-177       3d..1. 8467us : _raw_spin_unlock_irqrestore <-__percpu_counter_sum
     cat-177       3..... 8467us : _raw_spin_lock_irqsave <-__percpu_counter_sum
     cat-177       3d..1. 8468us : _raw_spin_unlock_irqrestore <-__percpu_counter_sum
     cat-177       3..... 8468us : _raw_spin_lock_irqsave <-__percpu_counter_sum
     cat-177       3d..1. 8468us : _raw_spin_unlock_irqrestore <-__percpu_counter_sum
     cat-177       3..... 8468us : _raw_spin_lock_irqsave <-__percpu_counter_sum
     cat-177       3d..1. 8468us : _raw_spin_unlock_irqrestore <-__percpu_counter_sum
     cat-177       3..... 8469us : mm_pasid_drop <-__mmdrop
     cat-177       3..... 8469us : free_percpu <-__mmdrop
     cat-177       3..... 8469us : vmalloc_to_page <-free_percpu
     cat-177       3..... 8469us : _raw_spin_lock_irqsave <-free_percpu
     cat-177       3d..1. 8470us : pcpu_free_area <-free_percpu
     cat-177       3d..1. 8470us : pcpu_chunk_slot <-pcpu_free_area
     cat-177       3d..1. 8470us : pcpu_block_update <-pcpu_free_area
     cat-177       3d..1. 8470us : pcpu_block_update <-pcpu_free_area
     cat-177       3d..1. 8470us : pcpu_chunk_relocate <-pcpu_free_area
     cat-177       3d..1. 8471us : _raw_spin_unlock_irqrestore <-free_percpu
     cat-177       3..... 8471us : _raw_spin_lock_irqsave <-percpu_counter_destroy_many
     cat-177       3d..1. 8471us : _raw_spin_unlock_irqrestore <-percpu_counter_destroy_many
     cat-177       3..... 8471us : free_percpu <-percpu_counter_destroy_many
     cat-177       3..... 8471us : _raw_spin_lock_irqsave <-free_percpu
     cat-177       3d..1. 8472us : pcpu_free_area <-free_percpu
     cat-177       3d..1. 8472us : pcpu_chunk_slot <-pcpu_free_area
     cat-177       3d..1. 8472us : pcpu_block_update <-pcpu_free_area
     cat-177       3d..1. 8472us : pcpu_block_update <-pcpu_free_area
     cat-177       3d..1. 8472us : pcpu_chunk_relocate <-pcpu_free_area
     cat-177       3d..1. 8472us : _raw_spin_unlock_irqrestore <-free_percpu
     cat-177       3..... 8473us : kmem_cache_free <-begin_new_exec
     cat-177       3..... 8473us : exec_task_namespaces <-begin_new_exec
     cat-177       3..... 8473us : _raw_spin_lock_irq <-begin_new_exec
     cat-177       3d..1. 8473us : posix_cpu_timers_exit <-begin_new_exec
     cat-177       3d..1. 8473us : _raw_spin_unlock_irq <-begin_new_exec
     cat-177       3..... 8474us : exit_itimers <-begin_new_exec
     cat-177       3..... 8474us : flush_itimer_signals <-begin_new_exec
     cat-177       3..... 8474us : _raw_spin_lock_irqsave <-flush_itimer_signals
     cat-177       3d..1. 8474us : __flush_itimer_signals <-flush_itimer_signals
     cat-177       3d..1. 8474us : __flush_itimer_signals <-flush_itimer_signals
     cat-177       3d..1. 8474us : _raw_spin_unlock_irqrestore <-begin_new_exec
     cat-177       3..... 8475us : flush_thread <-begin_new_exec
     cat-177       3..... 8475us : flush_ptrace_hw_breakpoint <-flush_thread
     cat-177       3..... 8475us : unregister_hw_breakpoint <-flush_ptrace_hw_breakpoint
     cat-177       3..... 8475us : unregister_hw_breakpoint <-flush_ptrace_hw_breakpoint
     cat-177       3..... 8475us : unregister_hw_breakpoint <-flush_ptrace_hw_breakpoint
     cat-177       3..... 8476us : unregister_hw_breakpoint <-flush_ptrace_hw_breakpoint
     cat-177       3..... 8476us : fpu_flush_thread <-flush_thread
     cat-177       3b.... 8476us : __local_bh_enable_ip <-flush_thread
     cat-177       3..... 8477us : do_close_on_exec <-begin_new_exec
     cat-177       3..... 8477us : _raw_spin_lock <-do_close_on_exec
     cat-177       3...1. 8477us : _raw_spin_unlock <-begin_new_exec
     cat-177       3..... 8477us : perf_event_exec <-begin_new_exec
     cat-177       3..... 8477us : perf_lock_task_context <-perf_event_exec
     cat-177       3d.... 8478us : __rcu_read_lock <-perf_lock_task_context
     cat-177       3d.... 8478us : __rcu_read_unlock <-perf_lock_task_context
     cat-177       3..... 8478us : __set_task_comm <-begin_new_exec
     cat-177       3..... 8478us : perf_event_comm <-begin_new_exec
     cat-177       3..... 8478us : flush_signal_handlers <-begin_new_exec
     cat-177       3..... 8479us : set_cred_ucounts <-begin_new_exec
     cat-177       3..... 8479us : security_bprm_committing_creds <-begin_new_exec
     cat-177       3..... 8479us : bpf_lsm_bprm_committing_creds <-security_bprm_committing_creds
     cat-177       3..... 8479us : commit_creds <-begin_new_exec
     cat-177       3..... 8480us : security_bprm_committed_creds <-begin_new_exec
     cat-177       3..... 8480us : bpf_lsm_bprm_committed_creds <-security_bprm_committed_creds
     cat-177       3..... 8480us : set_personality_64bit <-load_elf_binary
     cat-177       3..... 8480us : setup_new_exec <-load_elf_binary
     cat-177       3..... 8480us : arch_pick_mmap_layout <-setup_new_exec
     cat-177       3..... 8481us : get_random_u64 <-arch_pick_mmap_layout
     cat-177       3..... 8481us : mmap_base.isra.0 <-arch_pick_mmap_layout
     cat-177       3..... 8481us : get_random_u64 <-arch_pick_mmap_layout
     cat-177       3..... 8481us : mmap_base.isra.0 <-arch_pick_mmap_layout
     cat-177       3..... 8481us : arch_setup_new_exec <-setup_new_exec
     cat-177       3..... 8482us : up_write <-setup_new_exec
     cat-177       3..... 8482us : mutex_unlock <-load_elf_binary
     cat-177       3..... 8482us : randomize_stack_top <-load_elf_binary
     cat-177       3..... 8482us : get_random_u64 <-randomize_stack_top
     cat-177       3..... 8482us : setup_arg_pages <-load_elf_binary
     cat-177       3..... 8482us : arch_align_stack <-setup_arg_pages
     cat-177       3..... 8483us : get_random_u16 <-arch_align_stack
     cat-177       3..... 8483us : down_write_killable <-setup_arg_pages
     cat-177       3..... 8483us : tlb_gather_mmu <-setup_arg_pages
     cat-177       3..... 8483us : mprotect_fixup <-setup_arg_pages
     cat-177       3..... 8483us : may_expand_vm <-mprotect_fixup
     cat-177       3..... 8484us : vma_modify_flags <-mprotect_fixup
     cat-177       3..... 8484us : anon_vma_name <-vma_modify_flags
     cat-177       3..... 8484us : vma_modify <-vma_modify_flags
     cat-177       3..... 8484us : can_vma_merge_left <-vma_modify
     cat-177       3..... 8485us : can_vma_merge_right <-vma_modify
     cat-177       3..... 8485us : __vma_start_write <-mprotect_fixup
     cat-177       3..... 8485us : __vma_start_exclude_readers <-__vma_start_write
     cat-177       3..... 8485us : finish_rcuwait <-__vma_start_exclude_readers
     cat-177       3..... 8486us : vma_set_page_prot <-mprotect_fixup
     cat-177       3..... 8486us : vma_wants_writenotify <-vma_set_page_prot
     cat-177       3..... 8486us : vma_is_shared_writable <-vma_wants_writenotify
     cat-177       3..... 8486us : change_protection <-mprotect_fixup
     cat-177       3..... 8486us : change_pte_range <-change_protection
     cat-177       3..... 8487us : pte_offset_map_lock <-change_pte_range
     cat-177       3..... 8487us : __pte_offset_map <-pte_offset_map_lock
     cat-177       3..... 8487us : __rcu_read_lock <-__pte_offset_map
     cat-177       3..... 8487us : _raw_spin_lock <-pte_offset_map_lock
     cat-177       3...1. 8487us : flush_tlb_batched_pending <-change_pte_range
     cat-177       3...1. 8487us : vm_normal_page <-change_pte_range
     cat-177       3...1. 8488us : mprotect_folio_pte_batch <-change_pte_range
     cat-177       3...1. 8488us : maybe_change_pte_writable.isra.0 <-change_pte_range
     cat-177       3...1. 8488us : pte_mkwrite <-change_pte_range
     cat-177       3...1. 8488us : _raw_spin_unlock <-change_pte_range
     cat-177       3..... 8489us : __rcu_read_unlock <-change_pte_range
     cat-177       3..... 8489us : vm_stat_account <-mprotect_fixup
     cat-177       3..... 8489us : vm_stat_account <-mprotect_fixup
     cat-177       3..... 8489us : perf_event_mmap <-mprotect_fixup
     cat-177       3..... 8489us : tlb_finish_mmu <-setup_arg_pages
     cat-177       3..... 8490us : relocate_vma_down <-setup_arg_pages
     cat-177       3..... 8490us : vma_expand <-relocate_vma_down
     cat-177       3..... 8490us : commit_merge <-vma_expand
     cat-177       3..... 8490us : init_multi_vma_prep <-commit_merge
     cat-177       3..... 8491us : kmem_cache_alloc_noprof <-mas_preallocate
     cat-177       3..... 8491us : vma_prepare <-commit_merge
     cat-177       3..... 8491us : down_write <-vma_prepare
     cat-177       3..... 8491us : anon_vma_interval_tree_remove <-vma_prepare
     cat-177       3..... 8492us : vma_adjust_trans_huge <-commit_merge
     cat-177       3..... 8492us : kvfree_call_rcu <-mas_wr_node_store
     cat-177       3..... 8492us : is_vmalloc_addr <-kvfree_call_rcu
     cat-177       3..... 8492us : __kfree_rcu_sheaf <-kvfree_call_rcu
     cat-177       3..... 8493us : vma_complete <-commit_merge
     cat-177       3..... 8493us : anon_vma_interval_tree_insert <-vma_complete
     cat-177       3..... 8493us : up_write <-vma_complete
     cat-177       3..... 8493us : move_page_tables <-relocate_vma_down
     cat-177       3..... 8493us : get_old_pud <-move_page_tables
     cat-177       3..... 8494us : alloc_new_pud <-move_page_tables
     cat-177       3..... 8494us : get_old_pud <-move_page_tables
     cat-177       3..... 8494us : alloc_new_pud <-move_page_tables
     cat-177       3..... 8494us : __pmd_alloc <-move_page_tables
     cat-177       3..... 8494us : alloc_pages_noprof <-__pmd_alloc
     cat-177       3..... 8495us : alloc_pages_mpol <-alloc_pages_noprof
     cat-177       3..... 8495us : policy_nodemask <-alloc_pages_mpol
     cat-177       3..... 8495us : __alloc_frozen_pages_noprof <-alloc_pages_mpol
     cat-177       3..... 8495us : get_page_from_freelist <-__alloc_frozen_pages_noprof
     cat-177       3...1. 8495us : _raw_spin_trylock <-get_page_from_freelist
     cat-177       3...2. 8495us : _raw_spin_unlock <-get_page_from_freelist
     cat-177       3..... 8496us : kernel_init_pages <-get_page_from_freelist
     cat-177       3..... 8496us : lruvec_stat_mod_folio <-__pmd_alloc
     cat-177       3..... 8496us : __rcu_read_lock <-lruvec_stat_mod_folio
     cat-177       3..... 8496us : __rcu_read_unlock <-lruvec_stat_mod_folio
     cat-177       3..... 8496us : mod_node_page_state <-__pmd_alloc
     cat-177       3..... 8497us : _raw_spin_lock <-__pmd_alloc
     cat-177       3...1. 8497us : _raw_spin_unlock <-__pmd_alloc
     cat-177       3..... 8497us : __pte_alloc <-move_page_tables
     cat-177       3..... 8497us : pte_alloc_one <-__pte_alloc
     cat-177       3..... 8497us : alloc_pages_noprof <-pte_alloc_one
     cat-177       3..... 8497us : alloc_pages_mpol <-alloc_pages_noprof
     cat-177       3..... 8498us : policy_nodemask <-alloc_pages_mpol
     cat-177       3..... 8498us : __alloc_frozen_pages_noprof <-alloc_pages_mpol
     cat-177       3..... 8498us : get_page_from_freelist <-__alloc_frozen_pages_noprof
     cat-177       3...1. 8498us : _raw_spin_trylock <-get_page_from_freelist
     cat-177       3...2. 8498us : _raw_spin_unlock <-get_page_from_freelist
     cat-177       3..... 8498us : kernel_init_pages <-get_page_from_freelist
     cat-177       3..... 8499us : lruvec_stat_mod_folio <-pte_alloc_one
     cat-177       3..... 8499us : __rcu_read_lock <-lruvec_stat_mod_folio
     cat-177       3..... 8499us : __rcu_read_unlock <-lruvec_stat_mod_folio
     cat-177       3..... 8499us : mod_node_page_state <-pte_alloc_one
     cat-177       3..... 8499us : pmd_install <-__pte_alloc
     cat-177       3..... 8499us : _raw_spin_lock <-pmd_install
     cat-177       3...1. 8500us : _raw_spin_unlock <-__pte_alloc
     cat-177       3..... 8500us : pte_offset_map_lock <-move_page_tables
     cat-177       3..... 8500us : __pte_offset_map <-pte_offset_map_lock
     cat-177       3..... 8500us : __rcu_read_lock <-__pte_offset_map
     cat-177       3..... 8500us : _raw_spin_lock <-pte_offset_map_lock
     cat-177       3...1. 8500us : pte_offset_map_rw_nolock <-move_page_tables
     cat-177       3...1. 8501us : __pte_offset_map <-pte_offset_map_rw_nolock
     cat-177       3...1. 8501us : __rcu_read_lock <-__pte_offset_map
     cat-177       3...1. 8501us : _raw_spin_lock <-move_page_tables
     cat-177       3...2. 8501us : flush_tlb_batched_pending <-move_page_tables
     cat-177       3...2. 8501us : flush_tlb_mm_range <-move_page_tables
     cat-177       3d..3. 8502us : flush_tlb_func <-flush_tlb_mm_range
     cat-177       3d..3. 8502us : mm_needs_global_asid <-flush_tlb_func
     cat-177       3d..3. 8502us : native_flush_tlb_one_user <-flush_tlb_func
     cat-177       3...2. 8502us : _raw_spin_unlock <-move_page_tables
     cat-177       3...1. 8502us : __rcu_read_unlock <-move_page_tables
     cat-177       3...1. 8503us : _raw_spin_unlock <-move_page_tables
     cat-177       3..... 8503us : __rcu_read_unlock <-move_page_tables
     cat-177       3..... 8503us : tlb_gather_mmu <-relocate_vma_down
     cat-177       3..... 8503us : free_pgd_range <-relocate_vma_down
     cat-177       3..... 8504us : ___pte_free_tlb <-free_pgd_range
     cat-177       3..... 8504us : tlb_remove_table <-free_pgd_range
     cat-177       3..... 8504us : get_free_pages_noprof <-tlb_remove_table
     cat-177       3..... 8504us : alloc_pages_noprof <-get_free_pages_noprof
     cat-177       3..... 8504us : alloc_pages_mpol <-alloc_pages_noprof
     cat-177       3..... 8504us : policy_nodemask <-alloc_pages_mpol
     cat-177       3..... 8504us : __alloc_frozen_pages_noprof <-alloc_pages_mpol
     cat-177       3..... 8505us : get_page_from_freelist <-__alloc_frozen_pages_noprof
     cat-177       3...1. 8505us : _raw_spin_trylock <-get_page_from_freelist
     cat-177       3...2. 8505us : _raw_spin_unlock <-get_page_from_freelist
     cat-177       3..... 8505us : kernel_init_pages <-get_page_from_freelist
     cat-177       3..... 8506us : ___pmd_free_tlb <-free_pgd_range
     cat-177       3..... 8506us : tlb_remove_table <-free_pgd_range
     cat-177       3..... 8506us : tlb_finish_mmu <-relocate_vma_down
     cat-177       3..... 8506us : flush_tlb_mm_range <-tlb_flush_mmu_tlbonly
     cat-177       3d..1. 8506us : flush_tlb_func <-flush_tlb_mm_range
     cat-177       3d..1. 8506us : mm_needs_global_asid <-flush_tlb_func
     cat-177       3d..1. 8507us : native_flush_tlb_local <-flush_tlb_func
     cat-177       3..... 8507us : call_rcu <-tlb_finish_mmu
     cat-177       3..... 8507us : __call_rcu_common <-tlb_finish_mmu
     cat-177       3d.... 8507us : rcu_async_should_hurry <-__call_rcu_common
     cat-177       3d.... 8507us : rcu_segcblist_enqueue <-__call_rcu_common
     cat-177       3..... 8508us : vma_shrink <-relocate_vma_down
     cat-177       3..... 8508us : kmem_cache_alloc_noprof <-mas_preallocate
     cat-177       3..... 8508us : init_multi_vma_prep <-vma_shrink
     cat-177       3..... 8509us : vma_prepare <-vma_shrink
     cat-177       3..... 8509us : down_write <-vma_prepare
     cat-177       3..... 8509us : anon_vma_interval_tree_remove <-vma_prepare
     cat-177       3..... 8509us : vma_adjust_trans_huge <-vma_shrink
     cat-177       3..... 8509us : kvfree_call_rcu <-mas_wr_node_store
     cat-177       3..... 8510us : is_vmalloc_addr <-kvfree_call_rcu
     cat-177       3..... 8510us : __kfree_rcu_sheaf <-kvfree_call_rcu
     cat-177       3..... 8510us : vma_complete <-vma_shrink
     cat-177       3..... 8510us : anon_vma_interval_tree_insert <-vma_complete
     cat-177       3..... 8510us : up_write <-vma_complete
     cat-177       3..... 8511us : expand_stack_locked <-setup_arg_pages
     cat-177       3..... 8511us : expand_downwards <-setup_arg_pages
     cat-177       3..... 8511us : kmem_cache_alloc_noprof <-mas_preallocate
     cat-177       3..... 8511us : down_write <-expand_downwards
     cat-177       3..... 8512us : may_expand_vm <-expand_downwards
     cat-177       3..... 8512us : mlock_future_ok <-expand_downwards
     cat-177       3..... 8512us : security_vm_enough_memory_mm <-expand_downwards
     cat-177       3..... 8512us : static_key_count <-security_vm_enough_memory_mm
     cat-177       3..... 8512us : cap_vm_enough_memory <-security_vm_enough_memory_mm
     cat-177       3..... 8512us : cap_capable <-security_vm_enough_memory_mm
     cat-177       3..... 8513us : static_key_count <-security_vm_enough_memory_mm
     cat-177       3..... 8513us : bpf_lsm_vm_enough_memory <-security_vm_enough_memory_mm
     cat-177       3..... 8513us : static_key_count <-security_vm_enough_memory_mm
     cat-177       3..... 8513us : static_key_count <-security_vm_enough_memory_mm
     cat-177       3..... 8513us : static_key_count <-security_vm_enough_memory_mm
     cat-177       3..... 8513us : static_key_count <-security_vm_enough_memory_mm
     cat-177       3..... 8514us : static_key_count <-security_vm_enough_memory_mm
     cat-177       3..... 8514us : static_key_count <-security_vm_enough_memory_mm
     cat-177       3..... 8514us : static_key_count <-security_vm_enough_memory_mm
     cat-177       3..... 8514us : static_key_count <-security_vm_enough_memory_mm
     cat-177       3..... 8514us : static_key_count <-security_vm_enough_memory_mm
     cat-177       3..... 8514us : static_key_count <-security_vm_enough_memory_mm
     cat-177       3..... 8515us : __vm_enough_memory <-expand_downwards
     cat-177       3..... 8515us : vm_stat_account <-expand_downwards
     cat-177       3..... 8515us : anon_vma_interval_tree_remove <-expand_downwards
     cat-177       3..... 8515us : kvfree_call_rcu <-mas_wr_node_store
     cat-177       3..... 8515us : is_vmalloc_addr <-kvfree_call_rcu
     cat-177       3..... 8516us : __kfree_rcu_sheaf <-kvfree_call_rcu
     cat-177       3..... 8516us : anon_vma_interval_tree_insert <-expand_downwards
     cat-177       3..... 8516us : perf_event_mmap <-expand_downwards
     cat-177       3..... 8516us : up_write <-expand_downwards
     cat-177       3..... 8516us : up_write <-setup_arg_pages
     cat-177       3..... 8517us : elf_load <-load_elf_binary
     cat-177       3..... 8517us : vm_mmap <-elf_load
     cat-177       3..... 8517us : vm_mmap_pgoff <-elf_load
     cat-177       3..... 8517us : security_mmap_file <-vm_mmap_pgoff
     cat-177       3..... 8517us : bpf_lsm_mmap_file <-security_mmap_file
     cat-177       3..... 8518us : down_write_killable <-vm_mmap_pgoff
     cat-177       3..... 8518us : do_mmap <-vm_mmap_pgoff
     cat-177       3..... 8518us : __get_unmapped_area <-do_mmap
     cat-177       3..... 8518us : shmem_get_unmapped_area <-__get_unmapped_area
     cat-177       3..... 8518us : mm_get_unmapped_area <-shmem_get_unmapped_area
     cat-177       3..... 8519us : arch_get_unmapped_area_topdown <-shmem_get_unmapped_area
     cat-177       3..... 8519us : get_mmap_base <-arch_get_unmapped_area_topdown
     cat-177       3..... 8519us : get_align_mask <-arch_get_unmapped_area_topdown
     cat-177       3..... 8519us : get_align_mask <-arch_get_unmapped_area_topdown
     cat-177       3..... 8519us : vm_unmapped_area <-arch_get_unmapped_area_topdown
     cat-177       3..... 8519us : unmapped_area_topdown <-vm_unmapped_area
     cat-177       3..... 8520us : security_mmap_addr <-__get_unmapped_area
     cat-177       3..... 8520us : cap_mmap_addr <-security_mmap_addr
     cat-177       3..... 8520us : bpf_lsm_mmap_addr <-security_mmap_addr
     cat-177       3..... 8521us : path_noexec <-do_mmap
     cat-177       3..... 8521us : memfd_check_seals_mmap <-do_mmap
     cat-177       3..... 8521us : shmem_mapping <-memfd_check_seals_mmap
     cat-177       3..... 8521us : mmap_region <-do_mmap
     cat-177       3..... 8521us : __mmap_region <-do_mmap
     cat-177       3..... 8522us : may_expand_vm <-__mmap_region
     cat-177       3..... 8522us : shmem_mmap_prepare <-__mmap_region
     cat-177       3..... 8522us : touch_atime <-shmem_mmap_prepare
     cat-177       3..... 8522us : atime_needs_update <-touch_atime
     cat-177       3..... 8523us : make_vfsuid <-atime_needs_update
     cat-177       3..... 8523us : make_vfsgid <-atime_needs_update
     cat-177       3..... 8523us : current_time <-atime_needs_update
     cat-177       3..... 8523us : ktime_get_coarse_real_ts64_mg <-current_time
     cat-177       3..... 8523us : mmap_action_prepare <-__mmap_region
     cat-177       3..... 8524us : ksm_vma_flags <-__mmap_region
     cat-177       3..... 8524us : vma_merge_new_range <-__mmap_region
     cat-177       3..... 8524us : can_vma_merge_left <-vma_merge_new_range
     cat-177       3..... 8524us : can_vma_merge_right <-vma_merge_new_range
     cat-177       3..... 8524us : vm_area_alloc <-__mmap_region
     cat-177       3..... 8525us : kmem_cache_alloc_noprof <-vm_area_alloc
     cat-177       3..... 8525us : kmem_cache_alloc_noprof <-mas_preallocate
     cat-177       3..... 8525us : __vma_start_write <-__mmap_region
     cat-177       3..... 8525us : __vma_start_exclude_readers <-__vma_start_write
     cat-177       3..... 8526us : kvfree_call_rcu <-mas_wr_node_store
     cat-177       3..... 8526us : is_vmalloc_addr <-kvfree_call_rcu
     cat-177       3..... 8526us : __kfree_rcu_sheaf <-kvfree_call_rcu
     cat-177       3..... 8526us : down_write <-__mmap_region
     cat-177       3..... 8526us : vma_interval_tree_insert <-__mmap_region
     cat-177       3..... 8527us : up_write <-__mmap_region
     cat-177       3..... 8527us : khugepaged_enter_vma <-__mmap_region
     cat-177       3..... 8527us : hugepage_pmd_enabled <-khugepaged_enter_vma
     cat-177       3..... 8527us : __thp_vma_allowable_orders <-khugepaged_enter_vma
     cat-177       3..... 8527us : vma_is_special_huge <-__thp_vma_allowable_orders
     cat-177       3..... 8528us : perf_event_mmap <-__mmap_region
     cat-177       3..... 8528us : vms_complete_munmap_vmas <-__mmap_region
     cat-177       3..... 8528us : vm_stat_account <-__mmap_region
     cat-177       3..... 8528us : uprobe_mmap <-__mmap_region
     cat-177       3..... 8529us : vma_set_page_prot <-__mmap_region
     cat-177       3..... 8529us : vma_wants_writenotify <-vma_set_page_prot
     cat-177       3..... 8529us : vma_is_shared_writable <-vma_wants_writenotify
     cat-177       3..... 8529us : mmap_action_complete <-__mmap_region
     cat-177       3..... 8529us : up_write <-vm_mmap_pgoff
     cat-177       3..... 8530us : userfaultfd_unmap_complete <-vm_mmap_pgoff
     cat-177       3..... 8530us : vm_munmap <-elf_load
     cat-177       3..... 8530us : __vm_munmap <-elf_load
     cat-177       3..... 8530us : down_write_killable <-__vm_munmap
     cat-177       3..... 8530us : do_vmi_munmap <-__vm_munmap
     cat-177       3..... 8531us : do_vmi_align_munmap <-do_vmi_munmap
     cat-177       3..... 8531us : vms_gather_munmap_vmas <-do_vmi_align_munmap
     cat-177       3..... 8531us : __split_vma <-vms_gather_munmap_vmas
     cat-177       3..... 8531us : vm_area_dup <-__split_vma
     cat-177       3..... 8531us : kmem_cache_alloc_noprof <-vm_area_dup
     cat-177       3..... 8531us : anon_vma_name <-vm_area_dup
     cat-177       3..... 8532us : kmem_cache_alloc_noprof <-mas_preallocate
     cat-177       3..... 8532us : vma_dup_policy <-__split_vma
     cat-177       3..... 8532us : anon_vma_clone <-__split_vma
     cat-177       3..... 8532us : __vma_start_write <-__split_vma
     cat-177       3..... 8532us : __vma_start_exclude_readers <-__vma_start_write
     cat-177       3..... 8533us : finish_rcuwait <-__vma_start_exclude_readers
     cat-177       3..... 8533us : __vma_start_write <-__split_vma
     cat-177       3..... 8533us : __vma_start_exclude_readers <-__vma_start_write
     cat-177       3..... 8533us : init_multi_vma_prep <-__split_vma
     cat-177       3..... 8533us : vma_prepare <-__split_vma
     cat-177       3..... 8533us : uprobe_munmap <-vma_prepare
     cat-177       3..... 8534us : down_write <-vma_prepare
     cat-177       3..... 8534us : vma_interval_tree_insert <-vma_prepare
     cat-177       3..... 8534us : vma_interval_tree_augment_rotate <-vma_prepare
     cat-177       3..... 8534us : vma_interval_tree_remove <-vma_prepare
     cat-177       3..... 8535us : vma_adjust_trans_huge <-__split_vma
     cat-177       3..... 8535us : vma_complete <-__split_vma
     cat-177       3..... 8535us : vma_interval_tree_insert <-vma_complete
     cat-177       3..... 8535us : kvfree_call_rcu <-mas_wr_node_store
     cat-177       3..... 8535us : is_vmalloc_addr <-kvfree_call_rcu
     cat-177       3..... 8536us : __kfree_rcu_sheaf <-kvfree_call_rcu
     cat-177       3..... 8536us : up_write <-vma_complete
     cat-177       3..... 8536us : uprobe_mmap <-vma_complete
     cat-177       3..... 8536us : uprobe_mmap <-__split_vma
     cat-177       3..... 8537us : userfaultfd_unmap_prep <-vms_gather_munmap_vmas
     cat-177       3..... 8537us : kmem_cache_alloc_noprof <-mas_store_gfp
     cat-177       3..... 8538us : kvfree_call_rcu <-mas_wr_node_store
     cat-177       3..... 8538us : is_vmalloc_addr <-kvfree_call_rcu
     cat-177       3..... 8538us : __kfree_rcu_sheaf <-kvfree_call_rcu
     cat-177       3..... 8538us : vms_complete_munmap_vmas <-do_vmi_align_munmap
     cat-177       3..... 8538us : unmap_region <-vms_complete_munmap_vmas
     cat-177       3..... 8538us : tlb_gather_mmu <-unmap_region
     cat-177       3..... 8539us : unmap_vmas <-unmap_region
     cat-177       3..... 8539us : __zap_vma_range <-unmap_vmas
     cat-177       3..... 8539us : uprobe_munmap <-__zap_vma_range
     cat-177       3..... 8539us : free_pgtables <-unmap_region
     cat-177       3..... 8539us : unlink_anon_vmas <-free_pgtables
     cat-177       3..... 8540us : unlink_file_vma_batch_init <-free_pgtables
     cat-177       3..... 8540us : unlink_file_vma_batch_add <-free_pgtables
     cat-177       3..... 8540us : unlink_file_vma_batch_final <-free_pgtables
     cat-177       3..... 8540us : unlink_file_vma_batch_process <-free_pgtables
     cat-177       3..... 8540us : down_write <-unlink_file_vma_batch_process
     cat-177       3..... 8540us : vma_interval_tree_remove <-unlink_file_vma_batch_process
     cat-177       3..... 8541us : up_write <-unlink_file_vma_batch_process
     cat-177       3..... 8541us : free_pgd_range <-free_pgtables
     cat-177       3..... 8541us : tlb_finish_mmu <-unmap_region
     cat-177       3..... 8541us : remove_vma <-vms_complete_munmap_vmas
     cat-177       3..... 8541us : fput <-remove_vma
     cat-177       3..... 8542us : vm_area_free <-vms_complete_munmap_vmas
     cat-177       3..... 8542us : kfree <-vm_area_free
     cat-177       3..... 8542us : kmem_cache_free <-vms_complete_munmap_vmas
     cat-177       3..... 8542us : up_write <-__vm_munmap
     cat-177       3..... 8542us : userfaultfd_unmap_complete <-__vm_munmap
     cat-177       3..... 8543us : elf_load <-load_elf_binary
     cat-177       3..... 8543us : vm_mmap <-elf_load
     cat-177       3..... 8543us : vm_mmap_pgoff <-elf_load
     cat-177       3..... 8543us : security_mmap_file <-vm_mmap_pgoff
     cat-177       3..... 8543us : bpf_lsm_mmap_file <-security_mmap_file
     cat-177       3..... 8544us : down_write_killable <-vm_mmap_pgoff
     cat-177       3..... 8544us : do_mmap <-vm_mmap_pgoff
     cat-177       3..... 8544us : __get_unmapped_area <-do_mmap
     cat-177       3..... 8544us : shmem_get_unmapped_area <-__get_unmapped_area
     cat-177       3..... 8544us : mm_get_unmapped_area <-shmem_get_unmapped_area
     cat-177       3..... 8544us : arch_get_unmapped_area_topdown <-shmem_get_unmapped_area
     cat-177       3..... 8545us : security_mmap_addr <-__get_unmapped_area
     cat-177       3..... 8545us : cap_mmap_addr <-security_mmap_addr
     cat-177       3..... 8545us : bpf_lsm_mmap_addr <-security_mmap_addr
     cat-177       3..... 8545us : path_noexec <-do_mmap
     cat-177       3..... 8545us : memfd_check_seals_mmap <-do_mmap
     cat-177       3..... 8545us : shmem_mapping <-memfd_check_seals_mmap
     cat-177       3..... 8546us : mmap_region <-do_mmap
     cat-177       3..... 8546us : __mmap_region <-do_mmap
     cat-177       3..... 8546us : may_expand_vm <-__mmap_region
     cat-177       3..... 8546us : shmem_mmap_prepare <-__mmap_region
     cat-177       3..... 8547us : touch_atime <-shmem_mmap_prepare
     cat-177       3..... 8547us : atime_needs_update <-touch_atime
     cat-177       3..... 8547us : make_vfsuid <-atime_needs_update
     cat-177       3..... 8547us : make_vfsgid <-atime_needs_update
     cat-177       3..... 8547us : current_time <-atime_needs_update
     cat-177       3..... 8547us : ktime_get_coarse_real_ts64_mg <-current_time
     cat-177       3..... 8548us : mmap_action_prepare <-__mmap_region
     cat-177       3..... 8548us : ksm_vma_flags <-__mmap_region
     cat-177       3..... 8548us : vma_merge_new_range <-__mmap_region
     cat-177       3..... 8548us : can_vma_merge_left <-vma_merge_new_range
     cat-177       3..... 8548us : can_vma_merge_right <-vma_merge_new_range
     cat-177       3..... 8549us : vm_area_alloc <-__mmap_region
     cat-177       3..... 8549us : kmem_cache_alloc_noprof <-vm_area_alloc
     cat-177       3..... 8549us : kmem_cache_alloc_noprof <-mas_preallocate
     cat-177       3..... 8549us : __vma_start_write <-__mmap_region
     cat-177       3..... 8549us : __vma_start_exclude_readers <-__vma_start_write
     cat-177       3..... 8550us : kvfree_call_rcu <-mas_wr_node_store
     cat-177       3..... 8550us : is_vmalloc_addr <-kvfree_call_rcu
     cat-177       3..... 8550us : __kfree_rcu_sheaf <-kvfree_call_rcu
     cat-177       3..... 8550us : down_write <-__mmap_region
     cat-177       3..... 8550us : vma_interval_tree_insert <-__mmap_region
     cat-177       3..... 8551us : up_write <-__mmap_region
     cat-177       3..... 8551us : khugepaged_enter_vma <-__mmap_region
     cat-177       3..... 8551us : hugepage_pmd_enabled <-khugepaged_enter_vma
     cat-177       3..... 8551us : __thp_vma_allowable_orders <-khugepaged_enter_vma
     cat-177       3..... 8551us : vma_is_special_huge <-__thp_vma_allowable_orders
     cat-177       3..... 8551us : perf_event_mmap <-__mmap_region
     cat-177       3..... 8552us : vms_complete_munmap_vmas <-__mmap_region
     cat-177       3..... 8552us : vm_stat_account <-__mmap_region
     cat-177       3..... 8552us : uprobe_mmap <-__mmap_region
     cat-177       3..... 8552us : vma_set_page_prot <-__mmap_region
     cat-177       3..... 8552us : vma_wants_writenotify <-vma_set_page_prot
     cat-177       3..... 8552us : vma_is_shared_writable <-vma_wants_writenotify
     cat-177       3..... 8553us : mmap_action_complete <-__mmap_region
     cat-177       3..... 8553us : up_write <-vm_mmap_pgoff
     cat-177       3..... 8553us : userfaultfd_unmap_complete <-vm_mmap_pgoff
     cat-177       3..... 8553us : elf_load <-load_elf_binary
     cat-177       3..... 8553us : vm_mmap <-elf_load
     cat-177       3..... 8553us : vm_mmap_pgoff <-elf_load
     cat-177       3..... 8554us : security_mmap_file <-vm_mmap_pgoff
     cat-177       3..... 8554us : bpf_lsm_mmap_file <-security_mmap_file
     cat-177       3..... 8554us : down_write_killable <-vm_mmap_pgoff
     cat-177       3..... 8554us : do_mmap <-vm_mmap_pgoff
     cat-177       3..... 8554us : __get_unmapped_area <-do_mmap
     cat-177       3..... 8554us : shmem_get_unmapped_area <-__get_unmapped_area
     cat-177       3..... 8555us : mm_get_unmapped_area <-shmem_get_unmapped_area
     cat-177       3..... 8555us : arch_get_unmapped_area_topdown <-shmem_get_unmapped_area
     cat-177       3..... 8555us : security_mmap_addr <-__get_unmapped_area
     cat-177       3..... 8555us : cap_mmap_addr <-security_mmap_addr
     cat-177       3..... 8555us : bpf_lsm_mmap_addr <-security_mmap_addr
     cat-177       3..... 8555us : path_noexec <-do_mmap
     cat-177       3..... 8556us : memfd_check_seals_mmap <-do_mmap
     cat-177       3..... 8556us : shmem_mapping <-memfd_check_seals_mmap
     cat-177       3..... 8556us : mmap_region <-do_mmap
     cat-177       3..... 8556us : __mmap_region <-do_mmap
     cat-177       3..... 8557us : may_expand_vm <-__mmap_region
     cat-177       3..... 8557us : shmem_mmap_prepare <-__mmap_region
     cat-177       3..... 8557us : touch_atime <-shmem_mmap_prepare
     cat-177       3..... 8557us : atime_needs_update <-touch_atime
     cat-177       3..... 8557us : make_vfsuid <-atime_needs_update
     cat-177       3..... 8557us : make_vfsgid <-atime_needs_update
     cat-177       3..... 8558us : current_time <-atime_needs_update
     cat-177       3..... 8558us : ktime_get_coarse_real_ts64_mg <-current_time
     cat-177       3..... 8558us : mmap_action_prepare <-__mmap_region
     cat-177       3..... 8558us : ksm_vma_flags <-__mmap_region
     cat-177       3..... 8558us : vma_merge_new_range <-__mmap_region
     cat-177       3..... 8558us : can_vma_merge_left <-vma_merge_new_range
     cat-177       3..... 8559us : can_vma_merge_right <-vma_merge_new_range
     cat-177       3..... 8559us : vm_area_alloc <-__mmap_region
     cat-177       3..... 8559us : kmem_cache_alloc_noprof <-vm_area_alloc
     cat-177       3..... 8559us : kmem_cache_alloc_noprof <-mas_preallocate
     cat-177       3..... 8559us : __vma_start_write <-__mmap_region
     cat-177       3..... 8560us : __vma_start_exclude_readers <-__vma_start_write
     cat-177       3..... 8560us : kvfree_call_rcu <-mas_wr_node_store
     cat-177       3..... 8560us : is_vmalloc_addr <-kvfree_call_rcu
     cat-177       3..... 8560us : __kfree_rcu_sheaf <-kvfree_call_rcu
     cat-177       3..... 8560us : down_write <-__mmap_region
     cat-177       3..... 8561us : vma_interval_tree_insert <-__mmap_region
     cat-177       3..... 8561us : up_write <-__mmap_region
     cat-177       3..... 8561us : khugepaged_enter_vma <-__mmap_region
     cat-177       3..... 8561us : hugepage_pmd_enabled <-khugepaged_enter_vma
     cat-177       3..... 8561us : __thp_vma_allowable_orders <-khugepaged_enter_vma
     cat-177       3..... 8561us : vma_is_special_huge <-__thp_vma_allowable_orders
     cat-177       3..... 8562us : perf_event_mmap <-__mmap_region
     cat-177       3..... 8562us : vms_complete_munmap_vmas <-__mmap_region
     cat-177       3..... 8562us : vm_stat_account <-__mmap_region
     cat-177       3..... 8562us : uprobe_mmap <-__mmap_region
     cat-177       3..... 8562us : vma_set_page_prot <-__mmap_region
     cat-177       3..... 8562us : vma_wants_writenotify <-vma_set_page_prot
     cat-177       3..... 8563us : vma_is_shared_writable <-vma_wants_writenotify
     cat-177       3..... 8563us : mmap_action_complete <-__mmap_region
     cat-177       3..... 8563us : up_write <-vm_mmap_pgoff
     cat-177       3..... 8563us : userfaultfd_unmap_complete <-vm_mmap_pgoff
     cat-177       3..... 8563us : elf_load <-load_elf_binary
     cat-177       3..... 8563us : vm_mmap <-elf_load
     cat-177       3..... 8564us : vm_mmap_pgoff <-elf_load
     cat-177       3..... 8564us : security_mmap_file <-vm_mmap_pgoff
     cat-177       3..... 8564us : bpf_lsm_mmap_file <-security_mmap_file
     cat-177       3..... 8564us : down_write_killable <-vm_mmap_pgoff
     cat-177       3..... 8564us : do_mmap <-vm_mmap_pgoff
     cat-177       3..... 8564us : __get_unmapped_area <-do_mmap
     cat-177       3..... 8565us : shmem_get_unmapped_area <-__get_unmapped_area
     cat-177       3..... 8565us : mm_get_unmapped_area <-shmem_get_unmapped_area
     cat-177       3..... 8565us : arch_get_unmapped_area_topdown <-shmem_get_unmapped_area
     cat-177       3..... 8565us : security_mmap_addr <-__get_unmapped_area
     cat-177       3..... 8565us : cap_mmap_addr <-security_mmap_addr
     cat-177       3..... 8565us : bpf_lsm_mmap_addr <-security_mmap_addr
     cat-177       3..... 8565us : path_noexec <-do_mmap
     cat-177       3..... 8566us : memfd_check_seals_mmap <-do_mmap
     cat-177       3..... 8566us : shmem_mapping <-memfd_check_seals_mmap
     cat-177       3..... 8566us : mmap_region <-do_mmap
     cat-177       3..... 8566us : __mmap_region <-do_mmap
     cat-177       3..... 8566us : may_expand_vm <-__mmap_region
     cat-177       3..... 8567us : security_vm_enough_memory_mm <-__mmap_region
     cat-177       3..... 8567us : static_key_count <-security_vm_enough_memory_mm
     cat-177       3..... 8567us : cap_vm_enough_memory <-security_vm_enough_memory_mm
     cat-177       3..... 8567us : cap_capable <-security_vm_enough_memory_mm
     cat-177       3..... 8567us : static_key_count <-security_vm_enough_memory_mm
     cat-177       3..... 8568us : bpf_lsm_vm_enough_memory <-security_vm_enough_memory_mm
     cat-177       3..... 8568us : static_key_count <-security_vm_enough_memory_mm
     cat-177       3..... 8568us : static_key_count <-security_vm_enough_memory_mm
     cat-177       3..... 8568us : static_key_count <-security_vm_enough_memory_mm
     cat-177       3..... 8568us : static_key_count <-security_vm_enough_memory_mm
     cat-177       3..... 8568us : static_key_count <-security_vm_enough_memory_mm
     cat-177       3..... 8568us : static_key_count <-security_vm_enough_memory_mm
     cat-177       3..... 8569us : static_key_count <-security_vm_enough_memory_mm
     cat-177       3..... 8569us : static_key_count <-security_vm_enough_memory_mm
     cat-177       3..... 8569us : static_key_count <-security_vm_enough_memory_mm
     cat-177       3..... 8569us : static_key_count <-security_vm_enough_memory_mm
     cat-177       3..... 8569us : __vm_enough_memory <-__mmap_region
     cat-177       3..... 8569us : shmem_mmap_prepare <-__mmap_region
     cat-177       3..... 8570us : touch_atime <-shmem_mmap_prepare
     cat-177       3..... 8570us : atime_needs_update <-touch_atime
     cat-177       3..... 8570us : make_vfsuid <-atime_needs_update
     cat-177       3..... 8570us : make_vfsgid <-atime_needs_update
     cat-177       3..... 8570us : current_time <-atime_needs_update
     cat-177       3..... 8570us : ktime_get_coarse_real_ts64_mg <-current_time
     cat-177       3..... 8571us : mmap_action_prepare <-__mmap_region
     cat-177       3..... 8571us : ksm_vma_flags <-__mmap_region
     cat-177       3..... 8571us : vma_merge_new_range <-__mmap_region
     cat-177       3..... 8571us : can_vma_merge_left <-vma_merge_new_range
     cat-177       3..... 8571us : can_vma_merge_right <-vma_merge_new_range
     cat-177       3..... 8571us : vm_area_alloc <-__mmap_region
     cat-177       3..... 8572us : kmem_cache_alloc_noprof <-vm_area_alloc
     cat-177       3..... 8572us : kmem_cache_alloc_noprof <-mas_preallocate
     cat-177       3..... 8572us : __vma_start_write <-__mmap_region
     cat-177       3..... 8572us : __vma_start_exclude_readers <-__vma_start_write
     cat-177       3..... 8572us : kvfree_call_rcu <-mas_wr_node_store
     cat-177       3..... 8573us : is_vmalloc_addr <-kvfree_call_rcu
     cat-177       3..... 8573us : __kfree_rcu_sheaf <-kvfree_call_rcu
     cat-177       3..... 8573us : down_write <-__mmap_region
     cat-177       3..... 8573us : vma_interval_tree_insert <-__mmap_region
     cat-177       3..... 8573us : up_write <-__mmap_region
     cat-177       3..... 8573us : khugepaged_enter_vma <-__mmap_region
     cat-177       3..... 8574us : hugepage_pmd_enabled <-khugepaged_enter_vma
     cat-177       3..... 8574us : __thp_vma_allowable_orders <-khugepaged_enter_vma
     cat-177       3..... 8574us : vma_is_special_huge <-__thp_vma_allowable_orders
     cat-177       3..... 8574us : perf_event_mmap <-__mmap_region
     cat-177       3..... 8574us : vms_complete_munmap_vmas <-__mmap_region
     cat-177       3..... 8574us : vm_stat_account <-__mmap_region
     cat-177       3..... 8575us : uprobe_mmap <-__mmap_region
     cat-177       3..... 8575us : vma_set_page_prot <-__mmap_region
     cat-177       3..... 8575us : vma_wants_writenotify <-vma_set_page_prot
     cat-177       3..... 8575us : vma_is_shared_writable <-vma_wants_writenotify
     cat-177       3..... 8575us : mmap_action_complete <-__mmap_region
     cat-177       3..... 8575us : up_write <-vm_mmap_pgoff
     cat-177       3..... 8576us : userfaultfd_unmap_complete <-vm_mmap_pgoff
     cat-177       3..... 8577us : lock_mm_and_find_vma <-do_user_addr_fault
     cat-177       3..... 8577us : down_read_trylock <-lock_mm_and_find_vma
     cat-177       3..... 8577us : find_vma <-lock_mm_and_find_vma
     cat-177       3..... 8577us : __rcu_read_lock <-mt_find
     cat-177       3..... 8577us : __rcu_read_unlock <-mt_find
     cat-177       3..... 8578us : handle_mm_fault <-do_user_addr_fault
     cat-177       3..... 8578us : __handle_mm_fault <-handle_mm_fault
     cat-177       3..... 8578us : __thp_vma_allowable_orders <-__handle_mm_fault
     cat-177       3..... 8578us : vma_is_special_huge <-__thp_vma_allowable_orders
     cat-177       3..... 8578us : __pmd_alloc <-__handle_mm_fault
     cat-177       3..... 8579us : alloc_pages_noprof <-__pmd_alloc
     cat-177       3..... 8579us : alloc_pages_mpol <-alloc_pages_noprof
     cat-177       3..... 8579us : policy_nodemask <-alloc_pages_mpol
     cat-177       3..... 8579us : __alloc_frozen_pages_noprof <-alloc_pages_mpol
     cat-177       3..... 8579us : get_page_from_freelist <-__alloc_frozen_pages_noprof
     cat-177       3...1. 8579us : _raw_spin_trylock <-get_page_from_freelist
     cat-177       3...2. 8580us : _raw_spin_unlock <-get_page_from_freelist
     cat-177       3..... 8580us : kernel_init_pages <-get_page_from_freelist
     cat-177       3..... 8580us : lruvec_stat_mod_folio <-__pmd_alloc
     cat-177       3..... 8580us : __rcu_read_lock <-lruvec_stat_mod_folio
     cat-177       3..... 8580us : __rcu_read_unlock <-lruvec_stat_mod_folio
     cat-177       3..... 8581us : mod_node_page_state <-__pmd_alloc
     cat-177       3..... 8581us : _raw_spin_lock <-__pmd_alloc
     cat-177       3...1. 8581us : _raw_spin_unlock <-__pmd_alloc
     cat-177       3..... 8581us : __thp_vma_allowable_orders <-__handle_mm_fault
     cat-177       3..... 8581us : vma_is_special_huge <-__thp_vma_allowable_orders
     cat-177       3..... 8582us : do_fault <-__handle_mm_fault
     cat-177       3..... 8582us : __vmf_anon_prepare <-do_fault
     cat-177       3..... 8582us : __anon_vma_prepare <-__vmf_anon_prepare
     cat-177       3..... 8582us : kmem_cache_alloc_noprof <-__anon_vma_prepare
     cat-177       3..... 8582us : find_mergeable_anon_vma <-__anon_vma_prepare
     cat-177       3..... 8583us : anon_vma_compatible <-find_mergeable_anon_vma
     cat-177       3..... 8583us : kmem_cache_alloc_noprof <-__anon_vma_prepare
     cat-177       3..... 8583us : down_write <-__anon_vma_prepare
     cat-177       3..... 8583us : _raw_spin_lock <-__anon_vma_prepare
     cat-177       3...1. 8583us : anon_vma_interval_tree_insert <-__anon_vma_prepare
     cat-177       3...1. 8584us : _raw_spin_unlock <-__anon_vma_prepare
     cat-177       3..... 8584us : up_write <-__anon_vma_prepare
     cat-177       3..... 8584us : vma_alloc_folio_noprof <-do_fault
     cat-177       3..... 8584us : get_vma_policy <-vma_alloc_folio_noprof
     cat-177       3..... 8584us : shmem_get_policy <-get_vma_policy
     cat-177       3..... 8585us : mpol_shared_policy_lookup <-get_vma_policy
     cat-177       3..... 8585us : alloc_pages_mpol <-vma_alloc_folio_noprof
     cat-177       3..... 8585us : policy_nodemask <-alloc_pages_mpol
     cat-177       3..... 8585us : __alloc_frozen_pages_noprof <-alloc_pages_mpol
     cat-177       3..... 8585us : get_page_from_freelist <-__alloc_frozen_pages_noprof
     cat-177       3...1. 8585us : _raw_spin_trylock <-get_page_from_freelist
     cat-177       3...2. 8586us : _raw_spin_unlock <-get_page_from_freelist
     cat-177       3..... 8586us : kernel_init_pages <-get_page_from_freelist
     cat-177       3..... 8586us : __mem_cgroup_charge <-do_fault
     cat-177       3..... 8586us : get_mem_cgroup_from_mm <-__mem_cgroup_charge
     cat-177       3..... 8587us : __rcu_read_lock <-get_mem_cgroup_from_mm
     cat-177       3..... 8587us : __rcu_read_unlock <-get_mem_cgroup_from_mm
     cat-177       3..... 8587us : charge_memcg <-__mem_cgroup_charge
     cat-177       3..... 8587us : __rcu_read_lock <-charge_memcg
     cat-177       3..... 8587us : __get_obj_cgroup_from_memcg <-charge_memcg
     cat-177       3..... 8588us : __rcu_read_unlock <-charge_memcg
     cat-177       3..... 8588us : __folio_throttle_swaprate <-do_fault
     cat-177       3..... 8588us : __do_fault <-do_fault
     cat-177       3..... 8588us : pte_alloc_one <-__do_fault
     cat-177       3..... 8588us : alloc_pages_noprof <-pte_alloc_one
     cat-177       3..... 8588us : alloc_pages_mpol <-alloc_pages_noprof
     cat-177       3..... 8589us : policy_nodemask <-alloc_pages_mpol
     cat-177       3..... 8589us : __alloc_frozen_pages_noprof <-alloc_pages_mpol
     cat-177       3..... 8589us : get_page_from_freelist <-__alloc_frozen_pages_noprof
     cat-177       3...1. 8589us : _raw_spin_trylock <-get_page_from_freelist
     cat-177       3...2. 8589us : _raw_spin_unlock <-get_page_from_freelist
     cat-177       3..... 8589us : kernel_init_pages <-get_page_from_freelist
     cat-177       3..... 8590us : lruvec_stat_mod_folio <-pte_alloc_one
     cat-177       3..... 8590us : __rcu_read_lock <-lruvec_stat_mod_folio
     cat-177       3..... 8590us : __rcu_read_unlock <-lruvec_stat_mod_folio
     cat-177       3..... 8590us : mod_node_page_state <-pte_alloc_one
     cat-177       3..... 8590us : shmem_fault <-__do_fault
     cat-177       3..... 8591us : shmem_get_folio_gfp <-shmem_fault
     cat-177       3..... 8591us : filemap_get_entry <-shmem_get_folio_gfp
     cat-177       3..... 8591us : __rcu_read_lock <-filemap_get_entry
     cat-177       3..... 8591us : __rcu_read_unlock <-filemap_get_entry
     cat-177       3..... 8592us : copy_mc_to_kernel <-copy_mc_user_highpage.isra.0
     cat-177       3..... 8592us : finish_fault <-do_fault
     cat-177       3..... 8592us : shmem_mapping <-finish_fault
     cat-177       3..... 8593us : pmd_install <-finish_fault
     cat-177       3..... 8593us : _raw_spin_lock <-pmd_install
     cat-177       3...1. 8593us : _raw_spin_unlock <-finish_fault
     cat-177       3..... 8593us : pte_offset_map_lock <-finish_fault
     cat-177       3..... 8593us : __pte_offset_map <-pte_offset_map_lock
     cat-177       3..... 8593us : __rcu_read_lock <-__pte_offset_map
     cat-177       3..... 8594us : _raw_spin_lock <-pte_offset_map_lock
     cat-177       3...1. 8594us : set_pte_range <-finish_fault
     cat-177       3...1. 8594us : pte_mkwrite <-set_pte_range
     cat-177       3...1. 8594us : folio_add_new_anon_rmap <-set_pte_range
     cat-177       3...1. 8594us : __folio_mod_stat <-folio_add_new_anon_rmap
     cat-177       3...1. 8595us : lruvec_stat_mod_folio <-__folio_mod_stat
     cat-177       3...1. 8595us : __rcu_read_lock <-lruvec_stat_mod_folio
     cat-177       3...1. 8595us : mod_node_page_state <-lruvec_stat_mod_folio
     cat-177       3...1. 8595us : __mod_memcg_lruvec_state <-lruvec_stat_mod_folio
     cat-177       3...2. 8595us : memcg_state_val_in_pages <-__mod_memcg_lruvec_state
     cat-177       3...2. 8595us : __css_rstat_updated <-__mod_memcg_lruvec_state
     cat-177       3...1. 8596us : __rcu_read_unlock <-__folio_mod_stat
     cat-177       3...1. 8596us : folio_add_lru_vma <-set_pte_range
     cat-177       3...1. 8596us : folio_add_lru <-set_pte_range
     cat-177       3...1. 8596us : __folio_batch_add_and_move <-set_pte_range
     cat-177       3...1. 8596us : _raw_spin_unlock <-finish_fault
     cat-177       3..... 8597us : __rcu_read_unlock <-finish_fault
     cat-177       3..... 8597us : unlock_page <-do_fault
     cat-177       3..... 8597us : folio_unlock <-do_fault
     cat-177       3..... 8597us : __rcu_read_lock <-handle_mm_fault
     cat-177       3..... 8597us : mem_cgroup_from_task <-handle_mm_fault
     cat-177       3..... 8598us : count_memcg_events <-handle_mm_fault
     cat-177       3...1. 8598us : __css_rstat_updated <-count_memcg_events
     cat-177       3..... 8598us : __rcu_read_unlock <-handle_mm_fault
     cat-177       3..... 8598us : up_read <-do_user_addr_fault
     cat-177       3d.... 8598us : raw_irqentry_exit_cond_resched <-irqentry_exit
     cat-177       3..... 8599us : vm_brk_flags <-elf_load
     cat-177       3..... 8599us : down_write_killable <-vm_brk_flags
     cat-177       3..... 8599us : check_brk_limits <-vm_brk_flags
     cat-177       3..... 8599us : __get_unmapped_area <-check_brk_limits
     cat-177       3..... 8599us : mm_get_unmapped_area_vmflags <-__get_unmapped_area
     cat-177       3..... 8600us : arch_get_unmapped_area_topdown <-__get_unmapped_area
     cat-177       3..... 8600us : security_mmap_addr <-__get_unmapped_area
     cat-177       3..... 8600us : cap_mmap_addr <-security_mmap_addr
     cat-177       3..... 8600us : bpf_lsm_mmap_addr <-security_mmap_addr
     cat-177       3..... 8600us : do_vmi_munmap <-vm_brk_flags
     cat-177       3..... 8601us : do_brk_flags <-vm_brk_flags
     cat-177       3..... 8601us : ksm_vma_flags <-do_brk_flags
     cat-177       3..... 8601us : may_expand_vm <-do_brk_flags
     cat-177       3..... 8601us : security_vm_enough_memory_mm <-do_brk_flags
     cat-177       3..... 8601us : static_key_count <-security_vm_enough_memory_mm
     cat-177       3..... 8602us : cap_vm_enough_memory <-security_vm_enough_memory_mm
     cat-177       3..... 8602us : cap_capable <-security_vm_enough_memory_mm
     cat-177       3..... 8602us : static_key_count <-security_vm_enough_memory_mm
     cat-177       3..... 8602us : bpf_lsm_vm_enough_memory <-security_vm_enough_memory_mm
     cat-177       3..... 8602us : static_key_count <-security_vm_enough_memory_mm
     cat-177       3..... 8602us : static_key_count <-security_vm_enough_memory_mm
     cat-177       3..... 8603us : static_key_count <-security_vm_enough_memory_mm
     cat-177       3..... 8603us : static_key_count <-security_vm_enough_memory_mm
     cat-177       3..... 8603us : static_key_count <-security_vm_enough_memory_mm
     cat-177       3..... 8603us : static_key_count <-security_vm_enough_memory_mm
     cat-177       3..... 8603us : static_key_count <-security_vm_enough_memory_mm
     cat-177       3..... 8603us : static_key_count <-security_vm_enough_memory_mm
     cat-177       3..... 8604us : static_key_count <-security_vm_enough_memory_mm
     cat-177       3..... 8604us : static_key_count <-security_vm_enough_memory_mm
     cat-177       3..... 8604us : __vm_enough_memory <-do_brk_flags
     cat-177       3..... 8604us : vma_merge_new_range <-do_brk_flags
     cat-177       3..... 8604us : can_vma_merge_left <-vma_merge_new_range
     cat-177       3..... 8605us : vm_area_alloc <-do_brk_flags
     cat-177       3..... 8605us : kmem_cache_alloc_noprof <-vm_area_alloc
     cat-177       3..... 8605us : __vma_start_write <-do_brk_flags
     cat-177       3..... 8605us : __vma_start_exclude_readers <-__vma_start_write
     cat-177       3..... 8605us : kmem_cache_alloc_noprof <-mas_store_gfp
     cat-177       3..... 8606us : kvfree_call_rcu <-mas_wr_node_store
     cat-177       3..... 8606us : is_vmalloc_addr <-kvfree_call_rcu
     cat-177       3..... 8606us : __kfree_rcu_sheaf <-kvfree_call_rcu
     cat-177       3..... 8606us : perf_event_mmap <-do_brk_flags
     cat-177       3..... 8607us : up_write <-vm_brk_flags
     cat-177       3..... 8607us : userfaultfd_unmap_complete <-vm_brk_flags
     cat-177       3..... 8607us : kfree <-load_elf_binary
     cat-177       3..... 8607us : set_binfmt <-load_elf_binary
     cat-177       3..... 8607us : __module_get <-load_elf_binary
     cat-177       3..... 8608us : arch_setup_additional_pages <-load_elf_binary
     cat-177       3..... 8608us : map_vdso <-load_elf_binary
     cat-177       3..... 8608us : down_write_killable <-map_vdso
     cat-177       3..... 8608us : __get_unmapped_area <-map_vdso
     cat-177       3..... 8608us : mm_get_unmapped_area_vmflags <-__get_unmapped_area
     cat-177       3..... 8609us : arch_get_unmapped_area_topdown <-__get_unmapped_area
     cat-177       3..... 8609us : get_mmap_base <-arch_get_unmapped_area_topdown
     cat-177       3..... 8609us : vm_unmapped_area <-arch_get_unmapped_area_topdown
     cat-177       3..... 8609us : unmapped_area_topdown <-vm_unmapped_area
     cat-177       3..... 8609us : security_mmap_addr <-__get_unmapped_area
     cat-177       3..... 8610us : cap_mmap_addr <-security_mmap_addr
     cat-177       3..... 8610us : bpf_lsm_mmap_addr <-security_mmap_addr
     cat-177       3..... 8610us : _install_special_mapping <-map_vdso
     cat-177       3..... 8610us : vm_area_alloc <-_install_special_mapping
     cat-177       3..... 8610us : kmem_cache_alloc_noprof <-vm_area_alloc
     cat-177       3..... 8611us : insert_vm_struct <-_install_special_mapping
     cat-177       3..... 8611us : find_vma_intersection <-insert_vm_struct
     cat-177       3..... 8611us : __rcu_read_lock <-mt_find
     cat-177       3..... 8611us : __rcu_read_unlock <-mt_find
     cat-177       3..... 8611us : vma_link <-insert_vm_struct
     cat-177       3..... 8612us : kmem_cache_alloc_noprof <-mas_preallocate
     cat-177       3..... 8612us : __vma_start_write <-vma_link
     cat-177       3..... 8612us : __vma_start_exclude_readers <-__vma_start_write
     cat-177       3..... 8612us : kvfree_call_rcu <-mas_wr_node_store
     cat-177       3..... 8612us : is_vmalloc_addr <-kvfree_call_rcu
     cat-177       3..... 8613us : __kfree_rcu_sheaf <-kvfree_call_rcu
     cat-177       3...1. 8613us : call_rcu <-__kfree_rcu_sheaf
     cat-177       3...1. 8613us : __call_rcu_common <-__kfree_rcu_sheaf
     cat-177       3d..1. 8613us : rcu_async_should_hurry <-__call_rcu_common
     cat-177       3d..1. 8613us : rcu_segcblist_enqueue <-__call_rcu_common
     cat-177       3..... 8613us : vm_stat_account <-_install_special_mapping
     cat-177       3..... 8614us : perf_event_mmap <-_install_special_mapping
     cat-177       3..... 8614us : vdso_install_vvar_mapping <-map_vdso
     cat-177       3..... 8614us : _install_special_mapping <-map_vdso
     cat-177       3..... 8614us : vm_area_alloc <-_install_special_mapping
     cat-177       3..... 8614us : kmem_cache_alloc_noprof <-vm_area_alloc
     cat-177       3..... 8615us : insert_vm_struct <-_install_special_mapping
     cat-177       3..... 8615us : find_vma_intersection <-insert_vm_struct
     cat-177       3..... 8615us : __rcu_read_lock <-mt_find
     cat-177       3..... 8615us : __rcu_read_unlock <-mt_find
     cat-177       3..... 8615us : vma_link <-insert_vm_struct
     cat-177       3..... 8615us : kmem_cache_alloc_noprof <-mas_preallocate
     cat-177       3..... 8616us : __vma_start_write <-vma_link
     cat-177       3..... 8616us : __vma_start_exclude_readers <-__vma_start_write
     cat-177       3..... 8616us : kvfree_call_rcu <-mas_wr_node_store
     cat-177       3..... 8616us : is_vmalloc_addr <-kvfree_call_rcu
     cat-177       3..... 8616us : __kfree_rcu_sheaf <-kvfree_call_rcu
     cat-177       3..... 8616us : vm_stat_account <-_install_special_mapping
     cat-177       3..... 8617us : perf_event_mmap <-_install_special_mapping
     cat-177       3..... 8617us : _install_special_mapping <-map_vdso
     cat-177       3..... 8617us : vm_area_alloc <-_install_special_mapping
     cat-177       3..... 8617us : kmem_cache_alloc_noprof <-vm_area_alloc
     cat-177       3..... 8617us : insert_vm_struct <-_install_special_mapping
     cat-177       3..... 8617us : find_vma_intersection <-insert_vm_struct
     cat-177       3..... 8618us : __rcu_read_lock <-mt_find
     cat-177       3..... 8618us : __rcu_read_unlock <-mt_find
     cat-177       3..... 8618us : vma_link <-insert_vm_struct
     cat-177       3..... 8618us : __vma_start_write <-vma_link
     cat-177       3..... 8618us : __vma_start_exclude_readers <-__vma_start_write
     cat-177       3..... 8619us : vm_stat_account <-_install_special_mapping
     cat-177       3..... 8619us : perf_event_mmap <-_install_special_mapping
     cat-177       3..... 8619us : up_write <-map_vdso
     cat-177       3..... 8619us : arch_align_stack <-load_elf_binary
     cat-177       3..... 8619us : get_random_u16 <-arch_align_stack
     cat-177       3..... 8620us : get_random_bytes <-load_elf_binary
     cat-177       3..... 8620us : _get_random_bytes <-load_elf_binary
     cat-177       3..... 8620us : crng_make_state <-_get_random_bytes
     cat-177       3d.... 8620us : crng_fast_key_erasure <-crng_make_state
     cat-177       3d.... 8620us : chacha_block_generic <-crng_fast_key_erasure
     cat-177       3d.... 8621us : chacha_permute <-chacha_block_generic
     cat-177       3..... 8621us : get_sigframe_size <-load_elf_binary
     cat-177       3..... 8621us : from_kuid_munged <-load_elf_binary
     cat-177       3..... 8621us : map_id_range_up <-from_kuid_munged
     cat-177       3..... 8622us : from_kuid_munged <-load_elf_binary
     cat-177       3..... 8622us : map_id_range_up <-from_kuid_munged
     cat-177       3..... 8622us : from_kgid_munged <-load_elf_binary
     cat-177       3..... 8622us : map_id_range_up <-from_kgid_munged
     cat-177       3..... 8622us : from_kgid_munged <-load_elf_binary
     cat-177       3..... 8622us : map_id_range_up <-from_kgid_munged
     cat-177       3..... 8623us : down_write_killable <-load_elf_binary
     cat-177       3..... 8623us : find_extend_vma_locked <-load_elf_binary
     cat-177       3..... 8623us : __rcu_read_lock <-mt_find
     cat-177       3..... 8623us : __rcu_read_unlock <-mt_find
     cat-177       3..... 8623us : up_write <-load_elf_binary
     cat-177       3..... 8624us : __check_object_size <-load_elf_binary
     cat-177       3..... 8624us : check_stack_object <-__check_object_size
     cat-177       3..... 8624us : is_vmalloc_addr <-__check_object_size
     cat-177       3..... 8625us : __virt_addr_valid <-__check_object_size
     cat-177       3..... 8625us : __check_heap_object <-__check_object_size
     cat-177       3..... 8625us : arch_randomize_brk <-load_elf_binary
     cat-177       3..... 8625us : randomize_page <-load_elf_binary
     cat-177       3..... 8626us : get_random_u64 <-randomize_page
     cat-177       3..... 8626us : finalize_exec <-load_elf_binary
     cat-177       3..... 8626us : _raw_spin_lock <-finalize_exec
     cat-177       3...1. 8626us : _raw_spin_unlock <-load_elf_binary
     cat-177       3..... 8626us : start_thread <-load_elf_binary
     cat-177       3..... 8626us : start_thread_common.constprop.0 <-load_elf_binary
     cat-177       3..... 8627us : reset_thread_features <-start_thread_common.constprop.0
     cat-177       3..... 8627us : _raw_read_lock <-bprm_execve
     cat-177       3...1. 8627us : module_put <-bprm_execve
     cat-177       3...1. 8627us : _raw_read_unlock <-bprm_execve
     cat-177       3..... 8628us : proc_exec_connector <-bprm_execve
     cat-177       3..... 8628us : sched_mm_cid_after_execve <-bprm_execve
     cat-177       3..... 8628us : sched_mm_cid_fork <-bprm_execve
     cat-177       3..... 8628us : mutex_lock <-sched_mm_cid_fork
     cat-177       3..... 8628us : _raw_spin_lock_irq <-sched_mm_cid_fork
     cat-177       3d..1. 8629us : mm_update_max_cids <-sched_mm_cid_fork
     cat-177       3d..1. 8629us : _raw_spin_unlock_irq <-sched_mm_cid_fork
     cat-177       3..... 8629us : mutex_unlock <-bprm_execve
     cat-177       3..... 8629us : acct_update_integrals <-bprm_execve
     cat-177       3d.... 8629us : task_cputime <-acct_update_integrals
     cat-177       3..... 8630us : task_numa_free <-bprm_execve
     cat-177       3..... 8630us : free_bprm <-do_execveat_common.isra.0
     cat-177       3..... 8630us : fput <-free_bprm
     cat-177       3..... 8630us : kfree <-free_bprm
     cat-177       3..... 8630us : kfree <-do_execveat_common.isra.0
     cat-177       3..... 8631us : putname <-__x64_sys_execve
     cat-177       3..... 8631us : kmem_cache_free <-__x64_sys_execve
     cat-177       3..... 8631us : task_work_run <-exit_to_user_mode_loop
     cat-177       3..... 8631us : _raw_spin_lock_irq <-task_work_run
     cat-177       3d..1. 8631us : _raw_spin_unlock_irq <-task_work_run
     cat-177       3..... 8632us : ____fput <-task_work_run
     cat-177       3..... 8632us : __fput <-task_work_run
     cat-177       3..... 8632us : locks_remove_file <-__fput
     cat-177       3..... 8632us : security_file_release <-__fput
     cat-177       3..... 8632us : bpf_lsm_file_release <-security_file_release
     cat-177       3..... 8632us : module_put <-__fput
     cat-177       3..... 8633us : file_f_owner_release <-__fput
     cat-177       3..... 8633us : dput <-__fput
     cat-177       3..... 8633us : dput.part.0 <-__fput
     cat-177       3..... 8633us : __rcu_read_lock <-dput.part.0
     cat-177       3..... 8633us : __rcu_read_unlock <-__fput
     cat-177       3..... 8634us : mntput <-__fput
     cat-177       3..... 8634us : __rcu_read_lock <-mntput
     cat-177       3..... 8634us : __rcu_read_unlock <-__fput
     cat-177       3..... 8634us : security_file_free <-__fput
     cat-177       3..... 8634us : hook_file_free_security <-security_file_free
     cat-177       3..... 8634us : put_pid <-hook_file_free_security
     cat-177       3..... 8635us : landlock_put_ruleset_deferred <-security_file_free
     cat-177       3..... 8635us : bpf_lsm_file_free_security <-security_file_free
     cat-177       3..... 8635us : kmem_cache_free <-__fput
     cat-177       3..... 8635us : __put_cred <-__fput
     cat-177       3..... 8635us : call_rcu <-__fput
     cat-177       3..... 8635us : __call_rcu_common <-__fput
     cat-177       3d.... 8636us : rcu_async_should_hurry <-__call_rcu_common
     cat-177       3d.... 8636us : rcu_segcblist_enqueue <-__call_rcu_common
     cat-177       3..... 8636us : kmem_cache_free <-task_work_run
     cat-177       3..... 8636us : blkcg_maybe_throttle_current <-exit_to_user_mode_loop
     cat-177       3d.... 8636us : switch_fpu_return <-do_syscall_64
     cat-177       3d.... 8637us : restore_fpregs_from_fpstate <-switch_fpu_return
     cat-177       3..... 8638us : lock_vma_under_rcu <-do_user_addr_fault
     cat-177       3..... 8638us : __rcu_read_lock <-lock_vma_under_rcu
     cat-177       3..... 8638us : __rcu_read_unlock <-lock_vma_under_rcu
     cat-177       3..... 8639us : handle_mm_fault <-do_user_addr_fault
     cat-177       3..... 8639us : __handle_mm_fault <-handle_mm_fault
     cat-177       3..... 8639us : pte_offset_map_rw_nolock <-__handle_mm_fault
     cat-177       3..... 8639us : __pte_offset_map <-pte_offset_map_rw_nolock
     cat-177       3..... 8639us : __rcu_read_lock <-__pte_offset_map
     cat-177       3..... 8640us : __rcu_read_unlock <-__handle_mm_fault
     cat-177       3..... 8640us : do_fault <-__handle_mm_fault
     cat-177       3..... 8640us : __rcu_read_lock <-do_fault
     cat-177       3..... 8640us : filemap_map_pages <-do_fault
     cat-177       3..... 8640us : __rcu_read_lock <-filemap_map_pages
     cat-177       3..... 8641us : next_uptodate_folio <-filemap_map_pages
     cat-177       3..... 8641us : pte_offset_map_lock <-filemap_map_pages
     cat-177       3..... 8641us : __pte_offset_map <-pte_offset_map_lock
     cat-177       3..... 8641us : __rcu_read_lock <-__pte_offset_map
     cat-177       3..... 8641us : _raw_spin_lock <-pte_offset_map_lock
     cat-177       3...1. 8642us : set_pte_range <-filemap_map_pages
     cat-177       3...1. 8642us : folio_add_file_rmap_ptes <-set_pte_range
     cat-177       3...1. 8642us : next_uptodate_folio <-filemap_map_pages
     cat-177       3...1. 8642us : set_pte_range <-filemap_map_pages
     cat-177       3...1. 8642us : folio_add_file_rmap_ptes <-set_pte_range
     cat-177       3...1. 8643us : next_uptodate_folio <-filemap_map_pages
     cat-177       3...1. 8643us : set_pte_range <-filemap_map_pages
     cat-177       3...1. 8643us : folio_add_file_rmap_ptes <-set_pte_range
     cat-177       3...1. 8643us : next_uptodate_folio <-filemap_map_pages
     cat-177       3...1. 8643us : set_pte_range <-filemap_map_pages
     cat-177       3...1. 8644us : folio_add_file_rmap_ptes <-set_pte_range
     cat-177       3...1. 8644us : next_uptodate_folio <-filemap_map_pages
     cat-177       3...1. 8644us : set_pte_range <-filemap_map_pages
     cat-177       3...1. 8644us : folio_add_file_rmap_ptes <-set_pte_range
     cat-177       3...1. 8644us : next_uptodate_folio <-filemap_map_pages
     cat-177       3...1. 8644us : set_pte_range <-filemap_map_pages
     cat-177       3...1. 8645us : folio_add_file_rmap_ptes <-set_pte_range
     cat-177       3...1. 8645us : next_uptodate_folio <-filemap_map_pages
     cat-177       3...1. 8645us : set_pte_range <-filemap_map_pages
     cat-177       3...1. 8645us : folio_add_file_rmap_ptes <-set_pte_range
     cat-177       3...1. 8645us : next_uptodate_folio <-filemap_map_pages
     cat-177       3...1. 8645us : set_pte_range <-filemap_map_pages
     cat-177       3...1. 8646us : folio_add_file_rmap_ptes <-set_pte_range
     cat-177       3...1. 8646us : next_uptodate_folio <-filemap_map_pages
     cat-177       3...1. 8646us : set_pte_range <-filemap_map_pages
     cat-177       3...1. 8646us : folio_add_file_rmap_ptes <-set_pte_range
     cat-177       3...1. 8646us : next_uptodate_folio <-filemap_map_pages
     cat-177       3...1. 8646us : set_pte_range <-filemap_map_pages
     cat-177       3...1. 8647us : folio_add_file_rmap_ptes <-set_pte_range
     cat-177       3...1. 8647us : next_uptodate_folio <-filemap_map_pages
     cat-177       3...1. 8647us : set_pte_range <-filemap_map_pages
     cat-177       3...1. 8647us : folio_add_file_rmap_ptes <-set_pte_range
     cat-177       3...1. 8647us : next_uptodate_folio <-filemap_map_pages
     cat-177       3...1. 8647us : set_pte_range <-filemap_map_pages
     cat-177       3...1. 8648us : folio_add_file_rmap_ptes <-set_pte_range
     cat-177       3...1. 8648us : next_uptodate_folio <-filemap_map_pages
     cat-177       3...1. 8648us : set_pte_range <-filemap_map_pages
     cat-177       3...1. 8648us : folio_add_file_rmap_ptes <-set_pte_range
     cat-177       3...1. 8648us : next_uptodate_folio <-filemap_map_pages
     cat-177       3...1. 8648us : set_pte_range <-filemap_map_pages
     cat-177       3...1. 8649us : folio_add_file_rmap_ptes <-set_pte_range
     cat-177       3...1. 8649us : next_uptodate_folio <-filemap_map_pages
     cat-177       3...1. 8649us : set_pte_range <-filemap_map_pages
     cat-177       3...1. 8649us : folio_add_file_rmap_ptes <-set_pte_range
     cat-177       3...1. 8649us : next_uptodate_folio <-filemap_map_pages
     cat-177       3...1. 8649us : set_pte_range <-filemap_map_pages
     cat-177       3...1. 8650us : folio_add_file_rmap_ptes <-set_pte_range
     cat-177       3...1. 8650us : next_uptodate_folio <-filemap_map_pages
     cat-177       3...1. 8650us : mm_trace_rss_stat <-filemap_map_pages
     cat-177       3...1. 8650us : _raw_spin_unlock <-filemap_map_pages
     cat-177       3..... 8650us : __rcu_read_unlock <-filemap_map_pages
     cat-177       3..... 8651us : __rcu_read_unlock <-filemap_map_pages
     cat-177       3..... 8651us : __rcu_read_unlock <-do_fault
     cat-177       3..... 8651us : __rcu_read_lock <-handle_mm_fault
     cat-177       3..... 8651us : mem_cgroup_from_task <-handle_mm_fault
     cat-177       3..... 8651us : count_memcg_events <-handle_mm_fault
     cat-177       3...1. 8651us : __css_rstat_updated <-count_memcg_events
     cat-177       3..... 8652us : __rcu_read_unlock <-handle_mm_fault
     cat-177       3..... 8653us : lock_vma_under_rcu <-do_user_addr_fault
     cat-177       3..... 8653us : __rcu_read_lock <-lock_vma_under_rcu
     cat-177       3..... 8653us : __rcu_read_unlock <-lock_vma_under_rcu
     cat-177       3..... 8653us : handle_mm_fault <-do_user_addr_fault
     cat-177       3..... 8653us : __handle_mm_fault <-handle_mm_fault
     cat-177       3..... 8654us : pte_offset_map_rw_nolock <-__handle_mm_fault
     cat-177       3..... 8654us : __pte_offset_map <-pte_offset_map_rw_nolock
     cat-177       3..... 8654us : __rcu_read_lock <-__pte_offset_map
     cat-177       3..... 8654us : __rcu_read_unlock <-__handle_mm_fault
     cat-177       3..... 8654us : do_fault <-__handle_mm_fault
     cat-177       3..... 8654us : __rcu_read_lock <-do_fault
     cat-177       3..... 8654us : filemap_map_pages <-do_fault
     cat-177       3..... 8655us : __rcu_read_lock <-filemap_map_pages
     cat-177       3..... 8655us : next_uptodate_folio <-filemap_map_pages
     cat-177       3..... 8655us : pte_offset_map_lock <-filemap_map_pages
     cat-177       3..... 8655us : __pte_offset_map <-pte_offset_map_lock
     cat-177       3..... 8655us : __rcu_read_lock <-__pte_offset_map
     cat-177       3..... 8655us : _raw_spin_lock <-pte_offset_map_lock
     cat-177       3...1. 8656us : set_pte_range <-filemap_map_pages
     cat-177       3...1. 8656us : folio_add_file_rmap_ptes <-set_pte_range
     cat-177       3...1. 8656us : next_uptodate_folio <-filemap_map_pages
     cat-177       3...1. 8656us : set_pte_range <-filemap_map_pages
     cat-177       3...1. 8656us : folio_add_file_rmap_ptes <-set_pte_range
     cat-177       3...1. 8657us : next_uptodate_folio <-filemap_map_pages
     cat-177       3...1. 8657us : set_pte_range <-filemap_map_pages
     cat-177       3...1. 8657us : folio_add_file_rmap_ptes <-set_pte_range
     cat-177       3...1. 8657us : next_uptodate_folio <-filemap_map_pages
     cat-177       3...1. 8657us : set_pte_range <-filemap_map_pages
     cat-177       3...1. 8657us : folio_add_file_rmap_ptes <-set_pte_range
     cat-177       3...1. 8658us : next_uptodate_folio <-filemap_map_pages
     cat-177       3...1. 8658us : set_pte_range <-filemap_map_pages
     cat-177       3...1. 8658us : folio_add_file_rmap_ptes <-set_pte_range
     cat-177       3...1. 8658us : next_uptodate_folio <-filemap_map_pages
     cat-177       3...1. 8658us : set_pte_range <-filemap_map_pages
     cat-177       3...1. 8658us : folio_add_file_rmap_ptes <-set_pte_range
     cat-177       3...1. 8659us : next_uptodate_folio <-filemap_map_pages
     cat-177       3...1. 8659us : set_pte_range <-filemap_map_pages
     cat-177       3...1. 8659us : folio_add_file_rmap_ptes <-set_pte_range
     cat-177       3...1. 8659us : next_uptodate_folio <-filemap_map_pages
     cat-177       3...1. 8659us : set_pte_range <-filemap_map_pages
     cat-177       3...1. 8659us : folio_add_file_rmap_ptes <-set_pte_range
     cat-177       3...1. 8660us : next_uptodate_folio <-filemap_map_pages
     cat-177       3...1. 8660us : set_pte_range <-filemap_map_pages
     cat-177       3...1. 8660us : folio_add_file_rmap_ptes <-set_pte_range
     cat-177       3...1. 8660us : next_uptodate_folio <-filemap_map_pages
     cat-177       3...1. 8660us : set_pte_range <-filemap_map_pages
     cat-177       3...1. 8660us : folio_add_file_rmap_ptes <-set_pte_range
     cat-177       3...1. 8661us : next_uptodate_folio <-filemap_map_pages
     cat-177       3...1. 8661us : set_pte_range <-filemap_map_pages
     cat-177       3...1. 8661us : folio_add_file_rmap_ptes <-set_pte_range
     cat-177       3...1. 8661us : next_uptodate_folio <-filemap_map_pages
     cat-177       3...1. 8661us : set_pte_range <-filemap_map_pages
     cat-177       3...1. 8661us : folio_add_file_rmap_ptes <-set_pte_range
     cat-177       3...1. 8662us : next_uptodate_folio <-filemap_map_pages
     cat-177       3...1. 8662us : set_pte_range <-filemap_map_pages
     cat-177       3...1. 8662us : folio_add_file_rmap_ptes <-set_pte_range
     cat-177       3...1. 8662us : next_uptodate_folio <-filemap_map_pages
     cat-177       3...1. 8662us : set_pte_range <-filemap_map_pages
     cat-177       3...1. 8662us : folio_add_file_rmap_ptes <-set_pte_range
     cat-177       3...1. 8663us : next_uptodate_folio <-filemap_map_pages
     cat-177       3...1. 8663us : set_pte_range <-filemap_map_pages
     cat-177       3...1. 8663us : folio_add_file_rmap_ptes <-set_pte_range
     cat-177       3...1. 8663us : next_uptodate_folio <-filemap_map_pages
     cat-177       3...1. 8663us : set_pte_range <-filemap_map_pages
     cat-177       3...1. 8663us : folio_add_file_rmap_ptes <-set_pte_range
     cat-177       3...1. 8664us : next_uptodate_folio <-filemap_map_pages
     cat-177       3...1. 8664us : _raw_spin_lock_irqsave <-percpu_counter_add_batch
     cat-177       3d..2. 8664us : _raw_spin_unlock_irqrestore <-filemap_map_pages
     cat-177       3...1. 8664us : mm_trace_rss_stat <-filemap_map_pages
     cat-177       3...1. 8664us : _raw_spin_unlock <-filemap_map_pages
     cat-177       3..... 8664us : __rcu_read_unlock <-filemap_map_pages
     cat-177       3..... 8665us : __rcu_read_unlock <-filemap_map_pages
     cat-177       3..... 8665us : __rcu_read_unlock <-do_fault
     cat-177       3..... 8665us : __rcu_read_lock <-handle_mm_fault
     cat-177       3..... 8665us : mem_cgroup_from_task <-handle_mm_fault
     cat-177       3..... 8665us : count_memcg_events <-handle_mm_fault
     cat-177       3...1. 8665us : __css_rstat_updated <-count_memcg_events
     cat-177       3..... 8666us : __rcu_read_unlock <-handle_mm_fault
     cat-177       3..... 8667us : lock_vma_under_rcu <-do_user_addr_fault
     cat-177       3..... 8667us : __rcu_read_lock <-lock_vma_under_rcu
     cat-177       3..... 8667us : __rcu_read_unlock <-lock_vma_under_rcu
     cat-177       3..... 8667us : handle_mm_fault <-do_user_addr_fault
     cat-177       3..... 8667us : __handle_mm_fault <-handle_mm_fault
     cat-177       3..... 8668us : pte_offset_map_rw_nolock <-__handle_mm_fault
     cat-177       3..... 8668us : __pte_offset_map <-pte_offset_map_rw_nolock
     cat-177       3..... 8668us : __rcu_read_lock <-__pte_offset_map
     cat-177       3..... 8668us : __rcu_read_unlock <-__handle_mm_fault
     cat-177       3..... 8668us : do_fault <-__handle_mm_fault
     cat-177       3..... 8668us : __rcu_read_lock <-do_fault
     cat-177       3..... 8669us : filemap_map_pages <-do_fault
     cat-177       3..... 8669us : __rcu_read_lock <-filemap_map_pages
     cat-177       3..... 8669us : next_uptodate_folio <-filemap_map_pages
     cat-177       3..... 8669us : pte_offset_map_lock <-filemap_map_pages
     cat-177       3..... 8669us : __pte_offset_map <-pte_offset_map_lock
     cat-177       3..... 8670us : __rcu_read_lock <-__pte_offset_map
     cat-177       3..... 8670us : _raw_spin_lock <-pte_offset_map_lock
     cat-177       3...1. 8670us : set_pte_range <-filemap_map_pages
     cat-177       3...1. 8670us : folio_add_file_rmap_ptes <-set_pte_range
     cat-177       3...1. 8670us : lruvec_stat_mod_folio <-folio_add_file_rmap_ptes
     cat-177       3...1. 8670us : __rcu_read_lock <-lruvec_stat_mod_folio
     cat-177       3...1. 8671us : mod_node_page_state <-lruvec_stat_mod_folio
     cat-177       3...1. 8671us : __mod_memcg_lruvec_state <-lruvec_stat_mod_folio
     cat-177       3...2. 8671us : memcg_state_val_in_pages <-__mod_memcg_lruvec_state
     cat-177       3...2. 8671us : __css_rstat_updated <-__mod_memcg_lruvec_state
     cat-177       3...1. 8671us : __rcu_read_unlock <-folio_add_file_rmap_ptes
     cat-177       3...1. 8671us : next_uptodate_folio <-filemap_map_pages
     cat-177       3...1. 8672us : set_pte_range <-filemap_map_pages
     cat-177       3...1. 8672us : folio_add_file_rmap_ptes <-set_pte_range
     cat-177       3...1. 8672us : lruvec_stat_mod_folio <-folio_add_file_rmap_ptes
     cat-177       3...1. 8672us : __rcu_read_lock <-lruvec_stat_mod_folio
     cat-177       3...1. 8672us : mod_node_page_state <-lruvec_stat_mod_folio
     cat-177       3...1. 8672us : __mod_memcg_lruvec_state <-lruvec_stat_mod_folio
     cat-177       3...2. 8673us : memcg_state_val_in_pages <-__mod_memcg_lruvec_state
     cat-177       3...2. 8673us : __css_rstat_updated <-__mod_memcg_lruvec_state
     cat-177       3...1. 8673us : __rcu_read_unlock <-folio_add_file_rmap_ptes
     cat-177       3...1. 8673us : next_uptodate_folio <-filemap_map_pages
     cat-177       3...1. 8673us : set_pte_range <-filemap_map_pages
     cat-177       3...1. 8673us : folio_add_file_rmap_ptes <-set_pte_range
     cat-177       3...1. 8674us : lruvec_stat_mod_folio <-folio_add_file_rmap_ptes
     cat-177       3...1. 8674us : __rcu_read_lock <-lruvec_stat_mod_folio
     cat-177       3...1. 8674us : mod_node_page_state <-lruvec_stat_mod_folio
     cat-177       3...1. 8674us : __mod_memcg_lruvec_state <-lruvec_stat_mod_folio
     cat-177       3...2. 8674us : memcg_state_val_in_pages <-__mod_memcg_lruvec_state
     cat-177       3...2. 8674us : __css_rstat_updated <-__mod_memcg_lruvec_state
     cat-177       3...1. 8674us : __rcu_read_unlock <-folio_add_file_rmap_ptes
     cat-177       3...1. 8675us : next_uptodate_folio <-filemap_map_pages
     cat-177       3...1. 8675us : next_uptodate_folio <-filemap_map_pages
     cat-177       3...1. 8675us : mm_trace_rss_stat <-filemap_map_pages
     cat-177       3...1. 8675us : _raw_spin_unlock <-filemap_map_pages
     cat-177       3..... 8684us : __rcu_read_unlock <-filemap_map_pages
     cat-177       3..... 8684us : __rcu_read_unlock <-filemap_map_pages
     cat-177       3..... 8684us : __rcu_read_unlock <-do_fault
     cat-177       3..... 8685us : __rcu_read_lock <-handle_mm_fault
     cat-177       3..... 8685us : mem_cgroup_from_task <-handle_mm_fault
     cat-177       3..... 8685us : count_memcg_events <-handle_mm_fault
     cat-177       3...1. 8685us : __css_rstat_updated <-count_memcg_events
     cat-177       3..... 8685us : __rcu_read_unlock <-handle_mm_fault
     cat-177       3..... 8686us : lock_vma_under_rcu <-do_user_addr_fault
     cat-177       3..... 8686us : __rcu_read_lock <-lock_vma_under_rcu
     cat-177       3..... 8687us : __rcu_read_unlock <-lock_vma_under_rcu
     cat-177       3..... 8687us : handle_mm_fault <-do_user_addr_fault
     cat-177       3..... 8687us : __handle_mm_fault <-handle_mm_fault
     cat-177       3..... 8687us : pte_offset_map_rw_nolock <-__handle_mm_fault
     cat-177       3..... 8687us : __pte_offset_map <-pte_offset_map_rw_nolock
     cat-177       3..... 8687us : __rcu_read_lock <-__pte_offset_map
     cat-177       3..... 8688us : __rcu_read_unlock <-__handle_mm_fault
     cat-177       3..... 8688us : do_fault <-__handle_mm_fault
     cat-177       3..... 8688us : __rcu_read_lock <-do_fault
     cat-177       3..... 8688us : filemap_map_pages <-do_fault
     cat-177       3..... 8688us : __rcu_read_lock <-filemap_map_pages
     cat-177       3..... 8688us : next_uptodate_folio <-filemap_map_pages
     cat-177       3..... 8689us : pte_offset_map_lock <-filemap_map_pages
     cat-177       3..... 8689us : __pte_offset_map <-pte_offset_map_lock
     cat-177       3..... 8689us : __rcu_read_lock <-__pte_offset_map
     cat-177       3..... 8689us : _raw_spin_lock <-pte_offset_map_lock
     cat-177       3...1. 8689us : set_pte_range <-filemap_map_pages
     cat-177       3...1. 8689us : folio_add_file_rmap_ptes <-set_pte_range
     cat-177       3...1. 8690us : next_uptodate_folio <-filemap_map_pages
     cat-177       3...1. 8690us : mm_trace_rss_stat <-filemap_map_pages
     cat-177       3...1. 8690us : _raw_spin_unlock <-filemap_map_pages
     cat-177       3..... 8690us : __rcu_read_unlock <-filemap_map_pages
     cat-177       3..... 8690us : __rcu_read_unlock <-filemap_map_pages
     cat-177       3..... 8691us : __rcu_read_unlock <-do_fault
     cat-177       3..... 8691us : __rcu_read_lock <-handle_mm_fault
     cat-177       3..... 8691us : mem_cgroup_from_task <-handle_mm_fault
     cat-177       3..... 8691us : count_memcg_events <-handle_mm_fault
     cat-177       3...1. 8691us : __css_rstat_updated <-count_memcg_events
     cat-177       3..... 8691us : __rcu_read_unlock <-handle_mm_fault
     cat-177       3..... 8692us : lock_vma_under_rcu <-do_user_addr_fault
     cat-177       3..... 8693us : __rcu_read_lock <-lock_vma_under_rcu
     cat-177       3..... 8693us : __rcu_read_unlock <-lock_vma_under_rcu
     cat-177       3..... 8693us : handle_mm_fault <-do_user_addr_fault
     cat-177       3..... 8693us : __handle_mm_fault <-handle_mm_fault
     cat-177       3..... 8693us : pte_offset_map_rw_nolock <-__handle_mm_fault
     cat-177       3..... 8693us : __pte_offset_map <-pte_offset_map_rw_nolock
     cat-177       3..... 8694us : __rcu_read_lock <-__pte_offset_map
     cat-177       3..... 8694us : _raw_spin_lock <-__handle_mm_fault
     cat-177       3...1. 8694us : do_wp_page <-__handle_mm_fault
     cat-177       3...1. 8694us : vm_normal_page <-do_wp_page
     cat-177       3...1. 8694us : _raw_spin_unlock <-do_wp_page
     cat-177       3..... 8695us : __rcu_read_unlock <-do_wp_page
     cat-177       3..... 8695us : __vmf_anon_prepare <-do_wp_page
     cat-177       3..... 8695us : vma_alloc_folio_noprof <-do_wp_page
     cat-177       3..... 8695us : get_vma_policy <-vma_alloc_folio_noprof
     cat-177       3..... 8695us : shmem_get_policy <-get_vma_policy
     cat-177       3..... 8695us : mpol_shared_policy_lookup <-get_vma_policy
     cat-177       3..... 8696us : alloc_pages_mpol <-vma_alloc_folio_noprof
     cat-177       3..... 8696us : policy_nodemask <-alloc_pages_mpol
     cat-177       3..... 8696us : __alloc_frozen_pages_noprof <-alloc_pages_mpol
     cat-177       3..... 8696us : get_page_from_freelist <-__alloc_frozen_pages_noprof
     cat-177       3...1. 8696us : _raw_spin_trylock <-get_page_from_freelist
     cat-177       3...2. 8697us : _raw_spin_unlock <-get_page_from_freelist
     cat-177       3..... 8697us : kernel_init_pages <-get_page_from_freelist
     cat-177       3..... 8697us : __mem_cgroup_charge <-do_wp_page
     cat-177       3..... 8697us : get_mem_cgroup_from_mm <-__mem_cgroup_charge
     cat-177       3..... 8698us : __rcu_read_lock <-get_mem_cgroup_from_mm
     cat-177       3..... 8698us : __rcu_read_unlock <-get_mem_cgroup_from_mm
     cat-177       3..... 8698us : charge_memcg <-__mem_cgroup_charge
     cat-177       3..... 8698us : __rcu_read_lock <-charge_memcg
     cat-177       3..... 8698us : __get_obj_cgroup_from_memcg <-charge_memcg
     cat-177       3..... 8698us : __rcu_read_unlock <-charge_memcg
     cat-177       3..... 8699us : __folio_throttle_swaprate <-do_wp_page
     cat-177       3..... 8699us : copy_mc_to_kernel <-do_wp_page
     cat-177       3..... 8699us : pte_offset_map_lock <-do_wp_page
     cat-177       3..... 8699us : __pte_offset_map <-pte_offset_map_lock
     cat-177       3..... 8700us : __rcu_read_lock <-__pte_offset_map
     cat-177       3..... 8700us : _raw_spin_lock <-pte_offset_map_lock
     cat-177       3...1. 8700us : pte_mkwrite <-do_wp_page
     cat-177       3...1. 8700us : ptep_clear_flush <-do_wp_page
     cat-177       3...1. 8700us : flush_tlb_mm_range <-ptep_clear_flush
     cat-177       3d..2. 8701us : flush_tlb_func <-flush_tlb_mm_range
     cat-177       3d..2. 8701us : mm_needs_global_asid <-flush_tlb_func
     cat-177       3d..2. 8701us : native_flush_tlb_one_user <-flush_tlb_func
     cat-177       3...1. 8701us : folio_add_new_anon_rmap <-do_wp_page
     cat-177       3...1. 8701us : __folio_mod_stat <-folio_add_new_anon_rmap
     cat-177       3...1. 8702us : lruvec_stat_mod_folio <-__folio_mod_stat
     cat-177       3...1. 8702us : __rcu_read_lock <-lruvec_stat_mod_folio
     cat-177       3...1. 8702us : mod_node_page_state <-lruvec_stat_mod_folio
     cat-177       3...1. 8702us : __mod_memcg_lruvec_state <-lruvec_stat_mod_folio
     cat-177       3...2. 8702us : memcg_state_val_in_pages <-__mod_memcg_lruvec_state
     cat-177       3...2. 8702us : __css_rstat_updated <-__mod_memcg_lruvec_state
     cat-177       3...1. 8703us : __rcu_read_unlock <-__folio_mod_stat
     cat-177       3...1. 8703us : folio_add_lru_vma <-do_wp_page
     cat-177       3...1. 8703us : folio_add_lru <-do_wp_page
     cat-177       3...1. 8703us : __folio_batch_add_and_move <-do_wp_page
     cat-177       3...1. 8703us : folio_remove_rmap_ptes <-do_wp_page
     cat-177       3...1. 8704us : lruvec_stat_mod_folio <-folio_remove_rmap_ptes
     cat-177       3...1. 8704us : __rcu_read_lock <-lruvec_stat_mod_folio
     cat-177       3...1. 8704us : mod_node_page_state <-lruvec_stat_mod_folio
     cat-177       3...1. 8704us : __mod_memcg_lruvec_state <-lruvec_stat_mod_folio
     cat-177       3...2. 8704us : memcg_state_val_in_pages <-__mod_memcg_lruvec_state
     cat-177       3...2. 8704us : __css_rstat_updated <-__mod_memcg_lruvec_state
     cat-177       3...1. 8705us : __rcu_read_unlock <-folio_remove_rmap_ptes
     cat-177       3...1. 8705us : _raw_spin_unlock <-do_wp_page
     cat-177       3..... 8705us : __rcu_read_unlock <-do_wp_page
     cat-177       3..... 8705us : free_swap_cache <-do_wp_page
     cat-177       3..... 8705us : __rcu_read_lock <-handle_mm_fault
     cat-177       3..... 8706us : mem_cgroup_from_task <-handle_mm_fault
     cat-177       3..... 8706us : count_memcg_events <-handle_mm_fault
     cat-177       3...1. 8706us : __css_rstat_updated <-count_memcg_events
     cat-177       3..... 8706us : __rcu_read_unlock <-handle_mm_fault
     cat-177       3..... 8708us : lock_vma_under_rcu <-do_user_addr_fault
     cat-177       3..... 8708us : __rcu_read_lock <-lock_vma_under_rcu
     cat-177       3..... 8708us : __rcu_read_unlock <-lock_vma_under_rcu
     cat-177       3..... 8708us : handle_mm_fault <-do_user_addr_fault
     cat-177       3..... 8708us : __handle_mm_fault <-handle_mm_fault
     cat-177       3..... 8709us : pte_offset_map_rw_nolock <-__handle_mm_fault
     cat-177       3..... 8709us : __pte_offset_map <-pte_offset_map_rw_nolock
     cat-177       3..... 8709us : __rcu_read_lock <-__pte_offset_map
     cat-177       3..... 8709us : _raw_spin_lock <-__handle_mm_fault
     cat-177       3...1. 8709us : do_wp_page <-__handle_mm_fault
     cat-177       3...1. 8709us : vm_normal_page <-do_wp_page
     cat-177       3...1. 8710us : _raw_spin_unlock <-do_wp_page
     cat-177       3..... 8710us : __rcu_read_unlock <-do_wp_page
     cat-177       3..... 8710us : __vmf_anon_prepare <-do_wp_page
     cat-177       3..... 8710us : vma_alloc_folio_noprof <-do_wp_page
     cat-177       3..... 8710us : get_vma_policy <-vma_alloc_folio_noprof
     cat-177       3..... 8710us : shmem_get_policy <-get_vma_policy
     cat-177       3..... 8710us : mpol_shared_policy_lookup <-get_vma_policy
     cat-177       3..... 8711us : alloc_pages_mpol <-vma_alloc_folio_noprof
     cat-177       3..... 8711us : policy_nodemask <-alloc_pages_mpol
     cat-177       3..... 8711us : __alloc_frozen_pages_noprof <-alloc_pages_mpol
     cat-177       3..... 8711us : get_page_from_freelist <-__alloc_frozen_pages_noprof
     cat-177       3...1. 8711us : _raw_spin_trylock <-get_page_from_freelist
     cat-177       3...2. 8711us : _raw_spin_unlock <-get_page_from_freelist
     cat-177       3..... 8712us : kernel_init_pages <-get_page_from_freelist
     cat-177       3..... 8712us : __mem_cgroup_charge <-do_wp_page
     cat-177       3..... 8712us : get_mem_cgroup_from_mm <-__mem_cgroup_charge
     cat-177       3..... 8712us : __rcu_read_lock <-get_mem_cgroup_from_mm
     cat-177       3..... 8713us : __rcu_read_unlock <-get_mem_cgroup_from_mm
     cat-177       3..... 8713us : charge_memcg <-__mem_cgroup_charge
     cat-177       3..... 8713us : __rcu_read_lock <-charge_memcg
     cat-177       3..... 8713us : __get_obj_cgroup_from_memcg <-charge_memcg
     cat-177       3..... 8713us : __rcu_read_unlock <-charge_memcg
     cat-177       3..... 8713us : __folio_throttle_swaprate <-do_wp_page
     cat-177       3..... 8714us : copy_mc_to_kernel <-do_wp_page
     cat-177       3..... 8714us : pte_offset_map_lock <-do_wp_page
     cat-177       3..... 8714us : __pte_offset_map <-pte_offset_map_lock
     cat-177       3..... 8714us : __rcu_read_lock <-__pte_offset_map
     cat-177       3..... 8714us : _raw_spin_lock <-pte_offset_map_lock
     cat-177       3...1. 8715us : pte_mkwrite <-do_wp_page
     cat-177       3...1. 8715us : ptep_clear_flush <-do_wp_page
     cat-177       3...1. 8715us : flush_tlb_mm_range <-ptep_clear_flush
     cat-177       3d..2. 8715us : flush_tlb_func <-flush_tlb_mm_range
     cat-177       3d..2. 8715us : mm_needs_global_asid <-flush_tlb_func
     cat-177       3d..2. 8715us : native_flush_tlb_one_user <-flush_tlb_func
     cat-177       3...1. 8716us : folio_add_new_anon_rmap <-do_wp_page
     cat-177       3...1. 8716us : __folio_mod_stat <-folio_add_new_anon_rmap
     cat-177       3...1. 8716us : lruvec_stat_mod_folio <-__folio_mod_stat
     cat-177       3...1. 8716us : __rcu_read_lock <-lruvec_stat_mod_folio
     cat-177       3...1. 8716us : mod_node_page_state <-lruvec_stat_mod_folio
     cat-177       3...1. 8716us : __mod_memcg_lruvec_state <-lruvec_stat_mod_folio
     cat-177       3...2. 8717us : memcg_state_val_in_pages <-__mod_memcg_lruvec_state
     cat-177       3...2. 8717us : __css_rstat_updated <-__mod_memcg_lruvec_state
     cat-177       3...1. 8717us : __rcu_read_unlock <-__folio_mod_stat
     cat-177       3...1. 8717us : folio_add_lru_vma <-do_wp_page
     cat-177       3...1. 8717us : folio_add_lru <-do_wp_page
     cat-177       3...1. 8717us : __folio_batch_add_and_move <-do_wp_page
     cat-177       3...2. 8718us : folio_batch_move_lru <-__folio_batch_add_and_move
     cat-177       3...2. 8718us : folio_lruvec_lock_irqsave <-folio_batch_move_lru
     cat-177       3...2. 8718us : __rcu_read_lock <-folio_lruvec_lock_irqsave
     cat-177       3...2. 8718us : _raw_spin_lock_irqsave <-folio_lruvec_lock_irqsave
     cat-177       3d..3. 8718us : lru_add <-folio_batch_move_lru
     cat-177       3d..3. 8718us : __rcu_read_lock <-lru_add
     cat-177       3d..3. 8719us : folio_mapping <-lru_add
     cat-177       3d..3. 8719us : __rcu_read_unlock <-lru_add
     cat-177       3d..3. 8719us : mod_lruvec_state <-lru_gen_add_folio
     cat-177       3d..3. 8719us : mod_node_page_state <-mod_lruvec_state
     cat-177       3d..3. 8719us : __mod_memcg_lruvec_state <-lru_gen_add_folio
     cat-177       3d..4. 8720us : memcg_state_val_in_pages <-__mod_memcg_lruvec_state
     cat-177       3d..4. 8720us : __css_rstat_updated <-__mod_memcg_lruvec_state
     cat-177       3d..3. 8720us : __mod_zone_page_state <-lru_gen_add_folio
     cat-177       3d..3. 8720us : lru_add <-folio_batch_move_lru
     cat-177       3d..3. 8720us : __rcu_read_lock <-lru_add
     cat-177       3d..3. 8721us : folio_mapping <-lru_add
     cat-177       3d..3. 8721us : __rcu_read_unlock <-lru_add
     cat-177       3d..3. 8721us : mod_lruvec_state <-lru_gen_add_folio
     cat-177       3d..3. 8721us : mod_node_page_state <-mod_lruvec_state
     cat-177       3d..3. 8721us : __mod_memcg_lruvec_state <-lru_gen_add_folio
     cat-177       3d..4. 8721us : memcg_state_val_in_pages <-__mod_memcg_lruvec_state
     cat-177       3d..4. 8721us : __css_rstat_updated <-__mod_memcg_lruvec_state
     cat-177       3d..3. 8722us : __mod_zone_page_state <-lru_gen_add_folio
     cat-177       3d..3. 8722us : lru_add <-folio_batch_move_lru
     cat-177       3d..3. 8722us : __rcu_read_lock <-lru_add
     cat-177       3d..3. 8722us : folio_mapping <-lru_add
     cat-177       3d..3. 8722us : __rcu_read_unlock <-lru_add
     cat-177       3d..3. 8722us : mod_lruvec_state <-lru_gen_add_folio
     cat-177       3d..3. 8723us : mod_node_page_state <-mod_lruvec_state
     cat-177       3d..3. 8723us : __mod_memcg_lruvec_state <-lru_gen_add_folio
     cat-177       3d..4. 8723us : memcg_state_val_in_pages <-__mod_memcg_lruvec_state
     cat-177       3d..4. 8723us : __css_rstat_updated <-__mod_memcg_lruvec_state
     cat-177       3d..3. 8723us : __mod_zone_page_state <-lru_gen_add_folio
     cat-177       3d..3. 8723us : lru_add <-folio_batch_move_lru
     cat-177       3d..3. 8724us : __rcu_read_lock <-lru_add
     cat-177       3d..3. 8724us : folio_mapping <-lru_add
     cat-177       3d..3. 8724us : __rcu_read_unlock <-lru_add
     cat-177       3d..3. 8724us : mod_lruvec_state <-lru_gen_add_folio
     cat-177       3d..3. 8724us : mod_node_page_state <-mod_lruvec_state
     cat-177       3d..3. 8724us : __mod_memcg_lruvec_state <-lru_gen_add_folio
     cat-177       3d..4. 8725us : memcg_state_val_in_pages <-__mod_memcg_lruvec_state
     cat-177       3d..4. 8725us : __css_rstat_updated <-__mod_memcg_lruvec_state
     cat-177       3d..3. 8725us : __mod_zone_page_state <-lru_gen_add_folio
     cat-177       3d..3. 8725us : lru_add <-folio_batch_move_lru
     cat-177       3d..3. 8725us : __rcu_read_lock <-lru_add
     cat-177       3d..3. 8725us : folio_mapping <-lru_add
     cat-177       3d..3. 8726us : __rcu_read_unlock <-lru_add
     cat-177       3d..3. 8726us : mod_lruvec_state <-lru_gen_add_folio
     cat-177       3d..3. 8726us : mod_node_page_state <-mod_lruvec_state
     cat-177       3d..3. 8726us : __mod_memcg_lruvec_state <-lru_gen_add_folio
     cat-177       3d..4. 8726us : memcg_state_val_in_pages <-__mod_memcg_lruvec_state
     cat-177       3d..4. 8726us : __css_rstat_updated <-__mod_memcg_lruvec_state
     cat-177       3d..3. 8726us : __mod_zone_page_state <-lru_gen_add_folio
     cat-177       3d..3. 8727us : lru_add <-folio_batch_move_lru
     cat-177       3d..3. 8727us : __rcu_read_lock <-lru_add
     cat-177       3d..3. 8727us : folio_mapping <-lru_add
     cat-177       3d..3. 8727us : __rcu_read_unlock <-lru_add
     cat-177       3d..3. 8727us : mod_lruvec_state <-lru_gen_add_folio
     cat-177       3d..3. 8727us : mod_node_page_state <-mod_lruvec_state
     cat-177       3d..3. 8728us : __mod_memcg_lruvec_state <-lru_gen_add_folio
     cat-177       3d..4. 8728us : memcg_state_val_in_pages <-__mod_memcg_lruvec_state
     cat-177       3d..4. 8728us : __css_rstat_updated <-__mod_memcg_lruvec_state
     cat-177       3d..3. 8728us : __mod_zone_page_state <-lru_gen_add_folio
     cat-177       3d..3. 8728us : lru_add <-folio_batch_move_lru
     cat-177       3d..3. 8728us : __rcu_read_lock <-lru_add
     cat-177       3d..3. 8729us : folio_mapping <-lru_add
     cat-177       3d..3. 8729us : __rcu_read_unlock <-lru_add
     cat-177       3d..3. 8729us : mod_lruvec_state <-lru_gen_add_folio
     cat-177       3d..3. 8729us : mod_node_page_state <-mod_lruvec_state
     cat-177       3d..3. 8729us : __mod_memcg_lruvec_state <-lru_gen_add_folio
     cat-177       3d..4. 8729us : memcg_state_val_in_pages <-__mod_memcg_lruvec_state
     cat-177       3d..4. 8730us : __css_rstat_updated <-__mod_memcg_lruvec_state
     cat-177       3d..3. 8730us : __mod_zone_page_state <-lru_gen_add_folio
     cat-177       3d..3. 8730us : lru_add <-folio_batch_move_lru
     cat-177       3d..3. 8730us : __rcu_read_lock <-lru_add
     cat-177       3d..3. 8730us : folio_mapping <-lru_add
     cat-177       3d..3. 8730us : __rcu_read_unlock <-lru_add
     cat-177       3d..3. 8731us : mod_lruvec_state <-lru_gen_add_folio
     cat-177       3d..3. 8731us : mod_node_page_state <-mod_lruvec_state
     cat-177       3d..3. 8731us : __mod_memcg_lruvec_state <-lru_gen_add_folio
     cat-177       3d..4. 8731us : memcg_state_val_in_pages <-__mod_memcg_lruvec_state
     cat-177       3d..4. 8731us : __css_rstat_updated <-__mod_memcg_lruvec_state
     cat-177       3d..3. 8731us : __mod_zone_page_state <-lru_gen_add_folio
     cat-177       3d..3. 8732us : lru_add <-folio_batch_move_lru
     cat-177       3d..3. 8732us : __rcu_read_lock <-lru_add
     cat-177       3d..3. 8732us : folio_mapping <-lru_add
     cat-177       3d..3. 8732us : __rcu_read_unlock <-lru_add
     cat-177       3d..3. 8732us : mod_lruvec_state <-lru_gen_add_folio
     cat-177       3d..3. 8732us : mod_node_page_state <-mod_lruvec_state
     cat-177       3d..3. 8733us : __mod_memcg_lruvec_state <-lru_gen_add_folio
     cat-177       3d..4. 8733us : memcg_state_val_in_pages <-__mod_memcg_lruvec_state
     cat-177       3d..4. 8733us : __css_rstat_updated <-__mod_memcg_lruvec_state
     cat-177       3d..3. 8733us : __mod_zone_page_state <-lru_gen_add_folio
     cat-177       3d..3. 8733us : lru_add <-folio_batch_move_lru
     cat-177       3d..3. 8733us : __rcu_read_lock <-lru_add
     cat-177       3d..3. 8734us : folio_mapping <-lru_add
     cat-177       3d..3. 8734us : __rcu_read_unlock <-lru_add
     cat-177       3d..3. 8734us : mod_lruvec_state <-lru_gen_add_folio
     cat-177       3d..3. 8734us : mod_node_page_state <-mod_lruvec_state
     cat-177       3d..3. 8734us : __mod_memcg_lruvec_state <-lru_gen_add_folio
     cat-177       3d..4. 8734us : memcg_state_val_in_pages <-__mod_memcg_lruvec_state
     cat-177       3d..4. 8735us : __css_rstat_updated <-__mod_memcg_lruvec_state
     cat-177       3d..3. 8735us : __mod_zone_page_state <-lru_gen_add_folio
     cat-177       3d..3. 8735us : lru_add <-folio_batch_move_lru
     cat-177       3d..3. 8735us : __rcu_read_lock <-lru_add
     cat-177       3d..3. 8735us : folio_mapping <-lru_add
     cat-177       3d..3. 8735us : __rcu_read_unlock <-lru_add
     cat-177       3d..3. 8736us : mod_lruvec_state <-lru_gen_add_folio
     cat-177       3d..3. 8736us : mod_node_page_state <-mod_lruvec_state
     cat-177       3d..3. 8736us : __mod_memcg_lruvec_state <-lru_gen_add_folio
     cat-177       3d..4. 8736us : memcg_state_val_in_pages <-__mod_memcg_lruvec_state
     cat-177       3d..4. 8736us : __css_rstat_updated <-__mod_memcg_lruvec_state
     cat-177       3d..3. 8736us : __mod_zone_page_state <-lru_gen_add_folio
     cat-177       3d..3. 8736us : lru_add <-folio_batch_move_lru
     cat-177       3d..3. 8737us : __rcu_read_lock <-lru_add
     cat-177       3d..3. 8737us : folio_mapping <-lru_add
     cat-177       3d..3. 8737us : __rcu_read_unlock <-lru_add
     cat-177       3d..3. 8737us : mod_lruvec_state <-lru_gen_add_folio
     cat-177       3d..3. 8737us : mod_node_page_state <-mod_lruvec_state
     cat-177       3d..3. 8737us : __mod_memcg_lruvec_state <-lru_gen_add_folio
     cat-177       3d..4. 8738us : memcg_state_val_in_pages <-__mod_memcg_lruvec_state
     cat-177       3d..4. 8738us : __css_rstat_updated <-__mod_memcg_lruvec_state
     cat-177       3d..3. 8738us : __mod_zone_page_state <-lru_gen_add_folio
     cat-177       3d..3. 8738us : lru_add <-folio_batch_move_lru
     cat-177       3d..3. 8738us : __rcu_read_lock <-lru_add
     cat-177       3d..3. 8738us : folio_mapping <-lru_add
     cat-177       3d..3. 8739us : __rcu_read_unlock <-lru_add
     cat-177       3d..3. 8739us : mod_lruvec_state <-lru_gen_add_folio
     cat-177       3d..3. 8739us : mod_node_page_state <-mod_lruvec_state
     cat-177       3d..3. 8739us : __mod_memcg_lruvec_state <-lru_gen_add_folio
     cat-177       3d..4. 8739us : memcg_state_val_in_pages <-__mod_memcg_lruvec_state
     cat-177       3d..4. 8739us : __css_rstat_updated <-__mod_memcg_lruvec_state
     cat-177       3d..3. 8740us : __mod_zone_page_state <-lru_gen_add_folio
     cat-177       3d..3. 8740us : lru_add <-folio_batch_move_lru
     cat-177       3d..3. 8740us : __rcu_read_lock <-lru_add
     cat-177       3d..3. 8740us : folio_mapping <-lru_add
     cat-177       3d..3. 8740us : __rcu_read_unlock <-lru_add
     cat-177       3d..3. 8740us : mod_lruvec_state <-lru_gen_add_folio
     cat-177       3d..3. 8740us : mod_node_page_state <-mod_lruvec_state
     cat-177       3d..3. 8741us : __mod_memcg_lruvec_state <-lru_gen_add_folio
     cat-177       3d..4. 8741us : memcg_state_val_in_pages <-__mod_memcg_lruvec_state
     cat-177       3d..4. 8741us : __css_rstat_updated <-__mod_memcg_lruvec_state
     cat-177       3d..3. 8741us : __mod_zone_page_state <-lru_gen_add_folio
     cat-177       3d..3. 8741us : lru_add <-folio_batch_move_lru
     cat-177       3d..3. 8741us : __rcu_read_lock <-lru_add
     cat-177       3d..3. 8742us : folio_mapping <-lru_add
     cat-177       3d..3. 8742us : __rcu_read_unlock <-lru_add
     cat-177       3d..3. 8742us : mod_lruvec_state <-lru_gen_add_folio
     cat-177       3d..3. 8742us : mod_node_page_state <-mod_lruvec_state
     cat-177       3d..3. 8742us : __mod_memcg_lruvec_state <-lru_gen_add_folio
     cat-177       3d..4. 8742us : memcg_state_val_in_pages <-__mod_memcg_lruvec_state
     cat-177       3d..4. 8743us : __css_rstat_updated <-__mod_memcg_lruvec_state
     cat-177       3d..3. 8743us : __mod_zone_page_state <-lru_gen_add_folio
     cat-177       3d..3. 8743us : lru_add <-folio_batch_move_lru
     cat-177       3d..3. 8743us : __rcu_read_lock <-lru_add
     cat-177       3d..3. 8743us : folio_mapping <-lru_add
     cat-177       3d..3. 8743us : __rcu_read_unlock <-lru_add
     cat-177       3d..3. 8744us : mod_lruvec_state <-lru_gen_add_folio
     cat-177       3d..3. 8744us : mod_node_page_state <-mod_lruvec_state
     cat-177       3d..3. 8744us : __mod_memcg_lruvec_state <-lru_gen_add_folio
     cat-177       3d..4. 8744us : memcg_state_val_in_pages <-__mod_memcg_lruvec_state
     cat-177       3d..4. 8744us : __css_rstat_updated <-__mod_memcg_lruvec_state
     cat-177       3d..3. 8744us : __mod_zone_page_state <-lru_gen_add_folio
     cat-177       3d..3. 8744us : lru_add <-folio_batch_move_lru
     cat-177       3d..3. 8745us : __rcu_read_lock <-lru_add
     cat-177       3d..3. 8745us : folio_mapping <-lru_add
     cat-177       3d..3. 8745us : __rcu_read_unlock <-lru_add
     cat-177       3d..3. 8745us : mod_lruvec_state <-lru_gen_add_folio
     cat-177       3d..3. 8745us : mod_node_page_state <-mod_lruvec_state
     cat-177       3d..3. 8745us : __mod_memcg_lruvec_state <-lru_gen_add_folio
     cat-177       3d..4. 8746us : memcg_state_val_in_pages <-__mod_memcg_lruvec_state
     cat-177       3d..4. 8746us : __css_rstat_updated <-__mod_memcg_lruvec_state
     cat-177       3d..3. 8746us : __mod_zone_page_state <-lru_gen_add_folio
     cat-177       3d..3. 8746us : lru_add <-folio_batch_move_lru
     cat-177       3d..3. 8746us : __rcu_read_lock <-lru_add
     cat-177       3d..3. 8746us : folio_mapping <-lru_add
     cat-177       3d..3. 8747us : __rcu_read_unlock <-lru_add
     cat-177       3d..3. 8747us : mod_lruvec_state <-lru_gen_add_folio
     cat-177       3d..3. 8747us : mod_node_page_state <-mod_lruvec_state
     cat-177       3d..3. 8747us : __mod_memcg_lruvec_state <-lru_gen_add_folio
     cat-177       3d..4. 8747us : memcg_state_val_in_pages <-__mod_memcg_lruvec_state
     cat-177       3d..4. 8747us : __css_rstat_updated <-__mod_memcg_lruvec_state
     cat-177       3d..3. 8747us : __mod_zone_page_state <-lru_gen_add_folio
     cat-177       3d..3. 8748us : lru_add <-folio_batch_move_lru
     cat-177       3d..3. 8748us : __rcu_read_lock <-lru_add
     cat-177       3d..3. 8748us : folio_mapping <-lru_add
     cat-177       3d..3. 8748us : __rcu_read_unlock <-lru_add
     cat-177       3d..3. 8748us : mod_lruvec_state <-lru_gen_add_folio
     cat-177       3d..3. 8748us : mod_node_page_state <-mod_lruvec_state
     cat-177       3d..3. 8749us : __mod_memcg_lruvec_state <-lru_gen_add_folio
     cat-177       3d..4. 8749us : memcg_state_val_in_pages <-__mod_memcg_lruvec_state
     cat-177       3d..4. 8749us : __css_rstat_updated <-__mod_memcg_lruvec_state
     cat-177       3d..3. 8749us : __mod_zone_page_state <-lru_gen_add_folio
     cat-177       3d..3. 8749us : lru_add <-folio_batch_move_lru
     cat-177       3d..3. 8749us : __rcu_read_lock <-lru_add
     cat-177       3d..3. 8750us : folio_mapping <-lru_add
     cat-177       3d..3. 8750us : __rcu_read_unlock <-lru_add
     cat-177       3d..3. 8750us : mod_lruvec_state <-lru_gen_add_folio
     cat-177       3d..3. 8750us : mod_node_page_state <-mod_lruvec_state
     cat-177       3d..3. 8750us : __mod_memcg_lruvec_state <-lru_gen_add_folio
     cat-177       3d..4. 8750us : memcg_state_val_in_pages <-__mod_memcg_lruvec_state
     cat-177       3d..4. 8750us : __css_rstat_updated <-__mod_memcg_lruvec_state
     cat-177       3d..3. 8751us : __mod_zone_page_state <-lru_gen_add_folio
     cat-177       3d..3. 8751us : lru_add <-folio_batch_move_lru
     cat-177       3d..3. 8751us : __rcu_read_lock <-lru_add
     cat-177       3d..3. 8751us : folio_mapping <-lru_add
     cat-177       3d..3. 8751us : __rcu_read_unlock <-lru_add
     cat-177       3d..3. 8751us : mod_lruvec_state <-lru_gen_add_folio
     cat-177       3d..3. 8752us : mod_node_page_state <-mod_lruvec_state
     cat-177       3d..3. 8752us : __mod_memcg_lruvec_state <-lru_gen_add_folio
     cat-177       3d..4. 8752us : memcg_state_val_in_pages <-__mod_memcg_lruvec_state
     cat-177       3d..4. 8752us : __css_rstat_updated <-__mod_memcg_lruvec_state
     cat-177       3d..3. 8752us : __mod_zone_page_state <-lru_gen_add_folio
     cat-177       3d..3. 8752us : lru_add <-folio_batch_move_lru
     cat-177       3d..3. 8753us : __rcu_read_lock <-lru_add
     cat-177       3d..3. 8753us : folio_mapping <-lru_add
     cat-177       3d..3. 8753us : __rcu_read_unlock <-lru_add
     cat-177       3d..3. 8753us : mod_lruvec_state <-lru_gen_add_folio
     cat-177       3d..3. 8753us : mod_node_page_state <-mod_lruvec_state
     cat-177       3d..3. 8753us : __mod_memcg_lruvec_state <-lru_gen_add_folio
     cat-177       3d..4. 8754us : memcg_state_val_in_pages <-__mod_memcg_lruvec_state
     cat-177       3d..4. 8754us : __css_rstat_updated <-__mod_memcg_lruvec_state
     cat-177       3d..3. 8754us : __mod_zone_page_state <-lru_gen_add_folio
     cat-177       3d..3. 8754us : lru_add <-folio_batch_move_lru
     cat-177       3d..3. 8754us : __rcu_read_lock <-lru_add
     cat-177       3d..3. 8754us : folio_mapping <-lru_add
     cat-177       3d..3. 8754us : __rcu_read_unlock <-lru_add
     cat-177       3d..3. 8755us : mod_lruvec_state <-lru_gen_add_folio
     cat-177       3d..3. 8755us : mod_node_page_state <-mod_lruvec_state
     cat-177       3d..3. 8755us : __mod_memcg_lruvec_state <-lru_gen_add_folio
     cat-177       3d..4. 8755us : memcg_state_val_in_pages <-__mod_memcg_lruvec_state
     cat-177       3d..4. 8755us : __css_rstat_updated <-__mod_memcg_lruvec_state
     cat-177       3d..3. 8755us : __mod_zone_page_state <-lru_gen_add_folio
     cat-177       3d..3. 8756us : lru_add <-folio_batch_move_lru
     cat-177       3d..3. 8756us : __rcu_read_lock <-lru_add
     cat-177       3d..3. 8756us : folio_mapping <-lru_add
     cat-177       3d..3. 8756us : __rcu_read_unlock <-lru_add
     cat-177       3d..3. 8756us : mod_lruvec_state <-lru_gen_add_folio
     cat-177       3d..3. 8756us : mod_node_page_state <-mod_lruvec_state
     cat-177       3d..3. 8757us : __mod_memcg_lruvec_state <-lru_gen_add_folio
     cat-177       3d..4. 8757us : memcg_state_val_in_pages <-__mod_memcg_lruvec_state
     cat-177       3d..4. 8757us : __css_rstat_updated <-__mod_memcg_lruvec_state
     cat-177       3d..3. 8757us : __mod_zone_page_state <-lru_gen_add_folio
     cat-177       3d..3. 8757us : lru_add <-folio_batch_move_lru
     cat-177       3d..3. 8757us : __rcu_read_lock <-lru_add
     cat-177       3d..3. 8758us : folio_mapping <-lru_add
     cat-177       3d..3. 8758us : __rcu_read_unlock <-lru_add
     cat-177       3d..3. 8758us : mod_lruvec_state <-lru_gen_add_folio
     cat-177       3d..3. 8758us : mod_node_page_state <-mod_lruvec_state
     cat-177       3d..3. 8758us : __mod_memcg_lruvec_state <-lru_gen_add_folio
     cat-177       3d..4. 8758us : memcg_state_val_in_pages <-__mod_memcg_lruvec_state
     cat-177       3d..4. 8759us : __css_rstat_updated <-__mod_memcg_lruvec_state
     cat-177       3d..3. 8759us : __mod_zone_page_state <-lru_gen_add_folio
     cat-177       3d..3. 8759us : lru_add <-folio_batch_move_lru
     cat-177       3d..3. 8759us : __rcu_read_lock <-lru_add
     cat-177       3d..3. 8759us : folio_mapping <-lru_add
     cat-177       3d..3. 8759us : __rcu_read_unlock <-lru_add
     cat-177       3d..3. 8759us : mod_lruvec_state <-lru_gen_add_folio
     cat-177       3d..3. 8760us : mod_node_page_state <-mod_lruvec_state
     cat-177       3d..3. 8760us : __mod_memcg_lruvec_state <-lru_gen_add_folio
     cat-177       3d..4. 8760us : memcg_state_val_in_pages <-__mod_memcg_lruvec_state
     cat-177       3d..4. 8760us : __css_rstat_updated <-__mod_memcg_lruvec_state
     cat-177       3d..3. 8760us : __mod_zone_page_state <-lru_gen_add_folio
     cat-177       3d..3. 8761us : lru_add <-folio_batch_move_lru
     cat-177       3d..3. 8761us : __rcu_read_lock <-lru_add
     cat-177       3d..3. 8761us : folio_mapping <-lru_add
     cat-177       3d..3. 8761us : __rcu_read_unlock <-lru_add
     cat-177       3d..3. 8761us : mod_lruvec_state <-lru_gen_add_folio
     cat-177       3d..3. 8761us : mod_node_page_state <-mod_lruvec_state
     cat-177       3d..3. 8761us : __mod_memcg_lruvec_state <-lru_gen_add_folio
     cat-177       3d..4. 8762us : memcg_state_val_in_pages <-__mod_memcg_lruvec_state
     cat-177       3d..4. 8762us : __css_rstat_updated <-__mod_memcg_lruvec_state
     cat-177       3d..3. 8762us : __mod_zone_page_state <-lru_gen_add_folio
     cat-177       3d..3. 8762us : lru_add <-folio_batch_move_lru
     cat-177       3d..3. 8762us : __rcu_read_lock <-lru_add
     cat-177       3d..3. 8762us : folio_mapping <-lru_add
     cat-177       3d..3. 8763us : __rcu_read_unlock <-lru_add
     cat-177       3d..3. 8763us : mod_lruvec_state <-lru_gen_add_folio
     cat-177       3d..3. 8763us : mod_node_page_state <-mod_lruvec_state
     cat-177       3d..3. 8763us : __mod_memcg_lruvec_state <-lru_gen_add_folio
     cat-177       3d..4. 8763us : memcg_state_val_in_pages <-__mod_memcg_lruvec_state
     cat-177       3d..4. 8763us : __css_rstat_updated <-__mod_memcg_lruvec_state
     cat-177       3d..3. 8763us : __mod_zone_page_state <-lru_gen_add_folio
     cat-177       3d..3. 8764us : lru_add <-folio_batch_move_lru
     cat-177       3d..3. 8764us : __rcu_read_lock <-lru_add
     cat-177       3d..3. 8764us : folio_mapping <-lru_add
     cat-177       3d..3. 8764us : __rcu_read_unlock <-lru_add
     cat-177       3d..3. 8764us : mod_lruvec_state <-lru_gen_add_folio
     cat-177       3d..3. 8764us : mod_node_page_state <-mod_lruvec_state
     cat-177       3d..3. 8765us : __mod_memcg_lruvec_state <-lru_gen_add_folio
     cat-177       3d..4. 8765us : memcg_state_val_in_pages <-__mod_memcg_lruvec_state
     cat-177       3d..4. 8765us : __css_rstat_updated <-__mod_memcg_lruvec_state
     cat-177       3d..3. 8765us : __mod_zone_page_state <-lru_gen_add_folio
     cat-177       3d..3. 8765us : lru_add <-folio_batch_move_lru
     cat-177       3d..3. 8765us : __rcu_read_lock <-lru_add
     cat-177       3d..3. 8766us : folio_mapping <-lru_add
     cat-177       3d..3. 8766us : __rcu_read_unlock <-lru_add
     cat-177       3d..3. 8766us : mod_lruvec_state <-lru_gen_add_folio
     cat-177       3d..3. 8766us : mod_node_page_state <-mod_lruvec_state
     cat-177       3d..3. 8766us : __mod_memcg_lruvec_state <-lru_gen_add_folio
     cat-177       3d..4. 8766us : memcg_state_val_in_pages <-__mod_memcg_lruvec_state
     cat-177       3d..4. 8767us : __css_rstat_updated <-__mod_memcg_lruvec_state
     cat-177       3d..3. 8767us : __mod_zone_page_state <-lru_gen_add_folio
     cat-177       3d..3. 8767us : lru_add <-folio_batch_move_lru
     cat-177       3d..3. 8767us : __rcu_read_lock <-lru_add
     cat-177       3d..3. 8767us : folio_mapping <-lru_add
     cat-177       3d..3. 8767us : __rcu_read_unlock <-lru_add
     cat-177       3d..3. 8767us : mod_lruvec_state <-lru_gen_add_folio
     cat-177       3d..3. 8768us : mod_node_page_state <-mod_lruvec_state
     cat-177       3d..3. 8768us : __mod_memcg_lruvec_state <-lru_gen_add_folio
     cat-177       3d..4. 8768us : memcg_state_val_in_pages <-__mod_memcg_lruvec_state
     cat-177       3d..4. 8768us : __css_rstat_updated <-__mod_memcg_lruvec_state
     cat-177       3d..3. 8768us : __mod_zone_page_state <-lru_gen_add_folio
     cat-177       3d..3. 8768us : _raw_spin_unlock_irqrestore <-folio_batch_move_lru
     cat-177       3...2. 8769us : __rcu_read_unlock <-folio_batch_move_lru
     cat-177       3...2. 8769us : folios_put_refs <-folio_batch_move_lru
     cat-177       3...2. 8769us : __page_cache_release.part.0 <-folios_put_refs
     cat-177       3...2. 8769us : folio_lruvec_lock_irqsave <-__page_cache_release.part.0
     cat-177       3...2. 8769us : __rcu_read_lock <-folio_lruvec_lock_irqsave
     cat-177       3...2. 8769us : _raw_spin_lock_irqsave <-folio_lruvec_lock_irqsave
     cat-177       3d..3. 8770us : mod_lruvec_state <-lru_gen_del_folio.constprop.0
     cat-177       3d..3. 8770us : mod_node_page_state <-mod_lruvec_state
     cat-177       3d..3. 8770us : __mod_memcg_lruvec_state <-lru_gen_del_folio.constprop.0
     cat-177       3d..4. 8770us : memcg_state_val_in_pages <-__mod_memcg_lruvec_state
     cat-177       3d..4. 8770us : __css_rstat_updated <-__mod_memcg_lruvec_state
     cat-177       3d..3. 8770us : __mod_zone_page_state <-lru_gen_del_folio.constprop.0
     cat-177       3d..3. 8771us : __page_cache_release.part.0 <-folios_put_refs
     cat-177       3d..3. 8771us : mod_lruvec_state <-lru_gen_del_folio.constprop.0
     cat-177       3d..3. 8771us : mod_node_page_state <-mod_lruvec_state
     cat-177       3d..3. 8771us : __mod_memcg_lruvec_state <-lru_gen_del_folio.constprop.0
     cat-177       3d..4. 8771us : memcg_state_val_in_pages <-__mod_memcg_lruvec_state
     cat-177       3d..4. 8771us : __css_rstat_updated <-__mod_memcg_lruvec_state
     cat-177       3d..3. 8772us : __mod_zone_page_state <-lru_gen_del_folio.constprop.0
     cat-177       3d..3. 8772us : __page_cache_release.part.0 <-folios_put_refs
     cat-177       3d..3. 8772us : mod_lruvec_state <-lru_gen_del_folio.constprop.0
     cat-177       3d..3. 8772us : mod_node_page_state <-mod_lruvec_state
     cat-177       3d..3. 8772us : __mod_memcg_lruvec_state <-lru_gen_del_folio.constprop.0
     cat-177       3d..4. 8772us : memcg_state_val_in_pages <-__mod_memcg_lruvec_state
     cat-177       3d..4. 8773us : __css_rstat_updated <-__mod_memcg_lruvec_state
     cat-177       3d..3. 8773us : __mod_zone_page_state <-lru_gen_del_folio.constprop.0
     cat-177       3d..3. 8773us : __page_cache_release.part.0 <-folios_put_refs
     cat-177       3d..3. 8773us : mod_lruvec_state <-lru_gen_del_folio.constprop.0
     cat-177       3d..3. 8773us : mod_node_page_state <-mod_lruvec_state
     cat-177       3d..3. 8773us : __mod_memcg_lruvec_state <-lru_gen_del_folio.constprop.0
     cat-177       3d..4. 8773us : memcg_state_val_in_pages <-__mod_memcg_lruvec_state
     cat-177       3d..4. 8774us : __css_rstat_updated <-__mod_memcg_lruvec_state
     cat-177       3d..3. 8774us : __mod_zone_page_state <-lru_gen_del_folio.constprop.0
     cat-177       3d..3. 8774us : __page_cache_release.part.0 <-folios_put_refs
     cat-177       3d..3. 8774us : mod_lruvec_state <-lru_gen_del_folio.constprop.0
     cat-177       3d..3. 8774us : mod_node_page_state <-mod_lruvec_state
     cat-177       3d..3. 8774us : __mod_memcg_lruvec_state <-lru_gen_del_folio.constprop.0
     cat-177       3d..4. 8775us : memcg_state_val_in_pages <-__mod_memcg_lruvec_state
     cat-177       3d..4. 8775us : __css_rstat_updated <-__mod_memcg_lruvec_state
     cat-177       3d..3. 8775us : __mod_zone_page_state <-lru_gen_del_folio.constprop.0
     cat-177       3d..3. 8775us : __page_cache_release.part.0 <-folios_put_refs
     cat-177       3d..3. 8775us : mod_lruvec_state <-lru_gen_del_folio.constprop.0
     cat-177       3d..3. 8775us : mod_node_page_state <-mod_lruvec_state
     cat-177       3d..3. 8776us : __mod_memcg_lruvec_state <-lru_gen_del_folio.constprop.0
     cat-177       3d..4. 8776us : memcg_state_val_in_pages <-__mod_memcg_lruvec_state
     cat-177       3d..4. 8776us : __css_rstat_updated <-__mod_memcg_lruvec_state
     cat-177       3d..3. 8776us : __mod_zone_page_state <-lru_gen_del_folio.constprop.0
     cat-177       3d..3. 8776us : __page_cache_release.part.0 <-folios_put_refs
     cat-177       3d..3. 8776us : mod_lruvec_state <-lru_gen_del_folio.constprop.0
     cat-177       3d..3. 8777us : mod_node_page_state <-mod_lruvec_state
     cat-177       3d..3. 8777us : __mod_memcg_lruvec_state <-lru_gen_del_folio.constprop.0
     cat-177       3d..4. 8777us : memcg_state_val_in_pages <-__mod_memcg_lruvec_state
     cat-177       3d..4. 8777us : __css_rstat_updated <-__mod_memcg_lruvec_state
     cat-177       3d..3. 8777us : __mod_zone_page_state <-lru_gen_del_folio.constprop.0
     cat-177       3d..3. 8777us : __page_cache_release.part.0 <-folios_put_refs
     cat-177       3d..3. 8778us : mod_lruvec_state <-lru_gen_del_folio.constprop.0
     cat-177       3d..3. 8778us : mod_node_page_state <-mod_lruvec_state
     cat-177       3d..3. 8778us : __mod_memcg_lruvec_state <-lru_gen_del_folio.constprop.0
     cat-177       3d..4. 8778us : memcg_state_val_in_pages <-__mod_memcg_lruvec_state
     cat-177       3d..4. 8778us : __css_rstat_updated <-__mod_memcg_lruvec_state
     cat-177       3d..3. 8778us : __mod_zone_page_state <-lru_gen_del_folio.constprop.0
     cat-177       3d..3. 8779us : __page_cache_release.part.0 <-folios_put_refs
     cat-177       3d..3. 8779us : mod_lruvec_state <-lru_gen_del_folio.constprop.0
     cat-177       3d..3. 8779us : mod_node_page_state <-mod_lruvec_state
     cat-177       3d..3. 8779us : __mod_memcg_lruvec_state <-lru_gen_del_folio.constprop.0
     cat-177       3d..4. 8779us : memcg_state_val_in_pages <-__mod_memcg_lruvec_state
     cat-177       3d..4. 8779us : __css_rstat_updated <-__mod_memcg_lruvec_state
     cat-177       3d..3. 8779us : __mod_zone_page_state <-lru_gen_del_folio.constprop.0
     cat-177       3d..3. 8780us : __page_cache_release.part.0 <-folios_put_refs
     cat-177       3d..3. 8780us : mod_lruvec_state <-lru_gen_del_folio.constprop.0
     cat-177       3d..3. 8780us : mod_node_page_state <-mod_lruvec_state
     cat-177       3d..3. 8780us : __mod_memcg_lruvec_state <-lru_gen_del_folio.constprop.0
     cat-177       3d..4. 8780us : memcg_state_val_in_pages <-__mod_memcg_lruvec_state
     cat-177       3d..4. 8780us : __css_rstat_updated <-__mod_memcg_lruvec_state
     cat-177       3d..3. 8781us : __mod_zone_page_state <-lru_gen_del_folio.constprop.0
     cat-177       3d..3. 8781us : __page_cache_release.part.0 <-folios_put_refs
     cat-177       3d..3. 8781us : mod_lruvec_state <-lru_gen_del_folio.constprop.0
     cat-177       3d..3. 8781us : mod_node_page_state <-mod_lruvec_state
     cat-177       3d..3. 8781us : __mod_memcg_lruvec_state <-lru_gen_del_folio.constprop.0
     cat-177       3d..4. 8781us : memcg_state_val_in_pages <-__mod_memcg_lruvec_state
     cat-177       3d..4. 8781us : __css_rstat_updated <-__mod_memcg_lruvec_state
     cat-177       3d..3. 8782us : __mod_zone_page_state <-lru_gen_del_folio.constprop.0
     cat-177       3d..3. 8782us : __page_cache_release.part.0 <-folios_put_refs
     cat-177       3d..3. 8782us : mod_lruvec_state <-lru_gen_del_folio.constprop.0
     cat-177       3d..3. 8782us : mod_node_page_state <-mod_lruvec_state
     cat-177       3d..3. 8782us : __mod_memcg_lruvec_state <-lru_gen_del_folio.constprop.0
     cat-177       3d..4. 8782us : memcg_state_val_in_pages <-__mod_memcg_lruvec_state
     cat-177       3d..4. 8783us : __css_rstat_updated <-__mod_memcg_lruvec_state
     cat-177       3d..3. 8783us : __mod_zone_page_state <-lru_gen_del_folio.constprop.0
     cat-177       3d..3. 8783us : __page_cache_release.part.0 <-folios_put_refs
     cat-177       3d..3. 8783us : mod_lruvec_state <-lru_gen_del_folio.constprop.0
     cat-177       3d..3. 8783us : mod_node_page_state <-mod_lruvec_state
     cat-177       3d..3. 8783us : __mod_memcg_lruvec_state <-lru_gen_del_folio.constprop.0
     cat-177       3d..4. 8784us : memcg_state_val_in_pages <-__mod_memcg_lruvec_state
     cat-177       3d..4. 8784us : __css_rstat_updated <-__mod_memcg_lruvec_state
     cat-177       3d..3. 8784us : __mod_zone_page_state <-lru_gen_del_folio.constprop.0
     cat-177       3d..3. 8784us : __page_cache_release.part.0 <-folios_put_refs
     cat-177       3d..3. 8784us : mod_lruvec_state <-lru_gen_del_folio.constprop.0
     cat-177       3d..3. 8784us : mod_node_page_state <-mod_lruvec_state
     cat-177       3d..3. 8784us : __mod_memcg_lruvec_state <-lru_gen_del_folio.constprop.0
     cat-177       3d..4. 8785us : memcg_state_val_in_pages <-__mod_memcg_lruvec_state
     cat-177       3d..4. 8785us : __css_rstat_updated <-__mod_memcg_lruvec_state
     cat-177       3d..3. 8785us : __mod_zone_page_state <-lru_gen_del_folio.constprop.0
     cat-177       3d..3. 8785us : __page_cache_release.part.0 <-folios_put_refs
     cat-177       3d..3. 8785us : mod_lruvec_state <-lru_gen_del_folio.constprop.0
     cat-177       3d..3. 8785us : mod_node_page_state <-mod_lruvec_state
     cat-177       3d..3. 8786us : __mod_memcg_lruvec_state <-lru_gen_del_folio.constprop.0
     cat-177       3d..4. 8786us : memcg_state_val_in_pages <-__mod_memcg_lruvec_state
     cat-177       3d..4. 8786us : __css_rstat_updated <-__mod_memcg_lruvec_state
     cat-177       3d..3. 8786us : __mod_zone_page_state <-lru_gen_del_folio.constprop.0
     cat-177       3d..3. 8786us : __page_cache_release.part.0 <-folios_put_refs
     cat-177       3d..3. 8786us : mod_lruvec_state <-lru_gen_del_folio.constprop.0
     cat-177       3d..3. 8786us : mod_node_page_state <-mod_lruvec_state
     cat-177       3d..3. 8787us : __mod_memcg_lruvec_state <-lru_gen_del_folio.constprop.0
     cat-177       3d..4. 8787us : memcg_state_val_in_pages <-__mod_memcg_lruvec_state
     cat-177       3d..4. 8787us : __css_rstat_updated <-__mod_memcg_lruvec_state
     cat-177       3d..3. 8787us : __mod_zone_page_state <-lru_gen_del_folio.constprop.0
     cat-177       3d..3. 8787us : __page_cache_release.part.0 <-folios_put_refs
     cat-177       3d..3. 8787us : mod_lruvec_state <-lru_gen_del_folio.constprop.0
     cat-177       3d..3. 8788us : mod_node_page_state <-mod_lruvec_state
     cat-177       3d..3. 8788us : __mod_memcg_lruvec_state <-lru_gen_del_folio.constprop.0
     cat-177       3d..4. 8788us : memcg_state_val_in_pages <-__mod_memcg_lruvec_state
     cat-177       3d..4. 8788us : __css_rstat_updated <-__mod_memcg_lruvec_state
     cat-177       3d..3. 8788us : __mod_zone_page_state <-lru_gen_del_folio.constprop.0
     cat-177       3d..3. 8788us : __page_cache_release.part.0 <-folios_put_refs
     cat-177       3d..3. 8789us : mod_lruvec_state <-lru_gen_del_folio.constprop.0
     cat-177       3d..3. 8789us : mod_node_page_state <-mod_lruvec_state
     cat-177       3d..3. 8789us : __mod_memcg_lruvec_state <-lru_gen_del_folio.constprop.0
     cat-177       3d..4. 8789us : memcg_state_val_in_pages <-__mod_memcg_lruvec_state
     cat-177       3d..4. 8789us : __css_rstat_updated <-__mod_memcg_lruvec_state
     cat-177       3d..3. 8789us : __mod_zone_page_state <-lru_gen_del_folio.constprop.0
     cat-177       3d..3. 8789us : __page_cache_release.part.0 <-folios_put_refs
     cat-177       3d..3. 8790us : mod_lruvec_state <-lru_gen_del_folio.constprop.0
     cat-177       3d..3. 8790us : mod_node_page_state <-mod_lruvec_state
     cat-177       3d..3. 8790us : __mod_memcg_lruvec_state <-lru_gen_del_folio.constprop.0
     cat-177       3d..4. 8790us : memcg_state_val_in_pages <-__mod_memcg_lruvec_state
     cat-177       3d..4. 8790us : __css_rstat_updated <-__mod_memcg_lruvec_state
     cat-177       3d..3. 8790us : __mod_zone_page_state <-lru_gen_del_folio.constprop.0
     cat-177       3d..3. 8791us : __page_cache_release.part.0 <-folios_put_refs
     cat-177       3d..3. 8791us : mod_lruvec_state <-lru_gen_del_folio.constprop.0
     cat-177       3d..3. 8791us : mod_node_page_state <-mod_lruvec_state
     cat-177       3d..3. 8791us : __mod_memcg_lruvec_state <-lru_gen_del_folio.constprop.0
     cat-177       3d..4. 8791us : memcg_state_val_in_pages <-__mod_memcg_lruvec_state
     cat-177       3d..4. 8791us : __css_rstat_updated <-__mod_memcg_lruvec_state
     cat-177       3d..3. 8792us : __mod_zone_page_state <-lru_gen_del_folio.constprop.0
     cat-177       3d..3. 8792us : __page_cache_release.part.0 <-folios_put_refs
     cat-177       3d..3. 8792us : mod_lruvec_state <-lru_gen_del_folio.constprop.0
     cat-177       3d..3. 8792us : mod_node_page_state <-mod_lruvec_state
     cat-177       3d..3. 8792us : __mod_memcg_lruvec_state <-lru_gen_del_folio.constprop.0
     cat-177       3d..4. 8792us : memcg_state_val_in_pages <-__mod_memcg_lruvec_state
     cat-177       3d..4. 8792us : __css_rstat_updated <-__mod_memcg_lruvec_state
     cat-177       3d..3. 8793us : __mod_zone_page_state <-lru_gen_del_folio.constprop.0
     cat-177       3d..3. 8793us : __page_cache_release.part.0 <-folios_put_refs
     cat-177       3d..3. 8793us : mod_lruvec_state <-lru_gen_del_folio.constprop.0
     cat-177       3d..3. 8793us : mod_node_page_state <-mod_lruvec_state
     cat-177       3d..3. 8793us : __mod_memcg_lruvec_state <-lru_gen_del_folio.constprop.0
     cat-177       3d..4. 8793us : memcg_state_val_in_pages <-__mod_memcg_lruvec_state
     cat-177       3d..4. 8794us : __css_rstat_updated <-__mod_memcg_lruvec_state
     cat-177       3d..3. 8794us : __mod_zone_page_state <-lru_gen_del_folio.constprop.0
     cat-177       3d..3. 8794us : __page_cache_release.part.0 <-folios_put_refs
     cat-177       3d..3. 8794us : mod_lruvec_state <-lru_gen_del_folio.constprop.0
     cat-177       3d..3. 8794us : mod_node_page_state <-mod_lruvec_state
     cat-177       3d..3. 8794us : __mod_memcg_lruvec_state <-lru_gen_del_folio.constprop.0
     cat-177       3d..4. 8794us : memcg_state_val_in_pages <-__mod_memcg_lruvec_state
     cat-177       3d..4. 8795us : __css_rstat_updated <-__mod_memcg_lruvec_state
     cat-177       3d..3. 8795us : __mod_zone_page_state <-lru_gen_del_folio.constprop.0
     cat-177       3d..3. 8795us : __page_cache_release.part.0 <-folios_put_refs
     cat-177       3d..3. 8795us : mod_lruvec_state <-lru_gen_del_folio.constprop.0
     cat-177       3d..3. 8795us : mod_node_page_state <-mod_lruvec_state
     cat-177       3d..3. 8795us : __mod_memcg_lruvec_state <-lru_gen_del_folio.constprop.0
     cat-177       3d..4. 8796us : memcg_state_val_in_pages <-__mod_memcg_lruvec_state
     cat-177       3d..4. 8796us : __css_rstat_updated <-__mod_memcg_lruvec_state
     cat-177       3d..3. 8796us : __mod_zone_page_state <-lru_gen_del_folio.constprop.0
     cat-177       3d..3. 8796us : __page_cache_release.part.0 <-folios_put_refs
     cat-177       3d..3. 8796us : mod_lruvec_state <-lru_gen_del_folio.constprop.0
     cat-177       3d..3. 8796us : mod_node_page_state <-mod_lruvec_state
     cat-177       3d..3. 8797us : __mod_memcg_lruvec_state <-lru_gen_del_folio.constprop.0
     cat-177       3d..4. 8797us : memcg_state_val_in_pages <-__mod_memcg_lruvec_state
     cat-177       3d..4. 8797us : __css_rstat_updated <-__mod_memcg_lruvec_state
     cat-177       3d..3. 8797us : __mod_zone_page_state <-lru_gen_del_folio.constprop.0
     cat-177       3d..3. 8797us : __page_cache_release.part.0 <-folios_put_refs
     cat-177       3d..3. 8797us : mod_lruvec_state <-lru_gen_del_folio.constprop.0
     cat-177       3d..3. 8797us : mod_node_page_state <-mod_lruvec_state
     cat-177       3d..3. 8798us : __mod_memcg_lruvec_state <-lru_gen_del_folio.constprop.0
     cat-177       3d..4. 8798us : memcg_state_val_in_pages <-__mod_memcg_lruvec_state
     cat-177       3d..4. 8798us : __css_rstat_updated <-__mod_memcg_lruvec_state
     cat-177       3d..3. 8798us : __mod_zone_page_state <-lru_gen_del_folio.constprop.0
     cat-177       3d..3. 8798us : __page_cache_release.part.0 <-folios_put_refs
     cat-177       3d..3. 8798us : mod_lruvec_state <-lru_gen_del_folio.constprop.0
     cat-177       3d..3. 8799us : mod_node_page_state <-mod_lruvec_state
     cat-177       3d..3. 8799us : __mod_memcg_lruvec_state <-lru_gen_del_folio.constprop.0
     cat-177       3d..4. 8799us : memcg_state_val_in_pages <-__mod_memcg_lruvec_state
     cat-177       3d..4. 8799us : __css_rstat_updated <-__mod_memcg_lruvec_state
     cat-177       3d..3. 8799us : __mod_zone_page_state <-lru_gen_del_folio.constprop.0
     cat-177       3d..3. 8800us : _raw_spin_unlock_irqrestore <-folios_put_refs
     cat-177       3...2. 8800us : __rcu_read_unlock <-folios_put_refs
     cat-177       3...2. 8800us : __mem_cgroup_uncharge_folios <-folios_put_refs
     cat-177       3...2. 8800us : uncharge_folio <-__mem_cgroup_uncharge_folios
     cat-177       3...2. 8800us : uncharge_folio <-__mem_cgroup_uncharge_folios
     cat-177       3...2. 8800us : uncharge_folio <-__mem_cgroup_uncharge_folios
     cat-177       3...2. 8801us : uncharge_folio <-__mem_cgroup_uncharge_folios
     cat-177       3...2. 8801us : uncharge_folio <-__mem_cgroup_uncharge_folios
     cat-177       3...2. 8801us : uncharge_folio <-__mem_cgroup_uncharge_folios
     cat-177       3...2. 8801us : uncharge_folio <-__mem_cgroup_uncharge_folios
     cat-177       3...2. 8801us : uncharge_folio <-__mem_cgroup_uncharge_folios
     cat-177       3...2. 8801us : uncharge_folio <-__mem_cgroup_uncharge_folios
     cat-177       3...2. 8802us : uncharge_folio <-__mem_cgroup_uncharge_folios
     cat-177       3...2. 8802us : uncharge_folio <-__mem_cgroup_uncharge_folios
     cat-177       3...2. 8802us : uncharge_folio <-__mem_cgroup_uncharge_folios
     cat-177       3...2. 8802us : uncharge_folio <-__mem_cgroup_uncharge_folios
     cat-177       3...2. 8802us : uncharge_folio <-__mem_cgroup_uncharge_folios
     cat-177       3...2. 8802us : uncharge_folio <-__mem_cgroup_uncharge_folios
     cat-177       3...2. 8802us : uncharge_folio <-__mem_cgroup_uncharge_folios
     cat-177       3...2. 8803us : uncharge_folio <-__mem_cgroup_uncharge_folios
     cat-177       3...2. 8803us : uncharge_folio <-__mem_cgroup_uncharge_folios
     cat-177       3...2. 8803us : uncharge_folio <-__mem_cgroup_uncharge_folios
     cat-177       3...2. 8803us : uncharge_folio <-__mem_cgroup_uncharge_folios
     cat-177       3...2. 8803us : uncharge_folio <-__mem_cgroup_uncharge_folios
     cat-177       3...2. 8803us : uncharge_folio <-__mem_cgroup_uncharge_folios
     cat-177       3...2. 8804us : uncharge_folio <-__mem_cgroup_uncharge_folios
     cat-177       3...2. 8804us : uncharge_folio <-__mem_cgroup_uncharge_folios
     cat-177       3...2. 8804us : uncharge_folio <-__mem_cgroup_uncharge_folios
     cat-177       3...2. 8804us : uncharge_folio <-__mem_cgroup_uncharge_folios
     cat-177       3...2. 8804us : uncharge_folio <-__mem_cgroup_uncharge_folios
     cat-177       3...2. 8804us : uncharge_batch <-__mem_cgroup_uncharge_folios
     cat-177       3...2. 8804us : __rcu_read_lock <-uncharge_batch
     cat-177       3...2. 8805us : __rcu_read_unlock <-uncharge_batch
     cat-177       3...2. 8805us : free_unref_folios <-folios_put_refs
     cat-177       3...3. 8805us : _raw_spin_trylock <-free_unref_folios
     cat-177       3...4. 8806us : free_frozen_page_commit <-free_unref_folios
     cat-177       3...4. 8806us : free_frozen_page_commit <-free_unref_folios
     cat-177       3...4. 8806us : free_frozen_page_commit <-free_unref_folios
     cat-177       3...4. 8806us : free_frozen_page_commit <-free_unref_folios
     cat-177       3...4. 8806us : free_frozen_page_commit <-free_unref_folios
     cat-177       3...4. 8806us : free_frozen_page_commit <-free_unref_folios
     cat-177       3...4. 8807us : free_frozen_page_commit <-free_unref_folios
     cat-177       3...4. 8807us : free_frozen_page_commit <-free_unref_folios
     cat-177       3...4. 8807us : free_frozen_page_commit <-free_unref_folios
     cat-177       3...4. 8807us : free_frozen_page_commit <-free_unref_folios
     cat-177       3...4. 8807us : free_frozen_page_commit <-free_unref_folios
     cat-177       3...4. 8807us : free_frozen_page_commit <-free_unref_folios
     cat-177       3...4. 8807us : free_frozen_page_commit <-free_unref_folios
     cat-177       3...4. 8808us : free_frozen_page_commit <-free_unref_folios
     cat-177       3...4. 8808us : free_frozen_page_commit <-free_unref_folios
     cat-177       3...4. 8808us : free_frozen_page_commit <-free_unref_folios
     cat-177       3...4. 8808us : free_frozen_page_commit <-free_unref_folios
     cat-177       3...4. 8808us : free_frozen_page_commit <-free_unref_folios
     cat-177       3...4. 8808us : free_frozen_page_commit <-free_unref_folios
     cat-177       3...4. 8809us : free_frozen_page_commit <-free_unref_folios
     cat-177       3...4. 8809us : free_frozen_page_commit <-free_unref_folios
     cat-177       3...4. 8809us : free_frozen_page_commit <-free_unref_folios
     cat-177       3...4. 8809us : free_frozen_page_commit <-free_unref_folios
     cat-177       3...4. 8809us : free_frozen_page_commit <-free_unref_folios
     cat-177       3...4. 8809us : free_frozen_page_commit <-free_unref_folios
     cat-177       3...4. 8810us : free_frozen_page_commit <-free_unref_folios
     cat-177       3...4. 8810us : free_frozen_page_commit <-free_unref_folios
     cat-177       3...4. 8810us : _raw_spin_unlock <-free_unref_folios
     cat-177       3...1. 8810us : folio_remove_rmap_ptes <-do_wp_page
     cat-177       3...1. 8810us : lruvec_stat_mod_folio <-folio_remove_rmap_ptes
     cat-177       3...1. 8810us : __rcu_read_lock <-lruvec_stat_mod_folio
     cat-177       3...1. 8811us : mod_node_page_state <-lruvec_stat_mod_folio
     cat-177       3...1. 8811us : __mod_memcg_lruvec_state <-lruvec_stat_mod_folio
     cat-177       3...2. 8811us : memcg_state_val_in_pages <-__mod_memcg_lruvec_state
     cat-177       3...2. 8811us : __css_rstat_updated <-__mod_memcg_lruvec_state
     cat-177       3...1. 8811us : __rcu_read_unlock <-folio_remove_rmap_ptes
     cat-177       3...1. 8811us : _raw_spin_unlock <-do_wp_page
     cat-177       3..... 8812us : __rcu_read_unlock <-do_wp_page
     cat-177       3..... 8812us : free_swap_cache <-do_wp_page
     cat-177       3..... 8812us : __rcu_read_lock <-handle_mm_fault
     cat-177       3..... 8812us : mem_cgroup_from_task <-handle_mm_fault
     cat-177       3..... 8812us : count_memcg_events <-handle_mm_fault
     cat-177       3...1. 8812us : __css_rstat_updated <-count_memcg_events
     cat-177       3..... 8813us : __rcu_read_unlock <-handle_mm_fault
     cat-177       3..... 8814us : lock_vma_under_rcu <-do_user_addr_fault
     cat-177       3..... 8815us : __rcu_read_lock <-lock_vma_under_rcu
     cat-177       3..... 8815us : __rcu_read_unlock <-lock_vma_under_rcu
     cat-177       3..... 8815us : handle_mm_fault <-do_user_addr_fault
     cat-177       3..... 8815us : __handle_mm_fault <-handle_mm_fault
     cat-177       3..... 8815us : pte_offset_map_rw_nolock <-__handle_mm_fault
     cat-177       3..... 8815us : __pte_offset_map <-pte_offset_map_rw_nolock
     cat-177       3..... 8816us : __rcu_read_lock <-__pte_offset_map
     cat-177       3..... 8816us : _raw_spin_lock <-__handle_mm_fault
     cat-177       3...1. 8816us : do_wp_page <-__handle_mm_fault
     cat-177       3...1. 8816us : vm_normal_page <-do_wp_page
     cat-177       3...1. 8816us : _raw_spin_unlock <-do_wp_page
     cat-177       3..... 8816us : __rcu_read_unlock <-do_wp_page
     cat-177       3..... 8817us : __vmf_anon_prepare <-do_wp_page
     cat-177       3..... 8817us : vma_alloc_folio_noprof <-do_wp_page
     cat-177       3..... 8817us : get_vma_policy <-vma_alloc_folio_noprof
     cat-177       3..... 8817us : shmem_get_policy <-get_vma_policy
     cat-177       3..... 8817us : mpol_shared_policy_lookup <-get_vma_policy
     cat-177       3..... 8817us : alloc_pages_mpol <-vma_alloc_folio_noprof
     cat-177       3..... 8818us : policy_nodemask <-alloc_pages_mpol
     cat-177       3..... 8818us : __alloc_frozen_pages_noprof <-alloc_pages_mpol
     cat-177       3..... 8818us : get_page_from_freelist <-__alloc_frozen_pages_noprof
     cat-177       3...1. 8818us : _raw_spin_trylock <-get_page_from_freelist
     cat-177       3...2. 8818us : _raw_spin_unlock <-get_page_from_freelist
     cat-177       3..... 8819us : kernel_init_pages <-get_page_from_freelist
     cat-177       3..... 8819us : __mem_cgroup_charge <-do_wp_page
     cat-177       3..... 8819us : get_mem_cgroup_from_mm <-__mem_cgroup_charge
     cat-177       3..... 8819us : __rcu_read_lock <-get_mem_cgroup_from_mm
     cat-177       3..... 8819us : __rcu_read_unlock <-get_mem_cgroup_from_mm
     cat-177       3..... 8819us : charge_memcg <-__mem_cgroup_charge
     cat-177       3..... 8820us : __rcu_read_lock <-charge_memcg
     cat-177       3..... 8820us : __get_obj_cgroup_from_memcg <-charge_memcg
     cat-177       3..... 8820us : __rcu_read_unlock <-charge_memcg
     cat-177       3..... 8820us : __folio_throttle_swaprate <-do_wp_page
     cat-177       3..... 8820us : copy_mc_to_kernel <-do_wp_page
     cat-177       3..... 8821us : pte_offset_map_lock <-do_wp_page
     cat-177       3..... 8821us : __pte_offset_map <-pte_offset_map_lock
     cat-177       3..... 8821us : __rcu_read_lock <-__pte_offset_map
     cat-177       3..... 8821us : _raw_spin_lock <-pte_offset_map_lock
     cat-177       3...1. 8821us : pte_mkwrite <-do_wp_page
     cat-177       3...1. 8821us : ptep_clear_flush <-do_wp_page
     cat-177       3...1. 8822us : flush_tlb_mm_range <-ptep_clear_flush
     cat-177       3d..2. 8822us : flush_tlb_func <-flush_tlb_mm_range
     cat-177       3d..2. 8822us : mm_needs_global_asid <-flush_tlb_func
     cat-177       3d..2. 8822us : native_flush_tlb_one_user <-flush_tlb_func
     cat-177       3...1. 8822us : folio_add_new_anon_rmap <-do_wp_page
     cat-177       3...1. 8823us : __folio_mod_stat <-folio_add_new_anon_rmap
     cat-177       3...1. 8823us : lruvec_stat_mod_folio <-__folio_mod_stat
     cat-177       3...1. 8823us : __rcu_read_lock <-lruvec_stat_mod_folio
     cat-177       3...1. 8823us : mod_node_page_state <-lruvec_stat_mod_folio
     cat-177       3...1. 8823us : __mod_memcg_lruvec_state <-lruvec_stat_mod_folio
     cat-177       3...2. 8823us : memcg_state_val_in_pages <-__mod_memcg_lruvec_state
     cat-177       3...2. 8824us : __css_rstat_updated <-__mod_memcg_lruvec_state
     cat-177       3...1. 8824us : __rcu_read_unlock <-__folio_mod_stat
     cat-177       3...1. 8824us : folio_add_lru_vma <-do_wp_page
     cat-177       3...1. 8824us : folio_add_lru <-do_wp_page
     cat-177       3...1. 8824us : __folio_batch_add_and_move <-do_wp_page
     cat-177       3...1. 8824us : folio_remove_rmap_ptes <-do_wp_page
     cat-177       3...1. 8825us : lruvec_stat_mod_folio <-folio_remove_rmap_ptes
     cat-177       3...1. 8825us : __rcu_read_lock <-lruvec_stat_mod_folio
     cat-177       3...1. 8825us : mod_node_page_state <-lruvec_stat_mod_folio
     cat-177       3...1. 8825us : __mod_memcg_lruvec_state <-lruvec_stat_mod_folio
     cat-177       3...2. 8825us : memcg_state_val_in_pages <-__mod_memcg_lruvec_state
     cat-177       3...2. 8825us : __css_rstat_updated <-__mod_memcg_lruvec_state
     cat-177       3...1. 8826us : __rcu_read_unlock <-folio_remove_rmap_ptes
     cat-177       3...1. 8826us : _raw_spin_unlock <-do_wp_page
     cat-177       3..... 8826us : __rcu_read_unlock <-do_wp_page
     cat-177       3..... 8826us : free_swap_cache <-do_wp_page
     cat-177       3..... 8826us : __rcu_read_lock <-handle_mm_fault
     cat-177       3..... 8826us : mem_cgroup_from_task <-handle_mm_fault
     cat-177       3..... 8827us : count_memcg_events <-handle_mm_fault
     cat-177       3...1. 8827us : __css_rstat_updated <-count_memcg_events
     cat-177       3..... 8827us : __rcu_read_unlock <-handle_mm_fault
     cat-177       3..... 8828us : lock_vma_under_rcu <-do_user_addr_fault
     cat-177       3..... 8829us : __rcu_read_lock <-lock_vma_under_rcu
     cat-177       3..... 8829us : __rcu_read_unlock <-lock_vma_under_rcu
     cat-177       3..... 8829us : handle_mm_fault <-do_user_addr_fault
     cat-177       3..... 8829us : __handle_mm_fault <-handle_mm_fault
     cat-177       3..... 8829us : pte_offset_map_rw_nolock <-__handle_mm_fault
     cat-177       3..... 8830us : __pte_offset_map <-pte_offset_map_rw_nolock
     cat-177       3..... 8830us : __rcu_read_lock <-__pte_offset_map
     cat-177       3..... 8830us : __rcu_read_unlock <-__handle_mm_fault
     cat-177       3..... 8830us : do_fault <-__handle_mm_fault
     cat-177       3..... 8830us : __rcu_read_lock <-do_fault
     cat-177       3..... 8830us : filemap_map_pages <-do_fault
     cat-177       3..... 8831us : __rcu_read_lock <-filemap_map_pages
     cat-177       3..... 8831us : next_uptodate_folio <-filemap_map_pages
     cat-177       3..... 8831us : pte_offset_map_lock <-filemap_map_pages
     cat-177       3..... 8831us : __pte_offset_map <-pte_offset_map_lock
     cat-177       3..... 8831us : __rcu_read_lock <-__pte_offset_map
     cat-177       3..... 8831us : _raw_spin_lock <-pte_offset_map_lock
     cat-177       3...1. 8832us : set_pte_range <-filemap_map_pages
     cat-177       3...1. 8832us : folio_add_file_rmap_ptes <-set_pte_range
     cat-177       3...1. 8832us : next_uptodate_folio <-filemap_map_pages
     cat-177       3...1. 8832us : set_pte_range <-filemap_map_pages
     cat-177       3...1. 8832us : folio_add_file_rmap_ptes <-set_pte_range
     cat-177       3...1. 8833us : next_uptodate_folio <-filemap_map_pages
     cat-177       3...1. 8833us : set_pte_range <-filemap_map_pages
     cat-177       3...1. 8833us : folio_add_file_rmap_ptes <-set_pte_range
     cat-177       3...1. 8833us : next_uptodate_folio <-filemap_map_pages
     cat-177       3...1. 8833us : set_pte_range <-filemap_map_pages
     cat-177       3...1. 8833us : folio_add_file_rmap_ptes <-set_pte_range
     cat-177       3...1. 8834us : next_uptodate_folio <-filemap_map_pages
     cat-177       3...1. 8834us : set_pte_range <-filemap_map_pages
     cat-177       3...1. 8834us : folio_add_file_rmap_ptes <-set_pte_range
     cat-177       3...1. 8834us : next_uptodate_folio <-filemap_map_pages
     cat-177       3...1. 8834us : set_pte_range <-filemap_map_pages
     cat-177       3...1. 8834us : folio_add_file_rmap_ptes <-set_pte_range
     cat-177       3...1. 8835us : next_uptodate_folio <-filemap_map_pages
     cat-177       3...1. 8835us : set_pte_range <-filemap_map_pages
     cat-177       3...1. 8835us : folio_add_file_rmap_ptes <-set_pte_range
     cat-177       3...1. 8835us : next_uptodate_folio <-filemap_map_pages
     cat-177       3...1. 8835us : set_pte_range <-filemap_map_pages
     cat-177       3...1. 8835us : folio_add_file_rmap_ptes <-set_pte_range
     cat-177       3...1. 8836us : next_uptodate_folio <-filemap_map_pages
     cat-177       3...1. 8836us : set_pte_range <-filemap_map_pages
     cat-177       3...1. 8836us : folio_add_file_rmap_ptes <-set_pte_range
     cat-177       3...1. 8836us : next_uptodate_folio <-filemap_map_pages
     cat-177       3...1. 8836us : set_pte_range <-filemap_map_pages
     cat-177       3...1. 8836us : folio_add_file_rmap_ptes <-set_pte_range
     cat-177       3...1. 8837us : next_uptodate_folio <-filemap_map_pages
     cat-177       3...1. 8837us : set_pte_range <-filemap_map_pages
     cat-177       3...1. 8837us : folio_add_file_rmap_ptes <-set_pte_range
     cat-177       3...1. 8837us : next_uptodate_folio <-filemap_map_pages
     cat-177       3...1. 8837us : set_pte_range <-filemap_map_pages
     cat-177       3...1. 8837us : folio_add_file_rmap_ptes <-set_pte_range
     cat-177       3...1. 8838us : next_uptodate_folio <-filemap_map_pages
     cat-177       3...1. 8838us : set_pte_range <-filemap_map_pages
     cat-177       3...1. 8838us : folio_add_file_rmap_ptes <-set_pte_range
     cat-177       3...1. 8838us : next_uptodate_folio <-filemap_map_pages
     cat-177       3...1. 8838us : set_pte_range <-filemap_map_pages
     cat-177       3...1. 8838us : folio_add_file_rmap_ptes <-set_pte_range
     cat-177       3...1. 8839us : next_uptodate_folio <-filemap_map_pages
     cat-177       3...1. 8839us : set_pte_range <-filemap_map_pages
     cat-177       3...1. 8839us : folio_add_file_rmap_ptes <-set_pte_range
     cat-177       3...1. 8839us : next_uptodate_folio <-filemap_map_pages
     cat-177       3...1. 8839us : set_pte_range <-filemap_map_pages
     cat-177       3...1. 8840us : folio_add_file_rmap_ptes <-set_pte_range
     cat-177       3...1. 8840us : next_uptodate_folio <-filemap_map_pages
     cat-177       3...1. 8840us : mm_trace_rss_stat <-filemap_map_pages
     cat-177       3...1. 8840us : _raw_spin_unlock <-filemap_map_pages
     cat-177       3..... 8840us : __rcu_read_unlock <-filemap_map_pages
     cat-177       3..... 8840us : __rcu_read_unlock <-filemap_map_pages
     cat-177       3..... 8841us : __rcu_read_unlock <-do_fault
     cat-177       3..... 8841us : __rcu_read_lock <-handle_mm_fault
     cat-177       3..... 8841us : mem_cgroup_from_task <-handle_mm_fault
     cat-177       3..... 8841us : count_memcg_events <-handle_mm_fault
     cat-177       3...1. 8841us : __css_rstat_updated <-count_memcg_events
     cat-177       3..... 8841us : __rcu_read_unlock <-handle_mm_fault
     cat-177       3..... 8842us : lock_vma_under_rcu <-do_user_addr_fault
     cat-177       3..... 8843us : __rcu_read_lock <-lock_vma_under_rcu
     cat-177       3..... 8843us : __rcu_read_unlock <-lock_vma_under_rcu
     cat-177       3..... 8843us : handle_mm_fault <-do_user_addr_fault
     cat-177       3..... 8843us : __handle_mm_fault <-handle_mm_fault
     cat-177       3..... 8843us : pte_offset_map_rw_nolock <-__handle_mm_fault
     cat-177       3..... 8843us : __pte_offset_map <-pte_offset_map_rw_nolock
     cat-177       3..... 8844us : __rcu_read_lock <-__pte_offset_map
     cat-177       3..... 8844us : __rcu_read_unlock <-__handle_mm_fault
     cat-177       3..... 8844us : do_anonymous_page <-__handle_mm_fault
     cat-177       3..... 8844us : __vmf_anon_prepare <-do_anonymous_page
     cat-177       3..... 8844us : down_read_trylock <-__vmf_anon_prepare
     cat-177       3..... 8845us : __anon_vma_prepare <-__vmf_anon_prepare
     cat-177       3..... 8845us : kmem_cache_alloc_noprof <-__anon_vma_prepare
     cat-177       3..... 8845us : find_mergeable_anon_vma <-__anon_vma_prepare
     cat-177       3..... 8845us : anon_vma_compatible <-find_mergeable_anon_vma
     cat-177       3..... 8845us : kmem_cache_alloc_noprof <-__anon_vma_prepare
     cat-177       3..... 8846us : down_write <-__anon_vma_prepare
     cat-177       3..... 8846us : _raw_spin_lock <-__anon_vma_prepare
     cat-177       3...1. 8846us : anon_vma_interval_tree_insert <-__anon_vma_prepare
     cat-177       3...1. 8846us : _raw_spin_unlock <-__anon_vma_prepare
     cat-177       3..... 8846us : up_write <-__anon_vma_prepare
     cat-177       3..... 8847us : up_read <-__vmf_anon_prepare
     cat-177       3..... 8847us : vma_alloc_folio_noprof <-do_anonymous_page
     cat-177       3..... 8847us : get_vma_policy <-vma_alloc_folio_noprof
     cat-177       3..... 8847us : alloc_pages_mpol <-vma_alloc_folio_noprof
     cat-177       3..... 8847us : policy_nodemask <-alloc_pages_mpol
     cat-177       3..... 8847us : __alloc_frozen_pages_noprof <-alloc_pages_mpol
     cat-177       3..... 8848us : get_page_from_freelist <-__alloc_frozen_pages_noprof
     cat-177       3...1. 8848us : _raw_spin_trylock <-get_page_from_freelist
     cat-177       3...2. 8848us : _raw_spin_unlock <-get_page_from_freelist
     cat-177       3..... 8848us : kernel_init_pages <-get_page_from_freelist
     cat-177       3..... 8848us : __mem_cgroup_charge <-do_anonymous_page
     cat-177       3..... 8849us : get_mem_cgroup_from_mm <-__mem_cgroup_charge
     cat-177       3..... 8849us : __rcu_read_lock <-get_mem_cgroup_from_mm
     cat-177       3..... 8849us : __rcu_read_unlock <-get_mem_cgroup_from_mm
     cat-177       3..... 8849us : charge_memcg <-__mem_cgroup_charge
     cat-177       3..... 8849us : __rcu_read_lock <-charge_memcg
     cat-177       3..... 8849us : __get_obj_cgroup_from_memcg <-charge_memcg
     cat-177       3..... 8850us : __rcu_read_unlock <-charge_memcg
     cat-177       3..... 8850us : __folio_throttle_swaprate <-do_anonymous_page
     cat-177       3..... 8850us : pte_offset_map_lock <-do_anonymous_page
     cat-177       3..... 8850us : __pte_offset_map <-pte_offset_map_lock
     cat-177       3..... 8850us : __rcu_read_lock <-__pte_offset_map
     cat-177       3..... 8850us : _raw_spin_lock <-pte_offset_map_lock
     cat-177       3...1. 8851us : map_anon_folio_pte_nopf <-do_anonymous_page
     cat-177       3...1. 8851us : pte_mkwrite <-map_anon_folio_pte_nopf
     cat-177       3...1. 8851us : folio_add_new_anon_rmap <-map_anon_folio_pte_nopf
     cat-177       3...1. 8851us : __folio_mod_stat <-folio_add_new_anon_rmap
     cat-177       3...1. 8851us : lruvec_stat_mod_folio <-__folio_mod_stat
     cat-177       3...1. 8851us : __rcu_read_lock <-lruvec_stat_mod_folio
     cat-177       3...1. 8852us : mod_node_page_state <-lruvec_stat_mod_folio
     cat-177       3...1. 8852us : __mod_memcg_lruvec_state <-lruvec_stat_mod_folio
     cat-177       3...2. 8852us : memcg_state_val_in_pages <-__mod_memcg_lruvec_state
     cat-177       3...2. 8852us : __css_rstat_updated <-__mod_memcg_lruvec_state
     cat-177       3...1. 8852us : __rcu_read_unlock <-__folio_mod_stat
     cat-177       3...1. 8852us : folio_add_lru_vma <-map_anon_folio_pte_nopf
     cat-177       3...1. 8853us : folio_add_lru <-map_anon_folio_pte_nopf
     cat-177       3...1. 8853us : __folio_batch_add_and_move <-map_anon_folio_pte_nopf
     cat-177       3...1. 8853us : _raw_spin_unlock <-do_anonymous_page
     cat-177       3..... 8853us : __rcu_read_unlock <-do_anonymous_page
     cat-177       3..... 8853us : __rcu_read_lock <-handle_mm_fault
     cat-177       3..... 8854us : mem_cgroup_from_task <-handle_mm_fault
     cat-177       3..... 8854us : count_memcg_events <-handle_mm_fault
     cat-177       3...1. 8854us : __css_rstat_updated <-count_memcg_events
     cat-177       3..... 8854us : __rcu_read_unlock <-handle_mm_fault
     cat-177       3..... 8855us : lock_vma_under_rcu <-do_user_addr_fault
     cat-177       3..... 8855us : __rcu_read_lock <-lock_vma_under_rcu
     cat-177       3..... 8855us : __rcu_read_unlock <-lock_vma_under_rcu
     cat-177       3..... 8855us : handle_mm_fault <-do_user_addr_fault
     cat-177       3..... 8856us : __handle_mm_fault <-handle_mm_fault
     cat-177       3..... 8856us : pte_offset_map_rw_nolock <-__handle_mm_fault
     cat-177       3..... 8856us : __pte_offset_map <-pte_offset_map_rw_nolock
     cat-177       3..... 8856us : __rcu_read_lock <-__pte_offset_map
     cat-177       3..... 8856us : __rcu_read_unlock <-__handle_mm_fault
     cat-177       3..... 8857us : do_anonymous_page <-__handle_mm_fault
     cat-177       3..... 8857us : __vmf_anon_prepare <-do_anonymous_page
     cat-177       3..... 8857us : vma_alloc_folio_noprof <-do_anonymous_page
     cat-177       3..... 8857us : get_vma_policy <-vma_alloc_folio_noprof
     cat-177       3..... 8857us : alloc_pages_mpol <-vma_alloc_folio_noprof
     cat-177       3..... 8857us : policy_nodemask <-alloc_pages_mpol
     cat-177       3..... 8857us : __alloc_frozen_pages_noprof <-alloc_pages_mpol
     cat-177       3..... 8858us : get_page_from_freelist <-__alloc_frozen_pages_noprof
     cat-177       3...1. 8858us : _raw_spin_trylock <-get_page_from_freelist
     cat-177       3...2. 8858us : _raw_spin_unlock <-get_page_from_freelist
     cat-177       3..... 8858us : kernel_init_pages <-get_page_from_freelist
     cat-177       3..... 8859us : __mem_cgroup_charge <-do_anonymous_page
     cat-177       3..... 8859us : get_mem_cgroup_from_mm <-__mem_cgroup_charge
     cat-177       3..... 8859us : __rcu_read_lock <-get_mem_cgroup_from_mm
     cat-177       3..... 8859us : __rcu_read_unlock <-get_mem_cgroup_from_mm
     cat-177       3..... 8859us : charge_memcg <-__mem_cgroup_charge
     cat-177       3..... 8859us : __rcu_read_lock <-charge_memcg
     cat-177       3..... 8860us : __get_obj_cgroup_from_memcg <-charge_memcg
     cat-177       3..... 8860us : __rcu_read_unlock <-charge_memcg
     cat-177       3..... 8860us : __folio_throttle_swaprate <-do_anonymous_page
     cat-177       3..... 8860us : pte_offset_map_lock <-do_anonymous_page
     cat-177       3..... 8860us : __pte_offset_map <-pte_offset_map_lock
     cat-177       3..... 8860us : __rcu_read_lock <-__pte_offset_map
     cat-177       3..... 8861us : _raw_spin_lock <-pte_offset_map_lock
     cat-177       3...1. 8861us : map_anon_folio_pte_nopf <-do_anonymous_page
     cat-177       3...1. 8861us : pte_mkwrite <-map_anon_folio_pte_nopf
     cat-177       3...1. 8861us : folio_add_new_anon_rmap <-map_anon_folio_pte_nopf
     cat-177       3...1. 8861us : __folio_mod_stat <-folio_add_new_anon_rmap
     cat-177       3...1. 8861us : lruvec_stat_mod_folio <-__folio_mod_stat
     cat-177       3...1. 8862us : __rcu_read_lock <-lruvec_stat_mod_folio
     cat-177       3...1. 8862us : mod_node_page_state <-lruvec_stat_mod_folio
     cat-177       3...1. 8862us : __mod_memcg_lruvec_state <-lruvec_stat_mod_folio
     cat-177       3...2. 8862us : memcg_state_val_in_pages <-__mod_memcg_lruvec_state
     cat-177       3...2. 8862us : __css_rstat_updated <-__mod_memcg_lruvec_state
     cat-177       3...1. 8862us : __rcu_read_unlock <-__folio_mod_stat
     cat-177       3...1. 8863us : folio_add_lru_vma <-map_anon_folio_pte_nopf
     cat-177       3...1. 8863us : folio_add_lru <-map_anon_folio_pte_nopf
     cat-177       3...1. 8863us : __folio_batch_add_and_move <-map_anon_folio_pte_nopf
     cat-177       3...1. 8863us : _raw_spin_unlock <-do_anonymous_page
     cat-177       3..... 8863us : __rcu_read_unlock <-do_anonymous_page
     cat-177       3..... 8863us : __rcu_read_lock <-handle_mm_fault
     cat-177       3..... 8864us : mem_cgroup_from_task <-handle_mm_fault
     cat-177       3..... 8864us : count_memcg_events <-handle_mm_fault
     cat-177       3...1. 8864us : __css_rstat_updated <-count_memcg_events
     cat-177       3..... 8864us : __rcu_read_unlock <-handle_mm_fault
     cat-177       3..... 8865us : lock_vma_under_rcu <-do_user_addr_fault
     cat-177       3..... 8865us : __rcu_read_lock <-lock_vma_under_rcu
     cat-177       3..... 8865us : __rcu_read_unlock <-lock_vma_under_rcu
     cat-177       3..... 8865us : handle_mm_fault <-do_user_addr_fault
     cat-177       3..... 8866us : __handle_mm_fault <-handle_mm_fault
     cat-177       3..... 8866us : pte_offset_map_rw_nolock <-__handle_mm_fault
     cat-177       3..... 8866us : __pte_offset_map <-pte_offset_map_rw_nolock
     cat-177       3..... 8866us : __rcu_read_lock <-__pte_offset_map
     cat-177       3..... 8866us : __rcu_read_unlock <-__handle_mm_fault
     cat-177       3..... 8866us : do_fault <-__handle_mm_fault
     cat-177       3..... 8867us : __rcu_read_lock <-do_fault
     cat-177       3..... 8867us : filemap_map_pages <-do_fault
     cat-177       3..... 8867us : __rcu_read_lock <-filemap_map_pages
     cat-177       3..... 8867us : next_uptodate_folio <-filemap_map_pages
     cat-177       3..... 8867us : pte_offset_map_lock <-filemap_map_pages
     cat-177       3..... 8868us : __pte_offset_map <-pte_offset_map_lock
     cat-177       3..... 8868us : __rcu_read_lock <-__pte_offset_map
     cat-177       3..... 8868us : _raw_spin_lock <-pte_offset_map_lock
     cat-177       3...1. 8868us : set_pte_range <-filemap_map_pages
     cat-177       3...1. 8868us : folio_add_file_rmap_ptes <-set_pte_range
     cat-177       3...1. 8868us : next_uptodate_folio <-filemap_map_pages
     cat-177       3...1. 8869us : set_pte_range <-filemap_map_pages
     cat-177       3...1. 8869us : folio_add_file_rmap_ptes <-set_pte_range
     cat-177       3...1. 8869us : next_uptodate_folio <-filemap_map_pages
     cat-177       3...1. 8869us : set_pte_range <-filemap_map_pages
     cat-177       3...1. 8869us : folio_add_file_rmap_ptes <-set_pte_range
     cat-177       3...1. 8869us : next_uptodate_folio <-filemap_map_pages
     cat-177       3...1. 8870us : set_pte_range <-filemap_map_pages
     cat-177       3...1. 8870us : folio_add_file_rmap_ptes <-set_pte_range
     cat-177       3...1. 8870us : next_uptodate_folio <-filemap_map_pages
     cat-177       3...1. 8870us : set_pte_range <-filemap_map_pages
     cat-177       3...1. 8870us : folio_add_file_rmap_ptes <-set_pte_range
     cat-177       3...1. 8870us : next_uptodate_folio <-filemap_map_pages
     cat-177       3...1. 8871us : set_pte_range <-filemap_map_pages
     cat-177       3...1. 8871us : folio_add_file_rmap_ptes <-set_pte_range
     cat-177       3...1. 8871us : next_uptodate_folio <-filemap_map_pages
     cat-177       3...1. 8871us : set_pte_range <-filemap_map_pages
     cat-177       3...1. 8871us : folio_add_file_rmap_ptes <-set_pte_range
     cat-177       3...1. 8871us : next_uptodate_folio <-filemap_map_pages
     cat-177       3...1. 8872us : set_pte_range <-filemap_map_pages
     cat-177       3...1. 8872us : folio_add_file_rmap_ptes <-set_pte_range
     cat-177       3...1. 8872us : next_uptodate_folio <-filemap_map_pages
     cat-177       3...1. 8872us : set_pte_range <-filemap_map_pages
     cat-177       3...1. 8872us : folio_add_file_rmap_ptes <-set_pte_range
     cat-177       3...1. 8872us : next_uptodate_folio <-filemap_map_pages
     cat-177       3...1. 8873us : mm_trace_rss_stat <-filemap_map_pages
     cat-177       3...1. 8873us : _raw_spin_unlock <-filemap_map_pages
     cat-177       3..... 8873us : __rcu_read_unlock <-filemap_map_pages
     cat-177       3..... 8873us : __rcu_read_unlock <-filemap_map_pages
     cat-177       3..... 8873us : __rcu_read_unlock <-do_fault
     cat-177       3..... 8874us : __rcu_read_lock <-handle_mm_fault
     cat-177       3..... 8874us : mem_cgroup_from_task <-handle_mm_fault
     cat-177       3..... 8874us : count_memcg_events <-handle_mm_fault
     cat-177       3...1. 8874us : __css_rstat_updated <-count_memcg_events
     cat-177       3..... 8874us : __rcu_read_unlock <-handle_mm_fault
     cat-177       3..... 8875us : __x64_sys_arch_prctl <-do_syscall_64
     cat-177       3..... 8875us : do_arch_prctl_64 <-do_syscall_64
     cat-177       3..... 8876us : __x64_sys_set_tid_address <-do_syscall_64
     cat-177       3..... 8876us : __task_pid_nr_ns <-__x64_sys_set_tid_address
     cat-177       3..... 8876us : __rcu_read_lock <-__task_pid_nr_ns
     cat-177       3..... 8877us : __rcu_read_unlock <-__task_pid_nr_ns
     cat-177       3..... 8878us : lock_vma_under_rcu <-do_user_addr_fault
     cat-177       3..... 8878us : __rcu_read_lock <-lock_vma_under_rcu
     cat-177       3..... 8878us : __rcu_read_unlock <-lock_vma_under_rcu
     cat-177       3..... 8878us : handle_mm_fault <-do_user_addr_fault
     cat-177       3..... 8879us : __handle_mm_fault <-handle_mm_fault
     cat-177       3..... 8879us : pte_offset_map_rw_nolock <-__handle_mm_fault
     cat-177       3..... 8879us : __pte_offset_map <-pte_offset_map_rw_nolock
     cat-177       3..... 8879us : __rcu_read_lock <-__pte_offset_map
     cat-177       3..... 8879us : __rcu_read_unlock <-__handle_mm_fault
     cat-177       3..... 8879us : do_fault <-__handle_mm_fault
     cat-177       3..... 8880us : __rcu_read_lock <-do_fault
     cat-177       3..... 8880us : filemap_map_pages <-do_fault
     cat-177       3..... 8880us : __rcu_read_lock <-filemap_map_pages
     cat-177       3..... 8880us : next_uptodate_folio <-filemap_map_pages
     cat-177       3..... 8880us : pte_offset_map_lock <-filemap_map_pages
     cat-177       3..... 8880us : __pte_offset_map <-pte_offset_map_lock
     cat-177       3..... 8881us : __rcu_read_lock <-__pte_offset_map
     cat-177       3..... 8881us : _raw_spin_lock <-pte_offset_map_lock
     cat-177       3...1. 8881us : set_pte_range <-filemap_map_pages
     cat-177       3...1. 8881us : folio_add_file_rmap_ptes <-set_pte_range
     cat-177       3...1. 8881us : next_uptodate_folio <-filemap_map_pages
     cat-177       3...1. 8882us : next_uptodate_folio <-filemap_map_pages
     cat-177       3...1. 8882us : next_uptodate_folio <-filemap_map_pages
     cat-177       3...1. 8882us : next_uptodate_folio <-filemap_map_pages
     cat-177       3...1. 8882us : next_uptodate_folio <-filemap_map_pages
     cat-177       3...1. 8882us : next_uptodate_folio <-filemap_map_pages
     cat-177       3...1. 8882us : next_uptodate_folio <-filemap_map_pages
     cat-177       3...1. 8883us : next_uptodate_folio <-filemap_map_pages
     cat-177       3...1. 8883us : next_uptodate_folio <-filemap_map_pages
     cat-177       3...1. 8883us : next_uptodate_folio <-filemap_map_pages
     cat-177       3...1. 8883us : next_uptodate_folio <-filemap_map_pages
     cat-177       3...1. 8883us : next_uptodate_folio <-filemap_map_pages
     cat-177       3...1. 8884us : next_uptodate_folio <-filemap_map_pages
     cat-177       3...1. 8884us : next_uptodate_folio <-filemap_map_pages
     cat-177       3...1. 8884us : next_uptodate_folio <-filemap_map_pages
     cat-177       3...1. 8884us : next_uptodate_folio <-filemap_map_pages
     cat-177       3...1. 8884us : mm_trace_rss_stat <-filemap_map_pages
     cat-177       3...1. 8884us : _raw_spin_unlock <-filemap_map_pages
     cat-177       3..... 8885us : __rcu_read_unlock <-filemap_map_pages
     cat-177       3..... 8885us : __rcu_read_unlock <-filemap_map_pages
     cat-177       3..... 8885us : __rcu_read_unlock <-do_fault
     cat-177       3..... 8885us : __rcu_read_lock <-handle_mm_fault
     cat-177       3..... 8885us : mem_cgroup_from_task <-handle_mm_fault
     cat-177       3..... 8885us : count_memcg_events <-handle_mm_fault
     cat-177       3...1. 8886us : __css_rstat_updated <-count_memcg_events
     cat-177       3..... 8886us : __rcu_read_unlock <-handle_mm_fault
     cat-177       3..... 8887us : lock_vma_under_rcu <-do_user_addr_fault
     cat-177       3..... 8887us : __rcu_read_lock <-lock_vma_under_rcu
     cat-177       3..... 8888us : __rcu_read_unlock <-lock_vma_under_rcu
     cat-177       3..... 8888us : handle_mm_fault <-do_user_addr_fault
     cat-177       3..... 8888us : __handle_mm_fault <-handle_mm_fault
     cat-177       3..... 8888us : pte_offset_map_rw_nolock <-__handle_mm_fault
     cat-177       3..... 8888us : __pte_offset_map <-pte_offset_map_rw_nolock
     cat-177       3..... 8888us : __rcu_read_lock <-__pte_offset_map
     cat-177       3..... 8889us : __rcu_read_unlock <-__handle_mm_fault
     cat-177       3..... 8889us : do_fault <-__handle_mm_fault
     cat-177       3..... 8889us : __rcu_read_lock <-do_fault
     cat-177       3..... 8889us : filemap_map_pages <-do_fault
     cat-177       3..... 8889us : __rcu_read_lock <-filemap_map_pages
     cat-177       3..... 8890us : next_uptodate_folio <-filemap_map_pages
     cat-177       3..... 8890us : pte_offset_map_lock <-filemap_map_pages
     cat-177       3..... 8890us : __pte_offset_map <-pte_offset_map_lock
     cat-177       3..... 8890us : __rcu_read_lock <-__pte_offset_map
     cat-177       3..... 8890us : _raw_spin_lock <-pte_offset_map_lock
     cat-177       3...1. 8890us : set_pte_range <-filemap_map_pages
     cat-177       3...1. 8891us : folio_add_file_rmap_ptes <-set_pte_range
     cat-177       3...1. 8891us : next_uptodate_folio <-filemap_map_pages
     cat-177       3...1. 8891us : set_pte_range <-filemap_map_pages
     cat-177       3...1. 8891us : folio_add_file_rmap_ptes <-set_pte_range
     cat-177       3...1. 8891us : next_uptodate_folio <-filemap_map_pages
     cat-177       3...1. 8891us : set_pte_range <-filemap_map_pages
     cat-177       3...1. 8892us : folio_add_file_rmap_ptes <-set_pte_range
     cat-177       3...1. 8892us : next_uptodate_folio <-filemap_map_pages
     cat-177       3...1. 8892us : set_pte_range <-filemap_map_pages
     cat-177       3...1. 8892us : folio_add_file_rmap_ptes <-set_pte_range
     cat-177       3...1. 8892us : next_uptodate_folio <-filemap_map_pages
     cat-177       3...1. 8892us : set_pte_range <-filemap_map_pages
     cat-177       3...1. 8893us : folio_add_file_rmap_ptes <-set_pte_range
     cat-177       3...1. 8893us : next_uptodate_folio <-filemap_map_pages
     cat-177       3...1. 8893us : set_pte_range <-filemap_map_pages
     cat-177       3...1. 8893us : folio_add_file_rmap_ptes <-set_pte_range
     cat-177       3...1. 8893us : next_uptodate_folio <-filemap_map_pages
     cat-177       3...1. 8894us : set_pte_range <-filemap_map_pages
     cat-177       3...1. 8894us : folio_add_file_rmap_ptes <-set_pte_range
     cat-177       3...1. 8894us : next_uptodate_folio <-filemap_map_pages
     cat-177       3...1. 8894us : set_pte_range <-filemap_map_pages
     cat-177       3...1. 8894us : folio_add_file_rmap_ptes <-set_pte_range
     cat-177       3...1. 8894us : next_uptodate_folio <-filemap_map_pages
     cat-177       3...1. 8895us : set_pte_range <-filemap_map_pages
     cat-177       3...1. 8895us : folio_add_file_rmap_ptes <-set_pte_range
     cat-177       3...1. 8895us : next_uptodate_folio <-filemap_map_pages
     cat-177       3...1. 8895us : set_pte_range <-filemap_map_pages
     cat-177       3...1. 8895us : folio_add_file_rmap_ptes <-set_pte_range
     cat-177       3...1. 8895us : next_uptodate_folio <-filemap_map_pages
     cat-177       3...1. 8896us : set_pte_range <-filemap_map_pages
     cat-177       3...1. 8896us : folio_add_file_rmap_ptes <-set_pte_range
     cat-177       3...1. 8896us : next_uptodate_folio <-filemap_map_pages
     cat-177       3...1. 8896us : set_pte_range <-filemap_map_pages
     cat-177       3...1. 8896us : folio_add_file_rmap_ptes <-set_pte_range
     cat-177       3...1. 8896us : next_uptodate_folio <-filemap_map_pages
     cat-177       3...1. 8897us : set_pte_range <-filemap_map_pages
     cat-177       3...1. 8897us : folio_add_file_rmap_ptes <-set_pte_range
     cat-177       3...1. 8897us : next_uptodate_folio <-filemap_map_pages
     cat-177       3...1. 8897us : set_pte_range <-filemap_map_pages
     cat-177       3...1. 8897us : folio_add_file_rmap_ptes <-set_pte_range
     cat-177       3...1. 8897us : next_uptodate_folio <-filemap_map_pages
     cat-177       3...1. 8898us : set_pte_range <-filemap_map_pages
     cat-177       3...1. 8898us : folio_add_file_rmap_ptes <-set_pte_range
     cat-177       3...1. 8898us : next_uptodate_folio <-filemap_map_pages
     cat-177       3...1. 8898us : set_pte_range <-filemap_map_pages
     cat-177       3...1. 8898us : folio_add_file_rmap_ptes <-set_pte_range
     cat-177       3...1. 8898us : next_uptodate_folio <-filemap_map_pages
     cat-177       3...1. 8899us : _raw_spin_lock_irqsave <-percpu_counter_add_batch
     cat-177       3d..2. 8899us : _raw_spin_unlock_irqrestore <-filemap_map_pages
     cat-177       3...1. 8899us : mm_trace_rss_stat <-filemap_map_pages
     cat-177       3...1. 8899us : _raw_spin_unlock <-filemap_map_pages
     cat-177       3..... 8899us : __rcu_read_unlock <-filemap_map_pages
     cat-177       3..... 8900us : __rcu_read_unlock <-filemap_map_pages
     cat-177       3..... 8900us : __rcu_read_unlock <-do_fault
     cat-177       3..... 8900us : __rcu_read_lock <-handle_mm_fault
     cat-177       3..... 8900us : mem_cgroup_from_task <-handle_mm_fault
     cat-177       3..... 8900us : count_memcg_events <-handle_mm_fault
     cat-177       3...1. 8900us : __css_rstat_updated <-count_memcg_events
     cat-177       3..... 8901us : __rcu_read_unlock <-handle_mm_fault
     cat-177       3..... 8902us : lock_vma_under_rcu <-do_user_addr_fault
     cat-177       3..... 8902us : __rcu_read_lock <-lock_vma_under_rcu
     cat-177       3..... 8902us : __rcu_read_unlock <-lock_vma_under_rcu
     cat-177       3..... 8902us : handle_mm_fault <-do_user_addr_fault
     cat-177       3..... 8903us : __handle_mm_fault <-handle_mm_fault
     cat-177       3..... 8903us : pte_offset_map_rw_nolock <-__handle_mm_fault
     cat-177       3..... 8903us : __pte_offset_map <-pte_offset_map_rw_nolock
     cat-177       3..... 8903us : __rcu_read_lock <-__pte_offset_map
     cat-177       3..... 8903us : __rcu_read_unlock <-__handle_mm_fault
     cat-177       3..... 8903us : do_fault <-__handle_mm_fault
     cat-177       3..... 8904us : __rcu_read_lock <-do_fault
     cat-177       3..... 8904us : filemap_map_pages <-do_fault
     cat-177       3..... 8904us : __rcu_read_lock <-filemap_map_pages
     cat-177       3..... 8904us : next_uptodate_folio <-filemap_map_pages
     cat-177       3..... 8904us : pte_offset_map_lock <-filemap_map_pages
     cat-177       3..... 8904us : __pte_offset_map <-pte_offset_map_lock
     cat-177       3..... 8904us : __rcu_read_lock <-__pte_offset_map
     cat-177       3..... 8905us : _raw_spin_lock <-pte_offset_map_lock
     cat-177       3...1. 8905us : set_pte_range <-filemap_map_pages
     cat-177       3...1. 8905us : folio_add_file_rmap_ptes <-set_pte_range
     cat-177       3...1. 8905us : next_uptodate_folio <-filemap_map_pages
     cat-177       3...1. 8905us : set_pte_range <-filemap_map_pages
     cat-177       3...1. 8905us : folio_add_file_rmap_ptes <-set_pte_range
     cat-177       3...1. 8905us : next_uptodate_folio <-filemap_map_pages
     cat-177       3...1. 8906us : set_pte_range <-filemap_map_pages
     cat-177       3...1. 8906us : folio_add_file_rmap_ptes <-set_pte_range
     cat-177       3...1. 8906us : next_uptodate_folio <-filemap_map_pages
     cat-177       3...1. 8906us : set_pte_range <-filemap_map_pages
     cat-177       3...1. 8906us : folio_add_file_rmap_ptes <-set_pte_range
     cat-177       3...1. 8906us : next_uptodate_folio <-filemap_map_pages
     cat-177       3...1. 8906us : set_pte_range <-filemap_map_pages
     cat-177       3...1. 8907us : folio_add_file_rmap_ptes <-set_pte_range
     cat-177       3...1. 8907us : next_uptodate_folio <-filemap_map_pages
     cat-177       3...1. 8907us : set_pte_range <-filemap_map_pages
     cat-177       3...1. 8908us : folio_add_file_rmap_ptes <-set_pte_range
     cat-177       3...1. 8908us : next_uptodate_folio <-filemap_map_pages
     cat-177       3...1. 8908us : set_pte_range <-filemap_map_pages
     cat-177       3...1. 8908us : folio_add_file_rmap_ptes <-set_pte_range
     cat-177       3...1. 8909us : next_uptodate_folio <-filemap_map_pages
     cat-177       3...1. 8909us : set_pte_range <-filemap_map_pages
     cat-177       3...1. 8909us : folio_add_file_rmap_ptes <-set_pte_range
     cat-177       3...1. 8910us : next_uptodate_folio <-filemap_map_pages
     cat-177       3...1. 8910us : set_pte_range <-filemap_map_pages
     cat-177       3...1. 8910us : folio_add_file_rmap_ptes <-set_pte_range
     cat-177       3...1. 8910us : next_uptodate_folio <-filemap_map_pages
     cat-177       3...1. 8911us : set_pte_range <-filemap_map_pages
     cat-177       3...1. 8911us : folio_add_file_rmap_ptes <-set_pte_range
     cat-177       3...1. 8911us : next_uptodate_folio <-filemap_map_pages
     cat-177       3...1. 8912us : set_pte_range <-filemap_map_pages
     cat-177       3...1. 8912us : folio_add_file_rmap_ptes <-set_pte_range
     cat-177       3...1. 8912us : next_uptodate_folio <-filemap_map_pages
     cat-177       3...1. 8913us : set_pte_range <-filemap_map_pages
     cat-177       3...1. 8913us : folio_add_file_rmap_ptes <-set_pte_range
     cat-177       3...1. 8913us : next_uptodate_folio <-filemap_map_pages
     cat-177       3...1. 8913us : set_pte_range <-filemap_map_pages
     cat-177       3...1. 8914us : folio_add_file_rmap_ptes <-set_pte_range
     cat-177       3...1. 8914us : next_uptodate_folio <-filemap_map_pages
     cat-177       3...1. 8914us : set_pte_range <-filemap_map_pages
     cat-177       3...1. 8915us : folio_add_file_rmap_ptes <-set_pte_range
     cat-177       3...1. 8915us : next_uptodate_folio <-filemap_map_pages
     cat-177       3...1. 8915us : set_pte_range <-filemap_map_pages
     cat-177       3...1. 8915us : folio_add_file_rmap_ptes <-set_pte_range
     cat-177       3...1. 8915us : next_uptodate_folio <-filemap_map_pages
     cat-177       3...1. 8915us : set_pte_range <-filemap_map_pages
     cat-177       3...1. 8915us : folio_add_file_rmap_ptes <-set_pte_range
     cat-177       3...1. 8916us : next_uptodate_folio <-filemap_map_pages
     cat-177       3...1. 8916us : mm_trace_rss_stat <-filemap_map_pages
     cat-177       3...1. 8916us : _raw_spin_unlock <-filemap_map_pages
     cat-177       3..... 8916us : __rcu_read_unlock <-filemap_map_pages
     cat-177       3..... 8916us : __rcu_read_unlock <-filemap_map_pages
     cat-177       3..... 8916us : __rcu_read_unlock <-do_fault
     cat-177       3..... 8916us : __rcu_read_lock <-handle_mm_fault
     cat-177       3..... 8917us : mem_cgroup_from_task <-handle_mm_fault
     cat-177       3..... 8917us : count_memcg_events <-handle_mm_fault
     cat-177       3...1. 8917us : __css_rstat_updated <-count_memcg_events
     cat-177       3..... 8917us : __rcu_read_unlock <-handle_mm_fault
     cat-177       3..... 8919us : __do_sys_getuid <-do_syscall_64
     cat-177       3..... 8919us : from_kuid_munged <-__do_sys_getuid
     cat-177       3..... 8919us : map_id_range_up <-from_kuid_munged
     cat-177       3..... 8920us : lock_vma_under_rcu <-do_user_addr_fault
     cat-177       3..... 8920us : __rcu_read_lock <-lock_vma_under_rcu
     cat-177       3..... 8920us : __rcu_read_unlock <-lock_vma_under_rcu
     cat-177       3..... 8921us : handle_mm_fault <-do_user_addr_fault
     cat-177       3..... 8921us : __handle_mm_fault <-handle_mm_fault
     cat-177       3..... 8921us : pte_offset_map_rw_nolock <-__handle_mm_fault
     cat-177       3..... 8921us : __pte_offset_map <-pte_offset_map_rw_nolock
     cat-177       3..... 8921us : __rcu_read_lock <-__pte_offset_map
     cat-177       3..... 8921us : __rcu_read_unlock <-__handle_mm_fault
     cat-177       3..... 8921us : do_fault <-__handle_mm_fault
     cat-177       3..... 8922us : __rcu_read_lock <-do_fault
     cat-177       3..... 8922us : filemap_map_pages <-do_fault
     cat-177       3..... 8922us : __rcu_read_lock <-filemap_map_pages
     cat-177       3..... 8922us : next_uptodate_folio <-filemap_map_pages
     cat-177       3..... 8922us : pte_offset_map_lock <-filemap_map_pages
     cat-177       3..... 8922us : __pte_offset_map <-pte_offset_map_lock
     cat-177       3..... 8922us : __rcu_read_lock <-__pte_offset_map
     cat-177       3..... 8923us : _raw_spin_lock <-pte_offset_map_lock
     cat-177       3...1. 8923us : set_pte_range <-filemap_map_pages
     cat-177       3...1. 8923us : folio_add_file_rmap_ptes <-set_pte_range
     cat-177       3...1. 8923us : next_uptodate_folio <-filemap_map_pages
     cat-177       3...1. 8923us : set_pte_range <-filemap_map_pages
     cat-177       3...1. 8923us : folio_add_file_rmap_ptes <-set_pte_range
     cat-177       3...1. 8923us : next_uptodate_folio <-filemap_map_pages
     cat-177       3...1. 8924us : set_pte_range <-filemap_map_pages
     cat-177       3...1. 8924us : folio_add_file_rmap_ptes <-set_pte_range
     cat-177       3...1. 8924us : next_uptodate_folio <-filemap_map_pages
     cat-177       3...1. 8924us : set_pte_range <-filemap_map_pages
     cat-177       3...1. 8924us : folio_add_file_rmap_ptes <-set_pte_range
     cat-177       3...1. 8924us : next_uptodate_folio <-filemap_map_pages
     cat-177       3...1. 8924us : set_pte_range <-filemap_map_pages
     cat-177       3...1. 8925us : folio_add_file_rmap_ptes <-set_pte_range
     cat-177       3...1. 8925us : next_uptodate_folio <-filemap_map_pages
     cat-177       3...1. 8925us : set_pte_range <-filemap_map_pages
     cat-177       3...1. 8925us : folio_add_file_rmap_ptes <-set_pte_range
     cat-177       3...1. 8925us : next_uptodate_folio <-filemap_map_pages
     cat-177       3...1. 8925us : set_pte_range <-filemap_map_pages
     cat-177       3...1. 8925us : folio_add_file_rmap_ptes <-set_pte_range
     cat-177       3...1. 8926us : next_uptodate_folio <-filemap_map_pages
     cat-177       3...1. 8926us : set_pte_range <-filemap_map_pages
     cat-177       3...1. 8926us : folio_add_file_rmap_ptes <-set_pte_range
     cat-177       3...1. 8926us : next_uptodate_folio <-filemap_map_pages
     cat-177       3...1. 8926us : mm_trace_rss_stat <-filemap_map_pages
     cat-177       3...1. 8926us : _raw_spin_unlock <-filemap_map_pages
     cat-177       3..... 8926us : __rcu_read_unlock <-filemap_map_pages
     cat-177       3..... 8927us : __rcu_read_unlock <-filemap_map_pages
     cat-177       3..... 8927us : __rcu_read_unlock <-do_fault
     cat-177       3..... 8927us : __rcu_read_lock <-handle_mm_fault
     cat-177       3..... 8927us : mem_cgroup_from_task <-handle_mm_fault
     cat-177       3..... 8927us : count_memcg_events <-handle_mm_fault
     cat-177       3...1. 8927us : __css_rstat_updated <-count_memcg_events
     cat-177       3..... 8927us : __rcu_read_unlock <-handle_mm_fault
     cat-177       3..... 8929us : lock_vma_under_rcu <-do_user_addr_fault
     cat-177       3..... 8929us : __rcu_read_lock <-lock_vma_under_rcu
     cat-177       3..... 8929us : __rcu_read_unlock <-lock_vma_under_rcu
     cat-177       3..... 8929us : handle_mm_fault <-do_user_addr_fault
     cat-177       3..... 8930us : __handle_mm_fault <-handle_mm_fault
     cat-177       3..... 8930us : pte_offset_map_rw_nolock <-__handle_mm_fault
     cat-177       3..... 8930us : __pte_offset_map <-pte_offset_map_rw_nolock
     cat-177       3..... 8930us : __rcu_read_lock <-__pte_offset_map
     cat-177       3..... 8930us : __rcu_read_unlock <-__handle_mm_fault
     cat-177       3..... 8930us : do_fault <-__handle_mm_fault
     cat-177       3..... 8931us : __rcu_read_lock <-do_fault
     cat-177       3..... 8931us : filemap_map_pages <-do_fault
     cat-177       3..... 8931us : __rcu_read_lock <-filemap_map_pages
     cat-177       3..... 8931us : next_uptodate_folio <-filemap_map_pages
     cat-177       3..... 8931us : pte_offset_map_lock <-filemap_map_pages
     cat-177       3..... 8931us : __pte_offset_map <-pte_offset_map_lock
     cat-177       3..... 8931us : __rcu_read_lock <-__pte_offset_map
     cat-177       3..... 8932us : _raw_spin_lock <-pte_offset_map_lock
     cat-177       3...1. 8932us : set_pte_range <-filemap_map_pages
     cat-177       3...1. 8932us : folio_add_file_rmap_ptes <-set_pte_range
     cat-177       3...1. 8932us : lruvec_stat_mod_folio <-folio_add_file_rmap_ptes
     cat-177       3...1. 8932us : __rcu_read_lock <-lruvec_stat_mod_folio
     cat-177       3...1. 8932us : mod_node_page_state <-lruvec_stat_mod_folio
     cat-177       3...1. 8932us : __mod_memcg_lruvec_state <-lruvec_stat_mod_folio
     cat-177       3...2. 8933us : memcg_state_val_in_pages <-__mod_memcg_lruvec_state
     cat-177       3...2. 8933us : __css_rstat_updated <-__mod_memcg_lruvec_state
     cat-177       3...1. 8933us : __rcu_read_unlock <-folio_add_file_rmap_ptes
     cat-177       3...1. 8933us : next_uptodate_folio <-filemap_map_pages
     cat-177       3...1. 8933us : set_pte_range <-filemap_map_pages
     cat-177       3...1. 8933us : folio_add_file_rmap_ptes <-set_pte_range
     cat-177       3...1. 8933us : lruvec_stat_mod_folio <-folio_add_file_rmap_ptes
     cat-177       3...1. 8934us : __rcu_read_lock <-lruvec_stat_mod_folio
     cat-177       3...1. 8934us : mod_node_page_state <-lruvec_stat_mod_folio
     cat-177       3...1. 8934us : __mod_memcg_lruvec_state <-lruvec_stat_mod_folio
     cat-177       3...2. 8934us : memcg_state_val_in_pages <-__mod_memcg_lruvec_state
     cat-177       3...2. 8934us : __css_rstat_updated <-__mod_memcg_lruvec_state
     cat-177       3...1. 8934us : __rcu_read_unlock <-folio_add_file_rmap_ptes
     cat-177       3...1. 8934us : next_uptodate_folio <-filemap_map_pages
     cat-177       3...1. 8934us : set_pte_range <-filemap_map_pages
     cat-177       3...1. 8935us : folio_add_file_rmap_ptes <-set_pte_range
     cat-177       3...1. 8935us : next_uptodate_folio <-filemap_map_pages
     cat-177       3...1. 8935us : set_pte_range <-filemap_map_pages
     cat-177       3...1. 8935us : folio_add_file_rmap_ptes <-set_pte_range
     cat-177       3...1. 8935us : next_uptodate_folio <-filemap_map_pages
     cat-177       3...1. 8935us : set_pte_range <-filemap_map_pages
     cat-177       3...1. 8935us : folio_add_file_rmap_ptes <-set_pte_range
     cat-177       3...1. 8936us : next_uptodate_folio <-filemap_map_pages
     cat-177       3...1. 8936us : set_pte_range <-filemap_map_pages
     cat-177       3...1. 8936us : folio_add_file_rmap_ptes <-set_pte_range
     cat-177       3...1. 8936us : next_uptodate_folio <-filemap_map_pages
     cat-177       3...1. 8936us : set_pte_range <-filemap_map_pages
     cat-177       3...1. 8936us : folio_add_file_rmap_ptes <-set_pte_range
     cat-177       3...1. 8936us : next_uptodate_folio <-filemap_map_pages
     cat-177       3...1. 8937us : set_pte_range <-filemap_map_pages
     cat-177       3...1. 8937us : folio_add_file_rmap_ptes <-set_pte_range
     cat-177       3...1. 8937us : next_uptodate_folio <-filemap_map_pages
     cat-177       3...1. 8937us : set_pte_range <-filemap_map_pages
     cat-177       3...1. 8937us : folio_add_file_rmap_ptes <-set_pte_range
     cat-177       3...1. 8937us : next_uptodate_folio <-filemap_map_pages
     cat-177       3...1. 8937us : set_pte_range <-filemap_map_pages
     cat-177       3...1. 8938us : folio_add_file_rmap_ptes <-set_pte_range
     cat-177       3...1. 8938us : next_uptodate_folio <-filemap_map_pages
     cat-177       3...1. 8938us : set_pte_range <-filemap_map_pages
     cat-177       3...1. 8938us : folio_add_file_rmap_ptes <-set_pte_range
     cat-177       3...1. 8938us : next_uptodate_folio <-filemap_map_pages
     cat-177       3...1. 8938us : set_pte_range <-filemap_map_pages
     cat-177       3...1. 8938us : folio_add_file_rmap_ptes <-set_pte_range
     cat-177       3...1. 8939us : next_uptodate_folio <-filemap_map_pages
     cat-177       3...1. 8939us : set_pte_range <-filemap_map_pages
     cat-177       3...1. 8939us : folio_add_file_rmap_ptes <-set_pte_range
     cat-177       3...1. 8939us : next_uptodate_folio <-filemap_map_pages
     cat-177       3...1. 8939us : set_pte_range <-filemap_map_pages
     cat-177       3...1. 8939us : folio_add_file_rmap_ptes <-set_pte_range
     cat-177       3...1. 8939us : next_uptodate_folio <-filemap_map_pages
     cat-177       3...1. 8940us : set_pte_range <-filemap_map_pages
     cat-177       3...1. 8940us : folio_add_file_rmap_ptes <-set_pte_range
     cat-177       3...1. 8940us : next_uptodate_folio <-filemap_map_pages
     cat-177       3...1. 8940us : set_pte_range <-filemap_map_pages
     cat-177       3...1. 8940us : folio_add_file_rmap_ptes <-set_pte_range
     cat-177       3...1. 8940us : next_uptodate_folio <-filemap_map_pages
     cat-177       3...1. 8940us : _raw_spin_lock_irqsave <-percpu_counter_add_batch
     cat-177       3d..2. 8941us : _raw_spin_unlock_irqrestore <-filemap_map_pages
     cat-177       3...1. 8941us : mm_trace_rss_stat <-filemap_map_pages
     cat-177       3...1. 8941us : _raw_spin_unlock <-filemap_map_pages
     cat-177       3..... 8941us : __rcu_read_unlock <-filemap_map_pages
     cat-177       3..... 8941us : __rcu_read_unlock <-filemap_map_pages
     cat-177       3..... 8941us : __rcu_read_unlock <-do_fault
     cat-177       3..... 8941us : __rcu_read_lock <-handle_mm_fault
     cat-177       3..... 8942us : mem_cgroup_from_task <-handle_mm_fault
     cat-177       3..... 8942us : count_memcg_events <-handle_mm_fault
     cat-177       3...1. 8942us : __css_rstat_updated <-count_memcg_events
     cat-177       3..... 8942us : __rcu_read_unlock <-handle_mm_fault
     cat-177       3..... 8943us : lock_vma_under_rcu <-do_user_addr_fault
     cat-177       3..... 8943us : __rcu_read_lock <-lock_vma_under_rcu
     cat-177       3..... 8943us : __rcu_read_unlock <-lock_vma_under_rcu
     cat-177       3..... 8943us : handle_mm_fault <-do_user_addr_fault
     cat-177       3..... 8943us : __handle_mm_fault <-handle_mm_fault
     cat-177       3..... 8944us : pte_offset_map_rw_nolock <-__handle_mm_fault
     cat-177       3..... 8944us : __pte_offset_map <-pte_offset_map_rw_nolock
     cat-177       3..... 8944us : __rcu_read_lock <-__pte_offset_map
     cat-177       3..... 8944us : __rcu_read_unlock <-__handle_mm_fault
     cat-177       3..... 8944us : do_fault <-__handle_mm_fault
     cat-177       3..... 8944us : __rcu_read_lock <-do_fault
     cat-177       3..... 8944us : filemap_map_pages <-do_fault
     cat-177       3..... 8944us : __rcu_read_lock <-filemap_map_pages
     cat-177       3..... 8945us : next_uptodate_folio <-filemap_map_pages
     cat-177       3..... 8945us : pte_offset_map_lock <-filemap_map_pages
     cat-177       3..... 8945us : __pte_offset_map <-pte_offset_map_lock
     cat-177       3..... 8945us : __rcu_read_lock <-__pte_offset_map
     cat-177       3..... 8945us : _raw_spin_lock <-pte_offset_map_lock
     cat-177       3...1. 8945us : set_pte_range <-filemap_map_pages
     cat-177       3...1. 8945us : folio_add_file_rmap_ptes <-set_pte_range
     cat-177       3...1. 8946us : next_uptodate_folio <-filemap_map_pages
     cat-177       3...1. 8946us : set_pte_range <-filemap_map_pages
     cat-177       3...1. 8946us : folio_add_file_rmap_ptes <-set_pte_range
     cat-177       3...1. 8946us : next_uptodate_folio <-filemap_map_pages
     cat-177       3...1. 8946us : set_pte_range <-filemap_map_pages
     cat-177       3...1. 8946us : folio_add_file_rmap_ptes <-set_pte_range
     cat-177       3...1. 8946us : next_uptodate_folio <-filemap_map_pages
     cat-177       3...1. 8947us : set_pte_range <-filemap_map_pages
     cat-177       3...1. 8947us : folio_add_file_rmap_ptes <-set_pte_range
     cat-177       3...1. 8947us : next_uptodate_folio <-filemap_map_pages
     cat-177       3...1. 8947us : set_pte_range <-filemap_map_pages
     cat-177       3...1. 8947us : folio_add_file_rmap_ptes <-set_pte_range
     cat-177       3...1. 8947us : next_uptodate_folio <-filemap_map_pages
     cat-177       3...1. 8947us : set_pte_range <-filemap_map_pages
     cat-177       3...1. 8948us : folio_add_file_rmap_ptes <-set_pte_range
     cat-177       3...1. 8948us : next_uptodate_folio <-filemap_map_pages
     cat-177       3...1. 8948us : set_pte_range <-filemap_map_pages
     cat-177       3...1. 8948us : folio_add_file_rmap_ptes <-set_pte_range
     cat-177       3...1. 8948us : next_uptodate_folio <-filemap_map_pages
     cat-177       3...1. 8948us : set_pte_range <-filemap_map_pages
     cat-177       3...1. 8948us : folio_add_file_rmap_ptes <-set_pte_range
     cat-177       3...1. 8949us : next_uptodate_folio <-filemap_map_pages
     cat-177       3...1. 8949us : set_pte_range <-filemap_map_pages
     cat-177       3...1. 8949us : folio_add_file_rmap_ptes <-set_pte_range
     cat-177       3...1. 8949us : next_uptodate_folio <-filemap_map_pages
     cat-177       3...1. 8949us : set_pte_range <-filemap_map_pages
     cat-177       3...1. 8949us : folio_add_file_rmap_ptes <-set_pte_range
     cat-177       3...1. 8949us : next_uptodate_folio <-filemap_map_pages
     cat-177       3...1. 8949us : set_pte_range <-filemap_map_pages
     cat-177       3...1. 8950us : folio_add_file_rmap_ptes <-set_pte_range
     cat-177       3...1. 8950us : next_uptodate_folio <-filemap_map_pages
     cat-177       3...1. 8950us : set_pte_range <-filemap_map_pages
     cat-177       3...1. 8950us : folio_add_file_rmap_ptes <-set_pte_range
     cat-177       3...1. 8950us : next_uptodate_folio <-filemap_map_pages
     cat-177       3...1. 8950us : set_pte_range <-filemap_map_pages
     cat-177       3...1. 8950us : folio_add_file_rmap_ptes <-set_pte_range
     cat-177       3...1. 8951us : next_uptodate_folio <-filemap_map_pages
     cat-177       3...1. 8951us : set_pte_range <-filemap_map_pages
     cat-177       3...1. 8951us : folio_add_file_rmap_ptes <-set_pte_range
     cat-177       3...1. 8951us : next_uptodate_folio <-filemap_map_pages
     cat-177       3...1. 8951us : set_pte_range <-filemap_map_pages
     cat-177       3...1. 8951us : folio_add_file_rmap_ptes <-set_pte_range
     cat-177       3...1. 8951us : next_uptodate_folio <-filemap_map_pages
     cat-177       3...1. 8952us : set_pte_range <-filemap_map_pages
     cat-177       3...1. 8952us : folio_add_file_rmap_ptes <-set_pte_range
     cat-177       3...1. 8952us : next_uptodate_folio <-filemap_map_pages
     cat-177       3...1. 8952us : mm_trace_rss_stat <-filemap_map_pages
     cat-177       3...1. 8952us : _raw_spin_unlock <-filemap_map_pages
     cat-177       3..... 8952us : __rcu_read_unlock <-filemap_map_pages
     cat-177       3..... 8952us : __rcu_read_unlock <-filemap_map_pages
     cat-177       3..... 8953us : __rcu_read_unlock <-do_fault
     cat-177       3..... 8953us : __rcu_read_lock <-handle_mm_fault
     cat-177       3..... 8953us : mem_cgroup_from_task <-handle_mm_fault
     cat-177       3..... 8953us : count_memcg_events <-handle_mm_fault
     cat-177       3...1. 8953us : __css_rstat_updated <-count_memcg_events
     cat-177       3..... 8953us : __rcu_read_unlock <-handle_mm_fault
     cat-177       3..... 8954us : lock_vma_under_rcu <-do_user_addr_fault
     cat-177       3..... 8954us : __rcu_read_lock <-lock_vma_under_rcu
     cat-177       3..... 8955us : __rcu_read_unlock <-lock_vma_under_rcu
     cat-177       3..... 8955us : handle_mm_fault <-do_user_addr_fault
     cat-177       3..... 8955us : __handle_mm_fault <-handle_mm_fault
     cat-177       3..... 8955us : pte_offset_map_rw_nolock <-__handle_mm_fault
     cat-177       3..... 8955us : __pte_offset_map <-pte_offset_map_rw_nolock
     cat-177       3..... 8955us : __rcu_read_lock <-__pte_offset_map
     cat-177       3..... 8955us : __rcu_read_unlock <-__handle_mm_fault
     cat-177       3..... 8956us : do_anonymous_page <-__handle_mm_fault
     cat-177       3..... 8956us : __vmf_anon_prepare <-do_anonymous_page
     cat-177       3..... 8956us : vma_alloc_folio_noprof <-do_anonymous_page
     cat-177       3..... 8956us : get_vma_policy <-vma_alloc_folio_noprof
     cat-177       3..... 8956us : alloc_pages_mpol <-vma_alloc_folio_noprof
     cat-177       3..... 8956us : policy_nodemask <-alloc_pages_mpol
     cat-177       3..... 8956us : __alloc_frozen_pages_noprof <-alloc_pages_mpol
     cat-177       3..... 8957us : get_page_from_freelist <-__alloc_frozen_pages_noprof
     cat-177       3...1. 8957us : _raw_spin_trylock <-get_page_from_freelist
     cat-177       3...2. 8957us : _raw_spin_unlock <-get_page_from_freelist
     cat-177       3..... 8957us : kernel_init_pages <-get_page_from_freelist
     cat-177       3..... 8957us : __mem_cgroup_charge <-do_anonymous_page
     cat-177       3..... 8957us : get_mem_cgroup_from_mm <-__mem_cgroup_charge
     cat-177       3..... 8958us : __rcu_read_lock <-get_mem_cgroup_from_mm
     cat-177       3..... 8958us : __rcu_read_unlock <-get_mem_cgroup_from_mm
     cat-177       3..... 8958us : charge_memcg <-__mem_cgroup_charge
     cat-177       3..... 8958us : __rcu_read_lock <-charge_memcg
     cat-177       3..... 8958us : __get_obj_cgroup_from_memcg <-charge_memcg
     cat-177       3..... 8958us : __rcu_read_unlock <-charge_memcg
     cat-177       3..... 8958us : __folio_throttle_swaprate <-do_anonymous_page
     cat-177       3..... 8959us : pte_offset_map_lock <-do_anonymous_page
     cat-177       3..... 8959us : __pte_offset_map <-pte_offset_map_lock
     cat-177       3..... 8959us : __rcu_read_lock <-__pte_offset_map
     cat-177       3..... 8959us : _raw_spin_lock <-pte_offset_map_lock
     cat-177       3...1. 8959us : map_anon_folio_pte_nopf <-do_anonymous_page
     cat-177       3...1. 8959us : pte_mkwrite <-map_anon_folio_pte_nopf
     cat-177       3...1. 8959us : folio_add_new_anon_rmap <-map_anon_folio_pte_nopf
     cat-177       3...1. 8960us : __folio_mod_stat <-folio_add_new_anon_rmap
     cat-177       3...1. 8960us : lruvec_stat_mod_folio <-__folio_mod_stat
     cat-177       3...1. 8960us : __rcu_read_lock <-lruvec_stat_mod_folio
     cat-177       3...1. 8960us : mod_node_page_state <-lruvec_stat_mod_folio
     cat-177       3...1. 8960us : __mod_memcg_lruvec_state <-lruvec_stat_mod_folio
     cat-177       3...2. 8960us : memcg_state_val_in_pages <-__mod_memcg_lruvec_state
     cat-177       3...2. 8960us : __css_rstat_updated <-__mod_memcg_lruvec_state
     cat-177       3...1. 8961us : __rcu_read_unlock <-__folio_mod_stat
     cat-177       3...1. 8961us : folio_add_lru_vma <-map_anon_folio_pte_nopf
     cat-177       3...1. 8961us : folio_add_lru <-map_anon_folio_pte_nopf
     cat-177       3...1. 8961us : __folio_batch_add_and_move <-map_anon_folio_pte_nopf
     cat-177       3...1. 8961us : _raw_spin_unlock <-do_anonymous_page
     cat-177       3..... 8961us : __rcu_read_unlock <-do_anonymous_page
     cat-177       3..... 8961us : __rcu_read_lock <-handle_mm_fault
     cat-177       3..... 8962us : mem_cgroup_from_task <-handle_mm_fault
     cat-177       3..... 8962us : count_memcg_events <-handle_mm_fault
     cat-177       3...1. 8962us : __css_rstat_updated <-count_memcg_events
     cat-177       3..... 8962us : __rcu_read_unlock <-handle_mm_fault
     cat-177       3..... 8964us : __x64_sys_open <-do_syscall_64
     cat-177       3..... 8964us : do_sys_openat2 <-__x64_sys_open
     cat-177       3..... 8964us : getname_flags <-do_sys_openat2
     cat-177       3..... 8964us : do_getname <-do_sys_openat2
     cat-177       3..... 8964us : kmem_cache_alloc_noprof <-do_getname
     cat-177       3..... 8965us : __check_object_size <-strncpy_from_user
     cat-177       3..... 8965us : check_stack_object <-__check_object_size
     cat-177       3..... 8965us : is_vmalloc_addr <-__check_object_size
     cat-177       3..... 8965us : __virt_addr_valid <-__check_object_size
     cat-177       3..... 8965us : __check_heap_object <-__check_object_size
     cat-177       3..... 8965us : get_unused_fd_flags <-do_sys_openat2
     cat-177       3..... 8966us : alloc_fd <-do_sys_openat2
     cat-177       3..... 8966us : _raw_spin_lock <-alloc_fd
     cat-177       3...1. 8966us : _raw_spin_unlock <-alloc_fd
     cat-177       3..... 8966us : do_file_open <-do_sys_openat2
     cat-177       3..... 8966us : path_openat <-do_file_open
     cat-177       3..... 8966us : alloc_empty_file <-path_openat
     cat-177       3..... 8967us : kmem_cache_alloc_noprof <-alloc_empty_file
     cat-177       3..... 8967us : init_file <-alloc_empty_file
     cat-177       3..... 8967us : security_file_alloc <-init_file
     cat-177       3..... 8967us : kmem_cache_alloc_noprof <-security_file_alloc
     cat-177       3..... 8967us : hook_file_alloc_security <-security_file_alloc
     cat-177       3..... 8967us : bpf_lsm_file_alloc_security <-security_file_alloc
     cat-177       3..... 8967us : mutex_init_generic <-init_file
     cat-177       3..... 8968us : path_init <-path_openat
     cat-177       3..... 8968us : __rcu_read_lock <-path_init
     cat-177       3..... 8968us : nd_jump_root <-path_init
     cat-177       3..... 8968us : set_root <-nd_jump_root
     cat-177       3..... 8968us : link_path_walk <-path_openat
     cat-177       3..... 8968us : security_inode_permission <-link_path_walk
     cat-177       3..... 8969us : bpf_lsm_inode_permission <-security_inode_permission
     cat-177       3..... 8969us : lookup_fast <-link_path_walk
     cat-177       3..... 8969us : __d_lookup_rcu <-lookup_fast
     cat-177       3..... 8969us : step_into_slowpath <-link_path_walk
     cat-177       3..... 8969us : __lookup_mnt <-step_into_slowpath
     cat-177       3..... 8970us : inode_permission <-link_path_walk
     cat-177       3..... 8970us : generic_permission <-inode_permission
     cat-177       3..... 8970us : security_inode_permission <-link_path_walk
     cat-177       3..... 8971us : bpf_lsm_inode_permission <-security_inode_permission
     cat-177       3..... 8971us : make_vfsuid <-link_path_walk
     cat-177       3..... 8971us : lookup_fast <-path_openat
     cat-177       3..... 8971us : __d_lookup_rcu <-lookup_fast
     cat-177       3d.... 8977us : irq_enter_rcu <-sysvec_apic_timer_interrupt
     cat-177       3d.h.. 8977us : irqtime_account_irq <-sysvec_apic_timer_interrupt
     cat-177       3d.h.. 8977us : __sysvec_apic_timer_interrupt <-sysvec_apic_timer_interrupt
     cat-177       3d.h.. 8977us : hrtimer_interrupt <-__sysvec_apic_timer_interrupt
     cat-177       3d.h.. 8978us : _raw_spin_lock_irqsave <-hrtimer_interrupt
     cat-177       3d.h1. 8978us : ktime_get_update_offsets_now <-hrtimer_interrupt
     cat-177       3d.h1. 8978us : __hrtimer_run_queues <-hrtimer_interrupt
     cat-177       3d.h1. 8978us : __remove_hrtimer <-__hrtimer_run_queues
     cat-177       3d.h1. 8978us : _raw_spin_unlock_irqrestore <-__hrtimer_run_queues
     cat-177       3d.h.. 8978us : tick_nohz_handler <-__hrtimer_run_queues
     cat-177       3d.h.. 8979us : ktime_get <-tick_nohz_handler
     cat-177       3d.h.. 8979us : update_process_times <-tick_nohz_handler
     cat-177       3d.h.. 8979us : account_process_tick <-update_process_times
     cat-177       3d.h.. 8979us : irqtime_account_process_tick <-update_process_times
     cat-177       3d.h.. 8979us : kvm_steal_clock <-irqtime_account_process_tick
     cat-177       3d.h.. 8979us : account_system_index_time <-update_process_times
     cat-177       3d.h.. 8980us : cpuacct_account_field <-account_system_index_time
     cat-177       3d.h.. 8980us : acct_account_cputime <-update_process_times
     cat-177       3d.h.. 8980us : hrtimer_run_queues <-update_process_times
     cat-177       3d.h.. 8980us : tmigr_requires_handle_remote <-update_process_times
     cat-177       3d.h.. 8980us : get_jiffies_update <-tmigr_requires_handle_remote
     cat-177       3d.h.. 8980us : rcu_sched_clock_irq <-update_process_times
     cat-177       3d.h.. 8981us : invoke_rcu_core <-rcu_sched_clock_irq
     cat-177       3d.h.. 8981us : raise_softirq <-rcu_sched_clock_irq
     cat-177       3d.h.. 8981us : sched_tick <-update_process_times
     cat-177       3d.h.. 8981us : arch_scale_freq_tick <-sched_tick
     cat-177       3d.h.. 8981us : raw_spin_rq_lock_nested <-sched_tick
     cat-177       3d.h1. 8982us : _raw_spin_lock <-raw_spin_rq_lock_nested
     cat-177       3d.h1. 8982us : psi_account_irqtime <-sched_tick
     cat-177       3d.h1. 8982us : record_times <-psi_account_irqtime
     cat-177       3d.h1. 8982us : update_rq_clock <-sched_tick
     cat-177       3d.h1. 8982us : kvm_steal_clock <-update_rq_clock
     cat-177       3d.h1. 8983us : update_irq_load_avg <-update_rq_clock
     cat-177       3d.h1. 8983us : arch_scale_cpu_capacity <-update_irq_load_avg
     cat-177       3d.h1. 8983us : arch_scale_cpu_capacity <-update_rq_clock
     cat-177       3d.h1. 8983us : task_tick_fair <-sched_tick
     cat-177       3d.h1. 8983us : update_curr <-task_tick_fair
     cat-177       3d.h1. 8983us : update_se <-update_curr
     cat-177       3d.h1. 8984us : cpuacct_charge <-update_se
     cat-177       3d.h1. 8984us : dl_server_update <-update_curr
     cat-177       3d.h1. 8984us : update_curr_dl_se <-update_curr
     cat-177       3d.h1. 8984us : __update_load_avg_se <-task_tick_fair
     cat-177       3d.h1. 8984us : __update_load_avg_cfs_rq <-update_cfs_rq_load_avg
     cat-177       3d.h1. 8985us : update_cfs_group <-task_tick_fair
     cat-177       3d.h1. 8985us : calc_global_load_tick <-sched_tick
     cat-177       3d.h1. 8985us : scx_tick <-sched_tick
     cat-177       3d.h1. 8985us : _raw_spin_unlock <-sched_tick
     cat-177       3d.h.. 8985us : perf_event_task_tick <-sched_tick
     cat-177       3d.h.. 8985us : perf_adjust_freq_unthr_context <-perf_event_task_tick
     cat-177       3d.h.. 8986us : __rcu_read_lock <-perf_event_task_tick
     cat-177       3d.h.. 8986us : __rcu_read_unlock <-sched_tick
     cat-177       3d.h.. 8986us : idle_cpu <-sched_tick
     cat-177       3d.h.. 8986us : sched_balance_trigger <-update_process_times
     cat-177       3d.h.. 8986us : nohz_balance_exit_idle <-sched_balance_trigger
     cat-177       3d.h.. 8986us : __rcu_read_lock <-nohz_balance_exit_idle
     cat-177       3d.h.. 8987us : __rcu_read_unlock <-sched_balance_trigger
     cat-177       3d.h.. 8987us : __rcu_read_lock <-sched_balance_trigger
     cat-177       3d.h.. 8987us : arch_scale_cpu_capacity <-sched_balance_trigger
     cat-177       3d.h.. 8987us : __rcu_read_unlock <-sched_balance_trigger
     cat-177       3d.h.. 8987us : housekeeping_cpumask <-sched_balance_trigger
     cat-177       3d.h.. 8987us : idle_cpu <-sched_balance_trigger
     cat-177       3d.h.. 8988us : smp_call_function_single_async <-update_process_times
     cat-177       3d.h1. 8988us : generic_exec_single <-smp_call_function_single_async
     cat-177       3d.h1. 8988us : __smp_call_single_queue <-generic_exec_single
     cat-177       3d.h1. 8988us : call_function_single_prep_ipi <-__smp_call_single_queue
     cat-177       3d.h1. 8988us : native_send_call_func_single_ipi <-generic_exec_single
     cat-177       3d.h1. 8988us : x2apic_send_IPI <-generic_exec_single
     cat-177       3d.h.. 8990us : run_posix_cpu_timers <-tick_nohz_handler
     cat-177       3d.h.. 8991us : profile_tick <-tick_nohz_handler
     cat-177       3d.h.. 8991us : profile_pc <-profile_tick
     cat-177       3d.h.. 8991us : hrtimer_forward <-tick_nohz_handler
     cat-177       3d.h.. 8991us : _raw_spin_lock_irq <-__hrtimer_run_queues
     cat-177       3d.h1. 8991us : enqueue_hrtimer <-__hrtimer_run_queues
     cat-177       3d.h1. 8992us : ktime_get_update_offsets_now <-hrtimer_interrupt
     cat-177       3d.h1. 8992us : hrtimer_update_next_event <-hrtimer_interrupt
     cat-177       3d.h1. 8992us : hrtimer_bases_first <-hrtimer_update_next_event
     cat-177       3d.h1. 8992us : _raw_spin_unlock_irqrestore <-__sysvec_apic_timer_interrupt
     cat-177       3d.h.. 8992us : irq_exit_rcu <-sysvec_apic_timer_interrupt
     cat-177       3d.h.. 8992us : irqtime_account_irq <-__irq_exit_rcu
     cat-177       3d.... 8993us : __hrtimer_rearm_deferred <-__irq_exit_rcu
     cat-177       3d.... 8993us : _raw_spin_lock <-__hrtimer_rearm_deferred
     cat-177       3d..1. 8993us : tick_program_event <-__hrtimer_rearm_deferred
     cat-177       3d..1. 8993us : clockevents_program_event <-__hrtimer_rearm_deferred
     cat-177       3d..1. 8993us : ktime_expiry_to_cycles <-clockevents_program_event
     cat-177       3d..1. 8993us : ktime_get <-clockevents_program_event
     cat-177       3d..1. 8993us : lapic_next_deadline <-clockevents_program_event
     cat-177       3d..1. 8995us : _raw_spin_unlock <-__irq_exit_rcu
     cat-177       3d.... 8995us : handle_softirqs <-__irq_exit_rcu
     cat-177       3d.s.. 8995us : irqtime_account_irq <-handle_softirqs
     cat-177       3..s.. 8995us : rcu_core_si <-handle_softirqs
     cat-177       3..s.. 8996us : rcu_core <-handle_softirqs
     cat-177       3..s.. 8996us : note_gp_changes <-rcu_core
     cat-177       3d.s.. 8996us : _raw_spin_trylock <-note_gp_changes
     cat-177       3d.s1. 8996us : __note_gp_changes <-note_gp_changes
     cat-177       3d.s1. 8996us : rcu_segcblist_pend_cbs <-__note_gp_changes
     cat-177       3d.s1. 8996us : rcu_segcblist_advance <-__note_gp_changes
     cat-177       3d.s1. 8997us : rcu_accelerate_cbs <-__note_gp_changes
     cat-177       3d.s1. 8997us : rcu_segcblist_pend_cbs <-rcu_accelerate_cbs
     cat-177       3d.s1. 8997us : rcu_segcblist_accelerate <-rcu_accelerate_cbs
     cat-177       3d.s1. 8997us : rcu_start_this_gp <-rcu_accelerate_cbs
     cat-177       3d.s1. 8997us : _raw_spin_unlock_irqrestore <-note_gp_changes
     cat-177       3..s.. 8997us : rcu_segcblist_ready_cbs <-rcu_core
     cat-177       3..s.. 8998us : do_nocb_deferred_wakeup.isra.0 <-rcu_core
     cat-177       3d.s.. 8998us : irqtime_account_irq <-handle_softirqs
     cat-177       3d.... 8998us : sched_core_idle_cpu <-__irq_exit_rcu
     cat-177       3d.... 8998us : raw_irqentry_exit_cond_resched <-irqentry_exit
     cat-177       3..... 8998us : proc_misc_d_revalidate <-lookup_fast
     cat-177       3..... 8999us : try_to_unlazy_next <-lookup_fast
     cat-177       3..... 8999us : __legitimize_mnt <-try_to_unlazy_next
     cat-177       3..... 8999us : __legitimize_path <-try_to_unlazy_next
     cat-177       3..... 8999us : __legitimize_mnt <-__legitimize_path
     cat-177       3..... 8999us : __rcu_read_unlock <-try_to_unlazy_next
     cat-177       3..... 8999us : proc_misc_d_revalidate <-lookup_fast
     cat-177       3..... 9000us : step_into_slowpath <-path_openat
     cat-177       3..... 9000us : dput <-step_into_slowpath
     cat-177       3..... 9000us : dput.part.0 <-step_into_slowpath
     cat-177       3..... 9000us : __rcu_read_lock <-dput.part.0
     cat-177       3..... 9000us : __rcu_read_unlock <-step_into_slowpath
     cat-177       3..... 9001us : complete_walk <-path_openat
     cat-177       3..... 9001us : may_open <-path_openat
     cat-177       3..... 9001us : inode_permission <-may_open
     cat-177       3..... 9001us : generic_permission <-inode_permission
     cat-177       3..... 9001us : security_inode_permission <-may_open
     cat-177       3..... 9001us : bpf_lsm_inode_permission <-security_inode_permission
     cat-177       3..... 9002us : vfs_open <-path_openat
     cat-177       3..... 9002us : do_dentry_open <-vfs_open
     cat-177       3..... 9002us : path_get <-do_dentry_open
     cat-177       3..... 9002us : mntget <-path_get
     cat-177       3..... 9002us : try_module_get <-do_dentry_open
     cat-177       3..... 9003us : security_file_open <-do_dentry_open
     cat-177       3..... 9003us : hook_file_open <-security_file_open
     cat-177       3..... 9003us : bpf_lsm_file_open <-security_file_open
     cat-177       3..... 9003us : fsnotify_open_perm_and_set_mode <-do_dentry_open
     cat-177       3..... 9003us : proc_reg_open <-do_dentry_open
     cat-177       3..... 9004us : proc_single_open <-do_dentry_open
     cat-177       3..... 9004us : single_open <-do_dentry_open
     cat-177       3..... 9004us : __kmalloc_cache_noprof <-single_open
     cat-177       3..... 9004us : kmem_cache_alloc_noprof <-single_open
     cat-177       3..... 9005us : mutex_init_generic <-single_open
     cat-177       3..... 9005us : file_ra_state_init <-do_dentry_open
     cat-177       3..... 9005us : inode_to_bdi <-file_ra_state_init
     cat-177       3..... 9005us : security_file_post_open <-path_openat
     cat-177       3..... 9005us : bpf_lsm_file_post_open <-security_file_post_open
     cat-177       3..... 9006us : terminate_walk <-path_openat
     cat-177       3..... 9006us : dput <-terminate_walk
     cat-177       3..... 9006us : dput.part.0 <-terminate_walk
     cat-177       3..... 9006us : __rcu_read_lock <-dput.part.0
     cat-177       3..... 9006us : __rcu_read_unlock <-terminate_walk
     cat-177       3..... 9006us : mntput <-terminate_walk
     cat-177       3..... 9006us : __rcu_read_lock <-mntput
     cat-177       3..... 9007us : __rcu_read_unlock <-terminate_walk
     cat-177       3..... 9007us : dput <-terminate_walk
     cat-177       3..... 9007us : dput.part.0 <-terminate_walk
     cat-177       3..... 9007us : __rcu_read_lock <-dput.part.0
     cat-177       3..... 9007us : __rcu_read_unlock <-terminate_walk
     cat-177       3..... 9008us : mntput <-terminate_walk
     cat-177       3..... 9008us : __rcu_read_lock <-mntput
     cat-177       3..... 9008us : __rcu_read_unlock <-terminate_walk
     cat-177       3..... 9008us : fd_install <-do_sys_openat2
     cat-177       3..... 9008us : putname <-do_sys_openat2
     cat-177       3..... 9008us : kmem_cache_free <-do_sys_openat2
     cat-177       3..... 9009us : __x64_sys_sendfile64 <-do_syscall_64
     cat-177       3..... 9009us : do_sendfile <-__x64_sys_sendfile64
     cat-177       3..... 9010us : fdget <-do_sendfile
     cat-177       3..... 9010us : rw_verify_area <-do_sendfile
     cat-177       3..... 9010us : security_file_permission <-rw_verify_area
     cat-177       3..... 9010us : bpf_lsm_file_permission <-security_file_permission
     cat-177       3..... 9010us : fdget <-do_sendfile
     cat-177       3..... 9011us : get_pipe_info <-do_sendfile
     cat-177       3..... 9011us : rw_verify_area <-do_sendfile
     cat-177       3..... 9011us : security_file_permission <-rw_verify_area
     cat-177       3..... 9011us : bpf_lsm_file_permission <-security_file_permission
     cat-177       3..... 9011us : do_splice_direct <-do_sendfile
     cat-177       3..... 9011us : splice_direct_to_actor <-do_splice_direct
     cat-177       3..... 9012us : alloc_pipe_info <-splice_direct_to_actor
     cat-177       3..... 9012us : __kmalloc_cache_noprof <-alloc_pipe_info
     cat-177       3..... 9012us : __kmalloc_noprof <-alloc_pipe_info
     cat-177       3..... 9013us : __init_waitqueue_head <-alloc_pipe_info
     cat-177       3..... 9013us : __init_waitqueue_head <-alloc_pipe_info
     cat-177       3..... 9013us : mutex_init_generic <-alloc_pipe_info
     cat-177       3..... 9013us : do_splice_read <-splice_direct_to_actor
     cat-177       3..... 9013us : copy_splice_read <-splice_direct_to_actor
     cat-177       3..... 9013us : __kmalloc_noprof <-copy_splice_read
     cat-177       3..... 9014us : alloc_pages_bulk_noprof <-copy_splice_read
     cat-177       3...1. 9014us : _raw_spin_trylock <-alloc_pages_bulk_noprof
     cat-177       3...2. 9014us : kernel_init_pages <-alloc_pages_bulk_noprof
     cat-177       3...2. 9014us : kernel_init_pages <-alloc_pages_bulk_noprof
     cat-177       3...2. 9015us : kernel_init_pages <-alloc_pages_bulk_noprof
     cat-177       3...2. 9015us : kernel_init_pages <-alloc_pages_bulk_noprof
     cat-177       3...2. 9015us : kernel_init_pages <-alloc_pages_bulk_noprof
     cat-177       3...2. 9016us : kernel_init_pages <-alloc_pages_bulk_noprof
     cat-177       3...2. 9016us : kernel_init_pages <-alloc_pages_bulk_noprof
     cat-177       3...2. 9016us : kernel_init_pages <-alloc_pages_bulk_noprof
     cat-177       3...2. 9017us : kernel_init_pages <-alloc_pages_bulk_noprof
     cat-177       3...2. 9017us : kernel_init_pages <-alloc_pages_bulk_noprof
     cat-177       3...2. 9018us : kernel_init_pages <-alloc_pages_bulk_noprof
     cat-177       3...2. 9018us : kernel_init_pages <-alloc_pages_bulk_noprof
     cat-177       3...2. 9018us : kernel_init_pages <-alloc_pages_bulk_noprof
     cat-177       3...2. 9019us : kernel_init_pages <-alloc_pages_bulk_noprof
     cat-177       3...2. 9019us : kernel_init_pages <-alloc_pages_bulk_noprof
     cat-177       3...2. 9020us : kernel_init_pages <-alloc_pages_bulk_noprof
     cat-177       3...2. 9020us : _raw_spin_unlock <-alloc_pages_bulk_noprof
     cat-177       3..... 9020us : proc_reg_read_iter <-copy_splice_read
     cat-177       3..... 9021us : seq_read_iter <-copy_splice_read
     cat-177       3..... 9021us : mutex_lock <-seq_read_iter
     cat-177       3..... 9021us : __kvmalloc_node_noprof <-seq_read_iter
     cat-177       3..... 9022us : single_start <-seq_read_iter
     cat-177       3..... 9022us : version_proc_show <-seq_read_iter
     cat-177       3..... 9022us : seq_printf <-version_proc_show
     cat-177       3..... 9023us : single_next <-seq_read_iter
     cat-177       3..... 9024us : single_stop <-seq_read_iter
     cat-177       3..... 9024us : __check_object_size <-seq_read_iter
     cat-177       3..... 9024us : check_stack_object <-__check_object_size
     cat-177       3..... 9024us : is_vmalloc_addr <-__check_object_size
     cat-177       3..... 9024us : __virt_addr_valid <-__check_object_size
     cat-177       3..... 9024us : __check_heap_object <-__check_object_size
     cat-177       3..... 9025us : mutex_unlock <-seq_read_iter
     cat-177       3..... 9025us : release_pages <-copy_splice_read
     cat-177       3..... 9025us : folios_put_refs <-release_pages
     cat-177       3..... 9025us : __mem_cgroup_uncharge_folios <-folios_put_refs
     cat-177       3..... 9025us : uncharge_folio <-__mem_cgroup_uncharge_folios
     cat-177       3..... 9026us : uncharge_folio <-__mem_cgroup_uncharge_folios
     cat-177       3..... 9026us : uncharge_folio <-__mem_cgroup_uncharge_folios
     cat-177       3..... 9026us : uncharge_folio <-__mem_cgroup_uncharge_folios
     cat-177       3..... 9026us : uncharge_folio <-__mem_cgroup_uncharge_folios
     cat-177       3..... 9026us : uncharge_folio <-__mem_cgroup_uncharge_folios
     cat-177       3..... 9026us : uncharge_folio <-__mem_cgroup_uncharge_folios
     cat-177       3..... 9026us : uncharge_folio <-__mem_cgroup_uncharge_folios
     cat-177       3..... 9027us : uncharge_folio <-__mem_cgroup_uncharge_folios
     cat-177       3..... 9027us : uncharge_folio <-__mem_cgroup_uncharge_folios
     cat-177       3..... 9027us : uncharge_folio <-__mem_cgroup_uncharge_folios
     cat-177       3..... 9027us : uncharge_folio <-__mem_cgroup_uncharge_folios
     cat-177       3..... 9027us : uncharge_folio <-__mem_cgroup_uncharge_folios
     cat-177       3..... 9027us : uncharge_folio <-__mem_cgroup_uncharge_folios
     cat-177       3..... 9027us : uncharge_folio <-__mem_cgroup_uncharge_folios
     cat-177       3..... 9028us : free_unref_folios <-folios_put_refs
     cat-177       3...1. 9028us : _raw_spin_trylock <-free_unref_folios
     cat-177       3...2. 9028us : free_frozen_page_commit <-free_unref_folios
     cat-177       3...2. 9028us : free_frozen_page_commit <-free_unref_folios
     cat-177       3...2. 9028us : free_frozen_page_commit <-free_unref_folios
     cat-177       3...2. 9028us : free_frozen_page_commit <-free_unref_folios
     cat-177       3...2. 9029us : free_frozen_page_commit <-free_unref_folios
     cat-177       3...2. 9029us : free_frozen_page_commit <-free_unref_folios
     cat-177       3...2. 9029us : free_frozen_page_commit <-free_unref_folios
     cat-177       3...2. 9029us : free_frozen_page_commit <-free_unref_folios
     cat-177       3...2. 9029us : free_frozen_page_commit <-free_unref_folios
     cat-177       3...2. 9029us : free_frozen_page_commit <-free_unref_folios
     cat-177       3...2. 9029us : free_frozen_page_commit <-free_unref_folios
     cat-177       3...2. 9029us : free_frozen_page_commit <-free_unref_folios
     cat-177       3...2. 9030us : free_frozen_page_commit <-free_unref_folios
     cat-177       3...2. 9030us : free_frozen_page_commit <-free_unref_folios
     cat-177       3...2. 9030us : free_frozen_page_commit <-free_unref_folios
     cat-177       3...2. 9030us : _raw_spin_unlock <-free_unref_folios
     cat-177       3..... 9030us : kfree <-copy_splice_read
     cat-177       3..... 9030us : direct_splice_actor <-splice_direct_to_actor
     cat-177       3..... 9031us : splice_write_null <-direct_splice_actor
     cat-177       3..... 9031us : splice_from_pipe <-direct_splice_actor
     cat-177       3..... 9031us : pipe_lock <-splice_from_pipe
     cat-177       3..... 9031us : __splice_from_pipe <-splice_from_pipe
     cat-177       3..... 9031us : splice_from_pipe_next <-__splice_from_pipe
     cat-177       3..... 9031us : pipe_to_null <-__splice_from_pipe
     cat-177       3..... 9032us : generic_pipe_buf_release <-__splice_from_pipe
     cat-177       3..... 9032us : __folio_put <-__splice_from_pipe
     cat-177       3..... 9032us : __mem_cgroup_uncharge <-__folio_put
     cat-177       3..... 9032us : free_frozen_pages <-__splice_from_pipe
     cat-177       3..... 9032us : __free_frozen_pages <-__splice_from_pipe
     cat-177       3..... 9032us : __get_pfnblock_flags_mask.isra.0 <-__free_frozen_pages
     cat-177       3...1. 9032us : _raw_spin_trylock <-__free_frozen_pages
     cat-177       3...2. 9033us : free_frozen_page_commit <-__free_frozen_pages
     cat-177       3...2. 9033us : _raw_spin_unlock <-__free_frozen_pages
     cat-177       3..... 9033us : pipe_unlock <-splice_from_pipe
     cat-177       3..... 9033us : do_splice_read <-splice_direct_to_actor
     cat-177       3..... 9033us : copy_splice_read <-splice_direct_to_actor
     cat-177       3..... 9033us : __kmalloc_noprof <-copy_splice_read
     cat-177       3..... 9034us : alloc_pages_bulk_noprof <-copy_splice_read
     cat-177       3...1. 9034us : _raw_spin_trylock <-alloc_pages_bulk_noprof
     cat-177       3...2. 9034us : kernel_init_pages <-alloc_pages_bulk_noprof
     cat-177       3...2. 9034us : kernel_init_pages <-alloc_pages_bulk_noprof
     cat-177       3...2. 9034us : kernel_init_pages <-alloc_pages_bulk_noprof
     cat-177       3...2. 9034us : kernel_init_pages <-alloc_pages_bulk_noprof
     cat-177       3...2. 9035us : kernel_init_pages <-alloc_pages_bulk_noprof
     cat-177       3...2. 9035us : kernel_init_pages <-alloc_pages_bulk_noprof
     cat-177       3...2. 9035us : kernel_init_pages <-alloc_pages_bulk_noprof
     cat-177       3...2. 9035us : kernel_init_pages <-alloc_pages_bulk_noprof
     cat-177       3...2. 9035us : kernel_init_pages <-alloc_pages_bulk_noprof
     cat-177       3...2. 9035us : kernel_init_pages <-alloc_pages_bulk_noprof
     cat-177       3...2. 9036us : kernel_init_pages <-alloc_pages_bulk_noprof
     cat-177       3...2. 9036us : kernel_init_pages <-alloc_pages_bulk_noprof
     cat-177       3...2. 9036us : kernel_init_pages <-alloc_pages_bulk_noprof
     cat-177       3...2. 9036us : kernel_init_pages <-alloc_pages_bulk_noprof
     cat-177       3...2. 9036us : kernel_init_pages <-alloc_pages_bulk_noprof
     cat-177       3...2. 9036us : kernel_init_pages <-alloc_pages_bulk_noprof
     cat-177       3...2. 9037us : _raw_spin_unlock <-alloc_pages_bulk_noprof
     cat-177       3..... 9037us : proc_reg_read_iter <-copy_splice_read
     cat-177       3..... 9037us : seq_read_iter <-copy_splice_read
     cat-177       3..... 9037us : mutex_lock <-seq_read_iter
     cat-177       3..... 9037us : single_start <-seq_read_iter
     cat-177       3..... 9037us : single_stop <-seq_read_iter
     cat-177       3..... 9038us : mutex_unlock <-seq_read_iter
     cat-177       3..... 9038us : release_pages <-copy_splice_read
     cat-177       3..... 9038us : folios_put_refs <-release_pages
     cat-177       3..... 9038us : __mem_cgroup_uncharge_folios <-folios_put_refs
     cat-177       3..... 9038us : uncharge_folio <-__mem_cgroup_uncharge_folios
     cat-177       3..... 9038us : uncharge_folio <-__mem_cgroup_uncharge_folios
     cat-177       3..... 9038us : uncharge_folio <-__mem_cgroup_uncharge_folios
     cat-177       3..... 9039us : uncharge_folio <-__mem_cgroup_uncharge_folios
     cat-177       3..... 9039us : uncharge_folio <-__mem_cgroup_uncharge_folios
     cat-177       3..... 9039us : uncharge_folio <-__mem_cgroup_uncharge_folios
     cat-177       3..... 9039us : uncharge_folio <-__mem_cgroup_uncharge_folios
     cat-177       3..... 9039us : uncharge_folio <-__mem_cgroup_uncharge_folios
     cat-177       3..... 9039us : uncharge_folio <-__mem_cgroup_uncharge_folios
     cat-177       3..... 9039us : uncharge_folio <-__mem_cgroup_uncharge_folios
     cat-177       3..... 9040us : uncharge_folio <-__mem_cgroup_uncharge_folios
     cat-177       3..... 9040us : uncharge_folio <-__mem_cgroup_uncharge_folios
     cat-177       3..... 9040us : uncharge_folio <-__mem_cgroup_uncharge_folios
     cat-177       3..... 9040us : uncharge_folio <-__mem_cgroup_uncharge_folios
     cat-177       3..... 9040us : uncharge_folio <-__mem_cgroup_uncharge_folios
     cat-177       3..... 9040us : uncharge_folio <-__mem_cgroup_uncharge_folios
     cat-177       3..... 9040us : free_unref_folios <-folios_put_refs
     cat-177       3...1. 9041us : _raw_spin_trylock <-free_unref_folios
     cat-177       3...2. 9041us : free_frozen_page_commit <-free_unref_folios
     cat-177       3...2. 9041us : free_frozen_page_commit <-free_unref_folios
     cat-177       3...2. 9041us : free_frozen_page_commit <-free_unref_folios
     cat-177       3...2. 9041us : free_frozen_page_commit <-free_unref_folios
     cat-177       3...2. 9041us : free_frozen_page_commit <-free_unref_folios
     cat-177       3...2. 9041us : free_frozen_page_commit <-free_unref_folios
     cat-177       3...2. 9041us : free_frozen_page_commit <-free_unref_folios
     cat-177       3...2. 9042us : free_frozen_page_commit <-free_unref_folios
     cat-177       3...2. 9042us : free_frozen_page_commit <-free_unref_folios
     cat-177       3...2. 9042us : free_frozen_page_commit <-free_unref_folios
     cat-177       3...2. 9042us : free_frozen_page_commit <-free_unref_folios
     cat-177       3...2. 9042us : free_frozen_page_commit <-free_unref_folios
     cat-177       3...2. 9042us : free_frozen_page_commit <-free_unref_folios
     cat-177       3...2. 9042us : free_frozen_page_commit <-free_unref_folios
     cat-177       3...2. 9043us : free_frozen_page_commit <-free_unref_folios
     cat-177       3...2. 9043us : free_frozen_page_commit <-free_unref_folios
     cat-177       3...2. 9043us : _raw_spin_unlock <-free_unref_folios
     cat-177       3..... 9043us : kfree <-copy_splice_read
     cat-177       3..... 9043us : touch_atime <-splice_direct_to_actor
     cat-177       3..... 9043us : atime_needs_update <-touch_atime
     cat-177       3..... 9044us : make_vfsuid <-atime_needs_update
     cat-177       3..... 9044us : make_vfsgid <-atime_needs_update
     cat-177       3..... 9044us : current_time <-atime_needs_update
     cat-177       3..... 9044us : ktime_get_coarse_real_ts64_mg <-current_time
     cat-177       3..... 9045us : __x64_sys_sendfile64 <-do_syscall_64
     cat-177       3..... 9045us : do_sendfile <-__x64_sys_sendfile64
     cat-177       3..... 9045us : fdget <-do_sendfile
     cat-177       3..... 9045us : rw_verify_area <-do_sendfile
     cat-177       3..... 9045us : security_file_permission <-rw_verify_area
     cat-177       3..... 9045us : bpf_lsm_file_permission <-security_file_permission
     cat-177       3..... 9046us : fdget <-do_sendfile
     cat-177       3..... 9046us : get_pipe_info <-do_sendfile
     cat-177       3..... 9046us : rw_verify_area <-do_sendfile
     cat-177       3..... 9046us : security_file_permission <-rw_verify_area
     cat-177       3..... 9046us : bpf_lsm_file_permission <-security_file_permission
     cat-177       3..... 9046us : do_splice_direct <-do_sendfile
     cat-177       3..... 9046us : splice_direct_to_actor <-do_splice_direct
     cat-177       3..... 9047us : do_splice_read <-splice_direct_to_actor
     cat-177       3..... 9047us : copy_splice_read <-splice_direct_to_actor
     cat-177       3..... 9047us : __kmalloc_noprof <-copy_splice_read
     cat-177       3..... 9047us : alloc_pages_bulk_noprof <-copy_splice_read
     cat-177       3...1. 9047us : _raw_spin_trylock <-alloc_pages_bulk_noprof
     cat-177       3...2. 9047us : kernel_init_pages <-alloc_pages_bulk_noprof
     cat-177       3...2. 9048us : kernel_init_pages <-alloc_pages_bulk_noprof
     cat-177       3...2. 9048us : kernel_init_pages <-alloc_pages_bulk_noprof
     cat-177       3...2. 9048us : kernel_init_pages <-alloc_pages_bulk_noprof
     cat-177       3...2. 9048us : kernel_init_pages <-alloc_pages_bulk_noprof
     cat-177       3...2. 9048us : kernel_init_pages <-alloc_pages_bulk_noprof
     cat-177       3...2. 9048us : kernel_init_pages <-alloc_pages_bulk_noprof
     cat-177       3...2. 9049us : kernel_init_pages <-alloc_pages_bulk_noprof
     cat-177       3...2. 9049us : kernel_init_pages <-alloc_pages_bulk_noprof
     cat-177       3...2. 9049us : kernel_init_pages <-alloc_pages_bulk_noprof
     cat-177       3...2. 9049us : kernel_init_pages <-alloc_pages_bulk_noprof
     cat-177       3...2. 9049us : kernel_init_pages <-alloc_pages_bulk_noprof
     cat-177       3...2. 9049us : kernel_init_pages <-alloc_pages_bulk_noprof
     cat-177       3...2. 9050us : kernel_init_pages <-alloc_pages_bulk_noprof
     cat-177       3...2. 9050us : kernel_init_pages <-alloc_pages_bulk_noprof
     cat-177       3...2. 9050us : kernel_init_pages <-alloc_pages_bulk_noprof
     cat-177       3...2. 9050us : _raw_spin_unlock <-alloc_pages_bulk_noprof
     cat-177       3..... 9050us : proc_reg_read_iter <-copy_splice_read
     cat-177       3..... 9051us : seq_read_iter <-copy_splice_read
     cat-177       3..... 9051us : mutex_lock <-seq_read_iter
     cat-177       3..... 9051us : single_start <-seq_read_iter
     cat-177       3..... 9051us : single_stop <-seq_read_iter
     cat-177       3..... 9051us : mutex_unlock <-seq_read_iter
     cat-177       3..... 9051us : release_pages <-copy_splice_read
     cat-177       3..... 9051us : folios_put_refs <-release_pages
     cat-177       3..... 9052us : __mem_cgroup_uncharge_folios <-folios_put_refs
     cat-177       3..... 9052us : uncharge_folio <-__mem_cgroup_uncharge_folios
     cat-177       3..... 9052us : uncharge_folio <-__mem_cgroup_uncharge_folios
     cat-177       3..... 9052us : uncharge_folio <-__mem_cgroup_uncharge_folios
     cat-177       3..... 9052us : uncharge_folio <-__mem_cgroup_uncharge_folios
     cat-177       3..... 9052us : uncharge_folio <-__mem_cgroup_uncharge_folios
     cat-177       3..... 9052us : uncharge_folio <-__mem_cgroup_uncharge_folios
     cat-177       3..... 9053us : uncharge_folio <-__mem_cgroup_uncharge_folios
     cat-177       3..... 9053us : uncharge_folio <-__mem_cgroup_uncharge_folios
     cat-177       3..... 9053us : uncharge_folio <-__mem_cgroup_uncharge_folios
     cat-177       3..... 9053us : uncharge_folio <-__mem_cgroup_uncharge_folios
     cat-177       3..... 9053us : uncharge_folio <-__mem_cgroup_uncharge_folios
     cat-177       3..... 9053us : uncharge_folio <-__mem_cgroup_uncharge_folios
     cat-177       3..... 9053us : uncharge_folio <-__mem_cgroup_uncharge_folios
     cat-177       3..... 9053us : uncharge_folio <-__mem_cgroup_uncharge_folios
     cat-177       3..... 9054us : uncharge_folio <-__mem_cgroup_uncharge_folios
     cat-177       3..... 9054us : uncharge_folio <-__mem_cgroup_uncharge_folios
     cat-177       3..... 9054us : free_unref_folios <-folios_put_refs
     cat-177       3...1. 9054us : _raw_spin_trylock <-free_unref_folios
     cat-177       3...2. 9054us : free_frozen_page_commit <-free_unref_folios
     cat-177       3...2. 9054us : free_frozen_page_commit <-free_unref_folios
     cat-177       3...2. 9055us : free_frozen_page_commit <-free_unref_folios
     cat-177       3...2. 9055us : free_frozen_page_commit <-free_unref_folios
     cat-177       3...2. 9055us : free_frozen_page_commit <-free_unref_folios
     cat-177       3...2. 9055us : free_frozen_page_commit <-free_unref_folios
     cat-177       3...2. 9055us : free_frozen_page_commit <-free_unref_folios
     cat-177       3...2. 9055us : free_frozen_page_commit <-free_unref_folios
     cat-177       3...2. 9055us : free_frozen_page_commit <-free_unref_folios
     cat-177       3...2. 9055us : free_frozen_page_commit <-free_unref_folios
     cat-177       3...2. 9056us : free_frozen_page_commit <-free_unref_folios
     cat-177       3...2. 9056us : free_frozen_page_commit <-free_unref_folios
     cat-177       3...2. 9056us : free_frozen_page_commit <-free_unref_folios
     cat-177       3...2. 9056us : free_frozen_page_commit <-free_unref_folios
     cat-177       3...2. 9056us : free_frozen_page_commit <-free_unref_folios
     cat-177       3...2. 9056us : free_frozen_page_commit <-free_unref_folios
     cat-177       3...2. 9056us : _raw_spin_unlock <-free_unref_folios
     cat-177       3..... 9057us : kfree <-copy_splice_read
     cat-177       3..... 9057us : touch_atime <-splice_direct_to_actor
     cat-177       3..... 9057us : atime_needs_update <-touch_atime
     cat-177       3..... 9057us : make_vfsuid <-atime_needs_update
     cat-177       3..... 9057us : make_vfsgid <-atime_needs_update
     cat-177       3..... 9057us : current_time <-atime_needs_update
     cat-177       3..... 9058us : ktime_get_coarse_real_ts64_mg <-current_time
     cat-177       3..... 9058us : __x64_sys_close <-do_syscall_64
     cat-177       3..... 9058us : file_close_fd <-__x64_sys_close
     cat-177       3..... 9059us : _raw_spin_lock <-file_close_fd
     cat-177       3...1. 9059us : file_close_fd_locked <-file_close_fd
     cat-177       3...1. 9059us : _raw_spin_unlock <-file_close_fd
     cat-177       3..... 9059us : filp_flush <-__x64_sys_close
     cat-177       3..... 9059us : dnotify_flush <-filp_flush
     cat-177       3..... 9059us : locks_remove_posix <-filp_flush
     cat-177       3..... 9060us : fput_close_sync <-__x64_sys_close
     cat-177       3..... 9060us : __fput <-__x64_sys_close
     cat-177       3..... 9060us : locks_remove_file <-__fput
     cat-177       3..... 9060us : security_file_release <-__fput
     cat-177       3..... 9060us : bpf_lsm_file_release <-security_file_release
     cat-177       3..... 9061us : proc_reg_release <-__fput
     cat-177       3..... 9061us : single_release <-__fput
     cat-177       3..... 9061us : kvfree <-single_release
     cat-177       3..... 9061us : is_vmalloc_addr <-kvfree
     cat-177       3..... 9061us : kfree <-single_release
     cat-177       3..... 9061us : kmem_cache_free <-single_release
     cat-177       3..... 9062us : kfree <-single_release
     cat-177       3..... 9062us : module_put <-__fput
     cat-177       3..... 9062us : file_f_owner_release <-__fput
     cat-177       3..... 9062us : dput <-__fput
     cat-177       3..... 9062us : dput.part.0 <-__fput
     cat-177       3..... 9062us : __rcu_read_lock <-dput.part.0
     cat-177       3..... 9063us : _raw_spin_lock <-dput.part.0
     cat-177       3...1. 9063us : proc_misc_d_delete <-dput.part.0
     cat-177       3...1. 9063us : _raw_spin_unlock <-dput.part.0
     cat-177       3..... 9063us : __rcu_read_unlock <-__fput
     cat-177       3..... 9063us : mntput <-__fput
     cat-177       3..... 9063us : __rcu_read_lock <-mntput
     cat-177       3..... 9063us : __rcu_read_unlock <-__fput
     cat-177       3..... 9064us : security_file_free <-__fput
     cat-177       3..... 9064us : hook_file_free_security <-security_file_free
     cat-177       3..... 9064us : put_pid <-hook_file_free_security
     cat-177       3..... 9064us : landlock_put_ruleset_deferred <-security_file_free
     cat-177       3..... 9064us : bpf_lsm_file_free_security <-security_file_free
     cat-177       3..... 9064us : kmem_cache_free <-__fput
     cat-177       3..... 9064us : kmem_cache_free <-__x64_sys_close
     cat-177       3..... 9066us : __x64_sys_exit_group <-x64_sys_call
     cat-177       3..... 9066us : do_group_exit <-__x64_sys_exit_group
     cat-177       3..... 9066us : _raw_spin_lock_irq <-do_group_exit
     cat-177       3d..1. 9066us : zap_other_threads <-do_group_exit
     cat-177       3d..1. 9066us : _raw_spin_unlock_irq <-do_group_exit
     cat-177       3..... 9066us : do_exit <-do_group_exit
     cat-177       3..... 9067us : _raw_spin_lock_irq <-do_exit
     cat-177       3d..1. 9067us : _raw_spin_unlock_irq <-do_exit
     cat-177       3..... 9067us : sched_mm_cid_exit <-do_exit
     cat-177       3..... 9067us : mutex_lock <-sched_mm_cid_exit
     cat-177       3..... 9067us : _raw_spin_lock_irq <-sched_mm_cid_exit
     cat-177       3d..1. 9067us : sched_mm_cid_remove_user <-sched_mm_cid_exit
     cat-177       3d..1. 9067us : mm_update_max_cids <-sched_mm_cid_exit
     cat-177       3d..1. 9068us : _raw_spin_unlock_irq <-sched_mm_cid_exit
     cat-177       3..... 9068us : mutex_unlock <-sched_mm_cid_exit
     cat-177       3..... 9068us : cancel_work_sync <-do_exit
     cat-177       3..... 9068us : __cancel_work <-cancel_work_sync
     cat-177       3..... 9068us : try_to_grab_pending <-__cancel_work
     cat-177       3..... 9068us : __flush_work <-cancel_work_sync
     cat-177       3..... 9068us : __rcu_read_lock <-__flush_work
     cat-177       3..... 9069us : __rcu_read_unlock <-__flush_work
     cat-177       3..... 9069us : enable_work <-cancel_work_sync
     cat-177       3..... 9069us : try_to_grab_pending <-enable_work
     cat-177       3..... 9069us : exit_signals <-do_exit
     cat-177       3..... 9069us : seccomp_filter_release <-do_exit
     cat-177       3..... 9070us : acct_update_integrals <-do_exit
     cat-177       3d.... 9070us : task_cputime <-acct_update_integrals
     cat-177       3..... 9070us : hrtimer_cancel <-do_exit
     cat-177       3..... 9070us : hrtimer_active <-hrtimer_cancel
     cat-177       3..... 9070us : exit_itimers <-do_exit
     cat-177       3..... 9070us : acct_collect <-do_exit
     cat-177       3..... 9071us : down_read <-acct_collect
     cat-177       3..... 9071us : up_read <-acct_collect
     cat-177       3..... 9071us : _raw_spin_lock_irq <-acct_collect
     cat-177       3d..1. 9071us : task_cputime <-acct_collect
     cat-177       3d..1. 9072us : _raw_spin_unlock_irq <-acct_collect
     cat-177       3..... 9072us : tty_audit_exit <-do_exit
     cat-177       3..... 9072us : taskstats_exit <-do_exit
     cat-177       3..... 9072us : perf_event_exit_task <-do_exit
     cat-177       3..... 9072us : mutex_lock <-perf_event_exit_task
     cat-177       3..... 9072us : mutex_unlock <-perf_event_exit_task
     cat-177       3..... 9073us : perf_event_exit_task_context <-perf_event_exit_task
     cat-177       3..... 9073us : perf_lock_task_context <-perf_event_exit_task_context
     cat-177       3d.... 9073us : __rcu_read_lock <-perf_lock_task_context
     cat-177       3d.... 9073us : __rcu_read_unlock <-perf_lock_task_context
     cat-177       3..... 9073us : perf_event_task <-perf_event_exit_task
     cat-177       3..... 9073us : detach_task_ctx_data <-do_exit
     cat-177       3..... 9073us : __rcu_read_lock <-detach_task_ctx_data
     cat-177       3..... 9074us : __rcu_read_unlock <-do_exit
     cat-177       3..... 9074us : unwind_deferred_task_exit <-do_exit
     cat-177       3..... 9074us : exit_mm_release <-do_exit
     cat-177       3..... 9074us : futex_exit_release <-exit_mm_release
     cat-177       3..... 9074us : mutex_lock <-futex_exit_release
     cat-177       3..... 9074us : _raw_spin_lock_irq <-futex_exit_release
     cat-177       3d..1. 9075us : _raw_spin_unlock_irq <-futex_exit_release
     cat-177       3..... 9075us : futex_cleanup <-futex_exit_release
     cat-177       3..... 9075us : mutex_unlock <-exit_mm_release
     cat-177       3..... 9075us : mm_release <-do_exit
     cat-177       3..... 9075us : uprobe_free_utask <-mm_release
     cat-177       3..... 9075us : shstk_free <-mm_release
     cat-177       3..... 9076us : down_read <-do_exit
     cat-177       3..... 9076us : _raw_spin_lock <-do_exit
     cat-177       3d..1. 9076us : membarrier_update_current_mm <-do_exit
     cat-177       3...1. 9076us : _raw_spin_unlock <-do_exit
     cat-177       3..... 9076us : up_read <-do_exit
     cat-177       3..... 9076us : mm_update_next_owner <-do_exit
     cat-177       3..... 9077us : mmput <-do_exit
     cat-177       3..... 9077us : uprobe_clear_state <-__mmput
     cat-177       3..... 9077us : mutex_lock <-uprobe_clear_state
     cat-177       3..... 9077us : delayed_uprobe_remove.part.0 <-uprobe_clear_state
     cat-177       3..... 9077us : mutex_unlock <-uprobe_clear_state
     cat-177       3..... 9077us : arch_uprobe_clear_state <-uprobe_clear_state
     cat-177       3..... 9077us : exit_aio <-__mmput
     cat-177       3..... 9078us : exit_mmap <-__mmput
     cat-177       3..... 9078us : down_read <-exit_mmap
     cat-177       3..... 9078us : ldt_arch_exit_mmap <-exit_mmap
     cat-177       3..... 9078us : free_ldt_pgtables <-exit_mmap
     cat-177       3..... 9078us : tlb_gather_mmu_fullmm <-exit_mmap
     cat-177       3..... 9078us : unmap_vmas <-exit_mmap
     cat-177       3..... 9079us : __zap_vma_range <-unmap_vmas
     cat-177       3..... 9079us : pte_offset_map_lock <-__zap_vma_range
     cat-177       3..... 9079us : __pte_offset_map <-pte_offset_map_lock
     cat-177       3..... 9079us : __rcu_read_lock <-__pte_offset_map
     cat-177       3..... 9079us : _raw_spin_lock <-pte_offset_map_lock
     cat-177       3...1. 9079us : flush_tlb_batched_pending <-__zap_vma_range
     cat-177       3...1. 9080us : _raw_spin_unlock <-__zap_vma_range
     cat-177       3..... 9080us : __rcu_read_unlock <-__zap_vma_range
     cat-177       3..... 9080us : __zap_vma_range <-unmap_vmas
     cat-177       3..... 9080us : pte_offset_map_lock <-__zap_vma_range
     cat-177       3..... 9080us : __pte_offset_map <-pte_offset_map_lock
     cat-177       3..... 9080us : __rcu_read_lock <-__pte_offset_map
     cat-177       3..... 9080us : _raw_spin_lock <-pte_offset_map_lock
     cat-177       3...1. 9081us : flush_tlb_batched_pending <-__zap_vma_range
     cat-177       3...1. 9081us : _raw_spin_unlock <-__zap_vma_range
     cat-177       3..... 9081us : __rcu_read_unlock <-__zap_vma_range
     cat-177       3..... 9081us : __zap_vma_range <-unmap_vmas
     cat-177       3..... 9081us : pte_offset_map_lock <-__zap_vma_range
     cat-177       3..... 9081us : __pte_offset_map <-pte_offset_map_lock
     cat-177       3..... 9081us : __rcu_read_lock <-__pte_offset_map
     cat-177       3..... 9082us : _raw_spin_lock <-pte_offset_map_lock
     cat-177       3...1. 9082us : flush_tlb_batched_pending <-__zap_vma_range
     cat-177       3...1. 9082us : _raw_spin_unlock <-__zap_vma_range
     cat-177       3..... 9082us : __rcu_read_unlock <-__zap_vma_range
     cat-177       3..... 9082us : __zap_vma_range <-unmap_vmas
     cat-177       3..... 9082us : uprobe_munmap <-__zap_vma_range
     cat-177       3..... 9082us : pte_offset_map_lock <-__zap_vma_range
     cat-177       3..... 9082us : __pte_offset_map <-pte_offset_map_lock
     cat-177       3..... 9083us : __rcu_read_lock <-__pte_offset_map
     cat-177       3..... 9083us : _raw_spin_lock <-pte_offset_map_lock
     cat-177       3...1. 9083us : flush_tlb_batched_pending <-__zap_vma_range
     cat-177       3...1. 9083us : vm_normal_page <-__zap_vma_range
     cat-177       3...1. 9083us : folio_mark_accessed <-__zap_vma_range
     cat-177       3...1. 9083us : arch_check_zapped_pte <-__zap_vma_range
     cat-177       3...1. 9084us : folio_remove_rmap_ptes <-__zap_vma_range
     cat-177       3...1. 9084us : __tlb_remove_folio_pages <-__zap_vma_range
     cat-177       3...1. 9084us : _raw_spin_unlock <-__zap_vma_range
     cat-177       3..... 9084us : __rcu_read_unlock <-__zap_vma_range
     cat-177       3..... 9084us : __zap_vma_range <-unmap_vmas
     cat-177       3..... 9084us : uprobe_munmap <-__zap_vma_range
     cat-177       3..... 9084us : pte_offset_map_lock <-__zap_vma_range
     cat-177       3..... 9085us : __pte_offset_map <-pte_offset_map_lock
     cat-177       3..... 9085us : __rcu_read_lock <-__pte_offset_map
     cat-177       3..... 9085us : _raw_spin_lock <-pte_offset_map_lock
     cat-177       3...1. 9085us : flush_tlb_batched_pending <-__zap_vma_range
     cat-177       3...1. 9085us : vm_normal_page <-__zap_vma_range
     cat-177       3...1. 9085us : folio_mark_accessed <-__zap_vma_range
     cat-177       3...1. 9085us : arch_check_zapped_pte <-__zap_vma_range
     cat-177       3...1. 9085us : folio_remove_rmap_ptes <-__zap_vma_range
     cat-177       3...1. 9086us : __tlb_remove_folio_pages <-__zap_vma_range
     cat-177       3...1. 9086us : vm_normal_page <-__zap_vma_range
     cat-177       3...1. 9086us : folio_mark_accessed <-__zap_vma_range
     cat-177       3...1. 9086us : arch_check_zapped_pte <-__zap_vma_range
     cat-177       3...1. 9086us : folio_remove_rmap_ptes <-__zap_vma_range
     cat-177       3...1. 9086us : __tlb_remove_folio_pages <-__zap_vma_range
     cat-177       3...1. 9086us : vm_normal_page <-__zap_vma_range
     cat-177       3...1. 9087us : folio_mark_accessed <-__zap_vma_range
     cat-177       3...1. 9087us : arch_check_zapped_pte <-__zap_vma_range
     cat-177       3...1. 9087us : folio_remove_rmap_ptes <-__zap_vma_range
     cat-177       3...1. 9087us : __tlb_remove_folio_pages <-__zap_vma_range
     cat-177       3...1. 9087us : vm_normal_page <-__zap_vma_range
     cat-177       3...1. 9087us : folio_mark_accessed <-__zap_vma_range
     cat-177       3...1. 9087us : arch_check_zapped_pte <-__zap_vma_range
     cat-177       3...1. 9087us : folio_remove_rmap_ptes <-__zap_vma_range
     cat-177       3...1. 9088us : __tlb_remove_folio_pages <-__zap_vma_range
     cat-177       3...1. 9088us : vm_normal_page <-__zap_vma_range
     cat-177       3...1. 9088us : folio_mark_accessed <-__zap_vma_range
     cat-177       3...1. 9088us : arch_check_zapped_pte <-__zap_vma_range
     cat-177       3...1. 9088us : folio_remove_rmap_ptes <-__zap_vma_range
     cat-177       3...1. 9088us : __tlb_remove_folio_pages <-__zap_vma_range
     cat-177       3...1. 9088us : vm_normal_page <-__zap_vma_range
     cat-177       3...1. 9088us : folio_mark_accessed <-__zap_vma_range
     cat-177       3...1. 9089us : arch_check_zapped_pte <-__zap_vma_range
     cat-177       3...1. 9089us : folio_remove_rmap_ptes <-__zap_vma_range
     cat-177       3...1. 9089us : __tlb_remove_folio_pages <-__zap_vma_range
     cat-177       3...1. 9089us : tlb_next_batch <-__tlb_remove_folio_pages
     cat-177       3...1. 9089us : get_free_pages_noprof <-tlb_next_batch
     cat-177       3...1. 9089us : alloc_pages_noprof <-get_free_pages_noprof
     cat-177       3...1. 9089us : alloc_pages_mpol <-alloc_pages_noprof
     cat-177       3...1. 9090us : policy_nodemask <-alloc_pages_mpol
     cat-177       3...1. 9090us : __alloc_frozen_pages_noprof <-alloc_pages_mpol
     cat-177       3...1. 9090us : get_page_from_freelist <-__alloc_frozen_pages_noprof
     cat-177       3...2. 9090us : _raw_spin_trylock <-get_page_from_freelist
     cat-177       3...3. 9090us : _raw_spin_unlock <-get_page_from_freelist
     cat-177       3...1. 9090us : kernel_init_pages <-get_page_from_freelist
     cat-177       3...1. 9091us : vm_normal_page <-__zap_vma_range
     cat-177       3...1. 9091us : folio_mark_accessed <-__zap_vma_range
     cat-177       3...1. 9091us : arch_check_zapped_pte <-__zap_vma_range
     cat-177       3...1. 9091us : folio_remove_rmap_ptes <-__zap_vma_range
     cat-177       3...1. 9091us : __tlb_remove_folio_pages <-__zap_vma_range
     cat-177       3...1. 9091us : vm_normal_page <-__zap_vma_range
     cat-177       3...1. 9091us : folio_mark_accessed <-__zap_vma_range
     cat-177       3...1. 9092us : arch_check_zapped_pte <-__zap_vma_range
     cat-177       3...1. 9092us : folio_remove_rmap_ptes <-__zap_vma_range
     cat-177       3...1. 9092us : __tlb_remove_folio_pages <-__zap_vma_range
     cat-177       3...1. 9092us : vm_normal_page <-__zap_vma_range
     cat-177       3...1. 9092us : folio_mark_accessed <-__zap_vma_range
     cat-177       3...1. 9092us : arch_check_zapped_pte <-__zap_vma_range
     cat-177       3...1. 9092us : folio_remove_rmap_ptes <-__zap_vma_range
     cat-177       3...1. 9093us : __tlb_remove_folio_pages <-__zap_vma_range
     cat-177       3...1. 9093us : vm_normal_page <-__zap_vma_range
     cat-177       3...1. 9093us : folio_mark_accessed <-__zap_vma_range
     cat-177       3...1. 9093us : arch_check_zapped_pte <-__zap_vma_range
     cat-177       3...1. 9093us : folio_remove_rmap_ptes <-__zap_vma_range
     cat-177       3...1. 9093us : __tlb_remove_folio_pages <-__zap_vma_range
     cat-177       3...1. 9093us : vm_normal_page <-__zap_vma_range
     cat-177       3...1. 9093us : folio_mark_accessed <-__zap_vma_range
     cat-177       3...1. 9094us : arch_check_zapped_pte <-__zap_vma_range
     cat-177       3...1. 9094us : folio_remove_rmap_ptes <-__zap_vma_range
     cat-177       3...1. 9094us : __tlb_remove_folio_pages <-__zap_vma_range
     cat-177       3...1. 9094us : vm_normal_page <-__zap_vma_range
     cat-177       3...1. 9094us : folio_mark_accessed <-__zap_vma_range
     cat-177       3...1. 9094us : arch_check_zapped_pte <-__zap_vma_range
     cat-177       3...1. 9094us : folio_remove_rmap_ptes <-__zap_vma_range
     cat-177       3...1. 9094us : __tlb_remove_folio_pages <-__zap_vma_range
     cat-177       3...1. 9095us : vm_normal_page <-__zap_vma_range
     cat-177       3...1. 9095us : folio_mark_accessed <-__zap_vma_range
     cat-177       3...1. 9095us : arch_check_zapped_pte <-__zap_vma_range
     cat-177       3...1. 9095us : folio_remove_rmap_ptes <-__zap_vma_range
     cat-177       3...1. 9095us : __tlb_remove_folio_pages <-__zap_vma_range
     cat-177       3...1. 9095us : vm_normal_page <-__zap_vma_range
     cat-177       3...1. 9095us : folio_mark_accessed <-__zap_vma_range
     cat-177       3...1. 9096us : arch_check_zapped_pte <-__zap_vma_range
     cat-177       3...1. 9096us : folio_remove_rmap_ptes <-__zap_vma_range
     cat-177       3...1. 9096us : __tlb_remove_folio_pages <-__zap_vma_range
     cat-177       3...1. 9096us : vm_normal_page <-__zap_vma_range
     cat-177       3...1. 9096us : folio_mark_accessed <-__zap_vma_range
     cat-177       3...1. 9096us : arch_check_zapped_pte <-__zap_vma_range
     cat-177       3...1. 9096us : folio_remove_rmap_ptes <-__zap_vma_range
     cat-177       3...1. 9097us : __tlb_remove_folio_pages <-__zap_vma_range
     cat-177       3...1. 9097us : vm_normal_page <-__zap_vma_range
     cat-177       3...1. 9097us : folio_mark_accessed <-__zap_vma_range
     cat-177       3...1. 9097us : arch_check_zapped_pte <-__zap_vma_range
     cat-177       3...1. 9097us : folio_remove_rmap_ptes <-__zap_vma_range
     cat-177       3...1. 9097us : __tlb_remove_folio_pages <-__zap_vma_range
     cat-177       3...1. 9097us : vm_normal_page <-__zap_vma_range
     cat-177       3...1. 9097us : folio_mark_accessed <-__zap_vma_range
     cat-177       3...1. 9098us : arch_check_zapped_pte <-__zap_vma_range
     cat-177       3...1. 9098us : folio_remove_rmap_ptes <-__zap_vma_range
     cat-177       3...1. 9098us : __tlb_remove_folio_pages <-__zap_vma_range
     cat-177       3...1. 9098us : vm_normal_page <-__zap_vma_range
     cat-177       3...1. 9098us : folio_mark_accessed <-__zap_vma_range
     cat-177       3...1. 9098us : arch_check_zapped_pte <-__zap_vma_range
     cat-177       3...1. 9098us : folio_remove_rmap_ptes <-__zap_vma_range
     cat-177       3...1. 9099us : __tlb_remove_folio_pages <-__zap_vma_range
     cat-177       3...1. 9099us : vm_normal_page <-__zap_vma_range
     cat-177       3...1. 9099us : folio_mark_accessed <-__zap_vma_range
     cat-177       3...1. 9099us : arch_check_zapped_pte <-__zap_vma_range
     cat-177       3...1. 9099us : folio_remove_rmap_ptes <-__zap_vma_range
     cat-177       3...1. 9099us : __tlb_remove_folio_pages <-__zap_vma_range
     cat-177       3...1. 9099us : vm_normal_page <-__zap_vma_range
     cat-177       3...1. 9099us : folio_mark_accessed <-__zap_vma_range
     cat-177       3...1. 9100us : arch_check_zapped_pte <-__zap_vma_range
     cat-177       3...1. 9100us : folio_remove_rmap_ptes <-__zap_vma_range
     cat-177       3...1. 9100us : __tlb_remove_folio_pages <-__zap_vma_range
     cat-177       3...1. 9100us : vm_normal_page <-__zap_vma_range
     cat-177       3...1. 9100us : folio_mark_accessed <-__zap_vma_range
     cat-177       3...1. 9100us : arch_check_zapped_pte <-__zap_vma_range
     cat-177       3...1. 9100us : folio_remove_rmap_ptes <-__zap_vma_range
     cat-177       3...1. 9100us : __tlb_remove_folio_pages <-__zap_vma_range
     cat-177       3...1. 9101us : vm_normal_page <-__zap_vma_range
     cat-177       3...1. 9101us : folio_mark_accessed <-__zap_vma_range
     cat-177       3...1. 9101us : arch_check_zapped_pte <-__zap_vma_range
     cat-177       3...1. 9101us : folio_remove_rmap_ptes <-__zap_vma_range
     cat-177       3...1. 9101us : __tlb_remove_folio_pages <-__zap_vma_range
     cat-177       3...1. 9101us : vm_normal_page <-__zap_vma_range
     cat-177       3...1. 9101us : folio_mark_accessed <-__zap_vma_range
     cat-177       3...1. 9102us : arch_check_zapped_pte <-__zap_vma_range
     cat-177       3...1. 9102us : folio_remove_rmap_ptes <-__zap_vma_range
     cat-177       3...1. 9102us : __tlb_remove_folio_pages <-__zap_vma_range
     cat-177       3...1. 9102us : vm_normal_page <-__zap_vma_range
     cat-177       3...1. 9102us : folio_mark_accessed <-__zap_vma_range
     cat-177       3...1. 9102us : arch_check_zapped_pte <-__zap_vma_range
     cat-177       3...1. 9102us : folio_remove_rmap_ptes <-__zap_vma_range
     cat-177       3...1. 9102us : __tlb_remove_folio_pages <-__zap_vma_range
     cat-177       3...1. 9103us : vm_normal_page <-__zap_vma_range
     cat-177       3...1. 9103us : folio_mark_accessed <-__zap_vma_range
     cat-177       3...1. 9103us : arch_check_zapped_pte <-__zap_vma_range
     cat-177       3...1. 9103us : folio_remove_rmap_ptes <-__zap_vma_range
     cat-177       3...1. 9103us : __tlb_remove_folio_pages <-__zap_vma_range
     cat-177       3...1. 9103us : vm_normal_page <-__zap_vma_range
     cat-177       3...1. 9103us : folio_mark_accessed <-__zap_vma_range
     cat-177       3...1. 9104us : arch_check_zapped_pte <-__zap_vma_range
     cat-177       3...1. 9104us : folio_remove_rmap_ptes <-__zap_vma_range
     cat-177       3...1. 9104us : __tlb_remove_folio_pages <-__zap_vma_range
     cat-177       3...1. 9104us : vm_normal_page <-__zap_vma_range
     cat-177       3...1. 9104us : folio_mark_accessed <-__zap_vma_range
     cat-177       3...1. 9104us : arch_check_zapped_pte <-__zap_vma_range
     cat-177       3...1. 9104us : folio_remove_rmap_ptes <-__zap_vma_range
     cat-177       3...1. 9104us : __tlb_remove_folio_pages <-__zap_vma_range
     cat-177       3...1. 9105us : vm_normal_page <-__zap_vma_range
     cat-177       3...1. 9105us : folio_mark_accessed <-__zap_vma_range
     cat-177       3...1. 9105us : arch_check_zapped_pte <-__zap_vma_range
     cat-177       3...1. 9105us : folio_remove_rmap_ptes <-__zap_vma_range
     cat-177       3...1. 9105us : __tlb_remove_folio_pages <-__zap_vma_range
     cat-177       3...1. 9105us : vm_normal_page <-__zap_vma_range
     cat-177       3...1. 9105us : folio_mark_accessed <-__zap_vma_range
     cat-177       3...1. 9105us : arch_check_zapped_pte <-__zap_vma_range
     cat-177       3...1. 9106us : folio_remove_rmap_ptes <-__zap_vma_range
     cat-177       3...1. 9106us : __tlb_remove_folio_pages <-__zap_vma_range
     cat-177       3...1. 9106us : vm_normal_page <-__zap_vma_range
     cat-177       3...1. 9106us : folio_mark_accessed <-__zap_vma_range
     cat-177       3...1. 9106us : arch_check_zapped_pte <-__zap_vma_range
     cat-177       3...1. 9106us : folio_remove_rmap_ptes <-__zap_vma_range
     cat-177       3...1. 9106us : __tlb_remove_folio_pages <-__zap_vma_range
     cat-177       3...1. 9107us : vm_normal_page <-__zap_vma_range
     cat-177       3...1. 9107us : folio_mark_accessed <-__zap_vma_range
     cat-177       3...1. 9107us : arch_check_zapped_pte <-__zap_vma_range
     cat-177       3...1. 9107us : folio_remove_rmap_ptes <-__zap_vma_range
     cat-177       3...1. 9107us : __tlb_remove_folio_pages <-__zap_vma_range
     cat-177       3...1. 9107us : vm_normal_page <-__zap_vma_range
     cat-177       3...1. 9107us : folio_mark_accessed <-__zap_vma_range
     cat-177       3...1. 9107us : arch_check_zapped_pte <-__zap_vma_range
     cat-177       3...1. 9108us : folio_remove_rmap_ptes <-__zap_vma_range
     cat-177       3...1. 9108us : __tlb_remove_folio_pages <-__zap_vma_range
     cat-177       3...1. 9108us : vm_normal_page <-__zap_vma_range
     cat-177       3...1. 9108us : folio_mark_accessed <-__zap_vma_range
     cat-177       3...1. 9108us : arch_check_zapped_pte <-__zap_vma_range
     cat-177       3...1. 9108us : folio_remove_rmap_ptes <-__zap_vma_range
     cat-177       3...1. 9108us : __tlb_remove_folio_pages <-__zap_vma_range
     cat-177       3...1. 9109us : vm_normal_page <-__zap_vma_range
     cat-177       3...1. 9109us : folio_mark_accessed <-__zap_vma_range
     cat-177       3...1. 9109us : arch_check_zapped_pte <-__zap_vma_range
     cat-177       3...1. 9109us : folio_remove_rmap_ptes <-__zap_vma_range
     cat-177       3...1. 9109us : lruvec_stat_mod_folio <-folio_remove_rmap_ptes
     cat-177       3...1. 9109us : __rcu_read_lock <-lruvec_stat_mod_folio
     cat-177       3...1. 9109us : mod_node_page_state <-lruvec_stat_mod_folio
     cat-177       3...1. 9110us : __mod_memcg_lruvec_state <-lruvec_stat_mod_folio
     cat-177       3...2. 9110us : memcg_state_val_in_pages <-__mod_memcg_lruvec_state
     cat-177       3...2. 9110us : __css_rstat_updated <-__mod_memcg_lruvec_state
     cat-177       3...1. 9110us : __rcu_read_unlock <-folio_remove_rmap_ptes
     cat-177       3...1. 9110us : __tlb_remove_folio_pages <-__zap_vma_range
     cat-177       3...1. 9110us : vm_normal_page <-__zap_vma_range
     cat-177       3...1. 9110us : folio_mark_accessed <-__zap_vma_range
     cat-177       3...1. 9111us : arch_check_zapped_pte <-__zap_vma_range
     cat-177       3...1. 9111us : folio_remove_rmap_ptes <-__zap_vma_range
     cat-177       3...1. 9111us : lruvec_stat_mod_folio <-folio_remove_rmap_ptes
     cat-177       3...1. 9111us : __rcu_read_lock <-lruvec_stat_mod_folio
     cat-177       3...1. 9111us : mod_node_page_state <-lruvec_stat_mod_folio
     cat-177       3...1. 9111us : __mod_memcg_lruvec_state <-lruvec_stat_mod_folio
     cat-177       3...2. 9111us : memcg_state_val_in_pages <-__mod_memcg_lruvec_state
     cat-177       3...2. 9111us : __css_rstat_updated <-__mod_memcg_lruvec_state
     cat-177       3...1. 9112us : __rcu_read_unlock <-folio_remove_rmap_ptes
     cat-177       3...1. 9112us : __tlb_remove_folio_pages <-__zap_vma_range
     cat-177       3...1. 9112us : vm_normal_page <-__zap_vma_range
     cat-177       3...1. 9112us : folio_mark_accessed <-__zap_vma_range
     cat-177       3...1. 9112us : arch_check_zapped_pte <-__zap_vma_range
     cat-177       3...1. 9112us : folio_remove_rmap_ptes <-__zap_vma_range
     cat-177       3...1. 9112us : __tlb_remove_folio_pages <-__zap_vma_range
     cat-177       3...1. 9113us : vm_normal_page <-__zap_vma_range
     cat-177       3...1. 9113us : folio_mark_accessed <-__zap_vma_range
     cat-177       3...1. 9113us : arch_check_zapped_pte <-__zap_vma_range
     cat-177       3...1. 9113us : folio_remove_rmap_ptes <-__zap_vma_range
     cat-177       3...1. 9113us : __tlb_remove_folio_pages <-__zap_vma_range
     cat-177       3...1. 9113us : vm_normal_page <-__zap_vma_range
     cat-177       3...1. 9113us : folio_mark_accessed <-__zap_vma_range
     cat-177       3...1. 9113us : arch_check_zapped_pte <-__zap_vma_range
     cat-177       3...1. 9114us : folio_remove_rmap_ptes <-__zap_vma_range
     cat-177       3...1. 9114us : __tlb_remove_folio_pages <-__zap_vma_range
     cat-177       3...1. 9114us : vm_normal_page <-__zap_vma_range
     cat-177       3...1. 9114us : folio_mark_accessed <-__zap_vma_range
     cat-177       3...1. 9114us : arch_check_zapped_pte <-__zap_vma_range
     cat-177       3...1. 9114us : folio_remove_rmap_ptes <-__zap_vma_range
     cat-177       3...1. 9114us : __tlb_remove_folio_pages <-__zap_vma_range
     cat-177       3...1. 9115us : vm_normal_page <-__zap_vma_range
     cat-177       3...1. 9115us : folio_mark_accessed <-__zap_vma_range
     cat-177       3...1. 9115us : arch_check_zapped_pte <-__zap_vma_range
     cat-177       3...1. 9115us : folio_remove_rmap_ptes <-__zap_vma_range
     cat-177       3...1. 9115us : __tlb_remove_folio_pages <-__zap_vma_range
     cat-177       3...1. 9115us : vm_normal_page <-__zap_vma_range
     cat-177       3...1. 9115us : folio_mark_accessed <-__zap_vma_range
     cat-177       3...1. 9116us : arch_check_zapped_pte <-__zap_vma_range
     cat-177       3...1. 9116us : folio_remove_rmap_ptes <-__zap_vma_range
     cat-177       3...1. 9116us : __tlb_remove_folio_pages <-__zap_vma_range
     cat-177       3...1. 9116us : vm_normal_page <-__zap_vma_range
     cat-177       3...1. 9116us : folio_mark_accessed <-__zap_vma_range
     cat-177       3...1. 9116us : arch_check_zapped_pte <-__zap_vma_range
     cat-177       3...1. 9116us : folio_remove_rmap_ptes <-__zap_vma_range
     cat-177       3...1. 9116us : __tlb_remove_folio_pages <-__zap_vma_range
     cat-177       3...1. 9117us : vm_normal_page <-__zap_vma_range
     cat-177       3...1. 9117us : folio_mark_accessed <-__zap_vma_range
     cat-177       3...1. 9117us : arch_check_zapped_pte <-__zap_vma_range
     cat-177       3...1. 9117us : folio_remove_rmap_ptes <-__zap_vma_range
     cat-177       3...1. 9117us : __tlb_remove_folio_pages <-__zap_vma_range
     cat-177       3...1. 9117us : vm_normal_page <-__zap_vma_range
     cat-177       3...1. 9117us : folio_mark_accessed <-__zap_vma_range
     cat-177       3...1. 9117us : arch_check_zapped_pte <-__zap_vma_range
     cat-177       3...1. 9118us : folio_remove_rmap_ptes <-__zap_vma_range
     cat-177       3...1. 9118us : __tlb_remove_folio_pages <-__zap_vma_range
     cat-177       3...1. 9118us : vm_normal_page <-__zap_vma_range
     cat-177       3...1. 9118us : folio_mark_accessed <-__zap_vma_range
     cat-177       3...1. 9118us : arch_check_zapped_pte <-__zap_vma_range
     cat-177       3...1. 9118us : folio_remove_rmap_ptes <-__zap_vma_range
     cat-177       3...1. 9118us : __tlb_remove_folio_pages <-__zap_vma_range
     cat-177       3...1. 9119us : vm_normal_page <-__zap_vma_range
     cat-177       3...1. 9119us : folio_mark_accessed <-__zap_vma_range
     cat-177       3...1. 9119us : arch_check_zapped_pte <-__zap_vma_range
     cat-177       3...1. 9119us : folio_remove_rmap_ptes <-__zap_vma_range
     cat-177       3...1. 9119us : __tlb_remove_folio_pages <-__zap_vma_range
     cat-177       3...1. 9119us : vm_normal_page <-__zap_vma_range
     cat-177       3...1. 9119us : folio_mark_accessed <-__zap_vma_range
     cat-177       3...1. 9119us : arch_check_zapped_pte <-__zap_vma_range
     cat-177       3...1. 9120us : folio_remove_rmap_ptes <-__zap_vma_range
     cat-177       3...1. 9120us : __tlb_remove_folio_pages <-__zap_vma_range
     cat-177       3...1. 9120us : vm_normal_page <-__zap_vma_range
     cat-177       3...1. 9120us : folio_mark_accessed <-__zap_vma_range
     cat-177       3...1. 9120us : arch_check_zapped_pte <-__zap_vma_range
     cat-177       3...1. 9120us : folio_remove_rmap_ptes <-__zap_vma_range
     cat-177       3...1. 9120us : __tlb_remove_folio_pages <-__zap_vma_range
     cat-177       3...1. 9120us : vm_normal_page <-__zap_vma_range
     cat-177       3...1. 9121us : folio_mark_accessed <-__zap_vma_range
     cat-177       3...1. 9121us : arch_check_zapped_pte <-__zap_vma_range
     cat-177       3...1. 9121us : folio_remove_rmap_ptes <-__zap_vma_range
     cat-177       3...1. 9121us : __tlb_remove_folio_pages <-__zap_vma_range
     cat-177       3...1. 9121us : vm_normal_page <-__zap_vma_range
     cat-177       3...1. 9121us : folio_mark_accessed <-__zap_vma_range
     cat-177       3...1. 9121us : arch_check_zapped_pte <-__zap_vma_range
     cat-177       3...1. 9122us : folio_remove_rmap_ptes <-__zap_vma_range
     cat-177       3...1. 9122us : __tlb_remove_folio_pages <-__zap_vma_range
     cat-177       3...1. 9122us : vm_normal_page <-__zap_vma_range
     cat-177       3...1. 9122us : folio_mark_accessed <-__zap_vma_range
     cat-177       3...1. 9122us : arch_check_zapped_pte <-__zap_vma_range
     cat-177       3...1. 9122us : folio_remove_rmap_ptes <-__zap_vma_range
     cat-177       3...1. 9122us : __tlb_remove_folio_pages <-__zap_vma_range
     cat-177       3...1. 9122us : vm_normal_page <-__zap_vma_range
     cat-177       3...1. 9123us : folio_mark_accessed <-__zap_vma_range
     cat-177       3...1. 9123us : arch_check_zapped_pte <-__zap_vma_range
     cat-177       3...1. 9123us : folio_remove_rmap_ptes <-__zap_vma_range
     cat-177       3...1. 9123us : __tlb_remove_folio_pages <-__zap_vma_range
     cat-177       3...1. 9123us : vm_normal_page <-__zap_vma_range
     cat-177       3...1. 9123us : folio_mark_accessed <-__zap_vma_range
     cat-177       3...1. 9123us : arch_check_zapped_pte <-__zap_vma_range
     cat-177       3...1. 9124us : folio_remove_rmap_ptes <-__zap_vma_range
     cat-177       3...1. 9124us : __tlb_remove_folio_pages <-__zap_vma_range
     cat-177       3...1. 9124us : vm_normal_page <-__zap_vma_range
     cat-177       3...1. 9124us : folio_mark_accessed <-__zap_vma_range
     cat-177       3...1. 9124us : arch_check_zapped_pte <-__zap_vma_range
     cat-177       3...1. 9124us : folio_remove_rmap_ptes <-__zap_vma_range
     cat-177       3...1. 9124us : __tlb_remove_folio_pages <-__zap_vma_range
     cat-177       3...1. 9124us : vm_normal_page <-__zap_vma_range
     cat-177       3...1. 9125us : folio_mark_accessed <-__zap_vma_range
     cat-177       3...1. 9125us : arch_check_zapped_pte <-__zap_vma_range
     cat-177       3...1. 9125us : folio_remove_rmap_ptes <-__zap_vma_range
     cat-177       3...1. 9125us : __tlb_remove_folio_pages <-__zap_vma_range
     cat-177       3...1. 9125us : vm_normal_page <-__zap_vma_range
     cat-177       3...1. 9125us : folio_mark_accessed <-__zap_vma_range
     cat-177       3...1. 9125us : arch_check_zapped_pte <-__zap_vma_range
     cat-177       3...1. 9125us : folio_remove_rmap_ptes <-__zap_vma_range
     cat-177       3...1. 9126us : __tlb_remove_folio_pages <-__zap_vma_range
     cat-177       3...1. 9126us : vm_normal_page <-__zap_vma_range
     cat-177       3...1. 9126us : folio_mark_accessed <-__zap_vma_range
     cat-177       3...1. 9126us : arch_check_zapped_pte <-__zap_vma_range
     cat-177       3...1. 9126us : folio_remove_rmap_ptes <-__zap_vma_range
     cat-177       3...1. 9126us : __tlb_remove_folio_pages <-__zap_vma_range
     cat-177       3...1. 9126us : vm_normal_page <-__zap_vma_range
     cat-177       3...1. 9127us : folio_mark_accessed <-__zap_vma_range
     cat-177       3...1. 9127us : arch_check_zapped_pte <-__zap_vma_range
     cat-177       3...1. 9127us : folio_remove_rmap_ptes <-__zap_vma_range
     cat-177       3...1. 9127us : __tlb_remove_folio_pages <-__zap_vma_range
     cat-177       3...1. 9127us : vm_normal_page <-__zap_vma_range
     cat-177       3...1. 9127us : folio_mark_accessed <-__zap_vma_range
     cat-177       3...1. 9127us : arch_check_zapped_pte <-__zap_vma_range
     cat-177       3...1. 9127us : folio_remove_rmap_ptes <-__zap_vma_range
     cat-177       3...1. 9128us : __tlb_remove_folio_pages <-__zap_vma_range
     cat-177       3...1. 9128us : vm_normal_page <-__zap_vma_range
     cat-177       3...1. 9128us : folio_mark_accessed <-__zap_vma_range
     cat-177       3...1. 9128us : arch_check_zapped_pte <-__zap_vma_range
     cat-177       3...1. 9128us : folio_remove_rmap_ptes <-__zap_vma_range
     cat-177       3...1. 9128us : __tlb_remove_folio_pages <-__zap_vma_range
     cat-177       3...1. 9128us : vm_normal_page <-__zap_vma_range
     cat-177       3...1. 9129us : folio_mark_accessed <-__zap_vma_range
     cat-177       3...1. 9129us : arch_check_zapped_pte <-__zap_vma_range
     cat-177       3...1. 9129us : folio_remove_rmap_ptes <-__zap_vma_range
     cat-177       3...1. 9129us : __tlb_remove_folio_pages <-__zap_vma_range
     cat-177       3...1. 9129us : vm_normal_page <-__zap_vma_range
     cat-177       3...1. 9129us : folio_mark_accessed <-__zap_vma_range
     cat-177       3...1. 9129us : arch_check_zapped_pte <-__zap_vma_range
     cat-177       3...1. 9129us : folio_remove_rmap_ptes <-__zap_vma_range
     cat-177       3...1. 9130us : __tlb_remove_folio_pages <-__zap_vma_range
     cat-177       3...1. 9130us : vm_normal_page <-__zap_vma_range
     cat-177       3...1. 9130us : folio_mark_accessed <-__zap_vma_range
     cat-177       3...1. 9130us : arch_check_zapped_pte <-__zap_vma_range
     cat-177       3...1. 9130us : folio_remove_rmap_ptes <-__zap_vma_range
     cat-177       3...1. 9130us : __tlb_remove_folio_pages <-__zap_vma_range
     cat-177       3...1. 9130us : vm_normal_page <-__zap_vma_range
     cat-177       3...1. 9130us : folio_mark_accessed <-__zap_vma_range
     cat-177       3...1. 9131us : arch_check_zapped_pte <-__zap_vma_range
     cat-177       3...1. 9131us : folio_remove_rmap_ptes <-__zap_vma_range
     cat-177       3...1. 9131us : __tlb_remove_folio_pages <-__zap_vma_range
     cat-177       3...1. 9131us : vm_normal_page <-__zap_vma_range
     cat-177       3...1. 9131us : folio_mark_accessed <-__zap_vma_range
     cat-177       3...1. 9131us : arch_check_zapped_pte <-__zap_vma_range
     cat-177       3...1. 9131us : folio_remove_rmap_ptes <-__zap_vma_range
     cat-177       3...1. 9132us : __tlb_remove_folio_pages <-__zap_vma_range
     cat-177       3...1. 9132us : vm_normal_page <-__zap_vma_range
     cat-177       3...1. 9132us : folio_mark_accessed <-__zap_vma_range
     cat-177       3...1. 9132us : arch_check_zapped_pte <-__zap_vma_range
     cat-177       3...1. 9132us : folio_remove_rmap_ptes <-__zap_vma_range
     cat-177       3...1. 9132us : __tlb_remove_folio_pages <-__zap_vma_range
     cat-177       3...1. 9132us : vm_normal_page <-__zap_vma_range
     cat-177       3...1. 9132us : folio_mark_accessed <-__zap_vma_range
     cat-177       3...1. 9133us : arch_check_zapped_pte <-__zap_vma_range
     cat-177       3...1. 9133us : folio_remove_rmap_ptes <-__zap_vma_range
     cat-177       3...1. 9133us : __tlb_remove_folio_pages <-__zap_vma_range
     cat-177       3...1. 9133us : vm_normal_page <-__zap_vma_range
     cat-177       3...1. 9133us : folio_mark_accessed <-__zap_vma_range
     cat-177       3...1. 9133us : arch_check_zapped_pte <-__zap_vma_range
     cat-177       3...1. 9133us : folio_remove_rmap_ptes <-__zap_vma_range
     cat-177       3...1. 9134us : __tlb_remove_folio_pages <-__zap_vma_range
     cat-177       3...1. 9134us : vm_normal_page <-__zap_vma_range
     cat-177       3...1. 9134us : folio_mark_accessed <-__zap_vma_range
     cat-177       3...1. 9134us : arch_check_zapped_pte <-__zap_vma_range
     cat-177       3...1. 9134us : folio_remove_rmap_ptes <-__zap_vma_range
     cat-177       3...1. 9134us : __tlb_remove_folio_pages <-__zap_vma_range
     cat-177       3...1. 9134us : vm_normal_page <-__zap_vma_range
     cat-177       3...1. 9134us : folio_mark_accessed <-__zap_vma_range
     cat-177       3...1. 9135us : arch_check_zapped_pte <-__zap_vma_range
     cat-177       3...1. 9135us : folio_remove_rmap_ptes <-__zap_vma_range
     cat-177       3...1. 9135us : __tlb_remove_folio_pages <-__zap_vma_range
     cat-177       3...1. 9135us : vm_normal_page <-__zap_vma_range
     cat-177       3...1. 9135us : folio_mark_accessed <-__zap_vma_range
     cat-177       3...1. 9135us : arch_check_zapped_pte <-__zap_vma_range
     cat-177       3...1. 9135us : folio_remove_rmap_ptes <-__zap_vma_range
     cat-177       3...1. 9136us : __tlb_remove_folio_pages <-__zap_vma_range
     cat-177       3...1. 9136us : vm_normal_page <-__zap_vma_range
     cat-177       3...1. 9136us : folio_mark_accessed <-__zap_vma_range
     cat-177       3...1. 9136us : arch_check_zapped_pte <-__zap_vma_range
     cat-177       3...1. 9136us : folio_remove_rmap_ptes <-__zap_vma_range
     cat-177       3...1. 9136us : __tlb_remove_folio_pages <-__zap_vma_range
     cat-177       3...1. 9136us : vm_normal_page <-__zap_vma_range
     cat-177       3...1. 9136us : folio_mark_accessed <-__zap_vma_range
     cat-177       3...1. 9137us : arch_check_zapped_pte <-__zap_vma_range
     cat-177       3...1. 9137us : folio_remove_rmap_ptes <-__zap_vma_range
     cat-177       3...1. 9137us : __tlb_remove_folio_pages <-__zap_vma_range
     cat-177       3...1. 9137us : vm_normal_page <-__zap_vma_range
     cat-177       3...1. 9137us : folio_mark_accessed <-__zap_vma_range
     cat-177       3...1. 9137us : arch_check_zapped_pte <-__zap_vma_range
     cat-177       3...1. 9137us : folio_remove_rmap_ptes <-__zap_vma_range
     cat-177       3...1. 9137us : __tlb_remove_folio_pages <-__zap_vma_range
     cat-177       3...1. 9138us : vm_normal_page <-__zap_vma_range
     cat-177       3...1. 9138us : folio_mark_accessed <-__zap_vma_range
     cat-177       3...1. 9138us : arch_check_zapped_pte <-__zap_vma_range
     cat-177       3...1. 9138us : folio_remove_rmap_ptes <-__zap_vma_range
     cat-177       3...1. 9138us : __tlb_remove_folio_pages <-__zap_vma_range
     cat-177       3...1. 9138us : vm_normal_page <-__zap_vma_range
     cat-177       3...1. 9138us : folio_mark_accessed <-__zap_vma_range
     cat-177       3...1. 9139us : arch_check_zapped_pte <-__zap_vma_range
     cat-177       3...1. 9139us : folio_remove_rmap_ptes <-__zap_vma_range
     cat-177       3...1. 9139us : __tlb_remove_folio_pages <-__zap_vma_range
     cat-177       3...1. 9139us : vm_normal_page <-__zap_vma_range
     cat-177       3...1. 9139us : folio_mark_accessed <-__zap_vma_range
     cat-177       3...1. 9139us : arch_check_zapped_pte <-__zap_vma_range
     cat-177       3...1. 9139us : folio_remove_rmap_ptes <-__zap_vma_range
     cat-177       3...1. 9139us : __tlb_remove_folio_pages <-__zap_vma_range
     cat-177       3...1. 9140us : vm_normal_page <-__zap_vma_range
     cat-177       3...1. 9140us : folio_mark_accessed <-__zap_vma_range
     cat-177       3...1. 9140us : arch_check_zapped_pte <-__zap_vma_range
     cat-177       3...1. 9140us : folio_remove_rmap_ptes <-__zap_vma_range
     cat-177       3...1. 9140us : __tlb_remove_folio_pages <-__zap_vma_range
     cat-177       3...1. 9140us : vm_normal_page <-__zap_vma_range
     cat-177       3...1. 9140us : folio_mark_accessed <-__zap_vma_range
     cat-177       3...1. 9141us : arch_check_zapped_pte <-__zap_vma_range
     cat-177       3...1. 9141us : folio_remove_rmap_ptes <-__zap_vma_range
     cat-177       3...1. 9141us : __tlb_remove_folio_pages <-__zap_vma_range
     cat-177       3...1. 9141us : vm_normal_page <-__zap_vma_range
     cat-177       3...1. 9141us : folio_mark_accessed <-__zap_vma_range
     cat-177       3...1. 9141us : arch_check_zapped_pte <-__zap_vma_range
     cat-177       3...1. 9141us : folio_remove_rmap_ptes <-__zap_vma_range
     cat-177       3...1. 9141us : __tlb_remove_folio_pages <-__zap_vma_range
     cat-177       3...1. 9142us : vm_normal_page <-__zap_vma_range
     cat-177       3...1. 9142us : folio_mark_accessed <-__zap_vma_range
     cat-177       3...1. 9142us : arch_check_zapped_pte <-__zap_vma_range
     cat-177       3...1. 9142us : folio_remove_rmap_ptes <-__zap_vma_range
     cat-177       3...1. 9142us : __tlb_remove_folio_pages <-__zap_vma_range
     cat-177       3...1. 9142us : vm_normal_page <-__zap_vma_range
     cat-177       3...1. 9142us : folio_mark_accessed <-__zap_vma_range
     cat-177       3...1. 9142us : arch_check_zapped_pte <-__zap_vma_range
     cat-177       3...1. 9143us : folio_remove_rmap_ptes <-__zap_vma_range
     cat-177       3...1. 9143us : __tlb_remove_folio_pages <-__zap_vma_range
     cat-177       3...1. 9143us : vm_normal_page <-__zap_vma_range
     cat-177       3...1. 9143us : folio_mark_accessed <-__zap_vma_range
     cat-177       3...1. 9143us : arch_check_zapped_pte <-__zap_vma_range
     cat-177       3...1. 9143us : folio_remove_rmap_ptes <-__zap_vma_range
     cat-177       3...1. 9143us : __tlb_remove_folio_pages <-__zap_vma_range
     cat-177       3...1. 9144us : vm_normal_page <-__zap_vma_range
     cat-177       3...1. 9144us : folio_mark_accessed <-__zap_vma_range
     cat-177       3...1. 9144us : arch_check_zapped_pte <-__zap_vma_range
     cat-177       3...1. 9144us : folio_remove_rmap_ptes <-__zap_vma_range
     cat-177       3...1. 9144us : __tlb_remove_folio_pages <-__zap_vma_range
     cat-177       3...1. 9144us : vm_normal_page <-__zap_vma_range
     cat-177       3...1. 9144us : folio_mark_accessed <-__zap_vma_range
     cat-177       3...1. 9144us : arch_check_zapped_pte <-__zap_vma_range
     cat-177       3...1. 9145us : folio_remove_rmap_ptes <-__zap_vma_range
     cat-177       3...1. 9145us : __tlb_remove_folio_pages <-__zap_vma_range
     cat-177       3...1. 9145us : vm_normal_page <-__zap_vma_range
     cat-177       3...1. 9145us : folio_mark_accessed <-__zap_vma_range
     cat-177       3...1. 9145us : arch_check_zapped_pte <-__zap_vma_range
     cat-177       3...1. 9145us : folio_remove_rmap_ptes <-__zap_vma_range
     cat-177       3...1. 9145us : __tlb_remove_folio_pages <-__zap_vma_range
     cat-177       3...1. 9146us : vm_normal_page <-__zap_vma_range
     cat-177       3...1. 9146us : folio_mark_accessed <-__zap_vma_range
     cat-177       3...1. 9146us : arch_check_zapped_pte <-__zap_vma_range
     cat-177       3...1. 9146us : folio_remove_rmap_ptes <-__zap_vma_range
     cat-177       3...1. 9146us : __tlb_remove_folio_pages <-__zap_vma_range
     cat-177       3...1. 9146us : vm_normal_page <-__zap_vma_range
     cat-177       3...1. 9146us : folio_mark_accessed <-__zap_vma_range
     cat-177       3...1. 9146us : arch_check_zapped_pte <-__zap_vma_range
     cat-177       3...1. 9147us : folio_remove_rmap_ptes <-__zap_vma_range
     cat-177       3...1. 9147us : __tlb_remove_folio_pages <-__zap_vma_range
     cat-177       3...1. 9147us : vm_normal_page <-__zap_vma_range
     cat-177       3...1. 9147us : folio_mark_accessed <-__zap_vma_range
     cat-177       3...1. 9147us : arch_check_zapped_pte <-__zap_vma_range
     cat-177       3...1. 9147us : folio_remove_rmap_ptes <-__zap_vma_range
     cat-177       3...1. 9147us : __tlb_remove_folio_pages <-__zap_vma_range
     cat-177       3...1. 9147us : vm_normal_page <-__zap_vma_range
     cat-177       3...1. 9148us : folio_mark_accessed <-__zap_vma_range
     cat-177       3...1. 9148us : arch_check_zapped_pte <-__zap_vma_range
     cat-177       3...1. 9148us : folio_remove_rmap_ptes <-__zap_vma_range
     cat-177       3...1. 9148us : __tlb_remove_folio_pages <-__zap_vma_range
     cat-177       3...1. 9148us : _raw_spin_lock_irqsave <-percpu_counter_add_batch
     cat-177       3d..2. 9148us : _raw_spin_unlock_irqrestore <-__zap_vma_range
     cat-177       3...1. 9148us : _raw_spin_unlock <-__zap_vma_range
     cat-177       3..... 9149us : __rcu_read_unlock <-__zap_vma_range
     cat-177       3..... 9149us : __zap_vma_range <-unmap_vmas
     cat-177       3..... 9149us : uprobe_munmap <-__zap_vma_range
     cat-177       3..... 9149us : pte_offset_map_lock <-__zap_vma_range
     cat-177       3..... 9149us : __pte_offset_map <-pte_offset_map_lock
     cat-177       3..... 9149us : __rcu_read_lock <-__pte_offset_map
     cat-177       3..... 9149us : _raw_spin_lock <-pte_offset_map_lock
     cat-177       3...1. 9150us : flush_tlb_batched_pending <-__zap_vma_range
     cat-177       3...1. 9150us : vm_normal_page <-__zap_vma_range
     cat-177       3...1. 9150us : folio_mark_accessed <-__zap_vma_range
     cat-177       3...1. 9150us : arch_check_zapped_pte <-__zap_vma_range
     cat-177       3...1. 9150us : folio_remove_rmap_ptes <-__zap_vma_range
     cat-177       3...1. 9150us : __tlb_remove_folio_pages <-__zap_vma_range
     cat-177       3...1. 9150us : vm_normal_page <-__zap_vma_range
     cat-177       3...1. 9150us : folio_mark_accessed <-__zap_vma_range
     cat-177       3...1. 9151us : arch_check_zapped_pte <-__zap_vma_range
     cat-177       3...1. 9151us : folio_remove_rmap_ptes <-__zap_vma_range
     cat-177       3...1. 9151us : __tlb_remove_folio_pages <-__zap_vma_range
     cat-177       3...1. 9151us : vm_normal_page <-__zap_vma_range
     cat-177       3...1. 9151us : folio_mark_accessed <-__zap_vma_range
     cat-177       3...1. 9151us : arch_check_zapped_pte <-__zap_vma_range
     cat-177       3...1. 9151us : folio_remove_rmap_ptes <-__zap_vma_range
     cat-177       3...1. 9152us : __tlb_remove_folio_pages <-__zap_vma_range
     cat-177       3...1. 9152us : vm_normal_page <-__zap_vma_range
     cat-177       3...1. 9152us : folio_mark_accessed <-__zap_vma_range
     cat-177       3...1. 9152us : arch_check_zapped_pte <-__zap_vma_range
     cat-177       3...1. 9152us : folio_remove_rmap_ptes <-__zap_vma_range
     cat-177       3...1. 9152us : __tlb_remove_folio_pages <-__zap_vma_range
     cat-177       3...1. 9152us : vm_normal_page <-__zap_vma_range
     cat-177       3...1. 9152us : folio_mark_accessed <-__zap_vma_range
     cat-177       3...1. 9153us : arch_check_zapped_pte <-__zap_vma_range
     cat-177       3...1. 9153us : folio_remove_rmap_ptes <-__zap_vma_range
     cat-177       3...1. 9153us : __tlb_remove_folio_pages <-__zap_vma_range
     cat-177       3...1. 9153us : vm_normal_page <-__zap_vma_range
     cat-177       3...1. 9153us : folio_mark_accessed <-__zap_vma_range
     cat-177       3...1. 9153us : arch_check_zapped_pte <-__zap_vma_range
     cat-177       3...1. 9153us : folio_remove_rmap_ptes <-__zap_vma_range
     cat-177       3...1. 9154us : __tlb_remove_folio_pages <-__zap_vma_range
     cat-177       3...1. 9154us : vm_normal_page <-__zap_vma_range
     cat-177       3...1. 9154us : folio_mark_accessed <-__zap_vma_range
     cat-177       3...1. 9154us : arch_check_zapped_pte <-__zap_vma_range
     cat-177       3...1. 9154us : folio_remove_rmap_ptes <-__zap_vma_range
     cat-177       3...1. 9154us : __tlb_remove_folio_pages <-__zap_vma_range
     cat-177       3...1. 9154us : vm_normal_page <-__zap_vma_range
     cat-177       3...1. 9155us : folio_mark_accessed <-__zap_vma_range
     cat-177       3...1. 9155us : arch_check_zapped_pte <-__zap_vma_range
     cat-177       3...1. 9155us : folio_remove_rmap_ptes <-__zap_vma_range
     cat-177       3...1. 9155us : __tlb_remove_folio_pages <-__zap_vma_range
     cat-177       3...1. 9155us : vm_normal_page <-__zap_vma_range
     cat-177       3...1. 9155us : folio_mark_accessed <-__zap_vma_range
     cat-177       3...1. 9155us : arch_check_zapped_pte <-__zap_vma_range
     cat-177       3...1. 9155us : folio_remove_rmap_ptes <-__zap_vma_range
     cat-177       3...1. 9156us : __tlb_remove_folio_pages <-__zap_vma_range
     cat-177       3...1. 9156us : vm_normal_page <-__zap_vma_range
     cat-177       3...1. 9156us : folio_mark_accessed <-__zap_vma_range
     cat-177       3...1. 9156us : arch_check_zapped_pte <-__zap_vma_range
     cat-177       3...1. 9156us : folio_remove_rmap_ptes <-__zap_vma_range
     cat-177       3...1. 9156us : __tlb_remove_folio_pages <-__zap_vma_range
     cat-177       3...1. 9156us : vm_normal_page <-__zap_vma_range
     cat-177       3...1. 9157us : folio_mark_accessed <-__zap_vma_range
     cat-177       3...1. 9157us : arch_check_zapped_pte <-__zap_vma_range
     cat-177       3...1. 9157us : folio_remove_rmap_ptes <-__zap_vma_range
     cat-177       3...1. 9157us : __tlb_remove_folio_pages <-__zap_vma_range
     cat-177       3...1. 9157us : vm_normal_page <-__zap_vma_range
     cat-177       3...1. 9157us : folio_mark_accessed <-__zap_vma_range
     cat-177       3...1. 9157us : arch_check_zapped_pte <-__zap_vma_range
     cat-177       3...1. 9157us : folio_remove_rmap_ptes <-__zap_vma_range
     cat-177       3...1. 9158us : __tlb_remove_folio_pages <-__zap_vma_range
     cat-177       3...1. 9158us : vm_normal_page <-__zap_vma_range
     cat-177       3...1. 9158us : folio_mark_accessed <-__zap_vma_range
     cat-177       3...1. 9158us : arch_check_zapped_pte <-__zap_vma_range
     cat-177       3...1. 9158us : folio_remove_rmap_ptes <-__zap_vma_range
     cat-177       3...1. 9158us : __tlb_remove_folio_pages <-__zap_vma_range
     cat-177       3...1. 9158us : vm_normal_page <-__zap_vma_range
     cat-177       3...1. 9158us : folio_mark_accessed <-__zap_vma_range
     cat-177       3...1. 9159us : arch_check_zapped_pte <-__zap_vma_range
     cat-177       3...1. 9159us : folio_remove_rmap_ptes <-__zap_vma_range
     cat-177       3...1. 9159us : __tlb_remove_folio_pages <-__zap_vma_range
     cat-177       3...1. 9159us : vm_normal_page <-__zap_vma_range
     cat-177       3...1. 9159us : folio_mark_accessed <-__zap_vma_range
     cat-177       3...1. 9159us : arch_check_zapped_pte <-__zap_vma_range
     cat-177       3...1. 9159us : folio_remove_rmap_ptes <-__zap_vma_range
     cat-177       3...1. 9160us : __tlb_remove_folio_pages <-__zap_vma_range
     cat-177       3...1. 9160us : vm_normal_page <-__zap_vma_range
     cat-177       3...1. 9160us : folio_mark_accessed <-__zap_vma_range
     cat-177       3...1. 9160us : arch_check_zapped_pte <-__zap_vma_range
     cat-177       3...1. 9160us : folio_remove_rmap_ptes <-__zap_vma_range
     cat-177       3...1. 9160us : __tlb_remove_folio_pages <-__zap_vma_range
     cat-177       3...1. 9160us : vm_normal_page <-__zap_vma_range
     cat-177       3...1. 9160us : folio_mark_accessed <-__zap_vma_range
     cat-177       3...1. 9161us : arch_check_zapped_pte <-__zap_vma_range
     cat-177       3...1. 9161us : folio_remove_rmap_ptes <-__zap_vma_range
     cat-177       3...1. 9161us : __tlb_remove_folio_pages <-__zap_vma_range
     cat-177       3...1. 9161us : vm_normal_page <-__zap_vma_range
     cat-177       3...1. 9161us : folio_mark_accessed <-__zap_vma_range
     cat-177       3...1. 9161us : arch_check_zapped_pte <-__zap_vma_range
     cat-177       3...1. 9161us : folio_remove_rmap_ptes <-__zap_vma_range
     cat-177       3...1. 9161us : __tlb_remove_folio_pages <-__zap_vma_range
     cat-177       3...1. 9162us : vm_normal_page <-__zap_vma_range
     cat-177       3...1. 9162us : folio_mark_accessed <-__zap_vma_range
     cat-177       3...1. 9162us : arch_check_zapped_pte <-__zap_vma_range
     cat-177       3...1. 9162us : folio_remove_rmap_ptes <-__zap_vma_range
     cat-177       3...1. 9162us : __tlb_remove_folio_pages <-__zap_vma_range
     cat-177       3...1. 9162us : vm_normal_page <-__zap_vma_range
     cat-177       3...1. 9162us : folio_mark_accessed <-__zap_vma_range
     cat-177       3...1. 9163us : arch_check_zapped_pte <-__zap_vma_range
     cat-177       3...1. 9163us : folio_remove_rmap_ptes <-__zap_vma_range
     cat-177       3...1. 9163us : __tlb_remove_folio_pages <-__zap_vma_range
     cat-177       3...1. 9163us : vm_normal_page <-__zap_vma_range
     cat-177       3...1. 9163us : folio_mark_accessed <-__zap_vma_range
     cat-177       3...1. 9163us : arch_check_zapped_pte <-__zap_vma_range
     cat-177       3...1. 9163us : folio_remove_rmap_ptes <-__zap_vma_range
     cat-177       3...1. 9163us : __tlb_remove_folio_pages <-__zap_vma_range
     cat-177       3...1. 9164us : vm_normal_page <-__zap_vma_range
     cat-177       3...1. 9164us : folio_mark_accessed <-__zap_vma_range
     cat-177       3...1. 9164us : arch_check_zapped_pte <-__zap_vma_range
     cat-177       3...1. 9164us : folio_remove_rmap_ptes <-__zap_vma_range
     cat-177       3...1. 9164us : __tlb_remove_folio_pages <-__zap_vma_range
     cat-177       3...1. 9164us : vm_normal_page <-__zap_vma_range
     cat-177       3...1. 9164us : folio_mark_accessed <-__zap_vma_range
     cat-177       3...1. 9165us : arch_check_zapped_pte <-__zap_vma_range
     cat-177       3...1. 9165us : folio_remove_rmap_ptes <-__zap_vma_range
     cat-177       3...1. 9165us : __tlb_remove_folio_pages <-__zap_vma_range
     cat-177       3...1. 9165us : vm_normal_page <-__zap_vma_range
     cat-177       3...1. 9165us : folio_mark_accessed <-__zap_vma_range
     cat-177       3...1. 9165us : arch_check_zapped_pte <-__zap_vma_range
     cat-177       3...1. 9165us : folio_remove_rmap_ptes <-__zap_vma_range
     cat-177       3...1. 9165us : __tlb_remove_folio_pages <-__zap_vma_range
     cat-177       3...1. 9166us : vm_normal_page <-__zap_vma_range
     cat-177       3...1. 9166us : folio_mark_accessed <-__zap_vma_range
     cat-177       3...1. 9166us : arch_check_zapped_pte <-__zap_vma_range
     cat-177       3...1. 9166us : folio_remove_rmap_ptes <-__zap_vma_range
     cat-177       3...1. 9166us : __tlb_remove_folio_pages <-__zap_vma_range
     cat-177       3...1. 9166us : vm_normal_page <-__zap_vma_range
     cat-177       3...1. 9166us : folio_mark_accessed <-__zap_vma_range
     cat-177       3...1. 9166us : arch_check_zapped_pte <-__zap_vma_range
     cat-177       3...1. 9167us : folio_remove_rmap_ptes <-__zap_vma_range
     cat-177       3...1. 9167us : __tlb_remove_folio_pages <-__zap_vma_range
     cat-177       3...1. 9167us : vm_normal_page <-__zap_vma_range
     cat-177       3...1. 9167us : folio_mark_accessed <-__zap_vma_range
     cat-177       3...1. 9167us : arch_check_zapped_pte <-__zap_vma_range
     cat-177       3...1. 9167us : folio_remove_rmap_ptes <-__zap_vma_range
     cat-177       3...1. 9167us : __tlb_remove_folio_pages <-__zap_vma_range
     cat-177       3...1. 9168us : vm_normal_page <-__zap_vma_range
     cat-177       3...1. 9168us : folio_mark_accessed <-__zap_vma_range
     cat-177       3...1. 9168us : arch_check_zapped_pte <-__zap_vma_range
     cat-177       3...1. 9168us : folio_remove_rmap_ptes <-__zap_vma_range
     cat-177       3...1. 9168us : __tlb_remove_folio_pages <-__zap_vma_range
     cat-177       3...1. 9168us : vm_normal_page <-__zap_vma_range
     cat-177       3...1. 9168us : folio_mark_accessed <-__zap_vma_range
     cat-177       3...1. 9168us : arch_check_zapped_pte <-__zap_vma_range
     cat-177       3...1. 9169us : folio_remove_rmap_ptes <-__zap_vma_range
     cat-177       3...1. 9169us : __tlb_remove_folio_pages <-__zap_vma_range
     cat-177       3...1. 9169us : vm_normal_page <-__zap_vma_range
     cat-177       3...1. 9169us : folio_mark_accessed <-__zap_vma_range
     cat-177       3...1. 9169us : arch_check_zapped_pte <-__zap_vma_range
     cat-177       3...1. 9169us : folio_remove_rmap_ptes <-__zap_vma_range
     cat-177       3...1. 9169us : __tlb_remove_folio_pages <-__zap_vma_range
     cat-177       3...1. 9169us : vm_normal_page <-__zap_vma_range
     cat-177       3...1. 9170us : folio_mark_accessed <-__zap_vma_range
     cat-177       3...1. 9170us : arch_check_zapped_pte <-__zap_vma_range
     cat-177       3...1. 9170us : folio_remove_rmap_ptes <-__zap_vma_range
     cat-177       3...1. 9170us : __tlb_remove_folio_pages <-__zap_vma_range
     cat-177       3...1. 9170us : vm_normal_page <-__zap_vma_range
     cat-177       3...1. 9170us : folio_mark_accessed <-__zap_vma_range
     cat-177       3...1. 9170us : arch_check_zapped_pte <-__zap_vma_range
     cat-177       3...1. 9171us : folio_remove_rmap_ptes <-__zap_vma_range
     cat-177       3...1. 9171us : __tlb_remove_folio_pages <-__zap_vma_range
     cat-177       3...1. 9171us : vm_normal_page <-__zap_vma_range
     cat-177       3...1. 9171us : folio_mark_accessed <-__zap_vma_range
     cat-177       3...1. 9171us : arch_check_zapped_pte <-__zap_vma_range
     cat-177       3...1. 9171us : folio_remove_rmap_ptes <-__zap_vma_range
     cat-177       3...1. 9171us : __tlb_remove_folio_pages <-__zap_vma_range
     cat-177       3...1. 9171us : vm_normal_page <-__zap_vma_range
     cat-177       3...1. 9172us : folio_mark_accessed <-__zap_vma_range
     cat-177       3...1. 9172us : arch_check_zapped_pte <-__zap_vma_range
     cat-177       3...1. 9172us : folio_remove_rmap_ptes <-__zap_vma_range
     cat-177       3...1. 9172us : __tlb_remove_folio_pages <-__zap_vma_range
     cat-177       3...1. 9172us : vm_normal_page <-__zap_vma_range
     cat-177       3...1. 9172us : folio_mark_accessed <-__zap_vma_range
     cat-177       3...1. 9172us : arch_check_zapped_pte <-__zap_vma_range
     cat-177       3...1. 9173us : folio_remove_rmap_ptes <-__zap_vma_range
     cat-177       3...1. 9173us : __tlb_remove_folio_pages <-__zap_vma_range
     cat-177       3...1. 9173us : vm_normal_page <-__zap_vma_range
     cat-177       3...1. 9173us : folio_mark_accessed <-__zap_vma_range
     cat-177       3...1. 9173us : arch_check_zapped_pte <-__zap_vma_range
     cat-177       3...1. 9173us : folio_remove_rmap_ptes <-__zap_vma_range
     cat-177       3...1. 9173us : __tlb_remove_folio_pages <-__zap_vma_range
     cat-177       3...1. 9174us : vm_normal_page <-__zap_vma_range
     cat-177       3...1. 9174us : folio_mark_accessed <-__zap_vma_range
     cat-177       3...1. 9174us : arch_check_zapped_pte <-__zap_vma_range
     cat-177       3...1. 9174us : folio_remove_rmap_ptes <-__zap_vma_range
     cat-177       3...1. 9174us : __tlb_remove_folio_pages <-__zap_vma_range
     cat-177       3...1. 9174us : vm_normal_page <-__zap_vma_range
     cat-177       3...1. 9174us : folio_mark_accessed <-__zap_vma_range
     cat-177       3...1. 9174us : arch_check_zapped_pte <-__zap_vma_range
     cat-177       3...1. 9175us : folio_remove_rmap_ptes <-__zap_vma_range
     cat-177       3...1. 9175us : __tlb_remove_folio_pages <-__zap_vma_range
     cat-177       3...1. 9175us : vm_normal_page <-__zap_vma_range
     cat-177       3...1. 9175us : folio_mark_accessed <-__zap_vma_range
     cat-177       3...1. 9175us : arch_check_zapped_pte <-__zap_vma_range
     cat-177       3...1. 9175us : folio_remove_rmap_ptes <-__zap_vma_range
     cat-177       3...1. 9175us : __tlb_remove_folio_pages <-__zap_vma_range
     cat-177       3...1. 9175us : vm_normal_page <-__zap_vma_range
     cat-177       3...1. 9176us : folio_mark_accessed <-__zap_vma_range
     cat-177       3...1. 9176us : arch_check_zapped_pte <-__zap_vma_range
     cat-177       3...1. 9176us : folio_remove_rmap_ptes <-__zap_vma_range
     cat-177       3...1. 9176us : __tlb_remove_folio_pages <-__zap_vma_range
     cat-177       3...1. 9176us : _raw_spin_lock_irqsave <-percpu_counter_add_batch
     cat-177       3d..2. 9176us : _raw_spin_unlock_irqrestore <-__zap_vma_range
     cat-177       3...1. 9176us : _raw_spin_unlock <-__zap_vma_range
     cat-177       3..... 9177us : __rcu_read_unlock <-__zap_vma_range
     cat-177       3..... 9177us : __zap_vma_range <-unmap_vmas
     cat-177       3..... 9177us : uprobe_munmap <-__zap_vma_range
     cat-177       3..... 9177us : pte_offset_map_lock <-__zap_vma_range
     cat-177       3..... 9177us : __pte_offset_map <-pte_offset_map_lock
     cat-177       3..... 9177us : __rcu_read_lock <-__pte_offset_map
     cat-177       3..... 9177us : _raw_spin_lock <-pte_offset_map_lock
     cat-177       3...1. 9178us : flush_tlb_batched_pending <-__zap_vma_range
     cat-177       3...1. 9178us : vm_normal_page <-__zap_vma_range
     cat-177       3...1. 9178us : arch_check_zapped_pte <-__zap_vma_range
     cat-177       3...1. 9178us : folio_remove_rmap_ptes <-__zap_vma_range
     cat-177       3...1. 9178us : lruvec_stat_mod_folio <-folio_remove_rmap_ptes
     cat-177       3...1. 9178us : __rcu_read_lock <-lruvec_stat_mod_folio
     cat-177       3...1. 9178us : mod_node_page_state <-lruvec_stat_mod_folio
     cat-177       3...1. 9178us : __mod_memcg_lruvec_state <-lruvec_stat_mod_folio
     cat-177       3...2. 9179us : memcg_state_val_in_pages <-__mod_memcg_lruvec_state
     cat-177       3...2. 9179us : __css_rstat_updated <-__mod_memcg_lruvec_state
     cat-177       3...1. 9179us : __rcu_read_unlock <-folio_remove_rmap_ptes
     cat-177       3...1. 9179us : __tlb_remove_folio_pages <-__zap_vma_range
     cat-177       3...1. 9179us : vm_normal_page <-__zap_vma_range
     cat-177       3...1. 9179us : arch_check_zapped_pte <-__zap_vma_range
     cat-177       3...1. 9179us : folio_remove_rmap_ptes <-__zap_vma_range
     cat-177       3...1. 9180us : lruvec_stat_mod_folio <-folio_remove_rmap_ptes
     cat-177       3...1. 9180us : __rcu_read_lock <-lruvec_stat_mod_folio
     cat-177       3...1. 9180us : mod_node_page_state <-lruvec_stat_mod_folio
     cat-177       3...1. 9180us : __mod_memcg_lruvec_state <-lruvec_stat_mod_folio
     cat-177       3...2. 9180us : memcg_state_val_in_pages <-__mod_memcg_lruvec_state
     cat-177       3...2. 9180us : __css_rstat_updated <-__mod_memcg_lruvec_state
     cat-177       3...1. 9180us : __rcu_read_unlock <-folio_remove_rmap_ptes
     cat-177       3...1. 9180us : __tlb_remove_folio_pages <-__zap_vma_range
     cat-177       3...1. 9181us : vm_normal_page <-__zap_vma_range
     cat-177       3...1. 9181us : arch_check_zapped_pte <-__zap_vma_range
     cat-177       3...1. 9181us : folio_remove_rmap_ptes <-__zap_vma_range
     cat-177       3...1. 9181us : lruvec_stat_mod_folio <-folio_remove_rmap_ptes
     cat-177       3...1. 9181us : __rcu_read_lock <-lruvec_stat_mod_folio
     cat-177       3...1. 9181us : mod_node_page_state <-lruvec_stat_mod_folio
     cat-177       3...1. 9181us : __mod_memcg_lruvec_state <-lruvec_stat_mod_folio
     cat-177       3...2. 9181us : memcg_state_val_in_pages <-__mod_memcg_lruvec_state
     cat-177       3...2. 9182us : __css_rstat_updated <-__mod_memcg_lruvec_state
     cat-177       3...1. 9182us : __rcu_read_unlock <-folio_remove_rmap_ptes
     cat-177       3...1. 9182us : __tlb_remove_folio_pages <-__zap_vma_range
     cat-177       3...1. 9182us : vm_normal_page <-__zap_vma_range
     cat-177       3...1. 9182us : arch_check_zapped_pte <-__zap_vma_range
     cat-177       3...1. 9182us : folio_remove_rmap_ptes <-__zap_vma_range
     cat-177       3...1. 9182us : lruvec_stat_mod_folio <-folio_remove_rmap_ptes
     cat-177       3...1. 9182us : __rcu_read_lock <-lruvec_stat_mod_folio
     cat-177       3...1. 9183us : mod_node_page_state <-lruvec_stat_mod_folio
     cat-177       3...1. 9183us : __mod_memcg_lruvec_state <-lruvec_stat_mod_folio
     cat-177       3...2. 9183us : memcg_state_val_in_pages <-__mod_memcg_lruvec_state
     cat-177       3...2. 9183us : __css_rstat_updated <-__mod_memcg_lruvec_state
     cat-177       3...1. 9183us : __rcu_read_unlock <-folio_remove_rmap_ptes
     cat-177       3...1. 9183us : __tlb_remove_folio_pages <-__zap_vma_range
     cat-177       3...1. 9183us : _raw_spin_unlock <-__zap_vma_range
     cat-177       3..... 9184us : __rcu_read_unlock <-__zap_vma_range
     cat-177       3..... 9184us : __zap_vma_range <-unmap_vmas
     cat-177       3..... 9184us : pte_offset_map_lock <-__zap_vma_range
     cat-177       3..... 9184us : __pte_offset_map <-pte_offset_map_lock
     cat-177       3..... 9184us : __rcu_read_lock <-__pte_offset_map
     cat-177       3..... 9184us : _raw_spin_lock <-pte_offset_map_lock
     cat-177       3...1. 9184us : flush_tlb_batched_pending <-__zap_vma_range
     cat-177       3...1. 9185us : vm_normal_page <-__zap_vma_range
     cat-177       3...1. 9185us : arch_check_zapped_pte <-__zap_vma_range
     cat-177       3...1. 9185us : folio_remove_rmap_ptes <-__zap_vma_range
     cat-177       3...1. 9185us : lruvec_stat_mod_folio <-folio_remove_rmap_ptes
     cat-177       3...1. 9185us : __rcu_read_lock <-lruvec_stat_mod_folio
     cat-177       3...1. 9185us : mod_node_page_state <-lruvec_stat_mod_folio
     cat-177       3...1. 9185us : __mod_memcg_lruvec_state <-lruvec_stat_mod_folio
     cat-177       3...2. 9185us : memcg_state_val_in_pages <-__mod_memcg_lruvec_state
     cat-177       3...2. 9186us : __css_rstat_updated <-__mod_memcg_lruvec_state
     cat-177       3...1. 9186us : __rcu_read_unlock <-folio_remove_rmap_ptes
     cat-177       3...1. 9186us : __tlb_remove_folio_pages <-__zap_vma_range
     cat-177       3...1. 9186us : vm_normal_page <-__zap_vma_range
     cat-177       3...1. 9186us : arch_check_zapped_pte <-__zap_vma_range
     cat-177       3...1. 9186us : folio_remove_rmap_ptes <-__zap_vma_range
     cat-177       3...1. 9186us : lruvec_stat_mod_folio <-folio_remove_rmap_ptes
     cat-177       3...1. 9186us : __rcu_read_lock <-lruvec_stat_mod_folio
     cat-177       3...1. 9187us : mod_node_page_state <-lruvec_stat_mod_folio
     cat-177       3...1. 9187us : __mod_memcg_lruvec_state <-lruvec_stat_mod_folio
     cat-177       3...2. 9187us : memcg_state_val_in_pages <-__mod_memcg_lruvec_state
     cat-177       3...2. 9187us : __css_rstat_updated <-__mod_memcg_lruvec_state
     cat-177       3...1. 9187us : __rcu_read_unlock <-folio_remove_rmap_ptes
     cat-177       3...1. 9187us : __tlb_remove_folio_pages <-__zap_vma_range
     cat-177       3...1. 9187us : _raw_spin_unlock <-__zap_vma_range
     cat-177       3..... 9188us : __rcu_read_unlock <-__zap_vma_range
     cat-177       3..... 9188us : __zap_vma_range <-unmap_vmas
     cat-177       3..... 9188us : pte_offset_map_lock <-__zap_vma_range
     cat-177       3..... 9188us : __pte_offset_map <-pte_offset_map_lock
     cat-177       3..... 9188us : __rcu_read_lock <-__pte_offset_map
     cat-177       3..... 9188us : _raw_spin_lock <-pte_offset_map_lock
     cat-177       3...1. 9188us : flush_tlb_batched_pending <-__zap_vma_range
     cat-177       3...1. 9189us : vm_normal_page <-__zap_vma_range
     cat-177       3...1. 9189us : arch_check_zapped_pte <-__zap_vma_range
     cat-177       3...1. 9189us : folio_remove_rmap_ptes <-__zap_vma_range
     cat-177       3...1. 9189us : lruvec_stat_mod_folio <-folio_remove_rmap_ptes
     cat-177       3...1. 9189us : __rcu_read_lock <-lruvec_stat_mod_folio
     cat-177       3...1. 9189us : mod_node_page_state <-lruvec_stat_mod_folio
     cat-177       3...1. 9189us : __mod_memcg_lruvec_state <-lruvec_stat_mod_folio
     cat-177       3...2. 9189us : memcg_state_val_in_pages <-__mod_memcg_lruvec_state
     cat-177       3...2. 9190us : __css_rstat_updated <-__mod_memcg_lruvec_state
     cat-177       3...1. 9190us : __rcu_read_unlock <-folio_remove_rmap_ptes
     cat-177       3...1. 9190us : __tlb_remove_folio_pages <-__zap_vma_range
     cat-177       3...1. 9190us : vm_normal_page <-__zap_vma_range
     cat-177       3...1. 9190us : arch_check_zapped_pte <-__zap_vma_range
     cat-177       3...1. 9190us : folio_remove_rmap_ptes <-__zap_vma_range
     cat-177       3...1. 9190us : lruvec_stat_mod_folio <-folio_remove_rmap_ptes
     cat-177       3...1. 9191us : __rcu_read_lock <-lruvec_stat_mod_folio
     cat-177       3...1. 9191us : mod_node_page_state <-lruvec_stat_mod_folio
     cat-177       3...1. 9191us : __mod_memcg_lruvec_state <-lruvec_stat_mod_folio
     cat-177       3...2. 9191us : memcg_state_val_in_pages <-__mod_memcg_lruvec_state
     cat-177       3...2. 9191us : __css_rstat_updated <-__mod_memcg_lruvec_state
     cat-177       3...1. 9191us : __rcu_read_unlock <-folio_remove_rmap_ptes
     cat-177       3...1. 9191us : __tlb_remove_folio_pages <-__zap_vma_range
     cat-177       3...1. 9192us : _raw_spin_unlock <-__zap_vma_range
     cat-177       3..... 9192us : __rcu_read_unlock <-__zap_vma_range
     cat-177       3..... 9192us : up_read <-exit_mmap
     cat-177       3..... 9192us : down_write <-exit_mmap
     cat-177       3..... 9192us : free_pgtables <-exit_mmap
     cat-177       3..... 9192us : __vma_start_write <-free_pgtables
     cat-177       3..... 9193us : __vma_start_exclude_readers <-__vma_start_write
     cat-177       3..... 9193us : finish_rcuwait <-__vma_start_exclude_readers
     cat-177       3..... 9193us : unlink_anon_vmas <-free_pgtables
     cat-177       3..... 9193us : unlink_file_vma_batch_init <-free_pgtables
     cat-177       3..... 9193us : unlink_file_vma_batch_add <-free_pgtables
     cat-177       3..... 9193us : __vma_start_write <-free_pgtables
     cat-177       3..... 9193us : __vma_start_exclude_readers <-__vma_start_write
     cat-177       3..... 9194us : finish_rcuwait <-__vma_start_exclude_readers
     cat-177       3..... 9194us : unlink_anon_vmas <-free_pgtables
     cat-177       3..... 9194us : unlink_file_vma_batch_add <-free_pgtables
     cat-177       3..... 9194us : __vma_start_write <-free_pgtables
     cat-177       3..... 9194us : __vma_start_exclude_readers <-__vma_start_write
     cat-177       3..... 9194us : finish_rcuwait <-__vma_start_exclude_readers
     cat-177       3..... 9194us : unlink_anon_vmas <-free_pgtables
     cat-177       3..... 9194us : unlink_file_vma_batch_add <-free_pgtables
     cat-177       3..... 9195us : __vma_start_write <-free_pgtables
     cat-177       3..... 9195us : __vma_start_exclude_readers <-__vma_start_write
     cat-177       3..... 9195us : finish_rcuwait <-__vma_start_exclude_readers
     cat-177       3..... 9195us : unlink_anon_vmas <-free_pgtables
     cat-177       3..... 9195us : unlink_file_vma_batch_add <-free_pgtables
     cat-177       3..... 9195us : __vma_start_write <-free_pgtables
     cat-177       3..... 9195us : __vma_start_exclude_readers <-__vma_start_write
     cat-177       3..... 9196us : finish_rcuwait <-__vma_start_exclude_readers
     cat-177       3..... 9196us : unlink_anon_vmas <-free_pgtables
     cat-177       3..... 9196us : unlink_file_vma_batch_add <-free_pgtables
     cat-177       3..... 9196us : __vma_start_write <-free_pgtables
     cat-177       3..... 9196us : __vma_start_exclude_readers <-__vma_start_write
     cat-177       3..... 9196us : finish_rcuwait <-__vma_start_exclude_readers
     cat-177       3..... 9196us : unlink_anon_vmas <-free_pgtables
     cat-177       3..... 9196us : unlink_file_vma_batch_add <-free_pgtables
     cat-177       3..... 9197us : __vma_start_write <-free_pgtables
     cat-177       3..... 9197us : __vma_start_exclude_readers <-__vma_start_write
     cat-177       3..... 9197us : finish_rcuwait <-__vma_start_exclude_readers
     cat-177       3..... 9197us : unlink_anon_vmas <-free_pgtables
     cat-177       3..... 9197us : down_write <-unlink_anon_vmas
     cat-177       3..... 9197us : anon_vma_interval_tree_remove <-unlink_anon_vmas
     cat-177       3..... 9198us : up_write <-unlink_anon_vmas
     cat-177       3..... 9198us : __put_anon_vma <-unlink_anon_vmas
     cat-177       3..... 9198us : kmem_cache_free <-__put_anon_vma
     cat-177       3..... 9198us : kmem_cache_free <-unlink_anon_vmas
     cat-177       3..... 9198us : unlink_file_vma_batch_add <-free_pgtables
     cat-177       3..... 9198us : __vma_start_write <-free_pgtables
     cat-177       3..... 9198us : __vma_start_exclude_readers <-__vma_start_write
     cat-177       3..... 9198us : finish_rcuwait <-__vma_start_exclude_readers
     cat-177       3..... 9199us : unlink_anon_vmas <-free_pgtables
     cat-177       3..... 9199us : down_write <-unlink_anon_vmas
     cat-177       3..... 9199us : anon_vma_interval_tree_remove <-unlink_anon_vmas
     cat-177       3..... 9199us : up_write <-unlink_anon_vmas
     cat-177       3..... 9199us : __put_anon_vma <-unlink_anon_vmas
     cat-177       3..... 9199us : kmem_cache_free <-__put_anon_vma
     cat-177       3..... 9199us : kmem_cache_free <-unlink_anon_vmas
     cat-177       3..... 9200us : unlink_file_vma_batch_add <-free_pgtables
     cat-177       3..... 9200us : unlink_file_vma_batch_final <-free_pgtables
     cat-177       3..... 9200us : unlink_file_vma_batch_process <-free_pgtables
     cat-177       3..... 9200us : down_write <-unlink_file_vma_batch_process
     cat-177       3..... 9200us : vma_interval_tree_remove <-unlink_file_vma_batch_process
     cat-177       3..... 9200us : vma_interval_tree_remove <-unlink_file_vma_batch_process
     cat-177       3..... 9200us : vma_interval_tree_remove <-unlink_file_vma_batch_process
     cat-177       3..... 9201us : vma_interval_tree_remove <-unlink_file_vma_batch_process
     cat-177       3..... 9201us : up_write <-unlink_file_vma_batch_process
     cat-177       3..... 9201us : free_pgd_range <-free_pgtables
     cat-177       3..... 9201us : ___pte_free_tlb <-free_pgd_range
     cat-177       3..... 9201us : tlb_remove_table <-free_pgd_range
     cat-177       3..... 9201us : get_free_pages_noprof <-tlb_remove_table
     cat-177       3..... 9202us : alloc_pages_noprof <-get_free_pages_noprof
     cat-177       3..... 9202us : alloc_pages_mpol <-alloc_pages_noprof
     cat-177       3..... 9202us : policy_nodemask <-alloc_pages_mpol
     cat-177       3..... 9202us : __alloc_frozen_pages_noprof <-alloc_pages_mpol
     cat-177       3..... 9202us : get_page_from_freelist <-__alloc_frozen_pages_noprof
     cat-177       3...1. 9202us : _raw_spin_trylock <-get_page_from_freelist
     cat-177       3...2. 9202us : _raw_spin_unlock <-get_page_from_freelist
     cat-177       3..... 9202us : kernel_init_pages <-get_page_from_freelist
     cat-177       3..... 9203us : ___pmd_free_tlb <-free_pgd_range
     cat-177       3..... 9203us : tlb_remove_table <-free_pgd_range
     cat-177       3..... 9203us : __vma_start_write <-free_pgtables
     cat-177       3..... 9203us : __vma_start_exclude_readers <-__vma_start_write
     cat-177       3..... 9203us : finish_rcuwait <-__vma_start_exclude_readers
     cat-177       3..... 9203us : unlink_anon_vmas <-free_pgtables
     cat-177       3..... 9204us : down_write <-unlink_anon_vmas
     cat-177       3..... 9204us : anon_vma_interval_tree_remove <-unlink_anon_vmas
     cat-177       3..... 9204us : up_write <-unlink_anon_vmas
     cat-177       3..... 9204us : __put_anon_vma <-unlink_anon_vmas
     cat-177       3..... 9204us : kmem_cache_free <-__put_anon_vma
     cat-177       3..... 9204us : kmem_cache_free <-unlink_anon_vmas
     cat-177       3..... 9204us : unlink_file_vma_batch_init <-free_pgtables
     cat-177       3..... 9205us : unlink_file_vma_batch_add <-free_pgtables
     cat-177       3..... 9205us : unlink_file_vma_batch_final <-free_pgtables
     cat-177       3..... 9205us : free_pgd_range <-free_pgtables
     cat-177       3..... 9205us : ___pte_free_tlb <-free_pgd_range
     cat-177       3..... 9205us : tlb_remove_table <-free_pgd_range
     cat-177       3..... 9205us : ___pmd_free_tlb <-free_pgd_range
     cat-177       3..... 9205us : tlb_remove_table <-free_pgd_range
     cat-177       3..... 9206us : ___pud_free_tlb <-free_pgd_range
     cat-177       3..... 9206us : tlb_remove_table <-free_pgd_range
     cat-177       3..... 9206us : tlb_finish_mmu <-exit_mmap
     cat-177       3..... 9206us : flush_tlb_mm_range <-tlb_flush_mmu_tlbonly
     cat-177       3d..1. 9206us : flush_tlb_func <-flush_tlb_mm_range
     cat-177       3d..1. 9206us : mm_needs_global_asid <-flush_tlb_func
     cat-177       3d..1. 9206us : switch_mm_irqs_off <-flush_tlb_mm_range
     cat-177       3d..1. 9207us : choose_new_asid <-switch_mm_irqs_off
     cat-177       3d..1. 9207us : switch_ldt <-flush_tlb_mm_range
     cat-177       3..... 9207us : call_rcu <-tlb_finish_mmu
     cat-177       3..... 9207us : __call_rcu_common <-tlb_finish_mmu
     cat-177       3d.... 9207us : rcu_async_should_hurry <-__call_rcu_common
     cat-177       3d.... 9208us : rcu_segcblist_enqueue <-__call_rcu_common
     cat-177       3..... 9208us : __tlb_batch_free_encoded_pages <-tlb_finish_mmu
     cat-177       3..... 9208us : free_pages_and_swap_cache <-__tlb_batch_free_encoded_pages
     cat-177       3..... 9208us : free_swap_cache <-free_pages_and_swap_cache
     cat-177       3..... 9208us : free_swap_cache <-free_pages_and_swap_cache
     cat-177       3..... 9208us : free_swap_cache <-free_pages_and_swap_cache
     cat-177       3..... 9208us : free_swap_cache <-free_pages_and_swap_cache
     cat-177       3..... 9209us : free_swap_cache <-free_pages_and_swap_cache
     cat-177       3..... 9209us : free_swap_cache <-free_pages_and_swap_cache
     cat-177       3..... 9209us : free_swap_cache <-free_pages_and_swap_cache
     cat-177       3..... 9209us : folios_put_refs <-free_pages_and_swap_cache
     cat-177       3..... 9209us : __tlb_batch_free_encoded_pages <-tlb_finish_mmu
     cat-177       3..... 9209us : free_pages_and_swap_cache <-__tlb_batch_free_encoded_pages
     cat-177       3..... 9209us : free_swap_cache <-free_pages_and_swap_cache
     cat-177       3..... 9210us : free_swap_cache <-free_pages_and_swap_cache
     cat-177       3..... 9210us : free_swap_cache <-free_pages_and_swap_cache
     cat-177       3..... 9210us : free_swap_cache <-free_pages_and_swap_cache
     cat-177       3..... 9210us : free_swap_cache <-free_pages_and_swap_cache
     cat-177       3..... 9210us : free_swap_cache <-free_pages_and_swap_cache
     cat-177       3..... 9210us : free_swap_cache <-free_pages_and_swap_cache
     cat-177       3..... 9210us : free_swap_cache <-free_pages_and_swap_cache
     cat-177       3..... 9210us : free_swap_cache <-free_pages_and_swap_cache
     cat-177       3..... 9211us : free_swap_cache <-free_pages_and_swap_cache
     cat-177       3..... 9211us : free_swap_cache <-free_pages_and_swap_cache
     cat-177       3..... 9211us : free_swap_cache <-free_pages_and_swap_cache
     cat-177       3..... 9211us : free_swap_cache <-free_pages_and_swap_cache
     cat-177       3..... 9211us : free_swap_cache <-free_pages_and_swap_cache
     cat-177       3..... 9211us : free_swap_cache <-free_pages_and_swap_cache
     cat-177       3..... 9211us : free_swap_cache <-free_pages_and_swap_cache
     cat-177       3..... 9212us : free_swap_cache <-free_pages_and_swap_cache
     cat-177       3..... 9212us : free_swap_cache <-free_pages_and_swap_cache
     cat-177       3..... 9212us : free_swap_cache <-free_pages_and_swap_cache
     cat-177       3..... 9212us : free_swap_cache <-free_pages_and_swap_cache
     cat-177       3..... 9212us : free_swap_cache <-free_pages_and_swap_cache
     cat-177       3..... 9212us : free_swap_cache <-free_pages_and_swap_cache
     cat-177       3..... 9212us : free_swap_cache <-free_pages_and_swap_cache
     cat-177       3..... 9213us : free_swap_cache <-free_pages_and_swap_cache
     cat-177       3..... 9213us : free_swap_cache <-free_pages_and_swap_cache
     cat-177       3..... 9213us : free_swap_cache <-free_pages_and_swap_cache
     cat-177       3..... 9213us : free_swap_cache <-free_pages_and_swap_cache
     cat-177       3..... 9213us : free_swap_cache <-free_pages_and_swap_cache
     cat-177       3..... 9213us : free_swap_cache <-free_pages_and_swap_cache
     cat-177       3..... 9213us : free_swap_cache <-free_pages_and_swap_cache
     cat-177       3..... 9213us : free_swap_cache <-free_pages_and_swap_cache
     cat-177       3..... 9214us : folios_put_refs <-free_pages_and_swap_cache
     cat-177       3..... 9214us : free_swap_cache <-free_pages_and_swap_cache
     cat-177       3..... 9214us : free_swap_cache <-free_pages_and_swap_cache
     cat-177       3..... 9214us : free_swap_cache <-free_pages_and_swap_cache
     cat-177       3..... 9214us : free_swap_cache <-free_pages_and_swap_cache
     cat-177       3..... 9214us : free_swap_cache <-free_pages_and_swap_cache
     cat-177       3..... 9214us : free_swap_cache <-free_pages_and_swap_cache
     cat-177       3..... 9215us : free_swap_cache <-free_pages_and_swap_cache
     cat-177       3..... 9215us : free_swap_cache <-free_pages_and_swap_cache
     cat-177       3..... 9215us : free_swap_cache <-free_pages_and_swap_cache
     cat-177       3..... 9215us : free_swap_cache <-free_pages_and_swap_cache
     cat-177       3..... 9215us : free_swap_cache <-free_pages_and_swap_cache
     cat-177       3..... 9215us : free_swap_cache <-free_pages_and_swap_cache
     cat-177       3..... 9215us : free_swap_cache <-free_pages_and_swap_cache
     cat-177       3..... 9215us : free_swap_cache <-free_pages_and_swap_cache
     cat-177       3..... 9216us : free_swap_cache <-free_pages_and_swap_cache
     cat-177       3..... 9216us : free_swap_cache <-free_pages_and_swap_cache
     cat-177       3..... 9216us : free_swap_cache <-free_pages_and_swap_cache
     cat-177       3..... 9216us : free_swap_cache <-free_pages_and_swap_cache
     cat-177       3..... 9216us : free_swap_cache <-free_pages_and_swap_cache
     cat-177       3..... 9216us : free_swap_cache <-free_pages_and_swap_cache
     cat-177       3..... 9216us : free_swap_cache <-free_pages_and_swap_cache
     cat-177       3..... 9216us : free_swap_cache <-free_pages_and_swap_cache
     cat-177       3..... 9217us : free_swap_cache <-free_pages_and_swap_cache
     cat-177       3..... 9217us : free_swap_cache <-free_pages_and_swap_cache
     cat-177       3..... 9217us : free_swap_cache <-free_pages_and_swap_cache
     cat-177       3..... 9217us : free_swap_cache <-free_pages_and_swap_cache
     cat-177       3..... 9217us : free_swap_cache <-free_pages_and_swap_cache
     cat-177       3..... 9217us : free_swap_cache <-free_pages_and_swap_cache
     cat-177       3..... 9217us : free_swap_cache <-free_pages_and_swap_cache
     cat-177       3..... 9218us : free_swap_cache <-free_pages_and_swap_cache
     cat-177       3..... 9218us : free_swap_cache <-free_pages_and_swap_cache
     cat-177       3..... 9218us : folios_put_refs <-free_pages_and_swap_cache
     cat-177       3..... 9218us : free_swap_cache <-free_pages_and_swap_cache
     cat-177       3..... 9218us : free_swap_cache <-free_pages_and_swap_cache
     cat-177       3..... 9218us : free_swap_cache <-free_pages_and_swap_cache
     cat-177       3..... 9218us : free_swap_cache <-free_pages_and_swap_cache
     cat-177       3..... 9218us : free_swap_cache <-free_pages_and_swap_cache
     cat-177       3..... 9219us : free_swap_cache <-free_pages_and_swap_cache
     cat-177       3..... 9219us : free_swap_cache <-free_pages_and_swap_cache
     cat-177       3..... 9219us : free_swap_cache <-free_pages_and_swap_cache
     cat-177       3..... 9219us : free_swap_cache <-free_pages_and_swap_cache
     cat-177       3..... 9219us : free_swap_cache <-free_pages_and_swap_cache
     cat-177       3..... 9219us : free_swap_cache <-free_pages_and_swap_cache
     cat-177       3..... 9219us : free_swap_cache <-free_pages_and_swap_cache
     cat-177       3..... 9220us : free_swap_cache <-free_pages_and_swap_cache
     cat-177       3..... 9220us : free_swap_cache <-free_pages_and_swap_cache
     cat-177       3..... 9220us : free_swap_cache <-free_pages_and_swap_cache
     cat-177       3..... 9220us : free_swap_cache <-free_pages_and_swap_cache
     cat-177       3..... 9220us : free_swap_cache <-free_pages_and_swap_cache
     cat-177       3..... 9220us : free_swap_cache <-free_pages_and_swap_cache
     cat-177       3..... 9220us : free_swap_cache <-free_pages_and_swap_cache
     cat-177       3..... 9220us : free_swap_cache <-free_pages_and_swap_cache
     cat-177       3..... 9221us : free_swap_cache <-free_pages_and_swap_cache
     cat-177       3..... 9221us : free_swap_cache <-free_pages_and_swap_cache
     cat-177       3..... 9221us : free_swap_cache <-free_pages_and_swap_cache
     cat-177       3..... 9221us : free_swap_cache <-free_pages_and_swap_cache
     cat-177       3..... 9221us : free_swap_cache <-free_pages_and_swap_cache
     cat-177       3..... 9221us : free_swap_cache <-free_pages_and_swap_cache
     cat-177       3..... 9221us : free_swap_cache <-free_pages_and_swap_cache
     cat-177       3..... 9221us : free_swap_cache <-free_pages_and_swap_cache
     cat-177       3..... 9222us : free_swap_cache <-free_pages_and_swap_cache
     cat-177       3..... 9222us : free_swap_cache <-free_pages_and_swap_cache
     cat-177       3..... 9222us : free_swap_cache <-free_pages_and_swap_cache
     cat-177       3..... 9222us : folios_put_refs <-free_pages_and_swap_cache
     cat-177       3..... 9222us : free_swap_cache <-free_pages_and_swap_cache
     cat-177       3..... 9222us : free_swap_cache <-free_pages_and_swap_cache
     cat-177       3..... 9222us : free_swap_cache <-free_pages_and_swap_cache
     cat-177       3..... 9223us : free_swap_cache <-free_pages_and_swap_cache
     cat-177       3..... 9223us : free_swap_cache <-free_pages_and_swap_cache
     cat-177       3..... 9223us : free_swap_cache <-free_pages_and_swap_cache
     cat-177       3..... 9223us : free_swap_cache <-free_pages_and_swap_cache
     cat-177       3..... 9223us : free_swap_cache <-free_pages_and_swap_cache
     cat-177       3..... 9223us : free_swap_cache <-free_pages_and_swap_cache
     cat-177       3..... 9223us : free_swap_cache <-free_pages_and_swap_cache
     cat-177       3..... 9223us : free_swap_cache <-free_pages_and_swap_cache
     cat-177       3..... 9224us : free_swap_cache <-free_pages_and_swap_cache
     cat-177       3..... 9224us : free_swap_cache <-free_pages_and_swap_cache
     cat-177       3..... 9224us : free_swap_cache <-free_pages_and_swap_cache
     cat-177       3..... 9224us : free_swap_cache <-free_pages_and_swap_cache
     cat-177       3..... 9224us : free_swap_cache <-free_pages_and_swap_cache
     cat-177       3..... 9224us : free_swap_cache <-free_pages_and_swap_cache
     cat-177       3..... 9224us : free_swap_cache <-free_pages_and_swap_cache
     cat-177       3..... 9225us : free_swap_cache <-free_pages_and_swap_cache
     cat-177       3..... 9225us : free_swap_cache <-free_pages_and_swap_cache
     cat-177       3..... 9225us : free_swap_cache <-free_pages_and_swap_cache
     cat-177       3..... 9225us : free_swap_cache <-free_pages_and_swap_cache
     cat-177       3..... 9225us : free_swap_cache <-free_pages_and_swap_cache
     cat-177       3..... 9225us : free_swap_cache <-free_pages_and_swap_cache
     cat-177       3..... 9225us : free_swap_cache <-free_pages_and_swap_cache
     cat-177       3..... 9225us : free_swap_cache <-free_pages_and_swap_cache
     cat-177       3..... 9226us : free_swap_cache <-free_pages_and_swap_cache
     cat-177       3..... 9226us : free_swap_cache <-free_pages_and_swap_cache
     cat-177       3..... 9226us : free_swap_cache <-free_pages_and_swap_cache
     cat-177       3..... 9226us : free_swap_cache <-free_pages_and_swap_cache
     cat-177       3..... 9226us : free_swap_cache <-free_pages_and_swap_cache
     cat-177       3..... 9226us : folios_put_refs <-free_pages_and_swap_cache
     cat-177       3..... 9226us : free_swap_cache <-free_pages_and_swap_cache
     cat-177       3..... 9227us : free_swap_cache <-free_pages_and_swap_cache
     cat-177       3..... 9227us : free_swap_cache <-free_pages_and_swap_cache
     cat-177       3..... 9227us : free_swap_cache <-free_pages_and_swap_cache
     cat-177       3..... 9227us : free_swap_cache <-free_pages_and_swap_cache
     cat-177       3..... 9227us : free_swap_cache <-free_pages_and_swap_cache
     cat-177       3..... 9227us : free_swap_cache <-free_pages_and_swap_cache
     cat-177       3..... 9227us : free_swap_cache <-free_pages_and_swap_cache
     cat-177       3..... 9227us : folios_put_refs <-free_pages_and_swap_cache
     cat-177       3..... 9228us : __page_cache_release.part.0 <-folios_put_refs
     cat-177       3..... 9228us : folio_lruvec_lock_irqsave <-__page_cache_release.part.0
     cat-177       3..... 9228us : __rcu_read_lock <-folio_lruvec_lock_irqsave
     cat-177       3..... 9228us : _raw_spin_lock_irqsave <-folio_lruvec_lock_irqsave
     cat-177       3d..1. 9228us : mod_lruvec_state <-lru_gen_del_folio.constprop.0
     cat-177       3d..1. 9228us : mod_node_page_state <-mod_lruvec_state
     cat-177       3d..1. 9228us : __mod_memcg_lruvec_state <-lru_gen_del_folio.constprop.0
     cat-177       3d..2. 9229us : memcg_state_val_in_pages <-__mod_memcg_lruvec_state
     cat-177       3d..2. 9229us : __css_rstat_updated <-__mod_memcg_lruvec_state
     cat-177       3d..1. 9229us : __mod_zone_page_state <-lru_gen_del_folio.constprop.0
     cat-177       3d..1. 9229us : __page_cache_release.part.0 <-folios_put_refs
     cat-177       3d..1. 9229us : mod_lruvec_state <-lru_gen_del_folio.constprop.0
     cat-177       3d..1. 9229us : mod_node_page_state <-mod_lruvec_state
     cat-177       3d..1. 9229us : __mod_memcg_lruvec_state <-lru_gen_del_folio.constprop.0
     cat-177       3d..2. 9230us : memcg_state_val_in_pages <-__mod_memcg_lruvec_state
     cat-177       3d..2. 9230us : __css_rstat_updated <-__mod_memcg_lruvec_state
     cat-177       3d..1. 9230us : __mod_zone_page_state <-lru_gen_del_folio.constprop.0
     cat-177       3d..1. 9230us : __page_cache_release.part.0 <-folios_put_refs
     cat-177       3d..1. 9230us : mod_lruvec_state <-lru_gen_del_folio.constprop.0
     cat-177       3d..1. 9230us : mod_node_page_state <-mod_lruvec_state
     cat-177       3d..1. 9230us : __mod_memcg_lruvec_state <-lru_gen_del_folio.constprop.0
     cat-177       3d..2. 9230us : memcg_state_val_in_pages <-__mod_memcg_lruvec_state
     cat-177       3d..2. 9231us : __css_rstat_updated <-__mod_memcg_lruvec_state
     cat-177       3d..1. 9231us : __mod_zone_page_state <-lru_gen_del_folio.constprop.0
     cat-177       3d..1. 9231us : __page_cache_release.part.0 <-folios_put_refs
     cat-177       3d..1. 9231us : mod_lruvec_state <-lru_gen_del_folio.constprop.0
     cat-177       3d..1. 9231us : mod_node_page_state <-mod_lruvec_state
     cat-177       3d..1. 9231us : __mod_memcg_lruvec_state <-lru_gen_del_folio.constprop.0
     cat-177       3d..2. 9231us : memcg_state_val_in_pages <-__mod_memcg_lruvec_state
     cat-177       3d..2. 9232us : __css_rstat_updated <-__mod_memcg_lruvec_state
     cat-177       3d..1. 9232us : __mod_zone_page_state <-lru_gen_del_folio.constprop.0
     cat-177       3d..1. 9232us : _raw_spin_unlock_irqrestore <-folios_put_refs
     cat-177       3..... 9232us : __rcu_read_unlock <-folios_put_refs
     cat-177       3..... 9232us : __mem_cgroup_uncharge_folios <-folios_put_refs
     cat-177       3..... 9232us : uncharge_folio <-__mem_cgroup_uncharge_folios
     cat-177       3..... 9233us : uncharge_folio <-__mem_cgroup_uncharge_folios
     cat-177       3..... 9233us : uncharge_folio <-__mem_cgroup_uncharge_folios
     cat-177       3..... 9233us : uncharge_folio <-__mem_cgroup_uncharge_folios
     cat-177       3..... 9233us : uncharge_batch <-__mem_cgroup_uncharge_folios
     cat-177       3..... 9233us : __rcu_read_lock <-uncharge_batch
     cat-177       3..... 9233us : __rcu_read_unlock <-uncharge_batch
     cat-177       3..... 9233us : free_unref_folios <-folios_put_refs
     cat-177       3...1. 9234us : _raw_spin_trylock <-free_unref_folios
     cat-177       3...2. 9234us : free_frozen_page_commit <-free_unref_folios
     cat-177       3...2. 9234us : free_frozen_page_commit <-free_unref_folios
     cat-177       3...2. 9234us : free_frozen_page_commit <-free_unref_folios
     cat-177       3...2. 9234us : free_frozen_page_commit <-free_unref_folios
     cat-177       3...2. 9234us : _raw_spin_unlock <-free_unref_folios
     cat-177       3..... 9235us : free_pages <-tlb_finish_mmu
     cat-177       3..... 9235us : ___free_pages <-tlb_finish_mmu
     cat-177       3..... 9235us : __free_frozen_pages <-tlb_finish_mmu
     cat-177       3..... 9235us : __get_pfnblock_flags_mask.isra.0 <-__free_frozen_pages
     cat-177       3...1. 9235us : _raw_spin_trylock <-__free_frozen_pages
     cat-177       3...2. 9235us : free_frozen_page_commit <-__free_frozen_pages
     cat-177       3...2. 9235us : _raw_spin_unlock <-__free_frozen_pages
     cat-177       3..... 9235us : tear_down_vmas <-exit_mmap
     cat-177       3..... 9236us : remove_vma <-tear_down_vmas
     cat-177       3..... 9236us : special_mapping_close <-remove_vma
     cat-177       3..... 9236us : vm_area_free <-tear_down_vmas
     cat-177       3..... 9236us : kfree <-vm_area_free
     cat-177       3..... 9236us : kmem_cache_free <-tear_down_vmas
     cat-177       3..... 9236us : remove_vma <-tear_down_vmas
     cat-177       3..... 9237us : special_mapping_close <-remove_vma
     cat-177       3..... 9237us : vm_area_free <-tear_down_vmas
     cat-177       3..... 9237us : kfree <-vm_area_free
     cat-177       3..... 9237us : kmem_cache_free <-tear_down_vmas
     cat-177       3..... 9237us : remove_vma <-tear_down_vmas
     cat-177       3..... 9237us : special_mapping_close <-remove_vma
     cat-177       3..... 9237us : vm_area_free <-tear_down_vmas
     cat-177       3..... 9238us : kfree <-vm_area_free
     cat-177       3..... 9238us : kmem_cache_free <-tear_down_vmas
     cat-177       3..... 9238us : remove_vma <-tear_down_vmas
     cat-177       3..... 9238us : fput <-remove_vma
     cat-177       3..... 9238us : vm_area_free <-tear_down_vmas
     cat-177       3..... 9238us : kfree <-vm_area_free
     cat-177       3..... 9238us : kmem_cache_free <-tear_down_vmas
     cat-177       3..... 9239us : remove_vma <-tear_down_vmas
     cat-177       3..... 9239us : fput <-remove_vma
     cat-177       3..... 9239us : vm_area_free <-tear_down_vmas
     cat-177       3..... 9239us : kfree <-vm_area_free
     cat-177       3..... 9239us : kmem_cache_free <-tear_down_vmas
     cat-177       3..... 9239us : remove_vma <-tear_down_vmas
     cat-177       3..... 9239us : fput <-remove_vma
     cat-177       3..... 9239us : vm_area_free <-tear_down_vmas
     cat-177       3..... 9240us : kfree <-vm_area_free
     cat-177       3..... 9240us : kmem_cache_free <-tear_down_vmas
     cat-177       3..... 9240us : remove_vma <-tear_down_vmas
     cat-177       3..... 9240us : fput <-remove_vma
     cat-177       3..... 9240us : vm_area_free <-tear_down_vmas
     cat-177       3..... 9240us : kfree <-vm_area_free
     cat-177       3..... 9240us : kmem_cache_free <-tear_down_vmas
     cat-177       3..... 9241us : remove_vma <-tear_down_vmas
     cat-177       3..... 9241us : vm_area_free <-tear_down_vmas
     cat-177       3..... 9241us : kfree <-vm_area_free
     cat-177       3..... 9241us : kmem_cache_free <-tear_down_vmas
     cat-177       3..... 9241us : remove_vma <-tear_down_vmas
     cat-177       3..... 9241us : vm_area_free <-tear_down_vmas
     cat-177       3..... 9241us : kfree <-vm_area_free
     cat-177       3..... 9241us : kmem_cache_free <-tear_down_vmas
     cat-177       3..... 9242us : kfree <-__mt_destroy
     cat-177       3..... 9242us : up_write <-exit_mmap
     cat-177       3..... 9242us : mm_put_huge_zero_folio <-__mmput
     cat-177       3..... 9242us : fput <-__mmput
     cat-177       3...1. 9242us : __file_ref_put <-fput
     cat-177       3..... 9242us : __fput_deferred <-__mmput
     cat-177       3..... 9243us : task_work_add <-__fput_deferred
     cat-177       3..... 9243us : kick_process <-task_work_add
     cat-177       3..... 9243us : module_put <-__mmput
     cat-177       3..... 9243us : lru_gen_del_mm <-__mmput
     cat-177       3..... 9243us : _raw_spin_lock <-lru_gen_del_mm
     cat-177       3...1. 9243us : _raw_spin_unlock <-lru_gen_del_mm
     cat-177       3..... 9244us : futex_hash_free <-__mmput
     cat-177       3..... 9244us : free_percpu <-futex_hash_free
     cat-177       3..... 9244us : kvfree <-futex_hash_free
     cat-177       3..... 9244us : is_vmalloc_addr <-kvfree
     cat-177       3..... 9244us : kfree <-futex_hash_free
     cat-177       3..... 9244us : acct_process <-do_exit
     cat-177       3..... 9244us : task_active_pid_ns <-acct_process
     cat-177       3..... 9245us : exit_sem <-do_exit
     cat-177       3..... 9245us : exit_shm <-do_exit
     cat-177       3..... 9245us : _raw_spin_lock <-exit_shm
     cat-177       3...1. 9245us : _raw_spin_unlock <-do_exit
     cat-177       3..... 9245us : exit_files <-do_exit
     cat-177       3..... 9245us : _raw_spin_lock <-exit_files
     cat-177       3...1. 9246us : _raw_spin_unlock <-exit_files
     cat-177       3..... 9246us : put_files_struct.part.0 <-do_exit
     cat-177       3..... 9246us : filp_close <-put_files_struct.part.0
     cat-177       3..... 9246us : filp_flush <-filp_close
     cat-177       3..... 9246us : dnotify_flush <-filp_flush
     cat-177       3..... 9246us : locks_remove_posix <-filp_flush
     cat-177       3..... 9246us : fput_close <-filp_close
     cat-177       3..... 9247us : filp_close <-put_files_struct.part.0
     cat-177       3..... 9247us : filp_flush <-filp_close
     cat-177       3..... 9247us : dnotify_flush <-filp_flush
     cat-177       3..... 9247us : locks_remove_posix <-filp_flush
     cat-177       3..... 9247us : fput_close <-filp_close
     cat-177       3..... 9247us : filp_close <-put_files_struct.part.0
     cat-177       3..... 9247us : filp_flush <-filp_close
     cat-177       3..... 9248us : dnotify_flush <-filp_flush
     cat-177       3..... 9248us : locks_remove_posix <-filp_flush
     cat-177       3..... 9248us : fput_close <-filp_close
     cat-177       3..... 9248us : kmem_cache_free <-do_exit
     cat-177       3..... 9248us : exit_fs <-do_exit
     cat-177       3..... 9249us : _raw_spin_lock <-exit_fs
     cat-177       3...1. 9249us : _raw_spin_lock <-exit_fs
     cat-177       3...2. 9249us : _raw_spin_unlock <-exit_fs
     cat-177       3...1. 9249us : _raw_spin_unlock <-exit_fs
     cat-177       3..... 9249us : path_put <-exit_fs
     cat-177       3..... 9249us : dput <-path_put
     cat-177       3..... 9249us : dput.part.0 <-path_put
     cat-177       3..... 9249us : __rcu_read_lock <-dput.part.0
     cat-177       3..... 9250us : __rcu_read_unlock <-path_put
     cat-177       3..... 9250us : mntput <-exit_fs
     cat-177       3..... 9250us : __rcu_read_lock <-mntput
     cat-177       3..... 9250us : __rcu_read_unlock <-exit_fs
     cat-177       3..... 9250us : path_put <-exit_fs
     cat-177       3..... 9250us : dput <-path_put
     cat-177       3..... 9250us : dput.part.0 <-path_put
     cat-177       3..... 9251us : __rcu_read_lock <-dput.part.0
     cat-177       3..... 9251us : __rcu_read_unlock <-path_put
     cat-177       3..... 9251us : mntput <-exit_fs
     cat-177       3..... 9251us : __rcu_read_lock <-mntput
     cat-177       3..... 9251us : __rcu_read_unlock <-exit_fs
     cat-177       3..... 9251us : kmem_cache_free <-do_exit
     cat-177       3..... 9251us : disassociate_ctty <-do_exit
     cat-177       3..... 9252us : exit_nsproxy_namespaces <-do_exit
     cat-177       3..... 9252us : switch_task_namespaces <-do_exit
     cat-177       3..... 9252us : _raw_spin_lock <-switch_task_namespaces
     cat-177       3...1. 9252us : _raw_spin_unlock <-switch_task_namespaces
     cat-177       3..... 9252us : task_work_run <-do_exit
     cat-177       3..... 9252us : _raw_spin_lock_irq <-task_work_run
     cat-177       3d..1. 9253us : _raw_spin_unlock_irq <-task_work_run
     cat-177       3..... 9253us : ____fput <-task_work_run
     cat-177       3..... 9253us : __fput <-task_work_run
     cat-177       3..... 9253us : locks_remove_file <-__fput
     cat-177       3..... 9253us : security_file_release <-__fput
     cat-177       3..... 9253us : bpf_lsm_file_release <-security_file_release
     cat-177       3..... 9254us : module_put <-__fput
     cat-177       3..... 9254us : file_f_owner_release <-__fput
     cat-177       3..... 9254us : dput <-__fput
     cat-177       3..... 9254us : dput.part.0 <-__fput
     cat-177       3..... 9254us : __rcu_read_lock <-dput.part.0
     cat-177       3..... 9254us : __rcu_read_unlock <-__fput
     cat-177       3..... 9254us : mntput <-__fput
     cat-177       3..... 9254us : __rcu_read_lock <-mntput
     cat-177       3..... 9255us : __rcu_read_unlock <-__fput
     cat-177       3..... 9255us : security_file_free <-__fput
     cat-177       3..... 9255us : hook_file_free_security <-security_file_free
     cat-177       3..... 9255us : put_pid <-hook_file_free_security
     cat-177       3..... 9255us : landlock_put_ruleset_deferred <-security_file_free
     cat-177       3..... 9255us : bpf_lsm_file_free_security <-security_file_free
     cat-177       3..... 9255us : kmem_cache_free <-__fput
     cat-177       3..... 9256us : __put_cred <-__fput
     cat-177       3..... 9256us : call_rcu <-__fput
     cat-177       3..... 9256us : __call_rcu_common <-__fput
     cat-177       3d.... 9256us : rcu_async_should_hurry <-__call_rcu_common
     cat-177       3d.... 9256us : rcu_segcblist_enqueue <-__call_rcu_common
     cat-177       3..... 9256us : kmem_cache_free <-task_work_run
     cat-177       3..... 9257us : exit_thread <-do_exit
     cat-177       3..... 9257us : shstk_free <-exit_thread
     cat-177       3..... 9257us : fpu__drop <-do_exit
     cat-177       3..... 9257us : sched_autogroup_exit_task <-do_exit
     cat-177       3..... 9257us : sched_move_task <-do_exit
     cat-177       3..... 9257us : _task_rq_lock <-sched_move_task
     cat-177       3..... 9257us : _raw_spin_lock_irqsave <-_task_rq_lock
     cat-177       3d..1. 9258us : raw_spin_rq_lock_nested <-_task_rq_lock
     cat-177       3d..2. 9258us : _raw_spin_lock <-raw_spin_rq_lock_nested
     cat-177       3d..2. 9258us : sched_change_begin <-sched_move_task
     cat-177       3d..2. 9258us : update_rq_clock <-sched_change_begin
     cat-177       3d..2. 9258us : kvm_steal_clock <-update_rq_clock
     cat-177       3d..2. 9258us : update_irq_load_avg <-update_rq_clock
     cat-177       3d..2. 9258us : arch_scale_cpu_capacity <-update_irq_load_avg
     cat-177       3d..2. 9259us : arch_scale_cpu_capacity <-update_rq_clock
     cat-177       3d..2. 9259us : dequeue_task_fair <-sched_change_begin
     cat-177       3d..2. 9259us : dequeue_entities <-dequeue_task_fair
     cat-177       3d..2. 9259us : update_curr <-dequeue_entities
     cat-177       3d..2. 9259us : update_se <-update_curr
     cat-177       3d..2. 9260us : cpuacct_charge <-update_se
     cat-177       3d..2. 9260us : dl_server_update <-update_curr
     cat-177       3d..2. 9260us : update_curr_dl_se <-update_curr
     cat-177       3d..2. 9260us : __update_load_avg_se <-update_load_avg
     cat-177       3d..2. 9260us : __update_load_avg_cfs_rq <-update_cfs_rq_load_avg
     cat-177       3d..2. 9260us : avg_vruntime <-dequeue_entities
     cat-177       3d..2. 9261us : entity_lag.isra.0 <-dequeue_entities
     cat-177       3d..2. 9261us : update_cfs_group <-dequeue_entities
     cat-177       3d..2. 9261us : put_prev_task_fair <-sched_change_begin
     cat-177       3d..2. 9261us : put_prev_entity <-put_prev_task_fair
     cat-177       3d..2. 9261us : task_wants_autogroup <-sched_move_task
     cat-177       3d..2. 9262us : task_change_group_fair <-sched_move_task
     cat-177       3d..2. 9262us : __update_load_avg_se <-task_change_group_fair
     cat-177       3d..2. 9262us : __update_load_avg_cfs_rq <-update_cfs_rq_load_avg
     cat-177       3d..2. 9262us : detach_entity_load_avg <-task_change_group_fair
     cat-177       3d..2. 9262us : propagate_entity_cfs_rq <-task_change_group_fair
     cat-177       3d..2. 9262us : attach_entity_cfs_rq <-sched_move_task
     cat-177       3d..2. 9263us : __update_load_avg_cfs_rq <-update_cfs_rq_load_avg
     cat-177       3d..2. 9263us : attach_entity_load_avg <-attach_entity_cfs_rq
     cat-177       3d..2. 9263us : propagate_entity_cfs_rq <-sched_move_task
     cat-177       3d..2. 9263us : sched_change_end <-sched_move_task
     cat-177       3d..2. 9263us : enqueue_task <-sched_change_end
     cat-177       3d..2. 9263us : enqueue_task_fair <-enqueue_task
     cat-177       3d..2. 9264us : update_curr <-enqueue_task_fair
     cat-177       3d..2. 9264us : __update_load_avg_se <-update_load_avg
     cat-177       3d..2. 9264us : __update_load_avg_cfs_rq <-update_cfs_rq_load_avg
     cat-177       3d..2. 9264us : update_cfs_group <-enqueue_task_fair
     cat-177       3d..2. 9264us : place_entity <-enqueue_task_fair
     cat-177       3d..2. 9264us : avg_vruntime <-place_entity
     cat-177       3d..2. 9264us : __enqueue_entity <-enqueue_task_fair
     cat-177       3d..2. 9265us : dl_server_start <-enqueue_task_fair
     cat-177       3d..2. 9265us : hrtimer_active <-enqueue_task_fair
     cat-177       3d..2. 9265us : hrtick_start_fair <-enqueue_task
     cat-177       3d..2. 9265us : set_next_task_fair <-sched_change_end
     cat-177       3d..2. 9265us : set_next_entity <-set_next_task_fair
     cat-177       3d..2. 9265us : __dequeue_entity <-set_next_entity
     cat-177       3d..2. 9266us : __update_load_avg_se <-update_load_avg
     cat-177       3d..2. 9266us : __update_load_avg_cfs_rq <-update_cfs_rq_load_avg
     cat-177       3d..2. 9266us : prio_changed_fair <-sched_move_task
     cat-177       3d..2. 9266us : __resched_curr <-sched_move_task
     cat-177       3dN.2. 9266us : __balance_callbacks <-sched_move_task
     cat-177       3dN.2. 9266us : _raw_spin_unlock <-sched_move_task
     cat-177       3dN.1. 9267us : _raw_spin_unlock_irqrestore <-sched_move_task
     cat-177       3dN.1. 9267us : rcu_note_context_switch <-__schedule
     cat-177       3dN.1. 9267us : migrate_disable_switch.isra.0 <-__schedule
     cat-177       3dN.1. 9267us : raw_spin_rq_lock_nested <-__schedule
     cat-177       3dN.2. 9267us : _raw_spin_lock <-raw_spin_rq_lock_nested
     cat-177       3dN.2. 9267us : update_rq_clock <-__schedule
     cat-177       3dN.2. 9268us : kvm_steal_clock <-update_rq_clock
     cat-177       3dN.2. 9268us : arch_scale_cpu_capacity <-update_rq_clock
     cat-177       3dN.2. 9268us : pick_next_task_fair <-__schedule
     cat-177       3dN.2. 9268us : pick_task_fair <-pick_next_task_fair
     cat-177       3dN.2. 9268us : update_curr <-pick_task_fair
     cat-177       3dN.2. 9268us : update_se <-update_curr
     cat-177       3dN.2. 9268us : cpuacct_charge <-update_se
     cat-177       3dN.2. 9269us : dl_server_update <-update_curr
     cat-177       3dN.2. 9269us : update_curr_dl_se <-update_curr
     cat-177       3dN.2. 9269us : pick_eevdf <-pick_task_fair
     cat-177       3d..2. 9269us : _raw_spin_unlock <-__schedule
     cat-177       3..... 9269us : cgroup_task_exit <-do_exit
     cat-177       3..... 9270us : blkcg_exit <-cgroup_task_exit
     cat-177       3..... 9270us : mem_cgroup_exit <-cgroup_task_exit
     cat-177       3..... 9270us : flush_ptrace_hw_breakpoint <-do_exit
     cat-177       3..... 9270us : unregister_hw_breakpoint <-flush_ptrace_hw_breakpoint
     cat-177       3..... 9270us : unregister_hw_breakpoint <-flush_ptrace_hw_breakpoint
     cat-177       3..... 9271us : unregister_hw_breakpoint <-flush_ptrace_hw_breakpoint
     cat-177       3..... 9271us : unregister_hw_breakpoint <-flush_ptrace_hw_breakpoint
     cat-177       3..... 9271us : exit_tasks_rcu_start <-do_exit
     cat-177       3...1. 9271us : _raw_spin_lock_irqsave <-exit_tasks_rcu_start
     cat-177       3d..2. 9271us : _raw_spin_unlock_irqrestore <-exit_tasks_rcu_start
     cat-177       3..... 9271us : _raw_write_lock_irq <-do_exit
     cat-177       3d..1. 9272us : task_active_pid_ns <-do_exit
     cat-177       3d..1. 9272us : kill_orphaned_pgrp <-do_exit
     cat-177       3d..1. 9272us : do_notify_parent <-do_exit
     cat-177       3d..1. 9272us : __wake_up <-do_notify_parent
     cat-177       3d..1. 9272us : _raw_spin_lock_irqsave <-__wake_up
     cat-177       3d..2. 9272us : __wake_up_common <-__wake_up
     cat-177       3d..2. 9273us : _raw_spin_unlock_irqrestore <-__wake_up
     cat-177       3d..1. 9273us : __rcu_read_lock <-do_notify_parent
     cat-177       3d..1. 9273us : task_active_pid_ns <-do_notify_parent
     cat-177       3d..1. 9273us : __task_pid_nr_ns <-do_notify_parent
     cat-177       3d..1. 9273us : __rcu_read_lock <-__task_pid_nr_ns
     cat-177       3d..1. 9273us : __rcu_read_unlock <-__task_pid_nr_ns
     cat-177       3d..1. 9273us : __rcu_read_lock <-do_notify_parent
     cat-177       3d..1. 9274us : __rcu_read_unlock <-do_notify_parent
     cat-177       3d..1. 9274us : __rcu_read_lock <-do_notify_parent
     cat-177       3d..1. 9274us : __rcu_read_unlock <-do_notify_parent
     cat-177       3d..1. 9274us : from_kuid_munged <-do_notify_parent
     cat-177       3d..1. 9274us : map_id_range_up <-from_kuid_munged
     cat-177       3d..1. 9274us : __rcu_read_unlock <-do_notify_parent
     cat-177       3d..1. 9274us : task_cputime <-do_notify_parent
     cat-177       3d..1. 9275us : nsec_to_clock_t <-do_notify_parent
     cat-177       3d..1. 9275us : nsec_to_clock_t <-do_notify_parent
     cat-177       3d..1. 9275us : _raw_spin_lock_irqsave <-do_notify_parent
     cat-177       3d..2. 9275us : __send_signal_locked <-do_notify_parent
     cat-177       3d..2. 9275us : prepare_signal <-__send_signal_locked
     cat-177       3d..2. 9276us : sig_get_ucounts <-__send_signal_locked
     cat-177       3d..2. 9276us : __rcu_read_lock <-sig_get_ucounts
     cat-177       3d..2. 9276us : __rcu_read_lock <-sig_get_ucounts
     cat-177       3d..2. 9276us : __rcu_read_unlock <-sig_get_ucounts
     cat-177       3d..2. 9276us : inc_rlimit_get_ucounts <-sig_get_ucounts
     cat-177       3d..2. 9276us : __rcu_read_unlock <-sig_get_ucounts
     cat-177       3d..2. 9277us : kmem_cache_alloc_noprof <-__send_signal_locked
     cat-177       3d..2. 9277us : complete_signal <-__send_signal_locked
     cat-177       3d..2. 9278us : wake_up_state <-complete_signal
     cat-177       3d..2. 9278us : try_to_wake_up <-complete_signal
     cat-177       3d..3. 9278us : _raw_spin_lock_irqsave <-try_to_wake_up
     cat-177       3d..4. 9278us : __traceiter_sched_waking <-try_to_wake_up
     cat-177       3d..4. 9278us : select_task_rq_fair <-try_to_wake_up
     cat-177       3d..4. 9279us : choose_idle_cpu <-select_task_rq_fair
     cat-177       3d..4. 9279us : ttwu_queue_wakelist <-try_to_wake_up
     cat-177       3d..4. 9279us : scx_allow_ttwu_queue <-ttwu_queue_wakelist
     cat-177       3d..4. 9279us : __smp_call_single_queue <-ttwu_queue_wakelist
     cat-177       3d..4. 9280us : call_function_single_prep_ipi <-__smp_call_single_queue
     cat-177       3d..4. 9280us : native_send_call_func_single_ipi <-ttwu_queue_wakelist
     cat-177       3d..4. 9280us : x2apic_send_IPI <-ttwu_queue_wakelist
     cat-177       3d..4. 9282us : _raw_spin_unlock_irqrestore <-try_to_wake_up
     cat-177       3d..2. 9282us : __wake_up_parent <-do_notify_parent
     cat-177       3d..2. 9283us : __wake_up_sync_key <-do_notify_parent
     cat-177       3d..2. 9283us : _raw_spin_lock_irqsave <-__wake_up_sync_key
     cat-177       3d..3. 9283us : __wake_up_common <-__wake_up_sync_key
     cat-177       3d..3. 9283us : child_wait_callback <-__wake_up_common
     cat-177       3d..3. 9283us : default_wake_function <-__wake_up_common
     cat-177       3d..3. 9283us : try_to_wake_up <-__wake_up_common
     cat-177       3d..4. 9283us : _raw_spin_lock_irqsave <-try_to_wake_up
     cat-177       3d..5. 9284us : _raw_spin_unlock_irqrestore <-try_to_wake_up
     cat-177       3d..3. 9284us : _raw_spin_unlock_irqrestore <-do_notify_parent
     cat-177       3d..2. 9284us : _raw_spin_unlock_irqrestore <-do_notify_parent
     cat-177       3d..1. 9284us : _raw_write_unlock_irq <-do_exit
     cat-177       3..... 9284us : proc_exit_connector <-do_exit
     cat-177       3..... 9284us : mpol_put_task_policy <-do_exit
     cat-177       3..... 9285us : _raw_spin_lock <-mpol_put_task_policy
     cat-177       3...1. 9285us : _raw_spin_unlock <-mpol_put_task_policy
     cat-177       3..... 9285us : free_pipe_info <-do_exit
     cat-177       3..... 9285us : free_uid <-free_pipe_info
     cat-177       3..... 9285us : kfree <-free_pipe_info
     cat-177       3..... 9285us : kfree <-do_exit
     cat-177       3..... 9286us : exit_task_stack_account <-do_exit
     cat-177       3..... 9286us : lruvec_stat_mod_folio <-exit_task_stack_account
     cat-177       3..... 9286us : __rcu_read_lock <-lruvec_stat_mod_folio
     cat-177       3..... 9286us : __rcu_read_unlock <-lruvec_stat_mod_folio
     cat-177       3..... 9286us : mod_node_page_state <-exit_task_stack_account
     cat-177       3..... 9286us : lruvec_stat_mod_folio <-exit_task_stack_account
     cat-177       3..... 9287us : __rcu_read_lock <-lruvec_stat_mod_folio
     cat-177       3..... 9287us : __rcu_read_unlock <-lruvec_stat_mod_folio
     cat-177       3..... 9287us : mod_node_page_state <-exit_task_stack_account
     cat-177       3..... 9287us : lruvec_stat_mod_folio <-exit_task_stack_account
     cat-177       3..... 9287us : __rcu_read_lock <-lruvec_stat_mod_folio
     cat-177       3..... 9287us : __rcu_read_unlock <-lruvec_stat_mod_folio
     cat-177       3..... 9287us : mod_node_page_state <-exit_task_stack_account
     cat-177       3..... 9287us : lruvec_stat_mod_folio <-exit_task_stack_account
     cat-177       3..... 9288us : __rcu_read_lock <-lruvec_stat_mod_folio
     cat-177       3..... 9288us : __rcu_read_unlock <-lruvec_stat_mod_folio
     cat-177       3..... 9288us : mod_node_page_state <-exit_task_stack_account
     cat-177       3...1. 9288us : exit_rcu <-do_exit
     cat-177       3...1. 9288us : exit_tasks_rcu_finish <-do_exit
     cat-177       3...1. 9288us : _raw_spin_lock_irqsave <-exit_tasks_rcu_finish
     cat-177       3d..2. 9288us : _raw_spin_unlock_irqrestore <-do_exit
     cat-177       3...1. 9289us : do_task_dead <-do_exit
     cat-177       3...1. 9289us : _raw_spin_lock_irqsave <-do_task_dead
     cat-177       3d..2. 9289us : _raw_spin_unlock_irqrestore <-do_task_dead
     cat-177       3d..1. 9289us : rcu_note_context_switch <-__schedule
     cat-177       3d..1. 9289us : migrate_disable_switch.isra.0 <-__schedule
     cat-177       3d..1. 9289us : raw_spin_rq_lock_nested <-__schedule
     cat-177       3d..2. 9289us : _raw_spin_lock <-raw_spin_rq_lock_nested
     cat-177       3d..2. 9290us : update_rq_clock <-__schedule
     cat-177       3d..2. 9290us : kvm_steal_clock <-update_rq_clock
     cat-177       3d..2. 9290us : arch_scale_cpu_capacity <-update_rq_clock
     cat-177       3d..2. 9290us : dequeue_task_fair <-__schedule
     cat-177       3d..2. 9290us : dequeue_entities <-dequeue_task_fair
     cat-177       3d..2. 9290us : update_curr <-dequeue_entities
     cat-177       3d..2. 9290us : update_se <-update_curr
     cat-177       3d..2. 9291us : cpuacct_charge <-update_se
     cat-177       3d..2. 9291us : dl_server_update <-update_curr
     cat-177       3d..2. 9291us : update_curr_dl_se <-update_curr
     cat-177       3d..2. 9291us : __update_load_avg_se <-update_load_avg
     cat-177       3d..2. 9291us : __update_load_avg_cfs_rq <-update_cfs_rq_load_avg
     cat-177       3d..2. 9291us : avg_vruntime <-dequeue_entities
     cat-177       3d..2. 9292us : entity_lag.isra.0 <-dequeue_entities
     cat-177       3d..2. 9292us : update_cfs_group <-dequeue_entities
     cat-177       3d..2. 9292us : pick_next_task_fair <-__schedule
     cat-177       3d..2. 9292us : pick_task_fair <-pick_next_task_fair
     cat-177       3d..2. 9292us : __msecs_to_jiffies <-pick_next_task_fair
     cat-177       3d..2. 9292us : pick_task_idle <-__schedule
     cat-177       3d..2. 9293us : put_prev_task_fair <-__schedule
     cat-177       3d..2. 9293us : put_prev_entity <-put_prev_task_fair
     cat-177       3d..2. 9293us : set_next_task_idle <-__schedule
     cat-177       3d..2. 9293us : psi_account_irqtime <-__schedule
     cat-177       3d..2. 9293us : psi_task_switch <-__schedule
     cat-177       3d..2. 9294us : psi_flags_change <-psi_task_switch
     cat-177       3d..2. 9294us : psi_group_change <-psi_task_switch
     cat-177       3d..2. 9294us : record_times <-psi_group_change
     cat-177       3d..2. 9294us : __traceiter_sched_switch <-__schedule
