# tracer: function_graph
#
# CPU  DURATION                  FUNCTION CALLS
# |     |   |                     |   |   |   |
 0)   0.982 us    |  mutex_unlock(); /* ret=0xffff8f308369c400 */
 0)               |  __x64_sys_dup2() {
 0)               |    ksys_dup3() {
 0)   0.149 us    |      _raw_spin_lock(); /* ret=0x0 */
 0)   0.160 us    |      expand_files(); /* ret=0x0 */
 0)               |      do_dup2() {
 0)   0.160 us    |        _raw_spin_unlock(); /* ret=0x1 */
 0)               |        filp_close() {
 0)               |          filp_flush() {
 0)   0.151 us    |            dnotify_flush(); /* ret=0x8000 */
 0)   0.160 us    |            locks_remove_posix(); /* ret=0x0 */
 0)   0.851 us    |          } /* filp_flush ret=0x0 */
 0)               |          fput_close() {
 0)               |            __fput_deferred() {
 0)               |              task_work_add() {
 0)   0.160 us    |                kick_process(); /* ret=0x0 */
 0)   0.501 us    |              } /* task_work_add ret=0x0 */
 0)   0.832 us    |            } /* __fput_deferred ret=0x0 */
 0)   1.172 us    |          } /* fput_close ret=0x0 */
 0)   2.545 us    |        } /* filp_close ret=0x0 */
 0)   3.235 us    |      } /* do_dup2 ret=0x1 */
 0)   4.408 us    |    } /* ksys_dup3 ret=0x1 */
 0)   4.809 us    |  } /* __x64_sys_dup2 ret=0x1 */
 0)               |  task_work_run() {
 0)   0.150 us    |    _raw_spin_lock_irq(); /* ret=0x0 */
 0)   0.161 us    |    _raw_spin_unlock_irq(); /* ret=0x1 */
 0)               |    ____fput() {
 0)               |      __fput() {
 0)   0.151 us    |        locks_remove_file(); /* ret=0x0 */
 0)               |        security_file_release() {
 0)   0.161 us    |          bpf_lsm_file_release(); /* ret=0x0 */
 0)   0.490 us    |        } /* security_file_release ret=0x0 */
 0)   0.160 us    |        mutex_lock(); /* ret=0x0 */
 0)   0.150 us    |        mutex_unlock(); /* ret=0xffff8f308369c400 */
 0)   0.160 us    |        module_put(); /* ret=0xffffffffae6758a0 */
 0)   0.160 us    |        file_f_owner_release(); /* ret=0x0 */
 0)   0.151 us    |        mnt_put_write_access(); /* ret=0xffffffffb04eeed8 */
 0)               |        dput() {
 0)               |          dput.part.0() {
 0)   0.150 us    |            __rcu_read_lock(); /* ret=0xffff8f308369c400 */
 0)   0.150 us    |            __rcu_read_unlock(); /* ret=0x0 */
 0)   0.852 us    |          } /* dput.part.0 ret=0x0 */
 0)   1.183 us    |        } /* dput ret=0x0 */
 0)               |        mntput() {
 0)   0.150 us    |          __rcu_read_lock(); /* ret=0xffff8f308369c400 */
 0)   0.151 us    |          __rcu_read_unlock(); /* ret=0x0 */
 0)   0.811 us    |        } /* mntput ret=0x0 */
 0)               |        security_file_free() {
 0)               |          hook_file_free_security() {
 0)   0.149 us    |            put_pid(); /* ret=0x0 */
 0)   0.151 us    |            landlock_put_ruleset_deferred(); /* ret=0x0 */
 0)   0.841 us    |          } /* hook_file_free_security ret=0x0 */
 0)   0.160 us    |          bpf_lsm_file_free_security(); /* ret=0x0 */
 0)   0.170 us    |          kmem_cache_free(); /* ret=0x0 */
 0)   1.874 us    |        } /* security_file_free ret=0x0 */
 0)   0.150 us    |        kmem_cache_free(); /* ret=0x0 */
 0)   7.715 us    |      } /* __fput ret=0x0 */
 0)   8.046 us    |    } /* ____fput ret=0x0 */
 0)   9.057 us    |  } /* task_work_run ret=0x0 */
 0)   0.161 us    |  blkcg_maybe_throttle_current(); /* ret=0x0 */
 0)               |  __x64_sys_close() {
 0)               |    file_close_fd() {
 0)   0.150 us    |      _raw_spin_lock(); /* ret=0x0 */
 0)   0.170 us    |      file_close_fd_locked(); /* ret=0xffff8f3082e2b9c0 */
 0)   0.149 us    |      _raw_spin_unlock(); /* ret=0x1 */
 0)   1.162 us    |    } /* file_close_fd ret=0xffff8f3082e2b9c0 */
 0)               |    filp_flush() {
 0)   0.150 us    |      dnotify_flush(); /* ret=0x2000 */
 0)   0.160 us    |      locks_remove_posix(); /* ret=0x0 */
 0)   0.841 us    |    } /* filp_flush ret=0x0 */
 0)   0.160 us    |    fput_close_sync(); /* ret=0x2 */
 0)   3.235 us    |  } /* __x64_sys_close ret=0x0 */
 0)               |  __x64_sys_rt_sigaction() {
 0)               |    do_sigaction() {
 0)   0.169 us    |      _raw_spin_lock_irq(); /* ret=0x0 */
 0)   0.160 us    |      sigaction_compat_abi(); /* ret=0xffffd26ac04fc000 */
 0)   0.170 us    |      _raw_spin_unlock_irq(); /* ret=0x1 */
 0)   1.332 us    |    } /* do_sigaction ret=0x0 */
 0)   1.854 us    |  } /* __x64_sys_rt_sigaction ret=0x0 */
 0)               |  __x64_sys_execve() {
 0)               |    getname_flags() {
 0)               |      do_getname() {
 0)   0.211 us    |        kmem_cache_alloc_noprof(); /* ret=0xffff8f30819c89c0 */
 0)               |        __check_object_size() {
 0)   0.161 us    |          check_stack_object(); /* ret=0x0 */
 0)   0.161 us    |          is_vmalloc_addr(); /* ret=0x0 */
 0)   0.170 us    |          __virt_addr_valid(); /* ret=0x1 */
 0)   0.161 us    |          __check_heap_object(); /* ret=0xa8 */
 0)   1.553 us    |        } /* __check_object_size ret=0xffff8f3098e00000 */
 0)   2.335 us    |      } /* do_getname ret=0xffff8f30819c89c0 */
 0)   2.675 us    |    } /* getname_flags ret=0xffff8f30819c89c0 */
 0)               |    do_execveat_common.isra.0() {
 0)               |      alloc_bprm() {
 0)               |        do_open_execat() {
 0)               |          do_file_open() {
 0)               |            path_openat() {
 0)               |              alloc_empty_file() {
 0)   0.180 us    |                kmem_cache_alloc_noprof(); /* ret=0xffff8f30819dbcc0 */
 0)               |                init_file() {
 0)               |                  security_file_alloc() {
 0)   0.171 us    |                    kmem_cache_alloc_noprof(); /* ret=0xffff8f3082e4e160 */
 0)   0.149 us    |                    hook_file_alloc_security(); /* ret=0x0 */
 0)   0.161 us    |                    bpf_lsm_file_alloc_security(); /* ret=0x0 */
 0)   1.213 us    |                  } /* security_file_alloc ret=0x0 */
 0)   0.160 us    |                  mutex_init_generic(); /* ret=0x0 */
 0)   1.903 us    |                } /* init_file ret=0x0 */
 0)   2.625 us    |              } /* alloc_empty_file ret=0xffff8f30819dbcc0 */
 0)               |              path_init() {
 0)   0.151 us    |                __rcu_read_lock(); /* ret=0xffff8f308369c400 */
 0)               |                nd_jump_root() {
 0)   0.160 us    |                  set_root(); /* ret=0x0 */
 0)   0.491 us    |                } /* nd_jump_root ret=0x0 */
 0)   1.183 us    |              } /* path_init ret=0xffff8f30819c89d8 */
 0)               |              link_path_walk() {
 0)               |                security_inode_permission() {
 0)   0.150 us    |                  bpf_lsm_inode_permission(); /* ret=0x0 */
 0)   0.501 us    |                } /* security_inode_permission ret=0x0 */
 0)               |                lookup_fast() {
 0)   0.440 us    |                  __d_lookup_rcu(); /* ret=0xffff8f308162e3c0 */
 0)   0.791 us    |                } /* lookup_fast ret=0xffff8f308162e3c0 */
 0)               |                security_inode_permission() {
 0)   0.150 us    |                  bpf_lsm_inode_permission(); /* ret=0x0 */
 0)   0.490 us    |                } /* security_inode_permission ret=0x0 */
 0)   0.160 us    |                make_vfsuid(); /* ret=0x3e8 */
 0)   2.956 us    |              } /* link_path_walk ret=0x0 */
 0)               |              lookup_fast() {
 0)   0.411 us    |                __d_lookup_rcu(); /* ret=0xffff8f308141ca80 */
 0)   0.742 us    |              } /* lookup_fast ret=0xffff8f308141ca80 */
 0)               |              step_into_slowpath() {
 0)               |                pick_link() {
 0)               |                  atime_needs_update() {
 0)   0.150 us    |                    make_vfsuid(); /* ret=0x0 */
 0)   0.160 us    |                    make_vfsgid(); /* ret=0x0 */
 0)               |                    current_time() {
 0)   0.160 us    |                      ktime_get_coarse_real_ts64_mg(); /* ret=0x18dbf6bfccdb1380 */
 0)   0.511 us    |                    } /* current_time ret=0x6ac50444 */
 0)   1.754 us    |                  } /* atime_needs_update ret=0x20c10001 */
 0)               |                  try_to_unlazy() {
 0)               |                    legitimize_links() {
 0)               |                      __legitimize_path() {
 0)   0.160 us    |                        __legitimize_mnt(); /* ret=0x0 */
 0)   0.602 us    |                      } /* __legitimize_path ret=0xffff8f308141ca01 */
 0)   0.962 us    |                    } /* legitimize_links ret=0xffff8f308141ca01 */
 0)               |                    __legitimize_path() {
 0)   0.161 us    |                      __legitimize_mnt(); /* ret=0x0 */
 0)   0.490 us    |                    } /* __legitimize_path ret=0xffff8f308162e301 */
 0)               |                    __legitimize_path() {
 0)   0.150 us    |                      __legitimize_mnt(); /* ret=0x0 */
 0)   0.492 us    |                    } /* __legitimize_path ret=0xffff8f3081406e01 */
 0)   0.160 us    |                    __rcu_read_unlock(); /* ret=0x0 */
 0)   3.296 us    |                  } /* try_to_unlazy ret=0x8162e301 */
 0)               |                  touch_atime() {
 0)               |                    atime_needs_update() {
 0)   0.161 us    |                      make_vfsuid(); /* ret=0x0 */
 0)   0.161 us    |                      make_vfsgid(); /* ret=0x0 */
 0)               |                      current_time() {
 0)   0.150 us    |                        ktime_get_coarse_real_ts64_mg(); /* ret=0x18dbf6bfccdb1380 */
 0)   0.490 us    |                      } /* current_time ret=0x6ac50444 */
 0)   1.482 us    |                    } /* atime_needs_update ret=0x20c10001 */
 0)   0.160 us    |                    mnt_get_write_access(); /* ret=0x0 */
 0)               |                    current_time() {
 0)   0.150 us    |                      ktime_get_coarse_real_ts64_mg(); /* ret=0x18dbf6bfccdb1380 */
 0)   0.490 us    |                    } /* current_time ret=0x6ac50444 */
 0)   0.170 us    |                    __mark_inode_dirty(); /* ret=0x10 */
 0)   0.151 us    |                    mnt_put_write_access(); /* ret=0xffffffffb04e9330 */
 0)   3.656 us    |                  } /* touch_atime ret=0xffffffffb04e9320 */
 0)               |                  security_inode_follow_link() {
 0)   0.160 us    |                    bpf_lsm_inode_follow_link(); /* ret=0x0 */
 0)   0.501 us    |                  } /* security_inode_follow_link ret=0x0 */
 0)               |                  nd_jump_root() {
 0)               |                    dput() {
 0)               |                      dput.part.0() {
 0)   0.160 us    |                        __rcu_read_lock(); /* ret=0xffff8f308369c400 */
 0)   0.160 us    |                        __rcu_read_unlock(); /* ret=0x0 */
 0)   0.822 us    |                      } /* dput.part.0 ret=0x0 */
 0)   1.143 us    |                    } /* dput ret=0x0 */
 0)               |                    mntput() {
 0)   0.151 us    |                      __rcu_read_lock(); /* ret=0xffff8f308369c400 */
 0)   0.161 us    |                      __rcu_read_unlock(); /* ret=0x0 */
 0)   0.811 us    |                    } /* mntput ret=0x0 */
 0)   0.150 us    |                    mntget(); /* ret=0xffff8f30812be1a0 */
 0)   2.836 us    |                  } /* nd_jump_root ret=0x0 */
 0) + 13.365 us   |                } /* pick_link ret=0xffff8f30833e2561 */
 0) + 13.736 us   |              } /* step_into_slowpath ret=0xffff8f30833e2561 */
 0)               |              link_path_walk() {
 0)               |                security_inode_permission() {
 0)   0.150 us    |                  bpf_lsm_inode_permission(); /* ret=0x0 */
 0)   0.491 us    |                } /* security_inode_permission ret=0x0 */
 0)               |                lookup_fast() {
 0)               |                  __d_lookup() {
 0)   0.150 us    |                    __rcu_read_lock(); /* ret=0xffff8f308369c400 */
 0)   0.151 us    |                    _raw_spin_lock(); /* ret=0x0 */
 0)   0.161 us    |                    d_same_name(); /* ret=0xffff01 */
 0)   0.160 us    |                    _raw_spin_unlock(); /* ret=0x1 */
 0)   0.149 us    |                    __rcu_read_unlock(); /* ret=0x0 */
 0)   1.853 us    |                  } /* __d_lookup ret=0xffff8f308162e3c0 */
 0)   2.204 us    |                } /* lookup_fast ret=0xffff8f308162e3c0 */
 0)               |                step_into_slowpath() {
 0)               |                  dput() {
 0)               |                    dput.part.0() {
 0)   0.161 us    |                      __rcu_read_lock(); /* ret=0xffff8f308369c400 */
 0)   0.160 us    |                      __rcu_read_unlock(); /* ret=0x0 */
 0)   0.821 us    |                    } /* dput.part.0 ret=0x0 */
 0)   1.142 us    |                  } /* dput ret=0x0 */
 0)   1.494 us    |                } /* step_into_slowpath ret=0x0 */
 0)               |                security_inode_permission() {
 0)   0.151 us    |                  bpf_lsm_inode_permission(); /* ret=0x0 */
 0)   0.481 us    |                } /* security_inode_permission ret=0x0 */
 0)   0.151 us    |                make_vfsuid(); /* ret=0x3e8 */
 0)   5.891 us    |              } /* link_path_walk ret=0x0 */
 0)               |              lookup_fast() {
 0)               |                __d_lookup() {
 0)   0.151 us    |                  __rcu_read_lock(); /* ret=0xffff8f308369c400 */
 0)   0.231 us    |                  _raw_spin_lock(); /* ret=0x0 */
 0)   0.150 us    |                  d_same_name(); /* ret=0xffffffffffff01 */
 0)   0.160 us    |                  _raw_spin_unlock(); /* ret=0x1 */
 0)   0.151 us    |                  __rcu_read_unlock(); /* ret=0x0 */
 0)   2.014 us    |                } /* __d_lookup ret=0xffff8f308162e300 */
 0)   2.345 us    |              } /* lookup_fast ret=0xffff8f308162e300 */
 0)               |              dput() {
 0)               |                dput.part.0() {
 0)   0.151 us    |                  __rcu_read_lock(); /* ret=0xffff8f308369c400 */
 0)   0.151 us    |                  __rcu_read_unlock(); /* ret=0x0 */
 0)   0.962 us    |                } /* dput.part.0 ret=0x0 */
 0)   1.303 us    |              } /* dput ret=0x0 */
 0)               |              mntput() {
 0)   0.150 us    |                __rcu_read_lock(); /* ret=0xffff8f308369c400 */
 0)   0.151 us    |                __rcu_read_unlock(); /* ret=0x0 */
 0)   0.802 us    |              } /* mntput ret=0x0 */
 0)               |              step_into_slowpath() {
 0)               |                dput() {
 0)               |                  dput.part.0() {
 0)   0.160 us    |                    __rcu_read_lock(); /* ret=0xffff8f308369c400 */
 0)   0.150 us    |                    __rcu_read_unlock(); /* ret=0x0 */
 0)   0.812 us    |                  } /* dput.part.0 ret=0x0 */
 0)   1.132 us    |                } /* dput ret=0x0 */
 0)   1.463 us    |              } /* step_into_slowpath ret=0x0 */
 0)   0.160 us    |              complete_walk(); /* ret=0x0 */
 0)               |              may_open() {
 0)   0.161 us    |                path_noexec(); /* ret=0x0 */
 0)               |                inode_permission() {
 0)   0.170 us    |                  generic_permission(); /* ret=0x0 */
 0)               |                  security_inode_permission() {
 0)   0.150 us    |                    bpf_lsm_inode_permission(); /* ret=0x0 */
 0)   0.481 us    |                  } /* security_inode_permission ret=0x0 */
 0)   1.173 us    |                } /* inode_permission ret=0x0 */
 0)   1.934 us    |              } /* may_open ret=0x0 */
 0)               |              vfs_open() {
 0)               |                do_dentry_open() {
 0)               |                  path_get() {
 0)   0.151 us    |                    mntget(); /* ret=0xffff8f30812be1a0 */
 0)   0.491 us    |                  } /* path_get ret=0x600000000 */
 0)   0.170 us    |                  try_module_get(); /* ret=0x1 */
 0)               |                  security_file_open() {
 0)   0.161 us    |                    hook_file_open(); /* ret=0x0 */
 0)   0.160 us    |                    bpf_lsm_file_open(); /* ret=0x0 */
 0)   0.852 us    |                  } /* security_file_open ret=0x0 */
 0)   0.160 us    |                  fsnotify_open_perm_and_set_mode(); /* ret=0x0 */
 0)               |                  shmem_file_open() {
 0)   0.160 us    |                    generic_file_open(); /* ret=0x0 */
 0)   0.512 us    |                  } /* shmem_file_open ret=0x0 */
 0)               |                  file_ra_state_init() {
 0)   0.160 us    |                    inode_to_bdi(); /* ret=0xffffffffb0595cc0 */
 0)   0.511 us    |                  } /* file_ra_state_init ret=0x0 */
 0)   4.107 us    |                } /* do_dentry_open ret=0x0 */
 0)   4.459 us    |              } /* vfs_open ret=0x0 */
 0)               |              security_file_post_open() {
 0)   0.160 us    |                bpf_lsm_file_post_open(); /* ret=0x0 */
 0)   0.491 us    |              } /* security_file_post_open ret=0x0 */
 0)               |              terminate_walk() {
 0)               |                dput() {
 0)               |                  dput.part.0() {
 0)   0.150 us    |                    __rcu_read_lock(); /* ret=0xffff8f308369c400 */
 0)   0.161 us    |                    __rcu_read_unlock(); /* ret=0x0 */
 0)   0.821 us    |                  } /* dput.part.0 ret=0x0 */
 0)   1.153 us    |                } /* dput ret=0x0 */
 0)               |                mntput() {
 0)   0.149 us    |                  __rcu_read_lock(); /* ret=0xffff8f308369c400 */
 0)   0.160 us    |                  __rcu_read_unlock(); /* ret=0x0 */
 0)   0.811 us    |                } /* mntput ret=0x0 */
 0)               |                dput() {
 0)               |                  dput.part.0() {
 0)   0.150 us    |                    __rcu_read_lock(); /* ret=0xffff8f308369c400 */
 0)   0.151 us    |                    __rcu_read_unlock(); /* ret=0x0 */
 0)   0.822 us    |                  } /* dput.part.0 ret=0x0 */
 0)   1.142 us    |                } /* dput ret=0x0 */
 0)               |                mntput() {
 0)   0.151 us    |                  __rcu_read_lock(); /* ret=0xffff8f308369c400 */
 0)   0.160 us    |                  __rcu_read_unlock(); /* ret=0x0 */
 0)   0.812 us    |                } /* mntput ret=0x0 */
 0)   4.799 us    |              } /* terminate_walk ret=0x0 */
 0) + 47.899 us   |            } /* path_openat ret=0xffff8f30819dbcc0 */
 0) + 48.271 us   |          } /* do_file_open ret=0xffff8f30819dbcc0 */
 0) + 48.631 us   |        } /* do_open_execat ret=0xffff8f30819dbcc0 */
 0)   0.281 us    |        __kmalloc_cache_noprof(); /* ret=0xffff8f308358ce00 */
 0)               |        mm_alloc() {
 0)   0.211 us    |          kmem_cache_alloc_noprof(); /* ret=0xffff8f3083479500 */
 0)               |          mm_init() {
 0)   0.160 us    |            __init_rwsem(); /* ret=0xffff8f30875040c0 */
 0)   0.160 us    |            arch_uprobe_init_state(); /* ret=0xffff8f3083479bc0 */
 0)               |            futex_mm_init() {
 0)   0.150 us    |              mutex_init_generic(); /* ret=0x0 */
 0)   0.161 us    |              get_state_synchronize_rcu(); /* ret=0x600 */
 0)   0.831 us    |            } /* futex_mm_init ret=0x0 */
 0)               |            pgd_alloc() {
 0)               |              alloc_pages_noprof() {
 0)               |                alloc_pages_mpol() {
 0)   0.200 us    |                  policy_nodemask(); /* ret=0x0 */
 0)               |                  __alloc_frozen_pages_noprof() {
 0)               |                    get_page_from_freelist() {
 0)   0.151 us    |                      _raw_spin_trylock(); /* ret=0x1 */
 0)   0.160 us    |                      _raw_spin_unlock(); /* ret=0x1 */
 0)   0.561 us    |                      kernel_init_pages(); /* ret=0x0 */
 0)   1.893 us    |                    } /* get_page_from_freelist ret=0xfffff2a10014d880 */
 0)   2.344 us    |                  } /* __alloc_frozen_pages_noprof ret=0xfffff2a10014d880 */
 0)   3.116 us    |                } /* alloc_pages_mpol ret=0xfffff2a10014d880 */
 0)   3.517 us    |              } /* alloc_pages_noprof ret=0xfffff2a10014d880 */
 0)               |              lruvec_stat_mod_folio() {
 0)   0.150 us    |                __rcu_read_lock(); /* ret=0xffff8f308369c400 */
 0)   0.150 us    |                __rcu_read_unlock(); /* ret=0x0 */
 0)   0.200 us    |                mod_node_page_state(); /* ret=0xc */
 0)   1.232 us    |              } /* lruvec_stat_mod_folio ret=0xc */
 0)   0.160 us    |              _raw_spin_lock(); /* ret=0x0 */
 0)   0.160 us    |              _raw_spin_unlock(); /* ret=0x1 */
 0)   6.132 us    |            } /* pgd_alloc ret=0xffff8f3085362000 */
 0)   0.160 us    |            _raw_spin_lock_irqsave(); /* ret=0x296 */
 0)   0.170 us    |            _raw_spin_unlock_irqrestore(); /* ret=0x1 */
 0)   0.151 us    |            kfree(); /* ret=0x0 */
 0)   0.150 us    |            mutex_init_generic(); /* ret=0x6 */
 0)   0.151 us    |            __init_rwsem(); /* ret=0xfffb8bac */
 0)               |            pcpu_alloc_noprof() {
 0)   0.171 us    |              mutex_lock_killable(); /* ret=0x0 */
 0)   0.161 us    |              _raw_spin_lock_irqsave(); /* ret=0x282 */
 0)               |              pcpu_find_block_fit() {
 0)   0.210 us    |                pcpu_next_fit_region.constprop.0(); /* ret=0x30 */
 0)   0.581 us    |              } /* pcpu_find_block_fit ret=0x30 */
 0)               |              pcpu_alloc_area() {
 0)   0.160 us    |                pcpu_chunk_slot(); /* ret=0x10 */
 0)   0.170 us    |                pcpu_block_update(); /* ret=0x390 */
 0)   0.191 us    |                pcpu_block_update_hint_alloc(); /* ret=0x1d4 */
 0)   0.160 us    |                pcpu_chunk_relocate(); /* ret=0x10 */
 0)   1.833 us    |              } /* pcpu_alloc_area ret=0x100 */
 0)   0.171 us    |              _raw_spin_unlock_irqrestore(); /* ret=0x1 */
 0)   0.160 us    |              mutex_unlock(); /* ret=0xffff8f308369c400 */
 0)   0.160 us    |              mem_cgroup_kmem_disabled(); /* ret=0x0 */
 0)   5.090 us    |            } /* pcpu_alloc_noprof ret=0x6339b14b0100 */
 0)               |            mm_init_cid() {
 0)   0.151 us    |              mutex_init_generic(); /* ret=0x4 */
 0)   0.511 us    |            } /* mm_init_cid ret=0xffff8f3083479bd0 */
 0)               |            pcpu_alloc_noprof() {
 0)   0.160 us    |              mutex_lock_killable(); /* ret=0x0 */
 0)   0.149 us    |              _raw_spin_lock_irqsave(); /* ret=0x286 */
 0)               |              pcpu_find_block_fit() {
 0)   0.160 us    |                pcpu_next_fit_region.constprop.0(); /* ret=0x30 */
 0)   0.501 us    |              } /* pcpu_find_block_fit ret=0x30 */
 0)               |              pcpu_alloc_area() {
 0)   0.160 us    |                pcpu_chunk_slot(); /* ret=0x10 */
 0)   0.201 us    |                pcpu_block_update_hint_alloc(); /* ret=0x1d4 */
 0)   0.151 us    |                pcpu_chunk_relocate(); /* ret=0x10 */
 0)   1.283 us    |              } /* pcpu_alloc_area ret=0xc0 */
 0)   0.301 us    |              _raw_spin_unlock_irqrestore(); /* ret=0x1 */
 0)   0.160 us    |              mutex_unlock(); /* ret=0xffff8f308369c400 */
 0)   0.150 us    |              mem_cgroup_kmem_disabled(); /* ret=0x0 */
 0)   4.208 us    |            } /* pcpu_alloc_noprof ret=0x6339b14b00c0 */
 0)   0.170 us    |            _raw_spin_lock_irqsave(); /* ret=0x292 */
 0)   0.160 us    |            _raw_spin_unlock_irqrestore(); /* ret=0x1 */
 0) + 21.531 us   |          } /* mm_init ret=0xffff8f3083479500 */
 0) + 22.271 us   |        } /* mm_alloc ret=0xffff8f3083479500 */
 0)   0.150 us    |        _raw_spin_lock(); /* ret=0x0 */
 0)   0.149 us    |        _raw_spin_unlock(); /* ret=0x1 */
 0)               |        create_init_stack_vma() {
 0)               |          vm_area_alloc() {
 0)               |            kmem_cache_alloc_noprof() {
 0)   0.189 us    |              __pcs_replace_empty_main(); /* ret=0xffff8f30bec39128 */
 0)   0.701 us    |            } /* kmem_cache_alloc_noprof ret=0xffff8f30840b0e40 */
 0)   1.062 us    |          } /* vm_area_alloc ret=0xffff8f30840b0e40 */
 0)   0.160 us    |          down_write_killable(); /* ret=0x0 */
 0)               |          insert_vm_struct() {
 0)               |            find_vma_intersection() {
 0)   0.160 us    |              __rcu_read_lock(); /* ret=0xffff8f308369c400 */
 0)   0.161 us    |              __rcu_read_unlock(); /* ret=0x0 */
 0)   0.901 us    |            } /* find_vma_intersection ret=0x0 */
 0)               |            security_vm_enough_memory_mm() {
 0)   0.160 us    |              static_key_count(); /* ret=0x1 */
 0)               |              cap_vm_enough_memory() {
 0)   0.160 us    |                cap_capable(); /* ret=0x0 */
 0)   0.491 us    |              } /* cap_vm_enough_memory ret=0x0 */
 0)   0.149 us    |              static_key_count(); /* ret=0x1 */
 0)   0.151 us    |              bpf_lsm_vm_enough_memory(); /* ret=0x0 */
 0)   0.150 us    |              static_key_count(); /* ret=0x0 */
 0)   0.160 us    |              static_key_count(); /* ret=0x0 */
 0)   0.150 us    |              static_key_count(); /* ret=0x0 */
 0)   0.151 us    |              static_key_count(); /* ret=0x0 */
 0)   0.149 us    |              static_key_count(); /* ret=0x0 */
 0)   0.150 us    |              static_key_count(); /* ret=0x0 */
 0)   0.161 us    |              static_key_count(); /* ret=0x0 */
 0)   0.150 us    |              static_key_count(); /* ret=0x0 */
 0)   0.151 us    |              static_key_count(); /* ret=0x0 */
 0)   0.149 us    |              static_key_count(); /* ret=0x0 */
 0)   0.180 us    |              __vm_enough_memory(); /* ret=0x0 */
 0)   5.611 us    |            } /* security_vm_enough_memory_mm ret=0x0 */
 0)               |            vma_link() {
 0)   0.381 us    |              kmem_cache_alloc_noprof(); /* ret=0xffff8f30833f7100 */
 0)               |              __vma_start_write() {
 0)   0.171 us    |                __vma_start_exclude_readers(); /* ret=0x0 */
 0)   0.512 us    |              } /* __vma_start_write ret=0x0 */
 0)   1.804 us    |            } /* vma_link ret=0x0 */
 0)   9.117 us    |          } /* insert_vm_struct ret=0x0 */
 0)   0.160 us    |          up_write(); /* ret=0x1 */
 0) + 11.511 us   |        } /* create_init_stack_vma ret=0x0 */
 0) + 84.489 us   |      } /* alloc_bprm ret=0xffff8f308358ce00 */
 0)   0.250 us    |      count.constprop.0.isra.0(); /* ret=0x2 */
 0)   0.280 us    |      count.constprop.0.isra.0(); /* ret=0x6 */
 0)   0.160 us    |      bprm_stack_limits(); /* ret=0x0 */
 0)               |      copy_string_kernel() {
 0)               |        get_arg_page() {
 0)               |          mmap_read_lock_maybe_expand() {
 0)   0.160 us    |            down_read(); /* ret=0xffff8f308369c401 */
 0)   0.501 us    |          } /* mmap_read_lock_maybe_expand ret=0x1 */
 0)               |          get_user_pages_remote() {
 0)   0.169 us    |            is_valid_gup_args(); /* ret=0x1 */
 0)               |            __get_user_pages() {
 0)               |              gup_vma_lookup() {
 0)               |                find_vma() {
 0)   0.151 us    |                  __rcu_read_lock(); /* ret=0xffff8f308369c400 */
 0)   0.160 us    |                  __rcu_read_unlock(); /* ret=0x0 */
 0)   0.882 us    |                } /* find_vma ret=0xffff8f30840b0e40 */
 0)   1.614 us    |              } /* gup_vma_lookup ret=0xffff8f30840b0e40 */
 0)               |              check_vma_flags() {
 0)   0.160 us    |                vma_is_secretmem(); /* ret=0xffff8f30840b0e00 */
 0)   0.631 us    |              } /* check_vma_flags ret=0x0 */
 0)   0.160 us    |              vma_pgtable_walk_begin(); /* ret=0x0 */
 0)   0.160 us    |              no_page_table(); /* ret=0x0 */
 0)   0.160 us    |              vma_pgtable_walk_end(); /* ret=0x0 */
 0)               |              handle_mm_fault() {
 0)               |                __handle_mm_fault() {
 0)               |                  __pud_alloc() {
 0)               |                    alloc_pages_noprof() {
 0)               |                      alloc_pages_mpol() {
 0)   0.181 us    |                        policy_nodemask(); /* ret=0x0 */
 0)               |                        __alloc_frozen_pages_noprof() {
 0)               |                          get_page_from_freelist() {
 0)   0.170 us    |                            _raw_spin_trylock(); /* ret=0x1 */
 0)   0.169 us    |                            _raw_spin_unlock(); /* ret=0x1 */
 0)   0.471 us    |                            kernel_init_pages(); /* ret=0x0 */
 0)   1.623 us    |                          } /* get_page_from_freelist ret=0xfffff2a1000ebdc0 */
 0)   1.973 us    |                        } /* __alloc_frozen_pages_noprof ret=0xfffff2a1000ebdc0 */
 0)   2.665 us    |                      } /* alloc_pages_mpol ret=0xfffff2a1000ebdc0 */
 0)   3.006 us    |                    } /* alloc_pages_noprof ret=0xfffff2a1000ebdc0 */
 0)               |                    lruvec_stat_mod_folio() {
 0)   0.150 us    |                      __rcu_read_lock(); /* ret=0xffff8f308369c400 */
 0)   0.149 us    |                      __rcu_read_unlock(); /* ret=0x0 */
 0)   0.160 us    |                      mod_node_page_state(); /* ret=0xd */
 0)   1.142 us    |                    } /* lruvec_stat_mod_folio ret=0xd */
 0)   0.161 us    |                    _raw_spin_lock(); /* ret=0x0 */
 0)   0.161 us    |                    _raw_spin_unlock(); /* ret=0x1 */
 0)   5.390 us    |                  } /* __pud_alloc ret=0x0 */
 0)               |                  __pmd_alloc() {
 0)               |                    alloc_pages_noprof() {
 0)               |                      alloc_pages_mpol() {
 0)   0.161 us    |                        policy_nodemask(); /* ret=0x0 */
 0)               |                        __alloc_frozen_pages_noprof() {
 0)               |                          get_page_from_freelist() {
 0)   0.150 us    |                            _raw_spin_trylock(); /* ret=0x1 */
 0)   0.160 us    |                            _raw_spin_unlock(); /* ret=0x1 */
 0)   0.391 us    |                            kernel_init_pages(); /* ret=0x0 */
 0)   1.483 us    |                          } /* get_page_from_freelist ret=0xfffff2a1000d50c0 */
 0)   1.823 us    |                        } /* __alloc_frozen_pages_noprof ret=0xfffff2a1000d50c0 */
 0)   2.494 us    |                      } /* alloc_pages_mpol ret=0xfffff2a1000d50c0 */
 0)   2.825 us    |                    } /* alloc_pages_noprof ret=0xfffff2a1000d50c0 */
 0)               |                    lruvec_stat_mod_folio() {
 0)   0.161 us    |                      __rcu_read_lock(); /* ret=0xffff8f308369c400 */
 0)   0.161 us    |                      __rcu_read_unlock(); /* ret=0x0 */
 0)   0.161 us    |                      mod_node_page_state(); /* ret=0xe */
 0)   1.143 us    |                    } /* lruvec_stat_mod_folio ret=0xe */
 0)   0.160 us    |                    _raw_spin_lock(); /* ret=0x0 */
 0)   0.160 us    |                    _raw_spin_unlock(); /* ret=0x1 */
 0)   5.201 us    |                  } /* __pmd_alloc ret=0x0 */
 0)   0.200 us    |                  __thp_vma_allowable_orders(); /* ret=0x0 */
 0)               |                  do_anonymous_page() {
 0)               |                    __pte_alloc() {
 0)               |                      pte_alloc_one() {
 0)               |                        alloc_pages_noprof() {
 0)               |                          alloc_pages_mpol() {
 0)   0.160 us    |                            policy_nodemask(); /* ret=0x0 */
 0)               |                            __alloc_frozen_pages_noprof() {
 0)               |                              get_page_from_freelist() {
 0)   0.161 us    |                                _raw_spin_trylock(); /* ret=0x1 */
 0)   0.160 us    |                                _raw_spin_unlock(); /* ret=0x1 */
 0)   0.371 us    |                                kernel_init_pages(); /* ret=0x0 */
 0)   1.402 us    |                              } /* get_page_from_freelist ret=0xfffff2a10014d380 */
 0)   1.744 us    |                            } /* __alloc_frozen_pages_noprof ret=0xfffff2a10014d380 */
 0)   2.404 us    |                          } /* alloc_pages_mpol ret=0xfffff2a10014d380 */
 0)   2.735 us    |                        } /* alloc_pages_noprof ret=0xfffff2a10014d380 */
 0)               |                        lruvec_stat_mod_folio() {
 0)   0.151 us    |                          __rcu_read_lock(); /* ret=0xffff8f308369c400 */
 0)   0.150 us    |                          __rcu_read_unlock(); /* ret=0x0 */
 0)   0.150 us    |                          mod_node_page_state(); /* ret=0xf */
 0)   1.142 us    |                        } /* lruvec_stat_mod_folio ret=0xf */
 0)   4.548 us    |                      } /* pte_alloc_one ret=0xfffff2a10014d380 */
 0)               |                      pmd_install() {
 0)   0.151 us    |                        _raw_spin_lock(); /* ret=0x0 */
 0)   0.160 us    |                        _raw_spin_unlock(); /* ret=0x1 */
 0)   0.852 us    |                      } /* pmd_install ret=0x1 */
 0)   5.941 us    |                    } /* __pte_alloc ret=0x0 */
 0)               |                    __vmf_anon_prepare() {
 0)               |                      __anon_vma_prepare() {
 0)   0.370 us    |                        kmem_cache_alloc_noprof(); /* ret=0xffff8f30812a3840 */
 0)   0.421 us    |                        find_mergeable_anon_vma(); /* ret=0x0 */
 0)   0.201 us    |                        kmem_cache_alloc_noprof(); /* ret=0xffff8f3083275ea0 */
 0)   0.160 us    |                        down_write(); /* ret=0xffff8f308369c400 */
 0)   0.150 us    |                        _raw_spin_lock(); /* ret=0x0 */
 0)   0.180 us    |                        anon_vma_interval_tree_insert(); /* ret=0xffff8f30812a3860 */
 0)   0.160 us    |                        _raw_spin_unlock(); /* ret=0x1 */
 0)   0.150 us    |                        up_write(); /* ret=0x1 */
 0)   3.446 us    |                      } /* __anon_vma_prepare ret=0x0 */
 0)   3.827 us    |                    } /* __vmf_anon_prepare ret=0x0 */
 0)               |                    vma_alloc_folio_noprof() {
 0)   0.181 us    |                      get_vma_policy(); /* ret=0xffffffffb05b36a0 */
 0)               |                      alloc_pages_mpol() {
 0)   0.160 us    |                        policy_nodemask(); /* ret=0x0 */
 0)               |                        __alloc_frozen_pages_noprof() {
 0)               |                          get_page_from_freelist() {
 0)   0.150 us    |                            _raw_spin_trylock(); /* ret=0x1 */
 0)   0.150 us    |                            _raw_spin_unlock(); /* ret=0x1 */
 0)   0.470 us    |                            kernel_init_pages(); /* ret=0x0 */
 0)   1.652 us    |                          } /* get_page_from_freelist ret=0xfffff2a100634540 */
 0)   1.994 us    |                        } /* __alloc_frozen_pages_noprof ret=0xfffff2a100634540 */
 0)   2.665 us    |                      } /* alloc_pages_mpol ret=0xfffff2a100634540 */
 0)   3.387 us    |                    } /* vma_alloc_folio_noprof ret=0xfffff2a100634540 */
 0)               |                    __mem_cgroup_charge() {
 0)               |                      get_mem_cgroup_from_mm() {
 0)   0.160 us    |                        __rcu_read_lock(); /* ret=0xffff8f308369c400 */
 0)   0.149 us    |                        __rcu_read_unlock(); /* ret=0x0 */
 0)   0.862 us    |                      } /* get_mem_cgroup_from_mm ret=0xffff8f3081341b00 */
 0)               |                      charge_memcg() {
 0)   0.150 us    |                        __rcu_read_lock(); /* ret=0xffff8f308369c400 */
 0)   0.240 us    |                        __get_obj_cgroup_from_memcg(); /* ret=0xffff8f30811e1fc0 */
 0)   0.150 us    |                        __rcu_read_unlock(); /* ret=0x0 */
 0)   1.273 us    |                      } /* charge_memcg ret=0x0 */
 0)   2.725 us    |                    } /* __mem_cgroup_charge ret=0x0 */
 0)   0.181 us    |                    __folio_throttle_swaprate(); /* ret=0x0 */
 0)               |                    pte_offset_map_lock() {
 0)               |                      __pte_offset_map() {
 0)   0.150 us    |                        __rcu_read_lock(); /* ret=0xffff8f308369c400 */
 0)   0.492 us    |                      } /* __pte_offset_map ret=0xffff8f308534eff0 */
 0)   0.150 us    |                      _raw_spin_lock(); /* ret=0x0 */
 0)   1.162 us    |                    } /* pte_offset_map_lock ret=0xffff8f308534eff0 */
 0)               |                    map_anon_folio_pte_nopf() {
 0)   0.151 us    |                      pte_mkwrite(); /* ret=0x8000000018d15867 */
 0)               |                      folio_add_new_anon_rmap() {
 0)               |                        __folio_mod_stat() {
 0)               |                          lruvec_stat_mod_folio() {
 0)   0.151 us    |                            __rcu_read_lock(); /* ret=0xffff8f308369c400 */
 0)   0.150 us    |                            mod_node_page_state(); /* ret=0xb */
 0)               |                            __mod_memcg_lruvec_state() {
 0)   0.170 us    |                              memcg_state_val_in_pages(); /* ret=0x1 */
 0)   0.161 us    |                              __css_rstat_updated(); /* ret=0xffff8f30bec39cb0 */
 0)   1.033 us    |                            } /* __mod_memcg_lruvec_state ret=0x100 */
 0)   0.170 us    |                            __rcu_read_unlock(); /* ret=0x100 */
 0)   2.404 us    |                          } /* lruvec_stat_mod_folio ret=0x100 */
 0)   2.754 us    |                        } /* __folio_mod_stat ret=0x0 */
 0)   3.136 us    |                      } /* folio_add_new_anon_rmap ret=0x0 */
 0)               |                      folio_add_lru_vma() {
 0)               |                        folio_add_lru() {
 0)   0.200 us    |                          __folio_batch_add_and_move(); /* ret=0x0 */
 0)   0.532 us    |                        } /* folio_add_lru ret=0x0 */
 0)   0.911 us    |                      } /* folio_add_lru_vma ret=0x0 */
 0)   5.059 us    |                    } /* map_anon_folio_pte_nopf ret=0x0 */
 0)   0.301 us    |                    _raw_spin_unlock(); /* ret=0x1 */
 0)   0.160 us    |                    __rcu_read_unlock(); /* ret=0x0 */
 0) + 24.836 us   |                  } /* do_anonymous_page ret=0x0 */
 0) + 36.740 us   |                } /* __handle_mm_fault ret=0x0 */
 0)   0.150 us    |                __rcu_read_lock(); /* ret=0xffff8f308369c400 */
 0)   0.161 us    |                mem_cgroup_from_task(); /* ret=0xffff8f3081341b00 */
 0)               |                count_memcg_events() {
 0)   0.150 us    |                  __css_rstat_updated(); /* ret=0xffff8f30bec39cb0 */
 0)   0.521 us    |                } /* count_memcg_events ret=0x100 */
 0)   0.160 us    |                __rcu_read_unlock(); /* ret=0x0 */
 0) + 38.913 us   |              } /* handle_mm_fault ret=0x0 */
 0)   0.151 us    |              vma_pgtable_walk_begin(); /* ret=0x0 */
 0)               |              follow_page_pte() {
 0)               |                pte_offset_map_lock() {
 0)               |                  __pte_offset_map() {
 0)   0.149 us    |                    __rcu_read_lock(); /* ret=0xffff8f308369c400 */
 0)   0.481 us    |                  } /* __pte_offset_map ret=0xffff8f308534eff0 */
 0)   0.160 us    |                  _raw_spin_lock(); /* ret=0x0 */
 0)   1.152 us    |                } /* pte_offset_map_lock ret=0xffff8f308534eff0 */
 0)   0.190 us    |                vm_normal_page(); /* ret=0xfffff2a100634540 */
 0)   0.170 us    |                try_grab_folio(); /* ret=0x0 */
 0)   0.171 us    |                folio_mark_accessed(); /* ret=0xfffffc0020808 */
 0)   0.160 us    |                _raw_spin_unlock(); /* ret=0x1 */
 0)   0.150 us    |                __rcu_read_unlock(); /* ret=0x0 */
 0)   3.275 us    |              } /* follow_page_pte ret=0xfffff2a100634540 */
 0)   0.150 us    |              vma_pgtable_walk_end(); /* ret=0xfffff2a100634540 */
 0) + 47.188 us   |            } /* __get_user_pages ret=0x1 */
 0) + 47.960 us   |          } /* get_user_pages_remote ret=0x1 */
 0)   0.161 us    |          up_read(); /* ret=0x0 */
 0)   0.150 us    |          mm_trace_rss_stat(); /* ret=0xe */
 0) + 49.754 us   |        } /* get_arg_page ret=0xfffff2a100634540 */
 0) + 50.184 us   |      } /* copy_string_kernel ret=0x0 */
 0)               |      copy_strings.isra.0() {
 0)               |        get_arg_page() {
 0)               |          mmap_read_lock_maybe_expand() {
 0)   0.149 us    |            down_read(); /* ret=0xffff8f308369c401 */
 0)   0.491 us    |          } /* mmap_read_lock_maybe_expand ret=0x1 */
 0)               |          get_user_pages_remote() {
 0)   0.160 us    |            is_valid_gup_args(); /* ret=0x1 */
 0)               |            __get_user_pages() {
 0)               |              gup_vma_lookup() {
 0)               |                find_vma() {
 0)   0.161 us    |                  __rcu_read_lock(); /* ret=0xffff8f308369c400 */
 0)   0.160 us    |                  __rcu_read_unlock(); /* ret=0x0 */
 0)   0.841 us    |                } /* find_vma ret=0xffff8f30840b0e40 */
 0)   1.182 us    |              } /* gup_vma_lookup ret=0xffff8f30840b0e40 */
 0)               |              check_vma_flags() {
 0)   0.149 us    |                vma_is_secretmem(); /* ret=0xffff8f30840b0e00 */
 0)   0.491 us    |              } /* check_vma_flags ret=0x0 */
 0)   0.151 us    |              vma_pgtable_walk_begin(); /* ret=0x0 */
 0)               |              follow_page_pte() {
 0)               |                pte_offset_map_lock() {
 0)               |                  __pte_offset_map() {
 0)   0.150 us    |                    __rcu_read_lock(); /* ret=0xffff8f308369c400 */
 0)   0.481 us    |                  } /* __pte_offset_map ret=0xffff8f308534eff0 */
 0)   0.150 us    |                  _raw_spin_lock(); /* ret=0x0 */
 0)   1.142 us    |                } /* pte_offset_map_lock ret=0xffff8f308534eff0 */
 0)   0.170 us    |                vm_normal_page(); /* ret=0xfffff2a100634540 */
 0)   0.149 us    |                try_grab_folio(); /* ret=0x0 */
 0)   0.160 us    |                folio_mark_accessed(); /* ret=0xfffffc002080c */
 0)   0.161 us    |                _raw_spin_unlock(); /* ret=0x1 */
 0)   0.160 us    |                __rcu_read_unlock(); /* ret=0x0 */
 0)   3.176 us    |              } /* follow_page_pte ret=0xfffff2a100634540 */
 0)   0.150 us    |              vma_pgtable_walk_end(); /* ret=0xfffff2a100634540 */
 0)   6.212 us    |            } /* __get_user_pages ret=0x1 */
 0)   6.883 us    |          } /* get_user_pages_remote ret=0x1 */
 0)   0.161 us    |          up_read(); /* ret=0x0 */
 0)   8.226 us    |        } /* get_arg_page ret=0xfffff2a100634540 */
 0)               |        __check_object_size() {
 0)   0.151 us    |          check_stack_object(); /* ret=0x0 */
 0)   0.230 us    |          is_vmalloc_addr(); /* ret=0x0 */
 0)   0.160 us    |          __virt_addr_valid(); /* ret=0x1 */
 0)   1.614 us    |        } /* __check_object_size ret=0xffff8f3098e00000 */
 0)               |        __check_object_size() {
 0)   0.151 us    |          check_stack_object(); /* ret=0x0 */
 0)   0.150 us    |          is_vmalloc_addr(); /* ret=0x0 */
 0)   0.161 us    |          __virt_addr_valid(); /* ret=0x1 */
 0)   1.152 us    |        } /* __check_object_size ret=0xffff8f3098e00000 */
 0)               |        __check_object_size() {
 0)   0.150 us    |          check_stack_object(); /* ret=0x0 */
 0)   0.150 us    |          is_vmalloc_addr(); /* ret=0x0 */
 0)   0.151 us    |          __virt_addr_valid(); /* ret=0x1 */
 0)   1.142 us    |        } /* __check_object_size ret=0xffff8f3098e00000 */
 0)               |        __check_object_size() {
 0)   0.160 us    |          check_stack_object(); /* ret=0x0 */
 0)   0.160 us    |          is_vmalloc_addr(); /* ret=0x0 */
 0)   0.150 us    |          __virt_addr_valid(); /* ret=0x1 */
 0)   1.142 us    |        } /* __check_object_size ret=0xffff8f3098e00000 */
 0)               |        __check_object_size() {
 0)   0.150 us    |          check_stack_object(); /* ret=0x0 */
 0)   0.151 us    |          is_vmalloc_addr(); /* ret=0x0 */
 0)   0.149 us    |          __virt_addr_valid(); /* ret=0x1 */
 0)   1.142 us    |        } /* __check_object_size ret=0xffff8f3098e00000 */
 0)               |        __check_object_size() {
 0)   0.150 us    |          check_stack_object(); /* ret=0x0 */
 0)   0.151 us    |          is_vmalloc_addr(); /* ret=0x0 */
 0)   0.150 us    |          __virt_addr_valid(); /* ret=0x1 */
 0)   1.142 us    |        } /* __check_object_size ret=0xffff8f3098e00000 */
 0) + 17.423 us   |      } /* copy_strings.isra.0 ret=0x0 */
 0)               |      copy_strings.isra.0() {
 0)               |        get_arg_page() {
 0)               |          mmap_read_lock_maybe_expand() {
 0)   0.151 us    |            down_read(); /* ret=0xffff8f308369c401 */
 0)   0.481 us    |          } /* mmap_read_lock_maybe_expand ret=0x1 */
 0)               |          get_user_pages_remote() {
 0)   0.151 us    |            is_valid_gup_args(); /* ret=0x1 */
 0)               |            __get_user_pages() {
 0)               |              gup_vma_lookup() {
 0)               |                find_vma() {
 0)   0.150 us    |                  __rcu_read_lock(); /* ret=0xffff8f308369c400 */
 0)   0.161 us    |                  __rcu_read_unlock(); /* ret=0x0 */
 0)   0.831 us    |                } /* find_vma ret=0xffff8f30840b0e40 */
 0)   1.162 us    |              } /* gup_vma_lookup ret=0xffff8f30840b0e40 */
 0)               |              check_vma_flags() {
 0)   0.149 us    |                vma_is_secretmem(); /* ret=0xffff8f30840b0e00 */
 0)   0.491 us    |              } /* check_vma_flags ret=0x0 */
 0)   0.161 us    |              vma_pgtable_walk_begin(); /* ret=0x0 */
 0)               |              follow_page_pte() {
 0)               |                pte_offset_map_lock() {
 0)               |                  __pte_offset_map() {
 0)   0.150 us    |                    __rcu_read_lock(); /* ret=0xffff8f308369c400 */
 0)   0.492 us    |                  } /* __pte_offset_map ret=0xffff8f308534eff0 */
 0)   0.150 us    |                  _raw_spin_lock(); /* ret=0x0 */
 0)   1.152 us    |                } /* pte_offset_map_lock ret=0xffff8f308534eff0 */
 0)   0.161 us    |                vm_normal_page(); /* ret=0xfffff2a100634540 */
 0)   0.160 us    |                try_grab_folio(); /* ret=0x0 */
 0)   0.160 us    |                folio_mark_accessed(); /* ret=0xfffffc202080c */
 0)   0.160 us    |                _raw_spin_unlock(); /* ret=0x1 */
 0)   0.150 us    |                __rcu_read_unlock(); /* ret=0x0 */
 0)   3.166 us    |              } /* follow_page_pte ret=0xfffff2a100634540 */
 0)   0.161 us    |              vma_pgtable_walk_end(); /* ret=0xfffff2a100634540 */
 0)   6.172 us    |            } /* __get_user_pages ret=0x1 */
 0)   6.833 us    |          } /* get_user_pages_remote ret=0x1 */
 0)   0.149 us    |          up_read(); /* ret=0x0 */
 0)   8.165 us    |        } /* get_arg_page ret=0xfffff2a100634540 */
 0)               |        __check_object_size() {
 0)   0.151 us    |          check_stack_object(); /* ret=0x0 */
 0)   0.151 us    |          is_vmalloc_addr(); /* ret=0x0 */
 0)   0.161 us    |          __virt_addr_valid(); /* ret=0x1 */
 0)   1.373 us    |        } /* __check_object_size ret=0xffff8f3098e00000 */
 0)               |        __check_object_size() {
 0)   0.161 us    |          check_stack_object(); /* ret=0x0 */
 0)   0.161 us    |          is_vmalloc_addr(); /* ret=0x0 */
 0)   0.160 us    |          __virt_addr_valid(); /* ret=0x1 */
 0)   1.151 us    |        } /* __check_object_size ret=0xffff8f3098e00000 */
 0) + 11.512 us   |      } /* copy_strings.isra.0 ret=0x0 */
 0)               |      bprm_execve() {
 0)   0.161 us    |        mutex_lock_interruptible(); /* ret=0x0 */
 0)               |        prepare_exec_creds() {
 0)               |          prepare_creds() {
 0)   0.210 us    |            kmem_cache_alloc_noprof(); /* ret=0xffff8f3083232840 */
 0)               |            security_prepare_creds() {
 0)   0.301 us    |              __kmalloc_noprof(); /* ret=0xffff8f30812929e0 */
 0)   0.170 us    |              hook_cred_prepare(); /* ret=0x0 */
 0)   0.160 us    |              bpf_lsm_cred_prepare(); /* ret=0x0 */
 0)   1.433 us    |            } /* security_prepare_creds ret=0x0 */
 0)   2.284 us    |          } /* prepare_creds ret=0xffff8f3083232840 */
 0)   0.161 us    |          key_put(); /* ret=0xffff8f3083232840 */
 0)   0.160 us    |          key_put(); /* ret=0xffff8f3083232840 */
 0)   3.347 us    |        } /* prepare_exec_creds ret=0xffff8f3083232840 */
 0)   0.160 us    |        _raw_spin_lock(); /* ret=0x0 */
 0)   0.151 us    |        __rcu_read_lock(); /* ret=0xffff8f308369c400 */
 0)   0.151 us    |        __rcu_read_unlock(); /* ret=0x0 */
 0)   0.161 us    |        _raw_spin_unlock(); /* ret=0x1 */
 0)               |        sched_mm_cid_before_execve() {
 0)               |          sched_mm_cid_exit() {
 0)   0.161 us    |            mutex_lock(); /* ret=0x0 */
 0)   0.160 us    |            _raw_spin_lock_irq(); /* ret=0x0 */
 0)               |            sched_mm_cid_remove_user() {
 0)   0.170 us    |              mm_update_max_cids(); /* ret=0x0 */
 0)   0.512 us    |            } /* sched_mm_cid_remove_user ret=0x0 */
 0)   0.160 us    |            _raw_spin_unlock_irq(); /* ret=0x1 */
 0)   0.160 us    |            mutex_unlock(); /* ret=0xffff8f308369c400 */
 0)               |            cancel_work_sync() {
 0)               |              __cancel_work() {
 0)   0.160 us    |                try_to_grab_pending(); /* ret=0x0 */
 0)   0.521 us    |              } /* __cancel_work ret=0x0 */
 0)               |              __flush_work() {
 0)   0.150 us    |                __rcu_read_lock(); /* ret=0xffff8f308369c400 */
 0)   0.150 us    |                __rcu_read_unlock(); /* ret=0x0 */
 0)   0.831 us    |              } /* __flush_work ret=0x0 */
 0)               |              enable_work() {
 0)   0.151 us    |                try_to_grab_pending(); /* ret=0x0 */
 0)   0.500 us    |              } /* enable_work ret=0xfffffffe00001 */
 0)   2.585 us    |            } /* cancel_work_sync ret=0x0 */
 0)   5.070 us    |          } /* sched_mm_cid_exit ret=0x0 */
 0)   5.421 us    |        } /* sched_mm_cid_before_execve ret=0x0 */
 0)               |        sched_exec() {
 0)   0.149 us    |          _raw_spin_lock_irqsave(); /* ret=0x282 */
 0)               |          select_task_rq_fair() {
 0)   0.171 us    |            __update_load_avg_blocked_se(); /* ret=0x0 */
 0)               |            sched_balance_find_dst_group() {
 0)   0.190 us    |              task_h_load(); /* ret=0x3ff */
 0)               |              cpu_util() {
 0)   0.150 us    |                arch_scale_cpu_capacity(); /* ret=0x400 */
 0)   0.510 us    |              } /* cpu_util ret=0x0 */
 0)               |              cpu_util() {
 0)   0.150 us    |                arch_scale_cpu_capacity(); /* ret=0x400 */
 0)   0.491 us    |              } /* cpu_util ret=0x0 */
 0)               |              cpu_util() {
 0)   0.150 us    |                arch_scale_cpu_capacity(); /* ret=0x400 */
 0)   0.481 us    |              } /* cpu_util ret=0x0 */
 0)               |              cpu_util() {
 0)   0.160 us    |                arch_scale_cpu_capacity(); /* ret=0x400 */
 0)   0.481 us    |              } /* cpu_util ret=0x3f5 */
 0)   3.747 us    |            } /* sched_balance_find_dst_group ret=0x0 */
 0)   4.669 us    |          } /* select_task_rq_fair ret=0x0 */
 0)   0.171 us    |          _raw_spin_unlock_irqrestore(); /* ret=0x1 */
 0)   5.921 us    |        } /* sched_exec ret=0x0 */
 0)               |        security_bprm_creds_for_exec() {
 0)   0.160 us    |          hook_bprm_creds_for_exec(); /* ret=0x0 */
 0)   0.160 us    |          bpf_lsm_bprm_creds_for_exec(); /* ret=0x0 */
 0)   0.871 us    |        } /* security_bprm_creds_for_exec ret=0x0 */
 0)   0.151 us    |        __rcu_read_lock(); /* ret=0xffff8f308369c400 */
 0)   0.210 us    |        task_active_pid_ns(); /* ret=0xffffffffaf850f80 */
 0)               |        __task_pid_nr_ns() {
 0)   0.149 us    |          __rcu_read_lock(); /* ret=0xffff8f308369c400 */
 0)   0.151 us    |          __rcu_read_unlock(); /* ret=0xffff8f3083233840 */
 0)   0.871 us    |        } /* __task_pid_nr_ns ret=0xe9 */
 0)   0.151 us    |        __rcu_read_unlock(); /* ret=0x0 */
 0)               |        kernel_read() {
 0)               |          rw_verify_area() {
 0)               |            security_file_permission() {
 0)   0.150 us    |              bpf_lsm_file_permission(); /* ret=0x0 */
 0)   0.492 us    |            } /* security_file_permission ret=0x0 */
 0)   0.841 us    |          } /* rw_verify_area ret=0x0 */
 0)               |          __kernel_read() {
 0)               |            shmem_file_read_iter() {
 0)               |              shmem_get_folio_gfp() {
 0)               |                filemap_get_entry() {
 0)   0.150 us    |                  __rcu_read_lock(); /* ret=0xffff8f308369c400 */
 0)   0.151 us    |                  __rcu_read_unlock(); /* ret=0x0 */
 0)   1.011 us    |                } /* filemap_get_entry ret=0xfffff2a100721580 */
 0)   1.413 us    |              } /* shmem_get_folio_gfp ret=0x0 */
 0)   0.161 us    |              folio_unlock(); /* ret=0xfffff2a100721580 */
 0)   0.180 us    |              folio_mark_accessed(); /* ret=0xfffffde02023c */
 0)               |              touch_atime() {
 0)               |                atime_needs_update() {
 0)   0.161 us    |                  make_vfsuid(); /* ret=0x3e8 */
 0)   0.160 us    |                  make_vfsgid(); /* ret=0x3d8 */
 0)               |                  current_time() {
 0)   0.150 us    |                    ktime_get_coarse_real_ts64_mg(); /* ret=0x18dbf6bfccdb1380 */
 0)   0.492 us    |                  } /* current_time ret=0x6ac50444 */
 0)   1.503 us    |                } /* atime_needs_update ret=0xa440401 */
 0)   0.170 us    |                mnt_get_write_access(); /* ret=0x0 */
 0)               |                current_time() {
 0)   0.161 us    |                  ktime_get_coarse_real_ts64_mg(); /* ret=0x18dbf6bfccdb1380 */
 0)   0.492 us    |                } /* current_time ret=0x6ac50444 */
 0)   0.241 us    |                __mark_inode_dirty(); /* ret=0x10 */
 0)   0.150 us    |                mnt_put_write_access(); /* ret=0xffffffffb04e9330 */
 0)   3.607 us    |              } /* touch_atime ret=0xffffffffb04e9320 */
 0)   6.443 us    |            } /* shmem_file_read_iter ret=0x100 */
 0)   6.873 us    |          } /* __kernel_read ret=0x100 */
 0)   8.255 us    |        } /* kernel_read ret=0x100 */
 0)               |        security_bprm_check() {
 0)   0.150 us    |          bpf_lsm_bprm_check_security(); /* ret=0x0 */
 0)   0.501 us    |        } /* security_bprm_check ret=0x0 */
 0)   0.180 us    |        _raw_read_lock(); /* ret=0x0 */
 0)   0.160 us    |        try_module_get(); /* ret=0x1 */
 0)   0.160 us    |        _raw_read_unlock(); /* ret=0x200 */
 0)               |        load_misc_binary() {
 0)   0.160 us    |          _raw_read_lock(); /* ret=0x0 */
 0)   0.150 us    |          _raw_read_unlock(); /* ret=0x200 */
 0)   0.852 us    |        } /* load_misc_binary ret=0xfffffff8 */
 0)   0.150 us    |        _raw_read_lock(); /* ret=0x0 */
 0)   0.161 us    |        module_put(); /* ret=0x0 */
 0)   0.160 us    |        try_module_get(); /* ret=0x1 */
 0)   0.160 us    |        _raw_read_unlock(); /* ret=0x200 */
 0)   0.170 us    |        load_script(); /* ret=0xfffffff8 */
 0)   0.161 us    |        _raw_read_lock(); /* ret=0x0 */
 0)   0.151 us    |        module_put(); /* ret=0x0 */
 0)   0.160 us    |        try_module_get(); /* ret=0x1 */
 0)   0.160 us    |        _raw_read_unlock(); /* ret=0x200 */
 0)               |        load_elf_binary() {
 0)               |          load_elf_phdrs() {
 0)   0.310 us    |            __kmalloc_noprof(); /* ret=0xffff8f30821ff800 */
 0)               |            kernel_read() {
 0)               |              rw_verify_area() {
 0)               |                security_file_permission() {
 0)   0.151 us    |                  bpf_lsm_file_permission(); /* ret=0x0 */
 0)   0.491 us    |                } /* security_file_permission ret=0x0 */
 0)   0.831 us    |              } /* rw_verify_area ret=0x0 */
 0)               |              __kernel_read() {
 0)               |                shmem_file_read_iter() {
 0)               |                  shmem_get_folio_gfp() {
 0)               |                    filemap_get_entry() {
 0)   0.150 us    |                      __rcu_read_lock(); /* ret=0xffff8f308369c400 */
 0)   0.160 us    |                      __rcu_read_unlock(); /* ret=0x0 */
 0)   0.853 us    |                    } /* filemap_get_entry ret=0xfffff2a100721580 */
 0)   1.202 us    |                  } /* shmem_get_folio_gfp ret=0x0 */
 0)   0.160 us    |                  folio_unlock(); /* ret=0xfffff2a100721580 */
 0)               |                  touch_atime() {
 0)               |                    atime_needs_update() {
 0)   0.160 us    |                      make_vfsuid(); /* ret=0x3e8 */
 0)   0.160 us    |                      make_vfsgid(); /* ret=0x3d8 */
 0)               |                      current_time() {
 0)   0.160 us    |                        ktime_get_coarse_real_ts64_mg(); /* ret=0x18dbf6bfccdb1380 */
 0)   0.490 us    |                      } /* current_time ret=0x6ac50444 */
 0)   1.483 us    |                    } /* atime_needs_update ret=0xa850000 */
 0)   1.813 us    |                  } /* touch_atime ret=0xa850000 */
 0)   3.928 us    |                } /* shmem_file_read_iter ret=0x230 */
 0)   4.279 us    |              } /* __kernel_read ret=0x230 */
 0)   5.611 us    |            } /* kernel_read ret=0x230 */
 0)   6.442 us    |          } /* load_elf_phdrs ret=0xffff8f30821ff800 */
 0)               |          begin_new_exec() {
 0)               |            mnt_may_suid() {
 0)   0.171 us    |              current_in_userns(); /* ret=0xffffffffaf84a501 */
 0)   0.531 us    |            } /* mnt_may_suid ret=0xffffffffaf84a501 */
 0)               |            security_bprm_creds_from_file() {
 0)               |              cap_bprm_creds_from_file() {
 0)               |                mnt_may_suid() {
 0)   0.151 us    |                  current_in_userns(); /* ret=0xffffffffaf84a501 */
 0)   0.470 us    |                } /* mnt_may_suid ret=0xffffffffaf84a501 */
 0)   0.161 us    |                current_in_userns(); /* ret=0xffffffffaf84a501 */
 0)               |                get_vfs_caps_from_disk() {
 0)               |                  __vfs_getxattr() {
 0)   0.260 us    |                    xattr_resolve_name(); /* ret=0xffffffffae6918a0 */
 0)               |                    shmem_xattr_handler_get() {
 0)   0.200 us    |                      xattr_full_name(); /* ret=0xffffffffaef3b8d8 */
 0)   0.180 us    |                      simple_xattr_get(); /* ret=0xffffffc3 */
 0)   0.912 us    |                    } /* shmem_xattr_handler_get ret=0xffffffc3 */
 0)   1.734 us    |                  } /* __vfs_getxattr ret=0xffffffffffffffc3 */
 0)   2.094 us    |                } /* get_vfs_caps_from_disk ret=0xffffffc3 */
 0)               |                make_kuid() {
 0)   0.180 us    |                  map_id_range_down(); /* ret=0x0 */
 0)   0.521 us    |                } /* make_kuid ret=0x0 */
 0)   0.160 us    |                in_group_p(); /* ret=0x1 */
 0)   4.628 us    |              } /* cap_bprm_creds_from_file ret=0x0 */
 0)   0.150 us    |              bpf_lsm_bprm_creds_from_file(); /* ret=0x0 */
 0)   5.350 us    |            } /* security_bprm_creds_from_file ret=0x0 */
 0)   0.160 us    |            unshare_files(); /* ret=0x0 */
 0)   0.160 us    |            set_mm_exe_file(); /* ret=0x0 */
 0)               |            would_dump() {
 0)               |              inode_permission() {
 0)   0.161 us    |                generic_permission(); /* ret=0x0 */
 0)               |                security_inode_permission() {
 0)   0.150 us    |                  bpf_lsm_inode_permission(); /* ret=0x0 */
 0)   0.490 us    |                } /* security_inode_permission ret=0x0 */
 0)   1.162 us    |              } /* inode_permission ret=0x0 */
 0)   1.493 us    |            } /* would_dump ret=0x0 */
 0)   0.160 us    |            mm_trace_rss_stat(); /* ret=0xf */
 0)               |            exec_mm_release() {
 0)               |              futex_exec_release() {
 0)   0.160 us    |                mutex_lock(); /* ret=0x0 */
 0)   0.151 us    |                _raw_spin_lock_irq(); /* ret=0x0 */
 0)   0.161 us    |                _raw_spin_unlock_irq(); /* ret=0x1 */
 0)   0.160 us    |                futex_cleanup(); /* ret=0x0 */
 0)   0.150 us    |                mutex_unlock(); /* ret=0xffff8f308369c400 */
 0)   2.184 us    |              } /* futex_exec_release ret=0xffff8f308369c400 */
 0)               |              mm_release() {
 0)   0.160 us    |                uprobe_free_utask(); /* ret=0xffff8f308369c400 */
 0)   0.171 us    |                shstk_free(); /* ret=0xffff8f308369c400 */
 0)   1.112 us    |              } /* mm_release ret=0x0 */
 0)   3.847 us    |            } /* exec_mm_release ret=0x0 */
 0)   0.150 us    |            down_write_killable(); /* ret=0x0 */
 0)   0.169 us    |            down_read_killable(); /* ret=0x0 */
 0)   0.151 us    |            _raw_spin_lock(); /* ret=0x0 */
 0)   0.160 us    |            membarrier_exec_mmap(); /* ret=0x0 */
 0)               |            mm_init_cid() {
 0)   0.160 us    |              mutex_init_generic(); /* ret=0x4 */
 0)   0.501 us    |            } /* mm_init_cid ret=0xffff8f3083479bd0 */
 0)               |            switch_mm_irqs_off() {
 0)   0.161 us    |              choose_new_asid(); /* ret=0x10000 */
 0)   0.150 us    |              switch_ldt(); /* ret=0x1 */
 0)   1.013 us    |            } /* switch_mm_irqs_off ret=0x1 */
 0)               |            lru_gen_add_mm() {
 0)               |              get_mem_cgroup_from_mm() {
 0)   0.150 us    |                __rcu_read_lock(); /* ret=0xffff8f308369c400 */
 0)   0.160 us    |                __rcu_read_unlock(); /* ret=0x0 */
 0)   0.832 us    |              } /* get_mem_cgroup_from_mm ret=0xffff8f3081341b00 */
 0)   0.150 us    |              _raw_spin_lock(); /* ret=0x0 */
 0)   0.170 us    |              _raw_spin_unlock(); /* ret=0x1 */
 0)   1.934 us    |            } /* lru_gen_add_mm ret=0x1 */
 0)   0.161 us    |            _raw_spin_unlock(); /* ret=0x1 */
 0)   0.161 us    |            up_read(); /* ret=0x0 */
 0)   0.180 us    |            mm_update_next_owner(); /* ret=0x9a */
 0)               |            mmput() {
 0)               |              uprobe_clear_state() {
 0)   0.150 us    |                mutex_lock(); /* ret=0x0 */
 0)   0.200 us    |                delayed_uprobe_remove.part.0(); /* ret=0x0 */
 0)   0.149 us    |                mutex_unlock(); /* ret=0xffff8f308369c400 */
 0)   0.160 us    |                arch_uprobe_clear_state(); /* ret=0xffff8f308369c400 */
 0)   1.663 us    |              } /* uprobe_clear_state ret=0xffff8f308369c400 */
 0)   0.160 us    |              exit_aio(); /* ret=0x0 */
 0)               |              exit_mmap() {
 0)   0.161 us    |                down_read(); /* ret=0xffff8f308369c401 */
 0)               |                ldt_arch_exit_mmap() {
 0)   0.171 us    |                  free_ldt_pgtables(); /* ret=0x0 */
 0)   0.532 us    |                } /* ldt_arch_exit_mmap ret=0x0 */
 0)   0.160 us    |                tlb_gather_mmu_fullmm(); /* ret=0x1 */
 0)               |                unmap_vmas() {
 0)               |                  __zap_vma_range() {
 0)               |                    pte_offset_map_lock() {
 0)               |                      __pte_offset_map() {
 0)   0.151 us    |                        __rcu_read_lock(); /* ret=0xffff8f308369c400 */
 0)   0.490 us    |                      } /* __pte_offset_map ret=0xffff8f308360d590 */
 0)   0.231 us    |                      _raw_spin_lock(); /* ret=0x0 */
 0)   1.242 us    |                    } /* pte_offset_map_lock ret=0xffff8f308360d590 */
 0)   0.161 us    |                    flush_tlb_batched_pending(); /* ret=0x0 */
 0)   0.150 us    |                    _raw_spin_unlock(); /* ret=0x1 */
 0)   0.160 us    |                    __rcu_read_unlock(); /* ret=0x0 */
 0)   2.885 us    |                  } /* __zap_vma_range ret=0x0 */
 0)               |                  __zap_vma_range() {
 0)               |                    pte_offset_map_lock() {
 0)               |                      __pte_offset_map() {
 0)   0.151 us    |                        __rcu_read_lock(); /* ret=0xffff8f308369c400 */
 0)   0.481 us    |                      } /* __pte_offset_map ret=0xffff8f308360d598 */
 0)   0.150 us    |                      _raw_spin_lock(); /* ret=0x0 */
 0)   1.142 us    |                    } /* pte_offset_map_lock ret=0xffff8f308360d598 */
 0)   0.160 us    |                    flush_tlb_batched_pending(); /* ret=0x0 */
 0)   0.160 us    |                    vm_normal_page(); /* ret=0xfffff2a100633bc0 */
 0)   0.151 us    |                    arch_check_zapped_pte(); /* ret=0x1 */
 0)               |                    folio_remove_rmap_ptes() {
 0)               |                      lruvec_stat_mod_folio() {
 0)   0.160 us    |                        __rcu_read_lock(); /* ret=0xffff8f308369c400 */
 0)   0.151 us    |                        mod_node_page_state(); /* ret=0xc */
 0)               |                        __mod_memcg_lruvec_state() {
 0)   0.150 us    |                          memcg_state_val_in_pages(); /* ret=0xffffffffffffffff */
 0)   0.149 us    |                          __css_rstat_updated(); /* ret=0xffff8f30bec39cb0 */
 0)   0.831 us    |                        } /* __mod_memcg_lruvec_state ret=0x100 */
 0)   0.160 us    |                        __rcu_read_unlock(); /* ret=0x100 */
 0)   2.304 us    |                      } /* lruvec_stat_mod_folio ret=0x100 */
 0)   2.635 us    |                    } /* folio_remove_rmap_ptes ret=0x100 */
 0)   0.161 us    |                    __tlb_remove_folio_pages(); /* ret=0x0 */
 0)   0.161 us    |                    _raw_spin_unlock(); /* ret=0x1 */
 0)   0.150 us    |                    __rcu_read_unlock(); /* ret=0x0 */
 0)   6.493 us    |                  } /* __zap_vma_range ret=0x0 */
 0)               |                  __zap_vma_range() {
 0)               |                    pte_offset_map_lock() {
 0)               |                      __pte_offset_map() {
 0)   0.150 us    |                        __rcu_read_lock(); /* ret=0xffff8f308369c400 */
 0)   0.481 us    |                      } /* __pte_offset_map ret=0xffff8f30834b6d80 */
 0)   0.150 us    |                      _raw_spin_lock(); /* ret=0x0 */
 0)   1.142 us    |                    } /* pte_offset_map_lock ret=0xffff8f30834b6d80 */
 0)   0.151 us    |                    flush_tlb_batched_pending(); /* ret=0x0 */
 0)   0.171 us    |                    vm_normal_page(); /* ret=0xfffff2a1006d7180 */
 0)   0.161 us    |                    arch_check_zapped_pte(); /* ret=0x11 */
 0)               |                    folio_remove_rmap_ptes() {
 0)               |                      lruvec_stat_mod_folio() {
 0)   0.149 us    |                        __rcu_read_lock(); /* ret=0xffff8f308369c400 */
 0)   0.150 us    |                        mod_node_page_state(); /* ret=0xb */
 0)               |                        __mod_memcg_lruvec_state() {
 0)   0.150 us    |                          memcg_state_val_in_pages(); /* ret=0xffffffffffffffff */
 0)   0.151 us    |                          __css_rstat_updated(); /* ret=0xffff8f30bec39cb0 */
 0)   0.812 us    |                        } /* __mod_memcg_lruvec_state ret=0x100 */
 0)   0.149 us    |                        __rcu_read_unlock(); /* ret=0x100 */
 0)   2.134 us    |                      } /* lruvec_stat_mod_folio ret=0x100 */
 0)   2.476 us    |                    } /* folio_remove_rmap_ptes ret=0x100 */
 0)   0.160 us    |                    __tlb_remove_folio_pages(); /* ret=0x0 */
 0)   0.160 us    |                    vm_normal_page(); /* ret=0xfffff2a100633700 */
 0)   0.160 us    |                    arch_check_zapped_pte(); /* ret=0x11 */
 0)               |                    folio_remove_rmap_ptes() {
 0)               |                      lruvec_stat_mod_folio() {
 0)   0.151 us    |                        __rcu_read_lock(); /* ret=0xffff8f308369c400 */
 0)   0.150 us    |                        mod_node_page_state(); /* ret=0xa */
 0)               |                        __mod_memcg_lruvec_state() {
 0)   0.150 us    |                          memcg_state_val_in_pages(); /* ret=0xffffffffffffffff */
 0)   0.151 us    |                          __css_rstat_updated(); /* ret=0xffff8f30bec39cb0 */
 0)   0.812 us    |                        } /* __mod_memcg_lruvec_state ret=0x100 */
 0)   0.149 us    |                        __rcu_read_unlock(); /* ret=0x100 */
 0)   2.134 us    |                      } /* lruvec_stat_mod_folio ret=0x100 */
 0)   2.464 us    |                    } /* folio_remove_rmap_ptes ret=0x100 */
 0)   0.150 us    |                    __tlb_remove_folio_pages(); /* ret=0x0 */
 0)   0.161 us    |                    vm_normal_page(); /* ret=0xfffff2a10071f040 */
 0)   0.151 us    |                    arch_check_zapped_pte(); /* ret=0x11 */
 0)               |                    folio_remove_rmap_ptes() {
 0)               |                      lruvec_stat_mod_folio() {
 0)   0.150 us    |                        __rcu_read_lock(); /* ret=0xffff8f308369c400 */
 0)   0.160 us    |                        mod_node_page_state(); /* ret=0x9 */
 0)               |                        __mod_memcg_lruvec_state() {
 0)   0.150 us    |                          memcg_state_val_in_pages(); /* ret=0xffffffffffffffff */
 0)   0.151 us    |                          __css_rstat_updated(); /* ret=0xffff8f30bec39cb0 */
 0)   0.821 us    |                        } /* __mod_memcg_lruvec_state ret=0x100 */
 0)   0.160 us    |                        __rcu_read_unlock(); /* ret=0x100 */
 0)   2.134 us    |                      } /* lruvec_stat_mod_folio ret=0x100 */
 0)   2.464 us    |                    } /* folio_remove_rmap_ptes ret=0x100 */
 0)   0.161 us    |                    __tlb_remove_folio_pages(); /* ret=0x0 */
 0)   0.160 us    |                    vm_normal_page(); /* ret=0xfffff2a1006d7780 */
 0)   0.150 us    |                    arch_check_zapped_pte(); /* ret=0x11 */
 0)               |                    folio_remove_rmap_ptes() {
 0)               |                      lruvec_stat_mod_folio() {
 0)   0.160 us    |                        __rcu_read_lock(); /* ret=0xffff8f308369c400 */
 0)   0.160 us    |                        mod_node_page_state(); /* ret=0x8 */
 0)               |                        __mod_memcg_lruvec_state() {
 0)   0.150 us    |                          memcg_state_val_in_pages(); /* ret=0xffffffffffffffff */
 0)   0.149 us    |                          __css_rstat_updated(); /* ret=0xffff8f30bec39cb0 */
 0)   0.822 us    |                        } /* __mod_memcg_lruvec_state ret=0x100 */
 0)   0.160 us    |                        __rcu_read_unlock(); /* ret=0x100 */
 0)   2.134 us    |                      } /* lruvec_stat_mod_folio ret=0x100 */
 0)   2.525 us    |                    } /* folio_remove_rmap_ptes ret=0x100 */
 0)   0.160 us    |                    __tlb_remove_folio_pages(); /* ret=0x0 */
 0)   0.150 us    |                    _raw_spin_unlock(); /* ret=0x1 */
 0)   0.150 us    |                    __rcu_read_unlock(); /* ret=0x0 */
 0) + 17.412 us   |                  } /* __zap_vma_range ret=0x0 */
 0)               |                  __zap_vma_range() {
 0)               |                    pte_offset_map_lock() {
 0)               |                      __pte_offset_map() {
 0)   0.160 us    |                        __rcu_read_lock(); /* ret=0xffff8f308369c400 */
 0)   0.481 us    |                      } /* __pte_offset_map ret=0xffff8f30834b6da8 */
 0)   0.150 us    |                      _raw_spin_lock(); /* ret=0x0 */
 0)   1.142 us    |                    } /* pte_offset_map_lock ret=0xffff8f30834b6da8 */
 0)   0.151 us    |                    flush_tlb_batched_pending(); /* ret=0x0 */
 0)   0.160 us    |                    _raw_spin_unlock(); /* ret=0x1 */
 0)   0.150 us    |                    __rcu_read_unlock(); /* ret=0x0 */
 0)   2.534 us    |                  } /* __zap_vma_range ret=0x0 */
 0)               |                  __zap_vma_range() {
 0)               |                    pte_offset_map_lock() {
 0)               |                      __pte_offset_map() {
 0)   0.150 us    |                        __rcu_read_lock(); /* ret=0xffff8f308369c400 */
 0)   0.492 us    |                      } /* __pte_offset_map ret=0xffff8f30834b6dc8 */
 0)   0.160 us    |                      _raw_spin_lock(); /* ret=0x0 */
 0)   1.142 us    |                    } /* pte_offset_map_lock ret=0xffff8f30834b6dc8 */
 0)   0.150 us    |                    flush_tlb_batched_pending(); /* ret=0x0 */
 0)   0.161 us    |                    _raw_spin_unlock(); /* ret=0x1 */
 0)   0.151 us    |                    __rcu_read_unlock(); /* ret=0x0 */
 0)   2.515 us    |                  } /* __zap_vma_range ret=0x0 */
 0)               |                  __zap_vma_range() {
 0)               |                    pte_offset_map_lock() {
 0)               |                      __pte_offset_map() {
 0)   0.151 us    |                        __rcu_read_lock(); /* ret=0xffff8f308369c400 */
 0)   0.481 us    |                      } /* __pte_offset_map ret=0xffff8f30834b6dd8 */
 0)   0.150 us    |                      _raw_spin_lock(); /* ret=0x0 */
 0)   1.142 us    |                    } /* pte_offset_map_lock ret=0xffff8f30834b6dd8 */
 0)   0.150 us    |                    flush_tlb_batched_pending(); /* ret=0x0 */
 0)   0.160 us    |                    _raw_spin_unlock(); /* ret=0x1 */
 0)   0.150 us    |                    __rcu_read_unlock(); /* ret=0x0 */
 0)   2.494 us    |                  } /* __zap_vma_range ret=0x0 */
 0)               |                  __zap_vma_range() {
 0)   0.181 us    |                    uprobe_munmap(); /* ret=0xffffd26ac04ffa18 */
 0)               |                    pte_offset_map_lock() {
 0)               |                      __pte_offset_map() {
 0)   0.150 us    |                        __rcu_read_lock(); /* ret=0xffff8f308369c400 */
 0)   0.481 us    |                      } /* __pte_offset_map ret=0xffff8f30834b6de8 */
 0)   0.150 us    |                      _raw_spin_lock(); /* ret=0x0 */
 0)   1.142 us    |                    } /* pte_offset_map_lock ret=0xffff8f30834b6de8 */
 0)   0.151 us    |                    flush_tlb_batched_pending(); /* ret=0x0 */
 0)   0.160 us    |                    vm_normal_page(); /* ret=0xfffff2a100721580 */
 0)   0.170 us    |                    folio_mark_accessed(); /* ret=0xfffffde02023c */
 0)   0.150 us    |                    arch_check_zapped_pte(); /* ret=0xffffd26ac04ff9c4 */
 0)   0.160 us    |                    folio_remove_rmap_ptes(); /* ret=0xffffffffffffffff */
 0)   0.150 us    |                    __tlb_remove_folio_pages(); /* ret=0x0 */
 0)   0.160 us    |                    _raw_spin_unlock(); /* ret=0x1 */
 0)   0.151 us    |                    __rcu_read_unlock(); /* ret=0x0 */
 0)   4.609 us    |                  } /* __zap_vma_range ret=0x0 */
 0)               |                  __zap_vma_range() {
 0)   0.160 us    |                    uprobe_munmap(); /* ret=0xffffd26ac04ffa18 */
 0)               |                    pte_offset_map_lock() {
 0)               |                      __pte_offset_map() {
 0)   0.150 us    |                        __rcu_read_lock(); /* ret=0xffff8f308369c400 */
 0)   0.490 us    |                      } /* __pte_offset_map ret=0xffff8f30834b6df0 */
 0)   0.160 us    |                      _raw_spin_lock(); /* ret=0x0 */
 0)   1.293 us    |                    } /* pte_offset_map_lock ret=0xffff8f30834b6df0 */
 0)   0.160 us    |                    flush_tlb_batched_pending(); /* ret=0x0 */
 0)   0.161 us    |                    vm_normal_page(); /* ret=0xfffff2a1007215c0 */
 0)   0.160 us    |                    folio_mark_accessed(); /* ret=0xfffffde02023c */
 0)   0.150 us    |                    arch_check_zapped_pte(); /* ret=0xffffd26ac04ff9c4 */
 0)   0.149 us    |                    folio_remove_rmap_ptes(); /* ret=0xffffffffffffffff */
 0)               |                    __tlb_remove_folio_pages() {
 0)               |                      tlb_next_batch() {
 0)               |                        get_free_pages_noprof() {
 0)               |                          alloc_pages_noprof() {
 0)               |                            alloc_pages_mpol() {
 0)   0.170 us    |                              policy_nodemask(); /* ret=0x0 */
 0)               |                              __alloc_frozen_pages_noprof() {
 0)               |                                get_page_from_freelist() {
 0)   0.171 us    |                                  _raw_spin_trylock(); /* ret=0x1 */
 0)   0.160 us    |                                  _raw_spin_unlock(); /* ret=0x1 */
 0)   0.421 us    |                                  kernel_init_pages(); /* ret=0x0 */
 0)   1.553 us    |                                } /* get_page_from_freelist ret=0xfffff2a1000d5000 */
 0)   1.914 us    |                              } /* __alloc_frozen_pages_noprof ret=0xfffff2a1000d5000 */
 0)   2.596 us    |                            } /* alloc_pages_mpol ret=0xfffff2a1000d5000 */
 0)   2.936 us    |                          } /* alloc_pages_noprof ret=0xfffff2a1000d5000 */
 0)   3.266 us    |                        } /* get_free_pages_noprof ret=0xffff8f3083540000 */
 0)   3.626 us    |                      } /* tlb_next_batch ret=0x1 */
 0)   3.987 us    |                    } /* __tlb_remove_folio_pages ret=0x0 */
 0)   0.170 us    |                    vm_normal_page(); /* ret=0xfffff2a100721600 */
 0)   0.150 us    |                    folio_mark_accessed(); /* ret=0xfffffde02023c */
 0)   0.151 us    |                    arch_check_zapped_pte(); /* ret=0xffffd26ac04ff9c4 */
 0)   0.150 us    |                    folio_remove_rmap_ptes(); /* ret=0xffffffffffffffff */
 0)   0.160 us    |                    __tlb_remove_folio_pages(); /* ret=0x0 */
 0)   0.160 us    |                    vm_normal_page(); /* ret=0xfffff2a100721640 */
 0)   0.151 us    |                    folio_mark_accessed(); /* ret=0xfffffde02023c */
 0)   0.149 us    |                    arch_check_zapped_pte(); /* ret=0xffffd26ac04ff9c4 */
 0)   0.150 us    |                    folio_remove_rmap_ptes(); /* ret=0xffffffffffffffff */
 0)   0.150 us    |                    __tlb_remove_folio_pages(); /* ret=0x0 */
 0)   0.160 us    |                    vm_normal_page(); /* ret=0xfffff2a100721680 */
 0)   0.150 us    |                    folio_mark_accessed(); /* ret=0xfffffde02023c */
 0)   0.149 us    |                    arch_check_zapped_pte(); /* ret=0xffffd26ac04ff9c4 */
 0)   0.161 us    |                    folio_remove_rmap_ptes(); /* ret=0xffffffffffffffff */
 0)   0.151 us    |                    __tlb_remove_folio_pages(); /* ret=0x0 */
 0)   0.161 us    |                    vm_normal_page(); /* ret=0xfffff2a1007216c0 */
 0)   0.150 us    |                    folio_mark_accessed(); /* ret=0xfffffde02023c */
 0)   0.151 us    |                    arch_check_zapped_pte(); /* ret=0xffffd26ac04ff9c4 */
 0)   0.150 us    |                    folio_remove_rmap_ptes(); /* ret=0xffffffffffffffff */
 0)   0.151 us    |                    __tlb_remove_folio_pages(); /* ret=0x0 */
 0)   0.160 us    |                    vm_normal_page(); /* ret=0xfffff2a100721700 */
 0)   0.150 us    |                    folio_mark_accessed(); /* ret=0xfffffde02023c */
 0)   0.151 us    |                    arch_check_zapped_pte(); /* ret=0xffffd26ac04ff9c4 */
 0)   0.150 us    |                    folio_remove_rmap_ptes(); /* ret=0xffffffffffffffff */
 0)   0.150 us    |                    __tlb_remove_folio_pages(); /* ret=0x0 */
 0)   0.171 us    |                    vm_normal_page(); /* ret=0xfffff2a100721740 */
 0)   0.150 us    |                    folio_mark_accessed(); /* ret=0xfffffde02023c */
 0)   0.151 us    |                    arch_check_zapped_pte(); /* ret=0xffffd26ac04ff9c4 */
 0)   0.160 us    |                    folio_remove_rmap_ptes(); /* ret=0xffffffffffffffff */
 0)   0.160 us    |                    __tlb_remove_folio_pages(); /* ret=0x0 */
 0)   0.171 us    |                    vm_normal_page(); /* ret=0xfffff2a100721780 */
 0)   0.291 us    |                    folio_mark_accessed(); /* ret=0xfffffde02023c */
 0)   0.151 us    |                    arch_check_zapped_pte(); /* ret=0xffffd26ac04ff9c4 */
 0)   0.150 us    |                    folio_remove_rmap_ptes(); /* ret=0xffffffffffffffff */
 0)   0.151 us    |                    __tlb_remove_folio_pages(); /* ret=0x0 */
 0)   0.161 us    |                    vm_normal_page(); /* ret=0xfffff2a1007217c0 */
 0)   0.160 us    |                    folio_mark_accessed(); /* ret=0xfffffde02023c */
 0)   0.150 us    |                    arch_check_zapped_pte(); /* ret=0xffffd26ac04ff9c4 */
 0)   0.160 us    |                    folio_remove_rmap_ptes(); /* ret=0xffffffffffffffff */
 0)   0.151 us    |                    __tlb_remove_folio_pages(); /* ret=0x0 */
 0)   0.161 us    |                    vm_normal_page(); /* ret=0xfffff2a100721800 */
 0)   0.160 us    |                    folio_mark_accessed(); /* ret=0xfffffde02023c */
 0)   0.151 us    |                    arch_check_zapped_pte(); /* ret=0xffffd26ac04ff9c4 */
 0)   0.150 us    |                    folio_remove_rmap_ptes(); /* ret=0xffffffffffffffff */
 0)   0.151 us    |                    __tlb_remove_folio_pages(); /* ret=0x0 */
 0)   0.161 us    |                    vm_normal_page(); /* ret=0xfffff2a100721840 */
 0)   0.150 us    |                    folio_mark_accessed(); /* ret=0xfffffde02023c */
 0)   0.151 us    |                    arch_check_zapped_pte(); /* ret=0xffffd26ac04ff9c4 */
 0)   0.150 us    |                    folio_remove_rmap_ptes(); /* ret=0xffffffffffffffff */
 0)   0.151 us    |                    __tlb_remove_folio_pages(); /* ret=0x0 */
 0)   0.160 us    |                    vm_normal_page(); /* ret=0xfffff2a100721880 */
 0)   0.150 us    |                    folio_mark_accessed(); /* ret=0xfffffde02023c */
 0)   0.151 us    |                    arch_check_zapped_pte(); /* ret=0xffffd26ac04ff9c4 */
 0)   0.160 us    |                    folio_remove_rmap_ptes(); /* ret=0xffffffffffffffff */
 0)   0.150 us    |                    __tlb_remove_folio_pages(); /* ret=0x0 */
 0)   0.160 us    |                    vm_normal_page(); /* ret=0xfffff2a1007218c0 */
 0)   0.160 us    |                    folio_mark_accessed(); /* ret=0xfffffde02023c */
 0)   0.150 us    |                    arch_check_zapped_pte(); /* ret=0xffffd26ac04ff9c4 */
 0)   0.151 us    |                    folio_remove_rmap_ptes(); /* ret=0xffffffffffffffff */
 0)   0.150 us    |                    __tlb_remove_folio_pages(); /* ret=0x0 */
 0)   0.161 us    |                    vm_normal_page(); /* ret=0xfffff2a100721900 */
 0)   0.151 us    |                    folio_mark_accessed(); /* ret=0xfffffde02023c */
 0)   0.150 us    |                    arch_check_zapped_pte(); /* ret=0xffffd26ac04ff9c4 */
 0)   0.151 us    |                    folio_remove_rmap_ptes(); /* ret=0xffffffffffffffff */
 0)   0.160 us    |                    __tlb_remove_folio_pages(); /* ret=0x0 */
 0)   0.160 us    |                    vm_normal_page(); /* ret=0xfffff2a100721940 */
 0)   0.160 us    |                    folio_mark_accessed(); /* ret=0xfffffde02023c */
 0)   0.150 us    |                    arch_check_zapped_pte(); /* ret=0xffffd26ac04ff9c4 */
 0)   0.150 us    |                    folio_remove_rmap_ptes(); /* ret=0xffffffffffffffff */
 0)   0.151 us    |                    __tlb_remove_folio_pages(); /* ret=0x0 */
 0)   0.160 us    |                    vm_normal_page(); /* ret=0xfffff2a100721980 */
 0)   0.149 us    |                    folio_mark_accessed(); /* ret=0xfffffde02023c */
 0)   0.151 us    |                    arch_check_zapped_pte(); /* ret=0xffffd26ac04ff9c4 */
 0)   0.161 us    |                    folio_remove_rmap_ptes(); /* ret=0xffffffffffffffff */
 0)   0.150 us    |                    __tlb_remove_folio_pages(); /* ret=0x0 */
 0)   0.160 us    |                    vm_normal_page(); /* ret=0xfffff2a1007219c0 */
 0)   0.151 us    |                    folio_mark_accessed(); /* ret=0xfffffde02023c */
 0)   0.150 us    |                    arch_check_zapped_pte(); /* ret=0xffffd26ac04ff9c4 */
 0)   0.151 us    |                    folio_remove_rmap_ptes(); /* ret=0xffffffffffffffff */
 0)   0.149 us    |                    __tlb_remove_folio_pages(); /* ret=0x0 */
 0)   0.160 us    |                    vm_normal_page(); /* ret=0xfffff2a100721a00 */
 0)   0.151 us    |                    folio_mark_accessed(); /* ret=0xfffffde02023c */
 0)   0.291 us    |                    arch_check_zapped_pte(); /* ret=0xffffd26ac04ff9c4 */
 0)   0.160 us    |                    folio_remove_rmap_ptes(); /* ret=0xffffffffffffffff */
 0)   0.150 us    |                    __tlb_remove_folio_pages(); /* ret=0x0 */
 0)   0.160 us    |                    vm_normal_page(); /* ret=0xfffff2a100721a40 */
 0)   0.150 us    |                    folio_mark_accessed(); /* ret=0xfffffde02023c */
 0)   0.160 us    |                    arch_check_zapped_pte(); /* ret=0xffffd26ac04ff9c4 */
 0)   0.150 us    |                    folio_remove_rmap_ptes(); /* ret=0xffffffffffffffff */
 0)   0.160 us    |                    __tlb_remove_folio_pages(); /* ret=0x0 */
 0)   0.161 us    |                    vm_normal_page(); /* ret=0xfffff2a100721a80 */
 0)   0.160 us    |                    folio_mark_accessed(); /* ret=0xfffffde02023c */
 0)   0.160 us    |                    arch_check_zapped_pte(); /* ret=0xffffd26ac04ff9c4 */
 0)   0.151 us    |                    folio_remove_rmap_ptes(); /* ret=0xffffffffffffffff */
 0)   0.150 us    |                    __tlb_remove_folio_pages(); /* ret=0x0 */
 0)   0.161 us    |                    vm_normal_page(); /* ret=0xfffff2a100721ac0 */
 0)   0.151 us    |                    folio_mark_accessed(); /* ret=0xfffffde02023c */
 0)   0.150 us    |                    arch_check_zapped_pte(); /* ret=0xffffd26ac04ff9c4 */
 0)   0.160 us    |                    folio_remove_rmap_ptes(); /* ret=0xffffffffffffffff */
 0)   0.160 us    |                    __tlb_remove_folio_pages(); /* ret=0x0 */
 0)   0.160 us    |                    vm_normal_page(); /* ret=0xfffff2a100721b00 */
 0)   0.149 us    |                    folio_mark_accessed(); /* ret=0xfffffde02023c */
 0)   0.150 us    |                    arch_check_zapped_pte(); /* ret=0xffffd26ac04ff9c4 */
 0)   0.150 us    |                    folio_remove_rmap_ptes(); /* ret=0xffffffffffffffff */
 0)   0.151 us    |                    __tlb_remove_folio_pages(); /* ret=0x0 */
 0)   0.160 us    |                    vm_normal_page(); /* ret=0xfffff2a100721b40 */
 0)   0.149 us    |                    folio_mark_accessed(); /* ret=0xfffffde02023c */
 0)   0.151 us    |                    arch_check_zapped_pte(); /* ret=0xffffd26ac04ff9c4 */
 0)   0.161 us    |                    folio_remove_rmap_ptes(); /* ret=0xffffffffffffffff */
 0)   0.161 us    |                    __tlb_remove_folio_pages(); /* ret=0x0 */
 0)   0.160 us    |                    vm_normal_page(); /* ret=0xfffff2a100721b80 */
 0)   0.161 us    |                    folio_mark_accessed(); /* ret=0xfffffde02023c */
 0)   0.150 us    |                    arch_check_zapped_pte(); /* ret=0xffffd26ac04ff9c4 */
 0)   0.150 us    |                    folio_remove_rmap_ptes(); /* ret=0xffffffffffffffff */
 0)   0.149 us    |                    __tlb_remove_folio_pages(); /* ret=0x0 */
 0)   0.160 us    |                    vm_normal_page(); /* ret=0xfffff2a100721bc0 */
 0)   0.151 us    |                    folio_mark_accessed(); /* ret=0xfffffde02023c */
 0)   0.150 us    |                    arch_check_zapped_pte(); /* ret=0xffffd26ac04ff9c4 */
 0)   0.150 us    |                    folio_remove_rmap_ptes(); /* ret=0xffffffffffffffff */
 0)   0.161 us    |                    __tlb_remove_folio_pages(); /* ret=0x0 */
 0)   0.170 us    |                    vm_normal_page(); /* ret=0xfffff2a100721c00 */
 0)   0.160 us    |                    folio_mark_accessed(); /* ret=0xfffffde02023c */
 0)   0.160 us    |                    arch_check_zapped_pte(); /* ret=0xffffd26ac04ff9c4 */
 0)   0.150 us    |                    folio_remove_rmap_ptes(); /* ret=0xffffffffffffffff */
 0)   0.151 us    |                    __tlb_remove_folio_pages(); /* ret=0x0 */
 0)   0.161 us    |                    vm_normal_page(); /* ret=0xfffff2a100721c40 */
 0)   0.150 us    |                    folio_mark_accessed(); /* ret=0xfffffde02023c */
 0)   0.151 us    |                    arch_check_zapped_pte(); /* ret=0xffffd26ac04ff9c4 */
 0)   0.150 us    |                    folio_remove_rmap_ptes(); /* ret=0xffffffffffffffff */
 0)   0.151 us    |                    __tlb_remove_folio_pages(); /* ret=0x0 */
 0)   0.160 us    |                    vm_normal_page(); /* ret=0xfffff2a100721c80 */
 0)   0.150 us    |                    folio_mark_accessed(); /* ret=0xfffffde02023c */
 0)   0.151 us    |                    arch_check_zapped_pte(); /* ret=0xffffd26ac04ff9c4 */
 0)   0.291 us    |                    folio_remove_rmap_ptes(); /* ret=0xffffffffffffffff */
 0)   0.151 us    |                    __tlb_remove_folio_pages(); /* ret=0x0 */
 0)   0.160 us    |                    vm_normal_page(); /* ret=0xfffff2a100721cc0 */
 0)   0.149 us    |                    folio_mark_accessed(); /* ret=0xfffffde02023c */
 0)   0.151 us    |                    arch_check_zapped_pte(); /* ret=0xffffd26ac04ff9c4 */
 0)   0.160 us    |                    folio_remove_rmap_ptes(); /* ret=0xffffffffffffffff */
 0)   0.151 us    |                    __tlb_remove_folio_pages(); /* ret=0x0 */
 0)   0.160 us    |                    vm_normal_page(); /* ret=0xfffff2a100721d00 */
 0)   0.150 us    |                    folio_mark_accessed(); /* ret=0xfffffde02023c */
 0)   0.151 us    |                    arch_check_zapped_pte(); /* ret=0xffffd26ac04ff9c4 */
 0)   0.150 us    |                    folio_remove_rmap_ptes(); /* ret=0xffffffffffffffff */
 0)   0.151 us    |                    __tlb_remove_folio_pages(); /* ret=0x0 */
 0)   0.160 us    |                    vm_normal_page(); /* ret=0xfffff2a100721d40 */
 0)   0.150 us    |                    folio_mark_accessed(); /* ret=0xfffffde02023c */
 0)   0.151 us    |                    arch_check_zapped_pte(); /* ret=0xffffd26ac04ff9c4 */
 0)   0.150 us    |                    folio_remove_rmap_ptes(); /* ret=0xffffffffffffffff */
 0)   0.160 us    |                    __tlb_remove_folio_pages(); /* ret=0x0 */
 0)   0.161 us    |                    vm_normal_page(); /* ret=0xfffff2a100721d80 */
 0)   0.150 us    |                    folio_mark_accessed(); /* ret=0xfffffde02023c */
 0)   0.151 us    |                    arch_check_zapped_pte(); /* ret=0xffffd26ac04ff9c4 */
 0)   0.160 us    |                    folio_remove_rmap_ptes(); /* ret=0xffffffffffffffff */
 0)   0.160 us    |                    __tlb_remove_folio_pages(); /* ret=0x0 */
 0)   0.160 us    |                    vm_normal_page(); /* ret=0xfffff2a100721dc0 */
 0)   0.160 us    |                    folio_mark_accessed(); /* ret=0xfffffde02023c */
 0)   0.149 us    |                    arch_check_zapped_pte(); /* ret=0xffffd26ac04ff9c4 */
 0)   0.151 us    |                    folio_remove_rmap_ptes(); /* ret=0xffffffffffffffff */
 0)   0.150 us    |                    __tlb_remove_folio_pages(); /* ret=0x0 */
 0)   0.160 us    |                    vm_normal_page(); /* ret=0xfffff2a100721e00 */
 0)   0.150 us    |                    folio_mark_accessed(); /* ret=0xfffffde02023c */
 0)   0.150 us    |                    arch_check_zapped_pte(); /* ret=0xffffd26ac04ff9c4 */
 0)   0.151 us    |                    folio_remove_rmap_ptes(); /* ret=0xffffffffffffffff */
 0)   0.160 us    |                    __tlb_remove_folio_pages(); /* ret=0x0 */
 0)   0.160 us    |                    _raw_spin_unlock(); /* ret=0x1 */
 0)   0.151 us    |                    __rcu_read_unlock(); /* ret=0x0 */
 0)               |                    pte_offset_map_lock() {
 0)               |                      __pte_offset_map() {
 0)   0.149 us    |                        __rcu_read_lock(); /* ret=0xffff8f308369c400 */
 0)   0.491 us    |                      } /* __pte_offset_map ret=0xffff8f3083509000 */
 0)   0.171 us    |                      _raw_spin_lock(); /* ret=0x0 */
 0)   1.152 us    |                    } /* pte_offset_map_lock ret=0xffff8f3083509000 */
 0)   0.151 us    |                    flush_tlb_batched_pending(); /* ret=0x0 */
 0)   0.170 us    |                    vm_normal_page(); /* ret=0xfffff2a100fb1a40 */
 0)   0.160 us    |                    folio_mark_accessed(); /* ret=0xfffffde02023c */
 0)   0.151 us    |                    arch_check_zapped_pte(); /* ret=0xffffd26ac04ff9c4 */
 0)               |                    folio_remove_rmap_ptes() {
 0)               |                      lruvec_stat_mod_folio() {
 0)   0.151 us    |                        __rcu_read_lock(); /* ret=0xffff8f308369c400 */
 0)   0.151 us    |                        mod_node_page_state(); /* ret=0x2 */
 0)               |                        __mod_memcg_lruvec_state() {
 0)   0.160 us    |                          memcg_state_val_in_pages(); /* ret=0xffffffffffffffff */
 0)   0.160 us    |                          __css_rstat_updated(); /* ret=0xffff8f30bec39cb0 */
 0)   0.822 us    |                        } /* __mod_memcg_lruvec_state ret=0x100 */
 0)   0.161 us    |                        __rcu_read_unlock(); /* ret=0x100 */
 0)   2.144 us    |                      } /* lruvec_stat_mod_folio ret=0x100 */
 0)   2.485 us    |                    } /* folio_remove_rmap_ptes ret=0x100 */
 0)   0.150 us    |                    __tlb_remove_folio_pages(); /* ret=0x0 */
 0)   0.301 us    |                    vm_normal_page(); /* ret=0xfffff2a100fb1a80 */
 0)   0.151 us    |                    folio_mark_accessed(); /* ret=0xfffffde02023c */
 0)   0.150 us    |                    arch_check_zapped_pte(); /* ret=0xffffd26ac04ff9c4 */
 0)   0.151 us    |                    folio_remove_rmap_ptes(); /* ret=0xffffffffffffffff */
 0)   0.150 us    |                    __tlb_remove_folio_pages(); /* ret=0x0 */
 0)   0.170 us    |                    vm_normal_page(); /* ret=0xfffff2a100fb1ac0 */
 0)   0.150 us    |                    folio_mark_accessed(); /* ret=0xfffffde02023c */
 0)   0.151 us    |                    arch_check_zapped_pte(); /* ret=0xffffd26ac04ff9c4 */
 0)   0.150 us    |                    folio_remove_rmap_ptes(); /* ret=0xffffffffffffffff */
 0)   0.160 us    |                    __tlb_remove_folio_pages(); /* ret=0x0 */
 0)   0.160 us    |                    vm_normal_page(); /* ret=0xfffff2a100fb1b00 */
 0)   0.161 us    |                    folio_mark_accessed(); /* ret=0xfffffde02023c */
 0)   0.150 us    |                    arch_check_zapped_pte(); /* ret=0xffffd26ac04ff9c4 */
 0)   0.150 us    |                    folio_remove_rmap_ptes(); /* ret=0xffffffffffffffff */
 0)   0.150 us    |                    __tlb_remove_folio_pages(); /* ret=0x0 */
 0)   0.160 us    |                    vm_normal_page(); /* ret=0xfffff2a100fb1b40 */
 0)   0.150 us    |                    folio_mark_accessed(); /* ret=0xfffffde02023c */
 0)   0.149 us    |                    arch_check_zapped_pte(); /* ret=0xffffd26ac04ff9c4 */
 0)   0.151 us    |                    folio_remove_rmap_ptes(); /* ret=0xffffffffffffffff */
 0)   0.161 us    |                    __tlb_remove_folio_pages(); /* ret=0x0 */
 0)   0.161 us    |                    vm_normal_page(); /* ret=0xfffff2a100fb1b80 */
 0)   0.160 us    |                    folio_mark_accessed(); /* ret=0xfffffde02023c */
 0)   0.161 us    |                    arch_check_zapped_pte(); /* ret=0xffffd26ac04ff9c4 */
 0)   0.150 us    |                    folio_remove_rmap_ptes(); /* ret=0xffffffffffffffff */
 0)   0.151 us    |                    __tlb_remove_folio_pages(); /* ret=0x0 */
 0)   0.160 us    |                    vm_normal_page(); /* ret=0xfffff2a100fb1bc0 */
 0)   0.150 us    |                    folio_mark_accessed(); /* ret=0xfffffde02023c */
 0)   0.151 us    |                    arch_check_zapped_pte(); /* ret=0xffffd26ac04ff9c4 */
 0)   0.150 us    |                    folio_remove_rmap_ptes(); /* ret=0xffffffffffffffff */
 0)   0.150 us    |                    __tlb_remove_folio_pages(); /* ret=0x0 */
 0)   0.160 us    |                    vm_normal_page(); /* ret=0xfffff2a100fb1c00 */
 0)   0.150 us    |                    folio_mark_accessed(); /* ret=0xfffffde02023c */
 0)   0.151 us    |                    arch_check_zapped_pte(); /* ret=0xffffd26ac04ff9c4 */
 0)   0.160 us    |                    folio_remove_rmap_ptes(); /* ret=0xffffffffffffffff */
 0)   0.150 us    |                    __tlb_remove_folio_pages(); /* ret=0x0 */
 0)   0.161 us    |                    vm_normal_page(); /* ret=0xfffff2a100fb1c40 */
 0)   0.160 us    |                    folio_mark_accessed(); /* ret=0xfffffde02023c */
 0)   0.150 us    |                    arch_check_zapped_pte(); /* ret=0xffffd26ac04ff9c4 */
 0)   0.160 us    |                    folio_remove_rmap_ptes(); /* ret=0xffffffffffffffff */
 0)   0.161 us    |                    __tlb_remove_folio_pages(); /* ret=0x0 */
 0)   0.161 us    |                    vm_normal_page(); /* ret=0xfffff2a100fb1c80 */
 0)   0.160 us    |                    folio_mark_accessed(); /* ret=0xfffffde02023c */
 0)   0.150 us    |                    arch_check_zapped_pte(); /* ret=0xffffd26ac04ff9c4 */
 0)   0.151 us    |                    folio_remove_rmap_ptes(); /* ret=0xffffffffffffffff */
 0)   0.150 us    |                    __tlb_remove_folio_pages(); /* ret=0x0 */
 0)   0.160 us    |                    vm_normal_page(); /* ret=0xfffff2a100fb1cc0 */
 0)   0.151 us    |                    folio_mark_accessed(); /* ret=0xfffffde02023c */
 0)   0.150 us    |                    arch_check_zapped_pte(); /* ret=0xffffd26ac04ff9c4 */
 0)   0.151 us    |                    folio_remove_rmap_ptes(); /* ret=0xffffffffffffffff */
 0)   0.149 us    |                    __tlb_remove_folio_pages(); /* ret=0x0 */
 0)   0.160 us    |                    vm_normal_page(); /* ret=0xfffff2a100fb1d00 */
 0)   0.401 us    |                    folio_mark_accessed(); /* ret=0xfffffde02023c */
 0)   0.160 us    |                    arch_check_zapped_pte(); /* ret=0xffffd26ac04ff9c4 */
 0)   0.151 us    |                    folio_remove_rmap_ptes(); /* ret=0xffffffffffffffff */
 0)   0.150 us    |                    __tlb_remove_folio_pages(); /* ret=0x0 */
 0)   0.161 us    |                    vm_normal_page(); /* ret=0xfffff2a100fb1d40 */
 0)   0.160 us    |                    folio_mark_accessed(); /* ret=0xfffffde02023c */
 0)   0.150 us    |                    arch_check_zapped_pte(); /* ret=0xffffd26ac04ff9c4 */
 0)   0.160 us    |                    folio_remove_rmap_ptes(); /* ret=0xffffffffffffffff */
 0)   0.150 us    |                    __tlb_remove_folio_pages(); /* ret=0x0 */
 0)   0.161 us    |                    vm_normal_page(); /* ret=0xfffff2a100fb1d80 */
 0)   0.151 us    |                    folio_mark_accessed(); /* ret=0xfffffde02023c */
 0)   0.150 us    |                    arch_check_zapped_pte(); /* ret=0xffffd26ac04ff9c4 */
 0)   0.151 us    |                    folio_remove_rmap_ptes(); /* ret=0xffffffffffffffff */
 0)   0.150 us    |                    __tlb_remove_folio_pages(); /* ret=0x0 */
 0)   0.160 us    |                    vm_normal_page(); /* ret=0xfffff2a100fb1dc0 */
 0)   0.151 us    |                    folio_mark_accessed(); /* ret=0xfffffde02023c */
 0)   0.150 us    |                    arch_check_zapped_pte(); /* ret=0xffffd26ac04ff9c4 */
 0)   0.151 us    |                    folio_remove_rmap_ptes(); /* ret=0xffffffffffffffff */
 0)   0.160 us    |                    __tlb_remove_folio_pages(); /* ret=0x0 */
 0)   0.160 us    |                    vm_normal_page(); /* ret=0xfffff2a100fb1e00 */
 0)   0.160 us    |                    folio_mark_accessed(); /* ret=0xfffffde02023c */
 0)   0.160 us    |                    arch_check_zapped_pte(); /* ret=0xffffd26ac04ff9c4 */
 0)   0.150 us    |                    folio_remove_rmap_ptes(); /* ret=0xffffffffffffffff */
 0)   0.151 us    |                    __tlb_remove_folio_pages(); /* ret=0x0 */
 0)   0.161 us    |                    vm_normal_page(); /* ret=0xfffff2a100fb1e40 */
 0)   0.150 us    |                    folio_mark_accessed(); /* ret=0xfffffde02023c */
 0)   0.151 us    |                    arch_check_zapped_pte(); /* ret=0xffffd26ac04ff9c4 */
 0)   0.150 us    |                    folio_remove_rmap_ptes(); /* ret=0xffffffffffffffff */
 0)   0.160 us    |                    __tlb_remove_folio_pages(); /* ret=0x0 */
 0)   0.171 us    |                    vm_normal_page(); /* ret=0xfffff2a100fb1e80 */
 0)   0.160 us    |                    folio_mark_accessed(); /* ret=0xfffffde02023c */
 0)   0.160 us    |                    arch_check_zapped_pte(); /* ret=0xffffd26ac04ff9c4 */
 0)   0.151 us    |                    folio_remove_rmap_ptes(); /* ret=0xffffffffffffffff */
 0)   0.150 us    |                    __tlb_remove_folio_pages(); /* ret=0x0 */
 0)   0.160 us    |                    vm_normal_page(); /* ret=0xfffff2a100fb1ec0 */
 0)   0.150 us    |                    folio_mark_accessed(); /* ret=0xfffffde02023c */
 0)   0.150 us    |                    arch_check_zapped_pte(); /* ret=0xffffd26ac04ff9c4 */
 0)   0.161 us    |                    folio_remove_rmap_ptes(); /* ret=0xffffffffffffffff */
 0)   0.151 us    |                    __tlb_remove_folio_pages(); /* ret=0x0 */
 0)   0.160 us    |                    vm_normal_page(); /* ret=0xfffff2a100fb1f00 */
 0)   0.150 us    |                    folio_mark_accessed(); /* ret=0xfffffde02023c */
 0)   0.151 us    |                    arch_check_zapped_pte(); /* ret=0xffffd26ac04ff9c4 */
 0)   0.150 us    |                    folio_remove_rmap_ptes(); /* ret=0xffffffffffffffff */
 0)   0.150 us    |                    __tlb_remove_folio_pages(); /* ret=0x0 */
 0)   0.160 us    |                    vm_normal_page(); /* ret=0xfffff2a100fb1f40 */
 0)   0.150 us    |                    folio_mark_accessed(); /* ret=0xfffffde02023c */
 0)   0.151 us    |                    arch_check_zapped_pte(); /* ret=0xffffd26ac04ff9c4 */
 0)   0.151 us    |                    folio_remove_rmap_ptes(); /* ret=0xffffffffffffffff */
 0)   0.150 us    |                    __tlb_remove_folio_pages(); /* ret=0x0 */
 0)   0.161 us    |                    vm_normal_page(); /* ret=0xfffff2a100fb1f80 */
 0)   0.151 us    |                    folio_mark_accessed(); /* ret=0xfffffde02023c */
 0)   0.210 us    |                    arch_check_zapped_pte(); /* ret=0xffffd26ac04ff9c4 */
 0)   0.160 us    |                    folio_remove_rmap_ptes(); /* ret=0xffffffffffffffff */
 0)   0.150 us    |                    __tlb_remove_folio_pages(); /* ret=0x0 */
 0)   0.160 us    |                    vm_normal_page(); /* ret=0xfffff2a100fb1fc0 */
 0)   0.151 us    |                    folio_mark_accessed(); /* ret=0xfffffde02023c */
 0)   0.150 us    |                    arch_check_zapped_pte(); /* ret=0xffffd26ac04ff9c4 */
 0)   0.151 us    |                    folio_remove_rmap_ptes(); /* ret=0xffffffffffffffff */
 0)   0.149 us    |                    __tlb_remove_folio_pages(); /* ret=0x0 */
 0)   0.160 us    |                    vm_normal_page(); /* ret=0xfffff2a100fb3000 */
 0)   0.150 us    |                    folio_mark_accessed(); /* ret=0xfffffde02023c */
 0)   0.151 us    |                    arch_check_zapped_pte(); /* ret=0xffffd26ac04ff9c4 */
 0)   0.150 us    |                    folio_remove_rmap_ptes(); /* ret=0xffffffffffffffff */
 0)   0.151 us    |                    __tlb_remove_folio_pages(); /* ret=0x0 */
 0)   0.161 us    |                    vm_normal_page(); /* ret=0xfffff2a100fb3040 */
 0)   0.150 us    |                    folio_mark_accessed(); /* ret=0xfffffde02023c */
 0)   0.151 us    |                    arch_check_zapped_pte(); /* ret=0xffffd26ac04ff9c4 */
 0)   0.160 us    |                    folio_remove_rmap_ptes(); /* ret=0xffffffffffffffff */
 0)   0.150 us    |                    __tlb_remove_folio_pages(); /* ret=0x0 */
 0)   0.160 us    |                    vm_normal_page(); /* ret=0xfffff2a100fb3080 */
 0)   0.160 us    |                    folio_mark_accessed(); /* ret=0xfffffde02023c */
 0)   0.149 us    |                    arch_check_zapped_pte(); /* ret=0xffffd26ac04ff9c4 */
 0)   0.151 us    |                    folio_remove_rmap_ptes(); /* ret=0xffffffffffffffff */
 0)   0.150 us    |                    __tlb_remove_folio_pages(); /* ret=0x0 */
 0)   0.160 us    |                    vm_normal_page(); /* ret=0xfffff2a100fb30c0 */
 0)   0.150 us    |                    folio_mark_accessed(); /* ret=0xfffffde02023c */
 0)   0.150 us    |                    arch_check_zapped_pte(); /* ret=0xffffd26ac04ff9c4 */
 0)   0.151 us    |                    folio_remove_rmap_ptes(); /* ret=0xffffffffffffffff */
 0)   0.161 us    |                    __tlb_remove_folio_pages(); /* ret=0x0 */
 0)   0.160 us    |                    vm_normal_page(); /* ret=0xfffff2a100fb3100 */
 0)   0.161 us    |                    folio_mark_accessed(); /* ret=0xfffffde02023c */
 0)   0.161 us    |                    arch_check_zapped_pte(); /* ret=0xffffd26ac04ff9c4 */
 0)   0.150 us    |                    folio_remove_rmap_ptes(); /* ret=0xffffffffffffffff */
 0)   0.150 us    |                    __tlb_remove_folio_pages(); /* ret=0x0 */
 0)   0.160 us    |                    vm_normal_page(); /* ret=0xfffff2a100fb3140 */
 0)   0.150 us    |                    folio_mark_accessed(); /* ret=0xfffffde02023c */
 0)   0.151 us    |                    arch_check_zapped_pte(); /* ret=0xffffd26ac04ff9c4 */
 0)   0.149 us    |                    folio_remove_rmap_ptes(); /* ret=0xffffffffffffffff */
 0)   0.150 us    |                    __tlb_remove_folio_pages(); /* ret=0x0 */
 0)   0.160 us    |                    vm_normal_page(); /* ret=0xfffff2a100fb3180 */
 0)   0.150 us    |                    folio_mark_accessed(); /* ret=0xfffffde02023c */
 0)   0.150 us    |                    arch_check_zapped_pte(); /* ret=0xffffd26ac04ff9c4 */
 0)   0.161 us    |                    folio_remove_rmap_ptes(); /* ret=0xffffffffffffffff */
 0)   0.161 us    |                    __tlb_remove_folio_pages(); /* ret=0x0 */
 0)   0.161 us    |                    vm_normal_page(); /* ret=0xfffff2a100fb31c0 */
 0)   0.160 us    |                    folio_mark_accessed(); /* ret=0xfffffde02023c */
 0)   0.160 us    |                    arch_check_zapped_pte(); /* ret=0xffffd26ac04ff9c4 */
 0)   0.151 us    |                    folio_remove_rmap_ptes(); /* ret=0xffffffffffffffff */
 0)   0.150 us    |                    __tlb_remove_folio_pages(); /* ret=0x0 */
 0)   0.160 us    |                    vm_normal_page(); /* ret=0xfffff2a100fb3200 */
 0)   0.151 us    |                    folio_mark_accessed(); /* ret=0xfffffde02023c */
 0)   0.150 us    |                    arch_check_zapped_pte(); /* ret=0xffffd26ac04ff9c4 */
 0)   0.281 us    |                    folio_remove_rmap_ptes(); /* ret=0xffffffffffffffff */
 0)   0.151 us    |                    __tlb_remove_folio_pages(); /* ret=0x0 */
 0)   0.161 us    |                    vm_normal_page(); /* ret=0xfffff2a100fb3640 */
 0)   0.160 us    |                    folio_mark_accessed(); /* ret=0xfffffde02023c */
 0)   0.161 us    |                    arch_check_zapped_pte(); /* ret=0xffffd26ac04ff9c4 */
 0)               |                    folio_remove_rmap_ptes() {
 0)               |                      lruvec_stat_mod_folio() {
 0)   0.150 us    |                        __rcu_read_lock(); /* ret=0xffff8f308369c400 */
 0)   0.149 us    |                        mod_node_page_state(); /* ret=0x1 */
 0)               |                        __mod_memcg_lruvec_state() {
 0)   0.149 us    |                          memcg_state_val_in_pages(); /* ret=0xffffffffffffffff */
 0)   0.150 us    |                          __css_rstat_updated(); /* ret=0xffff8f30bec39cb0 */
 0)   0.812 us    |                        } /* __mod_memcg_lruvec_state ret=0x100 */
 0)   0.150 us    |                        __rcu_read_unlock(); /* ret=0x100 */
 0)   2.124 us    |                      } /* lruvec_stat_mod_folio ret=0x100 */
 0)   2.465 us    |                    } /* folio_remove_rmap_ptes ret=0x100 */
 0)   0.150 us    |                    __tlb_remove_folio_pages(); /* ret=0x0 */
 0)   0.161 us    |                    vm_normal_page(); /* ret=0xfffff2a100fb3680 */
 0)   0.160 us    |                    folio_mark_accessed(); /* ret=0xfffffde02023c */
 0)   0.150 us    |                    arch_check_zapped_pte(); /* ret=0xffffd26ac04ff9c4 */
 0)   0.151 us    |                    folio_remove_rmap_ptes(); /* ret=0xffffffffffffffff */
 0)   0.150 us    |                    __tlb_remove_folio_pages(); /* ret=0x0 */
 0)   0.160 us    |                    vm_normal_page(); /* ret=0xfffff2a100fb36c0 */
 0)   0.151 us    |                    folio_mark_accessed(); /* ret=0xfffffde02023c */
 0)   0.150 us    |                    arch_check_zapped_pte(); /* ret=0xffffd26ac04ff9c4 */
 0)   0.151 us    |                    folio_remove_rmap_ptes(); /* ret=0xffffffffffffffff */
 0)   0.160 us    |                    __tlb_remove_folio_pages(); /* ret=0x0 */
 0)   0.160 us    |                    vm_normal_page(); /* ret=0xfffff2a100fb3700 */
 0)   0.150 us    |                    folio_mark_accessed(); /* ret=0xfffffde02023c */
 0)   0.151 us    |                    arch_check_zapped_pte(); /* ret=0xffffd26ac04ff9c4 */
 0)   0.150 us    |                    folio_remove_rmap_ptes(); /* ret=0xffffffffffffffff */
 0)   0.151 us    |                    __tlb_remove_folio_pages(); /* ret=0x0 */
 0)   0.171 us    |                    vm_normal_page(); /* ret=0xfffff2a100fb3740 */
 0)   0.150 us    |                    folio_mark_accessed(); /* ret=0xfffffde02023c */
 0)   0.151 us    |                    arch_check_zapped_pte(); /* ret=0xffffd26ac04ff9c4 */
 0)   0.150 us    |                    folio_remove_rmap_ptes(); /* ret=0xffffffffffffffff */
 0)   0.150 us    |                    __tlb_remove_folio_pages(); /* ret=0x0 */
 0)   0.160 us    |                    vm_normal_page(); /* ret=0xfffff2a100fb3780 */
 0)   0.150 us    |                    folio_mark_accessed(); /* ret=0xfffffde02023c */
 0)   0.149 us    |                    arch_check_zapped_pte(); /* ret=0xffffd26ac04ff9c4 */
 0)   0.161 us    |                    folio_remove_rmap_ptes(); /* ret=0xffffffffffffffff */
 0)   0.151 us    |                    __tlb_remove_folio_pages(); /* ret=0x0 */
 0)   0.161 us    |                    vm_normal_page(); /* ret=0xfffff2a100fb37c0 */
 0)   0.150 us    |                    folio_mark_accessed(); /* ret=0xfffffde02023c */
 0)   0.151 us    |                    arch_check_zapped_pte(); /* ret=0xffffd26ac04ff9c4 */
 0)   0.150 us    |                    folio_remove_rmap_ptes(); /* ret=0xffffffffffffffff */
 0)   0.150 us    |                    __tlb_remove_folio_pages(); /* ret=0x0 */
 0)   0.171 us    |                    vm_normal_page(); /* ret=0xfffff2a100fb3800 */
 0)   0.160 us    |                    folio_mark_accessed(); /* ret=0xfffffde02023c */
 0)   0.150 us    |                    arch_check_zapped_pte(); /* ret=0xffffd26ac04ff9c4 */
 0)   0.151 us    |                    folio_remove_rmap_ptes(); /* ret=0xffffffffffffffff */
 0)   0.150 us    |                    __tlb_remove_folio_pages(); /* ret=0x0 */
 0)   0.161 us    |                    vm_normal_page(); /* ret=0xfffff2a100fb3840 */
 0)   0.151 us    |                    folio_mark_accessed(); /* ret=0xfffffde02023c */
 0)   0.290 us    |                    arch_check_zapped_pte(); /* ret=0xffffd26ac04ff9c4 */
 0)   0.161 us    |                    folio_remove_rmap_ptes(); /* ret=0xffffffffffffffff */
 0)   0.151 us    |                    __tlb_remove_folio_pages(); /* ret=0x0 */
 0)   0.170 us    |                    vm_normal_page(); /* ret=0xfffff2a100fb3880 */
 0)   0.150 us    |                    folio_mark_accessed(); /* ret=0xfffffde02023c */
 0)   0.151 us    |                    arch_check_zapped_pte(); /* ret=0xffffd26ac04ff9c4 */
 0)   0.150 us    |                    folio_remove_rmap_ptes(); /* ret=0xffffffffffffffff */
 0)   0.151 us    |                    __tlb_remove_folio_pages(); /* ret=0x0 */
 0)   0.161 us    |                    vm_normal_page(); /* ret=0xfffff2a100fb38c0 */
 0)   0.160 us    |                    folio_mark_accessed(); /* ret=0xfffffde02023c */
 0)   0.160 us    |                    arch_check_zapped_pte(); /* ret=0xffffd26ac04ff9c4 */
 0)   0.160 us    |                    folio_remove_rmap_ptes(); /* ret=0xffffffffffffffff */
 0)   0.161 us    |                    __tlb_remove_folio_pages(); /* ret=0x0 */
 0)   0.170 us    |                    vm_normal_page(); /* ret=0xfffff2a100fb3900 */
 0)   0.160 us    |                    folio_mark_accessed(); /* ret=0xfffffde02023c */
 0)   0.149 us    |                    arch_check_zapped_pte(); /* ret=0xffffd26ac04ff9c4 */
 0)   0.151 us    |                    folio_remove_rmap_ptes(); /* ret=0xffffffffffffffff */
 0)   0.150 us    |                    __tlb_remove_folio_pages(); /* ret=0x0 */
 0)   0.160 us    |                    vm_normal_page(); /* ret=0xfffff2a100fb3940 */
 0)   0.150 us    |                    folio_mark_accessed(); /* ret=0xfffffde02023c */
 0)   0.150 us    |                    arch_check_zapped_pte(); /* ret=0xffffd26ac04ff9c4 */
 0)   0.151 us    |                    folio_remove_rmap_ptes(); /* ret=0xffffffffffffffff */
 0)   0.150 us    |                    __tlb_remove_folio_pages(); /* ret=0x0 */
 0)   0.160 us    |                    vm_normal_page(); /* ret=0xfffff2a100fb3980 */
 0)   0.160 us    |                    folio_mark_accessed(); /* ret=0xfffffde02023c */
 0)   0.160 us    |                    arch_check_zapped_pte(); /* ret=0xffffd26ac04ff9c4 */
 0)   0.160 us    |                    folio_remove_rmap_ptes(); /* ret=0xffffffffffffffff */
 0)   0.160 us    |                    __tlb_remove_folio_pages(); /* ret=0x0 */
 0)   0.171 us    |                    vm_normal_page(); /* ret=0xfffff2a100fb39c0 */
 0)   0.150 us    |                    folio_mark_accessed(); /* ret=0xfffffde02023c */
 0)   0.150 us    |                    arch_check_zapped_pte(); /* ret=0xffffd26ac04ff9c4 */
 0)   0.149 us    |                    folio_remove_rmap_ptes(); /* ret=0xffffffffffffffff */
 0)   0.151 us    |                    __tlb_remove_folio_pages(); /* ret=0x0 */
 0)   0.160 us    |                    vm_normal_page(); /* ret=0xfffff2a100fb3a00 */
 0)   0.150 us    |                    folio_mark_accessed(); /* ret=0xfffffde02023c */
 0)   0.150 us    |                    arch_check_zapped_pte(); /* ret=0xffffd26ac04ff9c4 */
 0)   0.150 us    |                    folio_remove_rmap_ptes(); /* ret=0xffffffffffffffff */
 0)   0.151 us    |                    __tlb_remove_folio_pages(); /* ret=0x0 */
 0)   0.160 us    |                    vm_normal_page(); /* ret=0xfffff2a100fb3e40 */
 0)   0.160 us    |                    folio_mark_accessed(); /* ret=0xfffffde02023c */
 0)   0.160 us    |                    arch_check_zapped_pte(); /* ret=0xffffd26ac04ff9c4 */
 0)   0.160 us    |                    folio_remove_rmap_ptes(); /* ret=0xffffffffffffffff */
 0)   0.149 us    |                    __tlb_remove_folio_pages(); /* ret=0x0 */
 0)   0.160 us    |                    vm_normal_page(); /* ret=0xfffff2a100fb3e80 */
 0)   0.161 us    |                    folio_mark_accessed(); /* ret=0xfffffde02023c */
 0)   0.161 us    |                    arch_check_zapped_pte(); /* ret=0xffffd26ac04ff9c4 */
 0)   0.160 us    |                    folio_remove_rmap_ptes(); /* ret=0xffffffffffffffff */
 0)   0.160 us    |                    __tlb_remove_folio_pages(); /* ret=0x0 */
 0)   0.171 us    |                    vm_normal_page(); /* ret=0xfffff2a100fb3ec0 */
 0)   0.161 us    |                    folio_mark_accessed(); /* ret=0xfffffde02023c */
 0)   0.151 us    |                    arch_check_zapped_pte(); /* ret=0xffffd26ac04ff9c4 */
 0)   0.290 us    |                    folio_remove_rmap_ptes(); /* ret=0xffffffffffffffff */
 0)   0.150 us    |                    __tlb_remove_folio_pages(); /* ret=0x0 */
 0)   0.160 us    |                    vm_normal_page(); /* ret=0xfffff2a100fb3f00 */
 0)   0.161 us    |                    folio_mark_accessed(); /* ret=0xfffffde02023c */
 0)   0.151 us    |                    arch_check_zapped_pte(); /* ret=0xffffd26ac04ff9c4 */
 0)   0.149 us    |                    folio_remove_rmap_ptes(); /* ret=0xffffffffffffffff */
 0)   0.150 us    |                    __tlb_remove_folio_pages(); /* ret=0x0 */
 0)   0.160 us    |                    vm_normal_page(); /* ret=0xfffff2a100fb3f40 */
 0)   0.150 us    |                    folio_mark_accessed(); /* ret=0xfffffde02023c */
 0)   0.150 us    |                    arch_check_zapped_pte(); /* ret=0xffffd26ac04ff9c4 */
 0)   0.160 us    |                    folio_remove_rmap_ptes(); /* ret=0xffffffffffffffff */
 0)   0.150 us    |                    __tlb_remove_folio_pages(); /* ret=0x0 */
 0)   0.161 us    |                    vm_normal_page(); /* ret=0xfffff2a100fb3f80 */
 0)   0.151 us    |                    folio_mark_accessed(); /* ret=0xfffffde02023c */
 0)   0.150 us    |                    arch_check_zapped_pte(); /* ret=0xffffd26ac04ff9c4 */
 0)   0.151 us    |                    folio_remove_rmap_ptes(); /* ret=0xffffffffffffffff */
 0)   0.150 us    |                    __tlb_remove_folio_pages(); /* ret=0x0 */
 0)   0.170 us    |                    vm_normal_page(); /* ret=0xfffff2a100fb3fc0 */
 0)   0.160 us    |                    folio_mark_accessed(); /* ret=0xfffffde02023c */
 0)   0.160 us    |                    arch_check_zapped_pte(); /* ret=0xffffd26ac04ff9c4 */
 0)   0.150 us    |                    folio_remove_rmap_ptes(); /* ret=0xffffffffffffffff */
 0)   0.151 us    |                    __tlb_remove_folio_pages(); /* ret=0x0 */
 0)   0.160 us    |                    vm_normal_page(); /* ret=0xfffff2a100fb5000 */
 0)   0.151 us    |                    folio_mark_accessed(); /* ret=0xfffffde02023c */
 0)   0.150 us    |                    arch_check_zapped_pte(); /* ret=0xffffd26ac04ff9c4 */
 0)   0.150 us    |                    folio_remove_rmap_ptes(); /* ret=0xffffffffffffffff */
 0)   0.160 us    |                    __tlb_remove_folio_pages(); /* ret=0x0 */
 0)   0.161 us    |                    vm_normal_page(); /* ret=0xfffff2a100fb5040 */
 0)   0.150 us    |                    folio_mark_accessed(); /* ret=0xfffffde02023c */
 0)   0.151 us    |                    arch_check_zapped_pte(); /* ret=0xffffd26ac04ff9c4 */
 0)   0.150 us    |                    folio_remove_rmap_ptes(); /* ret=0xffffffffffffffff */
 0)   0.151 us    |                    __tlb_remove_folio_pages(); /* ret=0x0 */
 0)   0.171 us    |                    vm_normal_page(); /* ret=0xfffff2a100fb5080 */
 0)   0.161 us    |                    folio_mark_accessed(); /* ret=0xfffffde02023c */
 0)   0.160 us    |                    arch_check_zapped_pte(); /* ret=0xffffd26ac04ff9c4 */
 0)   0.150 us    |                    folio_remove_rmap_ptes(); /* ret=0xffffffffffffffff */
 0)   0.150 us    |                    __tlb_remove_folio_pages(); /* ret=0x0 */
 0)   0.160 us    |                    vm_normal_page(); /* ret=0xfffff2a100fb50c0 */
 0)   0.150 us    |                    folio_mark_accessed(); /* ret=0xfffffde02023c */
 0)   0.150 us    |                    arch_check_zapped_pte(); /* ret=0xffffd26ac04ff9c4 */
 0)   0.161 us    |                    folio_remove_rmap_ptes(); /* ret=0xffffffffffffffff */
 0)   0.161 us    |                    __tlb_remove_folio_pages(); /* ret=0x0 */
 0)   0.160 us    |                    vm_normal_page(); /* ret=0xfffff2a100fb5100 */
 0)   0.150 us    |                    folio_mark_accessed(); /* ret=0xfffffde02023c */
 0)   0.151 us    |                    arch_check_zapped_pte(); /* ret=0xffffd26ac04ff9c4 */
 0)   0.150 us    |                    folio_remove_rmap_ptes(); /* ret=0xffffffffffffffff */
 0)   0.150 us    |                    __tlb_remove_folio_pages(); /* ret=0x0 */
 0)   0.160 us    |                    vm_normal_page(); /* ret=0xfffff2a100fb5140 */
 0)   0.150 us    |                    folio_mark_accessed(); /* ret=0xfffffde02023c */
 0)   0.151 us    |                    arch_check_zapped_pte(); /* ret=0xffffd26ac04ff9c4 */
 0)   0.160 us    |                    folio_remove_rmap_ptes(); /* ret=0xffffffffffffffff */
 0)   0.290 us    |                    __tlb_remove_folio_pages(); /* ret=0x0 */
 0)   0.160 us    |                    vm_normal_page(); /* ret=0xfffff2a100fb5180 */
 0)   0.160 us    |                    folio_mark_accessed(); /* ret=0xfffffde02023c */
 0)   0.161 us    |                    arch_check_zapped_pte(); /* ret=0xffffd26ac04ff9c4 */
 0)   0.151 us    |                    folio_remove_rmap_ptes(); /* ret=0xffffffffffffffff */
 0)   0.160 us    |                    __tlb_remove_folio_pages(); /* ret=0x0 */
 0)   0.170 us    |                    vm_normal_page(); /* ret=0xfffff2a100fb51c0 */
 0)   0.161 us    |                    folio_mark_accessed(); /* ret=0xfffffde02023c */
 0)   0.161 us    |                    arch_check_zapped_pte(); /* ret=0xffffd26ac04ff9c4 */
 0)   0.160 us    |                    folio_remove_rmap_ptes(); /* ret=0xffffffffffffffff */
 0)   0.160 us    |                    __tlb_remove_folio_pages(); /* ret=0x0 */
 0)   0.160 us    |                    vm_normal_page(); /* ret=0xfffff2a100fb5200 */
 0)   0.161 us    |                    folio_mark_accessed(); /* ret=0xfffffde02023c */
 0)   0.160 us    |                    arch_check_zapped_pte(); /* ret=0xffffd26ac04ff9c4 */
 0)   0.160 us    |                    folio_remove_rmap_ptes(); /* ret=0xffffffffffffffff */
 0)   0.160 us    |                    __tlb_remove_folio_pages(); /* ret=0x0 */
 0)   0.160 us    |                    vm_normal_page(); /* ret=0xfffff2a100fb5240 */
 0)   0.160 us    |                    folio_mark_accessed(); /* ret=0xfffffde02023c */
 0)   0.151 us    |                    arch_check_zapped_pte(); /* ret=0xffffd26ac04ff9c4 */
 0)   0.150 us    |                    folio_remove_rmap_ptes(); /* ret=0xffffffffffffffff */
 0)   0.151 us    |                    __tlb_remove_folio_pages(); /* ret=0x0 */
 0)   0.160 us    |                    vm_normal_page(); /* ret=0xfffff2a100fb5280 */
 0)   0.150 us    |                    folio_mark_accessed(); /* ret=0xfffffde02023c */
 0)   0.151 us    |                    arch_check_zapped_pte(); /* ret=0xffffd26ac04ff9c4 */
 0)   0.150 us    |                    folio_remove_rmap_ptes(); /* ret=0xffffffffffffffff */
 0)   0.160 us    |                    __tlb_remove_folio_pages(); /* ret=0x0 */
 0)   0.171 us    |                    vm_normal_page(); /* ret=0xfffff2a100fb52c0 */
 0)   0.150 us    |                    folio_mark_accessed(); /* ret=0xfffffde02023c */
 0)   0.151 us    |                    arch_check_zapped_pte(); /* ret=0xffffd26ac04ff9c4 */
 0)   0.160 us    |                    folio_remove_rmap_ptes(); /* ret=0xffffffffffffffff */
 0)   0.160 us    |                    __tlb_remove_folio_pages(); /* ret=0x0 */
 0)   0.161 us    |                    vm_normal_page(); /* ret=0xfffff2a100fb5300 */
 0)   0.160 us    |                    folio_mark_accessed(); /* ret=0xfffffde02023c */
 0)   0.160 us    |                    arch_check_zapped_pte(); /* ret=0xffffd26ac04ff9c4 */
 0)   0.151 us    |                    folio_remove_rmap_ptes(); /* ret=0xffffffffffffffff */
 0)   0.150 us    |                    __tlb_remove_folio_pages(); /* ret=0x0 */
 0)   0.161 us    |                    vm_normal_page(); /* ret=0xfffff2a100fb5340 */
 0)   0.151 us    |                    folio_mark_accessed(); /* ret=0xfffffde02023c */
 0)   0.150 us    |                    arch_check_zapped_pte(); /* ret=0xffffd26ac04ff9c4 */
 0)   0.151 us    |                    folio_remove_rmap_ptes(); /* ret=0xffffffffffffffff */
 0)   0.150 us    |                    __tlb_remove_folio_pages(); /* ret=0x0 */
 0)   0.160 us    |                    vm_normal_page(); /* ret=0xfffff2a100fb5380 */
 0)   0.151 us    |                    folio_mark_accessed(); /* ret=0xfffffde02023c */
 0)   0.150 us    |                    arch_check_zapped_pte(); /* ret=0xffffd26ac04ff9c4 */
 0)   0.151 us    |                    folio_remove_rmap_ptes(); /* ret=0xffffffffffffffff */
 0)   0.149 us    |                    __tlb_remove_folio_pages(); /* ret=0x0 */
 0)   0.160 us    |                    vm_normal_page(); /* ret=0xfffff2a100fb53c0 */
 0)   0.151 us    |                    folio_mark_accessed(); /* ret=0xfffffde02023c */
 0)   0.150 us    |                    arch_check_zapped_pte(); /* ret=0xffffd26ac04ff9c4 */
 0)   0.150 us    |                    folio_remove_rmap_ptes(); /* ret=0xffffffffffffffff */
 0)   0.149 us    |                    __tlb_remove_folio_pages(); /* ret=0x0 */
 0)   0.291 us    |                    vm_normal_page(); /* ret=0xfffff2a100fb5400 */
 0)   0.150 us    |                    folio_mark_accessed(); /* ret=0xfffffde02023c */
 0)   0.151 us    |                    arch_check_zapped_pte(); /* ret=0xffffd26ac04ff9c4 */
 0)   0.150 us    |                    folio_remove_rmap_ptes(); /* ret=0xffffffffffffffff */
 0)   0.160 us    |                    __tlb_remove_folio_pages(); /* ret=0x0 */
 0)   0.160 us    |                    vm_normal_page(); /* ret=0xfffff2a100fb5440 */
 0)   0.150 us    |                    folio_mark_accessed(); /* ret=0xfffffde02023c */
 0)   0.151 us    |                    arch_check_zapped_pte(); /* ret=0xffffd26ac04ff9c4 */
 0)   0.160 us    |                    folio_remove_rmap_ptes(); /* ret=0xffffffffffffffff */
 0)   0.160 us    |                    __tlb_remove_folio_pages(); /* ret=0x0 */
 0)   0.170 us    |                    vm_normal_page(); /* ret=0xfffff2a100fb5480 */
 0)   0.151 us    |                    folio_mark_accessed(); /* ret=0xfffffde02023c */
 0)   0.150 us    |                    arch_check_zapped_pte(); /* ret=0xffffd26ac04ff9c4 */
 0)   0.151 us    |                    folio_remove_rmap_ptes(); /* ret=0xffffffffffffffff */
 0)   0.150 us    |                    __tlb_remove_folio_pages(); /* ret=0x0 */
 0)   0.161 us    |                    vm_normal_page(); /* ret=0xfffff2a100fb54c0 */
 0)   0.151 us    |                    folio_mark_accessed(); /* ret=0xfffffde02023c */
 0)   0.150 us    |                    arch_check_zapped_pte(); /* ret=0xffffd26ac04ff9c4 */
 0)   0.151 us    |                    folio_remove_rmap_ptes(); /* ret=0xffffffffffffffff */
 0)   0.150 us    |                    __tlb_remove_folio_pages(); /* ret=0x0 */
 0)   0.160 us    |                    vm_normal_page(); /* ret=0xfffff2a100fb5500 */
 0)   0.160 us    |                    folio_mark_accessed(); /* ret=0xfffffde02023c */
 0)   0.161 us    |                    arch_check_zapped_pte(); /* ret=0xffffd26ac04ff9c4 */
 0)   0.151 us    |                    folio_remove_rmap_ptes(); /* ret=0xffffffffffffffff */
 0)   0.149 us    |                    __tlb_remove_folio_pages(); /* ret=0x0 */
 0)   0.160 us    |                    vm_normal_page(); /* ret=0xfffff2a100fb5540 */
 0)   0.161 us    |                    folio_mark_accessed(); /* ret=0xfffffde02023c */
 0)   0.150 us    |                    arch_check_zapped_pte(); /* ret=0xffffd26ac04ff9c4 */
 0)   0.150 us    |                    folio_remove_rmap_ptes(); /* ret=0xffffffffffffffff */
 0)   0.149 us    |                    __tlb_remove_folio_pages(); /* ret=0x0 */
 0)   0.160 us    |                    vm_normal_page(); /* ret=0xfffff2a100fb5580 */
 0)   0.151 us    |                    folio_mark_accessed(); /* ret=0xfffffde02023c */
 0)   0.149 us    |                    arch_check_zapped_pte(); /* ret=0xffffd26ac04ff9c4 */
 0)   0.150 us    |                    folio_remove_rmap_ptes(); /* ret=0xffffffffffffffff */
 0)   0.150 us    |                    __tlb_remove_folio_pages(); /* ret=0x0 */
 0)   0.160 us    |                    vm_normal_page(); /* ret=0xfffff2a100fb55c0 */
 0)   0.150 us    |                    folio_mark_accessed(); /* ret=0xfffffde02023c */
 0)   0.149 us    |                    arch_check_zapped_pte(); /* ret=0xffffd26ac04ff9c4 */
 0)   0.151 us    |                    folio_remove_rmap_ptes(); /* ret=0xffffffffffffffff */
 0)   0.150 us    |                    __tlb_remove_folio_pages(); /* ret=0x0 */
 0)   0.160 us    |                    vm_normal_page(); /* ret=0xfffff2a100fb5600 */
 0)   0.160 us    |                    folio_mark_accessed(); /* ret=0xfffffde02023c */
 0)   0.160 us    |                    arch_check_zapped_pte(); /* ret=0xffffd26ac04ff9c4 */
 0)   0.160 us    |                    folio_remove_rmap_ptes(); /* ret=0xffffffffffffffff */
 0)   0.160 us    |                    __tlb_remove_folio_pages(); /* ret=0x0 */
 0)   0.180 us    |                    vm_normal_page(); /* ret=0xfffff2a100fb5640 */
 0)   0.151 us    |                    folio_mark_accessed(); /* ret=0xfffffde02023c */
 0)   0.150 us    |                    arch_check_zapped_pte(); /* ret=0xffffd26ac04ff9c4 */
 0)   0.160 us    |                    folio_remove_rmap_ptes(); /* ret=0xffffffffffffffff */
 0)   0.150 us    |                    __tlb_remove_folio_pages(); /* ret=0x0 */
 0)   0.160 us    |                    vm_normal_page(); /* ret=0xfffff2a100fb5680 */
 0)   0.290 us    |                    folio_mark_accessed(); /* ret=0xfffffde02023c */
 0)   0.161 us    |                    arch_check_zapped_pte(); /* ret=0xffffd26ac04ff9c4 */
 0)   0.151 us    |                    folio_remove_rmap_ptes(); /* ret=0xffffffffffffffff */
 0)   0.149 us    |                    __tlb_remove_folio_pages(); /* ret=0x0 */
 0)   0.160 us    |                    vm_normal_page(); /* ret=0xfffff2a100fb56c0 */
 0)   0.151 us    |                    folio_mark_accessed(); /* ret=0xfffffde02023c */
 0)   0.150 us    |                    arch_check_zapped_pte(); /* ret=0xffffd26ac04ff9c4 */
 0)   0.150 us    |                    folio_remove_rmap_ptes(); /* ret=0xffffffffffffffff */
 0)   0.149 us    |                    __tlb_remove_folio_pages(); /* ret=0x0 */
 0)   0.160 us    |                    vm_normal_page(); /* ret=0xfffff2a100fb5700 */
 0)   0.151 us    |                    folio_mark_accessed(); /* ret=0xfffffde02023c */
 0)   0.149 us    |                    arch_check_zapped_pte(); /* ret=0xffffd26ac04ff9c4 */
 0)   0.160 us    |                    folio_remove_rmap_ptes(); /* ret=0xffffffffffffffff */
 0)   0.151 us    |                    __tlb_remove_folio_pages(); /* ret=0x0 */
 0)   0.161 us    |                    vm_normal_page(); /* ret=0xfffff2a100fb5740 */
 0)   0.150 us    |                    folio_mark_accessed(); /* ret=0xfffffde02023c */
 0)   0.151 us    |                    arch_check_zapped_pte(); /* ret=0xffffd26ac04ff9c4 */
 0)   0.150 us    |                    folio_remove_rmap_ptes(); /* ret=0xffffffffffffffff */
 0)   0.151 us    |                    __tlb_remove_folio_pages(); /* ret=0x0 */
 0)   0.161 us    |                    vm_normal_page(); /* ret=0xfffff2a100fb5780 */
 0)   0.150 us    |                    folio_mark_accessed(); /* ret=0xfffffde02023c */
 0)   0.151 us    |                    arch_check_zapped_pte(); /* ret=0xffffd26ac04ff9c4 */
 0)   0.150 us    |                    folio_remove_rmap_ptes(); /* ret=0xffffffffffffffff */
 0)   0.160 us    |                    __tlb_remove_folio_pages(); /* ret=0x0 */
 0)   0.160 us    |                    vm_normal_page(); /* ret=0xfffff2a100fb57c0 */
 0)   0.150 us    |                    folio_mark_accessed(); /* ret=0xfffffde02023c */
 0)   0.151 us    |                    arch_check_zapped_pte(); /* ret=0xffffd26ac04ff9c4 */
 0)   0.160 us    |                    folio_remove_rmap_ptes(); /* ret=0xffffffffffffffff */
 0)   0.150 us    |                    __tlb_remove_folio_pages(); /* ret=0x0 */
 0)   0.161 us    |                    vm_normal_page(); /* ret=0xfffff2a100fb5800 */
 0)   0.151 us    |                    folio_mark_accessed(); /* ret=0xfffffde02023c */
 0)   0.150 us    |                    arch_check_zapped_pte(); /* ret=0xffffd26ac04ff9c4 */
 0)   0.151 us    |                    folio_remove_rmap_ptes(); /* ret=0xffffffffffffffff */
 0)   0.150 us    |                    __tlb_remove_folio_pages(); /* ret=0x0 */
 0)   0.160 us    |                    _raw_spin_lock_irqsave(); /* ret=0x292 */
 0)   0.160 us    |                    _raw_spin_unlock_irqrestore(); /* ret=0x1 */
 0)   0.160 us    |                    _raw_spin_unlock(); /* ret=0x1 */
 0)   0.161 us    |                    __rcu_read_unlock(); /* ret=0x0 */
 0) ! 219.131 us  |                  } /* __zap_vma_range ret=0x0 */
 0)               |                  __zap_vma_range() {
 0)   0.150 us    |                    uprobe_munmap(); /* ret=0xffffd26ac04ffa18 */
 0)               |                    pte_offset_map_lock() {
 0)               |                      __pte_offset_map() {
 0)   0.150 us    |                        __rcu_read_lock(); /* ret=0xffff8f308369c400 */
 0)   0.481 us    |                      } /* __pte_offset_map ret=0xffff8f3083509440 */
 0)   0.151 us    |                      _raw_spin_lock(); /* ret=0x0 */
 0)   1.153 us    |                    } /* pte_offset_map_lock ret=0xffff8f3083509440 */
 0)   0.150 us    |                    flush_tlb_batched_pending(); /* ret=0x0 */
 0)   0.161 us    |                    vm_normal_page(); /* ret=0xfffff2a100fb5840 */
 0)   0.160 us    |                    folio_mark_accessed(); /* ret=0xfffffde02023c */
 0)   0.150 us    |                    arch_check_zapped_pte(); /* ret=0xffffd26ac04ff9c4 */
 0)   0.151 us    |                    folio_remove_rmap_ptes(); /* ret=0xffffffffffffffff */
 0)   0.150 us    |                    __tlb_remove_folio_pages(); /* ret=0x0 */
 0)   0.160 us    |                    vm_normal_page(); /* ret=0xfffff2a100fb5880 */
 0)   0.621 us    |                    folio_mark_accessed(); /* ret=0xfffffde02023c */
 0)   0.150 us    |                    arch_check_zapped_pte(); /* ret=0xffffd26ac04ff9c4 */
 0)   0.150 us    |                    folio_remove_rmap_ptes(); /* ret=0xffffffffffffffff */
 0)   0.151 us    |                    __tlb_remove_folio_pages(); /* ret=0x0 */
 0)   0.160 us    |                    vm_normal_page(); /* ret=0xfffff2a100fb58c0 */
 0)   0.161 us    |                    folio_mark_accessed(); /* ret=0xfffffde02023c */
 0)   0.151 us    |                    arch_check_zapped_pte(); /* ret=0xffffd26ac04ff9c4 */
 0)   0.150 us    |                    folio_remove_rmap_ptes(); /* ret=0xffffffffffffffff */
 0)   0.160 us    |                    __tlb_remove_folio_pages(); /* ret=0x0 */
 0)   0.160 us    |                    vm_normal_page(); /* ret=0xfffff2a100fb5900 */
 0)   0.161 us    |                    folio_mark_accessed(); /* ret=0xfffffde02023c */
 0)   0.161 us    |                    arch_check_zapped_pte(); /* ret=0xffffd26ac04ff9c4 */
 0)   0.150 us    |                    folio_remove_rmap_ptes(); /* ret=0xffffffffffffffff */
 0)   0.150 us    |                    __tlb_remove_folio_pages(); /* ret=0x0 */
 0)   0.160 us    |                    vm_normal_page(); /* ret=0xfffff2a100fb5940 */
 0)   0.151 us    |                    folio_mark_accessed(); /* ret=0xfffffde02023c */
 0)   0.149 us    |                    arch_check_zapped_pte(); /* ret=0xffffd26ac04ff9c4 */
 0)   0.150 us    |                    folio_remove_rmap_ptes(); /* ret=0xffffffffffffffff */
 0)   0.150 us    |                    __tlb_remove_folio_pages(); /* ret=0x0 */
 0)   0.160 us    |                    vm_normal_page(); /* ret=0xfffff2a100fb5980 */
 0)   0.150 us    |                    folio_mark_accessed(); /* ret=0xfffffde02023c */
 0)   0.150 us    |                    arch_check_zapped_pte(); /* ret=0xffffd26ac04ff9c4 */
 0)   0.151 us    |                    folio_remove_rmap_ptes(); /* ret=0xffffffffffffffff */
 0)   0.161 us    |                    __tlb_remove_folio_pages(); /* ret=0x0 */
 0)   0.160 us    |                    vm_normal_page(); /* ret=0xfffff2a100fb59c0 */
 0)   0.160 us    |                    folio_mark_accessed(); /* ret=0xfffffde02023c */
 0)   0.161 us    |                    arch_check_zapped_pte(); /* ret=0xffffd26ac04ff9c4 */
 0)   0.150 us    |                    folio_remove_rmap_ptes(); /* ret=0xffffffffffffffff */
 0)   0.150 us    |                    __tlb_remove_folio_pages(); /* ret=0x0 */
 0)   0.160 us    |                    vm_normal_page(); /* ret=0xfffff2a100fb5a00 */
 0)   0.150 us    |                    folio_mark_accessed(); /* ret=0xfffffde02023c */
 0)   0.151 us    |                    arch_check_zapped_pte(); /* ret=0xffffd26ac04ff9c4 */
 0)   0.149 us    |                    folio_remove_rmap_ptes(); /* ret=0xffffffffffffffff */
 0)   0.150 us    |                    __tlb_remove_folio_pages(); /* ret=0x0 */
 0)   0.160 us    |                    vm_normal_page(); /* ret=0xfffff2a100fb5a40 */
 0)   0.150 us    |                    folio_mark_accessed(); /* ret=0xfffffde02023c */
 0)   0.150 us    |                    arch_check_zapped_pte(); /* ret=0xffffd26ac04ff9c4 */
 0)   0.149 us    |                    folio_remove_rmap_ptes(); /* ret=0xffffffffffffffff */
 0)   0.151 us    |                    __tlb_remove_folio_pages(); /* ret=0x0 */
 0)   0.160 us    |                    vm_normal_page(); /* ret=0xfffff2a100fb5a80 */
 0)   0.149 us    |                    folio_mark_accessed(); /* ret=0xfffffde02023c */
 0)   0.150 us    |                    arch_check_zapped_pte(); /* ret=0xffffd26ac04ff9c4 */
 0)   0.150 us    |                    folio_remove_rmap_ptes(); /* ret=0xffffffffffffffff */
 0)   0.151 us    |                    __tlb_remove_folio_pages(); /* ret=0x0 */
 0)   0.160 us    |                    vm_normal_page(); /* ret=0xfffff2a100fb5ac0 */
 0)   0.149 us    |                    folio_mark_accessed(); /* ret=0xfffffde02023c */
 0)   0.151 us    |                    arch_check_zapped_pte(); /* ret=0xffffd26ac04ff9c4 */
 0)   0.161 us    |                    folio_remove_rmap_ptes(); /* ret=0xffffffffffffffff */
 0)   0.160 us    |                    __tlb_remove_folio_pages(); /* ret=0x0 */
 0)   0.170 us    |                    vm_normal_page(); /* ret=0xfffff2a100fb5b00 */
 0)   0.150 us    |                    folio_mark_accessed(); /* ret=0xfffffde02023c */
 0)   0.280 us    |                    arch_check_zapped_pte(); /* ret=0xffffd26ac04ff9c4 */
 0)   0.151 us    |                    folio_remove_rmap_ptes(); /* ret=0xffffffffffffffff */
 0)   0.161 us    |                    __tlb_remove_folio_pages(); /* ret=0x0 */
 0)   0.161 us    |                    vm_normal_page(); /* ret=0xfffff2a100fb5b40 */
 0)   0.160 us    |                    folio_mark_accessed(); /* ret=0xfffffde02023c */
 0)   0.161 us    |                    arch_check_zapped_pte(); /* ret=0xffffd26ac04ff9c4 */
 0)   0.150 us    |                    folio_remove_rmap_ptes(); /* ret=0xffffffffffffffff */
 0)   0.150 us    |                    __tlb_remove_folio_pages(); /* ret=0x0 */
 0)   0.160 us    |                    vm_normal_page(); /* ret=0xfffff2a100fb5b80 */
 0)   0.150 us    |                    folio_mark_accessed(); /* ret=0xfffffde02023c */
 0)   0.151 us    |                    arch_check_zapped_pte(); /* ret=0xffffd26ac04ff9c4 */
 0)   0.150 us    |                    folio_remove_rmap_ptes(); /* ret=0xffffffffffffffff */
 0)   0.150 us    |                    __tlb_remove_folio_pages(); /* ret=0x0 */
 0)   0.160 us    |                    vm_normal_page(); /* ret=0xfffff2a100fb5bc0 */
 0)   0.150 us    |                    folio_mark_accessed(); /* ret=0xfffffde02023c */
 0)   0.150 us    |                    arch_check_zapped_pte(); /* ret=0xffffd26ac04ff9c4 */
 0)   0.160 us    |                    folio_remove_rmap_ptes(); /* ret=0xffffffffffffffff */
 0)   0.161 us    |                    __tlb_remove_folio_pages(); /* ret=0x0 */
 0)   0.161 us    |                    vm_normal_page(); /* ret=0xfffff2a100fb5c00 */
 0)   0.160 us    |                    folio_mark_accessed(); /* ret=0xfffffde02023c */
 0)   0.160 us    |                    arch_check_zapped_pte(); /* ret=0xffffd26ac04ff9c4 */
 0)   0.151 us    |                    folio_remove_rmap_ptes(); /* ret=0xffffffffffffffff */
 0)   0.150 us    |                    __tlb_remove_folio_pages(); /* ret=0x0 */
 0)   0.161 us    |                    vm_normal_page(); /* ret=0xfffff2a100fb5c40 */
 0)   0.151 us    |                    folio_mark_accessed(); /* ret=0xfffffde02023c */
 0)   0.150 us    |                    arch_check_zapped_pte(); /* ret=0xffffd26ac04ff9c4 */
 0)   0.151 us    |                    folio_remove_rmap_ptes(); /* ret=0xffffffffffffffff */
 0)   0.150 us    |                    __tlb_remove_folio_pages(); /* ret=0x0 */
 0)   0.160 us    |                    vm_normal_page(); /* ret=0xfffff2a100fb5c80 */
 0)   0.151 us    |                    folio_mark_accessed(); /* ret=0xfffffde02023c */
 0)   0.150 us    |                    arch_check_zapped_pte(); /* ret=0xffffd26ac04ff9c4 */
 0)   0.151 us    |                    folio_remove_rmap_ptes(); /* ret=0xffffffffffffffff */
 0)   0.160 us    |                    __tlb_remove_folio_pages(); /* ret=0x0 */
 0)   0.160 us    |                    vm_normal_page(); /* ret=0xfffff2a100fb5cc0 */
 0)   0.160 us    |                    folio_mark_accessed(); /* ret=0xfffffde02023c */
 0)   0.151 us    |                    arch_check_zapped_pte(); /* ret=0xffffd26ac04ff9c4 */
 0)   0.150 us    |                    folio_remove_rmap_ptes(); /* ret=0xffffffffffffffff */
 0)   0.151 us    |                    __tlb_remove_folio_pages(); /* ret=0x0 */
 0)   0.161 us    |                    vm_normal_page(); /* ret=0xfffff2a100fb5d00 */
 0)   0.150 us    |                    folio_mark_accessed(); /* ret=0xfffffde02023c */
 0)   0.151 us    |                    arch_check_zapped_pte(); /* ret=0xffffd26ac04ff9c4 */
 0)   0.150 us    |                    folio_remove_rmap_ptes(); /* ret=0xffffffffffffffff */
 0)   0.160 us    |                    __tlb_remove_folio_pages(); /* ret=0x0 */
 0)   0.160 us    |                    vm_normal_page(); /* ret=0xfffff2a100fb5d40 */
 0)   0.160 us    |                    folio_mark_accessed(); /* ret=0xfffffde02023c */
 0)   0.160 us    |                    arch_check_zapped_pte(); /* ret=0xffffd26ac04ff9c4 */
 0)   0.151 us    |                    folio_remove_rmap_ptes(); /* ret=0xffffffffffffffff */
 0)   0.150 us    |                    __tlb_remove_folio_pages(); /* ret=0x0 */
 0)   0.160 us    |                    vm_normal_page(); /* ret=0xfffff2a100fb5d80 */
 0)   0.150 us    |                    folio_mark_accessed(); /* ret=0xfffffde02023c */
 0)   0.150 us    |                    arch_check_zapped_pte(); /* ret=0xffffd26ac04ff9c4 */
 0)   0.301 us    |                    folio_remove_rmap_ptes(); /* ret=0xffffffffffffffff */
 0)   0.150 us    |                    __tlb_remove_folio_pages(); /* ret=0x0 */
 0)   0.161 us    |                    vm_normal_page(); /* ret=0xfffff2a100fb5dc0 */
 0)   0.151 us    |                    folio_mark_accessed(); /* ret=0xfffffde02023c */
 0)   0.150 us    |                    arch_check_zapped_pte(); /* ret=0xffffd26ac04ff9c4 */
 0)   0.151 us    |                    folio_remove_rmap_ptes(); /* ret=0xffffffffffffffff */
 0)   0.150 us    |                    __tlb_remove_folio_pages(); /* ret=0x0 */
 0)   0.160 us    |                    vm_normal_page(); /* ret=0xfffff2a100fb5e00 */
 0)   0.151 us    |                    folio_mark_accessed(); /* ret=0xfffffde02023c */
 0)   0.150 us    |                    arch_check_zapped_pte(); /* ret=0xffffd26ac04ff9c4 */
 0)   0.160 us    |                    folio_remove_rmap_ptes(); /* ret=0xffffffffffffffff */
 0)   0.151 us    |                    __tlb_remove_folio_pages(); /* ret=0x0 */
 0)   0.160 us    |                    vm_normal_page(); /* ret=0xfffff2a100fb5e40 */
 0)   0.151 us    |                    folio_mark_accessed(); /* ret=0xfffffde02023c */
 0)   0.150 us    |                    arch_check_zapped_pte(); /* ret=0xffffd26ac04ff9c4 */
 0)   0.160 us    |                    folio_remove_rmap_ptes(); /* ret=0xffffffffffffffff */
 0)   0.160 us    |                    __tlb_remove_folio_pages(); /* ret=0x0 */
 0)   0.160 us    |                    vm_normal_page(); /* ret=0xfffff2a100fb5e80 */
 0)   0.161 us    |                    folio_mark_accessed(); /* ret=0xfffffde02023c */
 0)   0.160 us    |                    arch_check_zapped_pte(); /* ret=0xffffd26ac04ff9c4 */
 0)   0.150 us    |                    folio_remove_rmap_ptes(); /* ret=0xffffffffffffffff */
 0)   0.150 us    |                    __tlb_remove_folio_pages(); /* ret=0x0 */
 0)   0.160 us    |                    vm_normal_page(); /* ret=0xfffff2a100fb5ec0 */
 0)   0.150 us    |                    folio_mark_accessed(); /* ret=0xfffffde02023c */
 0)   0.149 us    |                    arch_check_zapped_pte(); /* ret=0xffffd26ac04ff9c4 */
 0)   0.151 us    |                    folio_remove_rmap_ptes(); /* ret=0xffffffffffffffff */
 0)   0.161 us    |                    __tlb_remove_folio_pages(); /* ret=0x0 */
 0)   0.170 us    |                    vm_normal_page(); /* ret=0xfffff2a100fb5f00 */
 0)   0.160 us    |                    folio_mark_accessed(); /* ret=0xfffffde02023c */
 0)   0.161 us    |                    arch_check_zapped_pte(); /* ret=0xffffd26ac04ff9c4 */
 0)   0.150 us    |                    folio_remove_rmap_ptes(); /* ret=0xffffffffffffffff */
 0)   0.151 us    |                    __tlb_remove_folio_pages(); /* ret=0x0 */
 0)   0.160 us    |                    vm_normal_page(); /* ret=0xfffff2a100fb5f40 */
 0)   0.150 us    |                    folio_mark_accessed(); /* ret=0xfffffde02023c */
 0)   0.151 us    |                    arch_check_zapped_pte(); /* ret=0xffffd26ac04ff9c4 */
 0)   0.150 us    |                    folio_remove_rmap_ptes(); /* ret=0xffffffffffffffff */
 0)   0.150 us    |                    __tlb_remove_folio_pages(); /* ret=0x0 */
 0)   0.160 us    |                    vm_normal_page(); /* ret=0xfffff2a100fb5f80 */
 0)   0.150 us    |                    folio_mark_accessed(); /* ret=0xfffffde02023c */
 0)   0.151 us    |                    arch_check_zapped_pte(); /* ret=0xffffd26ac04ff9c4 */
 0)   0.149 us    |                    folio_remove_rmap_ptes(); /* ret=0xffffffffffffffff */
 0)   0.160 us    |                    __tlb_remove_folio_pages(); /* ret=0x0 */
 0)   0.171 us    |                    vm_normal_page(); /* ret=0xfffff2a100fb5fc0 */
 0)   0.160 us    |                    folio_mark_accessed(); /* ret=0xfffffde02023c */
 0)   0.160 us    |                    arch_check_zapped_pte(); /* ret=0xffffd26ac04ff9c4 */
 0)   0.161 us    |                    folio_remove_rmap_ptes(); /* ret=0xffffffffffffffff */
 0)   0.150 us    |                    __tlb_remove_folio_pages(); /* ret=0x0 */
 0)   0.161 us    |                    vm_normal_page(); /* ret=0xfffff2a100fb7000 */
 0)   0.149 us    |                    folio_mark_accessed(); /* ret=0xfffffde02023c */
 0)   0.150 us    |                    arch_check_zapped_pte(); /* ret=0xffffd26ac04ff9c4 */
 0)   0.161 us    |                    folio_remove_rmap_ptes(); /* ret=0xffffffffffffffff */
 0)   0.210 us    |                    __tlb_remove_folio_pages(); /* ret=0x0 */
 0)   0.160 us    |                    vm_normal_page(); /* ret=0xfffff2a100fb7040 */
 0)   0.161 us    |                    folio_mark_accessed(); /* ret=0xfffffde02023c */
 0)   0.161 us    |                    arch_check_zapped_pte(); /* ret=0xffffd26ac04ff9c4 */
 0)   0.150 us    |                    folio_remove_rmap_ptes(); /* ret=0xffffffffffffffff */
 0)   0.149 us    |                    __tlb_remove_folio_pages(); /* ret=0x0 */
 0)   0.160 us    |                    vm_normal_page(); /* ret=0xfffff2a100fb7080 */
 0)   0.151 us    |                    folio_mark_accessed(); /* ret=0xfffffde02023c */
 0)   0.149 us    |                    arch_check_zapped_pte(); /* ret=0xffffd26ac04ff9c4 */
 0)   0.150 us    |                    folio_remove_rmap_ptes(); /* ret=0xffffffffffffffff */
 0)   0.150 us    |                    __tlb_remove_folio_pages(); /* ret=0x0 */
 0)   0.160 us    |                    vm_normal_page(); /* ret=0xfffff2a100fb70c0 */
 0)   0.150 us    |                    folio_mark_accessed(); /* ret=0xfffffde02023c */
 0)   0.149 us    |                    arch_check_zapped_pte(); /* ret=0xffffd26ac04ff9c4 */
 0)   0.151 us    |                    folio_remove_rmap_ptes(); /* ret=0xffffffffffffffff */
 0)   0.161 us    |                    __tlb_remove_folio_pages(); /* ret=0x0 */
 0)   0.170 us    |                    vm_normal_page(); /* ret=0xfffff2a100fb7100 */
 0)   0.150 us    |                    folio_mark_accessed(); /* ret=0xfffffde02023c */
 0)   0.150 us    |                    arch_check_zapped_pte(); /* ret=0xffffd26ac04ff9c4 */
 0)   0.161 us    |                    folio_remove_rmap_ptes(); /* ret=0xffffffffffffffff */
 0)   0.150 us    |                    __tlb_remove_folio_pages(); /* ret=0x0 */
 0)   0.160 us    |                    vm_normal_page(); /* ret=0xfffff2a100fb7140 */
 0)   0.150 us    |                    folio_mark_accessed(); /* ret=0xfffffde02023c */
 0)   0.151 us    |                    arch_check_zapped_pte(); /* ret=0xffffd26ac04ff9c4 */
 0)   0.150 us    |                    folio_remove_rmap_ptes(); /* ret=0xffffffffffffffff */
 0)   0.150 us    |                    __tlb_remove_folio_pages(); /* ret=0x0 */
 0)   0.160 us    |                    vm_normal_page(); /* ret=0xfffff2a100fb7180 */
 0)   0.150 us    |                    folio_mark_accessed(); /* ret=0xfffffde02023c */
 0)   0.150 us    |                    arch_check_zapped_pte(); /* ret=0xffffd26ac04ff9c4 */
 0)   0.160 us    |                    folio_remove_rmap_ptes(); /* ret=0xffffffffffffffff */
 0)   0.161 us    |                    __tlb_remove_folio_pages(); /* ret=0x0 */
 0)   0.161 us    |                    vm_normal_page(); /* ret=0xfffff2a100fb71c0 */
 0)   0.151 us    |                    folio_mark_accessed(); /* ret=0xfffffde02023c */
 0)   0.150 us    |                    arch_check_zapped_pte(); /* ret=0xffffd26ac04ff9c4 */
 0)   0.151 us    |                    folio_remove_rmap_ptes(); /* ret=0xffffffffffffffff */
 0)   0.150 us    |                    __tlb_remove_folio_pages(); /* ret=0x0 */
 0)   0.161 us    |                    vm_normal_page(); /* ret=0xfffff2a100fb7200 */
 0)   0.151 us    |                    folio_mark_accessed(); /* ret=0xfffffde02023c */
 0)   0.150 us    |                    arch_check_zapped_pte(); /* ret=0xffffd26ac04ff9c4 */
 0)   0.160 us    |                    folio_remove_rmap_ptes(); /* ret=0xffffffffffffffff */
 0)   0.151 us    |                    __tlb_remove_folio_pages(); /* ret=0x0 */
 0)   0.160 us    |                    vm_normal_page(); /* ret=0xfffff2a100fb7240 */
 0)   0.149 us    |                    folio_mark_accessed(); /* ret=0xfffffde02023c */
 0)   0.151 us    |                    arch_check_zapped_pte(); /* ret=0xffffd26ac04ff9c4 */
 0)   0.150 us    |                    folio_remove_rmap_ptes(); /* ret=0xffffffffffffffff */
 0)   0.160 us    |                    __tlb_remove_folio_pages(); /* ret=0x0 */
 0)   0.160 us    |                    vm_normal_page(); /* ret=0xfffff2a100fb7280 */
 0)   0.161 us    |                    folio_mark_accessed(); /* ret=0xfffffde02023c */
 0)   0.150 us    |                    arch_check_zapped_pte(); /* ret=0xffffd26ac04ff9c4 */
 0)   0.150 us    |                    folio_remove_rmap_ptes(); /* ret=0xffffffffffffffff */
 0)   0.149 us    |                    __tlb_remove_folio_pages(); /* ret=0x0 */
 0)   0.291 us    |                    vm_normal_page(); /* ret=0xfffff2a100fb72c0 */
 0)   0.150 us    |                    folio_mark_accessed(); /* ret=0xfffffde02023c */
 0)   0.151 us    |                    arch_check_zapped_pte(); /* ret=0xffffd26ac04ff9c4 */
 0)   0.160 us    |                    folio_remove_rmap_ptes(); /* ret=0xffffffffffffffff */
 0)   0.150 us    |                    __tlb_remove_folio_pages(); /* ret=0x0 */
 0)   0.160 us    |                    vm_normal_page(); /* ret=0xfffff2a100fb7300 */
 0)   0.151 us    |                    folio_mark_accessed(); /* ret=0xfffffde02023c */
 0)   0.150 us    |                    arch_check_zapped_pte(); /* ret=0xffffd26ac04ff9c4 */
 0)   0.151 us    |                    folio_remove_rmap_ptes(); /* ret=0xffffffffffffffff */
 0)   0.150 us    |                    __tlb_remove_folio_pages(); /* ret=0x0 */
 0)   0.161 us    |                    vm_normal_page(); /* ret=0xfffff2a100fb7340 */
 0)   0.151 us    |                    folio_mark_accessed(); /* ret=0xfffffde02023c */
 0)   0.161 us    |                    arch_check_zapped_pte(); /* ret=0xffffd26ac04ff9c4 */
 0)   0.149 us    |                    folio_remove_rmap_ptes(); /* ret=0xffffffffffffffff */
 0)   0.150 us    |                    __tlb_remove_folio_pages(); /* ret=0x0 */
 0)   0.160 us    |                    vm_normal_page(); /* ret=0xfffff2a100fb7380 */
 0)   0.150 us    |                    folio_mark_accessed(); /* ret=0xfffffde02023c */
 0)   0.150 us    |                    arch_check_zapped_pte(); /* ret=0xffffd26ac04ff9c4 */
 0)   0.150 us    |                    folio_remove_rmap_ptes(); /* ret=0xffffffffffffffff */
 0)   0.161 us    |                    __tlb_remove_folio_pages(); /* ret=0x0 */
 0)   0.161 us    |                    vm_normal_page(); /* ret=0xfffff2a100fb73c0 */
 0)   0.160 us    |                    folio_mark_accessed(); /* ret=0xfffffde02023c */
 0)   0.150 us    |                    arch_check_zapped_pte(); /* ret=0xffffd26ac04ff9c4 */
 0)   0.151 us    |                    folio_remove_rmap_ptes(); /* ret=0xffffffffffffffff */
 0)   0.150 us    |                    __tlb_remove_folio_pages(); /* ret=0x0 */
 0)   0.160 us    |                    _raw_spin_lock_irqsave(); /* ret=0x292 */
 0)   0.160 us    |                    _raw_spin_unlock_irqrestore(); /* ret=0x1 */
 0)   0.160 us    |                    _raw_spin_unlock(); /* ret=0x1 */
 0)   0.151 us    |                    __rcu_read_unlock(); /* ret=0x0 */
 0) + 82.546 us   |                  } /* __zap_vma_range ret=0x0 */
 0)               |                  __zap_vma_range() {
 0)   0.151 us    |                    uprobe_munmap(); /* ret=0xffffd26ac04ffa18 */
 0)               |                    pte_offset_map_lock() {
 0)               |                      __pte_offset_map() {
 0)   0.149 us    |                        __rcu_read_lock(); /* ret=0xffff8f308369c400 */
 0)   0.481 us    |                      } /* __pte_offset_map ret=0xffff8f30835095b8 */
 0)   0.151 us    |                      _raw_spin_lock(); /* ret=0x0 */
 0)   1.142 us    |                    } /* pte_offset_map_lock ret=0xffff8f30835095b8 */
 0)   0.150 us    |                    flush_tlb_batched_pending(); /* ret=0x0 */
 0)   0.160 us    |                    vm_normal_page(); /* ret=0xfffff2a100633ac0 */
 0)   0.151 us    |                    arch_check_zapped_pte(); /* ret=0x11 */
 0)               |                    folio_remove_rmap_ptes() {
 0)               |                      lruvec_stat_mod_folio() {
 0)   0.150 us    |                        __rcu_read_lock(); /* ret=0xffff8f308369c400 */
 0)   0.160 us    |                        mod_node_page_state(); /* ret=0x7 */
 0)               |                        __mod_memcg_lruvec_state() {
 0)   0.160 us    |                          memcg_state_val_in_pages(); /* ret=0xffffffffffffffff */
 0)   0.150 us    |                          __css_rstat_updated(); /* ret=0xffff8f30bec39cb0 */
 0)   0.812 us    |                        } /* __mod_memcg_lruvec_state ret=0x100 */
 0)   0.150 us    |                        __rcu_read_unlock(); /* ret=0x100 */
 0)   2.144 us    |                      } /* lruvec_stat_mod_folio ret=0x100 */
 0)   2.475 us    |                    } /* folio_remove_rmap_ptes ret=0x100 */
 0)   0.150 us    |                    __tlb_remove_folio_pages(); /* ret=0x0 */
 0)   0.161 us    |                    vm_normal_page(); /* ret=0xfffff2a10068e180 */
 0)   0.149 us    |                    arch_check_zapped_pte(); /* ret=0x11 */
 0)               |                    folio_remove_rmap_ptes() {
 0)               |                      lruvec_stat_mod_folio() {
 0)   0.150 us    |                        __rcu_read_lock(); /* ret=0xffff8f308369c400 */
 0)   0.211 us    |                        mod_node_page_state(); /* ret=0x6 */
 0)               |                        __mod_memcg_lruvec_state() {
 0)   0.151 us    |                          memcg_state_val_in_pages(); /* ret=0xffffffffffffffff */
 0)   0.150 us    |                          __css_rstat_updated(); /* ret=0xffff8f30bec39cb0 */
 0)   0.811 us    |                        } /* __mod_memcg_lruvec_state ret=0x100 */
 0)   0.150 us    |                        __rcu_read_unlock(); /* ret=0x100 */
 0)   2.195 us    |                      } /* lruvec_stat_mod_folio ret=0x100 */
 0)   2.524 us    |                    } /* folio_remove_rmap_ptes ret=0x100 */
 0)   0.151 us    |                    __tlb_remove_folio_pages(); /* ret=0x0 */
 0)   0.160 us    |                    vm_normal_page(); /* ret=0xfffff2a100633680 */
 0)   0.160 us    |                    arch_check_zapped_pte(); /* ret=0x11 */
 0)               |                    folio_remove_rmap_ptes() {
 0)               |                      lruvec_stat_mod_folio() {
 0)   0.150 us    |                        __rcu_read_lock(); /* ret=0xffff8f308369c400 */
 0)   0.160 us    |                        mod_node_page_state(); /* ret=0x5 */
 0)               |                        __mod_memcg_lruvec_state() {
 0)   0.160 us    |                          memcg_state_val_in_pages(); /* ret=0xffffffffffffffff */
 0)   0.160 us    |                          __css_rstat_updated(); /* ret=0xffff8f30bec39cb0 */
 0)   0.822 us    |                        } /* __mod_memcg_lruvec_state ret=0x100 */
 0)   0.161 us    |                        __rcu_read_unlock(); /* ret=0x100 */
 0)   2.134 us    |                      } /* lruvec_stat_mod_folio ret=0x100 */
 0)   2.475 us    |                    } /* folio_remove_rmap_ptes ret=0x100 */
 0)   0.160 us    |                    __tlb_remove_folio_pages(); /* ret=0x0 */
 0)   0.170 us    |                    vm_normal_page(); /* ret=0xfffff2a100fb7c40 */
 0)   0.151 us    |                    arch_check_zapped_pte(); /* ret=0x11 */
 0)               |                    folio_remove_rmap_ptes() {
 0)               |                      lruvec_stat_mod_folio() {
 0)   0.149 us    |                        __rcu_read_lock(); /* ret=0xffff8f308369c400 */
 0)   0.151 us    |                        mod_node_page_state(); /* ret=0x4 */
 0)               |                        __mod_memcg_lruvec_state() {
 0)   0.150 us    |                          memcg_state_val_in_pages(); /* ret=0xffffffffffffffff */
 0)   0.150 us    |                          __css_rstat_updated(); /* ret=0xffff8f30bec39cb0 */
 0)   0.811 us    |                        } /* __mod_memcg_lruvec_state ret=0x100 */
 0)   0.151 us    |                        __rcu_read_unlock(); /* ret=0x100 */
 0)   2.124 us    |                      } /* lruvec_stat_mod_folio ret=0x100 */
 0)   2.454 us    |                    } /* folio_remove_rmap_ptes ret=0x100 */
 0)   0.171 us    |                    __tlb_remove_folio_pages(); /* ret=0x0 */
 0)   0.161 us    |                    _raw_spin_unlock(); /* ret=0x1 */
 0)   0.161 us    |                    __rcu_read_unlock(); /* ret=0x0 */
 0) + 17.604 us   |                  } /* __zap_vma_range ret=0x0 */
 0)               |                  __zap_vma_range() {
 0)               |                    pte_offset_map_lock() {
 0)               |                      __pte_offset_map() {
 0)   0.160 us    |                        __rcu_read_lock(); /* ret=0xffff8f308369c400 */
 0)   0.481 us    |                      } /* __pte_offset_map ret=0xffff8f30835095d8 */
 0)   0.150 us    |                      _raw_spin_lock(); /* ret=0x0 */
 0)   1.142 us    |                    } /* pte_offset_map_lock ret=0xffff8f30835095d8 */
 0)   0.150 us    |                    flush_tlb_batched_pending(); /* ret=0x0 */
 0)   0.160 us    |                    vm_normal_page(); /* ret=0xfffff2a100139380 */
 0)   0.151 us    |                    arch_check_zapped_pte(); /* ret=0x11 */
 0)               |                    folio_remove_rmap_ptes() {
 0)               |                      lruvec_stat_mod_folio() {
 0)   0.149 us    |                        __rcu_read_lock(); /* ret=0xffff8f308369c400 */
 0)   0.151 us    |                        mod_node_page_state(); /* ret=0x3 */
 0)               |                        __mod_memcg_lruvec_state() {
 0)   0.160 us    |                          memcg_state_val_in_pages(); /* ret=0xffffffffffffffff */
 0)   0.150 us    |                          __css_rstat_updated(); /* ret=0xffff8f30bec39cb0 */
 0)   0.811 us    |                        } /* __mod_memcg_lruvec_state ret=0x100 */
 0)   0.151 us    |                        __rcu_read_unlock(); /* ret=0x100 */
 0)   2.134 us    |                      } /* lruvec_stat_mod_folio ret=0x100 */
 0)   2.454 us    |                    } /* folio_remove_rmap_ptes ret=0x100 */
 0)   0.151 us    |                    __tlb_remove_folio_pages(); /* ret=0x0 */
 0)   0.169 us    |                    vm_normal_page(); /* ret=0xfffff2a100634280 */
 0)   0.151 us    |                    arch_check_zapped_pte(); /* ret=0x11 */
 0)               |                    folio_remove_rmap_ptes() {
 0)               |                      lruvec_stat_mod_folio() {
 0)   0.209 us    |                        __rcu_read_lock(); /* ret=0xffff8f308369c400 */
 0)   0.161 us    |                        mod_node_page_state(); /* ret=0x2 */
 0)               |                        __mod_memcg_lruvec_state() {
 0)   0.150 us    |                          memcg_state_val_in_pages(); /* ret=0xffffffffffffffff */
 0)   0.150 us    |                          __css_rstat_updated(); /* ret=0xffff8f30bec39cb0 */
 0)   0.811 us    |                        } /* __mod_memcg_lruvec_state ret=0x100 */
 0)   0.151 us    |                        __rcu_read_unlock(); /* ret=0x100 */
 0)   2.184 us    |                      } /* lruvec_stat_mod_folio ret=0x100 */
 0)   2.514 us    |                    } /* folio_remove_rmap_ptes ret=0x100 */
 0)   0.151 us    |                    __tlb_remove_folio_pages(); /* ret=0x0 */
 0)   0.149 us    |                    _raw_spin_unlock(); /* ret=0x1 */
 0)   0.150 us    |                    __rcu_read_unlock(); /* ret=0x0 */
 0)   9.869 us    |                  } /* __zap_vma_range ret=0x0 */
 0)               |                  __zap_vma_range() {
 0)               |                    pte_offset_map_lock() {
 0)               |                      __pte_offset_map() {
 0)   0.171 us    |                        __rcu_read_lock(); /* ret=0xffff8f308369c400 */
 0)   0.671 us    |                      } /* __pte_offset_map ret=0xffff8f3083548738 */
 0)   0.150 us    |                      _raw_spin_lock(); /* ret=0x0 */
 0) + 15.589 us   |                    } /* pte_offset_map_lock ret=0xffff8f3083548738 */
 0)   0.150 us    |                    flush_tlb_batched_pending(); /* ret=0x0 */
 0)   0.170 us    |                    vm_normal_page(); /* ret=0xfffff2a10013c400 */
 0)   0.150 us    |                    arch_check_zapped_pte(); /* ret=0x11 */
 0)               |                    folio_remove_rmap_ptes() {
 0)               |                      lruvec_stat_mod_folio() {
 0)   0.160 us    |                        __rcu_read_lock(); /* ret=0xffff8f308369c400 */
 0)   0.160 us    |                        mod_node_page_state(); /* ret=0x1 */
 0)               |                        __mod_memcg_lruvec_state() {
 0)   0.160 us    |                          memcg_state_val_in_pages(); /* ret=0xffffffffffffffff */
 0)   0.161 us    |                          __css_rstat_updated(); /* ret=0xffff8f30bec39cb0 */
 0)   0.842 us    |                        } /* __mod_memcg_lruvec_state ret=0x100 */
 0)   0.150 us    |                        __rcu_read_unlock(); /* ret=0x100 */
 0)   2.184 us    |                      } /* lruvec_stat_mod_folio ret=0x100 */
 0)   2.525 us    |                    } /* folio_remove_rmap_ptes ret=0x100 */
 0)   0.161 us    |                    __tlb_remove_folio_pages(); /* ret=0x0 */
 0)   0.160 us    |                    vm_normal_page(); /* ret=0xfffff2a100633580 */
 0)   0.161 us    |                    arch_check_zapped_pte(); /* ret=0x11 */
 0)               |                    folio_remove_rmap_ptes() {
 0)               |                      lruvec_stat_mod_folio() {
 0)   0.150 us    |                        __rcu_read_lock(); /* ret=0xffff8f308369c400 */
 0)   0.160 us    |                        mod_node_page_state(); /* ret=0x0 */
 0)               |                        __mod_memcg_lruvec_state() {
 0)   0.151 us    |                          memcg_state_val_in_pages(); /* ret=0xffffffffffffffff */
 0)   0.150 us    |                          __css_rstat_updated(); /* ret=0xffff8f30bec39cb0 */
 0)   0.821 us    |                        } /* __mod_memcg_lruvec_state ret=0x100 */
 0)   0.150 us    |                        __rcu_read_unlock(); /* ret=0x100 */
 0)   2.133 us    |                      } /* lruvec_stat_mod_folio ret=0x100 */
 0)   2.475 us    |                    } /* folio_remove_rmap_ptes ret=0x100 */
 0)   0.151 us    |                    __tlb_remove_folio_pages(); /* ret=0x0 */
 0)   0.160 us    |                    vm_normal_page(); /* ret=0xfffff2a10068e100 */
 0)   0.151 us    |                    arch_check_zapped_pte(); /* ret=0x11 */
 0)               |                    folio_remove_rmap_ptes() {
 0)               |                      lruvec_stat_mod_folio() {
 0)   0.150 us    |                        __rcu_read_lock(); /* ret=0xffff8f308369c400 */
 0)   0.151 us    |                        mod_node_page_state(); /* ret=0xff */
 0)               |                        __mod_memcg_lruvec_state() {
 0)   0.151 us    |                          memcg_state_val_in_pages(); /* ret=0xffffffffffffffff */
 0)   0.150 us    |                          __css_rstat_updated(); /* ret=0xffff8f30bec39cb0 */
 0)   0.811 us    |                        } /* __mod_memcg_lruvec_state ret=0x100 */
 0)   0.150 us    |                        __rcu_read_unlock(); /* ret=0x100 */
 0)   2.124 us    |                      } /* lruvec_stat_mod_folio ret=0x100 */
 0)   2.454 us    |                    } /* folio_remove_rmap_ptes ret=0x100 */
 0)   0.150 us    |                    __tlb_remove_folio_pages(); /* ret=0x0 */
 0)   0.161 us    |                    _raw_spin_unlock(); /* ret=0x1 */
 0)   0.151 us    |                    __rcu_read_unlock(); /* ret=0x0 */
 0) + 28.213 us   |                  } /* __zap_vma_range ret=0x0 */
 0) ! 399.068 us  |                } /* unmap_vmas ret=0x0 */
 0)   0.160 us    |                up_read(); /* ret=0x0 */
 0)   0.160 us    |                down_write(); /* ret=0xffff8f308369c400 */
 0)               |                free_pgtables() {
 0)               |                  __vma_start_write() {
 0)               |                    __vma_start_exclude_readers() {
 0)   0.160 us    |                      finish_rcuwait(); /* ret=0xffff8f308369c400 */
 0)   0.541 us    |                    } /* __vma_start_exclude_readers ret=0x0 */
 0)   0.902 us    |                  } /* __vma_start_write ret=0x0 */
 0)   0.170 us    |                  unlink_anon_vmas(); /* ret=0xffff8f3083478e00 */
 0)   0.160 us    |                  unlink_file_vma_batch_init(); /* ret=0xffff8f3083478e00 */
 0)   0.161 us    |                  unlink_file_vma_batch_add(); /* ret=0xffff8f3083478e00 */
 0)               |                  __vma_start_write() {
 0)               |                    __vma_start_exclude_readers() {
 0)   0.151 us    |                      finish_rcuwait(); /* ret=0xffff8f308369c400 */
 0)   0.491 us    |                    } /* __vma_start_exclude_readers ret=0x0 */
 0)   0.821 us    |                  } /* __vma_start_write ret=0x0 */
 0)               |                  unlink_anon_vmas() {
 0)   0.150 us    |                    down_write(); /* ret=0xffff8f308369c400 */
 0)   0.191 us    |                    anon_vma_interval_tree_remove(); /* ret=0x0 */
 0)   0.160 us    |                    up_write(); /* ret=0x1 */
 0)               |                    __put_anon_vma() {
 0)   0.180 us    |                      kmem_cache_free(); /* ret=0x0 */
 0)   0.541 us    |                    } /* __put_anon_vma ret=0x0 */
 0)   0.229 us    |                    kmem_cache_free(); /* ret=0x0 */
 0)   2.365 us    |                  } /* unlink_anon_vmas ret=0xffff8f30832224b0 */
 0)   0.160 us    |                  unlink_file_vma_batch_add(); /* ret=0xffff8f30832224b0 */
 0)   0.150 us    |                  unlink_file_vma_batch_final(); /* ret=0x0 */
 0)               |                  free_pgd_range() {
 0)               |                    ___pte_free_tlb() {
 0)               |                      tlb_remove_table() {
 0)               |                        get_free_pages_noprof() {
 0)               |                          alloc_pages_noprof() {
 0)               |                            alloc_pages_mpol() {
 0)   0.170 us    |                              policy_nodemask(); /* ret=0x0 */
 0)               |                              __alloc_frozen_pages_noprof() {
 0)               |                                get_page_from_freelist() {
 0)   0.151 us    |                                  _raw_spin_trylock(); /* ret=0x1 */
 0)   0.161 us    |                                  _raw_spin_unlock(); /* ret=0x1 */
 0)   0.410 us    |                                  kernel_init_pages(); /* ret=0x0 */
 0)   1.532 us    |                                } /* get_page_from_freelist ret=0xfffff2a100102e80 */
 0)   1.873 us    |                              } /* __alloc_frozen_pages_noprof ret=0xfffff2a100102e80 */
 0)   2.554 us    |                            } /* alloc_pages_mpol ret=0xfffff2a100102e80 */
 0)   2.895 us    |                          } /* alloc_pages_noprof ret=0xfffff2a100102e80 */
 0)   3.236 us    |                        } /* get_free_pages_noprof ret=0xffff8f30840ba000 */
 0)   3.586 us    |                      } /* tlb_remove_table ret=0xffff8f30840ba000 */
 0)   3.928 us    |                    } /* ___pte_free_tlb ret=0xffff8f30840ba000 */
 0)               |                    ___pmd_free_tlb() {
 0)   0.170 us    |                      tlb_remove_table(); /* ret=0xffff8f30840ba000 */
 0)   0.491 us    |                    } /* ___pmd_free_tlb ret=0xffff8f30840ba000 */
 0)               |                    ___pud_free_tlb() {
 0)   0.150 us    |                      tlb_remove_table(); /* ret=0xffff8f30840ba000 */
 0)   0.480 us    |                    } /* ___pud_free_tlb ret=0xffff8f30840ba000 */
 0)   5.800 us    |                  } /* free_pgd_range ret=0xffffffffffffffff */
 0)               |                  __vma_start_write() {
 0)               |                    __vma_start_exclude_readers() {
 0)   0.160 us    |                      finish_rcuwait(); /* ret=0xffff8f308369c400 */
 0)   0.491 us    |                    } /* __vma_start_exclude_readers ret=0x0 */
 0)   0.832 us    |                  } /* __vma_start_write ret=0x0 */
 0)               |                  unlink_anon_vmas() {
 0)   0.151 us    |                    down_write(); /* ret=0xffff8f308369c400 */
 0)   0.170 us    |                    anon_vma_interval_tree_remove(); /* ret=0x0 */
 0)   0.149 us    |                    up_write(); /* ret=0x1 */
 0)               |                    __put_anon_vma() {
 0)   0.151 us    |                      kmem_cache_free(); /* ret=0x0 */
 0)   0.501 us    |                    } /* __put_anon_vma ret=0x0 */
 0)   0.160 us    |                    kmem_cache_free(); /* ret=0x0 */
 0)   2.214 us    |                  } /* unlink_anon_vmas ret=0xffff8f3083222570 */
 0)   0.149 us    |                  unlink_file_vma_batch_init(); /* ret=0xffff8f3083222570 */
 0)   0.150 us    |                  unlink_file_vma_batch_add(); /* ret=0xffff8f3083222570 */
 0)               |                  __vma_start_write() {
 0)               |                    __vma_start_exclude_readers() {
 0)   0.471 us    |                      finish_rcuwait(); /* ret=0xffff8f308369c400 */
 0)   0.812 us    |                    } /* __vma_start_exclude_readers ret=0x0 */
 0)   1.202 us    |                  } /* __vma_start_write ret=0x0 */
 0)   0.171 us    |                  unlink_anon_vmas(); /* ret=0xffff8f3083478e00 */
 0)   0.150 us    |                  unlink_file_vma_batch_add(); /* ret=0xffff8f3083478e00 */
 0)               |                  __vma_start_write() {
 0)               |                    __vma_start_exclude_readers() {
 0)   0.161 us    |                      finish_rcuwait(); /* ret=0xffff8f308369c400 */
 0)   0.501 us    |                    } /* __vma_start_exclude_readers ret=0x0 */
 0)   0.832 us    |                  } /* __vma_start_write ret=0x0 */
 0)   0.169 us    |                  unlink_anon_vmas(); /* ret=0xffff8f3083478e00 */
 0)   0.161 us    |                  unlink_file_vma_batch_add(); /* ret=0xffff8f3083478e00 */
 0)               |                  __vma_start_write() {
 0)               |                    __vma_start_exclude_readers() {
 0)   0.149 us    |                      finish_rcuwait(); /* ret=0xffff8f308369c400 */
 0)   0.491 us    |                    } /* __vma_start_exclude_readers ret=0x0 */
 0)   0.822 us    |                  } /* __vma_start_write ret=0x0 */
 0)   0.160 us    |                  unlink_anon_vmas(); /* ret=0xffff8f3083478e00 */
 0)   0.150 us    |                  unlink_file_vma_batch_add(); /* ret=0xffff8f3083478e00 */
 0)               |                  __vma_start_write() {
 0)               |                    __vma_start_exclude_readers() {
 0)   0.160 us    |                      finish_rcuwait(); /* ret=0xffff8f308369c400 */
 0)   0.481 us    |                    } /* __vma_start_exclude_readers ret=0x0 */
 0)   0.822 us    |                  } /* __vma_start_write ret=0x0 */
 0)   0.160 us    |                  unlink_anon_vmas(); /* ret=0xffff8f3083478e00 */
 0)   0.171 us    |                  unlink_file_vma_batch_add(); /* ret=0x1 */
 0)               |                  __vma_start_write() {
 0)               |                    __vma_start_exclude_readers() {
 0)   0.160 us    |                      finish_rcuwait(); /* ret=0xffff8f308369c400 */
 0)   0.490 us    |                    } /* __vma_start_exclude_readers ret=0x0 */
 0)   0.821 us    |                  } /* __vma_start_write ret=0x0 */
 0)   0.160 us    |                  unlink_anon_vmas(); /* ret=0xffff8f3083478e00 */
 0)   0.160 us    |                  unlink_file_vma_batch_add(); /* ret=0x2 */
 0)               |                  __vma_start_write() {
 0)               |                    __vma_start_exclude_readers() {
 0)   0.150 us    |                      finish_rcuwait(); /* ret=0xffff8f308369c400 */
 0)   0.492 us    |                    } /* __vma_start_exclude_readers ret=0x0 */
 0)   0.822 us    |                  } /* __vma_start_write ret=0x0 */
 0)   0.150 us    |                  unlink_anon_vmas(); /* ret=0xffff8f3083478e00 */
 0)   0.160 us    |                  unlink_file_vma_batch_add(); /* ret=0x3 */
 0)               |                  __vma_start_write() {
 0)               |                    __vma_start_exclude_readers() {
 0)   0.160 us    |                      finish_rcuwait(); /* ret=0xffff8f308369c400 */
 0)   0.481 us    |                    } /* __vma_start_exclude_readers ret=0x0 */
 0)   0.812 us    |                  } /* __vma_start_write ret=0x0 */
 0)               |                  unlink_anon_vmas() {
 0)   0.160 us    |                    down_write(); /* ret=0xffff8f308369c400 */
 0)   0.161 us    |                    anon_vma_interval_tree_remove(); /* ret=0x0 */
 0)   0.161 us    |                    up_write(); /* ret=0x1 */
 0)               |                    __put_anon_vma() {
 0)   0.150 us    |                      kmem_cache_free(); /* ret=0x0 */
 0)   0.481 us    |                    } /* __put_anon_vma ret=0x0 */
 0)   0.151 us    |                    kmem_cache_free(); /* ret=0x0 */
 0)   2.164 us    |                  } /* unlink_anon_vmas ret=0xffff8f3083222030 */
 0)   0.150 us    |                  unlink_file_vma_batch_add(); /* ret=0x4 */
 0)               |                  __vma_start_write() {
 0)               |                    __vma_start_exclude_readers() {
 0)   0.150 us    |                      finish_rcuwait(); /* ret=0xffff8f308369c400 */
 0)   0.490 us    |                    } /* __vma_start_exclude_readers ret=0x0 */
 0)   0.821 us    |                  } /* __vma_start_write ret=0x0 */
 0)               |                  unlink_anon_vmas() {
 0)   0.151 us    |                    down_write(); /* ret=0xffff8f308369c400 */
 0)   0.161 us    |                    anon_vma_interval_tree_remove(); /* ret=0x0 */
 0)   0.150 us    |                    up_write(); /* ret=0x1 */
 0)               |                    __put_anon_vma() {
 0)   0.150 us    |                      kmem_cache_free(); /* ret=0x0 */
 0)   0.481 us    |                    } /* __put_anon_vma ret=0x0 */
 0)   0.241 us    |                    kmem_cache_free(); /* ret=0x0 */
 0)   2.264 us    |                  } /* unlink_anon_vmas ret=0xffff8f3083222db0 */
 0)   0.160 us    |                  unlink_file_vma_batch_add(); /* ret=0xffff8f3083222db0 */
 0)               |                  unlink_file_vma_batch_final() {
 0)               |                    unlink_file_vma_batch_process() {
 0)   0.160 us    |                      down_write(); /* ret=0xffff8f308369c400 */
 0)   0.270 us    |                      vma_interval_tree_remove(); /* ret=0xffff8f30834f9a48 */
 0)   0.180 us    |                      vma_interval_tree_remove(); /* ret=0xffff8f30834f9448 */
 0)   0.160 us    |                      vma_interval_tree_remove(); /* ret=0xffff8f30834f9988 */
 0)   0.160 us    |                      vma_interval_tree_remove(); /* ret=0xffff8f30834f9208 */
 0)   0.161 us    |                      up_write(); /* ret=0x1 */
 0)   2.354 us    |                    } /* unlink_file_vma_batch_process ret=0x0 */
 0)   2.725 us    |                  } /* unlink_file_vma_batch_final ret=0x0 */
 0)               |                  free_pgd_range() {
 0)               |                    ___pte_free_tlb() {
 0)   0.150 us    |                      tlb_remove_table(); /* ret=0xffff8f30840ba000 */
 0)   0.490 us    |                    } /* ___pte_free_tlb ret=0xffff8f30840ba000 */
 0)               |                    ___pte_free_tlb() {
 0)   0.161 us    |                      tlb_remove_table(); /* ret=0xffff8f30840ba000 */
 0)   0.481 us    |                    } /* ___pte_free_tlb ret=0xffff8f30840ba000 */
 0)               |                    ___pmd_free_tlb() {
 0)   0.161 us    |                      tlb_remove_table(); /* ret=0xffff8f30840ba000 */
 0)   0.481 us    |                    } /* ___pmd_free_tlb ret=0xffff8f30840ba000 */
 0)               |                    ___pud_free_tlb() {
 0)   0.150 us    |                      tlb_remove_table(); /* ret=0xffff8f30840ba000 */
 0)   0.481 us    |                    } /* ___pud_free_tlb ret=0xffff8f30840ba000 */
 0)   2.915 us    |                  } /* free_pgd_range ret=0xffffffffffffffff */
 0)               |                  __vma_start_write() {
 0)               |                    __vma_start_exclude_readers() {
 0)   0.151 us    |                      finish_rcuwait(); /* ret=0xffff8f308369c400 */
 0)   0.491 us    |                    } /* __vma_start_exclude_readers ret=0x0 */
 0)   0.822 us    |                  } /* __vma_start_write ret=0x0 */
 0)               |                  unlink_anon_vmas() {
 0)   0.151 us    |                    down_write(); /* ret=0xffff8f308369c400 */
 0)   0.150 us    |                    anon_vma_interval_tree_remove(); /* ret=0x0 */
 0)   0.150 us    |                    up_write(); /* ret=0x1 */
 0)               |                    __put_anon_vma() {
 0)   0.230 us    |                      kmem_cache_free(); /* ret=0x0 */
 0)   0.551 us    |                    } /* __put_anon_vma ret=0x0 */
 0)   0.160 us    |                    kmem_cache_free(); /* ret=0x0 */
 0)   2.344 us    |                  } /* unlink_anon_vmas ret=0xffff8f3082e44630 */
 0)   0.149 us    |                  unlink_file_vma_batch_init(); /* ret=0xffff8f3082e44630 */
 0)   0.151 us    |                  unlink_file_vma_batch_add(); /* ret=0xffff8f3082e44630 */
 0)   0.161 us    |                  unlink_file_vma_batch_final(); /* ret=0x0 */
 0)               |                  free_pgd_range() {
 0)               |                    ___pte_free_tlb() {
 0)   0.150 us    |                      tlb_remove_table(); /* ret=0xffff8f30840ba000 */
 0)   0.481 us    |                    } /* ___pte_free_tlb ret=0xffff8f30840ba000 */
 0)               |                    ___pmd_free_tlb() {
 0)   0.151 us    |                      tlb_remove_table(); /* ret=0xffff8f30840ba000 */
 0)   0.481 us    |                    } /* ___pmd_free_tlb ret=0xffff8f30840ba000 */
 0)               |                    ___pud_free_tlb() {
 0)   0.150 us    |                      tlb_remove_table(); /* ret=0xffff8f30840ba000 */
 0)   0.481 us    |                    } /* ___pud_free_tlb ret=0xffff8f30840ba000 */
 0)   2.215 us    |                  } /* free_pgd_range ret=0xffffffffffffffff */
 0) + 47.780 us   |                } /* free_pgtables ret=0x0 */
 0)               |                tlb_finish_mmu() {
 0)   0.240 us    |                  flush_tlb_mm_range(); /* ret=0x4 */
 0)               |                  call_rcu() {
 0)               |                    __call_rcu_common() {
 0)   0.151 us    |                      rcu_async_should_hurry(); /* ret=0x0 */
 0)   0.170 us    |                      rcu_segcblist_enqueue(); /* ret=0xffff8f30821a2000 */
 0)   0.911 us    |                    } /* __call_rcu_common ret=0x0 */
 0)   1.251 us    |                  } /* call_rcu ret=0x0 */
 0)               |                  __tlb_batch_free_encoded_pages() {
 0)               |                    free_pages_and_swap_cache() {
 0)   0.160 us    |                      free_swap_cache(); /* ret=0xfffff2a100633bc0 */
 0)   0.150 us    |                      free_swap_cache(); /* ret=0xfffff2a1006d7180 */
 0)   0.151 us    |                      free_swap_cache(); /* ret=0xfffff2a100633700 */
 0)   0.160 us    |                      free_swap_cache(); /* ret=0xfffff2a10071f040 */
 0)   0.160 us    |                      free_swap_cache(); /* ret=0xfffff2a1006d7780 */
 0)   0.161 us    |                      free_swap_cache(); /* ret=0xfffff2a100721580 */
 0)   0.151 us    |                      free_swap_cache(); /* ret=0xfffff2a1007215c0 */
 0)   0.211 us    |                      folios_put_refs(); /* ret=0x0 */
 0)   2.996 us    |                    } /* free_pages_and_swap_cache ret=0x0 */
 0)   3.376 us    |                  } /* __tlb_batch_free_encoded_pages ret=0x0 */
 0)               |                  __tlb_batch_free_encoded_pages() {
 0)               |                    free_pages_and_swap_cache() {
 0)   0.149 us    |                      free_swap_cache(); /* ret=0xfffff2a100721600 */
 0)   0.151 us    |                      free_swap_cache(); /* ret=0xfffff2a100721640 */
 0)   0.150 us    |                      free_swap_cache(); /* ret=0xfffff2a100721680 */
 0)   0.151 us    |                      free_swap_cache(); /* ret=0xfffff2a1007216c0 */
 0)   0.150 us    |                      free_swap_cache(); /* ret=0xfffff2a100721700 */
 0)   0.160 us    |                      free_swap_cache(); /* ret=0xfffff2a100721740 */
 0)   0.160 us    |                      free_swap_cache(); /* ret=0xfffff2a100721780 */
 0)   0.150 us    |                      free_swap_cache(); /* ret=0xfffff2a1007217c0 */
 0)   0.151 us    |                      free_swap_cache(); /* ret=0xfffff2a100721800 */
 0)   0.150 us    |                      free_swap_cache(); /* ret=0xfffff2a100721840 */
 0)   0.151 us    |                      free_swap_cache(); /* ret=0xfffff2a100721880 */
 0)   0.150 us    |                      free_swap_cache(); /* ret=0xfffff2a1007218c0 */
 0)   0.160 us    |                      free_swap_cache(); /* ret=0xfffff2a100721900 */
 0)   0.161 us    |                      free_swap_cache(); /* ret=0xfffff2a100721940 */
 0)   0.150 us    |                      free_swap_cache(); /* ret=0xfffff2a100721980 */
 0)   0.151 us    |                      free_swap_cache(); /* ret=0xfffff2a1007219c0 */
 0)   0.149 us    |                      free_swap_cache(); /* ret=0xfffff2a100721a00 */
 0)   0.150 us    |                      free_swap_cache(); /* ret=0xfffff2a100721a40 */
 0)   0.150 us    |                      free_swap_cache(); /* ret=0xfffff2a100721a80 */
 0)   0.151 us    |                      free_swap_cache(); /* ret=0xfffff2a100721ac0 */
 0)   0.160 us    |                      free_swap_cache(); /* ret=0xfffff2a100721b00 */
 0)   0.149 us    |                      free_swap_cache(); /* ret=0xfffff2a100721b40 */
 0)   0.151 us    |                      free_swap_cache(); /* ret=0xfffff2a100721b80 */
 0)   0.150 us    |                      free_swap_cache(); /* ret=0xfffff2a100721bc0 */
 0)   0.151 us    |                      free_swap_cache(); /* ret=0xfffff2a100721c00 */
 0)   0.150 us    |                      free_swap_cache(); /* ret=0xfffff2a100721c40 */
 0)   0.160 us    |                      free_swap_cache(); /* ret=0xfffff2a100721c80 */
 0)   0.151 us    |                      free_swap_cache(); /* ret=0xfffff2a100721cc0 */
 0)   0.150 us    |                      free_swap_cache(); /* ret=0xfffff2a100721d00 */
 0)   0.151 us    |                      free_swap_cache(); /* ret=0xfffff2a100721d40 */
 0)   0.150 us    |                      free_swap_cache(); /* ret=0xfffff2a100721d80 */
 0)   0.211 us    |                      folios_put_refs(); /* ret=0x0 */
 0)   0.151 us    |                      free_swap_cache(); /* ret=0xfffff2a100721dc0 */
 0)   0.150 us    |                      free_swap_cache(); /* ret=0xfffff2a100721e00 */
 0)   0.151 us    |                      free_swap_cache(); /* ret=0xfffff2a100fb1a40 */
 0)   0.150 us    |                      free_swap_cache(); /* ret=0xfffff2a100fb1a80 */
 0)   0.150 us    |                      free_swap_cache(); /* ret=0xfffff2a100fb1ac0 */
 0)   0.160 us    |                      free_swap_cache(); /* ret=0xfffff2a100fb1b00 */
 0)   0.161 us    |                      free_swap_cache(); /* ret=0xfffff2a100fb1b40 */
 0)   0.151 us    |                      free_swap_cache(); /* ret=0xfffff2a100fb1b80 */
 0)   0.149 us    |                      free_swap_cache(); /* ret=0xfffff2a100fb1bc0 */
 0)   0.150 us    |                      free_swap_cache(); /* ret=0xfffff2a100fb1c00 */
 0)   0.150 us    |                      free_swap_cache(); /* ret=0xfffff2a100fb1c40 */
 0)   0.151 us    |                      free_swap_cache(); /* ret=0xfffff2a100fb1c80 */
 0)   0.150 us    |                      free_swap_cache(); /* ret=0xfffff2a100fb1cc0 */
 0)   0.160 us    |                      free_swap_cache(); /* ret=0xfffff2a100fb1d00 */
 0)   0.160 us    |                      free_swap_cache(); /* ret=0xfffff2a100fb1d40 */
 0)   0.150 us    |                      free_swap_cache(); /* ret=0xfffff2a100fb1d80 */
 0)   0.150 us    |                      free_swap_cache(); /* ret=0xfffff2a100fb1dc0 */
 0)   0.151 us    |                      free_swap_cache(); /* ret=0xfffff2a100fb1e00 */
 0)   0.150 us    |                      free_swap_cache(); /* ret=0xfffff2a100fb1e40 */
 0)   0.151 us    |                      free_swap_cache(); /* ret=0xfffff2a100fb1e80 */
 0)   0.150 us    |                      free_swap_cache(); /* ret=0xfffff2a100fb1ec0 */
 0)   0.151 us    |                      free_swap_cache(); /* ret=0xfffff2a100fb1f00 */
 0)   0.150 us    |                      free_swap_cache(); /* ret=0xfffff2a100fb1f40 */
 0)   0.150 us    |                      free_swap_cache(); /* ret=0xfffff2a100fb1f80 */
 0)   0.150 us    |                      free_swap_cache(); /* ret=0xfffff2a100fb1fc0 */
 0)   0.151 us    |                      free_swap_cache(); /* ret=0xfffff2a100fb3000 */
 0)   0.150 us    |                      free_swap_cache(); /* ret=0xfffff2a100fb3040 */
 0)   0.151 us    |                      free_swap_cache(); /* ret=0xfffff2a100fb3080 */
 0)   0.160 us    |                      free_swap_cache(); /* ret=0xfffff2a100fb30c0 */
 0)   0.160 us    |                      free_swap_cache(); /* ret=0xfffff2a100fb3100 */
 0)   0.151 us    |                      free_swap_cache(); /* ret=0xfffff2a100fb3140 */
 0)   0.200 us    |                      folios_put_refs(); /* ret=0x0 */
 0)   0.151 us    |                      free_swap_cache(); /* ret=0xfffff2a100fb3180 */
 0)   0.160 us    |                      free_swap_cache(); /* ret=0xfffff2a100fb31c0 */
 0)   0.150 us    |                      free_swap_cache(); /* ret=0xfffff2a100fb3200 */
 0)   0.160 us    |                      free_swap_cache(); /* ret=0xfffff2a100fb3640 */
 0)   0.161 us    |                      free_swap_cache(); /* ret=0xfffff2a100fb3680 */
 0)   0.151 us    |                      free_swap_cache(); /* ret=0xfffff2a100fb36c0 */
 0)   0.150 us    |                      free_swap_cache(); /* ret=0xfffff2a100fb3700 */
 0)   0.150 us    |                      free_swap_cache(); /* ret=0xfffff2a100fb3740 */
 0)   0.150 us    |                      free_swap_cache(); /* ret=0xfffff2a100fb3780 */
 0)   0.151 us    |                      free_swap_cache(); /* ret=0xfffff2a100fb37c0 */
 0)   0.150 us    |                      free_swap_cache(); /* ret=0xfffff2a100fb3800 */
 0)   0.151 us    |                      free_swap_cache(); /* ret=0xfffff2a100fb3840 */
 0)   0.160 us    |                      free_swap_cache(); /* ret=0xfffff2a100fb3880 */
 0)   0.160 us    |                      free_swap_cache(); /* ret=0xfffff2a100fb38c0 */
 0)   0.151 us    |                      free_swap_cache(); /* ret=0xfffff2a100fb3900 */
 0)   0.150 us    |                      free_swap_cache(); /* ret=0xfffff2a100fb3940 */
 0)   0.151 us    |                      free_swap_cache(); /* ret=0xfffff2a100fb3980 */
 0)   0.150 us    |                      free_swap_cache(); /* ret=0xfffff2a100fb39c0 */
 0)   0.151 us    |                      free_swap_cache(); /* ret=0xfffff2a100fb3a00 */
 0)   0.149 us    |                      free_swap_cache(); /* ret=0xfffff2a100fb3e40 */
 0)   0.150 us    |                      free_swap_cache(); /* ret=0xfffff2a100fb3e80 */
 0)   0.150 us    |                      free_swap_cache(); /* ret=0xfffff2a100fb3ec0 */
 0)   0.161 us    |                      free_swap_cache(); /* ret=0xfffff2a100fb3f00 */
 0)   0.161 us    |                      free_swap_cache(); /* ret=0xfffff2a100fb3f40 */
 0)   0.149 us    |                      free_swap_cache(); /* ret=0xfffff2a100fb3f80 */
 0)   0.150 us    |                      free_swap_cache(); /* ret=0xfffff2a100fb3fc0 */
 0)   0.150 us    |                      free_swap_cache(); /* ret=0xfffff2a100fb5000 */
 0)   0.151 us    |                      free_swap_cache(); /* ret=0xfffff2a100fb5040 */
 0)   0.150 us    |                      free_swap_cache(); /* ret=0xfffff2a100fb5080 */
 0)   0.151 us    |                      free_swap_cache(); /* ret=0xfffff2a100fb50c0 */
 0)   0.150 us    |                      free_swap_cache(); /* ret=0xfffff2a100fb5100 */
 0)   0.191 us    |                      folios_put_refs(); /* ret=0x0 */
 0)   0.149 us    |                      free_swap_cache(); /* ret=0xfffff2a100fb5140 */
 0)   0.151 us    |                      free_swap_cache(); /* ret=0xfffff2a100fb5180 */
 0)   0.150 us    |                      free_swap_cache(); /* ret=0xfffff2a100fb51c0 */
 0)   0.151 us    |                      free_swap_cache(); /* ret=0xfffff2a100fb5200 */
 0)   0.150 us    |                      free_swap_cache(); /* ret=0xfffff2a100fb5240 */
 0)   0.160 us    |                      free_swap_cache(); /* ret=0xfffff2a100fb5280 */
 0)   0.151 us    |                      free_swap_cache(); /* ret=0xfffff2a100fb52c0 */
 0)   0.150 us    |                      free_swap_cache(); /* ret=0xfffff2a100fb5300 */
 0)   0.151 us    |                      free_swap_cache(); /* ret=0xfffff2a100fb5340 */
 0)   0.150 us    |                      free_swap_cache(); /* ret=0xfffff2a100fb5380 */
 0)   0.151 us    |                      free_swap_cache(); /* ret=0xfffff2a100fb53c0 */
 0)   0.149 us    |                      free_swap_cache(); /* ret=0xfffff2a100fb5400 */
 0)   0.160 us    |                      free_swap_cache(); /* ret=0xfffff2a100fb5440 */
 0)   0.161 us    |                      free_swap_cache(); /* ret=0xfffff2a100fb5480 */
 0)   0.150 us    |                      free_swap_cache(); /* ret=0xfffff2a100fb54c0 */
 0)   0.150 us    |                      free_swap_cache(); /* ret=0xfffff2a100fb5500 */
 0)   0.149 us    |                      free_swap_cache(); /* ret=0xfffff2a100fb5540 */
 0)   0.151 us    |                      free_swap_cache(); /* ret=0xfffff2a100fb5580 */
 0)   0.150 us    |                      free_swap_cache(); /* ret=0xfffff2a100fb55c0 */
 0)   0.161 us    |                      free_swap_cache(); /* ret=0xfffff2a100fb5600 */
 0)   0.150 us    |                      free_swap_cache(); /* ret=0xfffff2a100fb5640 */
 0)   0.150 us    |                      free_swap_cache(); /* ret=0xfffff2a100fb5680 */
 0)   0.151 us    |                      free_swap_cache(); /* ret=0xfffff2a100fb56c0 */
 0)   0.150 us    |                      free_swap_cache(); /* ret=0xfffff2a100fb5700 */
 0)   0.151 us    |                      free_swap_cache(); /* ret=0xfffff2a100fb5740 */
 0)   0.160 us    |                      free_swap_cache(); /* ret=0xfffff2a100fb5780 */
 0)   0.150 us    |                      free_swap_cache(); /* ret=0xfffff2a100fb57c0 */
 0)   0.151 us    |                      free_swap_cache(); /* ret=0xfffff2a100fb5800 */
 0)   0.150 us    |                      free_swap_cache(); /* ret=0xfffff2a100fb5840 */
 0)   0.151 us    |                      free_swap_cache(); /* ret=0xfffff2a100fb5880 */
 0)   0.150 us    |                      free_swap_cache(); /* ret=0xfffff2a100fb58c0 */
 0)   0.201 us    |                      folios_put_refs(); /* ret=0x0 */
 0)   0.151 us    |                      free_swap_cache(); /* ret=0xfffff2a100fb5900 */
 0)   0.150 us    |                      free_swap_cache(); /* ret=0xfffff2a100fb5940 */
 0)   0.151 us    |                      free_swap_cache(); /* ret=0xfffff2a100fb5980 */
 0)   0.150 us    |                      free_swap_cache(); /* ret=0xfffff2a100fb59c0 */
 0)   0.150 us    |                      free_swap_cache(); /* ret=0xfffff2a100fb5a00 */
 0)   0.150 us    |                      free_swap_cache(); /* ret=0xfffff2a100fb5a40 */
 0)   0.151 us    |                      free_swap_cache(); /* ret=0xfffff2a100fb5a80 */
 0)   0.150 us    |                      free_swap_cache(); /* ret=0xfffff2a100fb5ac0 */
 0)   0.160 us    |                      free_swap_cache(); /* ret=0xfffff2a100fb5b00 */
 0)   0.150 us    |                      free_swap_cache(); /* ret=0xfffff2a100fb5b40 */
 0)   0.150 us    |                      free_swap_cache(); /* ret=0xfffff2a100fb5b80 */
 0)   0.151 us    |                      free_swap_cache(); /* ret=0xfffff2a100fb5bc0 */
 0)   0.150 us    |                      free_swap_cache(); /* ret=0xfffff2a100fb5c00 */
 0)   0.151 us    |                      free_swap_cache(); /* ret=0xfffff2a100fb5c40 */
 0)   0.150 us    |                      free_swap_cache(); /* ret=0xfffff2a100fb5c80 */
 0)   0.151 us    |                      free_swap_cache(); /* ret=0xfffff2a100fb5cc0 */
 0)   0.160 us    |                      free_swap_cache(); /* ret=0xfffff2a100fb5d00 */
 0)   0.160 us    |                      free_swap_cache(); /* ret=0xfffff2a100fb5d40 */
 0)   0.151 us    |                      free_swap_cache(); /* ret=0xfffff2a100fb5d80 */
 0)   0.150 us    |                      free_swap_cache(); /* ret=0xfffff2a100fb5dc0 */
 0)   0.151 us    |                      free_swap_cache(); /* ret=0xfffff2a100fb5e00 */
 0)   0.149 us    |                      free_swap_cache(); /* ret=0xfffff2a100fb5e40 */
 0)   0.150 us    |                      free_swap_cache(); /* ret=0xfffff2a100fb5e80 */
 0)   0.150 us    |                      free_swap_cache(); /* ret=0xfffff2a100fb5ec0 */
 0)   0.149 us    |                      free_swap_cache(); /* ret=0xfffff2a100fb5f00 */
 0)   0.151 us    |                      free_swap_cache(); /* ret=0xfffff2a100fb5f40 */
 0)   0.150 us    |                      free_swap_cache(); /* ret=0xfffff2a100fb5f80 */
 0)   0.151 us    |                      free_swap_cache(); /* ret=0xfffff2a100fb5fc0 */
 0)   0.150 us    |                      free_swap_cache(); /* ret=0xfffff2a100fb7000 */
 0)   0.151 us    |                      free_swap_cache(); /* ret=0xfffff2a100fb7040 */
 0)   0.150 us    |                      free_swap_cache(); /* ret=0xfffff2a100fb7080 */
 0)   0.200 us    |                      folios_put_refs(); /* ret=0x0 */
 0)   0.150 us    |                      free_swap_cache(); /* ret=0xfffff2a100fb70c0 */
 0)   0.151 us    |                      free_swap_cache(); /* ret=0xfffff2a100fb7100 */
 0)   0.150 us    |                      free_swap_cache(); /* ret=0xfffff2a100fb7140 */
 0)   0.151 us    |                      free_swap_cache(); /* ret=0xfffff2a100fb7180 */
 0)   0.150 us    |                      free_swap_cache(); /* ret=0xfffff2a100fb71c0 */
 0)   0.151 us    |                      free_swap_cache(); /* ret=0xfffff2a100fb7200 */
 0)   0.150 us    |                      free_swap_cache(); /* ret=0xfffff2a100fb7240 */
 0)   0.150 us    |                      free_swap_cache(); /* ret=0xfffff2a100fb7280 */
 0)   0.149 us    |                      free_swap_cache(); /* ret=0xfffff2a100fb72c0 */
 0)   0.151 us    |                      free_swap_cache(); /* ret=0xfffff2a100fb7300 */
 0)   0.161 us    |                      free_swap_cache(); /* ret=0xfffff2a100fb7340 */
 0)   0.160 us    |                      free_swap_cache(); /* ret=0xfffff2a100fb7380 */
 0)   0.150 us    |                      free_swap_cache(); /* ret=0xfffff2a100fb73c0 */
 0)   0.150 us    |                      free_swap_cache(); /* ret=0xfffff2a100633ac0 */
 0)   0.151 us    |                      free_swap_cache(); /* ret=0xfffff2a10068e180 */
 0)   0.150 us    |                      free_swap_cache(); /* ret=0xfffff2a100633680 */
 0)   0.149 us    |                      free_swap_cache(); /* ret=0xfffff2a100fb7c40 */
 0)   0.151 us    |                      free_swap_cache(); /* ret=0xfffff2a100139380 */
 0)   0.150 us    |                      free_swap_cache(); /* ret=0xfffff2a100634280 */
 0)   0.151 us    |                      free_swap_cache(); /* ret=0xfffff2a10013c400 */
 0)   0.150 us    |                      free_swap_cache(); /* ret=0xfffff2a100633580 */
 0)   0.160 us    |                      free_swap_cache(); /* ret=0xfffff2a10068e100 */
 0)   0.181 us    |                      folios_put_refs(); /* ret=0x0 */
 0) + 61.145 us   |                    } /* free_pages_and_swap_cache ret=0x0 */
 0) + 61.485 us   |                  } /* __tlb_batch_free_encoded_pages ret=0x0 */
 0)               |                  free_pages() {
 0)               |                    ___free_pages() {
 0)               |                      __free_frozen_pages() {
 0)   0.171 us    |                        __get_pfnblock_flags_mask.isra.0(); /* ret=0x0 */
 0)   0.161 us    |                        _raw_spin_trylock(); /* ret=0x1 */
 0)   0.170 us    |                        free_frozen_page_commit(); /* ret=0x1 */
 0)   0.160 us    |                        _raw_spin_unlock(); /* ret=0x1 */
 0)   1.623 us    |                      } /* __free_frozen_pages ret=0x1 */
 0)   1.973 us    |                    } /* ___free_pages ret=0x1 */
 0)   2.315 us    |                  } /* free_pages ret=0x1 */
 0) + 69.851 us   |                } /* tlb_finish_mmu ret=0xffff8f3083478e00 */
 0)               |                tear_down_vmas() {
 0)               |                  remove_vma() {
 0)               |                    vm_area_free() {
 0)   0.161 us    |                      kfree(); /* ret=0x0 */
 0)   0.161 us    |                      kmem_cache_free(); /* ret=0x0 */
 0)   0.862 us    |                    } /* vm_area_free ret=0x0 */
 0)   1.202 us    |                  } /* remove_vma ret=0x0 */
 0)               |                  remove_vma() {
 0)               |                    vm_area_free() {
 0)   0.151 us    |                      kfree(); /* ret=0x0 */
 0)               |                      kmem_cache_free() {
 0)   0.190 us    |                        __pcs_replace_full_main(); /* ret=0xffff8f30bec39128 */
 0)   0.561 us    |                      } /* kmem_cache_free ret=0x0 */
 0)   1.212 us    |                    } /* vm_area_free ret=0x0 */
 0)   1.683 us    |                  } /* remove_vma ret=0x0 */
 0)               |                  remove_vma() {
 0)               |                    vm_area_free() {
 0)   0.150 us    |                      kfree(); /* ret=0x0 */
 0)   0.171 us    |                      kmem_cache_free(); /* ret=0x0 */
 0)   0.822 us    |                    } /* vm_area_free ret=0x0 */
 0)   1.153 us    |                  } /* remove_vma ret=0x0 */
 0)               |                  remove_vma() {
 0)   0.271 us    |                    special_mapping_close(); /* ret=0x0 */
 0)               |                    vm_area_free() {
 0)   0.149 us    |                      kfree(); /* ret=0x0 */
 0)   0.160 us    |                      kmem_cache_free(); /* ret=0x0 */
 0)   0.812 us    |                    } /* vm_area_free ret=0x0 */
 0)   1.664 us    |                  } /* remove_vma ret=0x0 */
 0)               |                  remove_vma() {
 0)   0.240 us    |                    special_mapping_close(); /* ret=0x0 */
 0)               |                    vm_area_free() {
 0)   0.731 us    |                      kfree(); /* ret=0x0 */
 0)   0.260 us    |                      kmem_cache_free(); /* ret=0x0 */
 0) + 13.725 us   |                    } /* vm_area_free ret=0x0 */
 0) + 14.477 us   |                  } /* remove_vma ret=0x0 */
 0)               |                  remove_vma() {
 0)   0.201 us    |                    special_mapping_close(); /* ret=0x0 */
 0)               |                    vm_area_free() {
 0)   0.160 us    |                      kfree(); /* ret=0x0 */
 0)   0.160 us    |                      kmem_cache_free(); /* ret=0x0 */
 0)   0.852 us    |                    } /* vm_area_free ret=0x0 */
 0)   1.643 us    |                  } /* remove_vma ret=0x0 */
 0)               |                  remove_vma() {
 0)   0.170 us    |                    fput(); /* ret=0x0 */
 0)               |                    vm_area_free() {
 0)   0.150 us    |                      kfree(); /* ret=0x0 */
 0)   0.161 us    |                      kmem_cache_free(); /* ret=0x0 */
 0)   0.842 us    |                    } /* vm_area_free ret=0x0 */
 0)   1.563 us    |                  } /* remove_vma ret=0x0 */
 0)               |                  remove_vma() {
 0)   0.160 us    |                    fput(); /* ret=0x0 */
 0)               |                    vm_area_free() {
 0)   0.149 us    |                      kfree(); /* ret=0x0 */
 0)   0.160 us    |                      kmem_cache_free(); /* ret=0x0 */
 0)   0.812 us    |                    } /* vm_area_free ret=0x0 */
 0)   1.503 us    |                  } /* remove_vma ret=0x0 */
 0)               |                  remove_vma() {
 0)   0.150 us    |                    fput(); /* ret=0x0 */
 0)               |                    vm_area_free() {
 0)   0.160 us    |                      kfree(); /* ret=0x0 */
 0)   0.160 us    |                      kmem_cache_free(); /* ret=0x0 */
 0)   0.812 us    |                    } /* vm_area_free ret=0x0 */
 0)   1.483 us    |                  } /* remove_vma ret=0x0 */
 0)               |                  remove_vma() {
 0)   0.160 us    |                    fput(); /* ret=0x0 */
 0)               |                    vm_area_free() {
 0)   0.151 us    |                      kfree(); /* ret=0x0 */
 0)   0.149 us    |                      kmem_cache_free(); /* ret=0x0 */
 0)   0.822 us    |                    } /* vm_area_free ret=0x0 */
 0)   1.473 us    |                  } /* remove_vma ret=0x0 */
 0)               |                  remove_vma() {
 0)               |                    vm_area_free() {
 0)   0.161 us    |                      kfree(); /* ret=0x0 */
 0)   0.160 us    |                      kmem_cache_free(); /* ret=0x0 */
 0)   0.812 us    |                    } /* vm_area_free ret=0x0 */
 0)   1.182 us    |                  } /* remove_vma ret=0x0 */
 0)               |                  remove_vma() {
 0)               |                    vm_area_free() {
 0)   0.150 us    |                      kfree(); /* ret=0x0 */
 0)   0.231 us    |                      kmem_cache_free(); /* ret=0x0 */
 0)   0.882 us    |                    } /* vm_area_free ret=0x0 */
 0)   1.242 us    |                  } /* remove_vma ret=0x0 */
 0) + 33.303 us   |                } /* tear_down_vmas ret=0x2d */
 0)   0.311 us    |                kfree(); /* ret=0x0 */
 0)   0.171 us    |                up_write(); /* ret=0x1 */
 0) ! 554.309 us  |              } /* exit_mmap ret=0x0 */
 0)   0.171 us    |              mm_put_huge_zero_folio(); /* ret=0x0 */
 0)               |              fput() {
 0)   0.160 us    |                __file_ref_put(); /* ret=0xffffffffffffff01 */
 0)               |                __fput_deferred() {
 0)               |                  task_work_add() {
 0)   0.160 us    |                    kick_process(); /* ret=0x0 */
 0)   0.532 us    |                  } /* task_work_add ret=0x0 */
 0)   0.901 us    |                } /* __fput_deferred ret=0x0 */
 0)   1.613 us    |              } /* fput ret=0x0 */
 0)   0.160 us    |              module_put(); /* ret=0xffffffffaf9a4880 */
 0)               |              lru_gen_del_mm() {
 0)   0.181 us    |                _raw_spin_lock(); /* ret=0x0 */
 0)   0.180 us    |                _raw_spin_unlock(); /* ret=0x1 */
 0)   1.082 us    |              } /* lru_gen_del_mm ret=0x1 */
 0)               |              futex_hash_free() {
 0)   0.160 us    |                free_percpu(); /* ret=0x1 */
 0)               |                kvfree() {
 0)   0.160 us    |                  is_vmalloc_addr(); /* ret=0x0 */
 0)   0.150 us    |                  kfree(); /* ret=0x0 */
 0)   0.852 us    |                } /* kvfree ret=0x0 */
 0)   1.592 us    |              } /* futex_hash_free ret=0x0 */
 0)               |              __mmdrop() {
 0)               |                pgd_free() {
 0)   0.180 us    |                  _raw_spin_lock(); /* ret=0x0 */
 0)   0.169 us    |                  _raw_spin_unlock(); /* ret=0x1 */
 0)               |                  lruvec_stat_mod_folio() {
 0)   0.160 us    |                    __rcu_read_lock(); /* ret=0xffff8f308369c400 */
 0)   0.161 us    |                    __rcu_read_unlock(); /* ret=0x0 */
 0)   0.200 us    |                    mod_node_page_state(); /* ret=0x10 */
 0)   1.262 us    |                  } /* lruvec_stat_mod_folio ret=0x10 */
 0)               |                  __free_pages() {
 0)               |                    ___free_pages() {
 0)               |                      __free_frozen_pages() {
 0)   0.230 us    |                        __get_pfnblock_flags_mask.isra.0(); /* ret=0x0 */
 0)   0.160 us    |                        _raw_spin_trylock(); /* ret=0x1 */
 0)   0.170 us    |                        free_frozen_page_commit(); /* ret=0x1 */
 0)   0.161 us    |                        _raw_spin_unlock(); /* ret=0x1 */
 0)   1.713 us    |                      } /* __free_frozen_pages ret=0x1 */
 0)   2.064 us    |                    } /* ___free_pages ret=0x1 */
 0)   2.404 us    |                  } /* __free_pages ret=0x1 */
 0)   4.989 us    |                } /* pgd_free ret=0x1 */
 0)   0.180 us    |                _raw_spin_lock_irqsave(); /* ret=0x292 */
 0)   0.170 us    |                _raw_spin_unlock_irqrestore(); /* ret=0x1 */
 0)   0.160 us    |                destroy_context_ldt(); /* ret=0xffff8f3083478e00 */
 0)   0.160 us    |                mm_free_global_asid(); /* ret=0xffff8f3083478e00 */
 0)   0.161 us    |                _raw_spin_lock_irqsave(); /* ret=0x292 */
 0)   0.160 us    |                _raw_spin_unlock_irqrestore(); /* ret=0x1 */
 0)   0.160 us    |                _raw_spin_lock_irqsave(); /* ret=0x292 */
 0)   0.160 us    |                _raw_spin_unlock_irqrestore(); /* ret=0x1 */
 0)   0.160 us    |                _raw_spin_lock_irqsave(); /* ret=0x292 */
 0)   0.160 us    |                _raw_spin_unlock_irqrestore(); /* ret=0x1 */
 0)   0.160 us    |                _raw_spin_lock_irqsave(); /* ret=0x292 */
 0)   0.161 us    |                _raw_spin_unlock_irqrestore(); /* ret=0x1 */
 0)   0.171 us    |                mm_pasid_drop(); /* ret=0x0 */
 0)               |                free_percpu() {
 0)   0.241 us    |                  vmalloc_to_page(); /* ret=0xfffff2a1000afbc0 */
 0)   0.151 us    |                  _raw_spin_lock_irqsave(); /* ret=0x296 */
 0)               |                  pcpu_free_area() {
 0)   0.160 us    |                    pcpu_chunk_slot(); /* ret=0x10 */
 0)   0.160 us    |                    pcpu_block_update(); /* ret=0x390 */
 0)   0.170 us    |                    pcpu_block_update(); /* ret=0x1fe2c */
 0)   0.161 us    |                    pcpu_chunk_relocate(); /* ret=0x10 */
 0)   1.783 us    |                  } /* pcpu_free_area ret=0x40 */
 0)   0.160 us    |                  _raw_spin_unlock_irqrestore(); /* ret=0x1 */
 0)   3.546 us    |                } /* free_percpu ret=0x1 */
 0)   0.181 us    |                _raw_spin_lock_irqsave(); /* ret=0x292 */
 0)   0.160 us    |                _raw_spin_unlock_irqrestore(); /* ret=0x1 */
 0)               |                free_percpu() {
 0)   0.170 us    |                  vmalloc_to_page(); /* ret=0xfffff2a1000afbc0 */
 0)   0.151 us    |                  _raw_spin_lock_irqsave(); /* ret=0x296 */
 0)               |                  pcpu_free_area() {
 0)   0.160 us    |                    pcpu_chunk_slot(); /* ret=0x10 */
 0)   0.161 us    |                    pcpu_block_update(); /* ret=0x3a0 */
 0)   0.160 us    |                    pcpu_block_update(); /* ret=0x1fe2c */
 0)   0.160 us    |                    pcpu_chunk_relocate(); /* ret=0x10 */
 0)   1.553 us    |                  } /* pcpu_free_area ret=0x10 */
 0)   0.160 us    |                  _raw_spin_unlock_irqrestore(); /* ret=0x1 */
 0)   2.916 us    |                } /* free_percpu ret=0x1 */
 0)   0.160 us    |                kmem_cache_free(); /* ret=0x0 */
 0) + 18.665 us   |              } /* __mmdrop ret=0x0 */
 0) ! 581.811 us  |            } /* mmput ret=0x0 */
 0)   0.210 us    |            exec_task_namespaces(); /* ret=0x0 */
 0)   0.180 us    |            _raw_spin_lock_irq(); /* ret=0x0 */
 0)   0.210 us    |            posix_cpu_timers_exit(); /* ret=0x0 */
 0)   0.170 us    |            _raw_spin_unlock_irq(); /* ret=0x1 */
 0)   0.191 us    |            exit_itimers(); /* ret=0x0 */
 0)               |            flush_itimer_signals() {
 0)   0.151 us    |              _raw_spin_lock_irqsave(); /* ret=0x292 */
 0)   0.160 us    |              __flush_itimer_signals(); /* ret=0x292 */
 0)   0.160 us    |              __flush_itimer_signals(); /* ret=0x292 */
 0)   0.161 us    |              _raw_spin_unlock_irqrestore(); /* ret=0x1 */
 0)   1.533 us    |            } /* flush_itimer_signals ret=0x1 */
 0)               |            flush_thread() {
 0)               |              flush_ptrace_hw_breakpoint() {
 0)   0.160 us    |                unregister_hw_breakpoint(); /* ret=0x1 */
 0)   0.160 us    |                unregister_hw_breakpoint(); /* ret=0x1 */
 0)   0.160 us    |                unregister_hw_breakpoint(); /* ret=0x1 */
 0)   0.151 us    |                unregister_hw_breakpoint(); /* ret=0x1 */
 0)   1.543 us    |              } /* flush_ptrace_hw_breakpoint ret=0x1 */
 0)               |              fpu_flush_thread() {
 0)   0.170 us    |                __local_bh_enable_ip(); /* ret=0x80000000 */
 0)   0.582 us    |              } /* fpu_flush_thread ret=0x80000000 */
 0)   2.705 us    |            } /* flush_thread ret=0x55555554 */
 0)               |            do_close_on_exec() {
 0)   0.171 us    |              _raw_spin_lock(); /* ret=0x0 */
 0)   0.160 us    |              _raw_spin_unlock(); /* ret=0x1 */
 0)   0.901 us    |            } /* do_close_on_exec ret=0x1 */
 0)               |            perf_event_exec() {
 0)               |              perf_lock_task_context() {
 0)   0.160 us    |                __rcu_read_lock(); /* ret=0xffff8f308369c400 */
 0)   0.160 us    |                __rcu_read_unlock(); /* ret=0x0 */
 0)   0.851 us    |              } /* perf_lock_task_context ret=0x0 */
 0)   1.233 us    |            } /* perf_event_exec ret=0x0 */
 0)               |            __set_task_comm() {
 0)   0.170 us    |              perf_event_comm(); /* ret=0x0 */
 0)   0.571 us    |            } /* __set_task_comm ret=0x0 */
 0)   0.230 us    |            flush_signal_handlers(); /* ret=0xffff8f3083975260 */
 0)   0.231 us    |            set_cred_ucounts(); /* ret=0x0 */
 0)               |            security_bprm_committing_creds() {
 0)   0.150 us    |              bpf_lsm_bprm_committing_creds(); /* ret=0x0 */
 0)   0.521 us    |            } /* security_bprm_committing_creds ret=0x0 */
 0)   0.230 us    |            commit_creds(); /* ret=0x0 */
 0)               |            security_bprm_committed_creds() {
 0)   0.160 us    |              bpf_lsm_bprm_committed_creds(); /* ret=0x1 */
 0)   0.501 us    |            } /* security_bprm_committed_creds ret=0x1 */
 0) ! 614.663 us  |          } /* begin_new_exec ret=0x0 */
 0)   0.160 us    |          set_personality_64bit(); /* ret=0xffff8f308369c400 */
 0)               |          setup_new_exec() {
 0)               |            arch_pick_mmap_layout() {
 0)               |              get_random_u64() {
 0)               |                _get_random_bytes() {
 0)               |                  crng_make_state() {
 0)               |                    crng_fast_key_erasure() {
 0)               |                      chacha_block_generic() {
 0)   0.241 us    |                        chacha_permute(); /* ret=0x29433dd5 */
 0)   0.621 us    |                      } /* chacha_block_generic ret=0x0 */
 0)   1.002 us    |                    } /* crng_fast_key_erasure ret=0x0 */
 0)   1.392 us    |                  } /* crng_make_state ret=0x0 */
 0)               |                  chacha_block_generic() {
 0)   0.241 us    |                    chacha_permute(); /* ret=0x5407e3de */
 0)   0.582 us    |                  } /* chacha_block_generic ret=0x0 */
 0)   2.525 us    |                } /* _get_random_bytes ret=0x0 */
 0)   3.126 us    |              } /* get_random_u64 ret=0x8543b9f49757076a */
 0)   0.160 us    |              mmap_base.isra.0(); /* ret=0x7f868ef96000 */
 0)   0.170 us    |              get_random_u64(); /* ret=0xb1040164fa7a67a */
 0)   0.160 us    |              mmap_base.isra.0(); /* ret=0xf7f84000 */
 0)   4.578 us    |            } /* arch_pick_mmap_layout ret=0xf7f84000 */
 0)   0.160 us    |            arch_setup_new_exec(); /* ret=0xf7f84000 */
 0)   0.160 us    |            up_write(); /* ret=0x1 */
 0)   0.160 us    |            mutex_unlock(); /* ret=0xffff8f308369c400 */
 0)   6.011 us    |          } /* setup_new_exec ret=0xffff8f308369c400 */
 0)               |          randomize_stack_top() {
 0)   0.160 us    |            get_random_u64(); /* ret=0x95e37fd909a4b101 */
 0)   0.501 us    |          } /* randomize_stack_top ret=0x7ffdb4efe000 */
 0)               |          setup_arg_pages() {
 0)               |            arch_align_stack() {
 0)   0.180 us    |              get_random_u16(); /* ret=0x36f3 */
 0)   0.521 us    |            } /* arch_align_stack ret=0x7ffdb4efd920 */
 0)   0.161 us    |            down_write_killable(); /* ret=0x0 */
 0)   0.171 us    |            tlb_gather_mmu(); /* ret=0x7ffffffff000 */
 0)               |            mprotect_fixup() {
 0)   0.191 us    |              may_expand_vm(); /* ret=0x1 */
 0)               |              vma_modify_flags() {
 0)   0.170 us    |                anon_vma_name(); /* ret=0x0 */
 0)               |                vma_modify() {
 0)   0.171 us    |                  can_vma_merge_left(); /* ret=0x0 */
 0)   0.160 us    |                  can_vma_merge_right(); /* ret=0x0 */
 0)   1.192 us    |                } /* vma_modify ret=0xffff8f30840b0e40 */
 0)   1.934 us    |              } /* vma_modify_flags ret=0xffff8f30840b0e40 */
 0)               |              __vma_start_write() {
 0)               |                __vma_start_exclude_readers() {
 0)   0.150 us    |                  finish_rcuwait(); /* ret=0xffff8f308369c400 */
 0)   0.541 us    |                } /* __vma_start_exclude_readers ret=0x0 */
 0)   0.902 us    |              } /* __vma_start_write ret=0x0 */
 0)               |              vma_set_page_prot() {
 0)               |                vma_wants_writenotify() {
 0)   0.161 us    |                  vma_is_shared_writable(); /* ret=0xffffffffffee7e00 */
 0)   0.512 us    |                } /* vma_wants_writenotify ret=0xffee7e00 */
 0)   0.922 us    |              } /* vma_set_page_prot ret=0xffee7e00 */
 0)               |              change_protection() {
 0)               |                change_pte_range() {
 0)               |                  pte_offset_map_lock() {
 0)               |                    __pte_offset_map() {
 0)   0.151 us    |                      __rcu_read_lock(); /* ret=0xffff8f308369c400 */
 0)   0.512 us    |                    } /* __pte_offset_map ret=0xffff8f308534eff0 */
 0)   0.220 us    |                    _raw_spin_lock(); /* ret=0x0 */
 0)   1.273 us    |                  } /* pte_offset_map_lock ret=0xffff8f308534eff0 */
 0)   0.160 us    |                  flush_tlb_batched_pending(); /* ret=0x0 */
 0)   0.200 us    |                  vm_normal_page(); /* ret=0xfffff2a100634540 */
 0)   0.160 us    |                  mprotect_folio_pte_batch(); /* ret=0x1 */
 0)   0.171 us    |                  maybe_change_pte_writable.isra.0(); /* ret=0x1 */
 0)   0.160 us    |                  pte_mkwrite(); /* ret=0x8000000018d15867 */
 0)   0.160 us    |                  _raw_spin_unlock(); /* ret=0x1 */
 0)   0.150 us    |                  __rcu_read_unlock(); /* ret=0x0 */
 0)   4.398 us    |                } /* change_pte_range ret=0x1 */
 0)   4.940 us    |              } /* change_protection ret=0x1 */
 0)   0.160 us    |              vm_stat_account(); /* ret=0x2000000100 */
 0)   0.160 us    |              vm_stat_account(); /* ret=0x2000000100 */
 0)   0.160 us    |              perf_event_mmap(); /* ret=0x0 */
 0) + 11.101 us   |            } /* mprotect_fixup ret=0x0 */
 0)   0.201 us    |            tlb_finish_mmu(); /* ret=0xffff8f3083479500 */
 0)               |            relocate_vma_down() {
 0)               |              vma_expand() {
 0)               |                commit_merge() {
 0)   0.181 us    |                  init_multi_vma_prep(); /* ret=0x0 */
 0)   0.211 us    |                  kmem_cache_alloc_noprof(); /* ret=0xffff8f30839ee100 */
 0)               |                  vma_prepare() {
 0)   0.161 us    |                    down_write(); /* ret=0xffff8f308369c400 */
 0)   0.210 us    |                    anon_vma_interval_tree_remove(); /* ret=0x0 */
 0)   0.962 us    |                  } /* vma_prepare ret=0x0 */
 0)   0.160 us    |                  vma_adjust_trans_huge(); /* ret=0x7fffffe00000 */
 0)               |                  kvfree_call_rcu() {
 0)   0.160 us    |                    is_vmalloc_addr(); /* ret=0x0 */
 0)   0.181 us    |                    __kfree_rcu_sheaf(); /* ret=0x1 */
 0)   0.962 us    |                  } /* kvfree_call_rcu ret=0x1 */
 0)               |                  vma_complete() {
 0)   0.181 us    |                    anon_vma_interval_tree_insert(); /* ret=0xffff8f30812a3860 */
 0)   0.160 us    |                    up_write(); /* ret=0x1 */
 0)   0.902 us    |                  } /* vma_complete ret=0x0 */
 0)   5.179 us    |                } /* commit_merge ret=0x0 */
 0)   5.550 us    |              } /* vma_expand ret=0x0 */
 0)               |              move_page_tables() {
 0)   0.210 us    |                get_old_pud(); /* ret=0xffff8f3083af7ff8 */
 0)   0.180 us    |                alloc_new_pud(); /* ret=0xffff8f3083af7fb0 */
 0)   0.160 us    |                get_old_pud(); /* ret=0xffff8f3083af7ff8 */
 0)   0.161 us    |                alloc_new_pud(); /* ret=0xffff8f3083af7fb0 */
 0)               |                __pmd_alloc() {
 0)               |                  alloc_pages_noprof() {
 0)               |                    alloc_pages_mpol() {
 0)   0.191 us    |                      policy_nodemask(); /* ret=0x0 */
 0)               |                      __alloc_frozen_pages_noprof() {
 0)               |                        get_page_from_freelist() {
 0)   0.150 us    |                          _raw_spin_trylock(); /* ret=0x1 */
 0)   0.160 us    |                          _raw_spin_unlock(); /* ret=0x1 */
 0)   0.572 us    |                          kernel_init_pages(); /* ret=0x0 */
 0)   1.793 us    |                        } /* get_page_from_freelist ret=0xfffff2a1000c8040 */
 0)   2.184 us    |                      } /* __alloc_frozen_pages_noprof ret=0xfffff2a1000c8040 */
 0)   2.946 us    |                    } /* alloc_pages_mpol ret=0xfffff2a1000c8040 */
 0)   3.337 us    |                  } /* alloc_pages_noprof ret=0xfffff2a1000c8040 */
 0)               |                  lruvec_stat_mod_folio() {
 0)   0.150 us    |                    __rcu_read_lock(); /* ret=0xffff8f308369c400 */
 0)   0.160 us    |                    __rcu_read_unlock(); /* ret=0x0 */
 0)   0.160 us    |                    mod_node_page_state(); /* ret=0xf */
 0)   1.163 us    |                  } /* lruvec_stat_mod_folio ret=0xf */
 0)   0.160 us    |                  _raw_spin_lock(); /* ret=0x0 */
 0)   0.160 us    |                  _raw_spin_unlock(); /* ret=0x1 */
 0)   5.741 us    |                } /* __pmd_alloc ret=0x0 */
 0)               |                __pte_alloc() {
 0)               |                  pte_alloc_one() {
 0)               |                    alloc_pages_noprof() {
 0)               |                      alloc_pages_mpol() {
 0)   0.170 us    |                        policy_nodemask(); /* ret=0x0 */
 0)               |                        __alloc_frozen_pages_noprof() {
 0)               |                          get_page_from_freelist() {
 0)   0.150 us    |                            _raw_spin_trylock(); /* ret=0x1 */
 0)   0.160 us    |                            _raw_spin_unlock(); /* ret=0x1 */
 0)   0.210 us    |                            kernel_init_pages(); /* ret=0x0 */
 0)   1.272 us    |                          } /* get_page_from_freelist ret=0xfffff2a1000d5000 */
 0)   1.614 us    |                        } /* __alloc_frozen_pages_noprof ret=0xfffff2a1000d5000 */
 0)   2.295 us    |                      } /* alloc_pages_mpol ret=0xfffff2a1000d5000 */
 0)   2.625 us    |                    } /* alloc_pages_noprof ret=0xfffff2a1000d5000 */
 0)               |                    lruvec_stat_mod_folio() {
 0)   0.150 us    |                      __rcu_read_lock(); /* ret=0xffff8f308369c400 */
 0)   0.151 us    |                      __rcu_read_unlock(); /* ret=0x0 */
 0)   0.150 us    |                      mod_node_page_state(); /* ret=0x10 */
 0)   1.133 us    |                    } /* lruvec_stat_mod_folio ret=0x10 */
 0)   4.298 us    |                  } /* pte_alloc_one ret=0xfffff2a1000d5000 */
 0)               |                  pmd_install() {
 0)   0.161 us    |                    _raw_spin_lock(); /* ret=0x0 */
 0)   0.160 us    |                    _raw_spin_unlock(); /* ret=0x1 */
 0)   0.842 us    |                  } /* pmd_install ret=0x1 */
 0)   5.680 us    |                } /* __pte_alloc ret=0x0 */
 0)               |                pte_offset_map_lock() {
 0)               |                  __pte_offset_map() {
 0)   0.160 us    |                    __rcu_read_lock(); /* ret=0xffff8f308369c400 */
 0)   0.501 us    |                  } /* __pte_offset_map ret=0xffff8f308534eff0 */
 0)   0.151 us    |                  _raw_spin_lock(); /* ret=0x0 */
 0)   1.162 us    |                } /* pte_offset_map_lock ret=0xffff8f308534eff0 */
 0)               |                pte_offset_map_rw_nolock() {
 0)               |                  __pte_offset_map() {
 0)   0.150 us    |                    __rcu_read_lock(); /* ret=0xffff8f308369c400 */
 0)   0.481 us    |                  } /* __pte_offset_map ret=0xffff8f30835407e8 */
 0)   0.831 us    |                } /* pte_offset_map_rw_nolock ret=0xffff8f30835407e8 */
 0)   0.161 us    |                _raw_spin_lock(); /* ret=0x0 */
 0)   0.160 us    |                flush_tlb_batched_pending(); /* ret=0x0 */
 0)               |                flush_tlb_mm_range() {
 0)               |                  flush_tlb_func() {
 0)   0.160 us    |                    mm_needs_global_asid(); /* ret=0x0 */
 0)   0.200 us    |                    native_flush_tlb_one_user(); /* ret=0x0 */
 0)   0.952 us    |                  } /* flush_tlb_func ret=0x0 */
 0)   1.383 us    |                } /* flush_tlb_mm_range ret=0x0 */
 0)   0.161 us    |                _raw_spin_unlock(); /* ret=0x1 */
 0)   0.160 us    |                __rcu_read_unlock(); /* ret=0x1 */
 0)   0.161 us    |                _raw_spin_unlock(); /* ret=0x1 */
 0)   0.160 us    |                __rcu_read_unlock(); /* ret=0x0 */
 0) + 19.697 us   |              } /* move_page_tables ret=0x1000 */
 0)   0.160 us    |              tlb_gather_mmu(); /* ret=0x7ffffffff000 */
 0)               |              free_pgd_range() {
 0)               |                ___pte_free_tlb() {
 0)               |                  tlb_remove_table() {
 0)               |                    get_free_pages_noprof() {
 0)               |                      alloc_pages_noprof() {
 0)               |                        alloc_pages_mpol() {
 0)   0.161 us    |                          policy_nodemask(); /* ret=0x0 */
 0)               |                          __alloc_frozen_pages_noprof() {
 0)               |                            get_page_from_freelist() {
 0)   0.150 us    |                              _raw_spin_trylock(); /* ret=0x1 */
 0)   0.160 us    |                              _raw_spin_unlock(); /* ret=0x1 */
 0)   0.381 us    |                              kernel_init_pages(); /* ret=0x0 */
 0)   1.503 us    |                            } /* get_page_from_freelist ret=0xfffff2a1000b93c0 */
 0)   1.843 us    |                          } /* __alloc_frozen_pages_noprof ret=0xfffff2a1000b93c0 */
 0)   2.525 us    |                        } /* alloc_pages_mpol ret=0xfffff2a1000b93c0 */
 0)   2.855 us    |                      } /* alloc_pages_noprof ret=0xfffff2a1000b93c0 */
 0)   3.195 us    |                    } /* get_free_pages_noprof ret=0xffff8f3082e4f000 */
 0)   3.567 us    |                  } /* tlb_remove_table ret=0xffff8f3082e4f000 */
 0)   3.887 us    |                } /* ___pte_free_tlb ret=0xffff8f3082e4f000 */
 0)               |                ___pmd_free_tlb() {
 0)   0.160 us    |                  tlb_remove_table(); /* ret=0xffff8f3082e4f000 */
 0)   0.501 us    |                } /* ___pmd_free_tlb ret=0xffff8f3082e4f000 */
 0)   5.110 us    |              } /* free_pgd_range ret=0xffffff8000000000 */
 0)               |              tlb_finish_mmu() {
 0)               |                flush_tlb_mm_range() {
 0)               |                  flush_tlb_func() {
 0)   0.160 us    |                    mm_needs_global_asid(); /* ret=0x0 */
 0)   0.230 us    |                    native_flush_tlb_local(); /* ret=0x5362000 */
 0)   0.932 us    |                  } /* flush_tlb_func ret=0x0 */
 0)   1.292 us    |                } /* flush_tlb_mm_range ret=0x0 */
 0)               |                call_rcu() {
 0)               |                  __call_rcu_common() {
 0)   0.160 us    |                    rcu_async_should_hurry(); /* ret=0x0 */
 0)   0.180 us    |                    rcu_segcblist_enqueue(); /* ret=0xffff8f30840ba000 */
 0)   0.931 us    |                  } /* __call_rcu_common ret=0x0 */
 0)   1.283 us    |                } /* call_rcu ret=0x0 */
 0)   3.186 us    |              } /* tlb_finish_mmu ret=0xffff8f3083479500 */
 0)               |              vma_shrink() {
 0)   0.271 us    |                kmem_cache_alloc_noprof(); /* ret=0xffff8f30834e8100 */
 0)   0.160 us    |                init_multi_vma_prep(); /* ret=0x0 */
 0)               |                vma_prepare() {
 0)   0.161 us    |                  down_write(); /* ret=0xffff8f308369c400 */
 0)   0.190 us    |                  anon_vma_interval_tree_remove(); /* ret=0x0 */
 0)   0.893 us    |                } /* vma_prepare ret=0x0 */
 0)   0.160 us    |                vma_adjust_trans_huge(); /* ret=0x7ffdb4e00000 */
 0)               |                kvfree_call_rcu() {
 0)   0.160 us    |                  is_vmalloc_addr(); /* ret=0x0 */
 0)   0.161 us    |                  __kfree_rcu_sheaf(); /* ret=0x1 */
 0)   0.831 us    |                } /* kvfree_call_rcu ret=0x1 */
 0)               |                vma_complete() {
 0)   0.171 us    |                  anon_vma_interval_tree_insert(); /* ret=0xffff8f30812a3860 */
 0)   0.150 us    |                  up_write(); /* ret=0x1 */
 0)   0.842 us    |                } /* vma_complete ret=0x0 */
 0)   4.880 us    |              } /* vma_shrink ret=0x0 */
 0) + 40.225 us   |            } /* relocate_vma_down ret=0x0 */
 0)               |            expand_stack_locked() {
 0)               |              expand_downwards() {
 0)   0.250 us    |                kmem_cache_alloc_noprof(); /* ret=0xffff8f30833e4c00 */
 0)   0.161 us    |                down_write(); /* ret=0xffff8f308369c400 */
 0)   0.160 us    |                may_expand_vm(); /* ret=0x1 */
 0)   0.150 us    |                mlock_future_ok(); /* ret=0x1 */
 0)               |                security_vm_enough_memory_mm() {
 0)   0.181 us    |                  static_key_count(); /* ret=0x1 */
 0)               |                  cap_vm_enough_memory() {
 0)   0.170 us    |                    cap_capable(); /* ret=0x0 */
 0)   0.510 us    |                  } /* cap_vm_enough_memory ret=0x0 */
 0)   0.150 us    |                  static_key_count(); /* ret=0x1 */
 0)   0.161 us    |                  bpf_lsm_vm_enough_memory(); /* ret=0x0 */
 0)   0.151 us    |                  static_key_count(); /* ret=0x0 */
 0)   0.150 us    |                  static_key_count(); /* ret=0x0 */
 0)   0.149 us    |                  static_key_count(); /* ret=0x0 */
 0)   0.151 us    |                  static_key_count(); /* ret=0x0 */
 0)   0.150 us    |                  static_key_count(); /* ret=0x0 */
 0)   0.151 us    |                  static_key_count(); /* ret=0x0 */
 0)   0.150 us    |                  static_key_count(); /* ret=0x0 */
 0)   0.151 us    |                  static_key_count(); /* ret=0x0 */
 0)   0.150 us    |                  static_key_count(); /* ret=0x0 */
 0)   0.151 us    |                  static_key_count(); /* ret=0x0 */
 0)   0.191 us    |                  __vm_enough_memory(); /* ret=0x0 */
 0)   5.741 us    |                } /* security_vm_enough_memory_mm ret=0x0 */
 0)   0.160 us    |                vm_stat_account(); /* ret=0x2000000100 */
 0)   0.170 us    |                anon_vma_interval_tree_remove(); /* ret=0x0 */
 0)               |                kvfree_call_rcu() {
 0)   0.161 us    |                  is_vmalloc_addr(); /* ret=0x0 */
 0)   0.150 us    |                  __kfree_rcu_sheaf(); /* ret=0x1 */
 0)   0.901 us    |                } /* kvfree_call_rcu ret=0x1 */
 0)   0.160 us    |                anon_vma_interval_tree_insert(); /* ret=0xffff8f30812a3860 */
 0)   0.161 us    |                perf_event_mmap(); /* ret=0x0 */
 0)   0.160 us    |                up_write(); /* ret=0x1 */
 0) + 10.690 us   |              } /* expand_downwards ret=0x0 */
 0) + 11.041 us   |            } /* expand_stack_locked ret=0x0 */
 0)   0.161 us    |            up_write(); /* ret=0x1 */
 0) + 65.743 us   |          } /* setup_arg_pages ret=0x0 */
 0)               |          elf_load() {
 0)               |            vm_mmap() {
 0)               |              vm_mmap_pgoff() {
 0)               |                security_mmap_file() {
 0)   0.160 us    |                  bpf_lsm_mmap_file(); /* ret=0x0 */
 0)   0.551 us    |                } /* security_mmap_file ret=0x0 */
 0)   0.161 us    |                down_write_killable(); /* ret=0x0 */
 0)               |                do_mmap() {
 0)               |                  __get_unmapped_area() {
 0)               |                    shmem_get_unmapped_area() {
 0)               |                      mm_get_unmapped_area() {
 0)               |                          irq_enter_rcu() {
 0)   0.260 us    |                            irqtime_account_irq(); /* ret=0x0 */
 0)   0.722 us    |                          } /* irq_enter_rcu ret=0x0 */
 0)               |                          __sysvec_apic_timer_interrupt() {
 0)               |                            hrtimer_interrupt() {
 0)   0.150 us    |                              _raw_spin_lock_irqsave(); /* ret=0x86 */
 0)   0.291 us    |                              ktime_get_update_offsets_now(); /* ret=0x1a9a30ed6 */
 0)               |                              __hrtimer_run_queues() {
 0)   0.261 us    |                                __remove_hrtimer(); /* ret=0x1ba4618f1 */
 0)   0.170 us    |                                _raw_spin_unlock_irqrestore(); /* ret=0x1 */
 0)               |                                tick_nohz_handler() {
 0)   0.200 us    |                                  ktime_get(); /* ret=0x1a9a31538 */
 0)               |                                  tick_do_update_jiffies64() {
 0)   0.150 us    |                                    _raw_spin_lock(); /* ret=0x0 */
 0)   0.190 us    |                                    calc_global_load(); /* ret=0xfffb87bb */
 0)   0.160 us    |                                    _raw_spin_unlock(); /* ret=0x1 */
 0)               |                                    update_wall_time() {
 0)   0.160 us    |                                      _raw_spin_lock_irqsave(); /* ret=0x86 */
 0)               |                                      __timekeeping_advance() {
 0)   0.171 us    |                                        ntp_tick_length(); /* ret=0xf424000000000 */
 0)   0.151 us    |                                        ntp_tick_length(); /* ret=0xf424000000000 */
 0)               |                                        timekeeping_update_from_shadow() {
 0)   0.161 us    |                                          ntp_get_next_leap(); /* ret=0x7fffffffffffffff */
 0)   0.230 us    |                                          update_vsyscall(); /* ret=0xd5256e0000000 */
 0)               |                                          raw_notifier_call_chain() {
 0)   0.181 us    |                                            notifier_call_chain(); /* ret=0x0 */
 0)   0.521 us    |                                          } /* raw_notifier_call_chain ret=0x0 */
 0)   0.170 us    |                                          update_fast_timekeeper(); /* ret=0x18dbf6bfb245a800 */
 0)   0.160 us    |                                          update_fast_timekeeper(); /* ret=0x0 */
 0)   2.404 us    |                                        } /* timekeeping_update_from_shadow ret=0xffffffffb0581788 */
 0)   3.557 us    |                                      } /* __timekeeping_advance ret=0x0 */
 0)   0.170 us    |                                      _raw_spin_unlock_irqrestore(); /* ret=0x1 */
 0)   4.608 us    |                                    } /* update_wall_time ret=0x1 */
 0)   6.031 us    |                                  } /* tick_do_update_jiffies64 ret=0x1 */
 0)               |                                  update_process_times() {
 0)               |                                    account_process_tick() {
 0)               |                                      irqtime_account_process_tick() {
 0)   0.160 us    |                                        kvm_steal_clock(); /* ret=0x422060 */
 0)               |                                        account_system_index_time() {
 0)   0.200 us    |                                          cpuacct_account_field(); /* ret=0xffffffffaf85c940 */
 0)   0.160 us    |                                          acct_account_cputime(); /* ret=0x0 */
 0)   0.951 us    |                                        } /* account_system_index_time ret=0x0 */
 0)   1.674 us    |                                      } /* irqtime_account_process_tick ret=0x0 */
 0)   2.004 us    |                                    } /* account_process_tick ret=0x0 */
 0)   0.160 us    |                                    hrtimer_run_queues(); /* ret=0xffff8f310e750000 */
 0)               |                                    tmigr_requires_handle_remote() {
 0)   0.160 us    |                                      get_jiffies_update(); /* ret=0x1a9a30340 */
 0)   0.561 us    |                                    } /* tmigr_requires_handle_remote ret=0x0 */
 0)               |                                    rcu_sched_clock_irq() {
 0)   0.150 us    |                                      rcu_segcblist_ready_cbs(); /* ret=0x0 */
 0)   0.610 us    |                                    } /* rcu_sched_clock_irq ret=0x0 */
 0)               |                                    sched_tick() {
 0)   0.161 us    |                                      arch_scale_freq_tick(); /* ret=0x0 */
 0)               |                                      raw_spin_rq_lock_nested() {
 0)   0.160 us    |                                        _raw_spin_lock(); /* ret=0x0 */
 0)   0.491 us    |                                      } /* raw_spin_rq_lock_nested ret=0x0 */
 0)               |                                      psi_account_irqtime() {
 0)   0.180 us    |                                        record_times(); /* ret=0x180 */
 0)   0.661 us    |                                      } /* psi_account_irqtime ret=0xffff8f30bec1d180 */
 0)               |                                      update_rq_clock() {
 0)   0.161 us    |                                        kvm_steal_clock(); /* ret=0x422060 */
 0)               |                                        update_irq_load_avg() {
 0)   0.161 us    |                                          arch_scale_cpu_capacity(); /* ret=0x400 */
 0)   0.531 us    |                                        } /* update_irq_load_avg ret=0x1 */
 0)   0.160 us    |                                        arch_scale_cpu_capacity(); /* ret=0x400 */
 0)   1.623 us    |                                      } /* update_rq_clock ret=0xffffffffb04cc240 */
 0)               |                                      task_tick_fair() {
 0)               |                                        update_curr() {
 0)               |                                          update_se() {
 0)   0.150 us    |                                            cpuacct_charge(); /* ret=0xffff8f30bec1d280 */
 0)   0.521 us    |                                          } /* update_se ret=0xf3888 */
 0)               |                                          dl_server_update() {
 0)   0.190 us    |                                            update_curr_dl_se(); /* ret=0xffff8f30bec33bc8 */
 0)   0.551 us    |                                          } /* dl_server_update ret=0xffff8f30bec33bc8 */
 0)   1.673 us    |                                        } /* update_curr ret=0x0 */
 0)   0.180 us    |                                        __update_load_avg_se(); /* ret=0x1 */
 0)   0.180 us    |                                        __update_load_avg_cfs_rq(); /* ret=0x1 */
 0)   0.161 us    |                                        update_cfs_group(); /* ret=0xffff8f30bec32f40 */
 0)   3.296 us    |                                      } /* task_tick_fair ret=0x0 */
 0)   0.171 us    |                                      calc_global_load_tick(); /* ret=0x0 */
 0)   0.150 us    |                                      scx_tick(); /* ret=0x0 */
 0)   0.160 us    |                                      _raw_spin_unlock(); /* ret=0x1 */
 0)               |                                      perf_event_task_tick() {
 0)   0.170 us    |                                        perf_adjust_freq_unthr_context(); /* ret=0xffff8f30bec2cbe0 */
 0)   0.160 us    |                                        __rcu_read_lock(); /* ret=0xffff8f308369c400 */
 0)   0.151 us    |                                        __rcu_read_unlock(); /* ret=0x0 */
 0)   1.202 us    |                                      } /* perf_event_task_tick ret=0x0 */
 0)   0.160 us    |                                      idle_cpu(); /* ret=0x0 */
 0)               |                                      sched_balance_trigger() {
 0)   0.160 us    |                                        nohz_balance_exit_idle(); /* ret=0xffff8f30bec32f40 */
 0)   0.160 us    |                                        housekeeping_cpumask(); /* ret=0xffffffffaefcc5e0 */
 0)   0.190 us    |                                        idle_cpu(); /* ret=0x1 */
 0)               |                                        smp_call_function_single_async() {
 0)               |                                          generic_exec_single() {
 0)               |                                            __smp_call_single_queue() {
 0)   0.201 us    |                                              call_function_single_prep_ipi(); /* ret=0x1 */
 0)               |                                              native_send_call_func_single_ipi() {
 0)   1.833 us    |                                                x2apic_send_IPI(); /* ret=0xfb */
 0)   2.195 us    |                                              } /* native_send_call_func_single_ipi ret=0xfb */
 0)   3.026 us    |                                            } /* __smp_call_single_queue ret=0xfb */
 0)   3.377 us    |                                          } /* generic_exec_single ret=0x0 */
 0)   3.718 us    |                                        } /* smp_call_function_single_async ret=0x0 */
 0)   5.270 us    |                                      } /* sched_balance_trigger ret=0x0 */
 0) + 15.900 us   |                                    } /* sched_tick ret=0x0 */
 0)   0.189 us    |                                    run_posix_cpu_timers(); /* ret=0x0 */
 0) + 20.849 us   |                                  } /* update_process_times ret=0x0 */
 0)               |                                  profile_tick() {
 0)   0.150 us    |                                    profile_pc(); /* ret=0xffffffffae5656d8 */
 0)   0.541 us    |                                  } /* profile_tick ret=0xffffffffae5656d8 */
 0)   0.161 us    |                                  hrtimer_forward(); /* ret=0x1 */
 0) + 29.104 us   |                                } /* tick_nohz_handler ret=0x1 */
 0)   0.160 us    |                                _raw_spin_lock_irq(); /* ret=0x0 */
 0)   0.251 us    |                                enqueue_hrtimer(); /* ret=0x1 */
 0) + 31.098 us   |                              } /* __hrtimer_run_queues ret=0xffffffff */
 0)   0.210 us    |                              ktime_get_update_offsets_now(); /* ret=0x1a9a38ad2 */
 0)               |                              hrtimer_update_next_event() {
 0)   0.160 us    |                                hrtimer_bases_first(); /* ret=0xfffffffe */
 0)   0.511 us    |                              } /* hrtimer_update_next_event ret=0x1a9b24580 */
 0)   0.160 us    |                              _raw_spin_unlock_irqrestore(); /* ret=0x1 */
 0) + 33.773 us   |                            } /* hrtimer_interrupt ret=0x1 */
 0) + 34.195 us   |                          } /* __sysvec_apic_timer_interrupt ret=0x1 */
 0)               |                          irq_exit_rcu() {
 0)   0.190 us    |                            irqtime_account_irq(); /* ret=0xffff8f310e750000 */
 0)   0.181 us    |                            sched_core_idle_cpu(); /* ret=0x0 */
 0)   0.941 us    |                          } /* irq_exit_rcu ret=0x0 */
 0)   0.171 us    |                          raw_irqentry_exit_cond_resched(); /* ret=0x0 */
 0)               |                          __hrtimer_rearm_deferred() {
 0)   0.150 us    |                            _raw_spin_lock(); /* ret=0x0 */
 0)               |                            tick_program_event() {
 0)               |                              clockevents_program_event() {
 0)   0.151 us    |                                ktime_expiry_to_cycles(); /* ret=0x0 */
 0)   0.200 us    |                                ktime_get(); /* ret=0x1a9a39caa */
 0)   1.282 us    |                                lapic_next_deadline(); /* ret=0x0 */
 0)   2.415 us    |                              } /* clockevents_program_event ret=0x0 */
 0)   2.776 us    |                            } /* tick_program_event ret=0x0 */
 0)   0.171 us    |                            _raw_spin_unlock(); /* ret=0x1 */
 0)   3.828 us    |                          } /* __hrtimer_rearm_deferred ret=0x1 */
 0)               |                        arch_get_unmapped_area_topdown() {
 0)   0.160 us    |                          get_mmap_base(); /* ret=0x7f868ef96000 */
 0)   0.171 us    |                          get_align_mask(); /* ret=0x0 */
 0)   0.160 us    |                          get_align_mask(); /* ret=0x0 */
 0)               |                          vm_unmapped_area() {
 0)   0.350 us    |                            unmapped_area_topdown(); /* ret=0x7f868ee96000 */
 0)   0.712 us    |                          } /* vm_unmapped_area ret=0x7f868ee96000 */
 0)   2.175 us    |                        } /* arch_get_unmapped_area_topdown ret=0x7f868ee96000 */
 0) + 48.772 us   |                      } /* mm_get_unmapped_area ret=0x7f868ee96000 */
 0) + 49.242 us   |                    } /* shmem_get_unmapped_area ret=0x7f868ee96000 */
 0)               |                    security_mmap_addr() {
 0)   0.170 us    |                      cap_mmap_addr(); /* ret=0x0 */
 0)   0.161 us    |                      bpf_lsm_mmap_addr(); /* ret=0x0 */
 0)   1.002 us    |                    } /* security_mmap_addr ret=0x0 */
 0) + 50.815 us   |                  } /* __get_unmapped_area ret=0x7f868ee96000 */
 0)   0.200 us    |                  path_noexec(); /* ret=0x0 */
 0)               |                  memfd_check_seals_mmap() {
 0)   0.160 us    |                    shmem_mapping(); /* ret=0xffffffffad68f501 */
 0)   0.551 us    |                  } /* memfd_check_seals_mmap ret=0x0 */
 0)               |                  mmap_region() {
 0)               |                    __mmap_region() {
 0)   0.171 us    |                      may_expand_vm(); /* ret=0x1 */
 0)               |                      shmem_mmap_prepare() {
 0)               |                        touch_atime() {
 0)               |                          atime_needs_update() {
 0)   0.160 us    |                            make_vfsuid(); /* ret=0x3e8 */
 0)   0.171 us    |                            make_vfsgid(); /* ret=0x3d8 */
 0)               |                            current_time() {
 0)   0.161 us    |                              ktime_get_coarse_real_ts64_mg(); /* ret=0x18dbf6bfccea55c0 */
 0)   0.521 us    |                            } /* current_time ret=0x6ac50444 */
 0)   1.643 us    |                          } /* atime_needs_update ret=0xa850001 */
 0)   0.191 us    |                          mnt_get_write_access(); /* ret=0x0 */
 0)               |                          current_time() {
 0)   0.151 us    |                            ktime_get_coarse_real_ts64_mg(); /* ret=0x18dbf6bfccea55c0 */
 0)   0.501 us    |                          } /* current_time ret=0x6ac50444 */
 0)   0.210 us    |                          __mark_inode_dirty(); /* ret=0x10 */
 0)   0.151 us    |                          mnt_put_write_access(); /* ret=0xffffffffb04e9330 */
 0)   3.877 us    |                        } /* touch_atime ret=0xffffffffb04e9320 */
 0)   4.258 us    |                      } /* shmem_mmap_prepare ret=0x0 */
 0)   0.160 us    |                      mmap_action_prepare(); /* ret=0x0 */
 0)   0.161 us    |                      ksm_vma_flags(); /* ret=0x71 */
 0)               |                      vma_merge_new_range() {
 0)   0.160 us    |                        can_vma_merge_left(); /* ret=0x0 */
 0)   0.161 us    |                        can_vma_merge_right(); /* ret=0x0 */
 0)   0.891 us    |                      } /* vma_merge_new_range ret=0x0 */
 0)               |                      vm_area_alloc() {
 0)   0.200 us    |                        kmem_cache_alloc_noprof(); /* ret=0xffff8f3082e44600 */
 0)   0.561 us    |                      } /* vm_area_alloc ret=0xffff8f3082e44600 */
 0)   0.270 us    |                      kmem_cache_alloc_noprof(); /* ret=0xffff8f30839ef200 */
 0)               |                      __vma_start_write() {
 0)   0.170 us    |                        __vma_start_exclude_readers(); /* ret=0x0 */
 0)   0.501 us    |                      } /* __vma_start_write ret=0x0 */
 0)               |                      kvfree_call_rcu() {
 0)   0.160 us    |                        is_vmalloc_addr(); /* ret=0x0 */
 0)   0.161 us    |                        __kfree_rcu_sheaf(); /* ret=0x1 */
 0)   0.922 us    |                      } /* kvfree_call_rcu ret=0x1 */
 0)   0.151 us    |                      down_write(); /* ret=0xffff8f308369c400 */
 0)   0.352 us    |                      vma_interval_tree_insert(); /* ret=0xffff8f3082e44688 */
 0)   0.161 us    |                      up_write(); /* ret=0x1 */
 0)               |                      khugepaged_enter_vma() {
 0)   0.161 us    |                        hugepage_pmd_enabled(); /* ret=0x1 */
 0)               |                        __thp_vma_allowable_orders() {
 0)   0.170 us    |                          vma_is_special_huge(); /* ret=0x10000400 */
 0)   0.601 us    |                        } /* __thp_vma_allowable_orders ret=0x0 */
 0)   1.353 us    |                      } /* khugepaged_enter_vma ret=0x0 */
 0)   0.160 us    |                      perf_event_mmap(); /* ret=0x0 */
 0)   0.160 us    |                      vms_complete_munmap_vmas(); /* ret=0x0 */
 0)   0.161 us    |                      vm_stat_account(); /* ret=0x2000000100 */
 0)   0.170 us    |                      uprobe_mmap(); /* ret=0x0 */
 0)               |                      vma_set_page_prot() {
 0)               |                        vma_wants_writenotify() {
 0)   0.160 us    |                          vma_is_shared_writable(); /* ret=0xfffffffff7ffff00 */
 0)   0.491 us    |                        } /* vma_wants_writenotify ret=0xf7ffff00 */
 0)   0.842 us    |                      } /* vma_set_page_prot ret=0xf7ffff00 */
 0)   0.180 us    |                      mmap_action_complete(); /* ret=0x0 */
 0) + 15.890 us   |                    } /* __mmap_region ret=0x7f868ee96000 */
 0) + 16.219 us   |                  } /* mmap_region ret=0x7f868ee96000 */
 0) + 68.839 us   |                } /* do_mmap ret=0x7f868ee96000 */
 0)   0.151 us    |                up_write(); /* ret=0x1 */
 0)   0.171 us    |                userfaultfd_unmap_complete(); /* ret=0x0 */
 0) + 71.053 us   |              } /* vm_mmap_pgoff ret=0x7f868ee96000 */
 0) + 71.714 us   |            } /* vm_mmap ret=0x7f868ee96000 */
 0)               |            vm_munmap() {
 0)               |              __vm_munmap() {
 0)   0.160 us    |                down_write_killable(); /* ret=0x0 */
 0)               |                do_vmi_munmap() {
 0)               |                  do_vmi_align_munmap() {
 0)               |                    vms_gather_munmap_vmas() {
 0)               |                      __split_vma() {
 0)               |                        vm_area_dup() {
 0)   0.171 us    |                          kmem_cache_alloc_noprof(); /* ret=0xffff8f3083222d80 */
 0)   0.161 us    |                          anon_vma_name(); /* ret=0x0 */
 0)   0.872 us    |                        } /* vm_area_dup ret=0xffff8f3083222d80 */
 0)   0.181 us    |                        kmem_cache_alloc_noprof(); /* ret=0xffff8f30839ef700 */
 0)   0.160 us    |                        vma_dup_policy(); /* ret=0x0 */
 0)   0.160 us    |                        anon_vma_clone(); /* ret=0x0 */
 0)               |                        __vma_start_write() {
 0)               |                          __vma_start_exclude_readers() {
 0)   0.161 us    |                            finish_rcuwait(); /* ret=0xffff8f308369c400 */
 0)   0.511 us    |                          } /* __vma_start_exclude_readers ret=0x0 */
 0)   0.841 us    |                        } /* __vma_start_write ret=0x0 */
 0)               |                        __vma_start_write() {
 0)   0.160 us    |                          __vma_start_exclude_readers(); /* ret=0x0 */
 0)   0.490 us    |                        } /* __vma_start_write ret=0x0 */
 0)   0.160 us    |                        init_multi_vma_prep(); /* ret=0xffff8f3081b607b0 */
 0)               |                        vma_prepare() {
 0)   0.160 us    |                          uprobe_munmap(); /* ret=0xffff8f3081b607b0 */
 0)   0.161 us    |                          down_write(); /* ret=0xffff8f308369c400 */
 0)               |                          vma_interval_tree_insert() {
 0)   0.171 us    |                            vma_interval_tree_augment_rotate(); /* ret=0x0 */
 0)   0.571 us    |                          } /* vma_interval_tree_insert ret=0x0 */
 0)   0.310 us    |                          vma_interval_tree_remove(); /* ret=0x1 */
 0)   2.124 us    |                        } /* vma_prepare ret=0x0 */
 0)   0.160 us    |                        vma_adjust_trans_huge(); /* ret=0x7f868ee00000 */
 0)               |                        vma_complete() {
 0)   0.180 us    |                          vma_interval_tree_insert(); /* ret=0xffff8f3082e44688 */
 0)               |                          kvfree_call_rcu() {
 0)   0.160 us    |                            is_vmalloc_addr(); /* ret=0x0 */
 0)   0.161 us    |                            __kfree_rcu_sheaf(); /* ret=0x1 */
 0)   0.832 us    |                          } /* kvfree_call_rcu ret=0x1 */
 0)   0.150 us    |                          up_write(); /* ret=0x1 */
 0)   0.160 us    |                          uprobe_mmap(); /* ret=0x0 */
 0)   0.150 us    |                          uprobe_mmap(); /* ret=0x0 */
 0)   2.676 us    |                        } /* vma_complete ret=0x0 */
 0) + 10.159 us   |                      } /* __split_vma ret=0x0 */
 0)   0.160 us    |                      userfaultfd_unmap_prep(); /* ret=0x0 */
 0) + 11.221 us   |                    } /* vms_gather_munmap_vmas ret=0x0 */
 0)   0.350 us    |                    kmem_cache_alloc_noprof(); /* ret=0xffff8f3081a8c000 */
 0)               |                    kvfree_call_rcu() {
 0)   0.150 us    |                      is_vmalloc_addr(); /* ret=0x0 */
 0)   0.160 us    |                      __kfree_rcu_sheaf(); /* ret=0x1 */
 0)   0.831 us    |                    } /* kvfree_call_rcu ret=0x1 */
 0)               |                    vms_complete_munmap_vmas() {
 0)               |                      unmap_region() {
 0)   0.150 us    |                        tlb_gather_mmu(); /* ret=0x7ffffffff000 */
 0)               |                        unmap_vmas() {
 0)               |                          __zap_vma_range() {
 0)   0.161 us    |                            uprobe_munmap(); /* ret=0xffffd26ac04ff878 */
 0)   0.621 us    |                          } /* __zap_vma_range ret=0x0 */
 0)   1.002 us    |                        } /* unmap_vmas ret=0x0 */
 0)               |                        free_pgtables() {
 0)   0.161 us    |                          unlink_anon_vmas(); /* ret=0xffff8f3083479500 */
 0)   0.160 us    |                          unlink_file_vma_batch_init(); /* ret=0xffff8f3083479500 */
 0)   0.160 us    |                          unlink_file_vma_batch_add(); /* ret=0x1 */
 0)               |                          unlink_file_vma_batch_final() {
 0)               |                            unlink_file_vma_batch_process() {
 0)   0.160 us    |                              down_write(); /* ret=0xffff8f308369c400 */
 0)   0.211 us    |                              vma_interval_tree_remove(); /* ret=0x1 */
 0)   0.150 us    |                              up_write(); /* ret=0x1 */
 0)   1.222 us    |                            } /* unlink_file_vma_batch_process ret=0x0 */
 0)   1.553 us    |                          } /* unlink_file_vma_batch_final ret=0x0 */
 0)   0.251 us    |                          free_pgd_range(); /* ret=0x7f868ed95fff */
 0)   3.417 us    |                        } /* free_pgtables ret=0x0 */
 0)   0.180 us    |                        tlb_finish_mmu(); /* ret=0xffff8f3083479500 */
 0)   5.670 us    |                      } /* unmap_region ret=0x0 */
 0)               |                      remove_vma() {
 0)   0.160 us    |                        fput(); /* ret=0x0 */
 0)               |                        vm_area_free() {
 0)   0.160 us    |                          kfree(); /* ret=0x0 */
 0)   0.170 us    |                          kmem_cache_free(); /* ret=0x0 */
 0)   0.832 us    |                        } /* vm_area_free ret=0x0 */
 0)   1.523 us    |                      } /* remove_vma ret=0x0 */
 0)   7.825 us    |                    } /* vms_complete_munmap_vmas ret=0xffffd26ac04ff9e8 */
 0) + 21.380 us   |                  } /* do_vmi_align_munmap ret=0x0 */
 0) + 21.781 us   |                } /* do_vmi_munmap ret=0x0 */
 0)   0.150 us    |                up_write(); /* ret=0x1 */
 0)   0.160 us    |                userfaultfd_unmap_complete(); /* ret=0x0 */
 0) + 23.163 us   |              } /* __vm_munmap ret=0x0 */
 0) + 23.604 us   |            } /* vm_munmap ret=0x0 */
 0) + 95.899 us   |          } /* elf_load ret=0x7f868ee96000 */
 0)               |          elf_load() {
 0)               |            vm_mmap() {
 0)               |              vm_mmap_pgoff() {
 0)               |                security_mmap_file() {
 0)   0.151 us    |                  bpf_lsm_mmap_file(); /* ret=0x0 */
 0)   0.491 us    |                } /* security_mmap_file ret=0x0 */
 0)   0.151 us    |                down_write_killable(); /* ret=0x0 */
 0)               |                do_mmap() {
 0)               |                  __get_unmapped_area() {
 0)               |                    shmem_get_unmapped_area() {
 0)               |                      mm_get_unmapped_area() {
 0)   0.169 us    |                        arch_get_unmapped_area_topdown(); /* ret=0x7f868ee97000 */
 0)   0.501 us    |                      } /* mm_get_unmapped_area ret=0x7f868ee97000 */
 0)   0.862 us    |                    } /* shmem_get_unmapped_area ret=0x7f868ee97000 */
 0)               |                    security_mmap_addr() {
 0)   0.160 us    |                      cap_mmap_addr(); /* ret=0x0 */
 0)   0.151 us    |                      bpf_lsm_mmap_addr(); /* ret=0x0 */
 0)   0.842 us    |                    } /* security_mmap_addr ret=0x0 */
 0)   2.224 us    |                  } /* __get_unmapped_area ret=0x7f868ee97000 */
 0)   0.150 us    |                  path_noexec(); /* ret=0x0 */
 0)               |                  memfd_check_seals_mmap() {
 0)   0.160 us    |                    shmem_mapping(); /* ret=0xffffffffad68f501 */
 0)   0.501 us    |                  } /* memfd_check_seals_mmap ret=0x0 */
 0)               |                  mmap_region() {
 0)               |                    __mmap_region() {
 0)   0.170 us    |                      may_expand_vm(); /* ret=0x1 */
 0)               |                      shmem_mmap_prepare() {
 0)               |                        touch_atime() {
 0)               |                          atime_needs_update() {
 0)   0.161 us    |                            make_vfsuid(); /* ret=0x3e8 */
 0)   0.160 us    |                            make_vfsgid(); /* ret=0x3d8 */
 0)               |                            current_time() {
 0)   0.151 us    |                              ktime_get_coarse_real_ts64_mg(); /* ret=0x18dbf6bfccea55c0 */
 0)   0.491 us    |                            } /* current_time ret=0x6ac50444 */
 0)   1.523 us    |                          } /* atime_needs_update ret=0xa840400 */
 0)   1.853 us    |                        } /* touch_atime ret=0xa840400 */
 0)   2.204 us    |                      } /* shmem_mmap_prepare ret=0x0 */
 0)   0.150 us    |                      mmap_action_prepare(); /* ret=0x0 */
 0)   0.150 us    |                      ksm_vma_flags(); /* ret=0x75 */
 0)               |                      vma_merge_new_range() {
 0)   0.181 us    |                        can_vma_merge_left(); /* ret=0x0 */
 0)   0.151 us    |                        can_vma_merge_right(); /* ret=0x0 */
 0)   0.892 us    |                      } /* vma_merge_new_range ret=0x0 */
 0)               |                      vm_area_alloc() {
 0)   0.180 us    |                        kmem_cache_alloc_noprof(); /* ret=0xffff8f3082e44600 */
 0)   0.511 us    |                      } /* vm_area_alloc ret=0xffff8f3082e44600 */
 0)   0.180 us    |                      kmem_cache_alloc_noprof(); /* ret=0xffff8f30839efd00 */
 0)               |                      __vma_start_write() {
 0)   0.160 us    |                        __vma_start_exclude_readers(); /* ret=0x0 */
 0)   0.490 us    |                      } /* __vma_start_write ret=0x0 */
 0)               |                      kvfree_call_rcu() {
 0)   0.160 us    |                        is_vmalloc_addr(); /* ret=0x0 */
 0)   0.160 us    |                        __kfree_rcu_sheaf(); /* ret=0x1 */
 0)   0.912 us    |                      } /* kvfree_call_rcu ret=0x1 */
 0)   0.151 us    |                      down_write(); /* ret=0xffff8f308369c400 */
 0)   0.170 us    |                      vma_interval_tree_insert(); /* ret=0xffff8f3082e44688 */
 0)   0.161 us    |                      up_write(); /* ret=0x1 */
 0)               |                      khugepaged_enter_vma() {
 0)   0.161 us    |                        hugepage_pmd_enabled(); /* ret=0x1 */
 0)               |                        __thp_vma_allowable_orders() {
 0)   0.160 us    |                          vma_is_special_huge(); /* ret=0x10000400 */
 0)   0.531 us    |                        } /* __thp_vma_allowable_orders ret=0x0 */
 0)   1.213 us    |                      } /* khugepaged_enter_vma ret=0x0 */
 0)   0.160 us    |                      perf_event_mmap(); /* ret=0x0 */
 0)   0.160 us    |                      vms_complete_munmap_vmas(); /* ret=0x0 */
 0)   0.161 us    |                      vm_stat_account(); /* ret=0x4 */
 0)   0.150 us    |                      uprobe_mmap(); /* ret=0x0 */
 0)               |                      vma_set_page_prot() {
 0)               |                        vma_wants_writenotify() {
 0)   0.150 us    |                          vma_is_shared_writable(); /* ret=0xfffffffff7ffff00 */
 0)   0.481 us    |                        } /* vma_wants_writenotify ret=0xf7ffff00 */
 0)   0.831 us    |                      } /* vma_set_page_prot ret=0xf7ffff00 */
 0)   0.160 us    |                      mmap_action_complete(); /* ret=0x0 */
 0) + 13.215 us   |                    } /* __mmap_region ret=0x7f868ee97000 */
 0) + 13.556 us   |                  } /* mmap_region ret=0x7f868ee97000 */
 0) + 17.342 us   |                } /* do_mmap ret=0x7f868ee97000 */
 0)   0.160 us    |                up_write(); /* ret=0x1 */
 0)   0.171 us    |                userfaultfd_unmap_complete(); /* ret=0x0 */
 0) + 19.387 us   |              } /* vm_mmap_pgoff ret=0x7f868ee97000 */
 0) + 19.717 us   |            } /* vm_mmap ret=0x7f868ee97000 */
 0) + 20.078 us   |          } /* elf_load ret=0x7f868ee97000 */
 0)               |          elf_load() {
 0)               |            vm_mmap() {
 0)               |              vm_mmap_pgoff() {
 0)               |                security_mmap_file() {
 0)   0.161 us    |                  bpf_lsm_mmap_file(); /* ret=0x0 */
 0)   0.521 us    |                } /* security_mmap_file ret=0x0 */
 0)   0.160 us    |                down_write_killable(); /* ret=0x0 */
 0)               |                do_mmap() {
 0)               |                  __get_unmapped_area() {
 0)               |                    shmem_get_unmapped_area() {
 0)               |                      mm_get_unmapped_area() {
 0)   0.169 us    |                        arch_get_unmapped_area_topdown(); /* ret=0x7f868ef61000 */
 0)   0.501 us    |                      } /* mm_get_unmapped_area ret=0x7f868ef61000 */
 0)   0.841 us    |                    } /* shmem_get_unmapped_area ret=0x7f868ef61000 */
 0)               |                    security_mmap_addr() {
 0)   0.150 us    |                      cap_mmap_addr(); /* ret=0x0 */
 0)   0.160 us    |                      bpf_lsm_mmap_addr(); /* ret=0x0 */
 0)   0.841 us    |                    } /* security_mmap_addr ret=0x0 */
 0)   2.224 us    |                  } /* __get_unmapped_area ret=0x7f868ef61000 */
 0)   0.150 us    |                  path_noexec(); /* ret=0x0 */
 0)               |                  memfd_check_seals_mmap() {
 0)   0.160 us    |                    shmem_mapping(); /* ret=0xffffffffad68f501 */
 0)   0.501 us    |                  } /* memfd_check_seals_mmap ret=0x0 */
 0)               |                  mmap_region() {
 0)               |                    __mmap_region() {
 0)   0.160 us    |                      may_expand_vm(); /* ret=0x1 */
 0)               |                      shmem_mmap_prepare() {
 0)               |                        touch_atime() {
 0)               |                          atime_needs_update() {
 0)   0.171 us    |                            make_vfsuid(); /* ret=0x3e8 */
 0)   0.161 us    |                            make_vfsgid(); /* ret=0x3d8 */
 0)               |                            current_time() {
 0)   0.161 us    |                              ktime_get_coarse_real_ts64_mg(); /* ret=0x18dbf6bfccea55c0 */
 0)   0.510 us    |                            } /* current_time ret=0x6ac50444 */
 0)   1.543 us    |                          } /* atime_needs_update ret=0xa840400 */
 0)   1.894 us    |                        } /* touch_atime ret=0xa840400 */
 0)   2.235 us    |                      } /* shmem_mmap_prepare ret=0x0 */
 0)   0.161 us    |                      mmap_action_prepare(); /* ret=0x0 */
 0)   0.151 us    |                      ksm_vma_flags(); /* ret=0x71 */
 0)               |                      vma_merge_new_range() {
 0)   0.170 us    |                        can_vma_merge_left(); /* ret=0x0 */
 0)   0.160 us    |                        can_vma_merge_right(); /* ret=0x0 */
 0)   0.862 us    |                      } /* vma_merge_new_range ret=0x0 */
 0)               |                      vm_area_alloc() {
 0)   0.161 us    |                        kmem_cache_alloc_noprof(); /* ret=0xffff8f3083222000 */
 0)   0.501 us    |                      } /* vm_area_alloc ret=0xffff8f3083222000 */
 0)   0.180 us    |                      kmem_cache_alloc_noprof(); /* ret=0xffff8f308345c100 */
 0)               |                      __vma_start_write() {
 0)   0.160 us    |                        __vma_start_exclude_readers(); /* ret=0x0 */
 0)   0.501 us    |                      } /* __vma_start_write ret=0x0 */
 0)               |                      kvfree_call_rcu() {
 0)   0.160 us    |                        is_vmalloc_addr(); /* ret=0x0 */
 0)   0.160 us    |                        __kfree_rcu_sheaf(); /* ret=0x1 */
 0)   0.871 us    |                      } /* kvfree_call_rcu ret=0x1 */
 0)   0.150 us    |                      down_write(); /* ret=0xffff8f308369c400 */
 0)   0.201 us    |                      vma_interval_tree_insert(); /* ret=0xffff8f3083222088 */
 0)   0.151 us    |                      up_write(); /* ret=0x1 */
 0)               |                      khugepaged_enter_vma() {
 0)   0.160 us    |                        hugepage_pmd_enabled(); /* ret=0x1 */
 0)               |                        __thp_vma_allowable_orders() {
 0)   0.160 us    |                          vma_is_special_huge(); /* ret=0x10000400 */
 0)   0.501 us    |                        } /* __thp_vma_allowable_orders ret=0x0 */
 0)   1.182 us    |                      } /* khugepaged_enter_vma ret=0x0 */
 0)   0.160 us    |                      perf_event_mmap(); /* ret=0x0 */
 0)   0.161 us    |                      vms_complete_munmap_vmas(); /* ret=0x0 */
 0)   0.160 us    |                      vm_stat_account(); /* ret=0x2000000100 */
 0)   0.149 us    |                      uprobe_mmap(); /* ret=0x0 */
 0)               |                      vma_set_page_prot() {
 0)               |                        vma_wants_writenotify() {
 0)   0.161 us    |                          vma_is_shared_writable(); /* ret=0xfffffffff7ffff00 */
 0)   0.490 us    |                        } /* vma_wants_writenotify ret=0xf7ffff00 */
 0)   0.841 us    |                      } /* vma_set_page_prot ret=0xf7ffff00 */
 0)   0.160 us    |                      mmap_action_complete(); /* ret=0x0 */
 0) + 12.995 us   |                    } /* __mmap_region ret=0x7f868ef61000 */
 0) + 13.325 us   |                  } /* mmap_region ret=0x7f868ef61000 */
 0) + 17.112 us   |                } /* do_mmap ret=0x7f868ef61000 */
 0)   0.150 us    |                up_write(); /* ret=0x1 */
 0)   0.160 us    |                userfaultfd_unmap_complete(); /* ret=0x0 */
 0) + 19.165 us   |              } /* vm_mmap_pgoff ret=0x7f868ef61000 */
 0) + 19.487 us   |            } /* vm_mmap ret=0x7f868ef61000 */
 0) + 19.837 us   |          } /* elf_load ret=0x7f868ef61000 */
 0)               |          elf_load() {
 0)               |            vm_mmap() {
 0)               |              vm_mmap_pgoff() {
 0)               |                security_mmap_file() {
 0)   0.151 us    |                  bpf_lsm_mmap_file(); /* ret=0x0 */
 0)   0.501 us    |                } /* security_mmap_file ret=0x0 */
 0)   0.150 us    |                down_write_killable(); /* ret=0x0 */
 0)               |                do_mmap() {
 0)               |                  __get_unmapped_area() {
 0)               |                    shmem_get_unmapped_area() {
 0)               |                      mm_get_unmapped_area() {
 0)   0.160 us    |                        arch_get_unmapped_area_topdown(); /* ret=0x7f868ef90000 */
 0)   0.492 us    |                      } /* mm_get_unmapped_area ret=0x7f868ef90000 */
 0)   0.832 us    |                    } /* shmem_get_unmapped_area ret=0x7f868ef90000 */
 0)               |                    security_mmap_addr() {
 0)   0.149 us    |                      cap_mmap_addr(); /* ret=0x0 */
 0)   0.151 us    |                      bpf_lsm_mmap_addr(); /* ret=0x0 */
 0)   0.822 us    |                    } /* security_mmap_addr ret=0x0 */
 0)   2.174 us    |                  } /* __get_unmapped_area ret=0x7f868ef90000 */
 0)   0.149 us    |                  path_noexec(); /* ret=0x0 */
 0)               |                  memfd_check_seals_mmap() {
 0)   0.151 us    |                    shmem_mapping(); /* ret=0xffffffffad68f501 */
 0)   0.491 us    |                  } /* memfd_check_seals_mmap ret=0x0 */
 0)               |                  mmap_region() {
 0)               |                    __mmap_region() {
 0)   0.180 us    |                      may_expand_vm(); /* ret=0x1 */
 0)               |                      security_vm_enough_memory_mm() {
 0)   0.160 us    |                        static_key_count(); /* ret=0x1 */
 0)               |                        cap_vm_enough_memory() {
 0)   0.161 us    |                          cap_capable(); /* ret=0x0 */
 0)   0.490 us    |                        } /* cap_vm_enough_memory ret=0x0 */
 0)   0.151 us    |                        static_key_count(); /* ret=0x1 */
 0)   0.151 us    |                        bpf_lsm_vm_enough_memory(); /* ret=0x0 */
 0)   0.149 us    |                        static_key_count(); /* ret=0x0 */
 0)   0.150 us    |                        static_key_count(); /* ret=0x0 */
 0)   0.151 us    |                        static_key_count(); /* ret=0x0 */
 0)   0.230 us    |                        static_key_count(); /* ret=0x0 */
 0)   0.150 us    |                        static_key_count(); /* ret=0x0 */
 0)   0.150 us    |                        static_key_count(); /* ret=0x0 */
 0)   0.151 us    |                        static_key_count(); /* ret=0x0 */
 0)   0.150 us    |                        static_key_count(); /* ret=0x0 */
 0)   0.151 us    |                        static_key_count(); /* ret=0x0 */
 0)   0.150 us    |                        static_key_count(); /* ret=0x0 */
 0)   0.160 us    |                        __vm_enough_memory(); /* ret=0x0 */
 0)   5.601 us    |                      } /* security_vm_enough_memory_mm ret=0x0 */
 0)               |                      shmem_mmap_prepare() {
 0)               |                        touch_atime() {
 0)               |                          atime_needs_update() {
 0)   0.161 us    |                            make_vfsuid(); /* ret=0x3e8 */
 0)   0.151 us    |                            make_vfsgid(); /* ret=0x3d8 */
 0)               |                            current_time() {
 0)   0.161 us    |                              ktime_get_coarse_real_ts64_mg(); /* ret=0x18dbf6bfccea55c0 */
 0)   0.491 us    |                            } /* current_time ret=0x6ac50444 */
 0)   1.502 us    |                          } /* atime_needs_update ret=0xa840400 */
 0)   1.844 us    |                        } /* touch_atime ret=0xa840400 */
 0)   2.175 us    |                      } /* shmem_mmap_prepare ret=0x0 */
 0)   0.150 us    |                      mmap_action_prepare(); /* ret=0x0 */
 0)   0.150 us    |                      ksm_vma_flags(); /* ret=0x100073 */
 0)               |                      vma_merge_new_range() {
 0)   0.161 us    |                        can_vma_merge_left(); /* ret=0x0 */
 0)   0.160 us    |                        can_vma_merge_right(); /* ret=0x0 */
 0)   0.842 us    |                      } /* vma_merge_new_range ret=0x0 */
 0)               |                      vm_area_alloc() {
 0)   0.160 us    |                        kmem_cache_alloc_noprof(); /* ret=0xffff8f30832229c0 */
 0)   0.491 us    |                      } /* vm_area_alloc ret=0xffff8f30832229c0 */
 0)   0.171 us    |                      kmem_cache_alloc_noprof(); /* ret=0xffff8f30833efe00 */
 0)               |                      __vma_start_write() {
 0)   0.160 us    |                        __vma_start_exclude_readers(); /* ret=0x0 */
 0)   0.501 us    |                      } /* __vma_start_write ret=0x0 */
 0)               |                      kvfree_call_rcu() {
 0)   0.160 us    |                        is_vmalloc_addr(); /* ret=0x0 */
 0)   0.151 us    |                        __kfree_rcu_sheaf(); /* ret=0x1 */
 0)   0.912 us    |                      } /* kvfree_call_rcu ret=0x1 */
 0)   0.161 us    |                      down_write(); /* ret=0xffff8f308369c400 */
 0)   0.200 us    |                      vma_interval_tree_insert(); /* ret=0xffff8f3083222a48 */
 0)   0.160 us    |                      up_write(); /* ret=0x1 */
 0)               |                      khugepaged_enter_vma() {
 0)   0.151 us    |                        hugepage_pmd_enabled(); /* ret=0x1 */
 0)               |                        __thp_vma_allowable_orders() {
 0)   0.160 us    |                          vma_is_special_huge(); /* ret=0x10000400 */
 0)   0.511 us    |                        } /* __thp_vma_allowable_orders ret=0x0 */
 0)   1.182 us    |                      } /* khugepaged_enter_vma ret=0x0 */
 0)   0.151 us    |                      perf_event_mmap(); /* ret=0x0 */
 0)   0.161 us    |                      vms_complete_munmap_vmas(); /* ret=0x0 */
 0)   0.170 us    |                      vm_stat_account(); /* ret=0x2000000100 */
 0)   0.160 us    |                      uprobe_mmap(); /* ret=0x0 */
 0)               |                      vma_set_page_prot() {
 0)               |                        vma_wants_writenotify() {
 0)   0.160 us    |                          vma_is_shared_writable(); /* ret=0xfffffffff7efff00 */
 0)   0.492 us    |                        } /* vma_wants_writenotify ret=0xf7efff00 */
 0)   0.842 us    |                      } /* vma_set_page_prot ret=0xf7efff00 */
 0)   0.160 us    |                      mmap_action_complete(); /* ret=0x0 */
 0) + 18.735 us   |                    } /* __mmap_region ret=0x7f868ef90000 */
 0) + 19.066 us   |                  } /* mmap_region ret=0x7f868ef90000 */
 0) + 22.763 us   |                } /* do_mmap ret=0x7f868ef90000 */
 0)   0.151 us    |                up_write(); /* ret=0x1 */
 0)   0.160 us    |                userfaultfd_unmap_complete(); /* ret=0x0 */
 0) + 24.787 us   |              } /* vm_mmap_pgoff ret=0x7f868ef90000 */
 0) + 25.117 us   |            } /* vm_mmap ret=0x7f868ef90000 */
 0)               |            lock_mm_and_find_vma() {
 0)   0.161 us    |              down_read_trylock(); /* ret=0x1 */
 0)               |              find_vma() {
 0)   0.151 us    |                __rcu_read_lock(); /* ret=0xffff8f308369c400 */
 0)   0.161 us    |                __rcu_read_unlock(); /* ret=0x0 */
 0)   1.061 us    |              } /* find_vma ret=0xffff8f30832229c0 */
 0)   1.773 us    |            } /* lock_mm_and_find_vma ret=0xffff8f30832229c0 */
 0)               |            handle_mm_fault() {
 0)               |              __handle_mm_fault() {
 0)               |                __thp_vma_allowable_orders() {
 0)   0.160 us    |                  vma_is_special_huge(); /* ret=0x10000400 */
 0)   0.501 us    |                } /* __thp_vma_allowable_orders ret=0x0 */
 0)               |                __pmd_alloc() {
 0)               |                  alloc_pages_noprof() {
 0)               |                    alloc_pages_mpol() {
 0)   0.190 us    |                      policy_nodemask(); /* ret=0x0 */
 0)               |                      __alloc_frozen_pages_noprof() {
 0)               |                        get_page_from_freelist() {
 0)   0.150 us    |                          _raw_spin_trylock(); /* ret=0x1 */
 0)   0.160 us    |                          _raw_spin_unlock(); /* ret=0x1 */
 0)   0.491 us    |                          kernel_init_pages(); /* ret=0x0 */
 0)   1.623 us    |                        } /* get_page_from_freelist ret=0xfffff2a1000e9cc0 */
 0)   2.014 us    |                      } /* __alloc_frozen_pages_noprof ret=0xfffff2a1000e9cc0 */
 0)   2.705 us    |                    } /* alloc_pages_mpol ret=0xfffff2a1000e9cc0 */
 0)   3.046 us    |                  } /* alloc_pages_noprof ret=0xfffff2a1000e9cc0 */
 0)               |                  lruvec_stat_mod_folio() {
 0)   0.150 us    |                    __rcu_read_lock(); /* ret=0xffff8f308369c400 */
 0)   0.151 us    |                    __rcu_read_unlock(); /* ret=0x0 */
 0)   0.161 us    |                    mod_node_page_state(); /* ret=0x11 */
 0)   1.152 us    |                  } /* lruvec_stat_mod_folio ret=0x11 */
 0)   0.160 us    |                  _raw_spin_lock(); /* ret=0x0 */
 0)   0.160 us    |                  _raw_spin_unlock(); /* ret=0x1 */
 0)   5.421 us    |                } /* __pmd_alloc ret=0x0 */
 0)               |                __thp_vma_allowable_orders() {
 0)   0.151 us    |                  vma_is_special_huge(); /* ret=0x10000400 */
 0)   0.521 us    |                } /* __thp_vma_allowable_orders ret=0x0 */
 0)               |                do_fault() {
 0)               |                  __vmf_anon_prepare() {
 0)               |                    __anon_vma_prepare() {
 0)   0.270 us    |                      kmem_cache_alloc_noprof(); /* ret=0xffff8f308322d900 */
 0)               |                      find_mergeable_anon_vma() {
 0)   0.170 us    |                        anon_vma_compatible(); /* ret=0x0 */
 0)   0.621 us    |                      } /* find_mergeable_anon_vma ret=0x0 */
 0)   0.210 us    |                      kmem_cache_alloc_noprof(); /* ret=0xffff8f30819e1120 */
 0)   0.160 us    |                      down_write(); /* ret=0xffff8f308369c400 */
 0)   0.150 us    |                      _raw_spin_lock(); /* ret=0x0 */
 0)   0.161 us    |                      anon_vma_interval_tree_insert(); /* ret=0xffff8f308322d920 */
 0)   0.160 us    |                      _raw_spin_unlock(); /* ret=0x1 */
 0)   0.150 us    |                      up_write(); /* ret=0x1 */
 0)   3.497 us    |                    } /* __anon_vma_prepare ret=0x0 */
 0)   3.868 us    |                  } /* __vmf_anon_prepare ret=0x0 */
 0)               |                  vma_alloc_folio_noprof() {
 0)               |                    get_vma_policy() {
 0)               |                      shmem_get_policy() {
 0)   0.171 us    |                        mpol_shared_policy_lookup(); /* ret=0x0 */
 0)   0.511 us    |                      } /* shmem_get_policy ret=0x0 */
 0)   0.872 us    |                    } /* get_vma_policy ret=0xffffffffb05b36a0 */
 0)               |                    alloc_pages_mpol() {
 0)   0.170 us    |                      policy_nodemask(); /* ret=0x0 */
 0)               |                      __alloc_frozen_pages_noprof() {
 0)               |                        get_page_from_freelist() {
 0)   0.161 us    |                          _raw_spin_trylock(); /* ret=0x1 */
 0)   0.150 us    |                          _raw_spin_unlock(); /* ret=0x1 */
 0)   0.401 us    |                          kernel_init_pages(); /* ret=0x0 */
 0)   1.493 us    |                        } /* get_page_from_freelist ret=0xfffff2a100fb7c00 */
 0)   1.834 us    |                      } /* __alloc_frozen_pages_noprof ret=0xfffff2a100fb7c00 */
 0)   2.504 us    |                    } /* alloc_pages_mpol ret=0xfffff2a100fb7c00 */
 0)   3.927 us    |                  } /* vma_alloc_folio_noprof ret=0xfffff2a100fb7c00 */
 0)               |                  __mem_cgroup_charge() {
 0)               |                    get_mem_cgroup_from_mm() {
 0)   0.151 us    |                      __rcu_read_lock(); /* ret=0xffff8f308369c400 */
 0)   0.160 us    |                      __rcu_read_unlock(); /* ret=0x0 */
 0)   0.852 us    |                    } /* get_mem_cgroup_from_mm ret=0xffff8f3081341b00 */
 0)               |                    charge_memcg() {
 0)   0.160 us    |                      __rcu_read_lock(); /* ret=0xffff8f308369c400 */
 0)   0.210 us    |                      __get_obj_cgroup_from_memcg(); /* ret=0xffff8f30811e1fc0 */
 0)   0.211 us    |                      __rcu_read_unlock(); /* ret=0x0 */
 0)   1.302 us    |                    } /* charge_memcg ret=0x0 */
 0)   2.705 us    |                  } /* __mem_cgroup_charge ret=0x0 */
 0)   0.180 us    |                  __folio_throttle_swaprate(); /* ret=0x0 */
 0)               |                  __do_fault() {
 0)               |                    pte_alloc_one() {
 0)               |                      alloc_pages_noprof() {
 0)               |                        alloc_pages_mpol() {
 0)   0.160 us    |                          policy_nodemask(); /* ret=0x0 */
 0)               |                          __alloc_frozen_pages_noprof() {
 0)               |                            get_page_from_freelist() {
 0)   0.150 us    |                              _raw_spin_trylock(); /* ret=0x1 */
 0)   0.161 us    |                              _raw_spin_unlock(); /* ret=0x1 */
 0)   0.461 us    |                              kernel_init_pages(); /* ret=0x0 */
 0)   1.672 us    |                            } /* get_page_from_freelist ret=0xfffff2a1000d7500 */
 0)   2.024 us    |                          } /* __alloc_frozen_pages_noprof ret=0xfffff2a1000d7500 */
 0)   2.685 us    |                        } /* alloc_pages_mpol ret=0xfffff2a1000d7500 */
 0)   3.016 us    |                      } /* alloc_pages_noprof ret=0xfffff2a1000d7500 */
 0)               |                      lruvec_stat_mod_folio() {
 0)   0.160 us    |                        __rcu_read_lock(); /* ret=0xffff8f308369c400 */
 0)   0.160 us    |                        __rcu_read_unlock(); /* ret=0x0 */
 0)   0.149 us    |                        mod_node_page_state(); /* ret=0x12 */
 0)   1.142 us    |                      } /* lruvec_stat_mod_folio ret=0x12 */
 0)   4.668 us    |                    } /* pte_alloc_one ret=0xfffff2a1000d7500 */
 0)               |                    shmem_fault() {
 0)               |                      shmem_get_folio_gfp() {
 0)               |                        filemap_get_entry() {
 0)   0.151 us    |                          __rcu_read_lock(); /* ret=0xffff8f308369c400 */
 0)   0.150 us    |                          __rcu_read_unlock(); /* ret=0x0 */
 0)   1.012 us    |                        } /* filemap_get_entry ret=0xfffff2a100fb74c0 */
 0)   1.382 us    |                      } /* shmem_get_folio_gfp ret=0x0 */
 0)   1.743 us    |                    } /* shmem_fault ret=0x200 */
 0)   6.983 us    |                  } /* __do_fault ret=0x200 */
 0)   0.392 us    |                  copy_mc_to_kernel(); /* ret=0x0 */
 0)               |                  finish_fault() {
 0)   0.161 us    |                    shmem_mapping(); /* ret=0xffff8f3081b60601 */
 0)               |                    pmd_install() {
 0)   0.151 us    |                      _raw_spin_lock(); /* ret=0x0 */
 0)   0.150 us    |                      _raw_spin_unlock(); /* ret=0x1 */
 0)   0.831 us    |                    } /* pmd_install ret=0x1 */
 0)               |                    pte_offset_map_lock() {
 0)               |                      __pte_offset_map() {
 0)   0.149 us    |                        __rcu_read_lock(); /* ret=0xffff8f308369c400 */
 0)   0.481 us    |                      } /* __pte_offset_map ret=0xffff8f30835d4c98 */
 0)   0.160 us    |                      _raw_spin_lock(); /* ret=0x0 */
 0)   1.153 us    |                    } /* pte_offset_map_lock ret=0xffff8f30835d4c98 */
 0)               |                    set_pte_range() {
 0)   0.151 us    |                      pte_mkwrite(); /* ret=0x800000003edf0867 */
 0)               |                      folio_add_new_anon_rmap() {
 0)               |                        __folio_mod_stat() {
 0)               |                          lruvec_stat_mod_folio() {
 0)   0.151 us    |                            __rcu_read_lock(); /* ret=0xffff8f308369c400 */
 0)   0.160 us    |                            mod_node_page_state(); /* ret=0xfe */
 0)               |                            __mod_memcg_lruvec_state() {
 0)   0.171 us    |                              memcg_state_val_in_pages(); /* ret=0x1 */
 0)   0.180 us    |                              __css_rstat_updated(); /* ret=0xffff8f30bec39cb0 */
 0)   0.982 us    |                            } /* __mod_memcg_lruvec_state ret=0x100 */
 0)   0.160 us    |                            __rcu_read_unlock(); /* ret=0x100 */
 0)   2.345 us    |                          } /* lruvec_stat_mod_folio ret=0x100 */
 0)   2.694 us    |                        } /* __folio_mod_stat ret=0x0 */
 0)   3.066 us    |                      } /* folio_add_new_anon_rmap ret=0x0 */
 0)               |                      folio_add_lru_vma() {
 0)               |                        folio_add_lru() {
 0)   0.200 us    |                          __folio_batch_add_and_move(); /* ret=0x0 */
 0)   0.531 us    |                        } /* folio_add_lru ret=0x0 */
 0)   0.911 us    |                      } /* folio_add_lru_vma ret=0x0 */
 0)   4.929 us    |                    } /* set_pte_range ret=0x0 */
 0)   0.160 us    |                    _raw_spin_unlock(); /* ret=0x1 */
 0)   0.160 us    |                    __rcu_read_unlock(); /* ret=0x0 */
 0)   8.716 us    |                  } /* finish_fault ret=0x0 */
 0)               |                  unlock_page() {
 0)   0.150 us    |                    folio_unlock(); /* ret=0xffffffffffffffff */
 0)   0.501 us    |                  } /* unlock_page ret=0xffffffffffffffff */
 0) + 29.105 us   |                } /* do_fault ret=0x200 */
 0) + 36.578 us   |              } /* __handle_mm_fault ret=0x200 */
 0)   0.151 us    |              __rcu_read_lock(); /* ret=0xffff8f308369c400 */
 0)   0.151 us    |              mem_cgroup_from_task(); /* ret=0xffff8f3081341b00 */
 0)               |              count_memcg_events() {
 0)   0.160 us    |                __css_rstat_updated(); /* ret=0xffff8f30bec39cb0 */
 0)   0.521 us    |              } /* count_memcg_events ret=0x100 */
 0)   0.151 us    |              __rcu_read_unlock(); /* ret=0x0 */
 0) + 38.803 us   |            } /* handle_mm_fault ret=0x200 */
 0)   0.161 us    |            up_read(); /* ret=0x0 */
 0)   0.170 us    |            raw_irqentry_exit_cond_resched(); /* ret=0xffff8f308369c400 */
 0)               |            vm_brk_flags() {
 0)   0.161 us    |              down_write_killable(); /* ret=0x0 */
 0)               |              check_brk_limits() {
 0)               |                __get_unmapped_area() {
 0)               |                  mm_get_unmapped_area_vmflags() {
 0)   0.160 us    |                    arch_get_unmapped_area_topdown(); /* ret=0x7f868ef94000 */
 0)   0.492 us    |                  } /* mm_get_unmapped_area_vmflags ret=0x7f868ef94000 */
 0)               |                  security_mmap_addr() {
 0)   0.150 us    |                    cap_mmap_addr(); /* ret=0x0 */
 0)   0.150 us    |                    bpf_lsm_mmap_addr(); /* ret=0x0 */
 0)   0.831 us    |                  } /* security_mmap_addr ret=0x0 */
 0)   1.853 us    |                } /* __get_unmapped_area ret=0x7f868ef94000 */
 0)   2.194 us    |              } /* check_brk_limits ret=0x0 */
 0)   0.230 us    |              do_vmi_munmap(); /* ret=0x0 */
 0)               |              do_brk_flags() {
 0)   0.161 us    |                ksm_vma_flags(); /* ret=0x100073 */
 0)   0.160 us    |                may_expand_vm(); /* ret=0x1 */
 0)               |                security_vm_enough_memory_mm() {
 0)   0.160 us    |                  static_key_count(); /* ret=0x1 */
 0)               |                  cap_vm_enough_memory() {
 0)   0.150 us    |                    cap_capable(); /* ret=0x0 */
 0)   0.480 us    |                  } /* cap_vm_enough_memory ret=0x0 */
 0)   0.151 us    |                  static_key_count(); /* ret=0x1 */
 0)   0.161 us    |                  bpf_lsm_vm_enough_memory(); /* ret=0x0 */
 0)   0.149 us    |                  static_key_count(); /* ret=0x0 */
 0)   0.150 us    |                  static_key_count(); /* ret=0x0 */
 0)   0.151 us    |                  static_key_count(); /* ret=0x0 */
 0)   0.160 us    |                  static_key_count(); /* ret=0x0 */
 0)   0.160 us    |                  static_key_count(); /* ret=0x0 */
 0)   0.151 us    |                  static_key_count(); /* ret=0x0 */
 0)   0.150 us    |                  static_key_count(); /* ret=0x0 */
 0)   0.151 us    |                  static_key_count(); /* ret=0x0 */
 0)   0.149 us    |                  static_key_count(); /* ret=0x0 */
 0)   0.150 us    |                  static_key_count(); /* ret=0x0 */
 0)   0.161 us    |                  __vm_enough_memory(); /* ret=0x0 */
 0)   5.500 us    |                } /* security_vm_enough_memory_mm ret=0x0 */
 0)               |                vma_merge_new_range() {
 0)   0.170 us    |                  can_vma_merge_left(); /* ret=0x0 */
 0)   0.521 us    |                } /* vma_merge_new_range ret=0x0 */
 0)               |                vm_area_alloc() {
 0)   0.180 us    |                  kmem_cache_alloc_noprof(); /* ret=0xffff8f30840b1480 */
 0)   0.521 us    |                } /* vm_area_alloc ret=0xffff8f30840b1480 */
 0)               |                __vma_start_write() {
 0)   0.161 us    |                  __vma_start_exclude_readers(); /* ret=0x0 */
 0)   0.491 us    |                } /* __vma_start_write ret=0x0 */
 0)   0.181 us    |                kmem_cache_alloc_noprof(); /* ret=0xffff8f30833fb200 */
 0)               |                kvfree_call_rcu() {
 0)   0.160 us    |                  is_vmalloc_addr(); /* ret=0x0 */
 0)   0.160 us    |                  __kfree_rcu_sheaf(); /* ret=0x1 */
 0)   0.912 us    |                } /* kvfree_call_rcu ret=0x1 */
 0)   0.151 us    |                perf_event_mmap(); /* ret=0x0 */
 0) + 10.700 us   |              } /* do_brk_flags ret=0x0 */
 0)   0.161 us    |              up_write(); /* ret=0x1 */
 0)   0.160 us    |              userfaultfd_unmap_complete(); /* ret=0x0 */
 0) + 14.918 us   |            } /* vm_brk_flags ret=0x0 */
 0) + 83.316 us   |          } /* elf_load ret=0x7f868ef90000 */
 0)   0.290 us    |          kfree(); /* ret=0x0 */
 0)               |          set_binfmt() {
 0)   0.161 us    |            __module_get(); /* ret=0x0 */
 0)   0.521 us    |          } /* set_binfmt ret=0x0 */
 0)               |          arch_setup_additional_pages() {
 0)               |            map_vdso() {
 0)   0.160 us    |              down_write_killable(); /* ret=0x0 */
 0)               |              __get_unmapped_area() {
 0)               |                mm_get_unmapped_area_vmflags() {
 0)               |                  arch_get_unmapped_area_topdown() {
 0)   0.161 us    |                    get_mmap_base(); /* ret=0x7f868ef96000 */
 0)               |                    vm_unmapped_area() {
 0)   0.311 us    |                      unmapped_area_topdown(); /* ret=0x7f868ee8e000 */
 0)   0.641 us    |                    } /* vm_unmapped_area ret=0x7f868ee8e000 */
 0)   1.342 us    |                  } /* arch_get_unmapped_area_topdown ret=0x7f868ee8e000 */
 0)   1.672 us    |                } /* mm_get_unmapped_area_vmflags ret=0x7f868ee8e000 */
 0)               |                security_mmap_addr() {
 0)   0.149 us    |                  cap_mmap_addr(); /* ret=0x0 */
 0)   0.160 us    |                  bpf_lsm_mmap_addr(); /* ret=0x0 */
 0)   0.831 us    |                } /* security_mmap_addr ret=0x0 */
 0)   3.006 us    |              } /* __get_unmapped_area ret=0x7f868ee8e000 */
 0)               |              _install_special_mapping() {
 0)               |                vm_area_alloc() {
 0)   0.160 us    |                  kmem_cache_alloc_noprof(); /* ret=0xffff8f3082f58000 */
 0)   0.501 us    |                } /* vm_area_alloc ret=0xffff8f3082f58000 */
 0)               |                insert_vm_struct() {
 0)               |                  find_vma_intersection() {
 0)   0.151 us    |                    __rcu_read_lock(); /* ret=0xffff8f308369c400 */
 0)   0.161 us    |                    __rcu_read_unlock(); /* ret=0x0 */
 0)   0.882 us    |                  } /* find_vma_intersection ret=0x0 */
 0)               |                  vma_link() {
 0)   0.240 us    |                    kmem_cache_alloc_noprof(); /* ret=0xffff8f30833ef900 */
 0)               |                    __vma_start_write() {
 0)   0.150 us    |                      __vma_start_exclude_readers(); /* ret=0x0 */
 0)   0.492 us    |                    } /* __vma_start_write ret=0x0 */
 0)               |                    kvfree_call_rcu() {
 0)   0.150 us    |                      is_vmalloc_addr(); /* ret=0x0 */
 0)   0.161 us    |                      __kfree_rcu_sheaf(); /* ret=0x1 */
 0)   0.922 us    |                    } /* kvfree_call_rcu ret=0x1 */
 0)   2.535 us    |                  } /* vma_link ret=0x0 */
 0)   3.957 us    |                } /* insert_vm_struct ret=0x0 */
 0)   0.161 us    |                vm_stat_account(); /* ret=0x4 */
 0)   0.151 us    |                perf_event_mmap(); /* ret=0x0 */
 0)   5.661 us    |              } /* _install_special_mapping ret=0xffff8f3082f58000 */
 0)               |              vdso_install_vvar_mapping() {
 0)               |                _install_special_mapping() {
 0)               |                  vm_area_alloc() {
 0)   0.161 us    |                    kmem_cache_alloc_noprof(); /* ret=0xffff8f3083222780 */
 0)   0.491 us    |                  } /* vm_area_alloc ret=0xffff8f3083222780 */
 0)               |                  insert_vm_struct() {
 0)               |                    find_vma_intersection() {
 0)   0.150 us    |                      __rcu_read_lock(); /* ret=0xffff8f308369c400 */
 0)   0.151 us    |                      __rcu_read_unlock(); /* ret=0x0 */
 0)   0.842 us    |                    } /* find_vma_intersection ret=0x0 */
 0)               |                    vma_link() {
 0)   0.250 us    |                      kmem_cache_alloc_noprof(); /* ret=0xffff8f30819c9200 */
 0)               |                      __vma_start_write() {
 0)   0.150 us    |                        __vma_start_exclude_readers(); /* ret=0x0 */
 0)   0.490 us    |                      } /* __vma_start_write ret=0x0 */
 0)               |                      kvfree_call_rcu() {
 0)   0.149 us    |                        is_vmalloc_addr(); /* ret=0x0 */
 0)   0.150 us    |                        __kfree_rcu_sheaf(); /* ret=0x1 */
 0)   0.821 us    |                      } /* kvfree_call_rcu ret=0x1 */
 0)   2.365 us    |                    } /* vma_link ret=0x0 */
 0)   3.717 us    |                  } /* insert_vm_struct ret=0x0 */
 0)   0.170 us    |                  vm_stat_account(); /* ret=0x2000000100 */
 0)   0.151 us    |                  perf_event_mmap(); /* ret=0x0 */
 0)   5.401 us    |                } /* _install_special_mapping ret=0xffff8f3083222780 */
 0)   5.721 us    |              } /* vdso_install_vvar_mapping ret=0xffff8f3083222780 */
 0)               |              _install_special_mapping() {
 0)               |                vm_area_alloc() {
 0)   0.160 us    |                  kmem_cache_alloc_noprof(); /* ret=0xffff8f30832220c0 */
 0)   0.501 us    |                } /* vm_area_alloc ret=0xffff8f30832220c0 */
 0)               |                insert_vm_struct() {
 0)               |                  find_vma_intersection() {
 0)   0.150 us    |                    __rcu_read_lock(); /* ret=0xffff8f308369c400 */
 0)   0.160 us    |                    __rcu_read_unlock(); /* ret=0x0 */
 0)   0.912 us    |                  } /* find_vma_intersection ret=0x0 */
 0)               |                  vma_link() {
 0)               |                    __vma_start_write() {
 0)   0.151 us    |                      __vma_start_exclude_readers(); /* ret=0x0 */
 0)   0.481 us    |                    } /* __vma_start_write ret=0x0 */
 0)   0.961 us    |                  } /* vma_link ret=0x0 */
 0)   2.385 us    |                } /* insert_vm_struct ret=0x0 */
 0)   0.161 us    |                vm_stat_account(); /* ret=0x2000000100 */
 0)   0.151 us    |                perf_event_mmap(); /* ret=0x0 */
 0)   4.058 us    |              } /* _install_special_mapping ret=0xffff8f30832220c0 */
 0)   0.160 us    |              up_write(); /* ret=0x1 */
 0) + 20.148 us   |            } /* map_vdso ret=0x0 */
 0) + 20.528 us   |          } /* arch_setup_additional_pages ret=0x0 */
 0)               |          arch_align_stack() {
 0)   0.160 us    |            get_random_u16(); /* ret=0xd41d */
 0)   0.521 us    |          } /* arch_align_stack ret=0x7ffdb4efc510 */
 0)               |          lock_mm_and_find_vma() {
 0)   0.160 us    |            down_read_trylock(); /* ret=0x1 */
 0)               |            find_vma() {
 0)   0.150 us    |              __rcu_read_lock(); /* ret=0xffff8f308369c400 */
 0)   0.160 us    |              __rcu_read_unlock(); /* ret=0x0 */
 0)   0.852 us    |            } /* find_vma ret=0xffff8f30840b0e40 */
 0)   1.523 us    |          } /* lock_mm_and_find_vma ret=0xffff8f30840b0e40 */
 0)               |          handle_mm_fault() {
 0)               |            __handle_mm_fault() {
 0)               |              pte_offset_map_rw_nolock() {
 0)               |                __pte_offset_map() {
 0)   0.160 us    |                  __rcu_read_lock(); /* ret=0xffff8f308369c400 */
 0)   0.491 us    |                } /* __pte_offset_map ret=0xffff8f30835407e0 */
 0)   0.822 us    |              } /* pte_offset_map_rw_nolock ret=0xffff8f30835407e0 */
 0)   0.150 us    |              __rcu_read_unlock(); /* ret=0x0 */
 0)               |              do_anonymous_page() {
 0)   0.160 us    |                __vmf_anon_prepare(); /* ret=0x0 */
 0)               |                vma_alloc_folio_noprof() {
 0)   0.180 us    |                  get_vma_policy(); /* ret=0xffffffffb05b36a0 */
 0)               |                  alloc_pages_mpol() {
 0)   0.170 us    |                    policy_nodemask(); /* ret=0x0 */
 0)               |                    __alloc_frozen_pages_noprof() {
 0)               |                      get_page_from_freelist() {
 0)   0.151 us    |                        _raw_spin_trylock(); /* ret=0x1 */
 0)   0.160 us    |                        _raw_spin_unlock(); /* ret=0x1 */
 0)   0.501 us    |                        kernel_init_pages(); /* ret=0x0 */
 0)   1.633 us    |                      } /* get_page_from_freelist ret=0xfffff2a100630a80 */
 0)   1.994 us    |                    } /* __alloc_frozen_pages_noprof ret=0xfffff2a100630a80 */
 0)   2.674 us    |                  } /* alloc_pages_mpol ret=0xfffff2a100630a80 */
 0)   3.377 us    |                } /* vma_alloc_folio_noprof ret=0xfffff2a100630a80 */
 0)               |                __mem_cgroup_charge() {
 0)               |                  get_mem_cgroup_from_mm() {
 0)   0.150 us    |                    __rcu_read_lock(); /* ret=0xffff8f308369c400 */
 0)   0.149 us    |                    __rcu_read_unlock(); /* ret=0x0 */
 0)   0.831 us    |                  } /* get_mem_cgroup_from_mm ret=0xffff8f3081341b00 */
 0)               |                  charge_memcg() {
 0)   0.151 us    |                    __rcu_read_lock(); /* ret=0xffff8f308369c400 */
 0)   0.160 us    |                    __get_obj_cgroup_from_memcg(); /* ret=0xffff8f30811e1fc0 */
 0)   0.160 us    |                    __rcu_read_unlock(); /* ret=0x0 */
 0)   1.173 us    |                  } /* charge_memcg ret=0x0 */
 0)   2.525 us    |                } /* __mem_cgroup_charge ret=0x0 */
 0)   0.160 us    |                __folio_throttle_swaprate(); /* ret=0x0 */
 0)               |                pte_offset_map_lock() {
 0)               |                  __pte_offset_map() {
 0)   0.160 us    |                    __rcu_read_lock(); /* ret=0xffff8f308369c400 */
 0)   0.491 us    |                  } /* __pte_offset_map ret=0xffff8f30835407e0 */
 0)   0.160 us    |                  _raw_spin_lock(); /* ret=0x0 */
 0)   1.162 us    |                } /* pte_offset_map_lock ret=0xffff8f30835407e0 */
 0)               |                map_anon_folio_pte_nopf() {
 0)   0.160 us    |                  pte_mkwrite(); /* ret=0x8000000018c2a867 */
 0)               |                  folio_add_new_anon_rmap() {
 0)               |                    __folio_mod_stat() {
 0)               |                      lruvec_stat_mod_folio() {
 0)   0.151 us    |                        __rcu_read_lock(); /* ret=0xffff8f308369c400 */
 0)   0.161 us    |                        mod_node_page_state(); /* ret=0xff */
 0)               |                        __mod_memcg_lruvec_state() {
 0)   0.160 us    |                          memcg_state_val_in_pages(); /* ret=0x1 */
 0)   0.160 us    |                          __css_rstat_updated(); /* ret=0xffff8f30bec39cb0 */
 0)   0.841 us    |                        } /* __mod_memcg_lruvec_state ret=0x100 */
 0)   0.160 us    |                        __rcu_read_unlock(); /* ret=0x100 */
 0)   2.264 us    |                      } /* lruvec_stat_mod_folio ret=0x100 */
 0)   2.594 us    |                    } /* __folio_mod_stat ret=0x0 */
 0)   2.935 us    |                  } /* folio_add_new_anon_rmap ret=0x0 */
 0)               |                  folio_add_lru_vma() {
 0)               |                    folio_add_lru() {
 0)   0.160 us    |                      __folio_batch_add_and_move(); /* ret=0x0 */
 0)   0.481 us    |                    } /* folio_add_lru ret=0x0 */
 0)   0.842 us    |                  } /* folio_add_lru_vma ret=0x0 */
 0)   4.689 us    |                } /* map_anon_folio_pte_nopf ret=0x0 */
 0)   0.160 us    |                _raw_spin_unlock(); /* ret=0x1 */
 0)   0.150 us    |                __rcu_read_unlock(); /* ret=0x0 */
 0) + 14.136 us   |              } /* do_anonymous_page ret=0x0 */
 0) + 15.990 us   |            } /* __handle_mm_fault ret=0x0 */
 0)   0.150 us    |            __rcu_read_lock(); /* ret=0xffff8f308369c400 */
 0)   0.160 us    |            mem_cgroup_from_task(); /* ret=0xffff8f3081341b00 */
 0)               |            count_memcg_events() {
 0)   0.161 us    |              __css_rstat_updated(); /* ret=0xffff8f30bec39cb0 */
 0)   0.491 us    |            } /* count_memcg_events ret=0x100 */
 0)   0.150 us    |            __rcu_read_unlock(); /* ret=0x0 */
 0) + 18.014 us   |          } /* handle_mm_fault ret=0x0 */
 0)   0.161 us    |          up_read(); /* ret=0x0 */
 0)   0.161 us    |          raw_irqentry_exit_cond_resched(); /* ret=0xffff8f308369c400 */
 0)               |          get_random_bytes() {
 0)               |            _get_random_bytes() {
 0)               |              crng_make_state() {
 0)               |                crng_fast_key_erasure() {
 0)               |                  chacha_block_generic() {
 0)   0.240 us    |                    chacha_permute(); /* ret=0x575e24cd */
 0)   0.591 us    |                  } /* chacha_block_generic ret=0x0 */
 0)   0.953 us    |                } /* crng_fast_key_erasure ret=0x0 */
 0)   1.312 us    |              } /* crng_make_state ret=0x0 */
 0)   1.643 us    |            } /* _get_random_bytes ret=0x0 */
 0)   1.993 us    |          } /* get_random_bytes ret=0x0 */
 0)   0.160 us    |          get_sigframe_size(); /* ret=0xd30 */
 0)               |          from_kuid_munged() {
 0)   0.190 us    |            map_id_range_up(); /* ret=0x0 */
 0)   0.561 us    |          } /* from_kuid_munged ret=0x0 */
 0)               |          from_kuid_munged() {
 0)   0.151 us    |            map_id_range_up(); /* ret=0x0 */
 0)   0.481 us    |          } /* from_kuid_munged ret=0x0 */
 0)               |          from_kgid_munged() {
 0)   0.149 us    |            map_id_range_up(); /* ret=0x0 */
 0)   0.491 us    |          } /* from_kgid_munged ret=0x0 */
 0)               |          from_kgid_munged() {
 0)   0.160 us    |            map_id_range_up(); /* ret=0x0 */
 0)   0.481 us    |          } /* from_kgid_munged ret=0x0 */
 0)   0.161 us    |          down_write_killable(); /* ret=0x0 */
 0)               |          find_extend_vma_locked() {
 0)   0.150 us    |            __rcu_read_lock(); /* ret=0xffff8f308369c400 */
 0)   0.150 us    |            __rcu_read_unlock(); /* ret=0x0 */
 0)   0.862 us    |          } /* find_extend_vma_locked ret=0xffff8f30840b0e40 */
 0)   0.161 us    |          up_write(); /* ret=0x1 */
 0)               |          __check_object_size() {
 0)   0.160 us    |            check_stack_object(); /* ret=0x0 */
 0)   0.160 us    |            is_vmalloc_addr(); /* ret=0x0 */
 0)   0.200 us    |            __virt_addr_valid(); /* ret=0x1 */
 0)   0.169 us    |            __check_heap_object(); /* ret=0x1c0 */
 0)   1.643 us    |          } /* __check_object_size ret=0xffff8f3098e00000 */
 0)               |          arch_randomize_brk() {
 0)               |            randomize_page() {
 0)   0.161 us    |              get_random_u64(); /* ret=0xf21711d179f962d0 */
 0)   0.501 us    |            } /* randomize_page ret=0x55556b825000 */
 0)   0.852 us    |          } /* arch_randomize_brk ret=0x55556b825000 */
 0)               |          finalize_exec() {
 0)   0.161 us    |            _raw_spin_lock(); /* ret=0x0 */
 0)   0.160 us    |            _raw_spin_unlock(); /* ret=0x1 */
 0)   0.912 us    |          } /* finalize_exec ret=0x1 */
 0)               |          start_thread() {
 0)               |            start_thread_common.constprop.0() {
 0)   0.161 us    |              reset_thread_features(); /* ret=0xffff8f308369c400 */
 0)   0.701 us    |            } /* start_thread_common.constprop.0 ret=0x296 */
 0)   1.053 us    |          } /* start_thread ret=0x296 */
 0) ! 971.912 us  |        } /* load_elf_binary ret=0x0 */
 0)   0.161 us    |        _raw_read_lock(); /* ret=0x0 */
 0)   0.171 us    |        module_put(); /* ret=0x0 */
 0)   0.160 us    |        _raw_read_unlock(); /* ret=0x200 */
 0)   0.180 us    |        proc_exec_connector(); /* ret=0x0 */
 0)               |        sched_mm_cid_after_execve() {
 0)               |          sched_mm_cid_fork() {
 0)   0.161 us    |            mutex_lock(); /* ret=0x0 */
 0)   0.160 us    |            _raw_spin_lock_irq(); /* ret=0x0 */
 0)   0.171 us    |            mm_update_max_cids(); /* ret=0x0 */
 0)   0.160 us    |            _raw_spin_unlock_irq(); /* ret=0x1 */
 0)   0.151 us    |            mutex_unlock(); /* ret=0xffff8f308369c400 */
 0)   1.994 us    |          } /* sched_mm_cid_fork ret=0xffff8f308369c400 */
 0)   2.344 us    |        } /* sched_mm_cid_after_execve ret=0xffff8f308369c400 */
 0)               |        acct_update_integrals() {
 0)   0.161 us    |          task_cputime(); /* ret=0x0 */
 0)   0.530 us    |        } /* acct_update_integrals ret=0x0 */
 0)   0.161 us    |        task_numa_free(); /* ret=0x0 */
 0) # 1012.258 us |      } /* bprm_execve ret=0x0 */
 0)               |      free_bprm() {
 0)   0.169 us    |        fput(); /* ret=0xffff8f3081b60648 */
 0)   0.161 us    |        kfree(); /* ret=0x0 */
 0)   0.190 us    |        kfree(); /* ret=0x0 */
 0)   1.242 us    |      } /* free_bprm ret=0x0 */
 0) # 1179.702 us |    } /* do_execveat_common.isra.0 ret=0x0 */
 0)               |    putname() {
 0)   0.191 us    |      kmem_cache_free(); /* ret=0x0 */
 0)   0.521 us    |    } /* putname ret=0x0 */
 0) # 1183.720 us |  } /* __x64_sys_execve ret=0x0 */
 0)               |  task_work_run() {
 0)   0.151 us    |    _raw_spin_lock_irq(); /* ret=0x0 */
 0)   0.170 us    |    _raw_spin_unlock_irq(); /* ret=0x1 */
 0)               |    ____fput() {
 0)               |      __fput() {
 0)   0.149 us    |        locks_remove_file(); /* ret=0x0 */
 0)               |        security_file_release() {
 0)   0.160 us    |          bpf_lsm_file_release(); /* ret=0x0 */
 0)   0.511 us    |        } /* security_file_release ret=0x0 */
 0)   0.160 us    |        module_put(); /* ret=0xffffffffae691f80 */
 0)   0.160 us    |        file_f_owner_release(); /* ret=0x0 */
 0)               |        dput() {
 0)               |          dput.part.0() {
 0)   0.151 us    |            __rcu_read_lock(); /* ret=0xffff8f308369c400 */
 0)   0.151 us    |            __rcu_read_unlock(); /* ret=0x0 */
 0)   0.872 us    |          } /* dput.part.0 ret=0x0 */
 0)   1.212 us    |        } /* dput ret=0x0 */
 0)               |        mntput() {
 0)   0.150 us    |          __rcu_read_lock(); /* ret=0xffff8f308369c400 */
 0)   0.149 us    |          __rcu_read_unlock(); /* ret=0x0 */
 0)   0.821 us    |        } /* mntput ret=0x0 */
 0)               |        security_file_free() {
 0)               |          hook_file_free_security() {
 0)   0.170 us    |            put_pid(); /* ret=0x0 */
 0)   0.160 us    |            landlock_put_ruleset_deferred(); /* ret=0x0 */
 0)   0.982 us    |          } /* hook_file_free_security ret=0x0 */
 0)   0.160 us    |          bpf_lsm_file_free_security(); /* ret=0x0 */
 0)   0.180 us    |          kmem_cache_free(); /* ret=0x0 */
 0)   2.064 us    |        } /* security_file_free ret=0x0 */
 0)               |        __put_cred() {
 0)               |          call_rcu() {
 0)               |            __call_rcu_common() {
 0)   0.170 us    |              rcu_async_should_hurry(); /* ret=0x0 */
 0)   0.151 us    |              rcu_segcblist_enqueue(); /* ret=0xffff8f3082e4f000 */
 0)   0.882 us    |            } /* __call_rcu_common ret=0x0 */
 0)   1.453 us    |          } /* call_rcu ret=0x0 */
 0)   1.804 us    |        } /* __put_cred ret=0x0 */
 0)   0.191 us    |        kmem_cache_free(); /* ret=0x0 */
 0)   9.097 us    |      } /* __fput ret=0x0 */
 0)   9.448 us    |    } /* ____fput ret=0x0 */
 0) + 10.520 us   |  } /* task_work_run ret=0x0 */
 0)   0.160 us    |  blkcg_maybe_throttle_current(); /* ret=0x0 */
 0)               |  switch_fpu_return() {
 0)   0.271 us    |    restore_fpregs_from_fpstate(); /* ret=0x18e7 */
 0)   0.641 us    |  } /* switch_fpu_return ret=0x18e7 */
 0)               |  lock_vma_under_rcu() {
 0)   0.160 us    |    __rcu_read_lock(); /* ret=0xffff8f308369c400 */
 0)   0.161 us    |    __rcu_read_unlock(); /* ret=0x0 */
 0)   0.902 us    |  } /* lock_vma_under_rcu ret=0xffff8f3082e44600 */
 0)               |  handle_mm_fault() {
 0)               |    __handle_mm_fault() {
 0)               |      pte_offset_map_rw_nolock() {
 0)               |        __pte_offset_map() {
 0)   0.151 us    |          __rcu_read_lock(); /* ret=0xffff8f308369c400 */
 0)   0.491 us    |        } /* __pte_offset_map ret=0xffff8f30835d4588 */
 0)   0.821 us    |      } /* pte_offset_map_rw_nolock ret=0xffff8f30835d4588 */
 0)   0.151 us    |      __rcu_read_unlock(); /* ret=0x0 */
 0)               |      do_fault() {
 0)   0.151 us    |        __rcu_read_lock(); /* ret=0xffff8f308369c400 */
 0)               |        filemap_map_pages() {
 0)   0.151 us    |          __rcu_read_lock(); /* ret=0xffff8f308369c400 */
 0)   0.291 us    |          next_uptodate_folio(); /* ret=0xfffff2a100721c00 */
 0)               |          pte_offset_map_lock() {
 0)               |            __pte_offset_map() {
 0)   0.160 us    |              __rcu_read_lock(); /* ret=0xffff8f308369c400 */
 0)   0.492 us    |            } /* __pte_offset_map ret=0xffff8f30835d4580 */
 0)   0.150 us    |            _raw_spin_lock(); /* ret=0x0 */
 0)   1.152 us    |          } /* pte_offset_map_lock ret=0xffff8f30835d4580 */
 0)               |          set_pte_range() {
 0)   0.211 us    |            folio_add_file_rmap_ptes(); /* ret=0x0 */
 0)   0.610 us    |          } /* set_pte_range ret=0x0 */
 0)   0.171 us    |          next_uptodate_folio(); /* ret=0xfffff2a100721c40 */
 0)               |          set_pte_range() {
 0)   0.161 us    |            folio_add_file_rmap_ptes(); /* ret=0x0 */
 0)   0.520 us    |          } /* set_pte_range ret=0x0 */
 0)   0.160 us    |          next_uptodate_folio(); /* ret=0xfffff2a100721c80 */
 0)               |          set_pte_range() {
 0)   0.160 us    |            folio_add_file_rmap_ptes(); /* ret=0x0 */
 0)   0.510 us    |          } /* set_pte_range ret=0x0 */
 0)   0.161 us    |          next_uptodate_folio(); /* ret=0xfffff2a100721cc0 */
 0)               |          set_pte_range() {
 0)   0.170 us    |            folio_add_file_rmap_ptes(); /* ret=0x0 */
 0)   0.521 us    |          } /* set_pte_range ret=0x0 */
 0)   0.160 us    |          next_uptodate_folio(); /* ret=0xfffff2a100721d00 */
 0)               |          set_pte_range() {
 0)   0.160 us    |            folio_add_file_rmap_ptes(); /* ret=0x0 */
 0)   0.512 us    |          } /* set_pte_range ret=0x0 */
 0)   0.160 us    |          next_uptodate_folio(); /* ret=0xfffff2a100721d40 */
 0)               |          set_pte_range() {
 0)   0.160 us    |            folio_add_file_rmap_ptes(); /* ret=0x0 */
 0)   0.501 us    |          } /* set_pte_range ret=0x0 */
 0)   0.160 us    |          next_uptodate_folio(); /* ret=0xfffff2a100721d80 */
 0)               |          set_pte_range() {
 0)   0.160 us    |            folio_add_file_rmap_ptes(); /* ret=0x0 */
 0)   0.510 us    |          } /* set_pte_range ret=0x0 */
 0)   0.161 us    |          next_uptodate_folio(); /* ret=0xfffff2a100721dc0 */
 0)               |          set_pte_range() {
 0)   0.161 us    |            folio_add_file_rmap_ptes(); /* ret=0x0 */
 0)   0.501 us    |          } /* set_pte_range ret=0x0 */
 0)   0.161 us    |          next_uptodate_folio(); /* ret=0xfffff2a100721e00 */
 0)               |          set_pte_range() {
 0)   0.161 us    |            folio_add_file_rmap_ptes(); /* ret=0x0 */
 0)   0.511 us    |          } /* set_pte_range ret=0x0 */
 0)   0.170 us    |          next_uptodate_folio(); /* ret=0xfffff2a100721e40 */
 0)               |          set_pte_range() {
 0)   0.161 us    |            folio_add_file_rmap_ptes(); /* ret=0x0 */
 0)   0.661 us    |          } /* set_pte_range ret=0x0 */
 0)   0.240 us    |          next_uptodate_folio(); /* ret=0xfffff2a100721e80 */
 0)               |          set_pte_range() {
 0)   0.160 us    |            folio_add_file_rmap_ptes(); /* ret=0x0 */
 0)   0.512 us    |          } /* set_pte_range ret=0x0 */
 0)   0.180 us    |          next_uptodate_folio(); /* ret=0xfffff2a100721ec0 */
 0)               |          set_pte_range() {
 0)   0.160 us    |            folio_add_file_rmap_ptes(); /* ret=0x0 */
 0)   0.501 us    |          } /* set_pte_range ret=0x0 */
 0)   0.190 us    |          next_uptodate_folio(); /* ret=0xfffff2a100721f00 */
 0)               |          set_pte_range() {
 0)   0.170 us    |            folio_add_file_rmap_ptes(); /* ret=0x0 */
 0)   0.521 us    |          } /* set_pte_range ret=0x0 */
 0)   0.180 us    |          next_uptodate_folio(); /* ret=0xfffff2a100721f40 */
 0)               |          set_pte_range() {
 0)   0.160 us    |            folio_add_file_rmap_ptes(); /* ret=0x0 */
 0)   0.512 us    |          } /* set_pte_range ret=0x0 */
 0)   0.170 us    |          next_uptodate_folio(); /* ret=0xfffff2a100721f80 */
 0)               |          set_pte_range() {
 0)   0.160 us    |            folio_add_file_rmap_ptes(); /* ret=0x0 */
 0)   0.512 us    |          } /* set_pte_range ret=0x0 */
 0)   0.170 us    |          next_uptodate_folio(); /* ret=0xfffff2a100721fc0 */
 0)               |          set_pte_range() {
 0)   0.160 us    |            folio_add_file_rmap_ptes(); /* ret=0x0 */
 0)   0.501 us    |          } /* set_pte_range ret=0x0 */
 0)   0.200 us    |          next_uptodate_folio(); /* ret=0x0 */
 0)   0.161 us    |          mm_trace_rss_stat(); /* ret=0x0 */
 0)   0.160 us    |          _raw_spin_unlock(); /* ret=0x1 */
 0)   0.160 us    |          __rcu_read_unlock(); /* ret=0x1 */
 0)   0.160 us    |          __rcu_read_unlock(); /* ret=0x1 */
 0) + 20.739 us   |        } /* filemap_map_pages ret=0x100 */
 0)   0.160 us    |        __rcu_read_unlock(); /* ret=0x0 */
 0) + 21.801 us   |      } /* do_fault ret=0x100 */
 0) + 23.644 us   |    } /* __handle_mm_fault ret=0x100 */
 0)   0.151 us    |    __rcu_read_lock(); /* ret=0xffff8f308369c400 */
 0)   0.160 us    |    mem_cgroup_from_task(); /* ret=0xffff8f3081341b00 */
 0)               |    count_memcg_events() {
 0)   0.160 us    |      __css_rstat_updated(); /* ret=0xffff8f30bec39cb0 */
 0)   0.521 us    |    } /* count_memcg_events ret=0x100 */
 0)   0.160 us    |    __rcu_read_unlock(); /* ret=0x0 */
 0) + 25.729 us   |  } /* handle_mm_fault ret=0x100 */
 0)               |  lock_vma_under_rcu() {
 0)   0.161 us    |    __rcu_read_lock(); /* ret=0xffff8f308369c400 */
 0)   0.151 us    |    __rcu_read_unlock(); /* ret=0x0 */
 0)   0.861 us    |  } /* lock_vma_under_rcu ret=0xffff8f3082e44600 */
 0)               |  handle_mm_fault() {
 0)               |    __handle_mm_fault() {
 0)               |      pte_offset_map_rw_nolock() {
 0)               |        __pte_offset_map() {
 0)   0.150 us    |          __rcu_read_lock(); /* ret=0xffff8f308369c400 */
 0)   0.490 us    |        } /* __pte_offset_map ret=0xffff8f30835d4528 */
 0)   0.821 us    |      } /* pte_offset_map_rw_nolock ret=0xffff8f30835d4528 */
 0)   0.160 us    |      __rcu_read_unlock(); /* ret=0x0 */
 0)               |      do_fault() {
 0)   0.160 us    |        __rcu_read_lock(); /* ret=0xffff8f308369c400 */
 0)               |        filemap_map_pages() {
 0)   0.150 us    |          __rcu_read_lock(); /* ret=0xffff8f308369c400 */
 0)   0.210 us    |          next_uptodate_folio(); /* ret=0xfffff2a100721800 */
 0)               |          pte_offset_map_lock() {
 0)               |            __pte_offset_map() {
 0)   0.150 us    |              __rcu_read_lock(); /* ret=0xffff8f308369c400 */
 0)   0.490 us    |            } /* __pte_offset_map ret=0xffff8f30835d4500 */
 0)   0.150 us    |            _raw_spin_lock(); /* ret=0x0 */
 0)   1.153 us    |          } /* pte_offset_map_lock ret=0xffff8f30835d4500 */
 0)               |          set_pte_range() {
 0)   0.170 us    |            folio_add_file_rmap_ptes(); /* ret=0x0 */
 0)   0.531 us    |          } /* set_pte_range ret=0x0 */
 0)   0.170 us    |          next_uptodate_folio(); /* ret=0xfffff2a100721840 */
 0)               |          set_pte_range() {
 0)   0.160 us    |            folio_add_file_rmap_ptes(); /* ret=0x0 */
 0)   0.501 us    |          } /* set_pte_range ret=0x0 */
 0)   0.160 us    |          next_uptodate_folio(); /* ret=0xfffff2a100721880 */
 0)               |          set_pte_range() {
 0)   0.160 us    |            folio_add_file_rmap_ptes(); /* ret=0x0 */
 0)   0.511 us    |          } /* set_pte_range ret=0x0 */
 0)   0.160 us    |          next_uptodate_folio(); /* ret=0xfffff2a1007218c0 */
 0)               |          set_pte_range() {
 0)   0.160 us    |            folio_add_file_rmap_ptes(); /* ret=0x0 */
 0)   0.501 us    |          } /* set_pte_range ret=0x0 */
 0)   0.161 us    |          next_uptodate_folio(); /* ret=0xfffff2a100721900 */
 0)               |          set_pte_range() {
 0)   0.161 us    |            folio_add_file_rmap_ptes(); /* ret=0x0 */
 0)   0.511 us    |          } /* set_pte_range ret=0x0 */
 0)   0.161 us    |          next_uptodate_folio(); /* ret=0xfffff2a100721940 */
 0)               |          set_pte_range() {
 0)   0.161 us    |            folio_add_file_rmap_ptes(); /* ret=0x0 */
 0)   0.510 us    |          } /* set_pte_range ret=0x0 */
 0)   0.160 us    |          next_uptodate_folio(); /* ret=0xfffff2a100721980 */
 0)               |          set_pte_range() {
 0)   0.160 us    |            folio_add_file_rmap_ptes(); /* ret=0x0 */
 0)   0.512 us    |          } /* set_pte_range ret=0x0 */
 0)   0.160 us    |          next_uptodate_folio(); /* ret=0xfffff2a1007219c0 */
 0)               |          set_pte_range() {
 0)   0.160 us    |            folio_add_file_rmap_ptes(); /* ret=0x0 */
 0)   0.501 us    |          } /* set_pte_range ret=0x0 */
 0)   0.160 us    |          next_uptodate_folio(); /* ret=0xfffff2a100721a00 */
 0)               |          set_pte_range() {
 0)   0.160 us    |            folio_add_file_rmap_ptes(); /* ret=0x0 */
 0)   0.510 us    |          } /* set_pte_range ret=0x0 */
 0)   0.160 us    |          next_uptodate_folio(); /* ret=0xfffff2a100721a40 */
 0)               |          set_pte_range() {
 0)   0.170 us    |            folio_add_file_rmap_ptes(); /* ret=0x0 */
 0)   0.521 us    |          } /* set_pte_range ret=0x0 */
 0)   0.160 us    |          next_uptodate_folio(); /* ret=0xfffff2a100721a80 */
 0)               |          set_pte_range() {
 0)   0.160 us    |            folio_add_file_rmap_ptes(); /* ret=0x0 */
 0)   0.512 us    |          } /* set_pte_range ret=0x0 */
 0)   0.161 us    |          next_uptodate_folio(); /* ret=0xfffff2a100721ac0 */
 0)               |          set_pte_range() {
 0)   0.160 us    |            folio_add_file_rmap_ptes(); /* ret=0x0 */
 0)   0.512 us    |          } /* set_pte_range ret=0x0 */
 0)   0.160 us    |          next_uptodate_folio(); /* ret=0xfffff2a100721b00 */
 0)               |          set_pte_range() {
 0)   0.170 us    |            folio_add_file_rmap_ptes(); /* ret=0x0 */
 0)   0.511 us    |          } /* set_pte_range ret=0x0 */
 0)   0.161 us    |          next_uptodate_folio(); /* ret=0xfffff2a100721b40 */
 0)               |          set_pte_range() {
 0)   0.161 us    |            folio_add_file_rmap_ptes(); /* ret=0x0 */
 0)   0.511 us    |          } /* set_pte_range ret=0x0 */
 0)   0.160 us    |          next_uptodate_folio(); /* ret=0xfffff2a100721b80 */
 0)               |          set_pte_range() {
 0)   0.160 us    |            folio_add_file_rmap_ptes(); /* ret=0x0 */
 0)   0.511 us    |          } /* set_pte_range ret=0x0 */
 0)   0.160 us    |          next_uptodate_folio(); /* ret=0xfffff2a100721bc0 */
 0)               |          set_pte_range() {
 0)   0.160 us    |            folio_add_file_rmap_ptes(); /* ret=0x0 */
 0)   0.511 us    |          } /* set_pte_range ret=0x0 */
 0)   0.171 us    |          next_uptodate_folio(); /* ret=0x0 */
 0)   0.161 us    |          _raw_spin_lock_irqsave(); /* ret=0x296 */
 0)   0.170 us    |          _raw_spin_unlock_irqrestore(); /* ret=0x1 */
 0)   0.160 us    |          mm_trace_rss_stat(); /* ret=0x1 */
 0)   0.160 us    |          _raw_spin_unlock(); /* ret=0x1 */
 0)   0.160 us    |          __rcu_read_unlock(); /* ret=0x1 */
 0)   0.150 us    |          __rcu_read_unlock(); /* ret=0x1 */
 0) + 21.180 us   |        } /* filemap_map_pages ret=0x100 */
 0)   0.230 us    |        __rcu_read_unlock(); /* ret=0x0 */
 0) + 22.282 us   |      } /* do_fault ret=0x100 */
 0) + 23.996 us   |    } /* __handle_mm_fault ret=0x100 */
 0)   0.150 us    |    __rcu_read_lock(); /* ret=0xffff8f308369c400 */
 0)   0.151 us    |    mem_cgroup_from_task(); /* ret=0xffff8f3081341b00 */
 0)               |    count_memcg_events() {
 0)   0.151 us    |      __css_rstat_updated(); /* ret=0xffff8f30bec39cb0 */
 0)   0.491 us    |    } /* count_memcg_events ret=0x100 */
 0)   0.149 us    |    __rcu_read_unlock(); /* ret=0x0 */
 0) + 25.989 us   |  } /* handle_mm_fault ret=0x100 */
 0)               |  lock_vma_under_rcu() {
 0)   0.151 us    |    __rcu_read_lock(); /* ret=0xffff8f308369c400 */
 0)   0.150 us    |    __rcu_read_unlock(); /* ret=0x0 */
 0)   0.871 us    |  } /* lock_vma_under_rcu ret=0xffff8f30832229c0 */
 0)               |  handle_mm_fault() {
 0)               |    __handle_mm_fault() {
 0)               |      pte_offset_map_rw_nolock() {
 0)               |        __pte_offset_map() {
 0)   0.151 us    |          __rcu_read_lock(); /* ret=0xffff8f308369c400 */
 0)   0.491 us    |        } /* __pte_offset_map ret=0xffff8f30835d4c90 */
 0)   0.821 us    |      } /* pte_offset_map_rw_nolock ret=0xffff8f30835d4c90 */
 0)   0.149 us    |      __rcu_read_unlock(); /* ret=0x0 */
 0)               |      do_fault() {
 0)   0.160 us    |        __rcu_read_lock(); /* ret=0xffff8f308369c400 */
 0)               |        filemap_map_pages() {
 0)   0.150 us    |          __rcu_read_lock(); /* ret=0xffff8f308369c400 */
 0)   0.260 us    |          next_uptodate_folio(); /* ret=0xfffff2a100fb7400 */
 0)               |          pte_offset_map_lock() {
 0)               |            __pte_offset_map() {
 0)   0.149 us    |              __rcu_read_lock(); /* ret=0xffff8f308369c400 */
 0)   0.491 us    |            } /* __pte_offset_map ret=0xffff8f30835d4c80 */
 0)   0.160 us    |            _raw_spin_lock(); /* ret=0x0 */
 0)   1.153 us    |          } /* pte_offset_map_lock ret=0xffff8f30835d4c80 */
 0)               |          set_pte_range() {
 0)               |            folio_add_file_rmap_ptes() {
 0)               |              lruvec_stat_mod_folio() {
 0)   0.149 us    |                __rcu_read_lock(); /* ret=0xffff8f308369c400 */
 0)   0.160 us    |                mod_node_page_state(); /* ret=0x0 */
 0)               |                __mod_memcg_lruvec_state() {
 0)   0.160 us    |                  memcg_state_val_in_pages(); /* ret=0x1 */
 0)   0.151 us    |                  __css_rstat_updated(); /* ret=0xffff8f30bec39cb0 */
 0)   0.852 us    |                } /* __mod_memcg_lruvec_state ret=0x100 */
 0)   0.161 us    |                __rcu_read_unlock(); /* ret=0x100 */
 0)   2.204 us    |              } /* lruvec_stat_mod_folio ret=0x100 */
 0)   2.585 us    |            } /* folio_add_file_rmap_ptes ret=0x0 */
 0)   2.936 us    |          } /* set_pte_range ret=0x0 */
 0)   0.181 us    |          next_uptodate_folio(); /* ret=0xfffff2a100fb7440 */
 0)               |          set_pte_range() {
 0)               |            folio_add_file_rmap_ptes() {
 0)               |              lruvec_stat_mod_folio() {
 0)   0.151 us    |                __rcu_read_lock(); /* ret=0xffff8f308369c400 */
 0)   0.149 us    |                mod_node_page_state(); /* ret=0x1 */
 0)               |                __mod_memcg_lruvec_state() {
 0)   0.160 us    |                  memcg_state_val_in_pages(); /* ret=0x1 */
 0)   0.160 us    |                  __css_rstat_updated(); /* ret=0xffff8f30bec39cb0 */
 0)   0.812 us    |                } /* __mod_memcg_lruvec_state ret=0x100 */
 0)   0.150 us    |                __rcu_read_unlock(); /* ret=0x100 */
 0)   2.133 us    |              } /* lruvec_stat_mod_folio ret=0x100 */
 0)   2.485 us    |            } /* folio_add_file_rmap_ptes ret=0x0 */
 0)   2.825 us    |          } /* set_pte_range ret=0x0 */
 0)   0.189 us    |          next_uptodate_folio(); /* ret=0xfffff2a100fb7480 */
 0)               |          set_pte_range() {
 0)               |            folio_add_file_rmap_ptes() {
 0)               |              lruvec_stat_mod_folio() {
 0)   0.150 us    |                __rcu_read_lock(); /* ret=0xffff8f308369c400 */
 0)   0.151 us    |                mod_node_page_state(); /* ret=0x2 */
 0)               |                __mod_memcg_lruvec_state() {
 0)   0.161 us    |                  memcg_state_val_in_pages(); /* ret=0x1 */
 0)   0.150 us    |                  __css_rstat_updated(); /* ret=0xffff8f30bec39cb0 */
 0)   0.811 us    |                } /* __mod_memcg_lruvec_state ret=0x100 */
 0)   0.300 us    |                __rcu_read_unlock(); /* ret=0x100 */
 0)   2.274 us    |              } /* lruvec_stat_mod_folio ret=0x100 */
 0)   2.605 us    |            } /* folio_add_file_rmap_ptes ret=0x0 */
 0)   2.965 us    |          } /* set_pte_range ret=0x0 */
 0)   0.160 us    |          next_uptodate_folio(); /* ret=0xfffff2a100fb74c0 */
 0)   0.171 us    |          next_uptodate_folio(); /* ret=0x0 */
 0)   0.151 us    |          mm_trace_rss_stat(); /* ret=0x0 */
 0)   0.160 us    |          _raw_spin_unlock(); /* ret=0x1 */
 0)   0.161 us    |          __rcu_read_unlock(); /* ret=0x1 */
 0)   0.151 us    |          __rcu_read_unlock(); /* ret=0x1 */
 0) + 14.337 us   |        } /* filemap_map_pages ret=0x100 */
 0)   0.161 us    |        __rcu_read_unlock(); /* ret=0x0 */
 0) + 15.339 us   |      } /* do_fault ret=0x100 */
 0) + 17.052 us   |    } /* __handle_mm_fault ret=0x100 */
 0)   0.160 us    |    __rcu_read_lock(); /* ret=0xffff8f308369c400 */
 0)   0.150 us    |    mem_cgroup_from_task(); /* ret=0xffff8f3081341b00 */
 0)               |    count_memcg_events() {
 0)   0.150 us    |      __css_rstat_updated(); /* ret=0xffff8f30bec39cb0 */
 0)   0.481 us    |    } /* count_memcg_events ret=0x100 */
 0)   0.150 us    |    __rcu_read_unlock(); /* ret=0x0 */
 0) + 19.047 us   |  } /* handle_mm_fault ret=0x100 */
 0)               |  lock_vma_under_rcu() {
 0)   0.151 us    |    __rcu_read_lock(); /* ret=0xffff8f308369c400 */
 0)   0.151 us    |    __rcu_read_unlock(); /* ret=0x0 */
 0)   0.862 us    |  } /* lock_vma_under_rcu ret=0xffff8f3083222d80 */
 0)               |  handle_mm_fault() {
 0)               |    __handle_mm_fault() {
 0)               |      pte_offset_map_rw_nolock() {
 0)               |        __pte_offset_map() {
 0)   0.150 us    |          __rcu_read_lock(); /* ret=0xffff8f308369c400 */
 0)   0.491 us    |        } /* __pte_offset_map ret=0xffff8f30835d44b0 */
 0)   0.832 us    |      } /* pte_offset_map_rw_nolock ret=0xffff8f30835d44b0 */
 0)   0.161 us    |      __rcu_read_unlock(); /* ret=0x0 */
 0)               |      do_fault() {
 0)   0.160 us    |        __rcu_read_lock(); /* ret=0xffff8f308369c400 */
 0)               |        filemap_map_pages() {
 0)   0.161 us    |          __rcu_read_lock(); /* ret=0xffff8f308369c400 */
 0)   0.200 us    |          next_uptodate_folio(); /* ret=0xfffff2a100721580 */
 0)               |          pte_offset_map_lock() {
 0)               |            __pte_offset_map() {
 0)   0.150 us    |              __rcu_read_lock(); /* ret=0xffff8f308369c400 */
 0)   0.490 us    |            } /* __pte_offset_map ret=0xffff8f30835d44b0 */
 0)   0.151 us    |            _raw_spin_lock(); /* ret=0x0 */
 0)   1.152 us    |          } /* pte_offset_map_lock ret=0xffff8f30835d44b0 */
 0)               |          set_pte_range() {
 0)   0.170 us    |            folio_add_file_rmap_ptes(); /* ret=0x0 */
 0)   0.532 us    |          } /* set_pte_range ret=0x0 */
 0)   0.170 us    |          next_uptodate_folio(); /* ret=0x0 */
 0)   0.151 us    |          mm_trace_rss_stat(); /* ret=0x3 */
 0)   0.161 us    |          _raw_spin_unlock(); /* ret=0x1 */
 0)   0.160 us    |          __rcu_read_unlock(); /* ret=0x1 */
 0)   0.160 us    |          __rcu_read_unlock(); /* ret=0x1 */
 0)   4.628 us    |        } /* filemap_map_pages ret=0x100 */
 0)   0.160 us    |        __rcu_read_unlock(); /* ret=0x0 */
 0)   5.631 us    |      } /* do_fault ret=0x100 */
 0)   7.354 us    |    } /* __handle_mm_fault ret=0x100 */
 0)   0.160 us    |    __rcu_read_lock(); /* ret=0xffff8f308369c400 */
 0)   0.160 us    |    mem_cgroup_from_task(); /* ret=0xffff8f3081341b00 */
 0)               |    count_memcg_events() {
 0)   0.150 us    |      __css_rstat_updated(); /* ret=0xffff8f30bec39cb0 */
 0)   0.490 us    |    } /* count_memcg_events ret=0x100 */
 0)   0.161 us    |    __rcu_read_unlock(); /* ret=0x0 */
 0)   9.337 us    |  } /* handle_mm_fault ret=0x100 */
 0)               |  lock_vma_under_rcu() {
 0)   0.151 us    |    __rcu_read_lock(); /* ret=0xffff8f308369c400 */
 0)   0.160 us    |    __rcu_read_unlock(); /* ret=0x0 */
 0)   0.862 us    |  } /* lock_vma_under_rcu ret=0xffff8f30832229c0 */
 0)               |  handle_mm_fault() {
 0)               |    __handle_mm_fault() {
 0)               |      pte_offset_map_rw_nolock() {
 0)               |        __pte_offset_map() {
 0)   0.160 us    |          __rcu_read_lock(); /* ret=0xffff8f308369c400 */
 0)   0.492 us    |        } /* __pte_offset_map ret=0xffff8f30835d4c80 */
 0)   0.902 us    |      } /* pte_offset_map_rw_nolock ret=0xffff8f30835d4c80 */
 0)   0.150 us    |      _raw_spin_lock(); /* ret=0x0 */
 0)               |      do_wp_page() {
 0)   0.171 us    |        vm_normal_page(); /* ret=0xfffff2a100fb7400 */
 0)   0.151 us    |        _raw_spin_unlock(); /* ret=0x1 */
 0)   0.160 us    |        __rcu_read_unlock(); /* ret=0x0 */
 0)   0.160 us    |        __vmf_anon_prepare(); /* ret=0x0 */
 0)               |        vma_alloc_folio_noprof() {
 0)               |          get_vma_policy() {
 0)               |            shmem_get_policy() {
 0)   0.151 us    |              mpol_shared_policy_lookup(); /* ret=0x0 */
 0)   0.501 us    |            } /* shmem_get_policy ret=0x0 */
 0)   0.862 us    |          } /* get_vma_policy ret=0xffffffffb05b36a0 */
 0)               |          alloc_pages_mpol() {
 0)   0.170 us    |            policy_nodemask(); /* ret=0x0 */
 0)               |            __alloc_frozen_pages_noprof() {
 0)               |              get_page_from_freelist() {
 0)   0.150 us    |                _raw_spin_trylock(); /* ret=0x1 */
 0)   0.160 us    |                _raw_spin_unlock(); /* ret=0x1 */
 0)   0.491 us    |                kernel_init_pages(); /* ret=0x0 */
 0)   1.703 us    |              } /* get_page_from_freelist ret=0xfffff2a10013c3c0 */
 0)   2.044 us    |            } /* __alloc_frozen_pages_noprof ret=0xfffff2a10013c3c0 */
 0)   2.745 us    |          } /* alloc_pages_mpol ret=0xfffff2a10013c3c0 */
 0)   4.128 us    |        } /* vma_alloc_folio_noprof ret=0xfffff2a10013c3c0 */
 0)               |        __mem_cgroup_charge() {
 0)               |          get_mem_cgroup_from_mm() {
 0)   0.151 us    |            __rcu_read_lock(); /* ret=0xffff8f308369c400 */
 0)   0.161 us    |            __rcu_read_unlock(); /* ret=0x0 */
 0)   0.832 us    |          } /* get_mem_cgroup_from_mm ret=0xffff8f3081341b00 */
 0)               |          charge_memcg() {
 0)   0.160 us    |            __rcu_read_lock(); /* ret=0xffff8f308369c400 */
 0)   0.160 us    |            __get_obj_cgroup_from_memcg(); /* ret=0xffff8f30811e1fc0 */
 0)   0.160 us    |            __rcu_read_unlock(); /* ret=0x0 */
 0)   1.172 us    |          } /* charge_memcg ret=0x0 */
 0)   2.525 us    |        } /* __mem_cgroup_charge ret=0x0 */
 0)   0.150 us    |        __folio_throttle_swaprate(); /* ret=0x0 */
 0)   0.350 us    |        copy_mc_to_kernel(); /* ret=0x0 */
 0)               |        pte_offset_map_lock() {
 0)               |          __pte_offset_map() {
 0)   0.150 us    |            __rcu_read_lock(); /* ret=0xffff8f308369c400 */
 0)   0.480 us    |          } /* __pte_offset_map ret=0xffff8f30835d4c80 */
 0)   0.160 us    |          _raw_spin_lock(); /* ret=0x0 */
 0)   1.162 us    |        } /* pte_offset_map_lock ret=0xffff8f30835d4c80 */
 0)   0.151 us    |        pte_mkwrite(); /* ret=0x8000000004f0f867 */
 0)               |        ptep_clear_flush() {
 0)               |          flush_tlb_mm_range() {
 0)               |            flush_tlb_func() {
 0)   0.151 us    |              mm_needs_global_asid(); /* ret=0x0 */
 0)   0.190 us    |              native_flush_tlb_one_user(); /* ret=0x0 */
 0)   0.902 us    |            } /* flush_tlb_func ret=0x0 */
 0)   1.302 us    |          } /* flush_tlb_mm_range ret=0x0 */
 0)   1.673 us    |        } /* ptep_clear_flush ret=0x800000003edd0025 */
 0)               |        folio_add_new_anon_rmap() {
 0)               |          __folio_mod_stat() {
 0)               |            lruvec_stat_mod_folio() {
 0)   0.160 us    |              __rcu_read_lock(); /* ret=0xffff8f308369c400 */
 0)   0.160 us    |              mod_node_page_state(); /* ret=0x0 */
 0)               |              __mod_memcg_lruvec_state() {
 0)   0.160 us    |                memcg_state_val_in_pages(); /* ret=0x1 */
 0)   0.151 us    |                __css_rstat_updated(); /* ret=0xffff8f30bec39cb0 */
 0)   0.851 us    |              } /* __mod_memcg_lruvec_state ret=0x100 */
 0)   0.161 us    |              __rcu_read_unlock(); /* ret=0x100 */
 0)   2.224 us    |            } /* lruvec_stat_mod_folio ret=0x100 */
 0)   2.565 us    |          } /* __folio_mod_stat ret=0x0 */
 0)   2.925 us    |        } /* folio_add_new_anon_rmap ret=0x0 */
 0)               |        folio_add_lru_vma() {
 0)               |          folio_add_lru() {
 0)   0.221 us    |            __folio_batch_add_and_move(); /* ret=0x0 */
 0)   0.621 us    |          } /* folio_add_lru ret=0x0 */
 0)   0.962 us    |        } /* folio_add_lru_vma ret=0x0 */
 0)               |        folio_remove_rmap_ptes() {
 0)               |          lruvec_stat_mod_folio() {
 0)   0.160 us    |            __rcu_read_lock(); /* ret=0xffff8f308369c400 */
 0)   0.151 us    |            mod_node_page_state(); /* ret=0x3 */
 0)               |            __mod_memcg_lruvec_state() {
 0)   0.161 us    |              memcg_state_val_in_pages(); /* ret=0xffffffffffffffff */
 0)   0.151 us    |              __css_rstat_updated(); /* ret=0xffff8f30bec39cb0 */
 0)   0.821 us    |            } /* __mod_memcg_lruvec_state ret=0x100 */
 0)   0.150 us    |            __rcu_read_unlock(); /* ret=0x100 */
 0)   2.154 us    |          } /* lruvec_stat_mod_folio ret=0x100 */
 0)   2.485 us    |        } /* folio_remove_rmap_ptes ret=0x100 */
 0)   0.151 us    |        _raw_spin_unlock(); /* ret=0x1 */
 0)   0.161 us    |        __rcu_read_unlock(); /* ret=0x0 */
 0)   0.161 us    |        free_swap_cache(); /* ret=0xffff8f3083479500 */
 0) + 21.171 us   |      } /* do_wp_page ret=0x0 */
 0) + 23.043 us   |    } /* __handle_mm_fault ret=0x0 */
 0)   0.151 us    |    __rcu_read_lock(); /* ret=0xffff8f308369c400 */
 0)   0.161 us    |    mem_cgroup_from_task(); /* ret=0xffff8f3081341b00 */
 0)               |    count_memcg_events() {
 0)   0.150 us    |      __css_rstat_updated(); /* ret=0xffff8f30bec39cb0 */
 0)   0.481 us    |    } /* count_memcg_events ret=0x100 */
 0)   0.161 us    |    __rcu_read_unlock(); /* ret=0x0 */
 0) + 25.077 us   |  } /* handle_mm_fault ret=0x0 */
 0)               |  lock_vma_under_rcu() {
 0)   0.150 us    |    __rcu_read_lock(); /* ret=0xffff8f308369c400 */
 0)   0.160 us    |    __rcu_read_unlock(); /* ret=0x0 */
 0)   0.871 us    |  } /* lock_vma_under_rcu ret=0xffff8f30832229c0 */
 0)               |  handle_mm_fault() {
 0)               |    __handle_mm_fault() {
 0)               |      pte_offset_map_rw_nolock() {
 0)               |        __pte_offset_map() {
 0)   0.160 us    |          __rcu_read_lock(); /* ret=0xffff8f308369c400 */
 0)   0.492 us    |        } /* __pte_offset_map ret=0xffff8f30835d4c88 */
 0)   0.822 us    |      } /* pte_offset_map_rw_nolock ret=0xffff8f30835d4c88 */
 0)   0.161 us    |      _raw_spin_lock(); /* ret=0x0 */
 0)               |      do_wp_page() {
 0)   0.170 us    |        vm_normal_page(); /* ret=0xfffff2a100fb7440 */
 0)   0.161 us    |        _raw_spin_unlock(); /* ret=0x1 */
 0)   0.160 us    |        __rcu_read_unlock(); /* ret=0x0 */
 0)   0.160 us    |        __vmf_anon_prepare(); /* ret=0x0 */
 0)               |        vma_alloc_folio_noprof() {
 0)               |          get_vma_policy() {
 0)               |            shmem_get_policy() {
 0)   0.160 us    |              mpol_shared_policy_lookup(); /* ret=0x0 */
 0)   0.481 us    |            } /* shmem_get_policy ret=0x0 */
 0)   0.842 us    |          } /* get_vma_policy ret=0xffffffffb05b36a0 */
 0)               |          alloc_pages_mpol() {
 0)   0.160 us    |            policy_nodemask(); /* ret=0x0 */
 0)               |            __alloc_frozen_pages_noprof() {
 0)               |              get_page_from_freelist() {
 0)   0.160 us    |                _raw_spin_trylock(); /* ret=0x1 */
 0)   0.160 us    |                _raw_spin_unlock(); /* ret=0x1 */
 0)   0.481 us    |                kernel_init_pages(); /* ret=0x0 */
 0)   1.853 us    |              } /* get_page_from_freelist ret=0xfffff2a100726700 */
 0)   2.194 us    |            } /* __alloc_frozen_pages_noprof ret=0xfffff2a100726700 */
 0)   2.875 us    |          } /* alloc_pages_mpol ret=0xfffff2a100726700 */
 0)   4.237 us    |        } /* vma_alloc_folio_noprof ret=0xfffff2a100726700 */
 0)               |        __mem_cgroup_charge() {
 0)               |          get_mem_cgroup_from_mm() {
 0)   0.161 us    |            __rcu_read_lock(); /* ret=0xffff8f308369c400 */
 0)   0.161 us    |            __rcu_read_unlock(); /* ret=0x0 */
 0)   0.832 us    |          } /* get_mem_cgroup_from_mm ret=0xffff8f3081341b00 */
 0)               |          charge_memcg() {
 0)   0.151 us    |            __rcu_read_lock(); /* ret=0xffff8f308369c400 */
 0)   0.161 us    |            __get_obj_cgroup_from_memcg(); /* ret=0xffff8f30811e1fc0 */
 0)   0.150 us    |            __rcu_read_unlock(); /* ret=0x0 */
 0)   1.162 us    |          } /* charge_memcg ret=0x0 */
 0)   2.504 us    |        } /* __mem_cgroup_charge ret=0x0 */
 0)   0.300 us    |        __folio_throttle_swaprate(); /* ret=0x0 */
 0)   0.291 us    |        copy_mc_to_kernel(); /* ret=0x0 */
 0)               |        pte_offset_map_lock() {
 0)               |          __pte_offset_map() {
 0)   0.160 us    |            __rcu_read_lock(); /* ret=0xffff8f308369c400 */
 0)   0.491 us    |          } /* __pte_offset_map ret=0xffff8f30835d4c88 */
 0)   0.160 us    |          _raw_spin_lock(); /* ret=0x0 */
 0)   1.152 us    |        } /* pte_offset_map_lock ret=0xffff8f30835d4c88 */
 0)   0.149 us    |        pte_mkwrite(); /* ret=0x800000001c99c867 */
 0)               |        ptep_clear_flush() {
 0)               |          flush_tlb_mm_range() {
 0)               |            flush_tlb_func() {
 0)   0.150 us    |              mm_needs_global_asid(); /* ret=0x0 */
 0)   0.191 us    |              native_flush_tlb_one_user(); /* ret=0x0 */
 0)   0.861 us    |            } /* flush_tlb_func ret=0x0 */
 0)   1.213 us    |          } /* flush_tlb_mm_range ret=0x0 */
 0)   1.543 us    |        } /* ptep_clear_flush ret=0x800000003edd1025 */
 0)               |        folio_add_new_anon_rmap() {
 0)               |          __folio_mod_stat() {
 0)               |            lruvec_stat_mod_folio() {
 0)   0.150 us    |              __rcu_read_lock(); /* ret=0xffff8f308369c400 */
 0)   0.160 us    |              mod_node_page_state(); /* ret=0x1 */
 0)               |              __mod_memcg_lruvec_state() {
 0)   0.150 us    |                memcg_state_val_in_pages(); /* ret=0x1 */
 0)   0.160 us    |                __css_rstat_updated(); /* ret=0xffff8f30bec39cb0 */
 0)   0.871 us    |              } /* __mod_memcg_lruvec_state ret=0x100 */
 0)   0.149 us    |              __rcu_read_unlock(); /* ret=0x100 */
 0)   2.194 us    |            } /* lruvec_stat_mod_folio ret=0x100 */
 0)   2.525 us    |          } /* __folio_mod_stat ret=0x0 */
 0)   2.866 us    |        } /* folio_add_new_anon_rmap ret=0x0 */
 0)               |        folio_add_lru_vma() {
 0)               |          folio_add_lru() {
 0)   0.161 us    |            __folio_batch_add_and_move(); /* ret=0x0 */
 0)   0.491 us    |          } /* folio_add_lru ret=0x0 */
 0)   0.832 us    |        } /* folio_add_lru_vma ret=0x0 */
 0)               |        folio_remove_rmap_ptes() {
 0)               |          lruvec_stat_mod_folio() {
 0)   0.150 us    |            __rcu_read_lock(); /* ret=0xffff8f308369c400 */
 0)   0.151 us    |            mod_node_page_state(); /* ret=0x2 */
 0)               |            __mod_memcg_lruvec_state() {
 0)   0.151 us    |              memcg_state_val_in_pages(); /* ret=0xffffffffffffffff */
 0)   0.150 us    |              __css_rstat_updated(); /* ret=0xffff8f30bec39cb0 */
 0)   0.811 us    |            } /* __mod_memcg_lruvec_state ret=0x100 */
 0)   0.151 us    |            __rcu_read_unlock(); /* ret=0x100 */
 0)   2.134 us    |          } /* lruvec_stat_mod_folio ret=0x100 */
 0)   2.464 us    |        } /* folio_remove_rmap_ptes ret=0x100 */
 0)   0.160 us    |        _raw_spin_unlock(); /* ret=0x1 */
 0)   0.151 us    |        __rcu_read_unlock(); /* ret=0x0 */
 0)   0.161 us    |        free_swap_cache(); /* ret=0xffff8f3083479500 */
 0) + 20.769 us   |      } /* do_wp_page ret=0x0 */
 0) + 22.522 us   |    } /* __handle_mm_fault ret=0x0 */
 0)   0.149 us    |    __rcu_read_lock(); /* ret=0xffff8f308369c400 */
 0)   0.150 us    |    mem_cgroup_from_task(); /* ret=0xffff8f3081341b00 */
 0)               |    count_memcg_events() {
 0)   0.150 us    |      __css_rstat_updated(); /* ret=0xffff8f30bec39cb0 */
 0)   0.481 us    |    } /* count_memcg_events ret=0x100 */
 0)   0.150 us    |    __rcu_read_unlock(); /* ret=0x0 */
 0) + 24.537 us   |  } /* handle_mm_fault ret=0x0 */
 0)               |  lock_vma_under_rcu() {
 0)   0.160 us    |    __rcu_read_lock(); /* ret=0xffff8f308369c400 */
 0)   0.150 us    |    __rcu_read_unlock(); /* ret=0x0 */
 0)   0.871 us    |  } /* lock_vma_under_rcu ret=0xffff8f30832229c0 */
 0)               |  handle_mm_fault() {
 0)               |    __handle_mm_fault() {
 0)               |      pte_offset_map_rw_nolock() {
 0)               |        __pte_offset_map() {
 0)   0.150 us    |          __rcu_read_lock(); /* ret=0xffff8f308369c400 */
 0)   0.491 us    |        } /* __pte_offset_map ret=0xffff8f30835d4c90 */
 0)   0.822 us    |      } /* pte_offset_map_rw_nolock ret=0xffff8f30835d4c90 */
 0)   0.151 us    |      _raw_spin_lock(); /* ret=0x0 */
 0)               |      do_wp_page() {
 0)   0.170 us    |        vm_normal_page(); /* ret=0xfffff2a100fb7480 */
 0)   0.451 us    |        _raw_spin_unlock(); /* ret=0x1 */
 0)   0.149 us    |        __rcu_read_unlock(); /* ret=0x0 */
 0)   0.150 us    |        __vmf_anon_prepare(); /* ret=0x0 */
 0)               |        vma_alloc_folio_noprof() {
 0)               |          get_vma_policy() {
 0)               |            shmem_get_policy() {
 0)   0.161 us    |              mpol_shared_policy_lookup(); /* ret=0x0 */
 0)   0.481 us    |            } /* shmem_get_policy ret=0x0 */
 0)   0.832 us    |          } /* get_vma_policy ret=0xffffffffb05b36a0 */
 0)               |          alloc_pages_mpol() {
 0)   0.171 us    |            policy_nodemask(); /* ret=0x0 */
 0)               |            __alloc_frozen_pages_noprof() {
 0)               |              get_page_from_freelist() {
 0)   0.160 us    |                _raw_spin_trylock(); /* ret=0x1 */
 0)   0.160 us    |                _raw_spin_unlock(); /* ret=0x1 */
 0)   0.500 us    |                kernel_init_pages(); /* ret=0x0 */
 0)   1.553 us    |              } /* get_page_from_freelist ret=0xfffff2a100718480 */
 0)   1.893 us    |            } /* __alloc_frozen_pages_noprof ret=0xfffff2a100718480 */
 0)   2.574 us    |          } /* alloc_pages_mpol ret=0xfffff2a100718480 */
 0)   3.928 us    |        } /* vma_alloc_folio_noprof ret=0xfffff2a100718480 */
 0)               |        __mem_cgroup_charge() {
 0)               |          get_mem_cgroup_from_mm() {
 0)   0.150 us    |            __rcu_read_lock(); /* ret=0xffff8f308369c400 */
 0)   0.150 us    |            __rcu_read_unlock(); /* ret=0x0 */
 0)   0.821 us    |          } /* get_mem_cgroup_from_mm ret=0xffff8f3081341b00 */
 0)               |          charge_memcg() {
 0)   0.150 us    |            __rcu_read_lock(); /* ret=0xffff8f308369c400 */
 0)   0.171 us    |            __get_obj_cgroup_from_memcg(); /* ret=0xffff8f30811e1fc0 */
 0)   0.151 us    |            __rcu_read_unlock(); /* ret=0x0 */
 0)   1.162 us    |          } /* charge_memcg ret=0x0 */
 0)   2.495 us    |        } /* __mem_cgroup_charge ret=0x0 */
 0)   0.161 us    |        __folio_throttle_swaprate(); /* ret=0x0 */
 0)   0.281 us    |        copy_mc_to_kernel(); /* ret=0x0 */
 0)               |        pte_offset_map_lock() {
 0)               |          __pte_offset_map() {
 0)   0.149 us    |            __rcu_read_lock(); /* ret=0xffff8f308369c400 */
 0)   0.481 us    |          } /* __pte_offset_map ret=0xffff8f30835d4c90 */
 0)   0.151 us    |          _raw_spin_lock(); /* ret=0x0 */
 0)   1.142 us    |        } /* pte_offset_map_lock ret=0xffff8f30835d4c90 */
 0)   0.151 us    |        pte_mkwrite(); /* ret=0x800000001c612867 */
 0)               |        ptep_clear_flush() {
 0)               |          flush_tlb_mm_range() {
 0)               |            flush_tlb_func() {
 0)   0.161 us    |              mm_needs_global_asid(); /* ret=0x0 */
 0)   0.180 us    |              native_flush_tlb_one_user(); /* ret=0x0 */
 0)   0.852 us    |            } /* flush_tlb_func ret=0x0 */
 0)   1.213 us    |          } /* flush_tlb_mm_range ret=0x0 */
 0)   1.543 us    |        } /* ptep_clear_flush ret=0x800000003edd2025 */
 0)               |        folio_add_new_anon_rmap() {
 0)               |          __folio_mod_stat() {
 0)               |            lruvec_stat_mod_folio() {
 0)   0.150 us    |              __rcu_read_lock(); /* ret=0xffff8f308369c400 */
 0)   0.160 us    |              mod_node_page_state(); /* ret=0x2 */
 0)               |              __mod_memcg_lruvec_state() {
 0)   0.150 us    |                memcg_state_val_in_pages(); /* ret=0x1 */
 0)   0.160 us    |                __css_rstat_updated(); /* ret=0xffff8f30bec39cb0 */
 0)   0.861 us    |              } /* __mod_memcg_lruvec_state ret=0x100 */
 0)   0.160 us    |              __rcu_read_unlock(); /* ret=0x100 */
 0)   2.174 us    |            } /* lruvec_stat_mod_folio ret=0x100 */
 0)   2.505 us    |          } /* __folio_mod_stat ret=0x0 */
 0)   2.845 us    |        } /* folio_add_new_anon_rmap ret=0x0 */
 0)               |        folio_add_lru_vma() {
 0)               |          folio_add_lru() {
 0)   0.160 us    |            __folio_batch_add_and_move(); /* ret=0x0 */
 0)   0.481 us    |          } /* folio_add_lru ret=0x0 */
 0)   0.812 us    |        } /* folio_add_lru_vma ret=0x0 */
 0)               |        folio_remove_rmap_ptes() {
 0)               |          lruvec_stat_mod_folio() {
 0)   0.160 us    |            __rcu_read_lock(); /* ret=0xffff8f308369c400 */
 0)   0.160 us    |            mod_node_page_state(); /* ret=0x1 */
 0)               |            __mod_memcg_lruvec_state() {
 0)   0.150 us    |              memcg_state_val_in_pages(); /* ret=0xffffffffffffffff */
 0)   0.151 us    |              __css_rstat_updated(); /* ret=0xffff8f30bec39cb0 */
 0)   0.962 us    |            } /* __mod_memcg_lruvec_state ret=0x100 */
 0)   0.160 us    |            __rcu_read_unlock(); /* ret=0x100 */
 0)   2.284 us    |          } /* lruvec_stat_mod_folio ret=0x100 */
 0)   2.615 us    |        } /* folio_remove_rmap_ptes ret=0x100 */
 0)   0.161 us    |        _raw_spin_unlock(); /* ret=0x1 */
 0)   0.150 us    |        __rcu_read_unlock(); /* ret=0x0 */
 0)   0.151 us    |        free_swap_cache(); /* ret=0xffff8f3083479500 */
 0) + 20.699 us   |      } /* do_wp_page ret=0x0 */
 0) + 22.412 us   |    } /* __handle_mm_fault ret=0x0 */
 0)   0.150 us    |    __rcu_read_lock(); /* ret=0xffff8f308369c400 */
 0)   0.151 us    |    mem_cgroup_from_task(); /* ret=0xffff8f3081341b00 */
 0)               |    count_memcg_events() {
 0)   0.151 us    |      __css_rstat_updated(); /* ret=0xffff8f30bec39cb0 */
 0)   0.481 us    |    } /* count_memcg_events ret=0x100 */
 0)   0.150 us    |    __rcu_read_unlock(); /* ret=0x0 */
 0) + 24.415 us   |  } /* handle_mm_fault ret=0x0 */
 0)               |  lock_vma_under_rcu() {
 0)   0.161 us    |    __rcu_read_lock(); /* ret=0xffff8f308369c400 */
 0)   0.150 us    |    __rcu_read_unlock(); /* ret=0x0 */
 0)   0.892 us    |  } /* lock_vma_under_rcu ret=0xffff8f3082e44600 */
 0)               |  handle_mm_fault() {
 0)               |    __handle_mm_fault() {
 0)               |      pte_offset_map_rw_nolock() {
 0)               |        __pte_offset_map() {
 0)   0.150 us    |          __rcu_read_lock(); /* ret=0xffff8f308369c400 */
 0)   0.481 us    |        } /* __pte_offset_map ret=0xffff8f30835d4a78 */
 0)   0.822 us    |      } /* pte_offset_map_rw_nolock ret=0xffff8f30835d4a78 */
 0)   0.150 us    |      __rcu_read_unlock(); /* ret=0x0 */
 0)               |      do_fault() {
 0)   0.149 us    |        __rcu_read_lock(); /* ret=0xffff8f308369c400 */
 0)               |        filemap_map_pages() {
 0)   0.149 us    |          __rcu_read_lock(); /* ret=0xffff8f308369c400 */
 0)   0.230 us    |          next_uptodate_folio(); /* ret=0xfffff2a100fb5000 */
 0)               |          pte_offset_map_lock() {
 0)               |            __pte_offset_map() {
 0)   0.150 us    |              __rcu_read_lock(); /* ret=0xffff8f308369c400 */
 0)   0.491 us    |            } /* __pte_offset_map ret=0xffff8f30835d4a00 */
 0)   0.151 us    |            _raw_spin_lock(); /* ret=0x0 */
 0)   1.152 us    |          } /* pte_offset_map_lock ret=0xffff8f30835d4a00 */
 0)               |          set_pte_range() {
 0)   0.161 us    |            folio_add_file_rmap_ptes(); /* ret=0x0 */
 0)   0.532 us    |          } /* set_pte_range ret=0x0 */
 0)   0.171 us    |          next_uptodate_folio(); /* ret=0xfffff2a100fb5040 */
 0)               |          set_pte_range() {
 0)   0.170 us    |            folio_add_file_rmap_ptes(); /* ret=0x0 */
 0)   0.521 us    |          } /* set_pte_range ret=0x0 */
 0)   0.171 us    |          next_uptodate_folio(); /* ret=0xfffff2a100fb5080 */
 0)               |          set_pte_range() {
 0)   0.161 us    |            folio_add_file_rmap_ptes(); /* ret=0x0 */
 0)   0.510 us    |          } /* set_pte_range ret=0x0 */
 0)   0.161 us    |          next_uptodate_folio(); /* ret=0xfffff2a100fb50c0 */
 0)               |          set_pte_range() {
 0)   0.171 us    |            folio_add_file_rmap_ptes(); /* ret=0x0 */
 0)   0.511 us    |          } /* set_pte_range ret=0x0 */
 0)   0.160 us    |          next_uptodate_folio(); /* ret=0xfffff2a100fb5100 */
 0)               |          set_pte_range() {
 0)   0.160 us    |            folio_add_file_rmap_ptes(); /* ret=0x0 */
 0)   0.511 us    |          } /* set_pte_range ret=0x0 */
 0)   0.161 us    |          next_uptodate_folio(); /* ret=0xfffff2a100fb5140 */
 0)               |          set_pte_range() {
 0)   0.160 us    |            folio_add_file_rmap_ptes(); /* ret=0x0 */
 0)   0.511 us    |          } /* set_pte_range ret=0x0 */
 0)   0.160 us    |          next_uptodate_folio(); /* ret=0xfffff2a100fb5180 */
 0)               |          set_pte_range() {
 0)   0.160 us    |            folio_add_file_rmap_ptes(); /* ret=0x0 */
 0)   0.511 us    |          } /* set_pte_range ret=0x0 */
 0)   0.160 us    |          next_uptodate_folio(); /* ret=0xfffff2a100fb51c0 */
 0)               |          set_pte_range() {
 0)   0.171 us    |            folio_add_file_rmap_ptes(); /* ret=0x0 */
 0)   0.651 us    |          } /* set_pte_range ret=0x0 */
 0)   0.170 us    |          next_uptodate_folio(); /* ret=0xfffff2a100fb5200 */
 0)               |          set_pte_range() {
 0)   0.171 us    |            folio_add_file_rmap_ptes(); /* ret=0x0 */
 0)   0.511 us    |          } /* set_pte_range ret=0x0 */
 0)   0.160 us    |          next_uptodate_folio(); /* ret=0xfffff2a100fb5240 */
 0)               |          set_pte_range() {
 0)   0.160 us    |            folio_add_file_rmap_ptes(); /* ret=0x0 */
 0)   0.511 us    |          } /* set_pte_range ret=0x0 */
 0)   0.160 us    |          next_uptodate_folio(); /* ret=0xfffff2a100fb5280 */
 0)               |          set_pte_range() {
 0)   0.160 us    |            folio_add_file_rmap_ptes(); /* ret=0x0 */
 0)   0.511 us    |          } /* set_pte_range ret=0x0 */
 0)   0.160 us    |          next_uptodate_folio(); /* ret=0xfffff2a100fb52c0 */
 0)               |          set_pte_range() {
 0)   0.160 us    |            folio_add_file_rmap_ptes(); /* ret=0x0 */
 0)   0.501 us    |          } /* set_pte_range ret=0x0 */
 0)   0.160 us    |          next_uptodate_folio(); /* ret=0xfffff2a100fb5300 */
 0)               |          set_pte_range() {
 0)   0.160 us    |            folio_add_file_rmap_ptes(); /* ret=0x0 */
 0)   0.521 us    |          } /* set_pte_range ret=0x0 */
 0)   0.161 us    |          next_uptodate_folio(); /* ret=0xfffff2a100fb5340 */
 0)               |          set_pte_range() {
 0)   0.161 us    |            folio_add_file_rmap_ptes(); /* ret=0x0 */
 0)   0.511 us    |          } /* set_pte_range ret=0x0 */
 0)   0.161 us    |          next_uptodate_folio(); /* ret=0xfffff2a100fb5380 */
 0)               |          set_pte_range() {
 0)   0.160 us    |            folio_add_file_rmap_ptes(); /* ret=0x0 */
 0)   0.510 us    |          } /* set_pte_range ret=0x0 */
 0)   0.160 us    |          next_uptodate_folio(); /* ret=0xfffff2a100fb53c0 */
 0)               |          set_pte_range() {
 0)   0.170 us    |            folio_add_file_rmap_ptes(); /* ret=0x0 */
 0)   0.521 us    |          } /* set_pte_range ret=0x0 */
 0)   0.171 us    |          next_uptodate_folio(); /* ret=0x0 */
 0)   0.161 us    |          mm_trace_rss_stat(); /* ret=0x1 */
 0)   0.160 us    |          _raw_spin_unlock(); /* ret=0x1 */
 0)   0.150 us    |          __rcu_read_unlock(); /* ret=0x1 */
 0)   0.151 us    |          __rcu_read_unlock(); /* ret=0x1 */
 0) + 20.308 us   |        } /* filemap_map_pages ret=0x100 */
 0)   0.160 us    |        __rcu_read_unlock(); /* ret=0x0 */
 0) + 21.320 us   |      } /* do_fault ret=0x100 */
 0) + 23.054 us   |    } /* __handle_mm_fault ret=0x100 */
 0)   0.150 us    |    __rcu_read_lock(); /* ret=0xffff8f308369c400 */
 0)   0.151 us    |    mem_cgroup_from_task(); /* ret=0xffff8f3081341b00 */
 0)               |    count_memcg_events() {
 0)   0.149 us    |      __css_rstat_updated(); /* ret=0xffff8f30bec39cb0 */
 0)   0.501 us    |    } /* count_memcg_events ret=0x100 */
 0)   0.161 us    |    __rcu_read_unlock(); /* ret=0x0 */
 0) + 25.067 us   |  } /* handle_mm_fault ret=0x100 */
 0)               |  lock_vma_under_rcu() {
 0)   0.150 us    |    __rcu_read_lock(); /* ret=0xffff8f308369c400 */
 0)   0.151 us    |    __rcu_read_unlock(); /* ret=0x0 */
 0)   0.892 us    |  } /* lock_vma_under_rcu ret=0xffff8f30840b1480 */
 0)               |  handle_mm_fault() {
 0)               |    __handle_mm_fault() {
 0)               |      pte_offset_map_rw_nolock() {
 0)               |        __pte_offset_map() {
 0)   0.160 us    |          __rcu_read_lock(); /* ret=0xffff8f308369c400 */
 0)   0.491 us    |        } /* __pte_offset_map ret=0xffff8f30835d4ca0 */
 0)   0.822 us    |      } /* pte_offset_map_rw_nolock ret=0xffff8f30835d4ca0 */
 0)   0.150 us    |      __rcu_read_unlock(); /* ret=0x0 */
 0)               |      do_anonymous_page() {
 0)               |        __vmf_anon_prepare() {
 0)   0.150 us    |          down_read_trylock(); /* ret=0x1 */
 0)               |          __anon_vma_prepare() {
 0)   0.220 us    |            kmem_cache_alloc_noprof(); /* ret=0xffff8f30840c6300 */
 0)               |            find_mergeable_anon_vma() {
 0)   0.181 us    |              anon_vma_compatible(); /* ret=0x0 */
 0)   0.591 us    |            } /* find_mergeable_anon_vma ret=0x0 */
 0)   0.181 us    |            kmem_cache_alloc_noprof(); /* ret=0xffff8f3083274d20 */
 0)   0.150 us    |            down_write(); /* ret=0xffff8f308369c400 */
 0)   0.150 us    |            _raw_spin_lock(); /* ret=0x0 */
 0)   0.161 us    |            anon_vma_interval_tree_insert(); /* ret=0xffff8f30840c6320 */
 0)   0.160 us    |            _raw_spin_unlock(); /* ret=0x1 */
 0)   0.151 us    |            up_write(); /* ret=0x1 */
 0)   3.457 us    |          } /* __anon_vma_prepare ret=0x0 */
 0)   0.151 us    |          up_read(); /* ret=0x0 */
 0)   4.518 us    |        } /* __vmf_anon_prepare ret=0x0 */
 0)               |        vma_alloc_folio_noprof() {
 0)   0.201 us    |          get_vma_policy(); /* ret=0xffffffffb05b36a0 */
 0)               |          alloc_pages_mpol() {
 0)   0.160 us    |            policy_nodemask(); /* ret=0x0 */
 0)               |            __alloc_frozen_pages_noprof() {
 0)               |              get_page_from_freelist() {
 0)   0.160 us    |                _raw_spin_trylock(); /* ret=0x1 */
 0)   0.160 us    |                _raw_spin_unlock(); /* ret=0x1 */
 0)   0.390 us    |                kernel_init_pages(); /* ret=0x0 */
 0)   1.533 us    |              } /* get_page_from_freelist ret=0xfffff2a1007184c0 */
 0)   1.884 us    |            } /* __alloc_frozen_pages_noprof ret=0xfffff2a1007184c0 */
 0)   2.574 us    |          } /* alloc_pages_mpol ret=0xfffff2a1007184c0 */
 0)   3.287 us    |        } /* vma_alloc_folio_noprof ret=0xfffff2a1007184c0 */
 0)               |        __mem_cgroup_charge() {
 0)               |          get_mem_cgroup_from_mm() {
 0)   0.150 us    |            __rcu_read_lock(); /* ret=0xffff8f308369c400 */
 0)   0.151 us    |            __rcu_read_unlock(); /* ret=0x0 */
 0)   0.832 us    |          } /* get_mem_cgroup_from_mm ret=0xffff8f3081341b00 */
 0)               |          charge_memcg() {
 0)   0.151 us    |            __rcu_read_lock(); /* ret=0xffff8f308369c400 */
 0)   0.169 us    |            __get_obj_cgroup_from_memcg(); /* ret=0xffff8f30811e1fc0 */
 0)   0.150 us    |            __rcu_read_unlock(); /* ret=0x0 */
 0)   1.162 us    |          } /* charge_memcg ret=0x0 */
 0)   2.505 us    |        } /* __mem_cgroup_charge ret=0x0 */
 0)   0.151 us    |        __folio_throttle_swaprate(); /* ret=0x0 */
 0)               |        pte_offset_map_lock() {
 0)               |          __pte_offset_map() {
 0)   0.161 us    |            __rcu_read_lock(); /* ret=0xffff8f308369c400 */
 0)   0.491 us    |          } /* __pte_offset_map ret=0xffff8f30835d4ca0 */
 0)   0.151 us    |          _raw_spin_lock(); /* ret=0x0 */
 0)   1.152 us    |        } /* pte_offset_map_lock ret=0xffff8f30835d4ca0 */
 0)               |        map_anon_folio_pte_nopf() {
 0)   0.150 us    |          pte_mkwrite(); /* ret=0x800000001c613867 */
 0)               |          folio_add_new_anon_rmap() {
 0)               |            __folio_mod_stat() {
 0)               |              lruvec_stat_mod_folio() {
 0)   0.149 us    |                __rcu_read_lock(); /* ret=0xffff8f308369c400 */
 0)   0.160 us    |                mod_node_page_state(); /* ret=0x3 */
 0)               |                __mod_memcg_lruvec_state() {
 0)   0.151 us    |                  memcg_state_val_in_pages(); /* ret=0x1 */
 0)   0.160 us    |                  __css_rstat_updated(); /* ret=0xffff8f30bec39cb0 */
 0)   0.851 us    |                } /* __mod_memcg_lruvec_state ret=0x100 */
 0)   0.151 us    |                __rcu_read_unlock(); /* ret=0x100 */
 0)   2.194 us    |              } /* lruvec_stat_mod_folio ret=0x100 */
 0)   2.525 us    |            } /* __folio_mod_stat ret=0x0 */
 0)   2.865 us    |          } /* folio_add_new_anon_rmap ret=0x0 */
 0)               |          folio_add_lru_vma() {
 0)               |            folio_add_lru() {
 0)   0.150 us    |              __folio_batch_add_and_move(); /* ret=0x0 */
 0)   0.492 us    |            } /* folio_add_lru ret=0x0 */
 0)   0.821 us    |          } /* folio_add_lru_vma ret=0x0 */
 0)   4.559 us    |        } /* map_anon_folio_pte_nopf ret=0x0 */
 0)   0.160 us    |        _raw_spin_unlock(); /* ret=0x1 */
 0)   0.160 us    |        __rcu_read_unlock(); /* ret=0x0 */
 0) + 18.165 us   |      } /* do_anonymous_page ret=0x0 */
 0) + 19.917 us   |    } /* __handle_mm_fault ret=0x0 */
 0)   0.150 us    |    __rcu_read_lock(); /* ret=0xffff8f308369c400 */
 0)   0.150 us    |    mem_cgroup_from_task(); /* ret=0xffff8f3081341b00 */
 0)               |    count_memcg_events() {
 0)   0.160 us    |      __css_rstat_updated(); /* ret=0xffff8f30bec39cb0 */
 0)   0.621 us    |    } /* count_memcg_events ret=0x100 */
 0)   0.150 us    |    __rcu_read_unlock(); /* ret=0x0 */
 0) + 22.061 us   |  } /* handle_mm_fault ret=0x0 */
 0)               |  lock_vma_under_rcu() {
 0)   0.160 us    |    __rcu_read_lock(); /* ret=0xffff8f308369c400 */
 0)   0.160 us    |    __rcu_read_unlock(); /* ret=0x0 */
 0)   0.882 us    |  } /* lock_vma_under_rcu ret=0xffff8f30840b1480 */
 0)               |  handle_mm_fault() {
 0)               |    __handle_mm_fault() {
 0)               |      pte_offset_map_rw_nolock() {
 0)               |        __pte_offset_map() {
 0)   0.150 us    |          __rcu_read_lock(); /* ret=0xffff8f308369c400 */
 0)   0.481 us    |        } /* __pte_offset_map ret=0xffff8f30835d4ca8 */
 0)   0.832 us    |      } /* pte_offset_map_rw_nolock ret=0xffff8f30835d4ca8 */
 0)   0.150 us    |      __rcu_read_unlock(); /* ret=0x0 */
 0)               |      do_anonymous_page() {
 0)   0.160 us    |        __vmf_anon_prepare(); /* ret=0x0 */
 0)               |        vma_alloc_folio_noprof() {
 0)   0.169 us    |          get_vma_policy(); /* ret=0xffffffffb05b36a0 */
 0)               |          alloc_pages_mpol() {
 0)   0.169 us    |            policy_nodemask(); /* ret=0x0 */
 0)               |            __alloc_frozen_pages_noprof() {
 0)               |              get_page_from_freelist() {
 0)   0.151 us    |                _raw_spin_trylock(); /* ret=0x1 */
 0)   0.161 us    |                _raw_spin_unlock(); /* ret=0x1 */
 0)   0.411 us    |                kernel_init_pages(); /* ret=0x0 */
 0)   1.513 us    |              } /* get_page_from_freelist ret=0xfffff2a100634440 */
 0)   1.854 us    |            } /* __alloc_frozen_pages_noprof ret=0xfffff2a100634440 */
 0)   2.535 us    |          } /* alloc_pages_mpol ret=0xfffff2a100634440 */
 0)   3.206 us    |        } /* vma_alloc_folio_noprof ret=0xfffff2a100634440 */
 0)               |        __mem_cgroup_charge() {
 0)               |          get_mem_cgroup_from_mm() {
 0)   0.150 us    |            __rcu_read_lock(); /* ret=0xffff8f308369c400 */
 0)   0.151 us    |            __rcu_read_unlock(); /* ret=0x0 */
 0)   0.832 us    |          } /* get_mem_cgroup_from_mm ret=0xffff8f3081341b00 */
 0)               |          charge_memcg() {
 0)   0.150 us    |            __rcu_read_lock(); /* ret=0xffff8f308369c400 */
 0)   0.160 us    |            __get_obj_cgroup_from_memcg(); /* ret=0xffff8f30811e1fc0 */
 0)   0.151 us    |            __rcu_read_unlock(); /* ret=0x0 */
 0)   1.142 us    |          } /* charge_memcg ret=0x0 */
 0)   2.495 us    |        } /* __mem_cgroup_charge ret=0x0 */
 0)   0.160 us    |        __folio_throttle_swaprate(); /* ret=0x0 */
 0)               |        pte_offset_map_lock() {
 0)               |          __pte_offset_map() {
 0)   0.150 us    |            __rcu_read_lock(); /* ret=0xffff8f308369c400 */
 0)   0.481 us    |          } /* __pte_offset_map ret=0xffff8f30835d4ca8 */
 0)   0.151 us    |          _raw_spin_lock(); /* ret=0x0 */
 0)   1.152 us    |        } /* pte_offset_map_lock ret=0xffff8f30835d4ca8 */
 0)               |        map_anon_folio_pte_nopf() {
 0)   0.150 us    |          pte_mkwrite(); /* ret=0x8000000018d11867 */
 0)               |          folio_add_new_anon_rmap() {
 0)               |            __folio_mod_stat() {
 0)               |              lruvec_stat_mod_folio() {
 0)   0.161 us    |                __rcu_read_lock(); /* ret=0xffff8f308369c400 */
 0)   0.151 us    |                mod_node_page_state(); /* ret=0x4 */
 0)               |                __mod_memcg_lruvec_state() {
 0)   0.150 us    |                  memcg_state_val_in_pages(); /* ret=0x1 */
 0)   0.150 us    |                  __css_rstat_updated(); /* ret=0xffff8f30bec39cb0 */
 0)   0.822 us    |                } /* __mod_memcg_lruvec_state ret=0x100 */
 0)   0.150 us    |                __rcu_read_unlock(); /* ret=0x100 */
 0)   2.144 us    |              } /* lruvec_stat_mod_folio ret=0x100 */
 0)   2.475 us    |            } /* __folio_mod_stat ret=0x0 */
 0)   2.816 us    |          } /* folio_add_new_anon_rmap ret=0x0 */
 0)               |          folio_add_lru_vma() {
 0)               |            folio_add_lru() {
 0)   0.160 us    |              __folio_batch_add_and_move(); /* ret=0x0 */
 0)   0.481 us    |            } /* folio_add_lru ret=0x0 */
 0)   0.811 us    |          } /* folio_add_lru_vma ret=0x0 */
 0)   4.499 us    |        } /* map_anon_folio_pte_nopf ret=0x0 */
 0)   0.160 us    |        _raw_spin_unlock(); /* ret=0x1 */
 0)   0.151 us    |        __rcu_read_unlock(); /* ret=0x0 */
 0) + 13.586 us   |      } /* do_anonymous_page ret=0x0 */
 0) + 15.319 us   |    } /* __handle_mm_fault ret=0x0 */
 0)   0.160 us    |    __rcu_read_lock(); /* ret=0xffff8f308369c400 */
 0)   0.150 us    |    mem_cgroup_from_task(); /* ret=0xffff8f3081341b00 */
 0)               |    count_memcg_events() {
 0)   0.160 us    |      __css_rstat_updated(); /* ret=0xffff8f30bec39cb0 */
 0)   0.490 us    |    } /* count_memcg_events ret=0x100 */
 0)   0.150 us    |    __rcu_read_unlock(); /* ret=0x0 */
 0) + 17.383 us   |  } /* handle_mm_fault ret=0x0 */
 0)               |  lock_vma_under_rcu() {
 0)   0.151 us    |    __rcu_read_lock(); /* ret=0xffff8f308369c400 */
 0)   0.150 us    |    __rcu_read_unlock(); /* ret=0x0 */
 0)   0.871 us    |  } /* lock_vma_under_rcu ret=0xffff8f3082e44600 */
 0)               |  handle_mm_fault() {
 0)               |    __handle_mm_fault() {
 0)               |      pte_offset_map_rw_nolock() {
 0)               |        __pte_offset_map() {
 0)   0.151 us    |          __rcu_read_lock(); /* ret=0xffff8f308369c400 */
 0)   0.481 us    |        } /* __pte_offset_map ret=0xffff8f30835d4ae8 */
 0)   0.821 us    |      } /* pte_offset_map_rw_nolock ret=0xffff8f30835d4ae8 */
 0)   0.151 us    |      __rcu_read_unlock(); /* ret=0x0 */
 0)               |      do_fault() {
 0)   0.151 us    |        __rcu_read_lock(); /* ret=0xffff8f308369c400 */
 0)               |        filemap_map_pages() {
 0)   0.151 us    |          __rcu_read_lock(); /* ret=0xffff8f308369c400 */
 0)   0.200 us    |          next_uptodate_folio(); /* ret=0xfffff2a100fb5400 */
 0)               |          pte_offset_map_lock() {
 0)               |            __pte_offset_map() {
 0)   0.149 us    |              __rcu_read_lock(); /* ret=0xffff8f308369c400 */
 0)   0.481 us    |            } /* __pte_offset_map ret=0xffff8f30835d4a80 */
 0)   0.151 us    |            _raw_spin_lock(); /* ret=0x0 */
 0)   1.153 us    |          } /* pte_offset_map_lock ret=0xffff8f30835d4a80 */
 0)               |          set_pte_range() {
 0)   0.170 us    |            folio_add_file_rmap_ptes(); /* ret=0x0 */
 0)   0.541 us    |          } /* set_pte_range ret=0x0 */
 0)   0.161 us    |          next_uptodate_folio(); /* ret=0xfffff2a100fb5440 */
 0)               |          set_pte_range() {
 0)   0.160 us    |            folio_add_file_rmap_ptes(); /* ret=0x0 */
 0)   0.511 us    |          } /* set_pte_range ret=0x0 */
 0)   0.160 us    |          next_uptodate_folio(); /* ret=0xfffff2a100fb5480 */
 0)               |          set_pte_range() {
 0)   0.160 us    |            folio_add_file_rmap_ptes(); /* ret=0x0 */
 0)   0.511 us    |          } /* set_pte_range ret=0x0 */
 0)   0.160 us    |          next_uptodate_folio(); /* ret=0xfffff2a100fb54c0 */
 0)               |          set_pte_range() {
 0)   0.160 us    |            folio_add_file_rmap_ptes(); /* ret=0x0 */
 0)   0.511 us    |          } /* set_pte_range ret=0x0 */
 0)   0.160 us    |          next_uptodate_folio(); /* ret=0xfffff2a100fb5500 */
 0)               |          set_pte_range() {
 0)   0.160 us    |            folio_add_file_rmap_ptes(); /* ret=0x0 */
 0)   0.511 us    |          } /* set_pte_range ret=0x0 */
 0)   0.161 us    |          next_uptodate_folio(); /* ret=0xfffff2a100fb5540 */
 0)               |          set_pte_range() {
 0)   0.161 us    |            folio_add_file_rmap_ptes(); /* ret=0x0 */
 0)   0.501 us    |          } /* set_pte_range ret=0x0 */
 0)   0.210 us    |          next_uptodate_folio(); /* ret=0xfffff2a100fb5580 */
 0)               |          set_pte_range() {
 0)   0.160 us    |            folio_add_file_rmap_ptes(); /* ret=0x0 */
 0)   0.511 us    |          } /* set_pte_range ret=0x0 */
 0)   0.161 us    |          next_uptodate_folio(); /* ret=0xfffff2a100fb55c0 */
 0)               |          set_pte_range() {
 0)   0.160 us    |            folio_add_file_rmap_ptes(); /* ret=0x0 */
 0)   0.511 us    |          } /* set_pte_range ret=0x0 */
 0)   0.160 us    |          next_uptodate_folio(); /* ret=0xfffff2a100fb5600 */
 0)               |          set_pte_range() {
 0)   0.160 us    |            folio_add_file_rmap_ptes(); /* ret=0x0 */
 0)   0.512 us    |          } /* set_pte_range ret=0x0 */
 0)   0.161 us    |          next_uptodate_folio(); /* ret=0xfffff2a100fb5640 */
 0)               |          set_pte_range() {
 0)   0.161 us    |            folio_add_file_rmap_ptes(); /* ret=0x0 */
 0)   0.512 us    |          } /* set_pte_range ret=0x0 */
 0)   0.290 us    |          next_uptodate_folio(); /* ret=0xfffff2a100fb5680 */
 0)               |          set_pte_range() {
 0)   0.161 us    |            folio_add_file_rmap_ptes(); /* ret=0x0 */
 0)   0.511 us    |          } /* set_pte_range ret=0x0 */
 0)   0.170 us    |          next_uptodate_folio(); /* ret=0xfffff2a100fb56c0 */
 0)               |          set_pte_range() {
 0)   0.160 us    |            folio_add_file_rmap_ptes(); /* ret=0x0 */
 0)   0.511 us    |          } /* set_pte_range ret=0x0 */
 0)   0.160 us    |          next_uptodate_folio(); /* ret=0xfffff2a100fb5700 */
 0)               |          set_pte_range() {
 0)   0.161 us    |            folio_add_file_rmap_ptes(); /* ret=0x0 */
 0)   0.512 us    |          } /* set_pte_range ret=0x0 */
 0)   0.161 us    |          next_uptodate_folio(); /* ret=0xfffff2a100fb5740 */
 0)               |          set_pte_range() {
 0)   0.161 us    |            folio_add_file_rmap_ptes(); /* ret=0x0 */
 0)   0.510 us    |          } /* set_pte_range ret=0x0 */
 0)   0.160 us    |          next_uptodate_folio(); /* ret=0xfffff2a100fb5780 */
 0)               |          set_pte_range() {
 0)   0.160 us    |            folio_add_file_rmap_ptes(); /* ret=0x0 */
 0)   0.510 us    |          } /* set_pte_range ret=0x0 */
 0)   0.160 us    |          next_uptodate_folio(); /* ret=0xfffff2a100fb57c0 */
 0)               |          set_pte_range() {
 0)   0.160 us    |            folio_add_file_rmap_ptes(); /* ret=0x0 */
 0)   0.501 us    |          } /* set_pte_range ret=0x0 */
 0)   0.180 us    |          next_uptodate_folio(); /* ret=0x0 */
 0)   0.160 us    |          _raw_spin_lock_irqsave(); /* ret=0x296 */
 0)   0.161 us    |          _raw_spin_unlock_irqrestore(); /* ret=0x1 */
 0)   0.150 us    |          mm_trace_rss_stat(); /* ret=0x1 */
 0)   0.160 us    |          _raw_spin_unlock(); /* ret=0x1 */
 0)   0.161 us    |          __rcu_read_unlock(); /* ret=0x1 */
 0)   0.151 us    |          __rcu_read_unlock(); /* ret=0x1 */
 0) + 20.939 us   |        } /* filemap_map_pages ret=0x100 */
 0)   0.151 us    |        __rcu_read_unlock(); /* ret=0x0 */
 0) + 21.961 us   |      } /* do_fault ret=0x100 */
 0) + 23.685 us   |    } /* __handle_mm_fault ret=0x100 */
 0)   0.160 us    |    __rcu_read_lock(); /* ret=0xffff8f308369c400 */
 0)   0.151 us    |    mem_cgroup_from_task(); /* ret=0xffff8f3081341b00 */
 0)               |    count_memcg_events() {
 0)   0.149 us    |      __css_rstat_updated(); /* ret=0xffff8f30bec39cb0 */
 0)   0.511 us    |    } /* count_memcg_events ret=0x100 */
 0)   0.151 us    |    __rcu_read_unlock(); /* ret=0x0 */
 0) + 25.708 us   |  } /* handle_mm_fault ret=0x100 */
 0)               |  __x64_sys_arch_prctl() {
 0)   0.231 us    |    do_arch_prctl_64(); /* ret=0x0 */
 0)   0.601 us    |  } /* __x64_sys_arch_prctl ret=0x0 */
 0)               |  __x64_sys_set_tid_address() {
 0)               |    __task_pid_nr_ns() {
 0)   0.150 us    |      __rcu_read_lock(); /* ret=0xffff8f308369c400 */
 0)   0.151 us    |      __rcu_read_unlock(); /* ret=0x0 */
 0)   0.912 us    |    } /* __task_pid_nr_ns ret=0xe9 */
 0)   1.352 us    |  } /* __x64_sys_set_tid_address ret=0xe9 */
 0)               |  lock_vma_under_rcu() {
 0)   0.151 us    |    __rcu_read_lock(); /* ret=0xffff8f308369c400 */
 0)   0.150 us    |    __rcu_read_unlock(); /* ret=0x0 */
 0)   0.942 us    |  } /* lock_vma_under_rcu ret=0xffff8f3082e44600 */
 0)               |  handle_mm_fault() {
 0)               |    __handle_mm_fault() {
 0)               |      pte_offset_map_rw_nolock() {
 0)               |        __pte_offset_map() {
 0)   0.160 us    |          __rcu_read_lock(); /* ret=0xffff8f308369c400 */
 0)   0.491 us    |        } /* __pte_offset_map ret=0xffff8f30835d44b8 */
 0)   0.822 us    |      } /* pte_offset_map_rw_nolock ret=0xffff8f30835d44b8 */
 0)   0.151 us    |      __rcu_read_unlock(); /* ret=0x0 */
 0)               |      do_fault() {
 0)   0.150 us    |        __rcu_read_lock(); /* ret=0xffff8f308369c400 */
 0)               |        filemap_map_pages() {
 0)   0.160 us    |          __rcu_read_lock(); /* ret=0xffff8f308369c400 */
 0)   0.210 us    |          next_uptodate_folio(); /* ret=0xfffff2a1007215c0 */
 0)               |          pte_offset_map_lock() {
 0)               |            __pte_offset_map() {
 0)   0.150 us    |              __rcu_read_lock(); /* ret=0xffff8f308369c400 */
 0)   0.481 us    |            } /* __pte_offset_map ret=0xffff8f30835d44b8 */
 0)   0.160 us    |            _raw_spin_lock(); /* ret=0x0 */
 0)   1.282 us    |          } /* pte_offset_map_lock ret=0xffff8f30835d44b8 */
 0)               |          set_pte_range() {
 0)   0.161 us    |            folio_add_file_rmap_ptes(); /* ret=0x0 */
 0)   0.550 us    |          } /* set_pte_range ret=0x0 */
 0)   0.160 us    |          next_uptodate_folio(); /* ret=0xfffff2a100721600 */
 0)               |          set_pte_range() {
 0)   0.161 us    |            folio_add_file_rmap_ptes(); /* ret=0x0 */
 0)   0.512 us    |          } /* set_pte_range ret=0x0 */
 0)   0.161 us    |          next_uptodate_folio(); /* ret=0xfffff2a100721640 */
 0)               |          set_pte_range() {
 0)   0.150 us    |            folio_add_file_rmap_ptes(); /* ret=0x0 */
 0)   0.510 us    |          } /* set_pte_range ret=0x0 */
 0)   0.160 us    |          next_uptodate_folio(); /* ret=0xfffff2a100721680 */
 0)               |          set_pte_range() {
 0)   0.160 us    |            folio_add_file_rmap_ptes(); /* ret=0x0 */
 0)   0.512 us    |          } /* set_pte_range ret=0x0 */
 0)   0.160 us    |          next_uptodate_folio(); /* ret=0xfffff2a1007216c0 */
 0)               |          set_pte_range() {
 0)   0.160 us    |            folio_add_file_rmap_ptes(); /* ret=0x0 */
 0)   0.512 us    |          } /* set_pte_range ret=0x0 */
 0)   0.160 us    |          next_uptodate_folio(); /* ret=0xfffff2a100721700 */
 0)               |          set_pte_range() {
 0)   0.160 us    |            folio_add_file_rmap_ptes(); /* ret=0x0 */
 0)   0.510 us    |          } /* set_pte_range ret=0x0 */
 0)   0.160 us    |          next_uptodate_folio(); /* ret=0xfffff2a100721740 */
 0)               |          set_pte_range() {
 0)   0.161 us    |            folio_add_file_rmap_ptes(); /* ret=0x0 */
 0)   0.510 us    |          } /* set_pte_range ret=0x0 */
 0)   0.161 us    |          next_uptodate_folio(); /* ret=0xfffff2a100721780 */
 0)               |          set_pte_range() {
 0)   0.161 us    |            folio_add_file_rmap_ptes(); /* ret=0x0 */
 0)   0.511 us    |          } /* set_pte_range ret=0x0 */
 0)   0.160 us    |          next_uptodate_folio(); /* ret=0xfffff2a1007217c0 */
 0)               |          set_pte_range() {
 0)   0.160 us    |            folio_add_file_rmap_ptes(); /* ret=0x0 */
 0)   0.511 us    |          } /* set_pte_range ret=0x0 */
 0)   0.161 us    |          next_uptodate_folio(); /* ret=0xfffff2a100721800 */
 0)   0.160 us    |          next_uptodate_folio(); /* ret=0xfffff2a100721840 */
 0)   0.150 us    |          next_uptodate_folio(); /* ret=0xfffff2a100721880 */
 0)   0.160 us    |          next_uptodate_folio(); /* ret=0xfffff2a1007218c0 */
 0)   0.150 us    |          next_uptodate_folio(); /* ret=0xfffff2a100721900 */
 0)   0.161 us    |          next_uptodate_folio(); /* ret=0xfffff2a100721940 */
 0)   0.151 us    |          next_uptodate_folio(); /* ret=0xfffff2a100721980 */
 0)   0.160 us    |          next_uptodate_folio(); /* ret=0x0 */
 0)   0.150 us    |          mm_trace_rss_stat(); /* ret=0x0 */
 0)   0.160 us    |          _raw_spin_unlock(); /* ret=0x1 */
 0)   0.160 us    |          __rcu_read_unlock(); /* ret=0x1 */
 0)   0.160 us    |          __rcu_read_unlock(); /* ret=0x1 */
 0) + 15.409 us   |        } /* filemap_map_pages ret=0x100 */
 0)   0.149 us    |        __rcu_read_unlock(); /* ret=0x0 */
 0) + 16.431 us   |      } /* do_fault ret=0x100 */
 0) + 18.184 us   |    } /* __handle_mm_fault ret=0x100 */
 0)   0.161 us    |    __rcu_read_lock(); /* ret=0xffff8f308369c400 */
 0)   0.160 us    |    mem_cgroup_from_task(); /* ret=0xffff8f3081341b00 */
 0)               |    count_memcg_events() {
 0)   0.160 us    |      __css_rstat_updated(); /* ret=0xffff8f30bec39cb0 */
 0)   0.501 us    |    } /* count_memcg_events ret=0x100 */
 0)   0.160 us    |    __rcu_read_unlock(); /* ret=0x0 */
 0) + 20.228 us   |  } /* handle_mm_fault ret=0x100 */
 0)               |  lock_vma_under_rcu() {
 0)   0.301 us    |    __rcu_read_lock(); /* ret=0xffff8f308369c400 */
 0)   0.151 us    |    __rcu_read_unlock(); /* ret=0x0 */
 0)   1.082 us    |  } /* lock_vma_under_rcu ret=0xffff8f3083222000 */
 0)               |  handle_mm_fault() {
 0)               |    __handle_mm_fault() {
 0)               |      pte_offset_map_rw_nolock() {
 0)               |        __pte_offset_map() {
 0)   0.150 us    |          __rcu_read_lock(); /* ret=0xffff8f308369c400 */
 0)   0.490 us    |        } /* __pte_offset_map ret=0xffff8f30835d4c08 */
 0)   0.821 us    |      } /* pte_offset_map_rw_nolock ret=0xffff8f30835d4c08 */
 0)   0.151 us    |      __rcu_read_unlock(); /* ret=0x0 */
 0)               |      do_fault() {
 0)   0.151 us    |        __rcu_read_lock(); /* ret=0xffff8f308369c400 */
 0)               |        filemap_map_pages() {
 0)   0.150 us    |          __rcu_read_lock(); /* ret=0xffff8f308369c400 */
 0)   0.251 us    |          next_uptodate_folio(); /* ret=0xfffff2a100fb7000 */
 0)               |          pte_offset_map_lock() {
 0)               |            __pte_offset_map() {
 0)   0.151 us    |              __rcu_read_lock(); /* ret=0xffff8f308369c400 */
 0)   0.481 us    |            } /* __pte_offset_map ret=0xffff8f30835d4c00 */
 0)   0.150 us    |            _raw_spin_lock(); /* ret=0x0 */
 0)   1.151 us    |          } /* pte_offset_map_lock ret=0xffff8f30835d4c00 */
 0)               |          set_pte_range() {
 0)   0.160 us    |            folio_add_file_rmap_ptes(); /* ret=0x0 */
 0)   0.531 us    |          } /* set_pte_range ret=0x0 */
 0)   0.160 us    |          next_uptodate_folio(); /* ret=0xfffff2a100fb7040 */
 0)               |          set_pte_range() {
 0)   0.160 us    |            folio_add_file_rmap_ptes(); /* ret=0x0 */
 0)   0.501 us    |          } /* set_pte_range ret=0x0 */
 0)   0.170 us    |          next_uptodate_folio(); /* ret=0xfffff2a100fb7080 */
 0)               |          set_pte_range() {
 0)   0.160 us    |            folio_add_file_rmap_ptes(); /* ret=0x0 */
 0)   0.501 us    |          } /* set_pte_range ret=0x0 */
 0)   0.160 us    |          next_uptodate_folio(); /* ret=0xfffff2a100fb70c0 */
 0)               |          set_pte_range() {
 0)   0.180 us    |            folio_add_file_rmap_ptes(); /* ret=0x0 */
 0)   0.521 us    |          } /* set_pte_range ret=0x0 */
 0)   0.160 us    |          next_uptodate_folio(); /* ret=0xfffff2a100fb7100 */
 0)               |          set_pte_range() {
 0)   0.160 us    |            folio_add_file_rmap_ptes(); /* ret=0x0 */
 0)   0.512 us    |          } /* set_pte_range ret=0x0 */
 0)   0.161 us    |          next_uptodate_folio(); /* ret=0xfffff2a100fb7140 */
 0)               |          set_pte_range() {
 0)   0.161 us    |            folio_add_file_rmap_ptes(); /* ret=0x0 */
 0)   0.512 us    |          } /* set_pte_range ret=0x0 */
 0)   0.160 us    |          next_uptodate_folio(); /* ret=0xfffff2a100fb7180 */
 0)               |          set_pte_range() {
 0)   0.160 us    |            folio_add_file_rmap_ptes(); /* ret=0x0 */
 0)   0.510 us    |          } /* set_pte_range ret=0x0 */
 0)   0.160 us    |          next_uptodate_folio(); /* ret=0xfffff2a100fb71c0 */
 0)               |          set_pte_range() {
 0)   0.160 us    |            folio_add_file_rmap_ptes(); /* ret=0x0 */
 0)   0.510 us    |          } /* set_pte_range ret=0x0 */
 0)   0.160 us    |          next_uptodate_folio(); /* ret=0xfffff2a100fb7200 */
 0)               |          set_pte_range() {
 0)   0.160 us    |            folio_add_file_rmap_ptes(); /* ret=0x0 */
 0)   0.512 us    |          } /* set_pte_range ret=0x0 */
 0)   0.160 us    |          next_uptodate_folio(); /* ret=0xfffff2a100fb7240 */
 0)               |          set_pte_range() {
 0)   0.160 us    |            folio_add_file_rmap_ptes(); /* ret=0x0 */
 0)   0.501 us    |          } /* set_pte_range ret=0x0 */
 0)   0.160 us    |          next_uptodate_folio(); /* ret=0xfffff2a100fb7280 */
 0)               |          set_pte_range() {
 0)   0.160 us    |            folio_add_file_rmap_ptes(); /* ret=0x0 */
 0)   0.510 us    |          } /* set_pte_range ret=0x0 */
 0)   0.161 us    |          next_uptodate_folio(); /* ret=0xfffff2a100fb72c0 */
 0)               |          set_pte_range() {
 0)   0.161 us    |            folio_add_file_rmap_ptes(); /* ret=0x0 */
 0)   0.501 us    |          } /* set_pte_range ret=0x0 */
 0)   0.161 us    |          next_uptodate_folio(); /* ret=0xfffff2a100fb7300 */
 0)               |          set_pte_range() {
 0)   0.170 us    |            folio_add_file_rmap_ptes(); /* ret=0x0 */
 0)   0.521 us    |          } /* set_pte_range ret=0x0 */
 0)   0.160 us    |          next_uptodate_folio(); /* ret=0xfffff2a100fb7340 */
 0)               |          set_pte_range() {
 0)   0.161 us    |            folio_add_file_rmap_ptes(); /* ret=0x0 */
 0)   0.512 us    |          } /* set_pte_range ret=0x0 */
 0)   0.161 us    |          next_uptodate_folio(); /* ret=0xfffff2a100fb7380 */
 0)               |          set_pte_range() {
 0)   0.160 us    |            folio_add_file_rmap_ptes(); /* ret=0x0 */
 0)   0.511 us    |          } /* set_pte_range ret=0x0 */
 0)   0.160 us    |          next_uptodate_folio(); /* ret=0xfffff2a100fb73c0 */
 0)               |          set_pte_range() {
 0)   0.160 us    |            folio_add_file_rmap_ptes(); /* ret=0x0 */
 0)   0.511 us    |          } /* set_pte_range ret=0x0 */
 0)   0.161 us    |          next_uptodate_folio(); /* ret=0x0 */
 0)   0.150 us    |          mm_trace_rss_stat(); /* ret=0x9 */
 0)   0.160 us    |          _raw_spin_unlock(); /* ret=0x1 */
 0)   0.160 us    |          __rcu_read_unlock(); /* ret=0x1 */
 0)   0.160 us    |          __rcu_read_unlock(); /* ret=0x1 */
 0) + 20.298 us   |        } /* filemap_map_pages ret=0x100 */
 0)   0.151 us    |        __rcu_read_unlock(); /* ret=0x0 */
 0) + 21.311 us   |      } /* do_fault ret=0x100 */
 0) + 23.063 us   |    } /* __handle_mm_fault ret=0x100 */
 0)   0.149 us    |    __rcu_read_lock(); /* ret=0xffff8f308369c400 */
 0)   0.150 us    |    mem_cgroup_from_task(); /* ret=0xffff8f3081341b00 */
 0)               |    count_memcg_events() {
 0)   0.150 us    |      __css_rstat_updated(); /* ret=0xffff8f30bec39cb0 */
 0)   0.490 us    |    } /* count_memcg_events ret=0x100 */
 0)   0.150 us    |    __rcu_read_unlock(); /* ret=0x0 */
 0) + 25.107 us   |  } /* handle_mm_fault ret=0x100 */
 0)               |  lock_vma_under_rcu() {
 0)   0.149 us    |    __rcu_read_lock(); /* ret=0xffff8f308369c400 */
 0)   0.151 us    |    __rcu_read_unlock(); /* ret=0x0 */
 0)   0.932 us    |  } /* lock_vma_under_rcu ret=0xffff8f3083222000 */
 0)               |  handle_mm_fault() {
 0)               |    __handle_mm_fault() {
 0)               |      pte_offset_map_rw_nolock() {
 0)               |        __pte_offset_map() {
 0)   0.151 us    |          __rcu_read_lock(); /* ret=0xffff8f308369c400 */
 0)   0.491 us    |        } /* __pte_offset_map ret=0xffff8f30835d4bc0 */
 0)   0.822 us    |      } /* pte_offset_map_rw_nolock ret=0xffff8f30835d4bc0 */
 0)   0.150 us    |      __rcu_read_unlock(); /* ret=0x0 */
 0)               |      do_fault() {
 0)   0.150 us    |        __rcu_read_lock(); /* ret=0xffff8f308369c400 */
 0)               |        filemap_map_pages() {
 0)   0.150 us    |          __rcu_read_lock(); /* ret=0xffff8f308369c400 */
 0)   0.209 us    |          next_uptodate_folio(); /* ret=0xfffff2a100fb5c00 */
 0)               |          pte_offset_map_lock() {
 0)               |            __pte_offset_map() {
 0)   0.151 us    |              __rcu_read_lock(); /* ret=0xffff8f308369c400 */
 0)   0.480 us    |            } /* __pte_offset_map ret=0xffff8f30835d4b80 */
 0)   0.150 us    |            _raw_spin_lock(); /* ret=0x0 */
 0)   1.142 us    |          } /* pte_offset_map_lock ret=0xffff8f30835d4b80 */
 0)               |          set_pte_range() {
 0)   0.160 us    |            folio_add_file_rmap_ptes(); /* ret=0x0 */
 0)   0.530 us    |          } /* set_pte_range ret=0x0 */
 0)   0.160 us    |          next_uptodate_folio(); /* ret=0xfffff2a100fb5c40 */
 0)               |          set_pte_range() {
 0)   0.160 us    |            folio_add_file_rmap_ptes(); /* ret=0x0 */
 0)   0.501 us    |          } /* set_pte_range ret=0x0 */
 0)   0.170 us    |          next_uptodate_folio(); /* ret=0xfffff2a100fb5c80 */
 0)               |          set_pte_range() {
 0)   0.150 us    |            folio_add_file_rmap_ptes(); /* ret=0x0 */
 0)   0.510 us    |          } /* set_pte_range ret=0x0 */
 0)   0.161 us    |          next_uptodate_folio(); /* ret=0xfffff2a100fb5cc0 */
 0)               |          set_pte_range() {
 0)   0.161 us    |            folio_add_file_rmap_ptes(); /* ret=0x0 */
 0)   0.501 us    |          } /* set_pte_range ret=0x0 */
 0)   0.160 us    |          next_uptodate_folio(); /* ret=0xfffff2a100fb5d00 */
 0)               |          set_pte_range() {
 0)   0.160 us    |            folio_add_file_rmap_ptes(); /* ret=0x0 */
 0)   0.510 us    |          } /* set_pte_range ret=0x0 */
 0)   0.161 us    |          next_uptodate_folio(); /* ret=0xfffff2a100fb5d40 */
 0)               |          set_pte_range() {
 0)   0.160 us    |            folio_add_file_rmap_ptes(); /* ret=0x0 */
 0)   0.512 us    |          } /* set_pte_range ret=0x0 */
 0)   0.160 us    |          next_uptodate_folio(); /* ret=0xfffff2a100fb5d80 */
 0)               |          set_pte_range() {
 0)   0.160 us    |            folio_add_file_rmap_ptes(); /* ret=0x0 */
 0)   0.500 us    |          } /* set_pte_range ret=0x0 */
 0)   0.160 us    |          next_uptodate_folio(); /* ret=0xfffff2a100fb5dc0 */
 0)               |          set_pte_range() {
 0)   0.160 us    |            folio_add_file_rmap_ptes(); /* ret=0x0 */
 0)   0.511 us    |          } /* set_pte_range ret=0x0 */
 0)   0.161 us    |          next_uptodate_folio(); /* ret=0xfffff2a100fb5e00 */
 0)               |          set_pte_range() {
 0)   0.161 us    |            folio_add_file_rmap_ptes(); /* ret=0x0 */
 0)   0.501 us    |          } /* set_pte_range ret=0x0 */
 0)   0.160 us    |          next_uptodate_folio(); /* ret=0xfffff2a100fb5e40 */
 0)               |          set_pte_range() {
 0)   0.160 us    |            folio_add_file_rmap_ptes(); /* ret=0x0 */
 0)   0.511 us    |          } /* set_pte_range ret=0x0 */
 0)   0.160 us    |          next_uptodate_folio(); /* ret=0xfffff2a100fb5e80 */
 0)               |          set_pte_range() {
 0)   0.160 us    |            folio_add_file_rmap_ptes(); /* ret=0x0 */
 0)   0.511 us    |          } /* set_pte_range ret=0x0 */
 0)   0.160 us    |          next_uptodate_folio(); /* ret=0xfffff2a100fb5ec0 */
 0)               |          set_pte_range() {
 0)   0.161 us    |            folio_add_file_rmap_ptes(); /* ret=0x0 */
 0)   0.501 us    |          } /* set_pte_range ret=0x0 */
 0)   0.161 us    |          next_uptodate_folio(); /* ret=0xfffff2a100fb5f00 */
 0)               |          set_pte_range() {
 0)   0.151 us    |            folio_add_file_rmap_ptes(); /* ret=0x0 */
 0)   0.511 us    |          } /* set_pte_range ret=0x0 */
 0)   0.160 us    |          next_uptodate_folio(); /* ret=0xfffff2a100fb5f40 */
 0)               |          set_pte_range() {
 0)   0.160 us    |            folio_add_file_rmap_ptes(); /* ret=0x0 */
 0)   0.500 us    |          } /* set_pte_range ret=0x0 */
 0)   0.160 us    |          next_uptodate_folio(); /* ret=0xfffff2a100fb5f80 */
 0)               |          set_pte_range() {
 0)   0.160 us    |            folio_add_file_rmap_ptes(); /* ret=0x0 */
 0)   0.512 us    |          } /* set_pte_range ret=0x0 */
 0)   0.161 us    |          next_uptodate_folio(); /* ret=0xfffff2a100fb5fc0 */
 0)               |          set_pte_range() {
 0)   0.160 us    |            folio_add_file_rmap_ptes(); /* ret=0x0 */
 0)   0.501 us    |          } /* set_pte_range ret=0x0 */
 0)   0.170 us    |          next_uptodate_folio(); /* ret=0x0 */
 0)   0.161 us    |          _raw_spin_lock_irqsave(); /* ret=0x296 */
 0)   0.160 us    |          _raw_spin_unlock_irqrestore(); /* ret=0x1 */
 0)   0.160 us    |          mm_trace_rss_stat(); /* ret=0x1 */
 0)   0.160 us    |          _raw_spin_unlock(); /* ret=0x1 */
 0)   0.150 us    |          __rcu_read_unlock(); /* ret=0x1 */
 0)   0.151 us    |          __rcu_read_unlock(); /* ret=0x1 */
 0) + 20.799 us   |        } /* filemap_map_pages ret=0x100 */
 0)   0.150 us    |        __rcu_read_unlock(); /* ret=0x0 */
 0) + 21.810 us   |      } /* do_fault ret=0x100 */
 0) + 23.553 us   |    } /* __handle_mm_fault ret=0x100 */
 0)   0.150 us    |    __rcu_read_lock(); /* ret=0xffff8f308369c400 */
 0)   0.151 us    |    mem_cgroup_from_task(); /* ret=0xffff8f3081341b00 */
 0)               |    count_memcg_events() {
 0)   0.160 us    |      __css_rstat_updated(); /* ret=0xffff8f30bec39cb0 */
 0)   0.511 us    |    } /* count_memcg_events ret=0x100 */
 0)   0.160 us    |    __rcu_read_unlock(); /* ret=0x0 */
 0) + 25.919 us   |  } /* handle_mm_fault ret=0x100 */
 0)               |  lock_vma_under_rcu() {
 0)   0.150 us    |    __rcu_read_lock(); /* ret=0xffff8f308369c400 */
 0)   0.161 us    |    __rcu_read_unlock(); /* ret=0x0 */
 0)   0.992 us    |  } /* lock_vma_under_rcu ret=0xffff8f3083222000 */
 0)               |  handle_mm_fault() {
 0)               |    __handle_mm_fault() {
 0)               |      pte_offset_map_rw_nolock() {
 0)               |        __pte_offset_map() {
 0)   0.150 us    |          __rcu_read_lock(); /* ret=0xffff8f308369c400 */
 0)   0.501 us    |        } /* __pte_offset_map ret=0xffff8f30835d4b60 */
 0)   0.831 us    |      } /* pte_offset_map_rw_nolock ret=0xffff8f30835d4b60 */
 0)   0.161 us    |      __rcu_read_unlock(); /* ret=0x0 */
 0)               |      do_fault() {
 0)   0.161 us    |        __rcu_read_lock(); /* ret=0xffff8f308369c400 */
 0)               |        filemap_map_pages() {
 0)   0.150 us    |          __rcu_read_lock(); /* ret=0xffff8f308369c400 */
 0)   0.190 us    |          next_uptodate_folio(); /* ret=0xfffff2a100fb5840 */
 0)               |          pte_offset_map_lock() {
 0)               |            __pte_offset_map() {
 0)   0.150 us    |              __rcu_read_lock(); /* ret=0xffff8f308369c400 */
 0)   0.480 us    |            } /* __pte_offset_map ret=0xffff8f30835d4b08 */
 0)   0.151 us    |            _raw_spin_lock(); /* ret=0x0 */
 0)   1.153 us    |          } /* pte_offset_map_lock ret=0xffff8f30835d4b08 */
 0)               |          set_pte_range() {
 0)   0.151 us    |            folio_add_file_rmap_ptes(); /* ret=0x0 */
 0)   0.531 us    |          } /* set_pte_range ret=0x0 */
 0)   0.160 us    |          next_uptodate_folio(); /* ret=0xfffff2a100fb5880 */
 0)               |          set_pte_range() {
 0)   0.160 us    |            folio_add_file_rmap_ptes(); /* ret=0x0 */
 0)   0.511 us    |          } /* set_pte_range ret=0x0 */
 0)   0.160 us    |          next_uptodate_folio(); /* ret=0xfffff2a100fb58c0 */
 0)               |          set_pte_range() {
 0)   0.160 us    |            folio_add_file_rmap_ptes(); /* ret=0x0 */
 0)   0.511 us    |          } /* set_pte_range ret=0x0 */
 0)   0.160 us    |          next_uptodate_folio(); /* ret=0xfffff2a100fb5900 */
 0)               |          set_pte_range() {
 0)   0.161 us    |            folio_add_file_rmap_ptes(); /* ret=0x0 */
 0)   0.511 us    |          } /* set_pte_range ret=0x0 */
 0)   0.161 us    |          next_uptodate_folio(); /* ret=0xfffff2a100fb5940 */
 0)               |          set_pte_range() {
 0)   0.161 us    |            folio_add_file_rmap_ptes(); /* ret=0x0 */
 0)   0.501 us    |          } /* set_pte_range ret=0x0 */
 0)   0.161 us    |          next_uptodate_folio(); /* ret=0xfffff2a100fb5980 */
 0)               |          set_pte_range() {
 0)   0.151 us    |            folio_add_file_rmap_ptes(); /* ret=0x0 */
 0)   0.510 us    |          } /* set_pte_range ret=0x0 */
 0)   0.160 us    |          next_uptodate_folio(); /* ret=0xfffff2a100fb59c0 */
 0)               |          set_pte_range() {
 0)   0.160 us    |            folio_add_file_rmap_ptes(); /* ret=0x0 */
 0)   0.501 us    |          } /* set_pte_range ret=0x0 */
 0)   0.160 us    |          next_uptodate_folio(); /* ret=0xfffff2a100fb5a00 */
 0)               |          set_pte_range() {
 0)   0.160 us    |            folio_add_file_rmap_ptes(); /* ret=0x0 */
 0)   0.512 us    |          } /* set_pte_range ret=0x0 */
 0)   0.160 us    |          next_uptodate_folio(); /* ret=0xfffff2a100fb5a40 */
 0)               |          set_pte_range() {
 0)   0.160 us    |            folio_add_file_rmap_ptes(); /* ret=0x0 */
 0)   0.512 us    |          } /* set_pte_range ret=0x0 */
 0)   0.160 us    |          next_uptodate_folio(); /* ret=0xfffff2a100fb5a80 */
 0)               |          set_pte_range() {
 0)   0.160 us    |            folio_add_file_rmap_ptes(); /* ret=0x0 */
 0)   0.501 us    |          } /* set_pte_range ret=0x0 */
 0)   0.160 us    |          next_uptodate_folio(); /* ret=0xfffff2a100fb5ac0 */
 0)               |          set_pte_range() {
 0)   0.160 us    |            folio_add_file_rmap_ptes(); /* ret=0x0 */
 0)   0.511 us    |          } /* set_pte_range ret=0x0 */
 0)   0.161 us    |          next_uptodate_folio(); /* ret=0xfffff2a100fb5b00 */
 0)               |          set_pte_range() {
 0)   0.161 us    |            folio_add_file_rmap_ptes(); /* ret=0x0 */
 0)   0.642 us    |          } /* set_pte_range ret=0x0 */
 0)   0.160 us    |          next_uptodate_folio(); /* ret=0xfffff2a100fb5b40 */
 0)               |          set_pte_range() {
 0)   0.160 us    |            folio_add_file_rmap_ptes(); /* ret=0x0 */
 0)   0.510 us    |          } /* set_pte_range ret=0x0 */
 0)   0.151 us    |          next_uptodate_folio(); /* ret=0xfffff2a100fb5b80 */
 0)               |          set_pte_range() {
 0)   0.161 us    |            folio_add_file_rmap_ptes(); /* ret=0x0 */
 0)   0.510 us    |          } /* set_pte_range ret=0x0 */
 0)   0.161 us    |          next_uptodate_folio(); /* ret=0xfffff2a100fb5bc0 */
 0)               |          set_pte_range() {
 0)   0.161 us    |            folio_add_file_rmap_ptes(); /* ret=0x0 */
 0)   0.501 us    |          } /* set_pte_range ret=0x0 */
 0)   0.161 us    |          next_uptodate_folio(); /* ret=0xfffff2a100fb5c00 */
 0)   0.161 us    |          next_uptodate_folio(); /* ret=0x0 */
 0)   0.150 us    |          mm_trace_rss_stat(); /* ret=0x0 */
 0)   0.160 us    |          _raw_spin_unlock(); /* ret=0x1 */
 0)   0.150 us    |          __rcu_read_unlock(); /* ret=0x1 */
 0)   0.151 us    |          __rcu_read_unlock(); /* ret=0x1 */
 0) + 19.467 us   |        } /* filemap_map_pages ret=0x100 */
 0)   0.161 us    |        __rcu_read_unlock(); /* ret=0x0 */
 0) + 20.478 us   |      } /* do_fault ret=0x100 */
 0) + 22.241 us   |    } /* __handle_mm_fault ret=0x100 */
 0)   0.160 us    |    __rcu_read_lock(); /* ret=0xffff8f308369c400 */
 0)   0.151 us    |    mem_cgroup_from_task(); /* ret=0xffff8f3081341b00 */
 0)               |    count_memcg_events() {
 0)   0.161 us    |      __css_rstat_updated(); /* ret=0xffff8f30bec39cb0 */
 0)   0.511 us    |    } /* count_memcg_events ret=0x100 */
 0)   0.160 us    |    __rcu_read_unlock(); /* ret=0x0 */
 0) + 24.276 us   |  } /* handle_mm_fault ret=0x100 */
 0)               |  __do_sys_getuid() {
 0)               |    from_kuid_munged() {
 0)   0.160 us    |      map_id_range_up(); /* ret=0x0 */
 0)   0.512 us    |    } /* from_kuid_munged ret=0x0 */
 0)   0.922 us    |  } /* __do_sys_getuid ret=0x0 */
 0)               |  lock_vma_under_rcu() {
 0)   0.160 us    |    __rcu_read_lock(); /* ret=0xffff8f308369c400 */
 0)   0.149 us    |    __rcu_read_unlock(); /* ret=0x0 */
 0)   0.942 us    |  } /* lock_vma_under_rcu ret=0xffff8f3082e44600 */
 0)               |  handle_mm_fault() {
 0)               |    __handle_mm_fault() {
 0)               |      pte_offset_map_rw_nolock() {
 0)               |        __pte_offset_map() {
 0)   0.150 us    |          __rcu_read_lock(); /* ret=0xffff8f308369c400 */
 0)   0.492 us    |        } /* __pte_offset_map ret=0xffff8f30835d4900 */
 0)   0.822 us    |      } /* pte_offset_map_rw_nolock ret=0xffff8f30835d4900 */
 0)   0.150 us    |      __rcu_read_unlock(); /* ret=0x0 */
 0)               |      do_fault() {
 0)   0.161 us    |        __rcu_read_lock(); /* ret=0xffff8f308369c400 */
 0)               |        filemap_map_pages() {
 0)   0.150 us    |          __rcu_read_lock(); /* ret=0xffff8f308369c400 */
 0)   0.220 us    |          next_uptodate_folio(); /* ret=0xfffff2a100fb3800 */
 0)               |          pte_offset_map_lock() {
 0)               |            __pte_offset_map() {
 0)   0.151 us    |              __rcu_read_lock(); /* ret=0xffff8f308369c400 */
 0)   0.481 us    |            } /* __pte_offset_map ret=0xffff8f30835d4900 */
 0)   0.150 us    |            _raw_spin_lock(); /* ret=0x0 */
 0)   1.151 us    |          } /* pte_offset_map_lock ret=0xffff8f30835d4900 */
 0)               |          set_pte_range() {
 0)   0.160 us    |            folio_add_file_rmap_ptes(); /* ret=0x0 */
 0)   0.541 us    |          } /* set_pte_range ret=0x0 */
 0)   0.160 us    |          next_uptodate_folio(); /* ret=0xfffff2a100fb3840 */
 0)               |          set_pte_range() {
 0)   0.160 us    |            folio_add_file_rmap_ptes(); /* ret=0x0 */
 0)   0.511 us    |          } /* set_pte_range ret=0x0 */
 0)   0.171 us    |          next_uptodate_folio(); /* ret=0xfffff2a100fb3880 */
 0)               |          set_pte_range() {
 0)   0.161 us    |            folio_add_file_rmap_ptes(); /* ret=0x0 */
 0)   0.501 us    |          } /* set_pte_range ret=0x0 */
 0)   0.161 us    |          next_uptodate_folio(); /* ret=0xfffff2a100fb38c0 */
 0)               |          set_pte_range() {
 0)   0.160 us    |            folio_add_file_rmap_ptes(); /* ret=0x0 */
 0)   0.501 us    |          } /* set_pte_range ret=0x0 */
 0)   0.160 us    |          next_uptodate_folio(); /* ret=0xfffff2a100fb3900 */
 0)               |          set_pte_range() {
 0)   0.160 us    |            folio_add_file_rmap_ptes(); /* ret=0x0 */
 0)   0.511 us    |          } /* set_pte_range ret=0x0 */
 0)   0.160 us    |          next_uptodate_folio(); /* ret=0xfffff2a100fb3940 */
 0)               |          set_pte_range() {
 0)   0.160 us    |            folio_add_file_rmap_ptes(); /* ret=0x0 */
 0)   0.511 us    |          } /* set_pte_range ret=0x0 */
 0)   0.160 us    |          next_uptodate_folio(); /* ret=0xfffff2a100fb3980 */
 0)               |          set_pte_range() {
 0)   0.160 us    |            folio_add_file_rmap_ptes(); /* ret=0x0 */
 0)   0.511 us    |          } /* set_pte_range ret=0x0 */
 0)   0.161 us    |          next_uptodate_folio(); /* ret=0xfffff2a100fb39c0 */
 0)               |          set_pte_range() {
 0)   0.161 us    |            folio_add_file_rmap_ptes(); /* ret=0x0 */
 0)   0.511 us    |          } /* set_pte_range ret=0x0 */
 0)   0.161 us    |          next_uptodate_folio(); /* ret=0xfffff2a100fb3a00 */
 0)               |          set_pte_range() {
 0)   0.160 us    |            folio_add_file_rmap_ptes(); /* ret=0x0 */
 0)   0.510 us    |          } /* set_pte_range ret=0x0 */
 0)   0.171 us    |          next_uptodate_folio(); /* ret=0xfffff2a100fb3a40 */
 0)               |          set_pte_range() {
 0)   0.161 us    |            folio_add_file_rmap_ptes(); /* ret=0x0 */
 0)   0.510 us    |          } /* set_pte_range ret=0x0 */
 0)   0.171 us    |          next_uptodate_folio(); /* ret=0xfffff2a100fb3a80 */
 0)               |          set_pte_range() {
 0)   0.161 us    |            folio_add_file_rmap_ptes(); /* ret=0x0 */
 0)   0.501 us    |          } /* set_pte_range ret=0x0 */
 0)   0.181 us    |          next_uptodate_folio(); /* ret=0xfffff2a100fb3ac0 */
 0)               |          set_pte_range() {
 0)   0.160 us    |            folio_add_file_rmap_ptes(); /* ret=0x0 */
 0)   0.501 us    |          } /* set_pte_range ret=0x0 */
 0)   0.170 us    |          next_uptodate_folio(); /* ret=0xfffff2a100fb3b00 */
 0)               |          set_pte_range() {
 0)   0.150 us    |            folio_add_file_rmap_ptes(); /* ret=0x0 */
 0)   0.512 us    |          } /* set_pte_range ret=0x0 */
 0)   0.170 us    |          next_uptodate_folio(); /* ret=0xfffff2a100fb3b40 */
 0)               |          set_pte_range() {
 0)   0.160 us    |            folio_add_file_rmap_ptes(); /* ret=0x0 */
 0)   0.512 us    |          } /* set_pte_range ret=0x0 */
 0)   0.170 us    |          next_uptodate_folio(); /* ret=0xfffff2a100fb3b80 */
 0)               |          set_pte_range() {
 0)   0.160 us    |            folio_add_file_rmap_ptes(); /* ret=0x0 */
 0)   0.512 us    |          } /* set_pte_range ret=0x0 */
 0)   0.500 us    |          next_uptodate_folio(); /* ret=0xfffff2a100fb3bc0 */
 0)               |          set_pte_range() {
 0)   0.149 us    |            folio_add_file_rmap_ptes(); /* ret=0x0 */
 0)   0.511 us    |          } /* set_pte_range ret=0x0 */
 0)   0.160 us    |          next_uptodate_folio(); /* ret=0x0 */
 0)   0.151 us    |          mm_trace_rss_stat(); /* ret=0xf */
 0)   0.160 us    |          _raw_spin_unlock(); /* ret=0x1 */
 0)   0.149 us    |          __rcu_read_unlock(); /* ret=0x1 */
 0)   0.150 us    |          __rcu_read_unlock(); /* ret=0x1 */
 0) + 20.669 us   |        } /* filemap_map_pages ret=0x100 */
 0)   0.150 us    |        __rcu_read_unlock(); /* ret=0x0 */
 0) + 21.690 us   |      } /* do_fault ret=0x100 */
 0) + 23.474 us   |    } /* __handle_mm_fault ret=0x100 */
 0)   0.150 us    |    __rcu_read_lock(); /* ret=0xffff8f308369c400 */
 0)   0.150 us    |    mem_cgroup_from_task(); /* ret=0xffff8f3081341b00 */
 0)               |    count_memcg_events() {
 0)   0.160 us    |      __css_rstat_updated(); /* ret=0xffff8f30bec39cb0 */
 0)   0.510 us    |    } /* count_memcg_events ret=0x100 */
 0)   0.160 us    |    __rcu_read_unlock(); /* ret=0x0 */
 0) + 25.597 us   |  } /* handle_mm_fault ret=0x100 */
 0)               |  lock_vma_under_rcu() {
 0)   0.160 us    |    __rcu_read_lock(); /* ret=0xffff8f308369c400 */
 0)   0.151 us    |    __rcu_read_unlock(); /* ret=0x0 */
 0)   0.892 us    |  } /* lock_vma_under_rcu ret=0xffff8f30840b0e40 */
 0)               |  handle_mm_fault() {
 0)               |    __handle_mm_fault() {
 0)               |      pte_offset_map_rw_nolock() {
 0)               |        __pte_offset_map() {
 0)   0.160 us    |          __rcu_read_lock(); /* ret=0xffff8f308369c400 */
 0)   0.490 us    |        } /* __pte_offset_map ret=0xffff8f30835407d8 */
 0)   0.831 us    |      } /* pte_offset_map_rw_nolock ret=0xffff8f30835407d8 */
 0)   0.160 us    |      __rcu_read_unlock(); /* ret=0x0 */
 0)               |      do_anonymous_page() {
 0)   0.160 us    |        __vmf_anon_prepare(); /* ret=0x0 */
 0)               |        vma_alloc_folio_noprof() {
 0)   0.171 us    |          get_vma_policy(); /* ret=0xffffffffb05b36a0 */
 0)               |          alloc_pages_mpol() {
 0)   0.171 us    |            policy_nodemask(); /* ret=0x0 */
 0)               |            __alloc_frozen_pages_noprof() {
 0)               |              get_page_from_freelist() {
 0)   0.190 us    |                _raw_spin_trylock(); /* ret=0x1 */
 0)   0.171 us    |                _raw_spin_unlock(); /* ret=0x1 */
 0)   0.491 us    |                kernel_init_pages(); /* ret=0x0 */
 0)   7.053 us    |              } /* get_page_from_freelist ret=0xfffff2a100634a40 */
 0)   7.414 us    |            } /* __alloc_frozen_pages_noprof ret=0xfffff2a100634a40 */
 0)   8.126 us    |          } /* alloc_pages_mpol ret=0xfffff2a100634a40 */
 0)   8.817 us    |        } /* vma_alloc_folio_noprof ret=0xfffff2a100634a40 */
 0)               |        __mem_cgroup_charge() {
 0)               |          get_mem_cgroup_from_mm() {
 0)   0.160 us    |            __rcu_read_lock(); /* ret=0xffff8f308369c400 */
 0)   0.160 us    |            __rcu_read_unlock(); /* ret=0x0 */
 0)   0.862 us    |          } /* get_mem_cgroup_from_mm ret=0xffff8f3081341b00 */
 0)               |          charge_memcg() {
 0)   0.151 us    |            __rcu_read_lock(); /* ret=0xffff8f308369c400 */
 0)   0.160 us    |            __get_obj_cgroup_from_memcg(); /* ret=0xffff8f30811e1fc0 */
 0)   0.161 us    |            __rcu_read_unlock(); /* ret=0x0 */
 0)   1.172 us    |          } /* charge_memcg ret=0x0 */
 0)   2.576 us    |        } /* __mem_cgroup_charge ret=0x0 */
 0)   0.150 us    |        __folio_throttle_swaprate(); /* ret=0x0 */
 0)               |        pte_offset_map_lock() {
 0)               |          __pte_offset_map() {
 0)   0.161 us    |            __rcu_read_lock(); /* ret=0xffff8f308369c400 */
 0)   0.491 us    |          } /* __pte_offset_map ret=0xffff8f30835407d8 */
 0)   0.150 us    |          _raw_spin_lock(); /* ret=0x0 */
 0)   1.151 us    |        } /* pte_offset_map_lock ret=0xffff8f30835407d8 */
 0)               |        map_anon_folio_pte_nopf() {
 0)   0.151 us    |          pte_mkwrite(); /* ret=0x8000000018d29867 */
 0)               |          folio_add_new_anon_rmap() {
 0)               |            __folio_mod_stat() {
 0)               |              lruvec_stat_mod_folio() {
 0)   0.150 us    |                __rcu_read_lock(); /* ret=0xffff8f308369c400 */
 0)   0.160 us    |                mod_node_page_state(); /* ret=0x5 */
 0)               |                __mod_memcg_lruvec_state() {
 0)   0.150 us    |                  memcg_state_val_in_pages(); /* ret=0x1 */
 0)   0.160 us    |                  __css_rstat_updated(); /* ret=0xffff8f30bec39cb0 */
 0)   0.851 us    |                } /* __mod_memcg_lruvec_state ret=0x100 */
 0)   0.151 us    |                __rcu_read_unlock(); /* ret=0x100 */
 0)   2.215 us    |              } /* lruvec_stat_mod_folio ret=0x100 */
 0)   2.555 us    |            } /* __folio_mod_stat ret=0x0 */
 0)   2.896 us    |          } /* folio_add_new_anon_rmap ret=0x0 */
 0)               |          folio_add_lru_vma() {
 0)               |            folio_add_lru() {
 0)   0.161 us    |              __folio_batch_add_and_move(); /* ret=0x0 */
 0)   0.481 us    |            } /* folio_add_lru ret=0x0 */
 0)   0.821 us    |          } /* folio_add_lru_vma ret=0x0 */
 0)   4.629 us    |        } /* map_anon_folio_pte_nopf ret=0x0 */
 0)   0.161 us    |        _raw_spin_unlock(); /* ret=0x1 */
 0)   0.160 us    |        __rcu_read_unlock(); /* ret=0x0 */
 0) + 19.487 us   |      } /* do_anonymous_page ret=0x0 */
 0) + 21.249 us   |    } /* __handle_mm_fault ret=0x0 */
 0)   0.150 us    |    __rcu_read_lock(); /* ret=0xffff8f308369c400 */
 0)   0.160 us    |    mem_cgroup_from_task(); /* ret=0xffff8f3081341b00 */
 0)               |    count_memcg_events() {
 0)   0.160 us    |      __css_rstat_updated(); /* ret=0xffff8f30bec39cb0 */
 0)   0.490 us    |    } /* count_memcg_events ret=0x100 */
 0)   0.150 us    |    __rcu_read_unlock(); /* ret=0x0 */
 0) + 23.433 us   |  } /* handle_mm_fault ret=0x0 */
 0)               |  lock_vma_under_rcu() {
 0)   0.160 us    |    __rcu_read_lock(); /* ret=0xffff8f308369c400 */
 0)   0.151 us    |    __rcu_read_unlock(); /* ret=0x0 */
 0)   0.952 us    |  } /* lock_vma_under_rcu ret=0xffff8f3082e44600 */
 0)               |  handle_mm_fault() {
 0)               |    __handle_mm_fault() {
 0)               |      pte_offset_map_rw_nolock() {
 0)               |        __pte_offset_map() {
 0)   0.161 us    |          __rcu_read_lock(); /* ret=0xffff8f308369c400 */
 0)   0.491 us    |        } /* __pte_offset_map ret=0xffff8f30835d49f8 */
 0)   0.821 us    |      } /* pte_offset_map_rw_nolock ret=0xffff8f30835d49f8 */
 0)   0.150 us    |      __rcu_read_unlock(); /* ret=0x0 */
 0)               |      do_fault() {
 0)   0.150 us    |        __rcu_read_lock(); /* ret=0xffff8f308369c400 */
 0)               |        filemap_map_pages() {
 0)   0.150 us    |          __rcu_read_lock(); /* ret=0xffff8f308369c400 */
 0)   0.220 us    |          next_uptodate_folio(); /* ret=0xfffff2a100fb3c00 */
 0)               |          pte_offset_map_lock() {
 0)               |            __pte_offset_map() {
 0)   0.150 us    |              __rcu_read_lock(); /* ret=0xffff8f308369c400 */
 0)   0.481 us    |            } /* __pte_offset_map ret=0xffff8f30835d4980 */
 0)   0.160 us    |            _raw_spin_lock(); /* ret=0x0 */
 0)   1.142 us    |          } /* pte_offset_map_lock ret=0xffff8f30835d4980 */
 0)               |          set_pte_range() {
 0)   0.171 us    |            folio_add_file_rmap_ptes(); /* ret=0x0 */
 0)   0.552 us    |          } /* set_pte_range ret=0x0 */
 0)   0.171 us    |          next_uptodate_folio(); /* ret=0xfffff2a100fb3c40 */
 0)               |          set_pte_range() {
 0)   0.160 us    |            folio_add_file_rmap_ptes(); /* ret=0x0 */
 0)   0.521 us    |          } /* set_pte_range ret=0x0 */
 0)   0.170 us    |          next_uptodate_folio(); /* ret=0xfffff2a100fb3c80 */
 0)               |          set_pte_range() {
 0)   0.160 us    |            folio_add_file_rmap_ptes(); /* ret=0x0 */
 0)   0.512 us    |          } /* set_pte_range ret=0x0 */
 0)   0.170 us    |          next_uptodate_folio(); /* ret=0xfffff2a100fb3cc0 */
 0)               |          set_pte_range() {
 0)   0.171 us    |            folio_add_file_rmap_ptes(); /* ret=0x0 */
 0)   0.512 us    |          } /* set_pte_range ret=0x0 */
 0)   0.160 us    |          next_uptodate_folio(); /* ret=0xfffff2a100fb3d00 */
 0)               |          set_pte_range() {
 0)   0.160 us    |            folio_add_file_rmap_ptes(); /* ret=0x0 */
 0)   0.521 us    |          } /* set_pte_range ret=0x0 */
 0)   0.180 us    |          next_uptodate_folio(); /* ret=0xfffff2a100fb3d40 */
 0)               |          set_pte_range() {
 0)   0.160 us    |            folio_add_file_rmap_ptes(); /* ret=0x0 */
 0)   0.512 us    |          } /* set_pte_range ret=0x0 */
 0)   0.170 us    |          next_uptodate_folio(); /* ret=0xfffff2a100fb3d80 */
 0)               |          set_pte_range() {
 0)   0.170 us    |            folio_add_file_rmap_ptes(); /* ret=0x0 */
 0)   0.521 us    |          } /* set_pte_range ret=0x0 */
 0)   0.160 us    |          next_uptodate_folio(); /* ret=0xfffff2a100fb3dc0 */
 0)               |          set_pte_range() {
 0)   0.160 us    |            folio_add_file_rmap_ptes(); /* ret=0x0 */
 0)   0.512 us    |          } /* set_pte_range ret=0x0 */
 0)   0.160 us    |          next_uptodate_folio(); /* ret=0xfffff2a100fb3e00 */
 0)               |          set_pte_range() {
 0)   0.170 us    |            folio_add_file_rmap_ptes(); /* ret=0x0 */
 0)   0.510 us    |          } /* set_pte_range ret=0x0 */
 0)   0.161 us    |          next_uptodate_folio(); /* ret=0xfffff2a100fb3e40 */
 0)               |          set_pte_range() {
 0)   0.161 us    |            folio_add_file_rmap_ptes(); /* ret=0x0 */
 0)   0.511 us    |          } /* set_pte_range ret=0x0 */
 0)   0.160 us    |          next_uptodate_folio(); /* ret=0xfffff2a100fb3e80 */
 0)               |          set_pte_range() {
 0)   0.160 us    |            folio_add_file_rmap_ptes(); /* ret=0x0 */
 0)   0.671 us    |          } /* set_pte_range ret=0x0 */
 0)   0.160 us    |          next_uptodate_folio(); /* ret=0xfffff2a100fb3ec0 */
 0)               |          set_pte_range() {
 0)   0.170 us    |            folio_add_file_rmap_ptes(); /* ret=0x0 */
 0)   0.532 us    |          } /* set_pte_range ret=0x0 */
 0)   0.160 us    |          next_uptodate_folio(); /* ret=0xfffff2a100fb3f00 */
 0)               |          set_pte_range() {
 0)   0.160 us    |            folio_add_file_rmap_ptes(); /* ret=0x0 */
 0)   0.501 us    |          } /* set_pte_range ret=0x0 */
 0)   0.160 us    |          next_uptodate_folio(); /* ret=0xfffff2a100fb3f40 */
 0)               |          set_pte_range() {
 0)   0.161 us    |            folio_add_file_rmap_ptes(); /* ret=0x0 */
 0)   0.510 us    |          } /* set_pte_range ret=0x0 */
 0)   0.161 us    |          next_uptodate_folio(); /* ret=0xfffff2a100fb3f80 */
 0)               |          set_pte_range() {
 0)   0.160 us    |            folio_add_file_rmap_ptes(); /* ret=0x0 */
 0)   0.511 us    |          } /* set_pte_range ret=0x0 */
 0)   0.160 us    |          next_uptodate_folio(); /* ret=0xfffff2a100fb3fc0 */
 0)               |          set_pte_range() {
 0)   0.170 us    |            folio_add_file_rmap_ptes(); /* ret=0x0 */
 0)   0.511 us    |          } /* set_pte_range ret=0x0 */
 0)   0.171 us    |          next_uptodate_folio(); /* ret=0x0 */
 0)   0.161 us    |          _raw_spin_lock_irqsave(); /* ret=0x296 */
 0)   0.160 us    |          _raw_spin_unlock_irqrestore(); /* ret=0x1 */
 0)   0.151 us    |          mm_trace_rss_stat(); /* ret=0x1 */
 0)   0.161 us    |          _raw_spin_unlock(); /* ret=0x1 */
 0)   0.150 us    |          __rcu_read_unlock(); /* ret=0x1 */
 0)   0.151 us    |          __rcu_read_unlock(); /* ret=0x1 */
 0) + 21.099 us   |        } /* filemap_map_pages ret=0x100 */
 0)   0.149 us    |        __rcu_read_unlock(); /* ret=0x0 */
 0) + 22.132 us   |      } /* do_fault ret=0x100 */
 0) + 23.885 us   |    } /* __handle_mm_fault ret=0x100 */
 0)   0.151 us    |    __rcu_read_lock(); /* ret=0xffff8f308369c400 */
 0)   0.151 us    |    mem_cgroup_from_task(); /* ret=0xffff8f3081341b00 */
 0)               |    count_memcg_events() {
 0)   0.160 us    |      __css_rstat_updated(); /* ret=0xffff8f30bec39cb0 */
 0)   0.501 us    |    } /* count_memcg_events ret=0x100 */
 0)   0.151 us    |    __rcu_read_unlock(); /* ret=0x0 */
 0) + 25.939 us   |  } /* handle_mm_fault ret=0x100 */
 0)               |  __x64_sys_open() {
 0)               |    do_sys_openat2() {
 0)               |      getname_flags() {
 0)               |        do_getname() {
 0)   0.210 us    |          kmem_cache_alloc_noprof(); /* ret=0xffff8f30819c89c0 */
 0)               |          __check_object_size() {
 0)   0.151 us    |            check_stack_object(); /* ret=0x0 */
 0)   0.160 us    |            is_vmalloc_addr(); /* ret=0x0 */
 0)   0.171 us    |            __virt_addr_valid(); /* ret=0x1 */
 0)   0.160 us    |            __check_heap_object(); /* ret=0xa8 */
 0)   1.563 us    |          } /* __check_object_size ret=0xffff8f3098e00000 */
 0)   2.384 us    |        } /* do_getname ret=0xffff8f30819c89c0 */
 0)   2.736 us    |      } /* getname_flags ret=0xffff8f30819c89c0 */
 0)               |      get_unused_fd_flags() {
 0)               |        alloc_fd() {
 0)   0.171 us    |          _raw_spin_lock(); /* ret=0x0 */
 0)   0.160 us    |          _raw_spin_unlock(); /* ret=0x1 */
 0)   0.881 us    |        } /* alloc_fd ret=0x3 */
 0)   1.242 us    |      } /* get_unused_fd_flags ret=0x3 */
 0)               |      do_file_open() {
 0)               |        path_openat() {
 0)               |          alloc_empty_file() {
 0)   0.180 us    |            kmem_cache_alloc_noprof(); /* ret=0xffff8f30819db480 */
 0)               |            init_file() {
 0)               |              security_file_alloc() {
 0)   0.200 us    |                kmem_cache_alloc_noprof(); /* ret=0xffff8f3082e4e7a0 */
 0)   0.160 us    |                hook_file_alloc_security(); /* ret=0x0 */
 0)   0.160 us    |                bpf_lsm_file_alloc_security(); /* ret=0x0 */
 0)   1.413 us    |              } /* security_file_alloc ret=0x0 */
 0)   0.150 us    |              mutex_init_generic(); /* ret=0x0 */
 0)   2.144 us    |            } /* init_file ret=0x0 */
 0)   2.886 us    |          } /* alloc_empty_file ret=0xffff8f30819db480 */
 0)               |          path_init() {
 0)   0.151 us    |            __rcu_read_lock(); /* ret=0xffff8f308369c400 */
 0)               |            nd_jump_root() {
 0)   0.191 us    |              set_root(); /* ret=0x0 */
 0)   0.551 us    |            } /* nd_jump_root ret=0x0 */
 0)   1.262 us    |          } /* path_init ret=0xffff8f30819c89d8 */
 0)               |          link_path_walk() {
 0)               |            security_inode_permission() {
 0)   0.150 us    |              bpf_lsm_inode_permission(); /* ret=0x0 */
 0)   0.521 us    |            } /* security_inode_permission ret=0x0 */
 0)               |            lookup_fast() {
 0)   0.371 us    |              __d_lookup_rcu(); /* ret=0xffff8f308162d480 */
 0)   0.732 us    |            } /* lookup_fast ret=0xffff8f308162d480 */
 0)               |            step_into_slowpath() {
 0)   0.361 us    |              __lookup_mnt(); /* ret=0xffff8f30812bdb00 */
 0)   0.862 us    |            } /* step_into_slowpath ret=0x0 */
 0)               |            inode_permission() {
 0)   0.251 us    |              generic_permission(); /* ret=0x0 */
 0)               |              security_inode_permission() {
 0)   0.149 us    |                bpf_lsm_inode_permission(); /* ret=0x0 */
 0)   0.491 us    |              } /* security_inode_permission ret=0x0 */
 0)   1.262 us    |            } /* inode_permission ret=0x0 */
 0)   0.160 us    |            make_vfsuid(); /* ret=0x0 */
 0)   5.000 us    |          } /* link_path_walk ret=0x0 */
 0)               |          lookup_fast() {
 0)   0.601 us    |            __d_lookup_rcu(); /* ret=0xffff8f30816abf00 */
 0)   0.160 us    |            proc_misc_d_revalidate(); /* ret=0xfffffff6 */
 0)               |            try_to_unlazy_next() {
 0)   0.160 us    |              __legitimize_mnt(); /* ret=0x0 */
 0)               |              __legitimize_path() {
 0)   0.161 us    |                __legitimize_mnt(); /* ret=0x0 */
 0)   0.501 us    |              } /* __legitimize_path ret=0xffff8f3081406e01 */
 0)   0.150 us    |              __rcu_read_unlock(); /* ret=0x0 */
 0)   1.653 us    |            } /* try_to_unlazy_next ret=0x1 */
 0)   0.521 us    |            proc_misc_d_revalidate(); /* ret=0x1 */
 0)   4.168 us    |          } /* lookup_fast ret=0xffff8f30816abf00 */
 0)               |          step_into_slowpath() {
 0)               |            dput() {
 0)               |              dput.part.0() {
 0)   0.150 us    |                __rcu_read_lock(); /* ret=0xffff8f308369c400 */
 0)   0.151 us    |                __rcu_read_unlock(); /* ret=0x0 */
 0)   0.821 us    |              } /* dput.part.0 ret=0x0 */
 0)   1.152 us    |            } /* dput ret=0x0 */
 0)   1.503 us    |          } /* step_into_slowpath ret=0x0 */
 0)   0.161 us    |          complete_walk(); /* ret=0x0 */
 0)               |          may_open() {
 0)               |            inode_permission() {
 0)   0.160 us    |              generic_permission(); /* ret=0x0 */
 0)               |              security_inode_permission() {
 0)   0.151 us    |                bpf_lsm_inode_permission(); /* ret=0x0 */
 0)   0.481 us    |              } /* security_inode_permission ret=0x0 */
 0)   1.142 us    |            } /* inode_permission ret=0x0 */
 0)   1.493 us    |          } /* may_open ret=0x0 */
 0)               |          vfs_open() {
 0)               |            do_dentry_open() {
 0)               |              path_get() {
 0)   0.161 us    |                mntget(); /* ret=0xffff8f30812bdb20 */
 0)   0.521 us    |              } /* path_get ret=0x100000000 */
 0)   0.171 us    |              try_module_get(); /* ret=0x1 */
 0)               |              security_file_open() {
 0)   0.201 us    |                hook_file_open(); /* ret=0x0 */
 0)   0.160 us    |                bpf_lsm_file_open(); /* ret=0x0 */
 0)   0.912 us    |              } /* security_file_open ret=0x0 */
 0)   0.240 us    |              fsnotify_open_perm_and_set_mode(); /* ret=0x0 */
 0)               |              proc_reg_open() {
 0)               |                proc_single_open() {
 0)               |                  single_open() {
 0)   0.441 us    |                    __kmalloc_cache_noprof(); /* ret=0xffff8f30830addc0 */
 0)   0.291 us    |                    kmem_cache_alloc_noprof(); /* ret=0xffff8f30836821c0 */
 0)   0.161 us    |                    mutex_init_generic(); /* ret=0xffff8f30836821c0 */
 0)   1.783 us    |                  } /* single_open ret=0x0 */
 0)   2.134 us    |                } /* proc_single_open ret=0x0 */
 0)   2.576 us    |              } /* proc_reg_open ret=0x0 */
 0)               |              file_ra_state_init() {
 0)   0.161 us    |                inode_to_bdi(); /* ret=0xffffffffb0595cc0 */
 0)   0.521 us    |              } /* file_ra_state_init ret=0x0 */
 0)   6.984 us    |            } /* do_dentry_open ret=0x0 */
 0)   7.364 us    |          } /* vfs_open ret=0x0 */
 0)               |          security_file_post_open() {
 0)   0.160 us    |            bpf_lsm_file_post_open(); /* ret=0x0 */
 0)   0.501 us    |          } /* security_file_post_open ret=0x0 */
 0)               |          terminate_walk() {
 0)               |            dput() {
 0)               |              dput.part.0() {
 0)   0.151 us    |                __rcu_read_lock(); /* ret=0xffff8f308369c400 */
 0)   0.151 us    |                __rcu_read_unlock(); /* ret=0x0 */
 0)   0.822 us    |              } /* dput.part.0 ret=0x0 */
 0)   1.152 us    |            } /* dput ret=0x0 */
 0)               |            mntput() {
 0)   0.150 us    |              __rcu_read_lock(); /* ret=0xffff8f308369c400 */
 0)   0.160 us    |              __rcu_read_unlock(); /* ret=0x0 */
 0)   0.971 us    |            } /* mntput ret=0x0 */
 0)               |            dput() {
 0)               |              dput.part.0() {
 0)   0.150 us    |                __rcu_read_lock(); /* ret=0xffff8f308369c400 */
 0)   0.150 us    |                __rcu_read_unlock(); /* ret=0x0 */
 0)   0.812 us    |              } /* dput.part.0 ret=0x0 */
 0)   1.131 us    |            } /* dput ret=0x0 */
 0)               |            mntput() {
 0)   0.150 us    |              __rcu_read_lock(); /* ret=0xffff8f308369c400 */
 0)   0.150 us    |              __rcu_read_unlock(); /* ret=0x0 */
 0)   0.812 us    |            } /* mntput ret=0x0 */
 0)   4.960 us    |          } /* terminate_walk ret=0x0 */
 0) + 31.489 us   |        } /* path_openat ret=0xffff8f30819db480 */
 0) + 31.900 us   |      } /* do_file_open ret=0xffff8f30819db480 */
 0)   0.160 us    |      fd_install(); /* ret=0xffff8f3082a01120 */
 0)               |      putname() {
 0)   0.160 us    |        kmem_cache_free(); /* ret=0x0 */
 0)   0.501 us    |      } /* putname ret=0x0 */
 0) + 37.731 us   |    } /* do_sys_openat2 ret=0x3 */
 0) + 38.121 us   |  } /* __x64_sys_open ret=0x3 */
 0)               |  __x64_sys_sendfile64() {
 0)               |    do_sendfile() {
 0)   0.160 us    |      fdget(); /* ret=0xffff8f30819db480 */
 0)               |      rw_verify_area() {
 0)               |        security_file_permission() {
 0)   0.160 us    |          bpf_lsm_file_permission(); /* ret=0x0 */
 0)   0.521 us    |        } /* security_file_permission ret=0x0 */
 0)   0.891 us    |      } /* rw_verify_area ret=0x0 */
 0)   0.181 us    |      fdget(); /* ret=0xffff8f3082e2b9c0 */
 0)   0.161 us    |      get_pipe_info(); /* ret=0x0 */
 0)               |      rw_verify_area() {
 0)               |        security_file_permission() {
 0)   0.160 us    |          bpf_lsm_file_permission(); /* ret=0x0 */
 0)   0.492 us    |        } /* security_file_permission ret=0x0 */
 0)   0.822 us    |      } /* rw_verify_area ret=0x0 */
 0)               |      do_splice_direct() {
 0)               |        splice_direct_to_actor() {
 0)               |          alloc_pipe_info() {
 0)   0.561 us    |            __kmalloc_cache_noprof(); /* ret=0xffff8f30819f0540 */
 0)   0.691 us    |            __kmalloc_noprof(); /* ret=0xffff8f3082b39000 */
 0)   0.160 us    |            __init_waitqueue_head(); /* ret=0xffff8f30819f0560 */
 0)   0.150 us    |            __init_waitqueue_head(); /* ret=0xffff8f30819f0578 */
 0)   0.150 us    |            mutex_init_generic(); /* ret=0x100000001 */
 0)   2.995 us    |          } /* alloc_pipe_info ret=0xffff8f30819f0540 */
 0)               |          do_splice_read() {
 0)               |            copy_splice_read() {
 0)   0.200 us    |              __kmalloc_noprof(); /* ret=0xffff8f308358ce00 */
 0)               |              alloc_pages_bulk_noprof() {
 0)   0.170 us    |                _raw_spin_trylock(); /* ret=0x1 */
 0)   0.481 us    |                kernel_init_pages(); /* ret=0x0 */
 0)   0.692 us    |                kernel_init_pages(); /* ret=0x0 */
 0)   0.370 us    |                kernel_init_pages(); /* ret=0x0 */
 0)   0.511 us    |                kernel_init_pages(); /* ret=0x0 */
 0)   0.370 us    |                kernel_init_pages(); /* ret=0x0 */
 0)   0.432 us    |                kernel_init_pages(); /* ret=0x0 */
 0)   0.430 us    |                kernel_init_pages(); /* ret=0x0 */
 0)   0.361 us    |                kernel_init_pages(); /* ret=0x0 */
 0)   0.361 us    |                kernel_init_pages(); /* ret=0x0 */
 0)   0.391 us    |                kernel_init_pages(); /* ret=0x0 */
 0)   0.281 us    |                kernel_init_pages(); /* ret=0x0 */
 0)   0.300 us    |                kernel_init_pages(); /* ret=0x0 */
 0)   0.541 us    |                kernel_init_pages(); /* ret=0x0 */
 0)   0.361 us    |                kernel_init_pages(); /* ret=0x0 */
 0)   0.280 us    |                kernel_init_pages(); /* ret=0x0 */
 0)   0.361 us    |                kernel_init_pages(); /* ret=0x0 */
 0)   0.160 us    |                _raw_spin_unlock(); /* ret=0x1 */
 0) + 11.352 us   |              } /* alloc_pages_bulk_noprof ret=0x10 */
 0)               |              proc_reg_read_iter() {
 0)               |                seq_read_iter() {
 0)   0.151 us    |                  mutex_lock(); /* ret=0x0 */
 0)   1.042 us    |                  __kvmalloc_node_noprof(); /* ret=0xffff8f3083018000 */
 0)   0.151 us    |                  single_start(); /* ret=0x1 */
 0)               |                  version_proc_show() {
 0)   1.313 us    |                    seq_printf(); /* ret=0x0 */
 0)   1.673 us    |                  } /* version_proc_show ret=0x0 */
 0)   0.170 us    |                  single_next(); /* ret=0x0 */
 0)   0.161 us    |                  single_stop(); /* ret=0xffffffffad7f9770 */
 0)               |                  __check_object_size() {
 0)   0.160 us    |                    check_stack_object(); /* ret=0x0 */
 0)   0.160 us    |                    is_vmalloc_addr(); /* ret=0x0 */
 0)   0.161 us    |                    __virt_addr_valid(); /* ret=0x1 */
 0)   0.231 us    |                    __check_heap_object(); /* ret=0x1000 */
 0)   1.753 us    |                  } /* __check_object_size ret=0xffff8f3098e00000 */
 0)   0.161 us    |                  mutex_unlock(); /* ret=0xffff8f308369c400 */
 0)   7.243 us    |                } /* seq_read_iter ret=0x9d */
 0)   7.685 us    |              } /* proc_reg_read_iter ret=0x9d */
 0)               |              release_pages() {
 0)               |                folios_put_refs() {
 0)               |                  __mem_cgroup_uncharge_folios() {
 0)   0.160 us    |                    uncharge_folio(); /* ret=0x0 */
 0)   0.160 us    |                    uncharge_folio(); /* ret=0x0 */
 0)   0.151 us    |                    uncharge_folio(); /* ret=0x0 */
 0)   0.150 us    |                    uncharge_folio(); /* ret=0x0 */
 0)   0.160 us    |                    uncharge_folio(); /* ret=0x0 */
 0)   0.151 us    |                    uncharge_folio(); /* ret=0x0 */
 0)   0.150 us    |                    uncharge_folio(); /* ret=0x0 */
 0)   0.151 us    |                    uncharge_folio(); /* ret=0x0 */
 0)   0.150 us    |                    uncharge_folio(); /* ret=0x0 */
 0)   0.150 us    |                    uncharge_folio(); /* ret=0x0 */
 0)   0.160 us    |                    uncharge_folio(); /* ret=0x0 */
 0)   0.161 us    |                    uncharge_folio(); /* ret=0x0 */
 0)   0.151 us    |                    uncharge_folio(); /* ret=0x0 */
 0)   0.149 us    |                    uncharge_folio(); /* ret=0x0 */
 0)   0.150 us    |                    uncharge_folio(); /* ret=0x0 */
 0)   5.160 us    |                  } /* __mem_cgroup_uncharge_folios ret=0x0 */
 0)               |                  free_unref_folios() {
 0)   0.160 us    |                    _raw_spin_trylock(); /* ret=0x1 */
 0)   0.170 us    |                    free_frozen_page_commit(); /* ret=0x1 */
 0)   0.160 us    |                    free_frozen_page_commit(); /* ret=0x1 */
 0)   0.161 us    |                    free_frozen_page_commit(); /* ret=0x1 */
 0)   0.311 us    |                    free_frozen_page_commit(); /* ret=0x1 */
 0)   0.161 us    |                    free_frozen_page_commit(); /* ret=0x1 */
 0)   0.161 us    |                    free_frozen_page_commit(); /* ret=0x1 */
 0)   0.151 us    |                    free_frozen_page_commit(); /* ret=0x1 */
 0)   0.160 us    |                    free_frozen_page_commit(); /* ret=0x1 */
 0)   0.160 us    |                    free_frozen_page_commit(); /* ret=0x1 */
 0)   0.161 us    |                    free_frozen_page_commit(); /* ret=0x1 */
 0)   0.150 us    |                    free_frozen_page_commit(); /* ret=0x1 */
 0)   0.150 us    |                    free_frozen_page_commit(); /* ret=0x1 */
 0)   0.160 us    |                    free_frozen_page_commit(); /* ret=0x1 */
 0)   0.160 us    |                    free_frozen_page_commit(); /* ret=0x1 */
 0)   0.160 us    |                    free_frozen_page_commit(); /* ret=0x1 */
 0)   0.160 us    |                    _raw_spin_unlock(); /* ret=0x1 */
 0)   6.261 us    |                  } /* free_unref_folios ret=0x0 */
 0) + 12.042 us   |                } /* folios_put_refs ret=0x0 */
 0) + 12.464 us   |              } /* release_pages ret=0x0 */
 0)   0.171 us    |              kfree(); /* ret=0x0 */
 0) + 33.112 us   |            } /* copy_splice_read ret=0x9d */
 0) + 33.632 us   |          } /* do_splice_read ret=0x9d */
 0)               |          direct_splice_actor() {
 0)               |            splice_write_null() {
 0)               |              splice_from_pipe() {
 0)   0.161 us    |                pipe_lock(); /* ret=0x0 */
 0)               |                __splice_from_pipe() {
 0)   0.160 us    |                  splice_from_pipe_next(); /* ret=0x1 */
 0)   0.160 us    |                  pipe_to_null(); /* ret=0x9d */
 0)               |                  generic_pipe_buf_release() {
 0)               |                    __folio_put() {
 0)   0.160 us    |                      __mem_cgroup_uncharge(); /* ret=0x0 */
 0)               |                      free_frozen_pages() {
 0)               |                        __free_frozen_pages() {
 0)   0.161 us    |                          __get_pfnblock_flags_mask.isra.0(); /* ret=0x0 */
 0)   0.150 us    |                          _raw_spin_trylock(); /* ret=0x1 */
 0)   0.160 us    |                          free_frozen_page_commit(); /* ret=0x1 */
 0)   0.160 us    |                          _raw_spin_unlock(); /* ret=0x1 */
 0)   1.563 us    |                        } /* __free_frozen_pages ret=0x1 */
 0)   1.893 us    |                      } /* free_frozen_pages ret=0x1 */
 0)   2.935 us    |                    } /* __folio_put ret=0x1 */
 0)   3.266 us    |                  } /* generic_pipe_buf_release ret=0x1 */
 0)   4.608 us    |                } /* __splice_from_pipe ret=0x9d */
 0)   0.149 us    |                pipe_unlock(); /* ret=0x0 */
 0)   5.741 us    |              } /* splice_from_pipe ret=0x9d */
 0)   6.172 us    |            } /* splice_write_null ret=0x9d */
 0)   6.642 us    |          } /* direct_splice_actor ret=0x9d */
 0)               |          do_splice_read() {
 0)               |            copy_splice_read() {
 0)   0.180 us    |              __kmalloc_noprof(); /* ret=0xffff8f308358ce00 */
 0)               |              alloc_pages_bulk_noprof() {
 0)   0.151 us    |                _raw_spin_trylock(); /* ret=0x1 */
 0)   0.180 us    |                kernel_init_pages(); /* ret=0x0 */
 0)   0.181 us    |                kernel_init_pages(); /* ret=0x0 */
 0)   0.181 us    |                kernel_init_pages(); /* ret=0x0 */
 0)   0.180 us    |                kernel_init_pages(); /* ret=0x0 */
 0)   0.180 us    |                kernel_init_pages(); /* ret=0x0 */
 0)   0.191 us    |                kernel_init_pages(); /* ret=0x0 */
 0)   0.180 us    |                kernel_init_pages(); /* ret=0x0 */
 0)   0.180 us    |                kernel_init_pages(); /* ret=0x0 */
 0)   0.180 us    |                kernel_init_pages(); /* ret=0x0 */
 0)   0.181 us    |                kernel_init_pages(); /* ret=0x0 */
 0)   0.181 us    |                kernel_init_pages(); /* ret=0x0 */
 0)   0.180 us    |                kernel_init_pages(); /* ret=0x0 */
 0)   0.180 us    |                kernel_init_pages(); /* ret=0x0 */
 0)   0.180 us    |                kernel_init_pages(); /* ret=0x0 */
 0)   0.190 us    |                kernel_init_pages(); /* ret=0x0 */
 0)   0.180 us    |                kernel_init_pages(); /* ret=0x0 */
 0)   0.161 us    |                _raw_spin_unlock(); /* ret=0x1 */
 0)   6.913 us    |              } /* alloc_pages_bulk_noprof ret=0x10 */
 0)               |              proc_reg_read_iter() {
 0)               |                seq_read_iter() {
 0)   0.151 us    |                  mutex_lock(); /* ret=0x0 */
 0)   0.161 us    |                  single_start(); /* ret=0x0 */
 0)   0.151 us    |                  single_stop(); /* ret=0xffffffffad7f9770 */
 0)   0.151 us    |                  mutex_unlock(); /* ret=0xffff8f308369c400 */
 0)   1.533 us    |                } /* seq_read_iter ret=0x0 */
 0)   1.864 us    |              } /* proc_reg_read_iter ret=0x0 */
 0)               |              release_pages() {
 0)               |                folios_put_refs() {
 0)               |                  __mem_cgroup_uncharge_folios() {
 0)   0.161 us    |                    uncharge_folio(); /* ret=0x0 */
 0)   0.151 us    |                    uncharge_folio(); /* ret=0x0 */
 0)   0.150 us    |                    uncharge_folio(); /* ret=0x0 */
 0)   0.151 us    |                    uncharge_folio(); /* ret=0x0 */
 0)   0.150 us    |                    uncharge_folio(); /* ret=0x0 */
 0)   0.150 us    |                    uncharge_folio(); /* ret=0x0 */
 0)   0.149 us    |                    uncharge_folio(); /* ret=0x0 */
 0)   0.161 us    |                    uncharge_folio(); /* ret=0x0 */
 0)   0.161 us    |                    uncharge_folio(); /* ret=0x0 */
 0)   0.150 us    |                    uncharge_folio(); /* ret=0x0 */
 0)   0.150 us    |                    uncharge_folio(); /* ret=0x0 */
 0)   0.150 us    |                    uncharge_folio(); /* ret=0x0 */
 0)   0.151 us    |                    uncharge_folio(); /* ret=0x0 */
 0)   0.150 us    |                    uncharge_folio(); /* ret=0x0 */
 0)   0.160 us    |                    uncharge_folio(); /* ret=0x0 */
 0)   0.160 us    |                    uncharge_folio(); /* ret=0x0 */
 0)   5.439 us    |                  } /* __mem_cgroup_uncharge_folios ret=0x0 */
 0)               |                  free_unref_folios() {
 0)   0.160 us    |                    _raw_spin_trylock(); /* ret=0x1 */
 0)   0.161 us    |                    free_frozen_page_commit(); /* ret=0x1 */
 0)   0.161 us    |                    free_frozen_page_commit(); /* ret=0x1 */
 0)   0.160 us    |                    free_frozen_page_commit(); /* ret=0x1 */
 0)   0.160 us    |                    free_frozen_page_commit(); /* ret=0x1 */
 0)   0.151 us    |                    free_frozen_page_commit(); /* ret=0x1 */
 0)   0.161 us    |                    free_frozen_page_commit(); /* ret=0x1 */
 0)   0.160 us    |                    free_frozen_page_commit(); /* ret=0x1 */
 0)   0.160 us    |                    free_frozen_page_commit(); /* ret=0x1 */
 0)   0.150 us    |                    free_frozen_page_commit(); /* ret=0x1 */
 0)   0.160 us    |                    free_frozen_page_commit(); /* ret=0x1 */
 0)   0.160 us    |                    free_frozen_page_commit(); /* ret=0x1 */
 0)   0.151 us    |                    free_frozen_page_commit(); /* ret=0x1 */
 0)   0.160 us    |                    free_frozen_page_commit(); /* ret=0x1 */
 0)   0.160 us    |                    free_frozen_page_commit(); /* ret=0x1 */
 0)   0.160 us    |                    free_frozen_page_commit(); /* ret=0x1 */
 0)   0.150 us    |                    free_frozen_page_commit(); /* ret=0x1 */
 0)   0.161 us    |                    _raw_spin_unlock(); /* ret=0x1 */
 0)   6.342 us    |                  } /* free_unref_folios ret=0x0 */
 0) + 12.353 us   |                } /* folios_put_refs ret=0x0 */
 0) + 12.744 us   |              } /* release_pages ret=0x0 */
 0)   0.160 us    |              kfree(); /* ret=0x0 */
 0) + 22.974 us   |            } /* copy_splice_read ret=0x0 */
 0) + 23.324 us   |          } /* do_splice_read ret=0x0 */
 0)               |          touch_atime() {
 0)               |            atime_needs_update() {
 0)   0.160 us    |              make_vfsuid(); /* ret=0x0 */
 0)   0.151 us    |              make_vfsgid(); /* ret=0x0 */
 0)               |              current_time() {
 0)   0.170 us    |                ktime_get_coarse_real_ts64_mg(); /* ret=0x18dbf6bfccea55c0 */
 0)   0.521 us    |              } /* current_time ret=0x6ac50444 */
 0)   1.714 us    |            } /* atime_needs_update ret=0x0 */
 0)   2.054 us    |          } /* touch_atime ret=0x0 */
 0) + 70.051 us   |        } /* splice_direct_to_actor ret=0x9d */
 0) + 70.472 us   |      } /* do_splice_direct ret=0x9d */
 0) + 74.560 us   |    } /* do_sendfile ret=0x9d */
 0) + 75.061 us   |  } /* __x64_sys_sendfile64 ret=0x9d */
 0)               |  __x64_sys_sendfile64() {
 0)               |    do_sendfile() {
 0)   0.160 us    |      fdget(); /* ret=0xffff8f30819db480 */
 0)               |      rw_verify_area() {
 0)               |        security_file_permission() {
 0)   0.160 us    |          bpf_lsm_file_permission(); /* ret=0x0 */
 0)   0.501 us    |        } /* security_file_permission ret=0x0 */
 0)   0.852 us    |      } /* rw_verify_area ret=0x0 */
 0)   0.150 us    |      fdget(); /* ret=0xffff8f3082e2b9c0 */
 0)   0.170 us    |      get_pipe_info(); /* ret=0x0 */
 0)               |      rw_verify_area() {
 0)               |        security_file_permission() {
 0)   0.160 us    |          bpf_lsm_file_permission(); /* ret=0x0 */
 0)   0.481 us    |        } /* security_file_permission ret=0x0 */
 0)   0.812 us    |      } /* rw_verify_area ret=0x0 */
 0)               |      do_splice_direct() {
 0)               |        splice_direct_to_actor() {
 0)               |          do_splice_read() {
 0)               |            copy_splice_read() {
 0)   0.190 us    |              __kmalloc_noprof(); /* ret=0xffff8f308358ce00 */
 0)               |              alloc_pages_bulk_noprof() {
 0)   0.160 us    |                _raw_spin_trylock(); /* ret=0x1 */
 0)   0.200 us    |                kernel_init_pages(); /* ret=0x0 */
 0)   0.180 us    |                kernel_init_pages(); /* ret=0x0 */
 0)   0.180 us    |                kernel_init_pages(); /* ret=0x0 */
 0)   0.180 us    |                kernel_init_pages(); /* ret=0x0 */
 0)   0.180 us    |                kernel_init_pages(); /* ret=0x0 */
 0)   0.191 us    |                kernel_init_pages(); /* ret=0x0 */
 0)   0.180 us    |                kernel_init_pages(); /* ret=0x0 */
 0)   0.180 us    |                kernel_init_pages(); /* ret=0x0 */
 0)   0.180 us    |                kernel_init_pages(); /* ret=0x0 */
 0)   0.181 us    |                kernel_init_pages(); /* ret=0x0 */
 0)   0.180 us    |                kernel_init_pages(); /* ret=0x0 */
 0)   0.180 us    |                kernel_init_pages(); /* ret=0x0 */
 0)   0.171 us    |                kernel_init_pages(); /* ret=0x0 */
 0)   0.180 us    |                kernel_init_pages(); /* ret=0x0 */
 0)   0.180 us    |                kernel_init_pages(); /* ret=0x0 */
 0)   0.180 us    |                kernel_init_pages(); /* ret=0x0 */
 0)   0.161 us    |                _raw_spin_unlock(); /* ret=0x1 */
 0)   6.753 us    |              } /* alloc_pages_bulk_noprof ret=0x10 */
 0)               |              proc_reg_read_iter() {
 0)               |                seq_read_iter() {
 0)   0.160 us    |                  mutex_lock(); /* ret=0x0 */
 0)   0.151 us    |                  single_start(); /* ret=0x0 */
 0)   0.151 us    |                  single_stop(); /* ret=0xffffffffad7f9770 */
 0)   0.160 us    |                  mutex_unlock(); /* ret=0xffff8f308369c400 */
 0)   1.534 us    |                } /* seq_read_iter ret=0x0 */
 0)   1.873 us    |              } /* proc_reg_read_iter ret=0x0 */
 0)               |              release_pages() {
 0)               |                folios_put_refs() {
 0)               |                  __mem_cgroup_uncharge_folios() {
 0)   0.151 us    |                    uncharge_folio(); /* ret=0x0 */
 0)   0.150 us    |                    uncharge_folio(); /* ret=0x0 */
 0)   0.151 us    |                    uncharge_folio(); /* ret=0x0 */
 0)   0.160 us    |                    uncharge_folio(); /* ret=0x0 */
 0)   0.150 us    |                    uncharge_folio(); /* ret=0x0 */
 0)   0.151 us    |                    uncharge_folio(); /* ret=0x0 */
 0)   0.160 us    |                    uncharge_folio(); /* ret=0x0 */
 0)   0.150 us    |                    uncharge_folio(); /* ret=0x0 */
 0)   0.150 us    |                    uncharge_folio(); /* ret=0x0 */
 0)   0.151 us    |                    uncharge_folio(); /* ret=0x0 */
 0)   0.150 us    |                    uncharge_folio(); /* ret=0x0 */
 0)   0.151 us    |                    uncharge_folio(); /* ret=0x0 */
 0)   0.160 us    |                    uncharge_folio(); /* ret=0x0 */
 0)   0.150 us    |                    uncharge_folio(); /* ret=0x0 */
 0)   0.151 us    |                    uncharge_folio(); /* ret=0x0 */
 0)   0.150 us    |                    uncharge_folio(); /* ret=0x0 */
 0)   5.570 us    |                  } /* __mem_cgroup_uncharge_folios ret=0x0 */
 0)               |                  free_unref_folios() {
 0)   0.151 us    |                    _raw_spin_trylock(); /* ret=0x1 */
 0)   0.160 us    |                    free_frozen_page_commit(); /* ret=0x1 */
 0)   0.161 us    |                    free_frozen_page_commit(); /* ret=0x1 */
 0)   0.160 us    |                    free_frozen_page_commit(); /* ret=0x1 */
 0)   0.160 us    |                    free_frozen_page_commit(); /* ret=0x1 */
 0)   0.160 us    |                    free_frozen_page_commit(); /* ret=0x1 */
 0)   0.151 us    |                    free_frozen_page_commit(); /* ret=0x1 */
 0)   0.160 us    |                    free_frozen_page_commit(); /* ret=0x1 */
 0)   0.160 us    |                    free_frozen_page_commit(); /* ret=0x1 */
 0)   0.160 us    |                    free_frozen_page_commit(); /* ret=0x1 */
 0)   0.150 us    |                    free_frozen_page_commit(); /* ret=0x1 */
 0)   0.160 us    |                    free_frozen_page_commit(); /* ret=0x1 */
 0)   0.160 us    |                    free_frozen_page_commit(); /* ret=0x1 */
 0)   0.161 us    |                    free_frozen_page_commit(); /* ret=0x1 */
 0)   0.151 us    |                    free_frozen_page_commit(); /* ret=0x1 */
 0)   0.160 us    |                    free_frozen_page_commit(); /* ret=0x1 */
 0)   0.160 us    |                    free_frozen_page_commit(); /* ret=0x1 */
 0)   0.161 us    |                    _raw_spin_unlock(); /* ret=0x1 */
 0)   6.322 us    |                  } /* free_unref_folios ret=0x0 */
 0) + 12.463 us   |                } /* folios_put_refs ret=0x0 */
 0) + 12.834 us   |              } /* release_pages ret=0x0 */
 0)   0.151 us    |              kfree(); /* ret=0x0 */
 0) + 22.953 us   |            } /* copy_splice_read ret=0x0 */
 0) + 23.294 us   |          } /* do_splice_read ret=0x0 */
 0)               |          touch_atime() {
 0)               |            atime_needs_update() {
 0)   0.161 us    |              make_vfsuid(); /* ret=0x0 */
 0)   0.151 us    |              make_vfsgid(); /* ret=0x0 */
 0)               |              current_time() {
 0)   0.150 us    |                ktime_get_coarse_real_ts64_mg(); /* ret=0x18dbf6bfccea55c0 */
 0)   0.511 us    |              } /* current_time ret=0x6ac50444 */
 0)   1.543 us    |            } /* atime_needs_update ret=0x0 */
 0)   1.874 us    |          } /* touch_atime ret=0x0 */
 0) + 25.748 us   |        } /* splice_direct_to_actor ret=0x0 */
 0) + 26.089 us   |      } /* do_splice_direct ret=0x0 */
 0) + 29.526 us   |    } /* do_sendfile ret=0x0 */
 0) + 29.916 us   |  } /* __x64_sys_sendfile64 ret=0x0 */
 0)               |  __x64_sys_close() {
 0)               |    file_close_fd() {
 0)   0.160 us    |      _raw_spin_lock(); /* ret=0x0 */
 0)   0.169 us    |      file_close_fd_locked(); /* ret=0xffff8f30819db480 */
 0)   0.160 us    |      _raw_spin_unlock(); /* ret=0x1 */
 0)   1.202 us    |    } /* file_close_fd ret=0xffff8f30819db480 */
 0)               |    filp_flush() {
 0)   0.160 us    |      dnotify_flush(); /* ret=0x8000 */
 0)   0.180 us    |      locks_remove_posix(); /* ret=0x0 */
 0)   0.921 us    |    } /* filp_flush ret=0x0 */
 0)               |    fput_close_sync() {
 0)               |      __fput() {
 0)   0.160 us    |        locks_remove_file(); /* ret=0x0 */
 0)               |        security_file_release() {
 0)   0.151 us    |          bpf_lsm_file_release(); /* ret=0x0 */
 0)   0.521 us    |        } /* security_file_release ret=0x0 */
 0)               |        proc_reg_release() {
 0)               |          single_release() {
 0)               |            kvfree() {
 0)   0.151 us    |              is_vmalloc_addr(); /* ret=0x0 */
 0)   0.161 us    |              kfree(); /* ret=0x0 */
 0)   0.852 us    |            } /* kvfree ret=0x0 */
 0)   0.181 us    |            kmem_cache_free(); /* ret=0x0 */
 0)   0.170 us    |            kfree(); /* ret=0x0 */
 0)   1.924 us    |          } /* single_release ret=0x0 */
 0)   2.385 us    |        } /* proc_reg_release ret=0x0 */
 0)   0.150 us    |        module_put(); /* ret=0xffffffffae6aed40 */
 0)   0.151 us    |        file_f_owner_release(); /* ret=0x0 */
 0)               |        dput() {
 0)               |          dput.part.0() {
 0)   0.161 us    |            __rcu_read_lock(); /* ret=0xffff8f308369c400 */
 0)   0.161 us    |            _raw_spin_lock(); /* ret=0x0 */
 0)   0.160 us    |            proc_misc_d_delete(); /* ret=0x0 */
 0)   0.160 us    |            _raw_spin_unlock(); /* ret=0x1 */
 0)   0.150 us    |            __rcu_read_unlock(); /* ret=0x0 */
 0)   1.903 us    |          } /* dput.part.0 ret=0x0 */
 0)   2.235 us    |        } /* dput ret=0x0 */
 0)               |        mntput() {
 0)   0.150 us    |          __rcu_read_lock(); /* ret=0xffff8f308369c400 */
 0)   0.150 us    |          __rcu_read_unlock(); /* ret=0x0 */
 0)   0.811 us    |        } /* mntput ret=0x0 */
 0)               |        security_file_free() {
 0)               |          hook_file_free_security() {
 0)   0.161 us    |            put_pid(); /* ret=0x0 */
 0)   0.161 us    |            landlock_put_ruleset_deferred(); /* ret=0x0 */
 0)   0.851 us    |          } /* hook_file_free_security ret=0x0 */
 0)   0.160 us    |          bpf_lsm_file_free_security(); /* ret=0x0 */
 0)   0.160 us    |          kmem_cache_free(); /* ret=0x0 */
 0)   1.864 us    |        } /* security_file_free ret=0x0 */
 0)   0.151 us    |        kmem_cache_free(); /* ret=0x0 */
 0) + 10.409 us   |      } /* __fput ret=0x0 */
 0) + 10.900 us   |    } /* fput_close_sync ret=0x0 */
 0) + 13.846 us   |  } /* __x64_sys_close ret=0x0 */
 0)               |  lock_vma_under_rcu() {
 0)   0.160 us    |    __rcu_read_lock(); /* ret=0xffff8f308369c400 */
 0)   0.161 us    |    __rcu_read_unlock(); /* ret=0x0 */
 0)   0.962 us    |  } /* lock_vma_under_rcu ret=0xffff8f3082e44600 */
 0)               |  handle_mm_fault() {
 0)               |    __handle_mm_fault() {
 0)               |      pte_offset_map_rw_nolock() {
 0)               |        __pte_offset_map() {
 0)   0.161 us    |          __rcu_read_lock(); /* ret=0xffff8f308369c400 */
 0)   0.491 us    |        } /* __pte_offset_map ret=0xffff8f30835d4b00 */
 0)   0.821 us    |      } /* pte_offset_map_rw_nolock ret=0xffff8f30835d4b00 */
 0)   0.149 us    |      __rcu_read_unlock(); /* ret=0x0 */
 0)               |      do_fault() {
 0)   0.151 us    |        __rcu_read_lock(); /* ret=0xffff8f308369c400 */
 0)               |        filemap_map_pages() {
 0)   0.151 us    |          __rcu_read_lock(); /* ret=0xffff8f308369c400 */
 0)   0.211 us    |          next_uptodate_folio(); /* ret=0xfffff2a100fb5800 */
 0)               |          pte_offset_map_lock() {
 0)               |            __pte_offset_map() {
 0)   0.151 us    |              __rcu_read_lock(); /* ret=0xffff8f308369c400 */
 0)   0.481 us    |            } /* __pte_offset_map ret=0xffff8f30835d4b00 */
 0)   0.150 us    |            _raw_spin_lock(); /* ret=0x0 */
 0)   1.152 us    |          } /* pte_offset_map_lock ret=0xffff8f30835d4b00 */
 0)               |          set_pte_range() {
 0)   0.161 us    |            folio_add_file_rmap_ptes(); /* ret=0x0 */
 0)   0.561 us    |          } /* set_pte_range ret=0x0 */
 0)   0.171 us    |          next_uptodate_folio(); /* ret=0x0 */
 0)   0.149 us    |          mm_trace_rss_stat(); /* ret=0x0 */
 0)   0.160 us    |          _raw_spin_unlock(); /* ret=0x1 */
 0)   0.160 us    |          __rcu_read_unlock(); /* ret=0x1 */
 0)   0.151 us    |          __rcu_read_unlock(); /* ret=0x1 */
 0)   4.839 us    |        } /* filemap_map_pages ret=0x100 */
 0)   0.149 us    |        __rcu_read_unlock(); /* ret=0x0 */
 0)   5.861 us    |      } /* do_fault ret=0x100 */
 0)   7.624 us    |    } /* __handle_mm_fault ret=0x100 */
 0)   0.160 us    |    __rcu_read_lock(); /* ret=0xffff8f308369c400 */
 0)   0.151 us    |    mem_cgroup_from_task(); /* ret=0xffff8f3081341b00 */
 0)               |    count_memcg_events() {
 0)   0.160 us    |      __css_rstat_updated(); /* ret=0xffff8f30bec39cb0 */
 0)   0.511 us    |    } /* count_memcg_events ret=0x100 */
 0)   0.150 us    |    __rcu_read_unlock(); /* ret=0x0 */
 0)   9.699 us    |  } /* handle_mm_fault ret=0x100 */
 0)               |  __x64_sys_exit_group() {
 0)               |    do_group_exit() {
 0)   0.180 us    |      _raw_spin_lock_irq(); /* ret=0x0 */
 0)   0.181 us    |      zap_other_threads(); /* ret=0x0 */
 0)   0.160 us    |      _raw_spin_unlock_irq(); /* ret=0x1 */
 0)               |      do_exit() {
 0)   0.149 us    |        _raw_spin_lock_irq(); /* ret=0x0 */
 0)   0.160 us    |        _raw_spin_unlock_irq(); /* ret=0x1 */
 0)               |        sched_mm_cid_exit() {
 0)   0.160 us    |          mutex_lock(); /* ret=0x0 */
 0)   0.161 us    |          _raw_spin_lock_irq(); /* ret=0x0 */
 0)               |          sched_mm_cid_remove_user() {
 0)   0.160 us    |            mm_update_max_cids(); /* ret=0x0 */
 0)   0.521 us    |          } /* sched_mm_cid_remove_user ret=0x0 */
 0)   0.171 us    |          _raw_spin_unlock_irq(); /* ret=0x1 */
 0)   0.149 us    |          mutex_unlock(); /* ret=0xffff8f308369c400 */
 0)               |          cancel_work_sync() {
 0)               |            __cancel_work() {
 0)   0.160 us    |              try_to_grab_pending(); /* ret=0x0 */
 0)   0.532 us    |            } /* __cancel_work ret=0x0 */
 0)               |            __flush_work() {
 0)   0.151 us    |              __rcu_read_lock(); /* ret=0xffff8f308369c400 */
 0)   0.150 us    |              __rcu_read_unlock(); /* ret=0x0 */
 0)   0.862 us    |            } /* __flush_work ret=0x0 */
 0)               |            enable_work() {
 0)   0.150 us    |              try_to_grab_pending(); /* ret=0x0 */
 0)   0.501 us    |            } /* enable_work ret=0xfffffffe00001 */
 0)   2.645 us    |          } /* cancel_work_sync ret=0x0 */
 0)   5.150 us    |        } /* sched_mm_cid_exit ret=0x0 */
 0)   0.351 us    |        exit_signals(); /* ret=0xffffffffb04d2000 */
 0)   0.171 us    |        seccomp_filter_release(); /* ret=0xffffffffb04d2000 */
 0)               |        acct_update_integrals() {
 0)   0.160 us    |          task_cputime(); /* ret=0x0 */
 0)   0.521 us    |        } /* acct_update_integrals ret=0x0 */
 0)               |        hrtimer_cancel() {
 0)   0.181 us    |          hrtimer_active(); /* ret=0x0 */
 0)   0.521 us    |        } /* hrtimer_cancel ret=0x0 */
 0)   0.170 us    |        exit_itimers(); /* ret=0x0 */
 0)               |        acct_collect() {
 0)   0.170 us    |          down_read(); /* ret=0xffff8f308369c401 */
 0)   0.150 us    |          up_read(); /* ret=0x0 */
 0)   0.160 us    |          _raw_spin_lock_irq(); /* ret=0x0 */
 0)   0.151 us    |          task_cputime(); /* ret=0x0 */
 0)   0.160 us    |          _raw_spin_unlock_irq(); /* ret=0x1 */
 0)   2.184 us    |        } /* acct_collect ret=0x0 */
 0)   0.170 us    |        tty_audit_exit(); /* ret=0xffff8f308213e780 */
 0)   0.361 us    |        taskstats_exit(); /* ret=0x0 */
 0)               |        perf_event_exit_task() {
 0)   0.150 us    |          mutex_lock(); /* ret=0x0 */
 0)   0.150 us    |          mutex_unlock(); /* ret=0xffff8f308369c400 */
 0)               |          perf_event_exit_task_context() {
 0)               |            perf_lock_task_context() {
 0)   0.150 us    |              __rcu_read_lock(); /* ret=0xffff8f308369c400 */
 0)   0.151 us    |              __rcu_read_unlock(); /* ret=0x0 */
 0)   0.902 us    |            } /* perf_lock_task_context ret=0x0 */
 0)   1.283 us    |          } /* perf_event_exit_task_context ret=0x0 */
 0)   0.171 us    |          perf_event_task(); /* ret=0x0 */
 0)               |          detach_task_ctx_data() {
 0)   0.160 us    |            __rcu_read_lock(); /* ret=0xffff8f308369c400 */
 0)   0.151 us    |            __rcu_read_unlock(); /* ret=0x0 */
 0)   0.811 us    |          } /* detach_task_ctx_data ret=0x0 */
 0)   3.777 us    |        } /* perf_event_exit_task ret=0x0 */
 0)   0.150 us    |        unwind_deferred_task_exit(); /* ret=0xffff8f308369c400 */
 0)               |        exit_mm_release() {
 0)               |          futex_exit_release() {
 0)   0.151 us    |            mutex_lock(); /* ret=0x0 */
 0)   0.150 us    |            _raw_spin_lock_irq(); /* ret=0x0 */
 0)   0.161 us    |            _raw_spin_unlock_irq(); /* ret=0x1 */
 0)   0.160 us    |            futex_cleanup(); /* ret=0x0 */
 0)   0.161 us    |            mutex_unlock(); /* ret=0xffff8f308369c400 */
 0)   1.863 us    |          } /* futex_exit_release ret=0xffff8f308369c400 */
 0)               |          mm_release() {
 0)   0.160 us    |            uprobe_free_utask(); /* ret=0xffff8f308369c400 */
 0)   0.160 us    |            shstk_free(); /* ret=0xffff8f308369c400 */
 0)   1.022 us    |          } /* mm_release ret=0x0 */
 0)   3.456 us    |        } /* exit_mm_release ret=0x0 */
 0)   0.161 us    |        down_read(); /* ret=0xffff8f308369c401 */
 0)   0.151 us    |        _raw_spin_lock(); /* ret=0x0 */
 0)   0.190 us    |        membarrier_update_current_mm(); /* ret=0x0 */
 0)   0.161 us    |        _raw_spin_unlock(); /* ret=0x1 */
 0)   0.160 us    |        up_read(); /* ret=0x0 */
 0)   0.170 us    |        mm_update_next_owner(); /* ret=0x0 */
 0)               |        mmput() {
 0)               |          uprobe_clear_state() {
 0)   0.160 us    |            mutex_lock(); /* ret=0x0 */
 0)   0.190 us    |            delayed_uprobe_remove.part.0(); /* ret=0x0 */
 0)   0.150 us    |            mutex_unlock(); /* ret=0xffff8f308369c400 */
 0)   0.160 us    |            arch_uprobe_clear_state(); /* ret=0xffff8f308369c400 */
 0)   1.583 us    |          } /* uprobe_clear_state ret=0xffff8f308369c400 */
 0)   0.160 us    |          exit_aio(); /* ret=0x0 */
 0)               |          exit_mmap() {
 0)   0.151 us    |            down_read(); /* ret=0xffff8f308369c401 */
 0)               |            ldt_arch_exit_mmap() {
 0)   0.180 us    |              free_ldt_pgtables(); /* ret=0x0 */
 0)   0.521 us    |            } /* ldt_arch_exit_mmap ret=0x0 */
 0)   0.160 us    |            tlb_gather_mmu_fullmm(); /* ret=0x1 */
 0)               |            unmap_vmas() {
 0)               |              __zap_vma_range() {
 0)               |                pte_offset_map_lock() {
 0)               |                  __pte_offset_map() {
 0)   0.151 us    |                    __rcu_read_lock(); /* ret=0xffff8f308369c400 */
 0)   0.490 us    |                  } /* __pte_offset_map ret=0xffff8f30835d4470 */
 0)   0.160 us    |                  _raw_spin_lock(); /* ret=0x0 */
 0)   1.162 us    |                } /* pte_offset_map_lock ret=0xffff8f30835d4470 */
 0)   0.161 us    |                flush_tlb_batched_pending(); /* ret=0x0 */
 0)   0.160 us    |                _raw_spin_unlock(); /* ret=0x1 */
 0)   0.150 us    |                __rcu_read_unlock(); /* ret=0x0 */
 0)   2.776 us    |              } /* __zap_vma_range ret=0x0 */
 0)               |              __zap_vma_range() {
 0)               |                pte_offset_map_lock() {
 0)               |                  __pte_offset_map() {
 0)   0.160 us    |                    __rcu_read_lock(); /* ret=0xffff8f308369c400 */
 0)   0.490 us    |                  } /* __pte_offset_map ret=0xffff8f30835d4490 */
 0)   0.160 us    |                  _raw_spin_lock(); /* ret=0x0 */
 0)   1.153 us    |                } /* pte_offset_map_lock ret=0xffff8f30835d4490 */
 0)   0.160 us    |                flush_tlb_batched_pending(); /* ret=0x0 */
 0)   0.161 us    |                _raw_spin_unlock(); /* ret=0x1 */
 0)   0.481 us    |                __rcu_read_unlock(); /* ret=0x0 */
 0)   2.885 us    |              } /* __zap_vma_range ret=0x0 */
 0)               |              __zap_vma_range() {
 0)               |                pte_offset_map_lock() {
 0)               |                  __pte_offset_map() {
 0)   0.150 us    |                    __rcu_read_lock(); /* ret=0xffff8f308369c400 */
 0)   0.481 us    |                  } /* __pte_offset_map ret=0xffff8f30835d44a0 */
 0)   0.150 us    |                  _raw_spin_lock(); /* ret=0x0 */
 0)   1.143 us    |                } /* pte_offset_map_lock ret=0xffff8f30835d44a0 */
 0)   0.160 us    |                flush_tlb_batched_pending(); /* ret=0x0 */
 0)   0.160 us    |                _raw_spin_unlock(); /* ret=0x1 */
 0)   0.170 us    |                __rcu_read_unlock(); /* ret=0x0 */
 0)   2.545 us    |              } /* __zap_vma_range ret=0x0 */
 0)               |              __zap_vma_range() {
 0)   0.151 us    |                uprobe_munmap(); /* ret=0xffffd26ac04ffa60 */
 0)               |                pte_offset_map_lock() {
 0)               |                  __pte_offset_map() {
 0)   0.151 us    |                    __rcu_read_lock(); /* ret=0xffff8f308369c400 */
 0)   0.480 us    |                  } /* __pte_offset_map ret=0xffff8f30835d44b0 */
 0)   0.150 us    |                  _raw_spin_lock(); /* ret=0x0 */
 0)   1.152 us    |                } /* pte_offset_map_lock ret=0xffff8f30835d44b0 */
 0)   0.151 us    |                flush_tlb_batched_pending(); /* ret=0x0 */
 0)   0.171 us    |                vm_normal_page(); /* ret=0xfffff2a100721580 */
 0)   0.170 us    |                folio_mark_accessed(); /* ret=0xfffffde02023c */
 0)   0.150 us    |                arch_check_zapped_pte(); /* ret=0xffffd26ac04ffa0c */
 0)   0.161 us    |                folio_remove_rmap_ptes(); /* ret=0xffffffffffffffff */
 0)   0.150 us    |                __tlb_remove_folio_pages(); /* ret=0x0 */
 0)   0.160 us    |                _raw_spin_unlock(); /* ret=0x1 */
 0)   0.150 us    |                __rcu_read_unlock(); /* ret=0x0 */
 0)   4.699 us    |              } /* __zap_vma_range ret=0x0 */
 0)               |              __zap_vma_range() {
 0)   0.150 us    |                uprobe_munmap(); /* ret=0xffffd26ac04ffa60 */
 0)               |                pte_offset_map_lock() {
 0)               |                  __pte_offset_map() {
 0)   0.150 us    |                    __rcu_read_lock(); /* ret=0xffff8f308369c400 */
 0)   0.481 us    |                  } /* __pte_offset_map ret=0xffff8f30835d44b8 */
 0)   0.150 us    |                  _raw_spin_lock(); /* ret=0x0 */
 0)   1.142 us    |                } /* pte_offset_map_lock ret=0xffff8f30835d44b8 */
 0)   0.151 us    |                flush_tlb_batched_pending(); /* ret=0x0 */
 0)   0.161 us    |                vm_normal_page(); /* ret=0xfffff2a1007215c0 */
 0)   0.160 us    |                folio_mark_accessed(); /* ret=0xfffffde02023c */
 0)   0.150 us    |                arch_check_zapped_pte(); /* ret=0xffffd26ac04ffa0c */
 0)   0.160 us    |                folio_remove_rmap_ptes(); /* ret=0xffffffffffffffff */
 0)   0.160 us    |                __tlb_remove_folio_pages(); /* ret=0x0 */
 0)   0.160 us    |                vm_normal_page(); /* ret=0xfffff2a100721600 */
 0)   0.160 us    |                folio_mark_accessed(); /* ret=0xfffffde02023c */
 0)   0.151 us    |                arch_check_zapped_pte(); /* ret=0xffffd26ac04ffa0c */
 0)   0.149 us    |                folio_remove_rmap_ptes(); /* ret=0xffffffffffffffff */
 0)   0.150 us    |                __tlb_remove_folio_pages(); /* ret=0x0 */
 0)   0.160 us    |                vm_normal_page(); /* ret=0xfffff2a100721640 */
 0)   0.150 us    |                folio_mark_accessed(); /* ret=0xfffffde02023c */
 0)   0.150 us    |                arch_check_zapped_pte(); /* ret=0xffffd26ac04ffa0c */
 0)   0.149 us    |                folio_remove_rmap_ptes(); /* ret=0xffffffffffffffff */
 0)   0.151 us    |                __tlb_remove_folio_pages(); /* ret=0x0 */
 0)   0.160 us    |                vm_normal_page(); /* ret=0xfffff2a100721680 */
 0)   0.149 us    |                folio_mark_accessed(); /* ret=0xfffffde02023c */
 0)   0.150 us    |                arch_check_zapped_pte(); /* ret=0xffffd26ac04ffa0c */
 0)   0.150 us    |                folio_remove_rmap_ptes(); /* ret=0xffffffffffffffff */
 0)   0.151 us    |                __tlb_remove_folio_pages(); /* ret=0x0 */
 0)   0.160 us    |                vm_normal_page(); /* ret=0xfffff2a1007216c0 */
 0)   0.280 us    |                folio_mark_accessed(); /* ret=0xfffffde02023c */
 0)   0.149 us    |                arch_check_zapped_pte(); /* ret=0xffffd26ac04ffa0c */
 0)   0.150 us    |                folio_remove_rmap_ptes(); /* ret=0xffffffffffffffff */
 0)   0.150 us    |                __tlb_remove_folio_pages(); /* ret=0x0 */
 0)   0.160 us    |                vm_normal_page(); /* ret=0xfffff2a100721700 */
 0)   0.160 us    |                folio_mark_accessed(); /* ret=0xfffffde02023c */
 0)   0.149 us    |                arch_check_zapped_pte(); /* ret=0xffffd26ac04ffa0c */
 0)   0.151 us    |                folio_remove_rmap_ptes(); /* ret=0xffffffffffffffff */
 0)               |                __tlb_remove_folio_pages() {
 0)               |                  tlb_next_batch() {
 0)               |                    get_free_pages_noprof() {
 0)               |                      alloc_pages_noprof() {
 0)               |                        alloc_pages_mpol() {
 0)   0.171 us    |                          policy_nodemask(); /* ret=0x0 */
 0)               |                          __alloc_frozen_pages_noprof() {
 0)               |                            get_page_from_freelist() {
 0)   0.160 us    |                              _raw_spin_trylock(); /* ret=0x1 */
 0)   0.160 us    |                              _raw_spin_unlock(); /* ret=0x1 */
 0)   0.201 us    |                              kernel_init_pages(); /* ret=0x0 */
 0)   1.262 us    |                            } /* get_page_from_freelist ret=0xfffff2a1000d2600 */
 0)   1.643 us    |                          } /* __alloc_frozen_pages_noprof ret=0xfffff2a1000d2600 */
 0)   2.355 us    |                        } /* alloc_pages_mpol ret=0xfffff2a1000d2600 */
 0)   2.695 us    |                      } /* alloc_pages_noprof ret=0xfffff2a1000d2600 */
 0)   3.045 us    |                    } /* get_free_pages_noprof ret=0xffff8f3083498000 */
 0)   3.426 us    |                  } /* tlb_next_batch ret=0x1 */
 0)   3.777 us    |                } /* __tlb_remove_folio_pages ret=0x0 */
 0)   0.160 us    |                vm_normal_page(); /* ret=0xfffff2a100721740 */
 0)   0.151 us    |                folio_mark_accessed(); /* ret=0xfffffde02023c */
 0)   0.149 us    |                arch_check_zapped_pte(); /* ret=0xffffd26ac04ffa0c */
 0)   0.150 us    |                folio_remove_rmap_ptes(); /* ret=0xffffffffffffffff */
 0)   0.160 us    |                __tlb_remove_folio_pages(); /* ret=0x0 */
 0)   0.161 us    |                vm_normal_page(); /* ret=0xfffff2a100721780 */
 0)   0.160 us    |                folio_mark_accessed(); /* ret=0xfffffde02023c */
 0)   0.161 us    |                arch_check_zapped_pte(); /* ret=0xffffd26ac04ffa0c */
 0)   0.161 us    |                folio_remove_rmap_ptes(); /* ret=0xffffffffffffffff */
 0)   0.161 us    |                __tlb_remove_folio_pages(); /* ret=0x0 */
 0)   0.169 us    |                vm_normal_page(); /* ret=0xfffff2a1007217c0 */
 0)   0.161 us    |                folio_mark_accessed(); /* ret=0xfffffde02023c */
 0)   0.161 us    |                arch_check_zapped_pte(); /* ret=0xffffd26ac04ffa0c */
 0)   0.161 us    |                folio_remove_rmap_ptes(); /* ret=0xffffffffffffffff */
 0)   0.160 us    |                __tlb_remove_folio_pages(); /* ret=0x0 */
 0)   0.161 us    |                vm_normal_page(); /* ret=0xfffff2a100721800 */
 0)   0.151 us    |                folio_mark_accessed(); /* ret=0xfffffde02023c */
 0)   0.150 us    |                arch_check_zapped_pte(); /* ret=0xffffd26ac04ffa0c */
 0)   0.151 us    |                folio_remove_rmap_ptes(); /* ret=0xffffffffffffffff */
 0)   0.150 us    |                __tlb_remove_folio_pages(); /* ret=0x0 */
 0)   0.161 us    |                vm_normal_page(); /* ret=0xfffff2a100721840 */
 0)   0.151 us    |                folio_mark_accessed(); /* ret=0xfffffde02023c */
 0)   0.150 us    |                arch_check_zapped_pte(); /* ret=0xffffd26ac04ffa0c */
 0)   0.151 us    |                folio_remove_rmap_ptes(); /* ret=0xffffffffffffffff */
 0)   0.150 us    |                __tlb_remove_folio_pages(); /* ret=0x0 */
 0)   0.161 us    |                vm_normal_page(); /* ret=0xfffff2a100721880 */
 0)   0.151 us    |                folio_mark_accessed(); /* ret=0xfffffde02023c */
 0)   0.150 us    |                arch_check_zapped_pte(); /* ret=0xffffd26ac04ffa0c */
 0)   0.151 us    |                folio_remove_rmap_ptes(); /* ret=0xffffffffffffffff */
 0)   0.150 us    |                __tlb_remove_folio_pages(); /* ret=0x0 */
 0)   0.160 us    |                vm_normal_page(); /* ret=0xfffff2a1007218c0 */
 0)   0.151 us    |                folio_mark_accessed(); /* ret=0xfffffde02023c */
 0)   0.290 us    |                arch_check_zapped_pte(); /* ret=0xffffd26ac04ffa0c */
 0)   0.150 us    |                folio_remove_rmap_ptes(); /* ret=0xffffffffffffffff */
 0)   0.150 us    |                __tlb_remove_folio_pages(); /* ret=0x0 */
 0)   0.160 us    |                vm_normal_page(); /* ret=0xfffff2a100721900 */
 0)   0.150 us    |                folio_mark_accessed(); /* ret=0xfffffde02023c */
 0)   0.160 us    |                arch_check_zapped_pte(); /* ret=0xffffd26ac04ffa0c */
 0)   0.150 us    |                folio_remove_rmap_ptes(); /* ret=0xffffffffffffffff */
 0)   0.151 us    |                __tlb_remove_folio_pages(); /* ret=0x0 */
 0)   0.160 us    |                vm_normal_page(); /* ret=0xfffff2a100721940 */
 0)   0.150 us    |                folio_mark_accessed(); /* ret=0xfffffde02023c */
 0)   0.151 us    |                arch_check_zapped_pte(); /* ret=0xffffd26ac04ffa0c */
 0)   0.150 us    |                folio_remove_rmap_ptes(); /* ret=0xffffffffffffffff */
 0)   0.150 us    |                __tlb_remove_folio_pages(); /* ret=0x0 */
 0)   0.160 us    |                vm_normal_page(); /* ret=0xfffff2a100721980 */
 0)   0.150 us    |                folio_mark_accessed(); /* ret=0xfffffde02023c */
 0)   0.151 us    |                arch_check_zapped_pte(); /* ret=0xffffd26ac04ffa0c */
 0)               |                  irq_enter_rcu() {
 0)   0.240 us    |                    irqtime_account_irq(); /* ret=0x0 */
 0)   0.641 us    |                  } /* irq_enter_rcu ret=0x0 */
 0)               |                  __sysvec_apic_timer_interrupt() {
 0)               |                    hrtimer_interrupt() {
 0)   0.150 us    |                      _raw_spin_lock_irqsave(); /* ret=0x86 */
 0)   0.220 us    |                      ktime_get_update_offsets_now(); /* ret=0x1a9b250a4 */
 0)               |                      __hrtimer_run_queues() {
 0)   0.220 us    |                        __remove_hrtimer(); /* ret=0x1ba4618f1 */
 0)   0.181 us    |                        _raw_spin_unlock_irqrestore(); /* ret=0x1 */
 0)               |                        tick_nohz_handler() {
 0)   0.191 us    |                          ktime_get(); /* ret=0x1a9b256b4 */
 0)               |                          tick_do_update_jiffies64() {
 0)   0.160 us    |                            _raw_spin_lock(); /* ret=0x0 */
 0)   0.160 us    |                            calc_global_load(); /* ret=0xfffb87bc */
 0)   0.161 us    |                            _raw_spin_unlock(); /* ret=0x1 */
 0)               |                            update_wall_time() {
 0)   0.150 us    |                              _raw_spin_lock_irqsave(); /* ret=0x86 */
 0)               |                              __timekeeping_advance() {
 0)   0.161 us    |                                ntp_tick_length(); /* ret=0xf424000000000 */
 0)   0.160 us    |                                ntp_tick_length(); /* ret=0xf424000000000 */
 0)               |                                timekeeping_update_from_shadow() {
 0)   0.149 us    |                                  ntp_get_next_leap(); /* ret=0x7fffffffffffffff */
 0)   0.211 us    |                                  update_vsyscall(); /* ret=0xd59f800000000 */
 0)               |                                  raw_notifier_call_chain() {
 0)   0.170 us    |                                    notifier_call_chain(); /* ret=0x0 */
 0)   0.511 us    |                                  } /* raw_notifier_call_chain ret=0x0 */
 0)   0.160 us    |                                  update_fast_timekeeper(); /* ret=0x18dbf6bfb245a800 */
 0)   0.150 us    |                                  update_fast_timekeeper(); /* ret=0x0 */
 0)   2.344 us    |                                } /* timekeeping_update_from_shadow ret=0xffffffffb0581788 */
 0)   3.456 us    |                              } /* __timekeeping_advance ret=0x0 */
 0)   0.161 us    |                              _raw_spin_unlock_irqrestore(); /* ret=0x1 */
 0)   4.459 us    |                            } /* update_wall_time ret=0x1 */
 0)   5.861 us    |                          } /* tick_do_update_jiffies64 ret=0x1 */
 0)               |                          update_process_times() {
 0)               |                            account_process_tick() {
 0)               |                              irqtime_account_process_tick() {
 0)   0.160 us    |                                kvm_steal_clock(); /* ret=0x422060 */
 0)               |                                account_system_index_time() {
 0)   0.171 us    |                                  cpuacct_account_field(); /* ret=0xffffffffaf85c940 */
 0)   0.161 us    |                                  acct_account_cputime(); /* ret=0xffffffffaf94bfe0 */
 0)   0.851 us    |                                } /* account_system_index_time ret=0xffffffffaf94bfe0 */
 0)   1.543 us    |                              } /* irqtime_account_process_tick ret=0xffffffffaf94bfe0 */
 0)   1.894 us    |                            } /* account_process_tick ret=0xffffffffaf94bfe0 */
 0)   0.160 us    |                            hrtimer_run_queues(); /* ret=0xffff8f310e750000 */
 0)               |                            tmigr_requires_handle_remote() {
 0)   0.161 us    |                              get_jiffies_update(); /* ret=0x1a9b24580 */
 0)   0.491 us    |                            } /* tmigr_requires_handle_remote ret=0x0 */
 0)               |                            rcu_sched_clock_irq() {
 0)   0.161 us    |                              rcu_segcblist_ready_cbs(); /* ret=0x0 */
 0)   0.722 us    |                            } /* rcu_sched_clock_irq ret=0x0 */
 0)               |                            sched_tick() {
 0)   0.171 us    |                              arch_scale_freq_tick(); /* ret=0x0 */
 0)               |                              raw_spin_rq_lock_nested() {
 0)   0.150 us    |                                _raw_spin_lock(); /* ret=0x0 */
 0)   0.501 us    |                              } /* raw_spin_rq_lock_nested ret=0x0 */
 0)               |                              psi_account_irqtime() {
 0)   0.161 us    |                                record_times(); /* ret=0x180 */
 0)   0.622 us    |                              } /* psi_account_irqtime ret=0xffff8f30bec1d180 */
 0)               |                              update_rq_clock() {
 0)   0.150 us    |                                kvm_steal_clock(); /* ret=0x422060 */
 0)               |                                update_irq_load_avg() {
 0)   0.160 us    |                                  arch_scale_cpu_capacity(); /* ret=0x400 */
 0)   0.531 us    |                                } /* update_irq_load_avg ret=0x1 */
 0)   0.161 us    |                                arch_scale_cpu_capacity(); /* ret=0x400 */
 0)   1.583 us    |                              } /* update_rq_clock ret=0xffffffffb04cc240 */
 0)               |                              task_tick_fair() {
 0)               |                                update_curr() {
 0)               |                                  update_se() {
 0)   0.161 us    |                                    cpuacct_charge(); /* ret=0xffff8f30bec1d280 */
 0)   0.510 us    |                                  } /* update_se ret=0xeb5d0 */
 0)               |                                  dl_server_update() {
 0)   0.180 us    |                                    update_curr_dl_se(); /* ret=0xffff8f30bec33bc8 */
 0)   0.532 us    |                                  } /* dl_server_update ret=0xffff8f30bec33bc8 */
 0)   1.643 us    |                                } /* update_curr ret=0x0 */
 0)   0.160 us    |                                __update_load_avg_se(); /* ret=0x1 */
 0)   0.180 us    |                                __update_load_avg_cfs_rq(); /* ret=0x1 */
 0)   0.160 us    |                                update_cfs_group(); /* ret=0xffff8f30bec32f40 */
 0)   3.197 us    |                              } /* task_tick_fair ret=0x0 */
 0)   0.150 us    |                              calc_global_load_tick(); /* ret=0x0 */
 0)   0.161 us    |                              scx_tick(); /* ret=0x0 */
 0)   0.160 us    |                              _raw_spin_unlock(); /* ret=0x1 */
 0)               |                              perf_event_task_tick() {
 0)   0.170 us    |                                perf_adjust_freq_unthr_context(); /* ret=0xffff8f30bec2cbe0 */
 0)   0.150 us    |                                __rcu_read_lock(); /* ret=0xffff8f308369c400 */
 0)   0.161 us    |                                __rcu_read_unlock(); /* ret=0xffff8f308369c400 */
 0)   1.192 us    |                              } /* perf_event_task_tick ret=0xffff8f308369c400 */
 0)   0.181 us    |                              idle_cpu(); /* ret=0x0 */
 0)               |                              sched_balance_trigger() {
 0)   0.161 us    |                                nohz_balance_exit_idle(); /* ret=0xffff8f30bec32f40 */
 0)   0.562 us    |                              } /* sched_balance_trigger ret=0x1d */
 0) + 10.820 us   |                            } /* sched_tick ret=0x1d */
 0)   0.150 us    |                            run_posix_cpu_timers(); /* ret=0x0 */
 0) + 15.580 us   |                          } /* update_process_times ret=0x0 */
 0)               |                          profile_tick() {
 0)   0.161 us    |                            profile_pc(); /* ret=0xffffffffae5656de */
 0)   0.501 us    |                          } /* profile_tick ret=0xffffffffae5656de */
 0)   0.161 us    |                          hrtimer_forward(); /* ret=0x1 */
 0) + 23.414 us   |                        } /* tick_nohz_handler ret=0x1 */
 0)   0.161 us    |                        _raw_spin_lock_irq(); /* ret=0x0 */
 0)   0.200 us    |                        enqueue_hrtimer(); /* ret=0x1 */
 0) + 25.298 us   |                      } /* __hrtimer_run_queues ret=0xffffffff */
 0)   0.190 us    |                      ktime_get_update_offsets_now(); /* ret=0x1a9b2b5c4 */
 0)               |                      hrtimer_update_next_event() {
 0)   0.150 us    |                        hrtimer_bases_first(); /* ret=0xfffffffe */
 0)   0.490 us    |                      } /* hrtimer_update_next_event ret=0x1a9c187c0 */
 0)   0.160 us    |                      _raw_spin_unlock_irqrestore(); /* ret=0x1 */
 0) + 27.832 us   |                    } /* hrtimer_interrupt ret=0x1 */
 0) + 28.222 us   |                  } /* __sysvec_apic_timer_interrupt ret=0x1 */
 0)               |                  irq_exit_rcu() {
 0)   0.180 us    |                    irqtime_account_irq(); /* ret=0xffff8f310e750000 */
 0)   0.160 us    |                    sched_core_idle_cpu(); /* ret=0x0 */
 0)   0.922 us    |                  } /* irq_exit_rcu ret=0x0 */
 0)   0.160 us    |                  raw_irqentry_exit_cond_resched(); /* ret=0x0 */
 0)               |                  __hrtimer_rearm_deferred() {
 0)   0.150 us    |                    _raw_spin_lock(); /* ret=0x0 */
 0)               |                    tick_program_event() {
 0)               |                      clockevents_program_event() {
 0)   0.160 us    |                        ktime_expiry_to_cycles(); /* ret=0x0 */
 0)   0.180 us    |                        ktime_get(); /* ret=0x1a9b2c7cf */
 0)   1.143 us    |                        lapic_next_deadline(); /* ret=0x0 */
 0)   2.385 us    |                      } /* clockevents_program_event ret=0x0 */
 0)   2.735 us    |                    } /* tick_program_event ret=0x0 */
 0)   0.169 us    |                    _raw_spin_unlock(); /* ret=0x1 */
 0)   3.797 us    |                  } /* __hrtimer_rearm_deferred ret=0x1 */
 0) + 40.465 us   |                folio_remove_rmap_ptes(); /* ret=0xffffffffffffffff */
 0)   0.170 us    |                __tlb_remove_folio_pages(); /* ret=0x0 */
 0)   0.169 us    |                vm_normal_page(); /* ret=0xfffff2a1007219c0 */
 0)   0.160 us    |                folio_mark_accessed(); /* ret=0xfffffde02023c */
 0)   0.171 us    |                arch_check_zapped_pte(); /* ret=0xffffd26ac04ffa0c */
 0)   0.160 us    |                folio_remove_rmap_ptes(); /* ret=0xffffffffffffffff */
 0)   0.150 us    |                __tlb_remove_folio_pages(); /* ret=0x0 */
 0)   0.170 us    |                vm_normal_page(); /* ret=0xfffff2a100721a00 */
 0)   0.151 us    |                folio_mark_accessed(); /* ret=0xfffffde02023c */
 0)   0.150 us    |                arch_check_zapped_pte(); /* ret=0xffffd26ac04ffa0c */
 0)   0.160 us    |                folio_remove_rmap_ptes(); /* ret=0xffffffffffffffff */
 0)   0.151 us    |                __tlb_remove_folio_pages(); /* ret=0x0 */
 0)   0.160 us    |                vm_normal_page(); /* ret=0xfffff2a100721a40 */
 0)   0.149 us    |                folio_mark_accessed(); /* ret=0xfffffde02023c */
 0)   0.150 us    |                arch_check_zapped_pte(); /* ret=0xffffd26ac04ffa0c */
 0)   0.160 us    |                folio_remove_rmap_ptes(); /* ret=0xffffffffffffffff */
 0)   0.150 us    |                __tlb_remove_folio_pages(); /* ret=0x0 */
 0)   0.160 us    |                vm_normal_page(); /* ret=0xfffff2a100721a80 */
 0)   0.151 us    |                folio_mark_accessed(); /* ret=0xfffffde02023c */
 0)   0.150 us    |                arch_check_zapped_pte(); /* ret=0xffffd26ac04ffa0c */
 0)   0.161 us    |                folio_remove_rmap_ptes(); /* ret=0xffffffffffffffff */
 0)   0.151 us    |                __tlb_remove_folio_pages(); /* ret=0x0 */
 0)   0.160 us    |                vm_normal_page(); /* ret=0xfffff2a100721ac0 */
 0)   0.151 us    |                folio_mark_accessed(); /* ret=0xfffffde02023c */
 0)   0.161 us    |                arch_check_zapped_pte(); /* ret=0xffffd26ac04ffa0c */
 0)   0.150 us    |                folio_remove_rmap_ptes(); /* ret=0xffffffffffffffff */
 0)   0.151 us    |                __tlb_remove_folio_pages(); /* ret=0x0 */
 0)   0.161 us    |                vm_normal_page(); /* ret=0xfffff2a100721b00 */
 0)   0.160 us    |                folio_mark_accessed(); /* ret=0xfffffde02023c */
 0)   0.149 us    |                arch_check_zapped_pte(); /* ret=0xffffd26ac04ffa0c */
 0)   0.151 us    |                folio_remove_rmap_ptes(); /* ret=0xffffffffffffffff */
 0)   0.150 us    |                __tlb_remove_folio_pages(); /* ret=0x0 */
 0)   0.160 us    |                vm_normal_page(); /* ret=0xfffff2a100721b40 */
 0)   0.150 us    |                folio_mark_accessed(); /* ret=0xfffffde02023c */
 0)   0.151 us    |                arch_check_zapped_pte(); /* ret=0xffffd26ac04ffa0c */
 0)   0.150 us    |                folio_remove_rmap_ptes(); /* ret=0xffffffffffffffff */
 0)   0.160 us    |                __tlb_remove_folio_pages(); /* ret=0x0 */
 0)   0.160 us    |                vm_normal_page(); /* ret=0xfffff2a100721b80 */
 0)   0.151 us    |                folio_mark_accessed(); /* ret=0xfffffde02023c */
 0)   0.150 us    |                arch_check_zapped_pte(); /* ret=0xffffd26ac04ffa0c */
 0)   0.160 us    |                folio_remove_rmap_ptes(); /* ret=0xffffffffffffffff */
 0)   0.150 us    |                __tlb_remove_folio_pages(); /* ret=0x0 */
 0)   0.160 us    |                vm_normal_page(); /* ret=0xfffff2a100721bc0 */
 0)   0.150 us    |                folio_mark_accessed(); /* ret=0xfffffde02023c */
 0)   0.160 us    |                arch_check_zapped_pte(); /* ret=0xffffd26ac04ffa0c */
 0)   0.150 us    |                folio_remove_rmap_ptes(); /* ret=0xffffffffffffffff */
 0)   0.160 us    |                __tlb_remove_folio_pages(); /* ret=0x0 */
 0)   0.160 us    |                vm_normal_page(); /* ret=0xfffff2a100721c00 */
 0)   0.151 us    |                folio_mark_accessed(); /* ret=0xfffffde02023c */
 0)   0.161 us    |                arch_check_zapped_pte(); /* ret=0xffffd26ac04ffa0c */
 0)   0.160 us    |                folio_remove_rmap_ptes(); /* ret=0xffffffffffffffff */
 0)   0.150 us    |                __tlb_remove_folio_pages(); /* ret=0x0 */
 0)   0.160 us    |                vm_normal_page(); /* ret=0xfffff2a100721c40 */
 0)   0.151 us    |                folio_mark_accessed(); /* ret=0xfffffde02023c */
 0)   0.160 us    |                arch_check_zapped_pte(); /* ret=0xffffd26ac04ffa0c */
 0)   0.150 us    |                folio_remove_rmap_ptes(); /* ret=0xffffffffffffffff */
 0)   0.161 us    |                __tlb_remove_folio_pages(); /* ret=0x0 */
 0)   0.171 us    |                vm_normal_page(); /* ret=0xfffff2a100721c80 */
 0)   0.150 us    |                folio_mark_accessed(); /* ret=0xfffffde02023c */
 0)   0.151 us    |                arch_check_zapped_pte(); /* ret=0xffffd26ac04ffa0c */
 0)   0.161 us    |                folio_remove_rmap_ptes(); /* ret=0xffffffffffffffff */
 0)   0.150 us    |                __tlb_remove_folio_pages(); /* ret=0x0 */
 0)   0.171 us    |                vm_normal_page(); /* ret=0xfffff2a100721cc0 */
 0)   0.150 us    |                folio_mark_accessed(); /* ret=0xfffffde02023c */
 0)   0.151 us    |                arch_check_zapped_pte(); /* ret=0xffffd26ac04ffa0c */
 0)   0.160 us    |                folio_remove_rmap_ptes(); /* ret=0xffffffffffffffff */
 0)   0.150 us    |                __tlb_remove_folio_pages(); /* ret=0x0 */
 0)   0.161 us    |                vm_normal_page(); /* ret=0xfffff2a100721d00 */
 0)   0.160 us    |                folio_mark_accessed(); /* ret=0xfffffde02023c */
 0)   0.150 us    |                arch_check_zapped_pte(); /* ret=0xffffd26ac04ffa0c */
 0)   0.150 us    |                folio_remove_rmap_ptes(); /* ret=0xffffffffffffffff */
 0)   0.151 us    |                __tlb_remove_folio_pages(); /* ret=0x0 */
 0)   0.170 us    |                vm_normal_page(); /* ret=0xfffff2a100721d40 */
 0)   0.151 us    |                folio_mark_accessed(); /* ret=0xfffffde02023c */
 0)   0.150 us    |                arch_check_zapped_pte(); /* ret=0xffffd26ac04ffa0c */
 0)   0.151 us    |                folio_remove_rmap_ptes(); /* ret=0xffffffffffffffff */
 0)   0.161 us    |                __tlb_remove_folio_pages(); /* ret=0x0 */
 0)   0.160 us    |                vm_normal_page(); /* ret=0xfffff2a100721d80 */
 0)   0.150 us    |                folio_mark_accessed(); /* ret=0xfffffde02023c */
 0)   0.151 us    |                arch_check_zapped_pte(); /* ret=0xffffd26ac04ffa0c */
 0)   0.160 us    |                folio_remove_rmap_ptes(); /* ret=0xffffffffffffffff */
 0)   0.149 us    |                __tlb_remove_folio_pages(); /* ret=0x0 */
 0)   0.160 us    |                vm_normal_page(); /* ret=0xfffff2a100721dc0 */
 0)   0.161 us    |                folio_mark_accessed(); /* ret=0xfffffde02023c */
 0)   0.161 us    |                arch_check_zapped_pte(); /* ret=0xffffd26ac04ffa0c */
 0)   0.150 us    |                folio_remove_rmap_ptes(); /* ret=0xffffffffffffffff */
 0)   0.151 us    |                __tlb_remove_folio_pages(); /* ret=0x0 */
 0)   0.161 us    |                vm_normal_page(); /* ret=0xfffff2a100721e00 */
 0)   0.160 us    |                folio_mark_accessed(); /* ret=0xfffffde02023c */
 0)   0.149 us    |                arch_check_zapped_pte(); /* ret=0xffffd26ac04ffa0c */
 0)   0.151 us    |                folio_remove_rmap_ptes(); /* ret=0xffffffffffffffff */
 0)   0.150 us    |                __tlb_remove_folio_pages(); /* ret=0x0 */
 0)   0.160 us    |                vm_normal_page(); /* ret=0xfffff2a100721e40 */
 0)   0.160 us    |                folio_mark_accessed(); /* ret=0xfffffde02023c */
 0)   0.151 us    |                arch_check_zapped_pte(); /* ret=0xffffd26ac04ffa0c */
 0)   0.150 us    |                folio_remove_rmap_ptes(); /* ret=0xffffffffffffffff */
 0)   0.150 us    |                __tlb_remove_folio_pages(); /* ret=0x0 */
 0)   0.171 us    |                vm_normal_page(); /* ret=0xfffff2a100721e80 */
 0)   0.149 us    |                folio_mark_accessed(); /* ret=0xfffffde02023c */
 0)   0.150 us    |                arch_check_zapped_pte(); /* ret=0xffffd26ac04ffa0c */
 0)   0.151 us    |                folio_remove_rmap_ptes(); /* ret=0xffffffffffffffff */
 0)   0.161 us    |                __tlb_remove_folio_pages(); /* ret=0x0 */
 0)   0.170 us    |                vm_normal_page(); /* ret=0xfffff2a100721ec0 */
 0)   0.150 us    |                folio_mark_accessed(); /* ret=0xfffffde02023c */
 0)   0.151 us    |                arch_check_zapped_pte(); /* ret=0xffffd26ac04ffa0c */
 0)   0.150 us    |                folio_remove_rmap_ptes(); /* ret=0xffffffffffffffff */
 0)   0.160 us    |                __tlb_remove_folio_pages(); /* ret=0x0 */
 0)   0.170 us    |                vm_normal_page(); /* ret=0xfffff2a100721f00 */
 0)   0.151 us    |                folio_mark_accessed(); /* ret=0xfffffde02023c */
 0)   0.150 us    |                arch_check_zapped_pte(); /* ret=0xffffd26ac04ffa0c */
 0)   0.150 us    |                folio_remove_rmap_ptes(); /* ret=0xffffffffffffffff */
 0)   0.160 us    |                __tlb_remove_folio_pages(); /* ret=0x0 */
 0)   0.171 us    |                vm_normal_page(); /* ret=0xfffff2a100721f40 */
 0)   0.150 us    |                folio_mark_accessed(); /* ret=0xfffffde02023c */
 0)   0.151 us    |                arch_check_zapped_pte(); /* ret=0xffffd26ac04ffa0c */
 0)   0.150 us    |                folio_remove_rmap_ptes(); /* ret=0xffffffffffffffff */
 0)   0.161 us    |                __tlb_remove_folio_pages(); /* ret=0x0 */
 0)   0.160 us    |                vm_normal_page(); /* ret=0xfffff2a100721f80 */
 0)   0.150 us    |                folio_mark_accessed(); /* ret=0xfffffde02023c */
 0)   0.150 us    |                arch_check_zapped_pte(); /* ret=0xffffd26ac04ffa0c */
 0)   0.160 us    |                folio_remove_rmap_ptes(); /* ret=0xffffffffffffffff */
 0)   0.150 us    |                __tlb_remove_folio_pages(); /* ret=0x0 */
 0)   0.160 us    |                vm_normal_page(); /* ret=0xfffff2a100721fc0 */
 0)   0.150 us    |                folio_mark_accessed(); /* ret=0xfffffde02023c */
 0)   0.151 us    |                arch_check_zapped_pte(); /* ret=0xffffd26ac04ffa0c */
 0)   0.161 us    |                folio_remove_rmap_ptes(); /* ret=0xffffffffffffffff */
 0)   0.150 us    |                __tlb_remove_folio_pages(); /* ret=0x0 */
 0)   0.161 us    |                vm_normal_page(); /* ret=0xfffff2a100fb3800 */
 0)   0.160 us    |                folio_mark_accessed(); /* ret=0xfffffde02023c */
 0)   0.150 us    |                arch_check_zapped_pte(); /* ret=0xffffd26ac04ffa0c */
 0)   0.150 us    |                folio_remove_rmap_ptes(); /* ret=0xffffffffffffffff */
 0)   0.160 us    |                __tlb_remove_folio_pages(); /* ret=0x0 */
 0)   0.160 us    |                vm_normal_page(); /* ret=0xfffff2a100fb3840 */
 0)   0.161 us    |                folio_mark_accessed(); /* ret=0xfffffde02023c */
 0)   0.151 us    |                arch_check_zapped_pte(); /* ret=0xffffd26ac04ffa0c */
 0)   0.150 us    |                folio_remove_rmap_ptes(); /* ret=0xffffffffffffffff */
 0)   0.151 us    |                __tlb_remove_folio_pages(); /* ret=0x0 */
 0)   0.161 us    |                vm_normal_page(); /* ret=0xfffff2a100fb3880 */
 0)   0.151 us    |                folio_mark_accessed(); /* ret=0xfffffde02023c */
 0)   0.150 us    |                arch_check_zapped_pte(); /* ret=0xffffd26ac04ffa0c */
 0)   0.150 us    |                folio_remove_rmap_ptes(); /* ret=0xffffffffffffffff */
 0)   0.160 us    |                __tlb_remove_folio_pages(); /* ret=0x0 */
 0)   0.161 us    |                vm_normal_page(); /* ret=0xfffff2a100fb38c0 */
 0)   0.150 us    |                folio_mark_accessed(); /* ret=0xfffffde02023c */
 0)   0.160 us    |                arch_check_zapped_pte(); /* ret=0xffffd26ac04ffa0c */
 0)   0.161 us    |                folio_remove_rmap_ptes(); /* ret=0xffffffffffffffff */
 0)   0.150 us    |                __tlb_remove_folio_pages(); /* ret=0x0 */
 0)   0.170 us    |                vm_normal_page(); /* ret=0xfffff2a100fb3900 */
 0)   0.151 us    |                folio_mark_accessed(); /* ret=0xfffffde02023c */
 0)   0.150 us    |                arch_check_zapped_pte(); /* ret=0xffffd26ac04ffa0c */
 0)   0.160 us    |                folio_remove_rmap_ptes(); /* ret=0xffffffffffffffff */
 0)   0.151 us    |                __tlb_remove_folio_pages(); /* ret=0x0 */
 0)   0.170 us    |                vm_normal_page(); /* ret=0xfffff2a100fb3940 */
 0)   0.151 us    |                folio_mark_accessed(); /* ret=0xfffffde02023c */
 0)   0.150 us    |                arch_check_zapped_pte(); /* ret=0xffffd26ac04ffa0c */
 0)   0.161 us    |                folio_remove_rmap_ptes(); /* ret=0xffffffffffffffff */
 0)   0.151 us    |                __tlb_remove_folio_pages(); /* ret=0x0 */
 0)   0.160 us    |                vm_normal_page(); /* ret=0xfffff2a100fb3980 */
 0)   0.160 us    |                folio_mark_accessed(); /* ret=0xfffffde02023c */
 0)   0.150 us    |                arch_check_zapped_pte(); /* ret=0xffffd26ac04ffa0c */
 0)   0.151 us    |                folio_remove_rmap_ptes(); /* ret=0xffffffffffffffff */
 0)   0.149 us    |                __tlb_remove_folio_pages(); /* ret=0x0 */
 0)   0.160 us    |                vm_normal_page(); /* ret=0xfffff2a100fb39c0 */
 0)   0.150 us    |                folio_mark_accessed(); /* ret=0xfffffde02023c */
 0)   0.151 us    |                arch_check_zapped_pte(); /* ret=0xffffd26ac04ffa0c */
 0)   0.150 us    |                folio_remove_rmap_ptes(); /* ret=0xffffffffffffffff */
 0)   0.161 us    |                __tlb_remove_folio_pages(); /* ret=0x0 */
 0)   0.160 us    |                vm_normal_page(); /* ret=0xfffff2a100fb3a00 */
 0)   0.150 us    |                folio_mark_accessed(); /* ret=0xfffffde02023c */
 0)   0.149 us    |                arch_check_zapped_pte(); /* ret=0xffffd26ac04ffa0c */
 0)   0.160 us    |                folio_remove_rmap_ptes(); /* ret=0xffffffffffffffff */
 0)   0.151 us    |                __tlb_remove_folio_pages(); /* ret=0x0 */
 0)   0.161 us    |                vm_normal_page(); /* ret=0xfffff2a100fb3a40 */
 0)   0.160 us    |                folio_mark_accessed(); /* ret=0xfffffde02023c */
 0)   0.150 us    |                arch_check_zapped_pte(); /* ret=0xffffd26ac04ffa0c */
 0)   0.151 us    |                folio_remove_rmap_ptes(); /* ret=0xffffffffffffffff */
 0)   0.150 us    |                __tlb_remove_folio_pages(); /* ret=0x0 */
 0)   0.160 us    |                vm_normal_page(); /* ret=0xfffff2a100fb3a80 */
 0)   0.160 us    |                folio_mark_accessed(); /* ret=0xfffffde02023c */
 0)   0.151 us    |                arch_check_zapped_pte(); /* ret=0xffffd26ac04ffa0c */
 0)   0.149 us    |                folio_remove_rmap_ptes(); /* ret=0xffffffffffffffff */
 0)   0.150 us    |                __tlb_remove_folio_pages(); /* ret=0x0 */
 0)   0.170 us    |                vm_normal_page(); /* ret=0xfffff2a100fb3ac0 */
 0)   0.151 us    |                folio_mark_accessed(); /* ret=0xfffffde02023c */
 0)   0.150 us    |                arch_check_zapped_pte(); /* ret=0xffffd26ac04ffa0c */
 0)   0.151 us    |                folio_remove_rmap_ptes(); /* ret=0xffffffffffffffff */
 0)   0.161 us    |                __tlb_remove_folio_pages(); /* ret=0x0 */
 0)   0.160 us    |                vm_normal_page(); /* ret=0xfffff2a100fb3b00 */
 0)   0.149 us    |                folio_mark_accessed(); /* ret=0xfffffde02023c */
 0)   0.150 us    |                arch_check_zapped_pte(); /* ret=0xffffd26ac04ffa0c */
 0)   0.160 us    |                folio_remove_rmap_ptes(); /* ret=0xffffffffffffffff */
 0)   0.150 us    |                __tlb_remove_folio_pages(); /* ret=0x0 */
 0)   0.160 us    |                vm_normal_page(); /* ret=0xfffff2a100fb3b40 */
 0)   0.151 us    |                folio_mark_accessed(); /* ret=0xfffffde02023c */
 0)   0.150 us    |                arch_check_zapped_pte(); /* ret=0xffffd26ac04ffa0c */
 0)   0.161 us    |                folio_remove_rmap_ptes(); /* ret=0xffffffffffffffff */
 0)   0.151 us    |                __tlb_remove_folio_pages(); /* ret=0x0 */
 0)   0.160 us    |                vm_normal_page(); /* ret=0xfffff2a100fb3b80 */
 0)   0.161 us    |                folio_mark_accessed(); /* ret=0xfffffde02023c */
 0)   0.151 us    |                arch_check_zapped_pte(); /* ret=0xffffd26ac04ffa0c */
 0)   0.160 us    |                folio_remove_rmap_ptes(); /* ret=0xffffffffffffffff */
 0)   0.160 us    |                __tlb_remove_folio_pages(); /* ret=0x0 */
 0)   0.161 us    |                vm_normal_page(); /* ret=0xfffff2a100fb3bc0 */
 0)   0.150 us    |                folio_mark_accessed(); /* ret=0xfffffde02023c */
 0)   0.150 us    |                arch_check_zapped_pte(); /* ret=0xffffd26ac04ffa0c */
 0)   0.161 us    |                folio_remove_rmap_ptes(); /* ret=0xffffffffffffffff */
 0)   0.150 us    |                __tlb_remove_folio_pages(); /* ret=0x0 */
 0)   0.169 us    |                vm_normal_page(); /* ret=0xfffff2a100fb3c00 */
 0)   0.160 us    |                folio_mark_accessed(); /* ret=0xfffffde02023c */
 0)   0.161 us    |                arch_check_zapped_pte(); /* ret=0xffffd26ac04ffa0c */
 0)   0.161 us    |                folio_remove_rmap_ptes(); /* ret=0xffffffffffffffff */
 0)   0.160 us    |                __tlb_remove_folio_pages(); /* ret=0x0 */
 0)   0.160 us    |                vm_normal_page(); /* ret=0xfffff2a100fb3c40 */
 0)   0.161 us    |                folio_mark_accessed(); /* ret=0xfffffde02023c */
 0)   0.161 us    |                arch_check_zapped_pte(); /* ret=0xffffd26ac04ffa0c */
 0)   0.160 us    |                folio_remove_rmap_ptes(); /* ret=0xffffffffffffffff */
 0)   0.160 us    |                __tlb_remove_folio_pages(); /* ret=0x0 */
 0)   0.160 us    |                vm_normal_page(); /* ret=0xfffff2a100fb3c80 */
 0)   0.161 us    |                folio_mark_accessed(); /* ret=0xfffffde02023c */
 0)   0.160 us    |                arch_check_zapped_pte(); /* ret=0xffffd26ac04ffa0c */
 0)   0.149 us    |                folio_remove_rmap_ptes(); /* ret=0xffffffffffffffff */
 0)   0.151 us    |                __tlb_remove_folio_pages(); /* ret=0x0 */
 0)   0.170 us    |                vm_normal_page(); /* ret=0xfffff2a100fb3cc0 */
 0)   0.160 us    |                folio_mark_accessed(); /* ret=0xfffffde02023c */
 0)   0.160 us    |                arch_check_zapped_pte(); /* ret=0xffffd26ac04ffa0c */
 0)   0.160 us    |                folio_remove_rmap_ptes(); /* ret=0xffffffffffffffff */
 0)   0.160 us    |                __tlb_remove_folio_pages(); /* ret=0x0 */
 0)   0.160 us    |                vm_normal_page(); /* ret=0xfffff2a100fb3d00 */
 0)   0.160 us    |                folio_mark_accessed(); /* ret=0xfffffde02023c */
 0)   0.150 us    |                arch_check_zapped_pte(); /* ret=0xffffd26ac04ffa0c */
 0)   0.160 us    |                folio_remove_rmap_ptes(); /* ret=0xffffffffffffffff */
 0)   0.149 us    |                __tlb_remove_folio_pages(); /* ret=0x0 */
 0)   0.160 us    |                vm_normal_page(); /* ret=0xfffff2a100fb3d40 */
 0)   0.151 us    |                folio_mark_accessed(); /* ret=0xfffffde02023c */
 0)   0.150 us    |                arch_check_zapped_pte(); /* ret=0xffffd26ac04ffa0c */
 0)   0.150 us    |                folio_remove_rmap_ptes(); /* ret=0xffffffffffffffff */
 0)   0.149 us    |                __tlb_remove_folio_pages(); /* ret=0x0 */
 0)   0.160 us    |                vm_normal_page(); /* ret=0xfffff2a100fb3d80 */
 0)   0.151 us    |                folio_mark_accessed(); /* ret=0xfffffde02023c */
 0)   0.149 us    |                arch_check_zapped_pte(); /* ret=0xffffd26ac04ffa0c */
 0)   0.150 us    |                folio_remove_rmap_ptes(); /* ret=0xffffffffffffffff */
 0)   0.150 us    |                __tlb_remove_folio_pages(); /* ret=0x0 */
 0)   0.160 us    |                vm_normal_page(); /* ret=0xfffff2a100fb3dc0 */
 0)   0.150 us    |                folio_mark_accessed(); /* ret=0xfffffde02023c */
 0)   0.149 us    |                arch_check_zapped_pte(); /* ret=0xffffd26ac04ffa0c */
 0)   0.151 us    |                folio_remove_rmap_ptes(); /* ret=0xffffffffffffffff */
 0)   0.150 us    |                __tlb_remove_folio_pages(); /* ret=0x0 */
 0)   0.160 us    |                vm_normal_page(); /* ret=0xfffff2a100fb3e00 */
 0)   0.150 us    |                folio_mark_accessed(); /* ret=0xfffffde02023c */
 0)   0.160 us    |                arch_check_zapped_pte(); /* ret=0xffffd26ac04ffa0c */
 0)   0.160 us    |                folio_remove_rmap_ptes(); /* ret=0xffffffffffffffff */
 0)   0.160 us    |                __tlb_remove_folio_pages(); /* ret=0x0 */
 0)   0.170 us    |                vm_normal_page(); /* ret=0xfffff2a100fb3e40 */
 0)   0.151 us    |                folio_mark_accessed(); /* ret=0xfffffde02023c */
 0)   0.150 us    |                arch_check_zapped_pte(); /* ret=0xffffd26ac04ffa0c */
 0)   0.150 us    |                folio_remove_rmap_ptes(); /* ret=0xffffffffffffffff */
 0)   0.151 us    |                __tlb_remove_folio_pages(); /* ret=0x0 */
 0)   0.160 us    |                vm_normal_page(); /* ret=0xfffff2a100fb3e80 */
 0)   0.149 us    |                folio_mark_accessed(); /* ret=0xfffffde02023c */
 0)   0.151 us    |                arch_check_zapped_pte(); /* ret=0xffffd26ac04ffa0c */
 0)   0.150 us    |                folio_remove_rmap_ptes(); /* ret=0xffffffffffffffff */
 0)   0.151 us    |                __tlb_remove_folio_pages(); /* ret=0x0 */
 0)   0.160 us    |                vm_normal_page(); /* ret=0xfffff2a100fb3ec0 */
 0)   0.150 us    |                folio_mark_accessed(); /* ret=0xfffffde02023c */
 0)   0.151 us    |                arch_check_zapped_pte(); /* ret=0xffffd26ac04ffa0c */
 0)   0.150 us    |                folio_remove_rmap_ptes(); /* ret=0xffffffffffffffff */
 0)   0.151 us    |                __tlb_remove_folio_pages(); /* ret=0x0 */
 0)   0.161 us    |                vm_normal_page(); /* ret=0xfffff2a100fb3f00 */
 0)   0.150 us    |                folio_mark_accessed(); /* ret=0xfffffde02023c */
 0)   0.151 us    |                arch_check_zapped_pte(); /* ret=0xffffd26ac04ffa0c */
 0)   0.150 us    |                folio_remove_rmap_ptes(); /* ret=0xffffffffffffffff */
 0)   0.151 us    |                __tlb_remove_folio_pages(); /* ret=0x0 */
 0)   0.161 us    |                vm_normal_page(); /* ret=0xfffff2a100fb3f40 */
 0)   0.150 us    |                folio_mark_accessed(); /* ret=0xfffffde02023c */
 0)   0.151 us    |                arch_check_zapped_pte(); /* ret=0xffffd26ac04ffa0c */
 0)   0.150 us    |                folio_remove_rmap_ptes(); /* ret=0xffffffffffffffff */
 0)   0.151 us    |                __tlb_remove_folio_pages(); /* ret=0x0 */
 0)   0.160 us    |                vm_normal_page(); /* ret=0xfffff2a100fb3f80 */
 0)   0.150 us    |                folio_mark_accessed(); /* ret=0xfffffde02023c */
 0)   0.151 us    |                arch_check_zapped_pte(); /* ret=0xffffd26ac04ffa0c */
 0)   0.150 us    |                folio_remove_rmap_ptes(); /* ret=0xffffffffffffffff */
 0)   0.150 us    |                __tlb_remove_folio_pages(); /* ret=0x0 */
 0)   0.160 us    |                vm_normal_page(); /* ret=0xfffff2a100fb3fc0 */
 0)   0.150 us    |                folio_mark_accessed(); /* ret=0xfffffde02023c */
 0)   0.151 us    |                arch_check_zapped_pte(); /* ret=0xffffd26ac04ffa0c */
 0)   0.149 us    |                folio_remove_rmap_ptes(); /* ret=0xffffffffffffffff */
 0)   0.150 us    |                __tlb_remove_folio_pages(); /* ret=0x0 */
 0)   0.160 us    |                vm_normal_page(); /* ret=0xfffff2a100fb5000 */
 0)   0.150 us    |                folio_mark_accessed(); /* ret=0xfffffde02023c */
 0)   0.150 us    |                arch_check_zapped_pte(); /* ret=0xffffd26ac04ffa0c */
 0)   0.149 us    |                folio_remove_rmap_ptes(); /* ret=0xffffffffffffffff */
 0)   0.151 us    |                __tlb_remove_folio_pages(); /* ret=0x0 */
 0)   0.160 us    |                vm_normal_page(); /* ret=0xfffff2a100fb5040 */
 0)   0.149 us    |                folio_mark_accessed(); /* ret=0xfffffde02023c */
 0)   0.150 us    |                arch_check_zapped_pte(); /* ret=0xffffd26ac04ffa0c */
 0)   0.150 us    |                folio_remove_rmap_ptes(); /* ret=0xffffffffffffffff */
 0)   0.151 us    |                __tlb_remove_folio_pages(); /* ret=0x0 */
 0)   0.160 us    |                vm_normal_page(); /* ret=0xfffff2a100fb5080 */
 0)   0.149 us    |                folio_mark_accessed(); /* ret=0xfffffde02023c */
 0)   0.151 us    |                arch_check_zapped_pte(); /* ret=0xffffd26ac04ffa0c */
 0)   0.150 us    |                folio_remove_rmap_ptes(); /* ret=0xffffffffffffffff */
 0)   0.150 us    |                __tlb_remove_folio_pages(); /* ret=0x0 */
 0)   0.160 us    |                vm_normal_page(); /* ret=0xfffff2a100fb50c0 */
 0)   0.160 us    |                folio_mark_accessed(); /* ret=0xfffffde02023c */
 0)   0.151 us    |                arch_check_zapped_pte(); /* ret=0xffffd26ac04ffa0c */
 0)   0.150 us    |                folio_remove_rmap_ptes(); /* ret=0xffffffffffffffff */
 0)   0.151 us    |                __tlb_remove_folio_pages(); /* ret=0x0 */
 0)   0.161 us    |                vm_normal_page(); /* ret=0xfffff2a100fb5100 */
 0)   0.150 us    |                folio_mark_accessed(); /* ret=0xfffffde02023c */
 0)   0.151 us    |                arch_check_zapped_pte(); /* ret=0xffffd26ac04ffa0c */
 0)   0.150 us    |                folio_remove_rmap_ptes(); /* ret=0xffffffffffffffff */
 0)   0.150 us    |                __tlb_remove_folio_pages(); /* ret=0x0 */
 0)   0.160 us    |                vm_normal_page(); /* ret=0xfffff2a100fb5140 */
 0)   0.150 us    |                folio_mark_accessed(); /* ret=0xfffffde02023c */
 0)   0.151 us    |                arch_check_zapped_pte(); /* ret=0xffffd26ac04ffa0c */
 0)   0.150 us    |                folio_remove_rmap_ptes(); /* ret=0xffffffffffffffff */
 0)   0.150 us    |                __tlb_remove_folio_pages(); /* ret=0x0 */
 0)   0.160 us    |                vm_normal_page(); /* ret=0xfffff2a100fb5180 */
 0)   0.150 us    |                folio_mark_accessed(); /* ret=0xfffffde02023c */
 0)   0.150 us    |                arch_check_zapped_pte(); /* ret=0xffffd26ac04ffa0c */
 0)   0.149 us    |                folio_remove_rmap_ptes(); /* ret=0xffffffffffffffff */
 0)   0.151 us    |                __tlb_remove_folio_pages(); /* ret=0x0 */
 0)   0.160 us    |                vm_normal_page(); /* ret=0xfffff2a100fb51c0 */
 0)   0.150 us    |                folio_mark_accessed(); /* ret=0xfffffde02023c */
 0)   0.150 us    |                arch_check_zapped_pte(); /* ret=0xffffd26ac04ffa0c */
 0)   0.150 us    |                folio_remove_rmap_ptes(); /* ret=0xffffffffffffffff */
 0)   0.151 us    |                __tlb_remove_folio_pages(); /* ret=0x0 */
 0)   0.160 us    |                vm_normal_page(); /* ret=0xfffff2a100fb5200 */
 0)   0.160 us    |                folio_mark_accessed(); /* ret=0xfffffde02023c */
 0)   0.151 us    |                arch_check_zapped_pte(); /* ret=0xffffd26ac04ffa0c */
 0)   0.150 us    |                folio_remove_rmap_ptes(); /* ret=0xffffffffffffffff */
 0)   0.151 us    |                __tlb_remove_folio_pages(); /* ret=0x0 */
 0)   0.160 us    |                vm_normal_page(); /* ret=0xfffff2a100fb5240 */
 0)   0.160 us    |                folio_mark_accessed(); /* ret=0xfffffde02023c */
 0)   0.160 us    |                arch_check_zapped_pte(); /* ret=0xffffd26ac04ffa0c */
 0)   0.160 us    |                folio_remove_rmap_ptes(); /* ret=0xffffffffffffffff */
 0)   0.160 us    |                __tlb_remove_folio_pages(); /* ret=0x0 */
 0)   0.170 us    |                vm_normal_page(); /* ret=0xfffff2a100fb5280 */
 0)   0.160 us    |                folio_mark_accessed(); /* ret=0xfffffde02023c */
 0)   0.160 us    |                arch_check_zapped_pte(); /* ret=0xffffd26ac04ffa0c */
 0)   0.160 us    |                folio_remove_rmap_ptes(); /* ret=0xffffffffffffffff */
 0)   0.161 us    |                __tlb_remove_folio_pages(); /* ret=0x0 */
 0)   0.170 us    |                vm_normal_page(); /* ret=0xfffff2a100fb52c0 */
 0)   0.150 us    |                folio_mark_accessed(); /* ret=0xfffffde02023c */
 0)   0.149 us    |                arch_check_zapped_pte(); /* ret=0xffffd26ac04ffa0c */
 0)   0.151 us    |                folio_remove_rmap_ptes(); /* ret=0xffffffffffffffff */
 0)   0.150 us    |                __tlb_remove_folio_pages(); /* ret=0x0 */
 0)   0.160 us    |                vm_normal_page(); /* ret=0xfffff2a100fb5300 */
 0)   0.150 us    |                folio_mark_accessed(); /* ret=0xfffffde02023c */
 0)   0.150 us    |                arch_check_zapped_pte(); /* ret=0xffffd26ac04ffa0c */
 0)   0.151 us    |                folio_remove_rmap_ptes(); /* ret=0xffffffffffffffff */
 0)   0.160 us    |                __tlb_remove_folio_pages(); /* ret=0x0 */
 0)   0.161 us    |                vm_normal_page(); /* ret=0xfffff2a100fb5340 */
 0)   0.151 us    |                folio_mark_accessed(); /* ret=0xfffffde02023c */
 0)   0.150 us    |                arch_check_zapped_pte(); /* ret=0xffffd26ac04ffa0c */
 0)   0.151 us    |                folio_remove_rmap_ptes(); /* ret=0xffffffffffffffff */
 0)   0.150 us    |                __tlb_remove_folio_pages(); /* ret=0x0 */
 0)   0.161 us    |                vm_normal_page(); /* ret=0xfffff2a100fb5380 */
 0)   0.151 us    |                folio_mark_accessed(); /* ret=0xfffffde02023c */
 0)   0.150 us    |                arch_check_zapped_pte(); /* ret=0xffffd26ac04ffa0c */
 0)   0.151 us    |                folio_remove_rmap_ptes(); /* ret=0xffffffffffffffff */
 0)   0.150 us    |                __tlb_remove_folio_pages(); /* ret=0x0 */
 0)   0.161 us    |                vm_normal_page(); /* ret=0xfffff2a100fb53c0 */
 0)   0.151 us    |                folio_mark_accessed(); /* ret=0xfffffde02023c */
 0)   0.150 us    |                arch_check_zapped_pte(); /* ret=0xffffd26ac04ffa0c */
 0)   0.151 us    |                folio_remove_rmap_ptes(); /* ret=0xffffffffffffffff */
 0)   0.150 us    |                __tlb_remove_folio_pages(); /* ret=0x0 */
 0)   0.160 us    |                vm_normal_page(); /* ret=0xfffff2a100fb5400 */
 0)   0.151 us    |                folio_mark_accessed(); /* ret=0xfffffde02023c */
 0)   0.150 us    |                arch_check_zapped_pte(); /* ret=0xffffd26ac04ffa0c */
 0)   0.151 us    |                folio_remove_rmap_ptes(); /* ret=0xffffffffffffffff */
 0)   0.149 us    |                __tlb_remove_folio_pages(); /* ret=0x0 */
 0)   0.160 us    |                vm_normal_page(); /* ret=0xfffff2a100fb5440 */
 0)   0.151 us    |                folio_mark_accessed(); /* ret=0xfffffde02023c */
 0)   0.150 us    |                arch_check_zapped_pte(); /* ret=0xffffd26ac04ffa0c */
 0)   0.150 us    |                folio_remove_rmap_ptes(); /* ret=0xffffffffffffffff */
 0)   0.149 us    |                __tlb_remove_folio_pages(); /* ret=0x0 */
 0)   0.160 us    |                vm_normal_page(); /* ret=0xfffff2a100fb5480 */
 0)   0.151 us    |                folio_mark_accessed(); /* ret=0xfffffde02023c */
 0)   0.149 us    |                arch_check_zapped_pte(); /* ret=0xffffd26ac04ffa0c */
 0)   0.150 us    |                folio_remove_rmap_ptes(); /* ret=0xffffffffffffffff */
 0)   0.150 us    |                __tlb_remove_folio_pages(); /* ret=0x0 */
 0)   0.160 us    |                vm_normal_page(); /* ret=0xfffff2a100fb54c0 */
 0)   0.150 us    |                folio_mark_accessed(); /* ret=0xfffffde02023c */
 0)   0.149 us    |                arch_check_zapped_pte(); /* ret=0xffffd26ac04ffa0c */
 0)   0.151 us    |                folio_remove_rmap_ptes(); /* ret=0xffffffffffffffff */
 0)   0.150 us    |                __tlb_remove_folio_pages(); /* ret=0x0 */
 0)   0.160 us    |                vm_normal_page(); /* ret=0xfffff2a100fb5500 */
 0)   0.150 us    |                folio_mark_accessed(); /* ret=0xfffffde02023c */
 0)   0.150 us    |                arch_check_zapped_pte(); /* ret=0xffffd26ac04ffa0c */
 0)   0.161 us    |                folio_remove_rmap_ptes(); /* ret=0xffffffffffffffff */
 0)   0.160 us    |                __tlb_remove_folio_pages(); /* ret=0x0 */
 0)   0.169 us    |                vm_normal_page(); /* ret=0xfffff2a100fb5540 */
 0)   0.161 us    |                folio_mark_accessed(); /* ret=0xfffffde02023c */
 0)   0.161 us    |                arch_check_zapped_pte(); /* ret=0xffffd26ac04ffa0c */
 0)   0.160 us    |                folio_remove_rmap_ptes(); /* ret=0xffffffffffffffff */
 0)   0.160 us    |                __tlb_remove_folio_pages(); /* ret=0x0 */
 0)   0.160 us    |                vm_normal_page(); /* ret=0xfffff2a100fb5580 */
 0)   0.161 us    |                folio_mark_accessed(); /* ret=0xfffffde02023c */
 0)   0.150 us    |                arch_check_zapped_pte(); /* ret=0xffffd26ac04ffa0c */
 0)   0.149 us    |                folio_remove_rmap_ptes(); /* ret=0xffffffffffffffff */
 0)   0.151 us    |                __tlb_remove_folio_pages(); /* ret=0x0 */
 0)   0.160 us    |                vm_normal_page(); /* ret=0xfffff2a100fb55c0 */
 0)   0.149 us    |                folio_mark_accessed(); /* ret=0xfffffde02023c */
 0)   0.160 us    |                arch_check_zapped_pte(); /* ret=0xffffd26ac04ffa0c */
 0)   0.160 us    |                folio_remove_rmap_ptes(); /* ret=0xffffffffffffffff */
 0)   0.160 us    |                __tlb_remove_folio_pages(); /* ret=0x0 */
 0)   0.160 us    |                vm_normal_page(); /* ret=0xfffff2a100fb5600 */
 0)   0.160 us    |                folio_mark_accessed(); /* ret=0xfffffde02023c */
 0)   0.160 us    |                arch_check_zapped_pte(); /* ret=0xffffd26ac04ffa0c */
 0)   0.160 us    |                folio_remove_rmap_ptes(); /* ret=0xffffffffffffffff */
 0)   0.160 us    |                __tlb_remove_folio_pages(); /* ret=0x0 */
 0)   0.161 us    |                vm_normal_page(); /* ret=0xfffff2a100fb5640 */
 0)   0.160 us    |                folio_mark_accessed(); /* ret=0xfffffde02023c */
 0)   0.160 us    |                arch_check_zapped_pte(); /* ret=0xffffd26ac04ffa0c */
 0)   0.160 us    |                folio_remove_rmap_ptes(); /* ret=0xffffffffffffffff */
 0)   0.161 us    |                __tlb_remove_folio_pages(); /* ret=0x0 */
 0)   0.170 us    |                vm_normal_page(); /* ret=0xfffff2a100fb5680 */
 0)   0.160 us    |                folio_mark_accessed(); /* ret=0xfffffde02023c */
 0)   0.160 us    |                arch_check_zapped_pte(); /* ret=0xffffd26ac04ffa0c */
 0)   0.161 us    |                folio_remove_rmap_ptes(); /* ret=0xffffffffffffffff */
 0)   0.161 us    |                __tlb_remove_folio_pages(); /* ret=0x0 */
 0)   0.170 us    |                vm_normal_page(); /* ret=0xfffff2a100fb56c0 */
 0)   0.160 us    |                folio_mark_accessed(); /* ret=0xfffffde02023c */
 0)   0.150 us    |                arch_check_zapped_pte(); /* ret=0xffffd26ac04ffa0c */
 0)   0.161 us    |                folio_remove_rmap_ptes(); /* ret=0xffffffffffffffff */
 0)   0.161 us    |                __tlb_remove_folio_pages(); /* ret=0x0 */
 0)   0.160 us    |                vm_normal_page(); /* ret=0xfffff2a100fb5700 */
 0)   0.151 us    |                folio_mark_accessed(); /* ret=0xfffffde02023c */
 0)   0.150 us    |                arch_check_zapped_pte(); /* ret=0xffffd26ac04ffa0c */
 0)   0.151 us    |                folio_remove_rmap_ptes(); /* ret=0xffffffffffffffff */
 0)   0.150 us    |                __tlb_remove_folio_pages(); /* ret=0x0 */
 0)   0.161 us    |                vm_normal_page(); /* ret=0xfffff2a100fb5740 */
 0)   0.151 us    |                folio_mark_accessed(); /* ret=0xfffffde02023c */
 0)   0.150 us    |                arch_check_zapped_pte(); /* ret=0xffffd26ac04ffa0c */
 0)   0.151 us    |                folio_remove_rmap_ptes(); /* ret=0xffffffffffffffff */
 0)   0.150 us    |                __tlb_remove_folio_pages(); /* ret=0x0 */
 0)   0.161 us    |                vm_normal_page(); /* ret=0xfffff2a100fb5780 */
 0)   0.151 us    |                folio_mark_accessed(); /* ret=0xfffffde02023c */
 0)   0.150 us    |                arch_check_zapped_pte(); /* ret=0xffffd26ac04ffa0c */
 0)   0.151 us    |                folio_remove_rmap_ptes(); /* ret=0xffffffffffffffff */
 0)   0.150 us    |                __tlb_remove_folio_pages(); /* ret=0x0 */
 0)   0.161 us    |                vm_normal_page(); /* ret=0xfffff2a100fb57c0 */
 0)   0.151 us    |                folio_mark_accessed(); /* ret=0xfffffde02023c */
 0)   0.150 us    |                arch_check_zapped_pte(); /* ret=0xffffd26ac04ffa0c */
 0)   0.151 us    |                folio_remove_rmap_ptes(); /* ret=0xffffffffffffffff */
 0)   0.150 us    |                __tlb_remove_folio_pages(); /* ret=0x0 */
 0)   0.160 us    |                vm_normal_page(); /* ret=0xfffff2a100fb5800 */
 0)   0.151 us    |                folio_mark_accessed(); /* ret=0xfffffde02023c */
 0)   0.150 us    |                arch_check_zapped_pte(); /* ret=0xffffd26ac04ffa0c */
 0)   0.151 us    |                folio_remove_rmap_ptes(); /* ret=0xffffffffffffffff */
 0)   0.149 us    |                __tlb_remove_folio_pages(); /* ret=0x0 */
 0)   0.161 us    |                _raw_spin_lock_irqsave(); /* ret=0x286 */
 0)   0.170 us    |                _raw_spin_unlock_irqrestore(); /* ret=0x1 */
 0)   0.161 us    |                _raw_spin_unlock(); /* ret=0x1 */
 0)   0.151 us    |                __rcu_read_unlock(); /* ret=0x0 */
 0) ! 225.884 us  |              } /* __zap_vma_range ret=0x0 */
 0)               |              __zap_vma_range() {
 0)   0.161 us    |                uprobe_munmap(); /* ret=0xffffd26ac04ffa60 */
 0)               |                pte_offset_map_lock() {
 0)               |                  __pte_offset_map() {
 0)   0.150 us    |                    __rcu_read_lock(); /* ret=0xffff8f308369c400 */
 0)   0.490 us    |                  } /* __pte_offset_map ret=0xffff8f30835d4b08 */
 0)   0.160 us    |                  _raw_spin_lock(); /* ret=0x0 */
 0)   1.171 us    |                } /* pte_offset_map_lock ret=0xffff8f30835d4b08 */
 0)   0.160 us    |                flush_tlb_batched_pending(); /* ret=0x0 */
 0)   0.161 us    |                vm_normal_page(); /* ret=0xfffff2a100fb5840 */
 0)   0.151 us    |                folio_mark_accessed(); /* ret=0xfffffde02023c */
 0)   0.150 us    |                arch_check_zapped_pte(); /* ret=0xffffd26ac04ffa0c */
 0)   0.151 us    |                folio_remove_rmap_ptes(); /* ret=0xffffffffffffffff */
 0)   0.150 us    |                __tlb_remove_folio_pages(); /* ret=0x0 */
 0)   0.161 us    |                vm_normal_page(); /* ret=0xfffff2a100fb5880 */
 0)   0.160 us    |                folio_mark_accessed(); /* ret=0xfffffde02023c */
 0)   0.150 us    |                arch_check_zapped_pte(); /* ret=0xffffd26ac04ffa0c */
 0)   0.151 us    |                folio_remove_rmap_ptes(); /* ret=0xffffffffffffffff */
 0)   0.150 us    |                __tlb_remove_folio_pages(); /* ret=0x0 */
 0)   0.161 us    |                vm_normal_page(); /* ret=0xfffff2a100fb58c0 */
 0)   0.151 us    |                folio_mark_accessed(); /* ret=0xfffffde02023c */
 0)   0.150 us    |                arch_check_zapped_pte(); /* ret=0xffffd26ac04ffa0c */
 0)   0.151 us    |                folio_remove_rmap_ptes(); /* ret=0xffffffffffffffff */
 0)   0.150 us    |                __tlb_remove_folio_pages(); /* ret=0x0 */
 0)   0.160 us    |                vm_normal_page(); /* ret=0xfffff2a100fb5900 */
 0)   0.151 us    |                folio_mark_accessed(); /* ret=0xfffffde02023c */
 0)   0.150 us    |                arch_check_zapped_pte(); /* ret=0xffffd26ac04ffa0c */
 0)   0.151 us    |                folio_remove_rmap_ptes(); /* ret=0xffffffffffffffff */
 0)   0.149 us    |                __tlb_remove_folio_pages(); /* ret=0x0 */
 0)   0.160 us    |                vm_normal_page(); /* ret=0xfffff2a100fb5940 */
 0)   0.151 us    |                folio_mark_accessed(); /* ret=0xfffffde02023c */
 0)   0.150 us    |                arch_check_zapped_pte(); /* ret=0xffffd26ac04ffa0c */
 0)   0.150 us    |                folio_remove_rmap_ptes(); /* ret=0xffffffffffffffff */
 0)   0.149 us    |                __tlb_remove_folio_pages(); /* ret=0x0 */
 0)   0.170 us    |                vm_normal_page(); /* ret=0xfffff2a100fb5980 */
 0)   0.160 us    |                folio_mark_accessed(); /* ret=0xfffffde02023c */
 0)   0.160 us    |                arch_check_zapped_pte(); /* ret=0xffffd26ac04ffa0c */
 0)   0.160 us    |                folio_remove_rmap_ptes(); /* ret=0xffffffffffffffff */
 0)   0.161 us    |                __tlb_remove_folio_pages(); /* ret=0x0 */
 0)   0.161 us    |                vm_normal_page(); /* ret=0xfffff2a100fb59c0 */
 0)   0.150 us    |                folio_mark_accessed(); /* ret=0xfffffde02023c */
 0)   0.151 us    |                arch_check_zapped_pte(); /* ret=0xffffd26ac04ffa0c */
 0)   0.150 us    |                folio_remove_rmap_ptes(); /* ret=0xffffffffffffffff */
 0)   0.151 us    |                __tlb_remove_folio_pages(); /* ret=0x0 */
 0)   0.160 us    |                vm_normal_page(); /* ret=0xfffff2a100fb5a00 */
 0)   0.150 us    |                folio_mark_accessed(); /* ret=0xfffffde02023c */
 0)   0.151 us    |                arch_check_zapped_pte(); /* ret=0xffffd26ac04ffa0c */
 0)   0.150 us    |                folio_remove_rmap_ptes(); /* ret=0xffffffffffffffff */
 0)   0.150 us    |                __tlb_remove_folio_pages(); /* ret=0x0 */
 0)   0.160 us    |                vm_normal_page(); /* ret=0xfffff2a100fb5a40 */
 0)   0.160 us    |                folio_mark_accessed(); /* ret=0xfffffde02023c */
 0)   0.150 us    |                arch_check_zapped_pte(); /* ret=0xffffd26ac04ffa0c */
 0)   0.150 us    |                folio_remove_rmap_ptes(); /* ret=0xffffffffffffffff */
 0)   0.151 us    |                __tlb_remove_folio_pages(); /* ret=0x0 */
 0)   0.160 us    |                vm_normal_page(); /* ret=0xfffff2a100fb5a80 */
 0)   0.160 us    |                folio_mark_accessed(); /* ret=0xfffffde02023c */
 0)   0.160 us    |                arch_check_zapped_pte(); /* ret=0xffffd26ac04ffa0c */
 0)   0.160 us    |                folio_remove_rmap_ptes(); /* ret=0xffffffffffffffff */
 0)   0.160 us    |                __tlb_remove_folio_pages(); /* ret=0x0 */
 0)   0.160 us    |                vm_normal_page(); /* ret=0xfffff2a100fb5ac0 */
 0)   0.160 us    |                folio_mark_accessed(); /* ret=0xfffffde02023c */
 0)   0.151 us    |                arch_check_zapped_pte(); /* ret=0xffffd26ac04ffa0c */
 0)   0.150 us    |                folio_remove_rmap_ptes(); /* ret=0xffffffffffffffff */
 0)   0.151 us    |                __tlb_remove_folio_pages(); /* ret=0x0 */
 0)   0.161 us    |                vm_normal_page(); /* ret=0xfffff2a100fb5b00 */
 0)   0.150 us    |                folio_mark_accessed(); /* ret=0xfffffde02023c */
 0)   0.151 us    |                arch_check_zapped_pte(); /* ret=0xffffd26ac04ffa0c */
 0)   0.150 us    |                folio_remove_rmap_ptes(); /* ret=0xffffffffffffffff */
 0)   0.151 us    |                __tlb_remove_folio_pages(); /* ret=0x0 */
 0)   0.161 us    |                vm_normal_page(); /* ret=0xfffff2a100fb5b40 */
 0)   0.150 us    |                folio_mark_accessed(); /* ret=0xfffffde02023c */
 0)   0.151 us    |                arch_check_zapped_pte(); /* ret=0xffffd26ac04ffa0c */
 0)   0.150 us    |                folio_remove_rmap_ptes(); /* ret=0xffffffffffffffff */
 0)   0.151 us    |                __tlb_remove_folio_pages(); /* ret=0x0 */
 0)   0.161 us    |                vm_normal_page(); /* ret=0xfffff2a100fb5b80 */
 0)   0.150 us    |                folio_mark_accessed(); /* ret=0xfffffde02023c */
 0)   0.151 us    |                arch_check_zapped_pte(); /* ret=0xffffd26ac04ffa0c */
 0)   0.150 us    |                folio_remove_rmap_ptes(); /* ret=0xffffffffffffffff */
 0)   0.150 us    |                __tlb_remove_folio_pages(); /* ret=0x0 */
 0)   0.160 us    |                vm_normal_page(); /* ret=0xfffff2a100fb5bc0 */
 0)   0.150 us    |                folio_mark_accessed(); /* ret=0xfffffde02023c */
 0)   0.151 us    |                arch_check_zapped_pte(); /* ret=0xffffd26ac04ffa0c */
 0)   0.150 us    |                folio_remove_rmap_ptes(); /* ret=0xffffffffffffffff */
 0)   0.150 us    |                __tlb_remove_folio_pages(); /* ret=0x0 */
 0)   0.160 us    |                vm_normal_page(); /* ret=0xfffff2a100fb5c00 */
 0)   0.150 us    |                folio_mark_accessed(); /* ret=0xfffffde02023c */
 0)   0.150 us    |                arch_check_zapped_pte(); /* ret=0xffffd26ac04ffa0c */
 0)   0.149 us    |                folio_remove_rmap_ptes(); /* ret=0xffffffffffffffff */
 0)   0.151 us    |                __tlb_remove_folio_pages(); /* ret=0x0 */
 0)   0.160 us    |                vm_normal_page(); /* ret=0xfffff2a100fb5c40 */
 0)   0.150 us    |                folio_mark_accessed(); /* ret=0xfffffde02023c */
 0)   0.150 us    |                arch_check_zapped_pte(); /* ret=0xffffd26ac04ffa0c */
 0)   0.150 us    |                folio_remove_rmap_ptes(); /* ret=0xffffffffffffffff */
 0)   0.151 us    |                __tlb_remove_folio_pages(); /* ret=0x0 */
 0)   0.160 us    |                vm_normal_page(); /* ret=0xfffff2a100fb5c80 */
 0)   0.149 us    |                folio_mark_accessed(); /* ret=0xfffffde02023c */
 0)   0.151 us    |                arch_check_zapped_pte(); /* ret=0xffffd26ac04ffa0c */
 0)   0.161 us    |                folio_remove_rmap_ptes(); /* ret=0xffffffffffffffff */
 0)   0.161 us    |                __tlb_remove_folio_pages(); /* ret=0x0 */
 0)   0.170 us    |                vm_normal_page(); /* ret=0xfffff2a100fb5cc0 */
 0)   0.161 us    |                folio_mark_accessed(); /* ret=0xfffffde02023c */
 0)   0.150 us    |                arch_check_zapped_pte(); /* ret=0xffffd26ac04ffa0c */
 0)   0.150 us    |                folio_remove_rmap_ptes(); /* ret=0xffffffffffffffff */
 0)   0.149 us    |                __tlb_remove_folio_pages(); /* ret=0x0 */
 0)   0.160 us    |                vm_normal_page(); /* ret=0xfffff2a100fb5d00 */
 0)   0.151 us    |                folio_mark_accessed(); /* ret=0xfffffde02023c */
 0)   0.149 us    |                arch_check_zapped_pte(); /* ret=0xffffd26ac04ffa0c */
 0)   0.170 us    |                folio_remove_rmap_ptes(); /* ret=0xffffffffffffffff */
 0)   0.151 us    |                __tlb_remove_folio_pages(); /* ret=0x0 */
 0)   0.161 us    |                vm_normal_page(); /* ret=0xfffff2a100fb5d40 */
 0)   0.150 us    |                folio_mark_accessed(); /* ret=0xfffffde02023c */
 0)   0.151 us    |                arch_check_zapped_pte(); /* ret=0xffffd26ac04ffa0c */
 0)   0.160 us    |                folio_remove_rmap_ptes(); /* ret=0xffffffffffffffff */
 0)   0.160 us    |                __tlb_remove_folio_pages(); /* ret=0x0 */
 0)   0.171 us    |                vm_normal_page(); /* ret=0xfffff2a100fb5d80 */
 0)   0.160 us    |                folio_mark_accessed(); /* ret=0xfffffde02023c */
 0)   0.160 us    |                arch_check_zapped_pte(); /* ret=0xffffd26ac04ffa0c */
 0)   0.151 us    |                folio_remove_rmap_ptes(); /* ret=0xffffffffffffffff */
 0)   0.150 us    |                __tlb_remove_folio_pages(); /* ret=0x0 */
 0)   0.160 us    |                vm_normal_page(); /* ret=0xfffff2a100fb5dc0 */
 0)   0.151 us    |                folio_mark_accessed(); /* ret=0xfffffde02023c */
 0)   0.150 us    |                arch_check_zapped_pte(); /* ret=0xffffd26ac04ffa0c */
 0)   0.151 us    |                folio_remove_rmap_ptes(); /* ret=0xffffffffffffffff */
 0)   0.150 us    |                __tlb_remove_folio_pages(); /* ret=0x0 */
 0)   0.161 us    |                vm_normal_page(); /* ret=0xfffff2a100fb5e00 */
 0)   0.151 us    |                folio_mark_accessed(); /* ret=0xfffffde02023c */
 0)   0.150 us    |                arch_check_zapped_pte(); /* ret=0xffffd26ac04ffa0c */
 0)   0.151 us    |                folio_remove_rmap_ptes(); /* ret=0xffffffffffffffff */
 0)   0.150 us    |                __tlb_remove_folio_pages(); /* ret=0x0 */
 0)   0.161 us    |                vm_normal_page(); /* ret=0xfffff2a100fb5e40 */
 0)   0.151 us    |                folio_mark_accessed(); /* ret=0xfffffde02023c */
 0)   0.150 us    |                arch_check_zapped_pte(); /* ret=0xffffd26ac04ffa0c */
 0)   0.151 us    |                folio_remove_rmap_ptes(); /* ret=0xffffffffffffffff */
 0)   0.150 us    |                __tlb_remove_folio_pages(); /* ret=0x0 */
 0)   0.160 us    |                vm_normal_page(); /* ret=0xfffff2a100fb5e80 */
 0)   0.160 us    |                folio_mark_accessed(); /* ret=0xfffffde02023c */
 0)   0.160 us    |                arch_check_zapped_pte(); /* ret=0xffffd26ac04ffa0c */
 0)   0.160 us    |                folio_remove_rmap_ptes(); /* ret=0xffffffffffffffff */
 0)   0.160 us    |                __tlb_remove_folio_pages(); /* ret=0x0 */
 0)   0.160 us    |                vm_normal_page(); /* ret=0xfffff2a100fb5ec0 */
 0)   0.160 us    |                folio_mark_accessed(); /* ret=0xfffffde02023c */
 0)   0.151 us    |                arch_check_zapped_pte(); /* ret=0xffffd26ac04ffa0c */
 0)   0.150 us    |                folio_remove_rmap_ptes(); /* ret=0xffffffffffffffff */
 0)   0.151 us    |                __tlb_remove_folio_pages(); /* ret=0x0 */
 0)   0.161 us    |                vm_normal_page(); /* ret=0xfffff2a100fb5f00 */
 0)   0.150 us    |                folio_mark_accessed(); /* ret=0xfffffde02023c */
 0)   0.151 us    |                arch_check_zapped_pte(); /* ret=0xffffd26ac04ffa0c */
 0)   0.150 us    |                folio_remove_rmap_ptes(); /* ret=0xffffffffffffffff */
 0)   0.151 us    |                __tlb_remove_folio_pages(); /* ret=0x0 */
 0)   0.161 us    |                vm_normal_page(); /* ret=0xfffff2a100fb5f40 */
 0)   0.150 us    |                folio_mark_accessed(); /* ret=0xfffffde02023c */
 0)   0.151 us    |                arch_check_zapped_pte(); /* ret=0xffffd26ac04ffa0c */
 0)   0.160 us    |                folio_remove_rmap_ptes(); /* ret=0xffffffffffffffff */
 0)   0.160 us    |                __tlb_remove_folio_pages(); /* ret=0x0 */
 0)   0.160 us    |                vm_normal_page(); /* ret=0xfffff2a100fb5f80 */
 0)   0.150 us    |                folio_mark_accessed(); /* ret=0xfffffde02023c */
 0)   0.151 us    |                arch_check_zapped_pte(); /* ret=0xffffd26ac04ffa0c */
 0)   0.149 us    |                folio_remove_rmap_ptes(); /* ret=0xffffffffffffffff */
 0)   0.150 us    |                __tlb_remove_folio_pages(); /* ret=0x0 */
 0)   0.160 us    |                vm_normal_page(); /* ret=0xfffff2a100fb5fc0 */
 0)   0.150 us    |                folio_mark_accessed(); /* ret=0xfffffde02023c */
 0)   0.150 us    |                arch_check_zapped_pte(); /* ret=0xffffd26ac04ffa0c */
 0)   0.150 us    |                folio_remove_rmap_ptes(); /* ret=0xffffffffffffffff */
 0)   0.151 us    |                __tlb_remove_folio_pages(); /* ret=0x0 */
 0)   0.160 us    |                vm_normal_page(); /* ret=0xfffff2a100fb7000 */
 0)   0.160 us    |                folio_mark_accessed(); /* ret=0xfffffde02023c */
 0)   0.161 us    |                arch_check_zapped_pte(); /* ret=0xffffd26ac04ffa0c */
 0)   0.161 us    |                folio_remove_rmap_ptes(); /* ret=0xffffffffffffffff */
 0)   0.161 us    |                __tlb_remove_folio_pages(); /* ret=0x0 */
 0)   0.170 us    |                vm_normal_page(); /* ret=0xfffff2a100fb7040 */
 0)   0.161 us    |                folio_mark_accessed(); /* ret=0xfffffde02023c */
 0)   0.151 us    |                arch_check_zapped_pte(); /* ret=0xffffd26ac04ffa0c */
 0)   0.161 us    |                folio_remove_rmap_ptes(); /* ret=0xffffffffffffffff */
 0)   0.151 us    |                __tlb_remove_folio_pages(); /* ret=0x0 */
 0)   0.161 us    |                vm_normal_page(); /* ret=0xfffff2a100fb7080 */
 0)   0.150 us    |                folio_mark_accessed(); /* ret=0xfffffde02023c */
 0)   0.151 us    |                arch_check_zapped_pte(); /* ret=0xffffd26ac04ffa0c */
 0)   0.150 us    |                folio_remove_rmap_ptes(); /* ret=0xffffffffffffffff */
 0)   0.151 us    |                __tlb_remove_folio_pages(); /* ret=0x0 */
 0)   0.161 us    |                vm_normal_page(); /* ret=0xfffff2a100fb70c0 */
 0)   0.150 us    |                folio_mark_accessed(); /* ret=0xfffffde02023c */
 0)   0.151 us    |                arch_check_zapped_pte(); /* ret=0xffffd26ac04ffa0c */
 0)   0.150 us    |                folio_remove_rmap_ptes(); /* ret=0xffffffffffffffff */
 0)   0.151 us    |                __tlb_remove_folio_pages(); /* ret=0x0 */
 0)   0.161 us    |                vm_normal_page(); /* ret=0xfffff2a100fb7100 */
 0)   0.150 us    |                folio_mark_accessed(); /* ret=0xfffffde02023c */
 0)   0.151 us    |                arch_check_zapped_pte(); /* ret=0xffffd26ac04ffa0c */
 0)   0.150 us    |                folio_remove_rmap_ptes(); /* ret=0xffffffffffffffff */
 0)   0.161 us    |                __tlb_remove_folio_pages(); /* ret=0x0 */
 0)   0.160 us    |                vm_normal_page(); /* ret=0xfffff2a100fb7140 */
 0)   0.161 us    |                folio_mark_accessed(); /* ret=0xfffffde02023c */
 0)   0.161 us    |                arch_check_zapped_pte(); /* ret=0xffffd26ac04ffa0c */
 0)   0.161 us    |                folio_remove_rmap_ptes(); /* ret=0xffffffffffffffff */
 0)   0.160 us    |                __tlb_remove_folio_pages(); /* ret=0x0 */
 0)   0.160 us    |                vm_normal_page(); /* ret=0xfffff2a100fb7180 */
 0)   0.161 us    |                folio_mark_accessed(); /* ret=0xfffffde02023c */
 0)   0.161 us    |                arch_check_zapped_pte(); /* ret=0xffffd26ac04ffa0c */
 0)   0.160 us    |                folio_remove_rmap_ptes(); /* ret=0xffffffffffffffff */
 0)   0.160 us    |                __tlb_remove_folio_pages(); /* ret=0x0 */
 0)   0.160 us    |                vm_normal_page(); /* ret=0xfffff2a100fb71c0 */
 0)   0.161 us    |                folio_mark_accessed(); /* ret=0xfffffde02023c */
 0)   0.160 us    |                arch_check_zapped_pte(); /* ret=0xffffd26ac04ffa0c */
 0)   0.160 us    |                folio_remove_rmap_ptes(); /* ret=0xffffffffffffffff */
 0)   0.151 us    |                __tlb_remove_folio_pages(); /* ret=0x0 */
 0)   0.160 us    |                vm_normal_page(); /* ret=0xfffff2a100fb7200 */
 0)   0.150 us    |                folio_mark_accessed(); /* ret=0xfffffde02023c */
 0)   0.151 us    |                arch_check_zapped_pte(); /* ret=0xffffd26ac04ffa0c */
 0)   0.150 us    |                folio_remove_rmap_ptes(); /* ret=0xffffffffffffffff */
 0)   0.151 us    |                __tlb_remove_folio_pages(); /* ret=0x0 */
 0)   0.161 us    |                vm_normal_page(); /* ret=0xfffff2a100fb7240 */
 0)   0.150 us    |                folio_mark_accessed(); /* ret=0xfffffde02023c */
 0)   0.151 us    |                arch_check_zapped_pte(); /* ret=0xffffd26ac04ffa0c */
 0)   0.150 us    |                folio_remove_rmap_ptes(); /* ret=0xffffffffffffffff */
 0)   0.151 us    |                __tlb_remove_folio_pages(); /* ret=0x0 */
 0)   0.161 us    |                vm_normal_page(); /* ret=0xfffff2a100fb7280 */
 0)   0.150 us    |                folio_mark_accessed(); /* ret=0xfffffde02023c */
 0)   0.151 us    |                arch_check_zapped_pte(); /* ret=0xffffd26ac04ffa0c */
 0)   0.150 us    |                folio_remove_rmap_ptes(); /* ret=0xffffffffffffffff */
 0)   0.151 us    |                __tlb_remove_folio_pages(); /* ret=0x0 */
 0)   0.171 us    |                vm_normal_page(); /* ret=0xfffff2a100fb72c0 */
 0)   0.150 us    |                folio_mark_accessed(); /* ret=0xfffffde02023c */
 0)   0.151 us    |                arch_check_zapped_pte(); /* ret=0xffffd26ac04ffa0c */
 0)   0.160 us    |                folio_remove_rmap_ptes(); /* ret=0xffffffffffffffff */
 0)   0.160 us    |                __tlb_remove_folio_pages(); /* ret=0x0 */
 0)   0.171 us    |                vm_normal_page(); /* ret=0xfffff2a100fb7300 */
 0)   0.160 us    |                folio_mark_accessed(); /* ret=0xfffffde02023c */
 0)   0.160 us    |                arch_check_zapped_pte(); /* ret=0xffffd26ac04ffa0c */
 0)   0.160 us    |                folio_remove_rmap_ptes(); /* ret=0xffffffffffffffff */
 0)   0.160 us    |                __tlb_remove_folio_pages(); /* ret=0x0 */
 0)   0.161 us    |                vm_normal_page(); /* ret=0xfffff2a100fb7340 */
 0)   0.160 us    |                folio_mark_accessed(); /* ret=0xfffffde02023c */
 0)   0.160 us    |                arch_check_zapped_pte(); /* ret=0xffffd26ac04ffa0c */
 0)   0.160 us    |                folio_remove_rmap_ptes(); /* ret=0xffffffffffffffff */
 0)   0.161 us    |                __tlb_remove_folio_pages(); /* ret=0x0 */
 0)   0.161 us    |                vm_normal_page(); /* ret=0xfffff2a100fb7380 */
 0)   0.160 us    |                folio_mark_accessed(); /* ret=0xfffffde02023c */
 0)   0.150 us    |                arch_check_zapped_pte(); /* ret=0xffffd26ac04ffa0c */
 0)   0.151 us    |                folio_remove_rmap_ptes(); /* ret=0xffffffffffffffff */
 0)   0.150 us    |                __tlb_remove_folio_pages(); /* ret=0x0 */
 0)   0.160 us    |                vm_normal_page(); /* ret=0xfffff2a100fb73c0 */
 0)   0.160 us    |                folio_mark_accessed(); /* ret=0xfffffde02023c */
 0)   0.150 us    |                arch_check_zapped_pte(); /* ret=0xffffd26ac04ffa0c */
 0)   0.151 us    |                folio_remove_rmap_ptes(); /* ret=0xffffffffffffffff */
 0)   0.149 us    |                __tlb_remove_folio_pages(); /* ret=0x0 */
 0)   0.160 us    |                _raw_spin_lock_irqsave(); /* ret=0x286 */
 0)   0.170 us    |                _raw_spin_unlock_irqrestore(); /* ret=0x1 */
 0)   0.161 us    |                _raw_spin_unlock(); /* ret=0x1 */
 0)   0.150 us    |                __rcu_read_unlock(); /* ret=0x0 */
 0) + 82.204 us   |              } /* __zap_vma_range ret=0x0 */
 0)               |              __zap_vma_range() {
 0)   0.150 us    |                uprobe_munmap(); /* ret=0xffffd26ac04ffa60 */
 0)               |                pte_offset_map_lock() {
 0)               |                  __pte_offset_map() {
 0)   0.149 us    |                    __rcu_read_lock(); /* ret=0xffff8f308369c400 */
 0)   0.481 us    |                  } /* __pte_offset_map ret=0xffff8f30835d4c80 */
 0)   0.160 us    |                  _raw_spin_lock(); /* ret=0x0 */
 0)   1.142 us    |                } /* pte_offset_map_lock ret=0xffff8f30835d4c80 */
 0)   0.151 us    |                flush_tlb_batched_pending(); /* ret=0x0 */
 0)   0.161 us    |                vm_normal_page(); /* ret=0xfffff2a10013c3c0 */
 0)   0.150 us    |                arch_check_zapped_pte(); /* ret=0x11 */
 0)               |                folio_remove_rmap_ptes() {
 0)               |                  lruvec_stat_mod_folio() {
 0)   0.160 us    |                    __rcu_read_lock(); /* ret=0xffff8f308369c400 */
 0)   0.160 us    |                    mod_node_page_state(); /* ret=0x6 */
 0)               |                    __mod_memcg_lruvec_state() {
 0)   0.160 us    |                      memcg_state_val_in_pages(); /* ret=0xffffffffffffffff */
 0)   0.151 us    |                      __css_rstat_updated(); /* ret=0xffff8f30bec39cb0 */
 0)   0.862 us    |                    } /* __mod_memcg_lruvec_state ret=0x100 */
 0)   0.160 us    |                    __rcu_read_unlock(); /* ret=0x100 */
 0)   2.234 us    |                  } /* lruvec_stat_mod_folio ret=0x100 */
 0)   2.594 us    |                } /* folio_remove_rmap_ptes ret=0x100 */
 0)   0.151 us    |                __tlb_remove_folio_pages(); /* ret=0x0 */
 0)   0.160 us    |                vm_normal_page(); /* ret=0xfffff2a100726700 */
 0)   0.150 us    |                arch_check_zapped_pte(); /* ret=0x11 */
 0)               |                folio_remove_rmap_ptes() {
 0)               |                  lruvec_stat_mod_folio() {
 0)   0.150 us    |                    __rcu_read_lock(); /* ret=0xffff8f308369c400 */
 0)   0.160 us    |                    mod_node_page_state(); /* ret=0x5 */
 0)               |                    __mod_memcg_lruvec_state() {
 0)   0.150 us    |                      memcg_state_val_in_pages(); /* ret=0xffffffffffffffff */
 0)   0.151 us    |                      __css_rstat_updated(); /* ret=0xffff8f30bec39cb0 */
 0)   0.821 us    |                    } /* __mod_memcg_lruvec_state ret=0x100 */
 0)   0.149 us    |                    __rcu_read_unlock(); /* ret=0x100 */
 0)   2.134 us    |                  } /* lruvec_stat_mod_folio ret=0x100 */
 0)   2.464 us    |                } /* folio_remove_rmap_ptes ret=0x100 */
 0)   0.150 us    |                __tlb_remove_folio_pages(); /* ret=0x0 */
 0)   0.160 us    |                vm_normal_page(); /* ret=0xfffff2a100718480 */
 0)   0.160 us    |                arch_check_zapped_pte(); /* ret=0x11 */
 0)               |                folio_remove_rmap_ptes() {
 0)               |                  lruvec_stat_mod_folio() {
 0)   0.150 us    |                    __rcu_read_lock(); /* ret=0xffff8f308369c400 */
 0)   0.151 us    |                    mod_node_page_state(); /* ret=0x4 */
 0)               |                    __mod_memcg_lruvec_state() {
 0)   0.151 us    |                      memcg_state_val_in_pages(); /* ret=0xffffffffffffffff */
 0)   0.150 us    |                      __css_rstat_updated(); /* ret=0xffff8f30bec39cb0 */
 0)   0.811 us    |                    } /* __mod_memcg_lruvec_state ret=0x100 */
 0)   0.151 us    |                    __rcu_read_unlock(); /* ret=0x100 */
 0)   2.134 us    |                  } /* lruvec_stat_mod_folio ret=0x100 */
 0)   2.465 us    |                } /* folio_remove_rmap_ptes ret=0x100 */
 0)   0.151 us    |                __tlb_remove_folio_pages(); /* ret=0x0 */
 0)   0.161 us    |                vm_normal_page(); /* ret=0xfffff2a100fb7c00 */
 0)   0.151 us    |                arch_check_zapped_pte(); /* ret=0x11 */
 0)               |                folio_remove_rmap_ptes() {
 0)               |                  lruvec_stat_mod_folio() {
 0)   0.150 us    |                    __rcu_read_lock(); /* ret=0xffff8f308369c400 */
 0)   0.151 us    |                    mod_node_page_state(); /* ret=0x3 */
 0)               |                    __mod_memcg_lruvec_state() {
 0)   0.161 us    |                      memcg_state_val_in_pages(); /* ret=0xffffffffffffffff */
 0)   0.161 us    |                      __css_rstat_updated(); /* ret=0xffff8f30bec39cb0 */
 0)   0.822 us    |                    } /* __mod_memcg_lruvec_state ret=0x100 */
 0)   0.151 us    |                    __rcu_read_unlock(); /* ret=0x100 */
 0)   2.135 us    |                  } /* lruvec_stat_mod_folio ret=0x100 */
 0)   2.465 us    |                } /* folio_remove_rmap_ptes ret=0x100 */
 0)   0.151 us    |                __tlb_remove_folio_pages(); /* ret=0x0 */
 0)   0.150 us    |                _raw_spin_unlock(); /* ret=0x1 */
 0)   0.161 us    |                __rcu_read_unlock(); /* ret=0x0 */
 0) + 17.773 us   |              } /* __zap_vma_range ret=0x0 */
 0)               |              __zap_vma_range() {
 0)               |                pte_offset_map_lock() {
 0)               |                  __pte_offset_map() {
 0)   0.160 us    |                    __rcu_read_lock(); /* ret=0xffff8f308369c400 */
 0)   0.481 us    |                  } /* __pte_offset_map ret=0xffff8f30835d4ca0 */
 0)   0.221 us    |                  _raw_spin_lock(); /* ret=0x0 */
 0)   1.222 us    |                } /* pte_offset_map_lock ret=0xffff8f30835d4ca0 */
 0)   0.161 us    |                flush_tlb_batched_pending(); /* ret=0x0 */
 0)   0.160 us    |                vm_normal_page(); /* ret=0xfffff2a1007184c0 */
 0)   0.150 us    |                arch_check_zapped_pte(); /* ret=0x11 */
 0)               |                folio_remove_rmap_ptes() {
 0)               |                  lruvec_stat_mod_folio() {
 0)   0.150 us    |                    __rcu_read_lock(); /* ret=0xffff8f308369c400 */
 0)   0.161 us    |                    mod_node_page_state(); /* ret=0x2 */
 0)               |                    __mod_memcg_lruvec_state() {
 0)   0.150 us    |                      memcg_state_val_in_pages(); /* ret=0xffffffffffffffff */
 0)   0.151 us    |                      __css_rstat_updated(); /* ret=0xffff8f30bec39cb0 */
 0)   0.822 us    |                    } /* __mod_memcg_lruvec_state ret=0x100 */
 0)   0.150 us    |                    __rcu_read_unlock(); /* ret=0x100 */
 0)   2.135 us    |                  } /* lruvec_stat_mod_folio ret=0x100 */
 0)   2.464 us    |                } /* folio_remove_rmap_ptes ret=0x100 */
 0)   0.149 us    |                __tlb_remove_folio_pages(); /* ret=0x0 */
 0)   0.160 us    |                vm_normal_page(); /* ret=0xfffff2a100634440 */
 0)   0.150 us    |                arch_check_zapped_pte(); /* ret=0x11 */
 0)               |                folio_remove_rmap_ptes() {
 0)               |                  lruvec_stat_mod_folio() {
 0)   0.150 us    |                    __rcu_read_lock(); /* ret=0xffff8f308369c400 */
 0)   0.160 us    |                    mod_node_page_state(); /* ret=0x1 */
 0)               |                    __mod_memcg_lruvec_state() {
 0)   0.151 us    |                      memcg_state_val_in_pages(); /* ret=0xffffffffffffffff */
 0)   0.151 us    |                      __css_rstat_updated(); /* ret=0xffff8f30bec39cb0 */
 0)   0.832 us    |                    } /* __mod_memcg_lruvec_state ret=0x100 */
 0)   0.150 us    |                    __rcu_read_unlock(); /* ret=0x100 */
 0)   2.144 us    |                  } /* lruvec_stat_mod_folio ret=0x100 */
 0)   2.475 us    |                } /* folio_remove_rmap_ptes ret=0x100 */
 0)   0.150 us    |                __tlb_remove_folio_pages(); /* ret=0x0 */
 0)   0.160 us    |                _raw_spin_unlock(); /* ret=0x1 */
 0)   0.160 us    |                __rcu_read_unlock(); /* ret=0x0 */
 0)   9.918 us    |              } /* __zap_vma_range ret=0x0 */
 0)               |              __zap_vma_range() {
 0)               |                pte_offset_map_lock() {
 0)               |                  __pte_offset_map() {
 0)   0.150 us    |                    __rcu_read_lock(); /* ret=0xffff8f308369c400 */
 0)   0.481 us    |                  } /* __pte_offset_map ret=0xffff8f30835406e8 */
 0)   0.151 us    |                  _raw_spin_lock(); /* ret=0x0 */
 0)   1.142 us    |                } /* pte_offset_map_lock ret=0xffff8f30835406e8 */
 0)   0.149 us    |                flush_tlb_batched_pending(); /* ret=0x0 */
 0)   0.160 us    |                vm_normal_page(); /* ret=0xfffff2a100634a40 */
 0)   0.150 us    |                arch_check_zapped_pte(); /* ret=0x11 */
 0)               |                folio_remove_rmap_ptes() {
 0)               |                  lruvec_stat_mod_folio() {
 0)   0.150 us    |                    __rcu_read_lock(); /* ret=0xffff8f308369c400 */
 0)   0.161 us    |                    mod_node_page_state(); /* ret=0x0 */
 0)               |                    __mod_memcg_lruvec_state() {
 0)   0.150 us    |                      memcg_state_val_in_pages(); /* ret=0xffffffffffffffff */
 0)   0.151 us    |                      __css_rstat_updated(); /* ret=0xffff8f30bec39cb0 */
 0)   0.822 us    |                    } /* __mod_memcg_lruvec_state ret=0x100 */
 0)   0.150 us    |                    __rcu_read_unlock(); /* ret=0x100 */
 0)   2.135 us    |                  } /* lruvec_stat_mod_folio ret=0x100 */
 0)   2.464 us    |                } /* folio_remove_rmap_ptes ret=0x100 */
 0)   0.149 us    |                __tlb_remove_folio_pages(); /* ret=0x0 */
 0)   0.160 us    |                vm_normal_page(); /* ret=0xfffff2a100630a80 */
 0)   0.150 us    |                arch_check_zapped_pte(); /* ret=0x11 */
 0)               |                folio_remove_rmap_ptes() {
 0)               |                  lruvec_stat_mod_folio() {
 0)   0.150 us    |                    __rcu_read_lock(); /* ret=0xffff8f308369c400 */
 0)   0.160 us    |                    mod_node_page_state(); /* ret=0xff */
 0)               |                    __mod_memcg_lruvec_state() {
 0)   0.151 us    |                      memcg_state_val_in_pages(); /* ret=0xffffffffffffffff */
 0)   0.150 us    |                      __css_rstat_updated(); /* ret=0xffff8f30bec39cb0 */
 0)   0.821 us    |                    } /* __mod_memcg_lruvec_state ret=0x100 */
 0)   0.160 us    |                    __rcu_read_unlock(); /* ret=0x100 */
 0)   2.284 us    |                  } /* lruvec_stat_mod_folio ret=0x100 */
 0)   2.615 us    |                } /* folio_remove_rmap_ptes ret=0x100 */
 0)   0.150 us    |                __tlb_remove_folio_pages(); /* ret=0x0 */
 0)   0.160 us    |                vm_normal_page(); /* ret=0xfffff2a100634540 */
 0)   0.150 us    |                arch_check_zapped_pte(); /* ret=0x11 */
 0)               |                folio_remove_rmap_ptes() {
 0)               |                  lruvec_stat_mod_folio() {
 0)   0.151 us    |                    __rcu_read_lock(); /* ret=0xffff8f308369c400 */
 0)   0.160 us    |                    mod_node_page_state(); /* ret=0xfe */
 0)               |                    __mod_memcg_lruvec_state() {
 0)   0.151 us    |                      memcg_state_val_in_pages(); /* ret=0xffffffffffffffff */
 0)   0.150 us    |                      __css_rstat_updated(); /* ret=0xffff8f30bec39cb0 */
 0)   0.822 us    |                    } /* __mod_memcg_lruvec_state ret=0x100 */
 0)   0.151 us    |                    __rcu_read_unlock(); /* ret=0x100 */
 0)   2.133 us    |                  } /* lruvec_stat_mod_folio ret=0x100 */
 0)   2.465 us    |                } /* folio_remove_rmap_ptes ret=0x100 */
 0)   0.151 us    |                __tlb_remove_folio_pages(); /* ret=0x0 */
 0)   0.161 us    |                _raw_spin_unlock(); /* ret=0x1 */
 0)   0.150 us    |                __rcu_read_unlock(); /* ret=0x0 */
 0) + 13.735 us   |              } /* __zap_vma_range ret=0x0 */
 0) ! 364.453 us  |            } /* unmap_vmas ret=0x0 */
 0)   0.160 us    |            up_read(); /* ret=0x0 */
 0)   0.171 us    |            down_write(); /* ret=0xffff8f308369c400 */
 0)               |            free_pgtables() {
 0)               |              __vma_start_write() {
 0)               |                __vma_start_exclude_readers() {
 0)   0.151 us    |                  finish_rcuwait(); /* ret=0xffff8f308369c400 */
 0)   0.511 us    |                } /* __vma_start_exclude_readers ret=0x0 */
 0)   0.852 us    |              } /* __vma_start_write ret=0x0 */
 0)   0.160 us    |              unlink_anon_vmas(); /* ret=0xffff8f3083479500 */
 0)   0.151 us    |              unlink_file_vma_batch_init(); /* ret=0xffff8f3083479500 */
 0)   0.161 us    |              unlink_file_vma_batch_add(); /* ret=0xffff8f3083479500 */
 0)               |              __vma_start_write() {
 0)               |                __vma_start_exclude_readers() {
 0)   0.149 us    |                  finish_rcuwait(); /* ret=0xffff8f308369c400 */
 0)   0.491 us    |                } /* __vma_start_exclude_readers ret=0x0 */
 0)   0.821 us    |              } /* __vma_start_write ret=0x0 */
 0)   0.161 us    |              unlink_anon_vmas(); /* ret=0xffff8f3083479500 */
 0)   0.161 us    |              unlink_file_vma_batch_add(); /* ret=0xffff8f3083479500 */
 0)               |              __vma_start_write() {
 0)               |                __vma_start_exclude_readers() {
 0)   0.151 us    |                  finish_rcuwait(); /* ret=0xffff8f308369c400 */
 0)   0.491 us    |                } /* __vma_start_exclude_readers ret=0x0 */
 0)   0.822 us    |              } /* __vma_start_write ret=0x0 */
 0)   0.160 us    |              unlink_anon_vmas(); /* ret=0xffff8f3083479500 */
 0)   0.160 us    |              unlink_file_vma_batch_add(); /* ret=0xffff8f3083479500 */
 0)               |              __vma_start_write() {
 0)               |                __vma_start_exclude_readers() {
 0)   0.150 us    |                  finish_rcuwait(); /* ret=0xffff8f308369c400 */
 0)   0.490 us    |                } /* __vma_start_exclude_readers ret=0x0 */
 0)   0.821 us    |              } /* __vma_start_write ret=0x0 */
 0)   0.150 us    |              unlink_anon_vmas(); /* ret=0xffff8f3083479500 */
 0)   0.161 us    |              unlink_file_vma_batch_add(); /* ret=0x1 */
 0)               |              __vma_start_write() {
 0)               |                __vma_start_exclude_readers() {
 0)   0.150 us    |                  finish_rcuwait(); /* ret=0xffff8f308369c400 */
 0)   0.492 us    |                } /* __vma_start_exclude_readers ret=0x0 */
 0)   0.822 us    |              } /* __vma_start_write ret=0x0 */
 0)   0.160 us    |              unlink_anon_vmas(); /* ret=0xffff8f3083479500 */
 0)   0.170 us    |              unlink_file_vma_batch_add(); /* ret=0x2 */
 0)               |              __vma_start_write() {
 0)               |                __vma_start_exclude_readers() {
 0)   0.150 us    |                  finish_rcuwait(); /* ret=0xffff8f308369c400 */
 0)   0.481 us    |                } /* __vma_start_exclude_readers ret=0x0 */
 0)   0.811 us    |              } /* __vma_start_write ret=0x0 */
 0)   0.151 us    |              unlink_anon_vmas(); /* ret=0xffff8f3083479500 */
 0)   0.160 us    |              unlink_file_vma_batch_add(); /* ret=0x3 */
 0)               |              __vma_start_write() {
 0)               |                __vma_start_exclude_readers() {
 0)   0.151 us    |                  finish_rcuwait(); /* ret=0xffff8f308369c400 */
 0)   0.481 us    |                } /* __vma_start_exclude_readers ret=0x0 */
 0)   0.822 us    |              } /* __vma_start_write ret=0x0 */
 0)               |              unlink_anon_vmas() {
 0)   0.161 us    |                down_write(); /* ret=0xffff8f308369c400 */
 0)   0.180 us    |                anon_vma_interval_tree_remove(); /* ret=0x0 */
 0)   0.161 us    |                up_write(); /* ret=0x1 */
 0)               |                __put_anon_vma() {
 0)   0.221 us    |                  kmem_cache_free(); /* ret=0x0 */
 0)   0.582 us    |                } /* __put_anon_vma ret=0x0 */
 0)   0.170 us    |                kmem_cache_free(); /* ret=0x0 */
 0)   2.394 us    |              } /* unlink_anon_vmas ret=0xffff8f30832229f0 */
 0)   0.151 us    |              unlink_file_vma_batch_add(); /* ret=0x4 */
 0)               |              __vma_start_write() {
 0)               |                __vma_start_exclude_readers() {
 0)   0.150 us    |                  finish_rcuwait(); /* ret=0xffff8f308369c400 */
 0)   0.490 us    |                } /* __vma_start_exclude_readers ret=0x0 */
 0)   0.822 us    |              } /* __vma_start_write ret=0x0 */
 0)               |              unlink_anon_vmas() {
 0)   0.161 us    |                down_write(); /* ret=0xffff8f308369c400 */
 0)   0.170 us    |                anon_vma_interval_tree_remove(); /* ret=0x0 */
 0)   0.160 us    |                up_write(); /* ret=0x1 */
 0)               |                __put_anon_vma() {
 0)   0.161 us    |                  kmem_cache_free(); /* ret=0x0 */
 0)   0.481 us    |                } /* __put_anon_vma ret=0x0 */
 0)   0.160 us    |                kmem_cache_free(); /* ret=0x0 */
 0)   2.194 us    |              } /* unlink_anon_vmas ret=0xffff8f30840b14b0 */
 0)   0.161 us    |              unlink_file_vma_batch_add(); /* ret=0xffff8f30840b14b0 */
 0)               |              unlink_file_vma_batch_final() {
 0)               |                unlink_file_vma_batch_process() {
 0)   0.150 us    |                  down_write(); /* ret=0xffff8f308369c400 */
 0)   0.220 us    |                  vma_interval_tree_remove(); /* ret=0xffff8f30834f9a48 */
 0)   0.169 us    |                  vma_interval_tree_remove(); /* ret=0xffff8f30834f9448 */
 0)   0.160 us    |                  vma_interval_tree_remove(); /* ret=0xffff8f30834f9988 */
 0)   0.161 us    |                  vma_interval_tree_remove(); /* ret=0xffff8f30834f9208 */
 0)   0.149 us    |                  up_write(); /* ret=0x1 */
 0)   2.294 us    |                } /* unlink_file_vma_batch_process ret=0x0 */
 0)   2.625 us    |              } /* unlink_file_vma_batch_final ret=0x0 */
 0)               |              free_pgd_range() {
 0)               |                ___pte_free_tlb() {
 0)               |                  tlb_remove_table() {
 0)               |                    get_free_pages_noprof() {
 0)               |                      alloc_pages_noprof() {
 0)               |                        alloc_pages_mpol() {
 0)   0.161 us    |                          policy_nodemask(); /* ret=0x0 */
 0)               |                          __alloc_frozen_pages_noprof() {
 0)               |                            get_page_from_freelist() {
 0)   0.151 us    |                              _raw_spin_trylock(); /* ret=0x1 */
 0)   0.161 us    |                              _raw_spin_unlock(); /* ret=0x1 */
 0)   0.200 us    |                              kernel_init_pages(); /* ret=0x0 */
 0)   1.243 us    |                            } /* get_page_from_freelist ret=0xfffff2a1000e3ac0 */
 0)   1.592 us    |                          } /* __alloc_frozen_pages_noprof ret=0xfffff2a1000e3ac0 */
 0)   2.284 us    |                        } /* alloc_pages_mpol ret=0xfffff2a1000e3ac0 */
 0)   2.615 us    |                      } /* alloc_pages_noprof ret=0xfffff2a1000e3ac0 */
 0)   2.955 us    |                    } /* get_free_pages_noprof ret=0xffff8f30838eb000 */
 0)   3.295 us    |                  } /* tlb_remove_table ret=0xffff8f30838eb000 */
 0)   3.627 us    |                } /* ___pte_free_tlb ret=0xffff8f30838eb000 */
 0)               |                ___pmd_free_tlb() {
 0)   0.161 us    |                  tlb_remove_table(); /* ret=0xffff8f30838eb000 */
 0)   0.491 us    |                } /* ___pmd_free_tlb ret=0xffff8f30838eb000 */
 0)   4.778 us    |              } /* free_pgd_range ret=0x7f7fffffffff */
 0)               |              __vma_start_write() {
 0)               |                __vma_start_exclude_readers() {
 0)   0.161 us    |                  finish_rcuwait(); /* ret=0xffff8f308369c400 */
 0)   0.481 us    |                } /* __vma_start_exclude_readers ret=0x0 */
 0)   0.822 us    |              } /* __vma_start_write ret=0x0 */
 0)               |              unlink_anon_vmas() {
 0)   0.150 us    |                down_write(); /* ret=0xffff8f308369c400 */
 0)   0.160 us    |                anon_vma_interval_tree_remove(); /* ret=0x0 */
 0)   0.160 us    |                up_write(); /* ret=0x1 */
 0)               |                __put_anon_vma() {
 0)   0.160 us    |                  kmem_cache_free(); /* ret=0x0 */
 0)   0.561 us    |                } /* __put_anon_vma ret=0x0 */
 0)   0.149 us    |                kmem_cache_free(); /* ret=0x0 */
 0)   2.254 us    |              } /* unlink_anon_vmas ret=0xffff8f30840b0e70 */
 0)   0.151 us    |              unlink_file_vma_batch_init(); /* ret=0xffff8f30840b0e70 */
 0)   0.160 us    |              unlink_file_vma_batch_add(); /* ret=0xffff8f30840b0e70 */
 0)   0.160 us    |              unlink_file_vma_batch_final(); /* ret=0x0 */
 0)               |              free_pgd_range() {
 0)               |                ___pte_free_tlb() {
 0)   0.160 us    |                  tlb_remove_table(); /* ret=0xffff8f30838eb000 */
 0)   0.481 us    |                } /* ___pte_free_tlb ret=0xffff8f30838eb000 */
 0)               |                ___pmd_free_tlb() {
 0)   0.160 us    |                  tlb_remove_table(); /* ret=0xffff8f30838eb000 */
 0)   0.481 us    |                } /* ___pmd_free_tlb ret=0xffff8f30838eb000 */
 0)               |                ___pud_free_tlb() {
 0)   0.151 us    |                  tlb_remove_table(); /* ret=0xffff8f30838eb000 */
 0)   0.481 us    |                } /* ___pud_free_tlb ret=0xffff8f30838eb000 */
 0)   2.274 us    |              } /* free_pgd_range ret=0xffffffffffffffff */
 0) + 33.323 us   |            } /* free_pgtables ret=0x0 */
 0)               |            tlb_finish_mmu() {
 0)               |              flush_tlb_mm_range() {
 0)               |                flush_tlb_func() {
 0)   0.160 us    |                  mm_needs_global_asid(); /* ret=0x0 */
 0)               |                  switch_mm_irqs_off() {
 0)   0.160 us    |                    choose_new_asid(); /* ret=0x10000 */
 0)   0.190 us    |                    switch_ldt(); /* ret=0x1 */
 0)   1.252 us    |                  } /* switch_mm_irqs_off ret=0x1 */
 0)   1.954 us    |                } /* flush_tlb_func ret=0x1 */
 0)   2.375 us    |              } /* flush_tlb_mm_range ret=0x1 */
 0)               |              call_rcu() {
 0)               |                __call_rcu_common() {
 0)   0.161 us    |                  rcu_async_should_hurry(); /* ret=0x0 */
 0)   0.180 us    |                  rcu_segcblist_enqueue(); /* ret=0xffff8f30812a5528 */
 0)   0.892 us    |                } /* __call_rcu_common ret=0x0 */
 0)   1.231 us    |              } /* call_rcu ret=0x0 */
 0)               |              __tlb_batch_free_encoded_pages() {
 0)               |                free_pages_and_swap_cache() {
 0)   0.160 us    |                  free_swap_cache(); /* ret=0xfffff2a100721580 */
 0)   0.160 us    |                  free_swap_cache(); /* ret=0xfffff2a1007215c0 */
 0)   0.150 us    |                  free_swap_cache(); /* ret=0xfffff2a100721600 */
 0)   0.151 us    |                  free_swap_cache(); /* ret=0xfffff2a100721640 */
 0)   0.149 us    |                  free_swap_cache(); /* ret=0xfffff2a100721680 */
 0)   0.160 us    |                  free_swap_cache(); /* ret=0xfffff2a1007216c0 */
 0)   0.151 us    |                  free_swap_cache(); /* ret=0xfffff2a100721700 */
 0)   0.201 us    |                  folios_put_refs(); /* ret=0x0 */
 0)   2.936 us    |                } /* free_pages_and_swap_cache ret=0x0 */
 0)   3.296 us    |              } /* __tlb_batch_free_encoded_pages ret=0x0 */
 0)               |              __tlb_batch_free_encoded_pages() {
 0)               |                free_pages_and_swap_cache() {
 0)   0.151 us    |                  free_swap_cache(); /* ret=0xfffff2a100721740 */
 0)   0.150 us    |                  free_swap_cache(); /* ret=0xfffff2a100721780 */
 0)   0.150 us    |                  free_swap_cache(); /* ret=0xfffff2a1007217c0 */
 0)   0.151 us    |                  free_swap_cache(); /* ret=0xfffff2a100721800 */
 0)   0.160 us    |                  free_swap_cache(); /* ret=0xfffff2a100721840 */
 0)   0.149 us    |                  free_swap_cache(); /* ret=0xfffff2a100721880 */
 0)   0.151 us    |                  free_swap_cache(); /* ret=0xfffff2a1007218c0 */
 0)   0.150 us    |                  free_swap_cache(); /* ret=0xfffff2a100721900 */
 0)   0.151 us    |                  free_swap_cache(); /* ret=0xfffff2a100721940 */
 0)   0.160 us    |                  free_swap_cache(); /* ret=0xfffff2a100721980 */
 0)   0.150 us    |                  free_swap_cache(); /* ret=0xfffff2a1007219c0 */
 0)   0.151 us    |                  free_swap_cache(); /* ret=0xfffff2a100721a00 */
 0)   0.150 us    |                  free_swap_cache(); /* ret=0xfffff2a100721a40 */
 0)   0.151 us    |                  free_swap_cache(); /* ret=0xfffff2a100721a80 */
 0)   0.161 us    |                  free_swap_cache(); /* ret=0xfffff2a100721ac0 */
 0)   0.161 us    |                  free_swap_cache(); /* ret=0xfffff2a100721b00 */
 0)   0.149 us    |                  free_swap_cache(); /* ret=0xfffff2a100721b40 */
 0)   0.160 us    |                  free_swap_cache(); /* ret=0xfffff2a100721b80 */
 0)   0.151 us    |                  free_swap_cache(); /* ret=0xfffff2a100721bc0 */
 0)   0.149 us    |                  free_swap_cache(); /* ret=0xfffff2a100721c00 */
 0)   0.160 us    |                  free_swap_cache(); /* ret=0xfffff2a100721c40 */
 0)   0.151 us    |                  free_swap_cache(); /* ret=0xfffff2a100721c80 */
 0)   0.150 us    |                  free_swap_cache(); /* ret=0xfffff2a100721cc0 */
 0)   0.150 us    |                  free_swap_cache(); /* ret=0xfffff2a100721d00 */
 0)   0.160 us    |                  free_swap_cache(); /* ret=0xfffff2a100721d40 */
 0)   0.150 us    |                  free_swap_cache(); /* ret=0xfffff2a100721d80 */
 0)   0.151 us    |                  free_swap_cache(); /* ret=0xfffff2a100721dc0 */
 0)   0.149 us    |                  free_swap_cache(); /* ret=0xfffff2a100721e00 */
 0)   0.160 us    |                  free_swap_cache(); /* ret=0xfffff2a100721e40 */
 0)   0.151 us    |                  free_swap_cache(); /* ret=0xfffff2a100721e80 */
 0)   0.150 us    |                  free_swap_cache(); /* ret=0xfffff2a100721ec0 */
 0)   0.220 us    |                  folios_put_refs(); /* ret=0x0 */
 0)   0.150 us    |                  free_swap_cache(); /* ret=0xfffff2a100721f00 */
 0)   0.150 us    |                  free_swap_cache(); /* ret=0xfffff2a100721f40 */
 0)   0.150 us    |                  free_swap_cache(); /* ret=0xfffff2a100721f80 */
 0)   0.160 us    |                  free_swap_cache(); /* ret=0xfffff2a100721fc0 */
 0)   0.150 us    |                  free_swap_cache(); /* ret=0xfffff2a100fb3800 */
 0)   0.151 us    |                  free_swap_cache(); /* ret=0xfffff2a100fb3840 */
 0)   0.149 us    |                  free_swap_cache(); /* ret=0xfffff2a100fb3880 */
 0)   0.150 us    |                  free_swap_cache(); /* ret=0xfffff2a100fb38c0 */
 0)   0.151 us    |                  free_swap_cache(); /* ret=0xfffff2a100fb3900 */
 0)   0.150 us    |                  free_swap_cache(); /* ret=0xfffff2a100fb3940 */
 0)   0.160 us    |                  free_swap_cache(); /* ret=0xfffff2a100fb3980 */
 0)   0.151 us    |                  free_swap_cache(); /* ret=0xfffff2a100fb39c0 */
 0)   0.150 us    |                  free_swap_cache(); /* ret=0xfffff2a100fb3a00 */
 0)   0.151 us    |                  free_swap_cache(); /* ret=0xfffff2a100fb3a40 */
 0)   0.160 us    |                  free_swap_cache(); /* ret=0xfffff2a100fb3a80 */
 0)   0.150 us    |                  free_swap_cache(); /* ret=0xfffff2a100fb3ac0 */
 0)   0.151 us    |                  free_swap_cache(); /* ret=0xfffff2a100fb3b00 */
 0)   0.161 us    |                  free_swap_cache(); /* ret=0xfffff2a100fb3b40 */
 0)   0.150 us    |                  free_swap_cache(); /* ret=0xfffff2a100fb3b80 */
 0)   0.151 us    |                  free_swap_cache(); /* ret=0xfffff2a100fb3bc0 */
 0)   0.150 us    |                  free_swap_cache(); /* ret=0xfffff2a100fb3c00 */
 0)   0.161 us    |                  free_swap_cache(); /* ret=0xfffff2a100fb3c40 */
 0)   0.151 us    |                  free_swap_cache(); /* ret=0xfffff2a100fb3c80 */
 0)   0.150 us    |                  free_swap_cache(); /* ret=0xfffff2a100fb3cc0 */
 0)   0.151 us    |                  free_swap_cache(); /* ret=0xfffff2a100fb3d00 */
 0)   0.161 us    |                  free_swap_cache(); /* ret=0xfffff2a100fb3d40 */
 0)   0.150 us    |                  free_swap_cache(); /* ret=0xfffff2a100fb3d80 */
 0)   0.151 us    |                  free_swap_cache(); /* ret=0xfffff2a100fb3dc0 */
 0)   0.161 us    |                  free_swap_cache(); /* ret=0xfffff2a100fb3e00 */
 0)   0.150 us    |                  free_swap_cache(); /* ret=0xfffff2a100fb3e40 */
 0)   0.151 us    |                  free_swap_cache(); /* ret=0xfffff2a100fb3e80 */
 0)   0.201 us    |                  folios_put_refs(); /* ret=0x0 */
 0)   0.150 us    |                  free_swap_cache(); /* ret=0xfffff2a100fb3ec0 */
 0)   0.160 us    |                  free_swap_cache(); /* ret=0xfffff2a100fb3f00 */
 0)   0.150 us    |                  free_swap_cache(); /* ret=0xfffff2a100fb3f40 */
 0)   0.150 us    |                  free_swap_cache(); /* ret=0xfffff2a100fb3f80 */
 0)   0.149 us    |                  free_swap_cache(); /* ret=0xfffff2a100fb3fc0 */
 0)   0.151 us    |                  free_swap_cache(); /* ret=0xfffff2a100fb5000 */
 0)   0.150 us    |                  free_swap_cache(); /* ret=0xfffff2a100fb5040 */
 0)   0.160 us    |                  free_swap_cache(); /* ret=0xfffff2a100fb5080 */
 0)   0.150 us    |                  free_swap_cache(); /* ret=0xfffff2a100fb50c0 */
 0)   0.150 us    |                  free_swap_cache(); /* ret=0xfffff2a100fb5100 */
 0)   0.151 us    |                  free_swap_cache(); /* ret=0xfffff2a100fb5140 */
 0)   0.160 us    |                  free_swap_cache(); /* ret=0xfffff2a100fb5180 */
 0)   0.149 us    |                  free_swap_cache(); /* ret=0xfffff2a100fb51c0 */
 0)   0.151 us    |                  free_swap_cache(); /* ret=0xfffff2a100fb5200 */
 0)   0.150 us    |                  free_swap_cache(); /* ret=0xfffff2a100fb5240 */
 0)   0.160 us    |                  free_swap_cache(); /* ret=0xfffff2a100fb5280 */
 0)   0.150 us    |                  free_swap_cache(); /* ret=0xfffff2a100fb52c0 */
 0)   0.150 us    |                  free_swap_cache(); /* ret=0xfffff2a100fb5300 */
 0)   0.151 us    |                  free_swap_cache(); /* ret=0xfffff2a100fb5340 */
 0)   0.150 us    |                  free_swap_cache(); /* ret=0xfffff2a100fb5380 */
 0)   0.160 us    |                  free_swap_cache(); /* ret=0xfffff2a100fb53c0 */
 0)   0.151 us    |                  free_swap_cache(); /* ret=0xfffff2a100fb5400 */
 0)   0.150 us    |                  free_swap_cache(); /* ret=0xfffff2a100fb5440 */
 0)   0.151 us    |                  free_swap_cache(); /* ret=0xfffff2a100fb5480 */
 0)   0.160 us    |                  free_swap_cache(); /* ret=0xfffff2a100fb54c0 */
 0)   0.150 us    |                  free_swap_cache(); /* ret=0xfffff2a100fb5500 */
 0)   0.151 us    |                  free_swap_cache(); /* ret=0xfffff2a100fb5540 */
 0)   0.160 us    |                  free_swap_cache(); /* ret=0xfffff2a100fb5580 */
 0)   0.149 us    |                  free_swap_cache(); /* ret=0xfffff2a100fb55c0 */
 0)   0.151 us    |                  free_swap_cache(); /* ret=0xfffff2a100fb5600 */
 0)   0.150 us    |                  free_swap_cache(); /* ret=0xfffff2a100fb5640 */
 0)   0.200 us    |                  folios_put_refs(); /* ret=0x0 */
 0)   0.150 us    |                  free_swap_cache(); /* ret=0xfffff2a100fb5680 */
 0)   0.151 us    |                  free_swap_cache(); /* ret=0xfffff2a100fb56c0 */
 0)   0.161 us    |                  free_swap_cache(); /* ret=0xfffff2a100fb5700 */
 0)   0.160 us    |                  free_swap_cache(); /* ret=0xfffff2a100fb5740 */
 0)   0.150 us    |                  free_swap_cache(); /* ret=0xfffff2a100fb5780 */
 0)   0.151 us    |                  free_swap_cache(); /* ret=0xfffff2a100fb57c0 */
 0)   0.150 us    |                  free_swap_cache(); /* ret=0xfffff2a100fb5800 */
 0)   0.160 us    |                  free_swap_cache(); /* ret=0xfffff2a100fb5840 */
 0)   0.151 us    |                  free_swap_cache(); /* ret=0xfffff2a100fb5880 */
 0)   0.160 us    |                  free_swap_cache(); /* ret=0xfffff2a100fb58c0 */
 0)   0.149 us    |                  free_swap_cache(); /* ret=0xfffff2a100fb5900 */
 0)   0.160 us    |                  free_swap_cache(); /* ret=0xfffff2a100fb5940 */
 0)   0.151 us    |                  free_swap_cache(); /* ret=0xfffff2a100fb5980 */
 0)   0.150 us    |                  free_swap_cache(); /* ret=0xfffff2a100fb59c0 */
 0)   0.150 us    |                  free_swap_cache(); /* ret=0xfffff2a100fb5a00 */
 0)   0.149 us    |                  free_swap_cache(); /* ret=0xfffff2a100fb5a40 */
 0)   0.160 us    |                  free_swap_cache(); /* ret=0xfffff2a100fb5a80 */
 0)   0.151 us    |                  free_swap_cache(); /* ret=0xfffff2a100fb5ac0 */
 0)   0.149 us    |                  free_swap_cache(); /* ret=0xfffff2a100fb5b00 */
 0)   0.150 us    |                  free_swap_cache(); /* ret=0xfffff2a100fb5b40 */
 0)   0.160 us    |                  free_swap_cache(); /* ret=0xfffff2a100fb5b80 */
 0)   0.150 us    |                  free_swap_cache(); /* ret=0xfffff2a100fb5bc0 */
 0)   0.150 us    |                  free_swap_cache(); /* ret=0xfffff2a100fb5c00 */
 0)   0.151 us    |                  free_swap_cache(); /* ret=0xfffff2a100fb5c40 */
 0)   0.149 us    |                  free_swap_cache(); /* ret=0xfffff2a100fb5c80 */
 0)   0.160 us    |                  free_swap_cache(); /* ret=0xfffff2a100fb5cc0 */
 0)   0.151 us    |                  free_swap_cache(); /* ret=0xfffff2a100fb5d00 */
 0)   0.150 us    |                  free_swap_cache(); /* ret=0xfffff2a100fb5d40 */
 0)   0.150 us    |                  free_swap_cache(); /* ret=0xfffff2a100fb5d80 */
 0)   0.160 us    |                  free_swap_cache(); /* ret=0xfffff2a100fb5dc0 */
 0)   0.150 us    |                  free_swap_cache(); /* ret=0xfffff2a100fb5e00 */
 0)   0.201 us    |                  folios_put_refs(); /* ret=0x0 */
 0)   0.151 us    |                  free_swap_cache(); /* ret=0xfffff2a100fb5e40 */
 0)   0.150 us    |                  free_swap_cache(); /* ret=0xfffff2a100fb5e80 */
 0)   0.151 us    |                  free_swap_cache(); /* ret=0xfffff2a100fb5ec0 */
 0)   0.161 us    |                  free_swap_cache(); /* ret=0xfffff2a100fb5f00 */
 0)   0.150 us    |                  free_swap_cache(); /* ret=0xfffff2a100fb5f40 */
 0)   0.151 us    |                  free_swap_cache(); /* ret=0xfffff2a100fb5f80 */
 0)   0.150 us    |                  free_swap_cache(); /* ret=0xfffff2a100fb5fc0 */
 0)   0.161 us    |                  free_swap_cache(); /* ret=0xfffff2a100fb7000 */
 0)   0.151 us    |                  free_swap_cache(); /* ret=0xfffff2a100fb7040 */
 0)   0.150 us    |                  free_swap_cache(); /* ret=0xfffff2a100fb7080 */
 0)   0.151 us    |                  free_swap_cache(); /* ret=0xfffff2a100fb70c0 */
 0)   0.161 us    |                  free_swap_cache(); /* ret=0xfffff2a100fb7100 */
 0)   0.150 us    |                  free_swap_cache(); /* ret=0xfffff2a100fb7140 */
 0)   0.151 us    |                  free_swap_cache(); /* ret=0xfffff2a100fb7180 */
 0)   0.161 us    |                  free_swap_cache(); /* ret=0xfffff2a100fb71c0 */
 0)   0.150 us    |                  free_swap_cache(); /* ret=0xfffff2a100fb7200 */
 0)   0.151 us    |                  free_swap_cache(); /* ret=0xfffff2a100fb7240 */
 0)   0.161 us    |                  free_swap_cache(); /* ret=0xfffff2a100fb7280 */
 0)   0.150 us    |                  free_swap_cache(); /* ret=0xfffff2a100fb72c0 */
 0)   0.151 us    |                  free_swap_cache(); /* ret=0xfffff2a100fb7300 */
 0)   0.150 us    |                  free_swap_cache(); /* ret=0xfffff2a100fb7340 */
 0)   0.161 us    |                  free_swap_cache(); /* ret=0xfffff2a100fb7380 */
 0)   0.151 us    |                  free_swap_cache(); /* ret=0xfffff2a100fb73c0 */
 0)   0.150 us    |                  free_swap_cache(); /* ret=0xfffff2a10013c3c0 */
 0)   0.151 us    |                  free_swap_cache(); /* ret=0xfffff2a100726700 */
 0)   0.161 us    |                  free_swap_cache(); /* ret=0xfffff2a100718480 */
 0)   0.150 us    |                  free_swap_cache(); /* ret=0xfffff2a100fb7c00 */
 0)   0.151 us    |                  free_swap_cache(); /* ret=0xfffff2a1007184c0 */
 0)   0.150 us    |                  free_swap_cache(); /* ret=0xfffff2a100634440 */
 0)   0.151 us    |                  free_swap_cache(); /* ret=0xfffff2a100634a40 */
 0)   0.161 us    |                  free_swap_cache(); /* ret=0xfffff2a100630a80 */
 0)   0.200 us    |                  folios_put_refs(); /* ret=0x0 */
 0)   0.160 us    |                  free_swap_cache(); /* ret=0xfffff2a100634540 */
 0)   0.160 us    |                  folios_put_refs(); /* ret=0x0 */
 0) + 54.782 us   |                } /* free_pages_and_swap_cache ret=0x0 */
 0) + 55.124 us   |              } /* __tlb_batch_free_encoded_pages ret=0x0 */
 0)               |              free_pages() {
 0)               |                ___free_pages() {
 0)               |                  __free_frozen_pages() {
 0)   0.169 us    |                    __get_pfnblock_flags_mask.isra.0(); /* ret=0x0 */
 0)   0.151 us    |                    _raw_spin_trylock(); /* ret=0x1 */
 0)   0.161 us    |                    free_frozen_page_commit(); /* ret=0x1 */
 0)   0.160 us    |                    _raw_spin_unlock(); /* ret=0x1 */
 0)   1.543 us    |                  } /* __free_frozen_pages ret=0x1 */
 0)   1.995 us    |                } /* ___free_pages ret=0x1 */
 0)   2.313 us    |              } /* free_pages ret=0x1 */
 0) + 65.523 us   |            } /* tlb_finish_mmu ret=0xffff8f3083479500 */
 0)               |            tear_down_vmas() {
 0)               |              remove_vma() {
 0)   0.171 us    |                special_mapping_close(); /* ret=0x0 */
 0)               |                vm_area_free() {
 0)   0.161 us    |                  kfree(); /* ret=0x0 */
 0)   0.180 us    |                  kmem_cache_free(); /* ret=0x0 */
 0)   0.852 us    |                } /* vm_area_free ret=0x0 */
 0)   1.594 us    |              } /* remove_vma ret=0x0 */
 0)               |              remove_vma() {
 0)   0.200 us    |                special_mapping_close(); /* ret=0x0 */
 0)               |                vm_area_free() {
 0)   0.161 us    |                  kfree(); /* ret=0x0 */
 0)   0.161 us    |                  kmem_cache_free(); /* ret=0x0 */
 0)   0.812 us    |                } /* vm_area_free ret=0x0 */
 0)   1.534 us    |              } /* remove_vma ret=0x0 */
 0)               |              remove_vma() {
 0)   0.160 us    |                special_mapping_close(); /* ret=0x0 */
 0)               |                vm_area_free() {
 0)   0.151 us    |                  kfree(); /* ret=0x0 */
 0)   0.160 us    |                  kmem_cache_free(); /* ret=0x0 */
 0)   0.821 us    |                } /* vm_area_free ret=0x0 */
 0)   1.483 us    |              } /* remove_vma ret=0x0 */
 0)               |              remove_vma() {
 0)   0.161 us    |                fput(); /* ret=0x0 */
 0)               |                vm_area_free() {
 0)   0.151 us    |                  kfree(); /* ret=0x0 */
 0)   0.161 us    |                  kmem_cache_free(); /* ret=0x0 */
 0)   0.821 us    |                } /* vm_area_free ret=0x0 */
 0)   1.503 us    |              } /* remove_vma ret=0x0 */
 0)               |              remove_vma() {
 0)   0.151 us    |                fput(); /* ret=0x0 */
 0)               |                vm_area_free() {
 0)   0.151 us    |                  kfree(); /* ret=0x0 */
 0)   0.161 us    |                  kmem_cache_free(); /* ret=0x0 */
 0)   0.811 us    |                } /* vm_area_free ret=0x0 */
 0)   1.473 us    |              } /* remove_vma ret=0x0 */
 0)               |              remove_vma() {
 0)   0.150 us    |                fput(); /* ret=0x0 */
 0)               |                vm_area_free() {
 0)   0.160 us    |                  kfree(); /* ret=0x0 */
 0)   0.160 us    |                  kmem_cache_free(); /* ret=0x0 */
 0)   0.812 us    |                } /* vm_area_free ret=0x0 */
 0)   1.463 us    |              } /* remove_vma ret=0x0 */
 0)               |              remove_vma() {
 0)   0.160 us    |                fput(); /* ret=0x0 */
 0)               |                vm_area_free() {
 0)   0.150 us    |                  kfree(); /* ret=0x0 */
 0)   0.150 us    |                  kmem_cache_free(); /* ret=0x0 */
 0)   0.811 us    |                } /* vm_area_free ret=0x0 */
 0)   1.474 us    |              } /* remove_vma ret=0x0 */
 0)               |              remove_vma() {
 0)               |                vm_area_free() {
 0)   0.151 us    |                  kfree(); /* ret=0x0 */
 0)   0.150 us    |                  kmem_cache_free(); /* ret=0x0 */
 0)   0.802 us    |                } /* vm_area_free ret=0x0 */
 0)   1.142 us    |              } /* remove_vma ret=0x0 */
 0)               |              remove_vma() {
 0)               |                vm_area_free() {
 0)   0.150 us    |                  kfree(); /* ret=0x0 */
 0)   0.221 us    |                  kmem_cache_free(); /* ret=0x0 */
 0)   0.882 us    |                } /* vm_area_free ret=0x0 */
 0)   1.213 us    |              } /* remove_vma ret=0x0 */
 0) + 14.888 us   |            } /* tear_down_vmas ret=0x27 */
 0)   0.201 us    |            kfree(); /* ret=0x0 */
 0)   0.160 us    |            up_write(); /* ret=0x1 */
 0) ! 482.355 us  |          } /* exit_mmap ret=0x0 */
 0)   0.160 us    |          mm_put_huge_zero_folio(); /* ret=0x0 */
 0)               |          fput() {
 0)   0.150 us    |            __file_ref_put(); /* ret=0xffffffffffffff01 */
 0)               |            __fput_deferred() {
 0)               |              task_work_add() {
 0)   0.161 us    |                kick_process(); /* ret=0x0 */
 0)   0.501 us    |              } /* task_work_add ret=0x0 */
 0)   0.851 us    |            } /* __fput_deferred ret=0x0 */
 0)   1.694 us    |          } /* fput ret=0x0 */
 0)   0.150 us    |          module_put(); /* ret=0xffffffffaf9a4880 */
 0)               |          lru_gen_del_mm() {
 0)   0.161 us    |            _raw_spin_lock(); /* ret=0x0 */
 0)   0.160 us    |            _raw_spin_unlock(); /* ret=0x1 */
 0)   0.891 us    |          } /* lru_gen_del_mm ret=0x1 */
 0)               |          futex_hash_free() {
 0)   0.161 us    |            free_percpu(); /* ret=0x1 */
 0)               |            kvfree() {
 0)   0.150 us    |              is_vmalloc_addr(); /* ret=0x0 */
 0)   0.160 us    |              kfree(); /* ret=0x0 */
 0)   0.832 us    |            } /* kvfree ret=0x0 */
 0)   1.553 us    |          } /* futex_hash_free ret=0x0 */
 0) ! 490.279 us  |        } /* mmput ret=0x0 */
 0)               |        acct_process() {
 0)   0.160 us    |          task_active_pid_ns(); /* ret=0xffffffffaf850f80 */
 0)   0.550 us    |        } /* acct_process ret=0xffffffffaf850f80 */
 0)   0.171 us    |        exit_sem(); /* ret=0x0 */
 0)               |        exit_shm() {
 0)   0.160 us    |          _raw_spin_lock(); /* ret=0x0 */
 0)   0.160 us    |          _raw_spin_unlock(); /* ret=0x1 */
 0)   0.831 us    |        } /* exit_shm ret=0x1 */
 0)               |        exit_files() {
 0)   0.150 us    |          _raw_spin_lock(); /* ret=0x0 */
 0)   0.161 us    |          _raw_spin_unlock(); /* ret=0x1 */
 0)               |          put_files_struct.part.0() {
 0)               |            filp_close() {
 0)               |              filp_flush() {
 0)   0.230 us    |                dnotify_flush(); /* ret=0x2000 */
 0)   0.180 us    |                locks_remove_posix(); /* ret=0x0 */
 0)   1.213 us    |              } /* filp_flush ret=0x0 */
 0)   0.171 us    |              fput_close(); /* ret=0x2 */
 0)   1.924 us    |            } /* filp_close ret=0x0 */
 0)               |            filp_close() {
 0)               |              filp_flush() {
 0)   0.149 us    |                dnotify_flush(); /* ret=0x2000 */
 0)   0.160 us    |                locks_remove_posix(); /* ret=0x0 */
 0)   0.841 us    |              } /* filp_flush ret=0x0 */
 0)   0.150 us    |              fput_close(); /* ret=0x1 */
 0)   1.514 us    |            } /* filp_close ret=0x0 */
 0)               |            filp_close() {
 0)               |              filp_flush() {
 0)   0.170 us    |                dnotify_flush(); /* ret=0x1000 */
 0)   0.151 us    |                locks_remove_posix(); /* ret=0x0 */
 0)   0.882 us    |              } /* filp_flush ret=0x0 */
 0)   0.161 us    |              fput_close(); /* ret=0x2 */
 0)   1.563 us    |            } /* filp_close ret=0x0 */
 0)   0.341 us    |            kmem_cache_free(); /* ret=0x0 */
 0)   6.241 us    |          } /* put_files_struct.part.0 ret=0x0 */
 0)   7.264 us    |        } /* exit_files ret=0x0 */
 0)               |        exit_fs() {
 0)   0.150 us    |          _raw_spin_lock(); /* ret=0x0 */
 0)   0.150 us    |          _raw_spin_lock(); /* ret=0x0 */
 0)   0.160 us    |          _raw_spin_unlock(); /* ret=0x1 */
 0)   0.161 us    |          _raw_spin_unlock(); /* ret=0x1 */
 0)               |          path_put() {
 0)               |            dput() {
 0)               |              dput.part.0() {
 0)   0.150 us    |                __rcu_read_lock(); /* ret=0xffff8f308369c400 */
 0)   0.160 us    |                __rcu_read_unlock(); /* ret=0x0 */
 0)   0.842 us    |              } /* dput.part.0 ret=0x0 */
 0)   1.182 us    |            } /* dput ret=0x0 */
 0)               |            mntput() {
 0)   0.150 us    |              __rcu_read_lock(); /* ret=0xffff8f308369c400 */
 0)   0.161 us    |              __rcu_read_unlock(); /* ret=0x0 */
 0)   0.821 us    |            } /* mntput ret=0x0 */
 0)   2.655 us    |          } /* path_put ret=0x0 */
 0)               |          path_put() {
 0)               |            dput() {
 0)               |              dput.part.0() {
 0)   0.150 us    |                __rcu_read_lock(); /* ret=0xffff8f308369c400 */
 0)   0.160 us    |                __rcu_read_unlock(); /* ret=0x0 */
 0)   0.842 us    |              } /* dput.part.0 ret=0x0 */
 0)   1.162 us    |            } /* dput ret=0x0 */
 0)               |            mntput() {
 0)   0.149 us    |              __rcu_read_lock(); /* ret=0xffff8f308369c400 */
 0)   0.150 us    |              __rcu_read_unlock(); /* ret=0x0 */
 0)   0.832 us    |            } /* mntput ret=0x0 */
 0)   2.505 us    |          } /* path_put ret=0x0 */
 0)   0.161 us    |          kmem_cache_free(); /* ret=0x0 */
 0)   7.383 us    |        } /* exit_fs ret=0x0 */
 0)   0.149 us    |        disassociate_ctty(); /* ret=0x0 */
 0)               |        exit_nsproxy_namespaces() {
 0)               |          switch_task_namespaces() {
 0)   0.160 us    |            _raw_spin_lock(); /* ret=0x0 */
 0)   0.160 us    |            _raw_spin_unlock(); /* ret=0x1 */
 0)   0.842 us    |          } /* switch_task_namespaces ret=0x54 */
 0)   1.182 us    |        } /* exit_nsproxy_namespaces ret=0x54 */
 0)               |        task_work_run() {
 0)   0.160 us    |          _raw_spin_lock_irq(); /* ret=0x0 */
 0)   0.160 us    |          _raw_spin_unlock_irq(); /* ret=0x1 */
 0)               |          ____fput() {
 0)               |            __fput() {
 0)   0.160 us    |              locks_remove_file(); /* ret=0x0 */
 0)               |              security_file_release() {
 0)   0.150 us    |                bpf_lsm_file_release(); /* ret=0x0 */
 0)   0.501 us    |              } /* security_file_release ret=0x0 */
 0)   0.150 us    |              module_put(); /* ret=0xffffffffae691f80 */
 0)   0.160 us    |              file_f_owner_release(); /* ret=0x0 */
 0)               |              dput() {
 0)               |                dput.part.0() {
 0)   0.160 us    |                  __rcu_read_lock(); /* ret=0xffff8f308369c400 */
 0)   0.151 us    |                  __rcu_read_unlock(); /* ret=0x0 */
 0)   0.832 us    |                } /* dput.part.0 ret=0x0 */
 0)   1.152 us    |              } /* dput ret=0x0 */
 0)               |              mntput() {
 0)   0.160 us    |                __rcu_read_lock(); /* ret=0xffff8f308369c400 */
 0)   0.150 us    |                __rcu_read_unlock(); /* ret=0x0 */
 0)   0.812 us    |              } /* mntput ret=0x0 */
 0)               |              security_file_free() {
 0)               |                hook_file_free_security() {
 0)   0.151 us    |                  put_pid(); /* ret=0x0 */
 0)   0.160 us    |                  landlock_put_ruleset_deferred(); /* ret=0x0 */
 0)   0.871 us    |                } /* hook_file_free_security ret=0x0 */
 0)   0.160 us    |                bpf_lsm_file_free_security(); /* ret=0x0 */
 0)   0.170 us    |                kmem_cache_free(); /* ret=0x0 */
 0)   1.923 us    |              } /* security_file_free ret=0x0 */
 0)               |              __put_cred() {
 0)               |                call_rcu() {
 0)               |                  __call_rcu_common() {
 0)   0.151 us    |                    rcu_async_should_hurry(); /* ret=0x0 */
 0)   0.151 us    |                    rcu_segcblist_enqueue(); /* ret=0xffff8f30838eb000 */
 0)   0.832 us    |                  } /* __call_rcu_common ret=0x0 */
 0)   1.162 us    |                } /* call_rcu ret=0x0 */
 0)   1.503 us    |              } /* __put_cred ret=0x0 */
 0)   0.170 us    |              kmem_cache_free(); /* ret=0x0 */
 0)   8.476 us    |            } /* __fput ret=0x0 */
 0)   8.806 us    |          } /* ____fput ret=0x0 */
 0)   9.839 us    |        } /* task_work_run ret=0x0 */
 0)               |        exit_thread() {
 0)   0.160 us    |          shstk_free(); /* ret=0xffff8f308369c400 */
 0)   0.171 us    |          fpu__drop(); /* ret=0xffff8f308369dbc0 */
 0)   0.931 us    |        } /* exit_thread ret=0xffff8f308369dbc0 */
 0)               |        sched_autogroup_exit_task() {
 0)               |          sched_move_task() {
 0)               |            _task_rq_lock() {
 0)   0.160 us    |              _raw_spin_lock_irqsave(); /* ret=0x296 */
 0)               |              raw_spin_rq_lock_nested() {
 0)   0.150 us    |                _raw_spin_lock(); /* ret=0x0 */
 0)   0.570 us    |              } /* raw_spin_rq_lock_nested ret=0x0 */
 0)   1.242 us    |            } /* _task_rq_lock ret=0xffff8f30bec32f40 */
 0)               |            sched_change_begin() {
 0)               |              update_rq_clock() {
 0)   0.170 us    |                kvm_steal_clock(); /* ret=0x422060 */
 0)               |                update_irq_load_avg() {
 0)   0.150 us    |                  arch_scale_cpu_capacity(); /* ret=0x400 */
 0)   0.512 us    |                } /* update_irq_load_avg ret=0x0 */
 0)   0.150 us    |                arch_scale_cpu_capacity(); /* ret=0x400 */
 0)   1.563 us    |              } /* update_rq_clock ret=0xffffffffb04cc240 */
 0)               |              dequeue_task_fair() {
 0)               |                dequeue_entities() {
 0)               |                  update_curr() {
 0)               |                    update_se() {
 0)   0.171 us    |                      cpuacct_charge(); /* ret=0xffff8f30bec1d280 */
 0)   0.501 us    |                    } /* update_se ret=0x6728e */
 0)   0.160 us    |                    avg_vruntime(); /* ret=0x2197bc64 */
 0)               |                    dl_server_update() {
 0)   0.160 us    |                      update_curr_dl_se(); /* ret=0xffff8f30bec33bc8 */
 0)   0.501 us    |                    } /* dl_server_update ret=0xffff8f30bec33bc8 */
 0)   1.903 us    |                  } /* update_curr ret=0x1 */
 0)   0.171 us    |                  __update_load_avg_se(); /* ret=0x1 */
 0)   0.169 us    |                  __update_load_avg_cfs_rq(); /* ret=0x1 */
 0)   0.151 us    |                  avg_vruntime(); /* ret=0x2197bc64 */
 0)   0.160 us    |                  entity_lag.isra.0(); /* ret=0x0 */
 0)   0.150 us    |                  update_cfs_group(); /* ret=0x0 */
 0)   4.217 us    |                } /* dequeue_entities ret=0x1 */
 0)   4.568 us    |              } /* dequeue_task_fair ret=0x1 */
 0)               |              put_prev_task_fair() {
 0)   0.160 us    |                put_prev_entity(); /* ret=0xffffffffad3d8150 */
 0)   0.521 us    |              } /* put_prev_task_fair ret=0xffffffffad3d8150 */
 0)   7.524 us    |            } /* sched_change_begin ret=0xffff8f30bec1cf00 */
 0)   0.161 us    |            task_wants_autogroup(); /* ret=0x0 */
 0)               |            task_change_group_fair() {
 0)   0.160 us    |              __update_load_avg_se(); /* ret=0x0 */
 0)   0.169 us    |              __update_load_avg_cfs_rq(); /* ret=0x0 */
 0)   0.171 us    |              detach_entity_load_avg(); /* ret=0xffff8f30bec33040 */
 0)   0.200 us    |              propagate_entity_cfs_rq(); /* ret=0xffff8f30bec32f40 */
 0)               |              attach_entity_cfs_rq() {
 0)   0.160 us    |                __update_load_avg_cfs_rq(); /* ret=0x0 */
 0)   0.191 us    |                attach_entity_load_avg(); /* ret=0xffff8f30bec32f40 */
 0)   0.160 us    |                propagate_entity_cfs_rq(); /* ret=0xffff8f30bec32f40 */
 0)   1.222 us    |              } /* attach_entity_cfs_rq ret=0xffff8f30bec32f40 */
 0)   3.085 us    |            } /* task_change_group_fair ret=0xffff8f30bec32f40 */
 0)               |            sched_change_end() {
 0)               |              enqueue_task() {
 0)               |                enqueue_task_fair() {
 0)   0.161 us    |                  update_curr(); /* ret=0x0 */
 0)   0.151 us    |                  __update_load_avg_se(); /* ret=0x0 */
 0)   0.150 us    |                  __update_load_avg_cfs_rq(); /* ret=0x0 */
 0)   0.150 us    |                  update_cfs_group(); /* ret=0x0 */
 0)               |                  place_entity() {
 0)   0.171 us    |                    avg_vruntime(); /* ret=0x2197bc64 */
 0)   0.511 us    |                  } /* place_entity ret=0x0 */
 0)   0.191 us    |                  __enqueue_entity(); /* ret=0xffff8f308369c490 */
 0)   0.160 us    |                  dl_server_start(); /* ret=0x20 */
 0)   0.151 us    |                  hrtimer_active(); /* ret=0x0 */
 0)   0.161 us    |                  hrtick_start_fair(); /* ret=0xffff8f30bec32f40 */
 0)   3.747 us    |                } /* enqueue_task_fair ret=0xffff8f30bec32f40 */
 0)   4.108 us    |              } /* enqueue_task ret=0xffff8f30bec32f40 */
 0)               |              set_next_task_fair() {
 0)               |                set_next_entity() {
 0)   0.230 us    |                  __dequeue_entity(); /* ret=0x100000 */
 0)   0.151 us    |                  __update_load_avg_se(); /* ret=0x0 */
 0)   0.150 us    |                  __update_load_avg_cfs_rq(); /* ret=0x0 */
 0)   1.262 us    |                } /* set_next_entity ret=0x3b0579 */
 0)   1.613 us    |              } /* set_next_task_fair ret=0xffff8f30bec33df0 */
 0)   0.160 us    |              prio_changed_fair(); /* ret=0x78 */
 0)   6.792 us    |            } /* sched_change_end ret=0x78 */
 0)   0.181 us    |            __resched_curr(); /* ret=0x4 */
 0)   0.149 us    |            __balance_callbacks(); /* ret=0x4 */
 0)   0.161 us    |            _raw_spin_unlock(); /* ret=0x1 */
 0)               |            _raw_spin_unlock_irqrestore() {
 0)   0.180 us    |              rcu_note_context_switch(); /* ret=0x1 */
 0)   0.160 us    |              migrate_disable_switch.isra.0(); /* ret=0x0 */
 0)               |              raw_spin_rq_lock_nested() {
 0)   0.161 us    |                _raw_spin_lock(); /* ret=0x0 */
 0)   0.492 us    |              } /* raw_spin_rq_lock_nested ret=0x0 */
 0)               |              update_rq_clock() {
 0)   0.160 us    |                kvm_steal_clock(); /* ret=0x422060 */
 0)   0.150 us    |                arch_scale_cpu_capacity(); /* ret=0x400 */
 0)   0.871 us    |              } /* update_rq_clock ret=0xffffffffb04cc240 */
 0)               |              pick_next_task_fair() {
 0)               |                pick_task_fair() {
 0)               |                  update_curr() {
 0)               |                    update_se() {
 0)   0.151 us    |                      cpuacct_charge(); /* ret=0xffff8f30bec1d280 */
 0)   0.491 us    |                    } /* update_se ret=0x5258 */
 0)               |                    dl_server_update() {
 0)   0.161 us    |                      update_curr_dl_se(); /* ret=0xffff8f30bec33bc8 */
 0)   0.481 us    |                    } /* dl_server_update ret=0xffff8f30bec33bc8 */
 0)   1.503 us    |                  } /* update_curr ret=0x0 */
 0)   0.200 us    |                  pick_eevdf(); /* ret=0xffff8f308369c480 */
 0)   2.244 us    |                } /* pick_task_fair ret=0xffff8f308369c400 */
 0)   2.615 us    |              } /* pick_next_task_fair ret=0xffff8f308369c400 */
 0)   0.160 us    |              _raw_spin_unlock(); /* ret=0x1 */
 0)   6.031 us    |            } /* _raw_spin_unlock_irqrestore ret=0x1 */
 0) + 27.342 us   |          } /* sched_move_task ret=0x0 */
 0) + 27.761 us   |        } /* sched_autogroup_exit_task ret=0x0 */
 0)               |        cgroup_task_exit() {
 0)   0.160 us    |          blkcg_exit(); /* ret=0xffff8f308369c400 */
 0)   0.181 us    |          mem_cgroup_exit(); /* ret=0xffff8f308369c400 */
 0)   1.472 us    |        } /* cgroup_task_exit ret=0x5 */
 0)               |        flush_ptrace_hw_breakpoint() {
 0)   0.161 us    |          unregister_hw_breakpoint(); /* ret=0x5 */
 0)   0.150 us    |          unregister_hw_breakpoint(); /* ret=0x5 */
 0)   0.151 us    |          unregister_hw_breakpoint(); /* ret=0x5 */
 0)   0.149 us    |          unregister_hw_breakpoint(); /* ret=0x5 */
 0)   1.533 us    |        } /* flush_ptrace_hw_breakpoint ret=0x5 */
 0)               |        exit_tasks_rcu_start() {
 0)   0.241 us    |          _raw_spin_lock_irqsave(); /* ret=0x286 */
 0)   0.170 us    |          _raw_spin_unlock_irqrestore(); /* ret=0x1 */
 0)   1.093 us    |        } /* exit_tasks_rcu_start ret=0x1 */
 0)   0.230 us    |        _raw_write_lock_irq(); /* ret=0x0 */
 0)   0.150 us    |        task_active_pid_ns(); /* ret=0xffffffffaf850f80 */
 0)   0.221 us    |        kill_orphaned_pgrp(); /* ret=0xffff8f308213c800 */
 0)               |        do_notify_parent() {
 0)               |          __wake_up() {
 0)   0.149 us    |            _raw_spin_lock_irqsave(); /* ret=0x92 */
 0)   0.160 us    |            __wake_up_common(); /* ret=0x0 */
 0)   0.161 us    |            _raw_spin_unlock_irqrestore(); /* ret=0x1 */
 0)   1.203 us    |          } /* __wake_up ret=0x0 */
 0)   0.150 us    |          __rcu_read_lock(); /* ret=0xffff8f308369c400 */
 0)   0.191 us    |          task_active_pid_ns(); /* ret=0xffffffffaf850f80 */
 0)               |          __task_pid_nr_ns() {
 0)   0.160 us    |            __rcu_read_lock(); /* ret=0xffff8f308369c400 */
 0)   0.160 us    |            __rcu_read_unlock(); /* ret=0xffff8f3083233840 */
 0)   0.851 us    |          } /* __task_pid_nr_ns ret=0xe9 */
 0)   0.150 us    |          __rcu_read_lock(); /* ret=0xffff8f308369c400 */
 0)   0.161 us    |          __rcu_read_unlock(); /* ret=0xffff8f3083232840 */
 0)   0.151 us    |          __rcu_read_lock(); /* ret=0xffff8f308369c400 */
 0)   0.150 us    |          __rcu_read_unlock(); /* ret=0xffff8f30819da480 */
 0)               |          from_kuid_munged() {
 0)   0.170 us    |            map_id_range_up(); /* ret=0x0 */
 0)   0.681 us    |          } /* from_kuid_munged ret=0x0 */
 0)   0.161 us    |          __rcu_read_unlock(); /* ret=0x0 */
 0)   0.150 us    |          task_cputime(); /* ret=0x0 */
 0)   0.160 us    |          nsec_to_clock_t(); /* ret=0x0 */
 0)   0.161 us    |          nsec_to_clock_t(); /* ret=0x0 */
 0)   0.320 us    |          _raw_spin_lock_irqsave(); /* ret=0x96 */
 0)               |          __send_signal_locked() {
 0)   0.191 us    |            prepare_signal(); /* ret=0x1 */
 0)               |            sig_get_ucounts() {
 0)   0.150 us    |              __rcu_read_lock(); /* ret=0xffff8f308369c400 */
 0)   0.160 us    |              __rcu_read_lock(); /* ret=0xffff8f308369c400 */
 0)   0.161 us    |              __rcu_read_unlock(); /* ret=0xffff8f30819da480 */
 0)   0.281 us    |              inc_rlimit_get_ucounts(); /* ret=0x1 */
 0)   0.150 us    |              __rcu_read_unlock(); /* ret=0x0 */
 0)   1.983 us    |            } /* sig_get_ucounts ret=0xffffffffaf854080 */
 0)   0.530 us    |            kmem_cache_alloc_noprof(); /* ret=0xffff8f3082a3f0a0 */
 0)               |            complete_signal() {
 0)               |              wake_up_state() {
 0)               |                try_to_wake_up() {
 0)   0.160 us    |                  _raw_spin_lock_irqsave(); /* ret=0x82 */
 0)   0.411 us    |                  __traceiter_sched_waking(); /* ret=0x0 */
 0)               |                  select_task_rq_fair() {
 0)   0.180 us    |                    choose_idle_cpu(); /* ret=0x1 */
 0)   0.701 us    |                  } /* select_task_rq_fair ret=0x3 */
 0)               |                  ttwu_queue_wakelist() {
 0)   0.160 us    |                    scx_allow_ttwu_queue(); /* ret=0x1 */
 0)               |                    __smp_call_single_queue() {
 0)   0.270 us    |                      call_function_single_prep_ipi(); /* ret=0x1 */
 0)               |                      native_send_call_func_single_ipi() {
 0)   1.463 us    |                        x2apic_send_IPI(); /* ret=0xfb */
 0)   1.834 us    |                      } /* native_send_call_func_single_ipi ret=0xfb */
 0)   2.685 us    |                    } /* __smp_call_single_queue ret=0xfb */
 0)   3.498 us    |                  } /* ttwu_queue_wakelist ret=0x1 */
 0)   0.181 us    |                  _raw_spin_unlock_irqrestore(); /* ret=0x1 */
 0)   6.263 us    |                } /* try_to_wake_up ret=0x1 */
 0)   6.613 us    |              } /* wake_up_state ret=0x1 */
 0)   7.033 us    |            } /* complete_signal ret=0x1 */
 0) + 11.261 us   |          } /* __send_signal_locked ret=0x0 */
 0)               |          __wake_up_parent() {
 0)               |            __wake_up_sync_key() {
 0)   0.160 us    |              _raw_spin_lock_irqsave(); /* ret=0x86 */
 0)               |              __wake_up_common() {
 0)               |                child_wait_callback() {
 0)               |                  default_wake_function() {
 0)               |                    try_to_wake_up() {
 0)   0.151 us    |                      _raw_spin_lock_irqsave(); /* ret=0x92 */
 0)   0.160 us    |                      _raw_spin_unlock_irqrestore(); /* ret=0x1 */
 0)   0.832 us    |                    } /* try_to_wake_up ret=0x0 */
 0)   1.162 us    |                  } /* default_wake_function ret=0x0 */
 0)   1.512 us    |                } /* child_wait_callback ret=0x0 */
 0)   1.923 us    |              } /* __wake_up_common ret=0x1 */
 0)   0.171 us    |              _raw_spin_unlock_irqrestore(); /* ret=0x1 */
 0)   2.935 us    |            } /* __wake_up_sync_key ret=0x1 */
 0)   3.366 us    |          } /* __wake_up_parent ret=0x1 */
 0)   0.161 us    |          _raw_spin_unlock_irqrestore(); /* ret=0x1 */
 0) + 23.163 us   |        } /* do_notify_parent ret=0x0 */
 0)   0.160 us    |        _raw_write_unlock_irq(); /* ret=0xffff8f308213e780 */
 0)   0.201 us    |        proc_exit_connector(); /* ret=0x0 */
 0)               |        mpol_put_task_policy() {
 0)   0.160 us    |          _raw_spin_lock(); /* ret=0x0 */
 0)   0.160 us    |          _raw_spin_unlock(); /* ret=0x1 */
 0)   0.831 us    |        } /* mpol_put_task_policy ret=0x1 */
 0)               |        free_pipe_info() {
 0)   0.210 us    |          free_uid(); /* ret=0x0 */
 0)   0.360 us    |          kfree(); /* ret=0x0 */
 0)   0.410 us    |          kfree(); /* ret=0x0 */
 0)   1.874 us    |        } /* free_pipe_info ret=0x0 */
 0)               |        exit_task_stack_account() {
 0)               |          lruvec_stat_mod_folio() {
 0)   0.160 us    |            __rcu_read_lock(); /* ret=0xffff8f308369c400 */
 0)   0.160 us    |            __rcu_read_unlock(); /* ret=0x0 */
 0)   0.161 us    |            mod_node_page_state(); /* ret=0x0 */
 0)   1.302 us    |          } /* lruvec_stat_mod_folio ret=0x0 */
 0)               |          lruvec_stat_mod_folio() {
 0)   0.161 us    |            __rcu_read_lock(); /* ret=0xffff8f308369c400 */
 0)   0.170 us    |            __rcu_read_unlock(); /* ret=0x0 */
 0)   0.151 us    |            mod_node_page_state(); /* ret=0xfc */
 0)   1.162 us    |          } /* lruvec_stat_mod_folio ret=0xfc */
 0)               |          lruvec_stat_mod_folio() {
 0)   0.150 us    |            __rcu_read_lock(); /* ret=0xffff8f308369c400 */
 0)   0.149 us    |            __rcu_read_unlock(); /* ret=0x0 */
 0)   0.151 us    |            mod_node_page_state(); /* ret=0xf8 */
 0)   1.142 us    |          } /* lruvec_stat_mod_folio ret=0xf8 */
 0)               |          lruvec_stat_mod_folio() {
 0)   0.161 us    |            __rcu_read_lock(); /* ret=0xffff8f308369c400 */
 0)   0.160 us    |            __rcu_read_unlock(); /* ret=0x0 */
 0)   0.160 us    |            mod_node_page_state(); /* ret=0xf4 */
 0)   1.142 us    |          } /* lruvec_stat_mod_folio ret=0xf4 */
 0)   6.101 us    |        } /* exit_task_stack_account ret=0xffff8f30818fe5e0 */
 0)   0.160 us    |        exit_rcu(); /* ret=0xffff8f308369cdc8 */
 0)               |        exit_tasks_rcu_finish() {
 0)   0.160 us    |          _raw_spin_lock_irqsave(); /* ret=0x296 */
 0)   0.160 us    |          _raw_spin_unlock_irqrestore(); /* ret=0x1 */
 0)   0.822 us    |        } /* exit_tasks_rcu_finish ret=0x1 */
 0)               |        do_task_dead() {
 0)   0.161 us    |          _raw_spin_lock_irqsave(); /* ret=0x296 */
 0)   0.171 us    |          _raw_spin_unlock_irqrestore(); /* ret=0x1 */
 0)   0.171 us    |          rcu_note_context_switch(); /* ret=0x0 */
 0)   0.160 us    |          migrate_disable_switch.isra.0(); /* ret=0x0 */
 0)               |          raw_spin_rq_lock_nested() {
 0)   0.161 us    |            _raw_spin_lock(); /* ret=0x0 */
 0)   0.491 us    |          } /* raw_spin_rq_lock_nested ret=0x0 */
 0)               |          update_rq_clock() {
 0)   0.160 us    |            kvm_steal_clock(); /* ret=0x422060 */
 0)   0.150 us    |            arch_scale_cpu_capacity(); /* ret=0x400 */
 0)   0.862 us    |          } /* update_rq_clock ret=0xffffffffb04cc240 */
 0)               |          dequeue_task_fair() {
 0)               |            dequeue_entities() {
 0)               |              update_curr() {
 0)               |                update_se() {
 0)   0.150 us    |                  cpuacct_charge(); /* ret=0xffff8f30bec1d280 */
 0)   0.510 us    |                } /* update_se ret=0xbca3 */
 0)               |                dl_server_update() {
 0)   0.160 us    |                  update_curr_dl_se(); /* ret=0xffff8f30bec33bc8 */
 0)   0.491 us    |                } /* dl_server_update ret=0xffff8f30bec33bc8 */
 0)   1.532 us    |              } /* update_curr ret=0x0 */
 0)   0.190 us    |              __update_load_avg_se(); /* ret=0x0 */
 0)   0.181 us    |              __update_load_avg_cfs_rq(); /* ret=0x0 */
 0)   0.171 us    |              avg_vruntime(); /* ret=0x2198cb5f */
 0)   0.160 us    |              entity_lag.isra.0(); /* ret=0x0 */
 0)   0.149 us    |              update_cfs_group(); /* ret=0x0 */
 0)   3.717 us    |            } /* dequeue_entities ret=0x1 */
 0)   4.067 us    |          } /* dequeue_task_fair ret=0x1 */
 0)               |          pick_next_task_fair() {
 0)   0.160 us    |            pick_task_fair(); /* ret=0x0 */
 0)   0.160 us    |            __msecs_to_jiffies(); /* ret=0x8 */
 0)   0.933 us    |          } /* pick_next_task_fair ret=0x0 */
 0)   0.160 us    |          pick_task_idle(); /* ret=0xffffffffaf810a00 */
 0)               |          put_prev_task_fair() {
 0)   0.160 us    |            put_prev_entity(); /* ret=0xffffffffad3d8150 */
 0)   0.492 us    |          } /* put_prev_task_fair ret=0xffffffffad3d8150 */
 0)   0.180 us    |          set_next_task_idle(); /* ret=0x1a8e44056 */
 0)   0.271 us    |          psi_account_irqtime(); /* ret=0x0 */
 0)               |          psi_task_switch() {
 0)   0.160 us    |            psi_flags_change(); /* ret=0xffffffeb */
 0)               |            psi_group_change() {
 0)   0.291 us    |              record_times(); /* ret=0x180 */
 0)   0.702 us    |            } /* psi_group_change ret=0x180 */
 0)   1.763 us    |          } /* psi_task_switch ret=0xffff8f30bec1d180 */
 0)   0.721 us    |          __traceiter_sched_switch(); /* ret=0x0 */
