# tracer: function_graph
#
# function_graph latency trace v1.1.5 on 7.1.8-arch1-3
# --------------------------------------------------------------------
# latency: 0 us, #13474/13474, CPU#2 | (M:PREEMPT(full) VP:0, KP:0, SP:0 HP:0 #P:4)
#    -----------------
#    | task: -0 (uid:0 nice:0 policy:0 rt_prio:0)
#    -----------------
#
#      _-----=> irqs-off        
#     / _----=> need-resched    
#    | / _---=> hardirq/softirq 
#    || / _--=> preempt-depth   
#    ||| /                      
# CPU||||     DURATION                  FUNCTION CALLS
# |  ||||      |   |                     |   |   |   |
 0)  ...1. |   1.183 us    |  mutex_unlock();
 0)  ...1. |               |  __x64_sys_dup2() {
 0)  ...1. |               |    ksys_dup3() {
 0)  ...1. |   0.161 us    |      _raw_spin_lock();
 0)  ...2. |   0.150 us    |      expand_files();
 0)  ...2. |               |      do_dup2() {
 0)  ...2. |   0.161 us    |        _raw_spin_unlock();
 0)  ...1. |               |        filp_close() {
 0)  ...1. |               |          filp_flush() {
 0)  ...1. |   0.150 us    |            dnotify_flush();
 0)  ...1. |   0.161 us    |            locks_remove_posix();
 0)  ...1. |   0.852 us    |          }
 0)  ...1. |               |          fput_close() {
 0)  ...1. |               |            __fput_deferred() {
 0)  ...1. |               |              task_work_add() {
 0)  ...1. |   0.150 us    |                kick_process();
 0)  ...1. |   0.501 us    |              }
 0)  ...1. |   0.842 us    |            }
 0)  ...1. |   1.173 us    |          }
 0)  ...1. |   2.555 us    |        }
 0)  ...1. |   3.246 us    |      }
 0)  ...1. |   4.258 us    |    }
 0)  ...1. |   4.669 us    |  }
 0)  ...1. |               |  task_work_run() {
 0)  ...1. |   0.150 us    |    _raw_spin_lock_irq();
 0)  d..2. |   0.160 us    |    _raw_spin_unlock_irq();
 0)  ...1. |               |    ____fput() {
 0)  ...1. |               |      __fput() {
 0)  ...1. |   0.151 us    |        locks_remove_file();
 0)  ...1. |               |        security_file_release() {
 0)  ...1. |   0.150 us    |          bpf_lsm_file_release();
 0)  ...1. |   0.500 us    |        }
 0)  ...1. |   0.151 us    |        mutex_lock();
 0)  ...1. |   0.150 us    |        mutex_unlock();
 0)  ...1. |   0.151 us    |        module_put();
 0)  ...1. |   0.150 us    |        file_f_owner_release();
 0)  ...1. |   0.160 us    |        mnt_put_write_access();
 0)  ...1. |               |        dput() {
 0)  ...1. |               |          dput.part.0() {
 0)  ...1. |   0.150 us    |            __rcu_read_lock();
 0)  ...1. |   0.160 us    |            __rcu_read_unlock();
 0)  ...1. |   0.851 us    |          }
 0)  ...1. |   1.173 us    |        }
 0)  ...1. |               |        mntput() {
 0)  ...1. |   0.150 us    |          __rcu_read_lock();
 0)  ...1. |   0.150 us    |          __rcu_read_unlock();
 0)  ...1. |   0.801 us    |        }
 0)  ...1. |               |        security_file_free() {
 0)  ...1. |               |          hook_file_free_security() {
 0)  ...1. |   0.150 us    |            put_pid();
 0)  ...1. |   0.161 us    |            landlock_put_ruleset_deferred();
 0)  ...1. |   0.831 us    |          }
 0)  ...1. |   0.151 us    |          bpf_lsm_file_free_security();
 0)  ...1. |   0.160 us    |          kmem_cache_free();
 0)  ...1. |   1.863 us    |        }
 0)  ...1. |   0.160 us    |        kmem_cache_free();
 0)  ...1. |   7.694 us    |      }
 0)  ...1. |   8.035 us    |    }
 0)  ...1. |   9.027 us    |  }
 0)  ...1. |   0.161 us    |  blkcg_maybe_throttle_current();
 0)  ...1. |               |  __x64_sys_close() {
 0)  ...1. |               |    file_close_fd() {
 0)  ...1. |   0.151 us    |      _raw_spin_lock();
 0)  ...2. |   0.160 us    |      file_close_fd_locked();
 0)  ...2. |   0.150 us    |      _raw_spin_unlock();
 0)  ...1. |   1.152 us    |    }
 0)  ...1. |               |    filp_flush() {
 0)  ...1. |   0.150 us    |      dnotify_flush();
 0)  ...1. |   0.160 us    |      locks_remove_posix();
 0)  ...1. |   0.841 us    |    }
 0)  ...1. |   0.160 us    |    fput_close_sync();
 0)  ...1. |   3.237 us    |  }
 0)  ...1. |               |  __x64_sys_rt_sigaction() {
 0)  ...1. |               |    do_sigaction() {
 0)  ...1. |   0.161 us    |      _raw_spin_lock_irq();
 0)  d..2. |   0.160 us    |      sigaction_compat_abi();
 0)  d..2. |   0.171 us    |      _raw_spin_unlock_irq();
 0)  ...1. |   1.242 us    |    }
 0)  ...1. |   1.734 us    |  }
 0)  ...1. |               |  __x64_sys_execve() {
 0)  ...1. |               |    getname_flags() {
 0)  ...1. |               |      do_getname() {
 0)  ...1. |   0.200 us    |        kmem_cache_alloc_noprof();
 0)  ...1. |               |        __check_object_size() {
 0)  ...1. |   0.149 us    |          check_stack_object();
 0)  ...1. |   0.151 us    |          is_vmalloc_addr();
 0)  ...1. |   0.150 us    |          __virt_addr_valid();
 0)  ...1. |   0.160 us    |          __check_heap_object();
 0)  ...1. |   1.543 us    |        }
 0)  ...1. |   2.305 us    |      }
 0)  ...1. |   2.634 us    |    }
 0)  ...1. |               |    do_execveat_common.isra.0() {
 0)  ...1. |               |      alloc_bprm() {
 0)  ...1. |               |        do_open_execat() {
 0)  ...1. |               |          do_file_open() {
 0)  ...1. |               |            path_openat() {
 0)  ...1. |               |              alloc_empty_file() {
 0)  ...1. |   0.171 us    |                kmem_cache_alloc_noprof();
 0)  ...1. |               |                init_file() {
 0)  ...1. |               |                  security_file_alloc() {
 0)  ...1. |   0.180 us    |                    kmem_cache_alloc_noprof();
 0)  ...1. |   0.161 us    |                    hook_file_alloc_security();
 0)  ...1. |   0.151 us    |                    bpf_lsm_file_alloc_security();
 0)  ...1. |   1.203 us    |                  }
 0)  ...1. |   0.151 us    |                  mutex_init_generic();
 0)  ...1. |   1.904 us    |                }
 0)  ...1. |   2.614 us    |              }
 0)  ...1. |               |              path_init() {
 0)  ...1. |   0.149 us    |                __rcu_read_lock();
 0)  ...1. |               |                nd_jump_root() {
 0)  ...1. |   0.149 us    |                  set_root();
 0)  ...1. |   0.491 us    |                }
 0)  ...1. |   1.182 us    |              }
 0)  ...1. |               |              link_path_walk() {
 0)  ...1. |               |                security_inode_permission() {
 0)  ...1. |   0.150 us    |                  bpf_lsm_inode_permission();
 0)  ...1. |   0.491 us    |                }
 0)  ...1. |               |                lookup_fast() {
 0)  ...1. |   0.200 us    |                  __d_lookup_rcu();
 0)  ...1. |   0.551 us    |                }
 0)  ...1. |               |                security_inode_permission() {
 0)  ...1. |   0.150 us    |                  bpf_lsm_inode_permission();
 0)  ...1. |   0.481 us    |                }
 0)  ...1. |   0.150 us    |                make_vfsuid();
 0)  ...1. |   2.625 us    |              }
 0)  ...1. |               |              lookup_fast() {
 0)  ...1. |   0.421 us    |                __d_lookup_rcu();
 0)  ...1. |   0.741 us    |              }
 0)  ...1. |               |              step_into_slowpath() {
 0)  ...1. |               |                pick_link() {
 0)  ...1. |               |                  atime_needs_update() {
 0)  ...1. |   0.150 us    |                    make_vfsuid();
 0)  ...1. |   0.161 us    |                    make_vfsgid();
 0)  ...1. |               |                    current_time() {
 0)  ...1. |   0.161 us    |                      ktime_get_coarse_real_ts64_mg();
 0)  ...1. |   0.501 us    |                    }
 0)  ...1. |   1.663 us    |                  }
 0)  ...1. |               |                  try_to_unlazy() {
 0)  ...1. |               |                    legitimize_links() {
 0)  ...1. |               |                      __legitimize_path() {
 0)  ...1. |   0.160 us    |                        __legitimize_mnt();
 0)  ...1. |   0.592 us    |                      }
 0)  ...1. |   0.952 us    |                    }
 0)  ...1. |               |                    __legitimize_path() {
 0)  ...1. |   0.150 us    |                      __legitimize_mnt();
 0)  ...1. |   0.491 us    |                    }
 0)  ...1. |               |                    __legitimize_path() {
 0)  ...1. |   0.150 us    |                      __legitimize_mnt();
 0)  ...1. |   0.490 us    |                    }
 0)  ...1. |   0.160 us    |                    __rcu_read_unlock();
 0)  ...1. |   3.226 us    |                  }
 0)  ...1. |               |                  touch_atime() {
 0)  ...1. |               |                    atime_needs_update() {
 0)  ...1. |   0.150 us    |                      make_vfsuid();
 0)  ...1. |   0.151 us    |                      make_vfsgid();
 0)  ...1. |               |                      current_time() {
 0)  ...1. |   0.160 us    |                        ktime_get_coarse_real_ts64_mg();
 0)  ...1. |   0.491 us    |                      }
 0)  ...1. |   1.474 us    |                    }
 0)  ...1. |   0.160 us    |                    mnt_get_write_access();
 0)  ...1. |               |                    current_time() {
 0)  ...1. |   0.150 us    |                      ktime_get_coarse_real_ts64_mg();
 0)  ...1. |   0.481 us    |                    }
 0)  ...1. |   0.190 us    |                    __mark_inode_dirty();
 0)  ...1. |   0.149 us    |                    mnt_put_write_access();
 0)  ...1. |   3.567 us    |                  }
 0)  ...1. |               |                  security_inode_follow_link() {
 0)  ...1. |   0.150 us    |                    bpf_lsm_inode_follow_link();
 0)  ...1. |   0.501 us    |                  }
 0)  ...1. |               |                  nd_jump_root() {
 0)  ...1. |               |                    dput() {
 0)  ...1. |               |                      dput.part.0() {
 0)  ...1. |   0.151 us    |                        __rcu_read_lock();
 0)  ...1. |   0.160 us    |                        __rcu_read_unlock();
 0)  ...1. |   0.822 us    |                      }
 0)  ...1. |   1.143 us    |                    }
 0)  ...1. |               |                    mntput() {
 0)  ...1. |   0.151 us    |                      __rcu_read_lock();
 0)  ...1. |   0.150 us    |                      __rcu_read_unlock();
 0)  ...1. |   0.802 us    |                    }
 0)  ...1. |   0.150 us    |                    mntget();
 0)  ...1. |   2.825 us    |                  }
 0)  ...1. | + 13.335 us   |                }
 0)  ...1. | + 13.706 us   |              }
 0)  ...1. |               |              link_path_walk() {
 0)  ...1. |               |                security_inode_permission() {
 0)  ...1. |   0.149 us    |                  bpf_lsm_inode_permission();
 0)  ...1. |   0.471 us    |                }
 0)  ...1. |               |                lookup_fast() {
 0)  ...1. |               |                  __d_lookup() {
 0)  ...1. |   0.160 us    |                    __rcu_read_lock();
 0)  ...1. |   0.161 us    |                    _raw_spin_lock();
 0)  ...2. |   0.161 us    |                    d_same_name();
 0)  ...2. |   0.160 us    |                    _raw_spin_unlock();
 0)  ...1. |   0.149 us    |                    __rcu_read_unlock();
 0)  ...1. |   1.844 us    |                  }
 0)  ...1. |   2.195 us    |                }
 0)  ...1. |               |                step_into_slowpath() {
 0)  ...1. |               |                  dput() {
 0)  ...1. |               |                    dput.part.0() {
 0)  ...1. |   0.151 us    |                      __rcu_read_lock();
 0)  ...1. |   0.151 us    |                      __rcu_read_unlock();
 0)  ...1. |   0.811 us    |                    }
 0)  ...1. |   1.132 us    |                  }
 0)  ...1. |   1.472 us    |                }
 0)  ...1. |               |                security_inode_permission() {
 0)  ...1. |   0.150 us    |                  bpf_lsm_inode_permission();
 0)  ...1. |   0.480 us    |                }
 0)  ...1. |   0.151 us    |                make_vfsuid();
 0)  ...1. |   5.851 us    |              }
 0)  ...1. |               |              lookup_fast() {
 0)  ...1. |               |                __d_lookup() {
 0)  ...1. |   0.150 us    |                  __rcu_read_lock();
 0)  ...1. |   0.160 us    |                  _raw_spin_lock();
 0)  ...2. |   0.160 us    |                  d_same_name();
 0)  ...2. |   0.160 us    |                  _raw_spin_unlock();
 0)  ...1. |   0.150 us    |                  __rcu_read_unlock();
 0)  ...1. |   1.864 us    |                }
 0)  ...1. |   2.194 us    |              }
 0)  ...1. |               |              dput() {
 0)  ...1. |               |                dput.part.0() {
 0)  ...1. |   0.149 us    |                  __rcu_read_lock();
 0)  ...1. |   0.150 us    |                  __rcu_read_unlock();
 0)  ...1. |   0.953 us    |                }
 0)  ...1. |   1.272 us    |              }
 0)  ...1. |               |              mntput() {
 0)  ...1. |   0.160 us    |                __rcu_read_lock();
 0)  ...1. |   0.151 us    |                __rcu_read_unlock();
 0)  ...1. |   0.811 us    |              }
 0)  ...1. |               |              step_into_slowpath() {
 0)  ...1. |               |                dput() {
 0)  ...1. |               |                  dput.part.0() {
 0)  ...1. |   0.150 us    |                    __rcu_read_lock();
 0)  ...1. |   0.151 us    |                    __rcu_read_unlock();
 0)  ...1. |   0.802 us    |                  }
 0)  ...1. |   1.122 us    |                }
 0)  ...1. |   1.453 us    |              }
 0)  ...1. |   0.151 us    |              complete_walk();
 0)  ...1. |               |              may_open() {
 0)  ...1. |   0.150 us    |                path_noexec();
 0)  ...1. |               |                inode_permission() {
 0)  ...1. |   0.151 us    |                  generic_permission();
 0)  ...1. |               |                  security_inode_permission() {
 0)  ...1. |   0.150 us    |                    bpf_lsm_inode_permission();
 0)  ...1. |   0.470 us    |                  }
 0)  ...1. |   1.143 us    |                }
 0)  ...1. |   1.803 us    |              }
 0)  ...1. |               |              vfs_open() {
 0)  ...1. |               |                do_dentry_open() {
 0)  ...1. |               |                  path_get() {
 0)  ...1. |   0.149 us    |                    mntget();
 0)  ...1. |   0.481 us    |                  }
 0)  ...1. |   0.160 us    |                  try_module_get();
 0)  ...1. |               |                  security_file_open() {
 0)  ...1. |   0.161 us    |                    hook_file_open();
 0)  ...1. |   0.151 us    |                    bpf_lsm_file_open();
 0)  ...1. |   0.821 us    |                  }
 0)  ...1. |   0.161 us    |                  fsnotify_open_perm_and_set_mode();
 0)  ...1. |               |                  shmem_file_open() {
 0)  ...1. |   0.160 us    |                    generic_file_open();
 0)  ...1. |   0.501 us    |                  }
 0)  ...1. |               |                  file_ra_state_init() {
 0)  ...1. |   0.161 us    |                    inode_to_bdi();
 0)  ...1. |   0.491 us    |                  }
 0)  ...1. |   4.027 us    |                }
 0)  ...1. |   4.368 us    |              }
 0)  ...1. |               |              security_file_post_open() {
 0)  ...1. |   0.151 us    |                bpf_lsm_file_post_open();
 0)  ...1. |   0.481 us    |              }
 0)  ...1. |               |              terminate_walk() {
 0)  ...1. |               |                dput() {
 0)  ...1. |               |                  dput.part.0() {
 0)  ...1. |   0.150 us    |                    __rcu_read_lock();
 0)  ...1. |   0.150 us    |                    __rcu_read_unlock();
 0)  ...1. |   0.812 us    |                  }
 0)  ...1. |   1.131 us    |                }
 0)  ...1. |               |                mntput() {
 0)  ...1. |   0.149 us    |                  __rcu_read_lock();
 0)  ...1. |   0.150 us    |                  __rcu_read_unlock();
 0)  ...1. |   0.792 us    |                }
 0)  ...1. |               |                dput() {
 0)  ...1. |               |                  dput.part.0() {
 0)  ...1. |   0.150 us    |                    __rcu_read_lock();
 0)  ...1. |   0.151 us    |                    __rcu_read_unlock();
 0)  ...1. |   0.801 us    |                  }
 0)  ...1. |   1.122 us    |                }
 0)  ...1. |               |                mntput() {
 0)  ...1. |   0.151 us    |                  __rcu_read_lock();
 0)  ...1. |   0.151 us    |                  __rcu_read_unlock();
 0)  ...1. |   0.791 us    |                }
 0)  ...1. |   4.709 us    |              }
 0)  ...1. | + 46.937 us   |            }
 0)  ...1. | + 47.298 us   |          }
 0)  ...1. | + 47.649 us   |        }
 0)  ...1. |   0.221 us    |        __kmalloc_cache_noprof();
 0)  ...1. |               |        mm_alloc() {
 0)  ...1. |   0.220 us    |          kmem_cache_alloc_noprof();
 0)  ...1. |               |          mm_init() {
 0)  ...1. |   0.160 us    |            __init_rwsem();
 0)  ...1. |   0.151 us    |            arch_uprobe_init_state();
 0)  ...1. |               |            futex_mm_init() {
 0)  ...1. |   0.150 us    |              mutex_init_generic();
 0)  ...1. |   0.151 us    |              get_state_synchronize_rcu();
 0)  ...1. |   0.812 us    |            }
 0)  ...1. |               |            pgd_alloc() {
 0)  ...1. |               |              alloc_pages_noprof() {
 0)  ...1. |               |                alloc_pages_mpol() {
 0)  ...1. |   0.180 us    |                  policy_nodemask();
 0)  ...1. |               |                  __alloc_frozen_pages_noprof() {
 0)  ...1. |               |                    get_page_from_freelist() {
 0)  ...2. |   0.150 us    |                      _raw_spin_trylock();
 0)  ...3. |   0.151 us    |                      _raw_spin_unlock();
 0)  ...1. |   0.431 us    |                      kernel_init_pages();
 0)  ...1. |   1.583 us    |                    }
 0)  ...1. |   1.943 us    |                  }
 0)  ...1. |   2.655 us    |                }
 0)  ...1. |   3.006 us    |              }
 0)  ...1. |               |              lruvec_stat_mod_folio() {
 0)  ...1. |   0.150 us    |                __rcu_read_lock();
 0)  ...1. |   0.151 us    |                __rcu_read_unlock();
 0)  ...1. |   0.170 us    |                mod_node_page_state();
 0)  ...1. |   1.173 us    |              }
 0)  ...1. |   0.160 us    |              _raw_spin_lock();
 0)  ...2. |   0.161 us    |              _raw_spin_unlock();
 0)  ...1. |   5.521 us    |            }
 0)  ...1. |   0.160 us    |            _raw_spin_lock_irqsave();
 0)  d..2. |   0.161 us    |            _raw_spin_unlock_irqrestore();
 0)  ...1. |   0.160 us    |            kfree();
 0)  ...1. |   0.160 us    |            mutex_init_generic();
 0)  ...1. |   0.150 us    |            __init_rwsem();
 0)  ...1. |               |            pcpu_alloc_noprof() {
 0)  ...1. |   0.160 us    |              mutex_lock_killable();
 0)  ...1. |   0.161 us    |              _raw_spin_lock_irqsave();
 0)  d..2. |               |              pcpu_find_block_fit() {
 0)  d..2. |   0.201 us    |                pcpu_next_fit_region.constprop.0();
 0)  d..2. |   0.561 us    |              }
 0)  d..2. |               |              pcpu_alloc_area() {
 0)  d..2. |   0.149 us    |                pcpu_chunk_slot();
 0)  d..2. |   0.160 us    |                pcpu_block_update();
 0)  d..2. |   0.190 us    |                pcpu_block_update_hint_alloc();
 0)  d..2. |   0.161 us    |                pcpu_chunk_relocate();
 0)  d..2. |   1.743 us    |              }
 0)  d..2. |   0.171 us    |              _raw_spin_unlock_irqrestore();
 0)  ...1. |   0.151 us    |              mutex_unlock();
 0)  ...1. |   0.160 us    |              mem_cgroup_kmem_disabled();
 0)  ...1. |   4.929 us    |            }
 0)  ...1. |               |            mm_init_cid() {
 0)  ...1. |   0.161 us    |              mutex_init_generic();
 0)  ...1. |   0.490 us    |            }
 0)  ...1. |               |            pcpu_alloc_noprof() {
 0)  ...1. |   0.150 us    |              mutex_lock_killable();
 0)  ...1. |   0.161 us    |              _raw_spin_lock_irqsave();
 0)  d..2. |               |              pcpu_find_block_fit() {
 0)  d..2. |   0.160 us    |                pcpu_next_fit_region.constprop.0();
 0)  d..2. |   0.490 us    |              }
 0)  d..2. |               |              pcpu_alloc_area() {
 0)  d..2. |   0.150 us    |                pcpu_chunk_slot();
 0)  d..2. |   0.201 us    |                pcpu_block_update_hint_alloc();
 0)  d..2. |   0.151 us    |                pcpu_chunk_relocate();
 0)  d..2. |   1.243 us    |              }
 0)  d..2. |   0.311 us    |              _raw_spin_unlock_irqrestore();
 0)  ...1. |   0.150 us    |              mutex_unlock();
 0)  ...1. |   0.150 us    |              mem_cgroup_kmem_disabled();
 0)  ...1. |   4.159 us    |            }
 0)  ...1. |   0.170 us    |            _raw_spin_lock_irqsave();
 0)  d..2. |   0.161 us    |            _raw_spin_unlock_irqrestore();
 0)  ...1. | + 20.588 us   |          }
 0)  ...1. | + 21.340 us   |        }
 0)  ...1. |   0.160 us    |        _raw_spin_lock();
 0)  ...2. |   0.160 us    |        _raw_spin_unlock();
 0)  ...1. |               |        create_init_stack_vma() {
 0)  ...1. |               |          vm_area_alloc() {
 0)  ...1. |   0.230 us    |            kmem_cache_alloc_noprof();
 0)  ...1. |   0.561 us    |          }
 0)  ...1. |   0.160 us    |          down_write_killable();
 0)  ...1. |               |          insert_vm_struct() {
 0)  ...1. |               |            find_vma_intersection() {
 0)  ...1. |   0.151 us    |              __rcu_read_lock();
 0)  ...1. |   0.151 us    |              __rcu_read_unlock();
 0)  ...1. |   0.861 us    |            }
 0)  ...1. |               |            security_vm_enough_memory_mm() {
 0)  ...1. |   0.160 us    |              static_key_count();
 0)  ...1. |               |              cap_vm_enough_memory() {
 0)  ...1. |   0.151 us    |                cap_capable();
 0)  ...1. |   0.491 us    |              }
 0)  ...1. |   0.151 us    |              static_key_count();
 0)  ...1. |   0.150 us    |              bpf_lsm_vm_enough_memory();
 0)  ...1. |   0.151 us    |              static_key_count();
 0)  ...1. |   0.150 us    |              static_key_count();
 0)  ...1. |   0.150 us    |              static_key_count();
 0)  ...1. |   0.150 us    |              static_key_count();
 0)  ...1. |   0.151 us    |              static_key_count();
 0)  ...1. |   0.161 us    |              static_key_count();
 0)  ...1. |   0.149 us    |              static_key_count();
 0)  ...1. |   0.150 us    |              static_key_count();
 0)  ...1. |   0.151 us    |              static_key_count();
 0)  ...1. |   0.150 us    |              static_key_count();
 0)  ...1. |   0.160 us    |              __vm_enough_memory();
 0)  ...1. |   5.541 us    |            }
 0)  ...1. |               |            vma_link() {
 0)  ...1. |   0.211 us    |              kmem_cache_alloc_noprof();
 0)  ...1. |               |              __vma_start_write() {
 0)  ...1. |   0.170 us    |                __vma_start_exclude_readers();
 0)  ...1. |   0.521 us    |              }
 0)  ...1. |   1.552 us    |            }
 0)  ...1. |   8.746 us    |          }
 0)  ...1. |   0.151 us    |          up_write();
 0)  ...1. | + 10.600 us   |        }
 0)  ...1. | + 81.573 us   |      }
 0)  ...1. |   0.240 us    |      count.constprop.0.isra.0();
 0)  ...1. |   0.280 us    |      count.constprop.0.isra.0();
 0)  ...1. |   0.160 us    |      bprm_stack_limits();
 0)  ...1. |               |      copy_string_kernel() {
 0)  ...1. |               |        get_arg_page() {
 0)  ...1. |               |          mmap_read_lock_maybe_expand() {
 0)  ...1. |   0.161 us    |            down_read();
 0)  ...1. |   0.501 us    |          }
 0)  ...1. |               |          get_user_pages_remote() {
 0)  ...1. |   0.170 us    |            is_valid_gup_args();
 0)  ...1. |               |            __get_user_pages() {
 0)  ...1. |               |              gup_vma_lookup() {
 0)  ...1. |               |                find_vma() {
 0)  ...1. |   0.151 us    |                  __rcu_read_lock();
 0)  ...1. |   0.160 us    |                  __rcu_read_unlock();
 0)  ...1. |   0.872 us    |                }
 0)  ...1. |   1.212 us    |              }
 0)  ...1. |               |              check_vma_flags() {
 0)  ...1. |   0.160 us    |                vma_is_secretmem();
 0)  ...1. |   0.862 us    |              }
 0)  ...1. |   0.160 us    |              vma_pgtable_walk_begin();
 0)  ...1. |   0.160 us    |              no_page_table();
 0)  ...1. |   0.161 us    |              vma_pgtable_walk_end();
 0)  ...1. |               |              handle_mm_fault() {
 0)  ...1. |               |                __handle_mm_fault() {
 0)  ...1. |               |                  __pud_alloc() {
 0)  ...1. |               |                    alloc_pages_noprof() {
 0)  ...1. |               |                      alloc_pages_mpol() {
 0)  ...1. |   0.161 us    |                        policy_nodemask();
 0)  ...1. |               |                        __alloc_frozen_pages_noprof() {
 0)  ...1. |               |                          get_page_from_freelist() {
 0)  ...2. |   0.149 us    |                            _raw_spin_trylock();
 0)  ...3. |   0.160 us    |                            _raw_spin_unlock();
 0)  ...1. |   0.400 us    |                            kernel_init_pages();
 0)  ...1. |   1.503 us    |                          }
 0)  ...1. |   1.844 us    |                        }
 0)  ...1. |   2.525 us    |                      }
 0)  ...1. |   2.856 us    |                    }
 0)  ...1. |               |                    lruvec_stat_mod_folio() {
 0)  ...1. |   0.149 us    |                      __rcu_read_lock();
 0)  ...1. |   0.151 us    |                      __rcu_read_unlock();
 0)  ...1. |   0.151 us    |                      mod_node_page_state();
 0)  ...1. |   1.142 us    |                    }
 0)  ...1. |   0.151 us    |                    _raw_spin_lock();
 0)  ...2. |   0.161 us    |                    _raw_spin_unlock();
 0)  ...1. |   5.210 us    |                  }
 0)  ...1. |               |                  __pmd_alloc() {
 0)  ...1. |               |                    alloc_pages_noprof() {
 0)  ...1. |               |                      alloc_pages_mpol() {
 0)  ...1. |   0.161 us    |                        policy_nodemask();
 0)  ...1. |               |                        __alloc_frozen_pages_noprof() {
 0)  ...1. |               |                          get_page_from_freelist() {
 0)  ...2. |   0.160 us    |                            _raw_spin_trylock();
 0)  ...3. |   0.161 us    |                            _raw_spin_unlock();
 0)  ...1. |   0.471 us    |                            kernel_init_pages();
 0)  ...1. |   1.553 us    |                          }
 0)  ...1. |   1.894 us    |                        }
 0)  ...1. |   2.555 us    |                      }
 0)  ...1. |   2.875 us    |                    }
 0)  ...1. |               |                    lruvec_stat_mod_folio() {
 0)  ...1. |   0.150 us    |                      __rcu_read_lock();
 0)  ...1. |   0.151 us    |                      __rcu_read_unlock();
 0)  ...1. |   0.160 us    |                      mod_node_page_state();
 0)  ...1. |   1.133 us    |                    }
 0)  ...1. |   0.151 us    |                    _raw_spin_lock();
 0)  ...2. |   0.160 us    |                    _raw_spin_unlock();
 0)  ...1. |   5.190 us    |                  }
 0)  ...1. |   0.160 us    |                  __thp_vma_allowable_orders();
 0)  ...1. |               |                  do_anonymous_page() {
 0)  ...1. |               |                    __pte_alloc() {
 0)  ...1. |               |                      pte_alloc_one() {
 0)  ...1. |               |                        alloc_pages_noprof() {
 0)  ...1. |               |                          alloc_pages_mpol() {
 0)  ...1. |   0.160 us    |                            policy_nodemask();
 0)  ...1. |               |                            __alloc_frozen_pages_noprof() {
 0)  ...1. |               |                              get_page_from_freelist() {
 0)  ...2. |   0.150 us    |                                _raw_spin_trylock();
 0)  ...3. |   0.150 us    |                                _raw_spin_unlock();
 0)  ...1. |   0.370 us    |                                kernel_init_pages();
 0)  ...1. |   1.442 us    |                              }
 0)  ...1. |   1.774 us    |                            }
 0)  ...1. |   2.435 us    |                          }
 0)  ...1. |   2.755 us    |                        }
 0)  ...1. |               |                        lruvec_stat_mod_folio() {
 0)  ...1. |   0.150 us    |                          __rcu_read_lock();
 0)  ...1. |   0.151 us    |                          __rcu_read_unlock();
 0)  ...1. |   0.160 us    |                          mod_node_page_state();
 0)  ...1. |   1.133 us    |                        }
 0)  ...1. |   4.408 us    |                      }
 0)  ...1. |               |                      pmd_install() {
 0)  ...1. |   0.281 us    |                        _raw_spin_lock();
 0)  ...2. |   0.161 us    |                        _raw_spin_unlock();
 0)  ...1. |   0.981 us    |                      }
 0)  ...1. |   5.922 us    |                    }
 0)  ...1. |               |                    __vmf_anon_prepare() {
 0)  ...1. |               |                      __anon_vma_prepare() {
 0)  ...1. |   0.221 us    |                        kmem_cache_alloc_noprof();
 0)  ...1. |   0.301 us    |                        find_mergeable_anon_vma();
 0)  ...1. |   0.201 us    |                        kmem_cache_alloc_noprof();
 0)  ...1. |   0.151 us    |                        down_write();
 0)  ...1. |   0.150 us    |                        _raw_spin_lock();
 0)  ...2. |   0.180 us    |                        anon_vma_interval_tree_insert();
 0)  ...2. |   0.161 us    |                        _raw_spin_unlock();
 0)  ...1. |   0.150 us    |                        up_write();
 0)  ...1. |   3.166 us    |                      }
 0)  ...1. |   3.546 us    |                    }
 0)  ...1. |               |                    vma_alloc_folio_noprof() {
 0)  ...1. |   0.169 us    |                      get_vma_policy();
 0)  ...1. |               |                      alloc_pages_mpol() {
 0)  ...1. |   0.160 us    |                        policy_nodemask();
 0)  ...1. |               |                        __alloc_frozen_pages_noprof() {
 0)  ...1. |               |                          get_page_from_freelist() {
 0)  ...2. |   0.161 us    |                            _raw_spin_trylock();
 0)  ...3. |   0.160 us    |                            _raw_spin_unlock();
 0)  ...1. |   0.230 us    |                            kernel_init_pages();
 0)  ...1. |   1.313 us    |                          }
 0)  ...1. |   1.643 us    |                        }
 0)  ...1. |   2.304 us    |                      }
 0)  ...1. |   2.985 us    |                    }
 0)  ...1. |               |                    __mem_cgroup_charge() {
 0)  ...1. |               |                      get_mem_cgroup_from_mm() {
 0)  ...1. |   0.150 us    |                        __rcu_read_lock();
 0)  ...1. |   0.149 us    |                        __rcu_read_unlock();
 0)  ...1. |   0.822 us    |                      }
 0)  ...1. |               |                      charge_memcg() {
 0)  ...1. |   0.151 us    |                        __rcu_read_lock();
 0)  ...1. |   0.171 us    |                        __get_obj_cgroup_from_memcg();
 0)  ...1. |   0.150 us    |                        __rcu_read_unlock();
 0)  ...1. |   1.192 us    |                      }
 0)  ...1. |   2.535 us    |                    }
 0)  ...1. |   0.160 us    |                    __folio_throttle_swaprate();
 0)  ...1. |               |                    pte_offset_map_lock() {
 0)  ...1. |               |                      __pte_offset_map() {
 0)  ...1. |   0.151 us    |                        __rcu_read_lock();
 0)  ...1. |   0.481 us    |                      }
 0)  ...1. |   0.149 us    |                      _raw_spin_lock();
 0)  ...2. |   1.142 us    |                    }
 0)  ...2. |               |                    map_anon_folio_pte_nopf() {
 0)  ...2. |   0.150 us    |                      pte_mkwrite();
 0)  ...2. |               |                      folio_add_new_anon_rmap() {
 0)  ...2. |               |                        __folio_mod_stat() {
 0)  ...2. |               |                          lruvec_stat_mod_folio() {
 0)  ...2. |   0.151 us    |                            __rcu_read_lock();
 0)  ...2. |   0.161 us    |                            mod_node_page_state();
 0)  ...2. |               |                            __mod_memcg_lruvec_state() {
 0)  ...3. |   0.160 us    |                              memcg_state_val_in_pages();
 0)  ...3. |   0.160 us    |                              __css_rstat_updated();
 0)  ...2. |   0.852 us    |                            }
 0)  ...2. |   0.161 us    |                            __rcu_read_unlock();
 0)  ...2. |   2.185 us    |                          }
 0)  ...2. |   2.525 us    |                        }
 0)  ...2. |   2.865 us    |                      }
 0)  ...2. |               |                      folio_add_lru_vma() {
 0)  ...2. |               |                        folio_add_lru() {
 0)  ...2. |   0.160 us    |                          __folio_batch_add_and_move();
 0)  ...2. |   0.501 us    |                        }
 0)  ...2. |   0.842 us    |                      }
 0)  ...2. |   4.659 us    |                    }
 0)  ...2. |   0.160 us    |                    _raw_spin_unlock();
 0)  ...1. |   0.161 us    |                    __rcu_read_unlock();
 0)  ...1. | + 23.454 us   |                  }
 0)  ...1. | + 35.077 us   |                }
 0)  ...1. |   0.150 us    |                __rcu_read_lock();
 0)  ...1. |   0.149 us    |                mem_cgroup_from_task();
 0)  ...1. |               |                count_memcg_events() {
 0)  ...2. |   0.149 us    |                  __css_rstat_updated();
 0)  ...1. |   0.491 us    |                }
 0)  ...1. |   0.150 us    |                __rcu_read_unlock();
 0)  ...1. | + 37.130 us   |              }
 0)  ...1. |   0.160 us    |              vma_pgtable_walk_begin();
 0)  ...1. |               |              follow_page_pte() {
 0)  ...1. |               |                pte_offset_map_lock() {
 0)  ...1. |               |                  __pte_offset_map() {
 0)  ...1. |   0.150 us    |                    __rcu_read_lock();
 0)  ...1. |   0.481 us    |                  }
 0)  ...1. |   0.150 us    |                  _raw_spin_lock();
 0)  ...2. |   1.143 us    |                }
 0)  ...2. |   0.171 us    |                vm_normal_page();
 0)  ...2. |   0.160 us    |                try_grab_folio();
 0)  ...2. |   0.161 us    |                folio_mark_accessed();
 0)  ...2. |   0.150 us    |                _raw_spin_unlock();
 0)  ...1. |   0.151 us    |                __rcu_read_unlock();
 0)  ...1. |   3.196 us    |              }
 0)  ...1. |   0.150 us    |              vma_pgtable_walk_end();
 0)  ...1. | + 45.125 us   |            }
 0)  ...1. | + 45.876 us   |          }
 0)  ...1. |   0.160 us    |          up_read();
 0)  ...1. |   0.150 us    |          mm_trace_rss_stat();
 0)  ...1. | + 47.630 us   |        }
 0)  ...1. | + 48.050 us   |      }
 0)  ...1. |               |      copy_strings.isra.0() {
 0)  ...1. |               |        get_arg_page() {
 0)  ...1. |               |          mmap_read_lock_maybe_expand() {
 0)  ...1. |   0.151 us    |            down_read();
 0)  ...1. |   0.480 us    |          }
 0)  ...1. |               |          get_user_pages_remote() {
 0)  ...1. |   0.150 us    |            is_valid_gup_args();
 0)  ...1. |               |            __get_user_pages() {
 0)  ...1. |               |              gup_vma_lookup() {
 0)  ...1. |               |                find_vma() {
 0)  ...1. |   0.149 us    |                  __rcu_read_lock();
 0)  ...1. |   0.160 us    |                  __rcu_read_unlock();
 0)  ...1. |   0.831 us    |                }
 0)  ...1. |   1.162 us    |              }
 0)  ...1. |               |              check_vma_flags() {
 0)  ...1. |   0.150 us    |                vma_is_secretmem();
 0)  ...1. |   0.500 us    |              }
 0)  ...1. |   0.151 us    |              vma_pgtable_walk_begin();
 0)  ...1. |               |              follow_page_pte() {
 0)  ...1. |               |                pte_offset_map_lock() {
 0)  ...1. |               |                  __pte_offset_map() {
 0)  ...1. |   0.151 us    |                    __rcu_read_lock();
 0)  ...1. |   0.471 us    |                  }
 0)  ...1. |   0.150 us    |                  _raw_spin_lock();
 0)  ...2. |   1.131 us    |                }
 0)  ...2. |   0.160 us    |                vm_normal_page();
 0)  ...2. |   0.151 us    |                try_grab_folio();
 0)  ...2. |   0.161 us    |                folio_mark_accessed();
 0)  ...2. |   0.150 us    |                _raw_spin_unlock();
 0)  ...1. |   0.151 us    |                __rcu_read_unlock();
 0)  ...1. |   3.136 us    |              }
 0)  ...1. |   0.151 us    |              vma_pgtable_walk_end();
 0)  ...1. |   6.141 us    |            }
 0)  ...1. |   6.802 us    |          }
 0)  ...1. |   0.151 us    |          up_read();
 0)  ...1. |   8.145 us    |        }
 0)  ...1. |               |        __check_object_size() {
 0)  ...1. |   0.160 us    |          check_stack_object();
 0)  ...1. |   0.470 us    |          is_vmalloc_addr();
 0)  ...1. |   0.160 us    |          __virt_addr_valid();
 0)  ...1. |   1.514 us    |        }
 0)  ...1. |               |        __check_object_size() {
 0)  ...1. |   0.151 us    |          check_stack_object();
 0)  ...1. |   0.150 us    |          is_vmalloc_addr();
 0)  ...1. |   0.151 us    |          __virt_addr_valid();
 0)  ...1. |   1.142 us    |        }
 0)  ...1. |               |        __check_object_size() {
 0)  ...1. |   0.150 us    |          check_stack_object();
 0)  ...1. |   0.151 us    |          is_vmalloc_addr();
 0)  ...1. |   0.150 us    |          __virt_addr_valid();
 0)  ...1. |   1.142 us    |        }
 0)  ...1. |               |        __check_object_size() {
 0)  ...1. |   0.151 us    |          check_stack_object();
 0)  ...1. |   0.150 us    |          is_vmalloc_addr();
 0)  ...1. |   0.160 us    |          __virt_addr_valid();
 0)  ...1. |   1.142 us    |        }
 0)  ...1. |               |        __check_object_size() {
 0)  ...1. |   0.150 us    |          check_stack_object();
 0)  ...1. |   0.150 us    |          is_vmalloc_addr();
 0)  ...1. |   0.151 us    |          __virt_addr_valid();
 0)  ...1. |   1.133 us    |        }
 0)  ...1. |               |        __check_object_size() {
 0)  ...1. |   0.151 us    |          check_stack_object();
 0)  ...1. |   0.151 us    |          is_vmalloc_addr();
 0)  ...1. |   0.150 us    |          __virt_addr_valid();
 0)  ...1. |   1.132 us    |        }
 0)  ...1. | + 17.152 us   |      }
 0)  ...1. |               |      copy_strings.isra.0() {
 0)  ...1. |               |        get_arg_page() {
 0)  ...1. |               |          mmap_read_lock_maybe_expand() {
 0)  ...1. |   0.160 us    |            down_read();
 0)  ...1. |   0.472 us    |          }
 0)  ...1. |               |          get_user_pages_remote() {
 0)  ...1. |   0.151 us    |            is_valid_gup_args();
 0)  ...1. |               |            __get_user_pages() {
 0)  ...1. |               |              gup_vma_lookup() {
 0)  ...1. |               |                find_vma() {
 0)  ...1. |   0.150 us    |                  __rcu_read_lock();
 0)  ...1. |   0.151 us    |                  __rcu_read_unlock();
 0)  ...1. |   0.821 us    |                }
 0)  ...1. |   1.153 us    |              }
 0)  ...1. |               |              check_vma_flags() {
 0)  ...1. |   0.150 us    |                vma_is_secretmem();
 0)  ...1. |   0.481 us    |              }
 0)  ...1. |   0.150 us    |              vma_pgtable_walk_begin();
 0)  ...1. |               |              follow_page_pte() {
 0)  ...1. |               |                pte_offset_map_lock() {
 0)  ...1. |               |                  __pte_offset_map() {
 0)  ...1. |   0.151 us    |                    __rcu_read_lock();
 0)  ...1. |   0.491 us    |                  }
 0)  ...1. |   0.160 us    |                  _raw_spin_lock();
 0)  ...2. |   1.142 us    |                }
 0)  ...2. |   0.160 us    |                vm_normal_page();
 0)  ...2. |   0.151 us    |                try_grab_folio();
 0)  ...2. |   0.150 us    |                folio_mark_accessed();
 0)  ...2. |   0.160 us    |                _raw_spin_unlock();
 0)  ...1. |   0.150 us    |                __rcu_read_unlock();
 0)  ...1. |   3.146 us    |              }
 0)  ...1. |   0.150 us    |              vma_pgtable_walk_end();
 0)  ...1. |   6.112 us    |            }
 0)  ...1. |   6.773 us    |          }
 0)  ...1. |   0.160 us    |          up_read();
 0)  ...1. |   8.075 us    |        }
 0)  ...1. |               |        __check_object_size() {
 0)  ...1. |   0.151 us    |          check_stack_object();
 0)  ...1. |   0.150 us    |          is_vmalloc_addr();
 0)  ...1. |   0.301 us    |          __virt_addr_valid();
 0)  ...1. |   1.283 us    |        }
 0)  ...1. |               |        __check_object_size() {
 0)  ...1. |   0.150 us    |          check_stack_object();
 0)  ...1. |   0.151 us    |          is_vmalloc_addr();
 0)  ...1. |   0.149 us    |          __virt_addr_valid();
 0)  ...1. |   1.143 us    |        }
 0)  ...1. | + 11.311 us   |      }
 0)  ...1. |               |      bprm_execve() {
 0)  ...1. |   0.150 us    |        mutex_lock_interruptible();
 0)  ...1. |               |        prepare_exec_creds() {
 0)  ...1. |               |          prepare_creds() {
 0)  ...1. |               |            kmem_cache_alloc_noprof() {
 0)  ...2. |   0.250 us    |              __pcs_replace_empty_main();
 0)  ...1. |   0.992 us    |            }
 0)  ...1. |               |            security_prepare_creds() {
 0)  ...1. |   0.220 us    |              __kmalloc_noprof();
 0)  ...1. |   0.160 us    |              hook_cred_prepare();
 0)  ...1. |   0.160 us    |              bpf_lsm_cred_prepare();
 0)  ...1. |   1.322 us    |            }
 0)  ...1. |   2.966 us    |          }
 0)  ...1. |   0.160 us    |          key_put();
 0)  ...1. |   0.161 us    |          key_put();
 0)  ...1. |   4.017 us    |        }
 0)  ...1. |   0.151 us    |        _raw_spin_lock();
 0)  ...2. |   0.150 us    |        __rcu_read_lock();
 0)  ...2. |   0.151 us    |        __rcu_read_unlock();
 0)  ...2. |   0.160 us    |        _raw_spin_unlock();
 0)  ...1. |               |        sched_mm_cid_before_execve() {
 0)  ...1. |               |          sched_mm_cid_exit() {
 0)  ...1. |   0.161 us    |            mutex_lock();
 0)  ...1. |   0.151 us    |            _raw_spin_lock_irq();
 0)  d..2. |               |            sched_mm_cid_remove_user() {
 0)  d..2. |   0.160 us    |              mm_update_max_cids();
 0)  d..2. |   0.481 us    |            }
 0)  d..2. |   0.161 us    |            _raw_spin_unlock_irq();
 0)  ...1. |   0.150 us    |            mutex_unlock();
 0)  ...1. |               |            cancel_work_sync() {
 0)  ...1. |               |              __cancel_work() {
 0)  ...1. |   0.151 us    |                try_to_grab_pending();
 0)  ...1. |   0.511 us    |              }
 0)  ...1. |               |              __flush_work() {
 0)  ...1. |   0.141 us    |                __rcu_read_lock();
 0)  ...1. |   0.151 us    |                __rcu_read_unlock();
 0)  ...1. |   0.822 us    |              }
 0)  ...1. |               |              enable_work() {
 0)  ...1. |   0.150 us    |                try_to_grab_pending();
 0)  ...1. |   0.481 us    |              }
 0)  ...1. |   2.545 us    |            }
 0)  ...1. |   4.969 us    |          }
 0)  ...1. |   5.300 us    |        }
 0)  ...1. |               |        sched_exec() {
 0)  ...1. |   0.150 us    |          _raw_spin_lock_irqsave();
 0)  d..2. |               |          select_task_rq_fair() {
 0)  d..2. |   0.160 us    |            __update_load_avg_blocked_se();
 0)  d..2. |               |            sched_balance_find_dst_group() {
 0)  d..2. |   0.170 us    |              task_h_load();
 0)  d..2. |               |              cpu_util() {
 0)  d..2. |   0.149 us    |                arch_scale_cpu_capacity();
 0)  d..2. |   0.521 us    |              }
 0)  d..2. |               |              cpu_util() {
 0)  d..2. |   0.150 us    |                arch_scale_cpu_capacity();
 0)  d..2. |   0.490 us    |              }
 0)  d..2. |               |              cpu_util() {
 0)  d..2. |   0.150 us    |                arch_scale_cpu_capacity();
 0)  d..2. |   0.471 us    |              }
 0)  d..2. |               |              cpu_util() {
 0)  d..2. |   0.151 us    |                arch_scale_cpu_capacity();
 0)  d..2. |   0.470 us    |              }
 0)  d..2. |   3.676 us    |            }
 0)  d..2. |   4.559 us    |          }
 0)  d..2. |   0.311 us    |          _raw_spin_unlock_irqrestore();
 0)  ...1. |   5.771 us    |        }
 0)  ...1. |               |        security_bprm_creds_for_exec() {
 0)  ...1. |   0.160 us    |          hook_bprm_creds_for_exec();
 0)  ...1. |   0.151 us    |          bpf_lsm_bprm_creds_for_exec();
 0)  ...1. |   0.852 us    |        }
 0)  ...1. |   0.149 us    |        __rcu_read_lock();
 0)  ...1. |   0.211 us    |        task_active_pid_ns();
 0)  ...1. |               |        __task_pid_nr_ns() {
 0)  ...1. |   0.150 us    |          __rcu_read_lock();
 0)  ...1. |   0.160 us    |          __rcu_read_unlock();
 0)  ...1. |   0.852 us    |        }
 0)  ...1. |   0.151 us    |        __rcu_read_unlock();
 0)  ...1. |               |        kernel_read() {
 0)  ...1. |               |          rw_verify_area() {
 0)  ...1. |               |            security_file_permission() {
 0)  ...1. |   0.149 us    |              bpf_lsm_file_permission();
 0)  ...1. |   0.491 us    |            }
 0)  ...1. |   0.821 us    |          }
 0)  ...1. |               |          __kernel_read() {
 0)  ...1. |               |            shmem_file_read_iter() {
 0)  ...1. |               |              shmem_get_folio_gfp() {
 0)  ...1. |               |                filemap_get_entry() {
 0)  ...1. |   0.149 us    |                  __rcu_read_lock();
 0)  ...1. |   0.150 us    |                  __rcu_read_unlock();
 0)  ...1. |   0.901 us    |                }
 0)  ...1. |   1.313 us    |              }
 0)  ...1. |   0.160 us    |              folio_unlock();
 0)  ...1. |   0.170 us    |              folio_mark_accessed();
 0)  ...1. |               |              touch_atime() {
 0)  ...1. |               |                atime_needs_update() {
 0)  ...1. |   0.151 us    |                  make_vfsuid();
 0)  ...1. |   0.150 us    |                  make_vfsgid();
 0)  ...1. |               |                  current_time() {
 0)  ...1. |   0.151 us    |                    ktime_get_coarse_real_ts64_mg();
 0)  ...1. |   0.491 us    |                  }
 0)  ...1. |   1.493 us    |                }
 0)  ...1. |   0.160 us    |                mnt_get_write_access();
 0)  ...1. |               |                current_time() {
 0)  ...1. |   0.151 us    |                  ktime_get_coarse_real_ts64_mg();
 0)  ...1. |   0.481 us    |                }
 0)  ...1. |   0.160 us    |                __mark_inode_dirty();
 0)  ...1. |   0.150 us    |                mnt_put_write_access();
 0)  ...1. |   3.487 us    |              }
 0)  ...1. |   6.232 us    |            }
 0)  ...1. |   6.632 us    |          }
 0)  ...1. |   7.975 us    |        }
 0)  ...1. |               |        security_bprm_check() {
 0)  ...1. |   0.160 us    |          bpf_lsm_bprm_check_security();
 0)  ...1. |   0.511 us    |        }
 0)  ...1. |   0.180 us    |        _raw_read_lock();
 0)  ...2. |   0.160 us    |        try_module_get();
 0)  ...2. |   0.160 us    |        _raw_read_unlock();
 0)  ...1. |               |        load_misc_binary() {
 0)  ...1. |   0.161 us    |          _raw_read_lock();
 0)  ...2. |   0.161 us    |          _raw_read_unlock();
 0)  ...1. |   0.842 us    |        }
 0)  ...1. |   0.161 us    |        _raw_read_lock();
 0)  ...2. |   0.160 us    |        module_put();
 0)  ...2. |   0.160 us    |        try_module_get();
 0)  ...2. |   0.150 us    |        _raw_read_unlock();
 0)  ...1. |   0.181 us    |        load_script();
 0)  ...1. |   0.160 us    |        _raw_read_lock();
 0)  ...2. |   0.150 us    |        module_put();
 0)  ...2. |   0.161 us    |        try_module_get();
 0)  ...2. |   0.151 us    |        _raw_read_unlock();
 0)  ...1. |               |        load_elf_binary() {
 0)  ...1. |               |          load_elf_phdrs() {
 0)  ...1. |   0.230 us    |            __kmalloc_noprof();
 0)  ...1. |               |            kernel_read() {
 0)  ...1. |               |              rw_verify_area() {
 0)  ...1. |               |                security_file_permission() {
 0)  ...1. |   0.151 us    |                  bpf_lsm_file_permission();
 0)  ...1. |   0.491 us    |                }
 0)  ...1. |   0.822 us    |              }
 0)  ...1. |               |              __kernel_read() {
 0)  ...1. |               |                shmem_file_read_iter() {
 0)  ...1. |               |                  shmem_get_folio_gfp() {
 0)  ...1. |               |                    filemap_get_entry() {
 0)  ...1. |   0.301 us    |                      __rcu_read_lock();
 0)  ...1. |   0.310 us    |                      __rcu_read_unlock();
 0)  ...1. |   1.663 us    |                    }
 0)  ...1. |   2.325 us    |                  }
 0)  ...1. |   0.301 us    |                  folio_unlock();
 0)  ...1. |               |                  touch_atime() {
 0)  ...1. |               |                    atime_needs_update() {
 0)  ...1. |   0.300 us    |                      make_vfsuid();
 0)  ...1. |   0.301 us    |                      make_vfsgid();
 0)  ...1. |               |                      current_time() {
 0)  ...1. |   0.311 us    |                        ktime_get_coarse_real_ts64_mg();
 0)  ...1. |   0.961 us    |                      }
 0)  ...1. |   2.945 us    |                    }
 0)  ...1. |   3.587 us    |                  }
 0)  ...1. |   7.664 us    |                }
 0)  ...1. |   8.215 us    |              }
 0)  ...1. |   9.618 us    |            }
 0)  ...1. | + 10.510 us   |          }
 0)  ...1. |               |          begin_new_exec() {
 0)  ...1. |               |            mnt_may_suid() {
 0)  ...1. |   0.161 us    |              current_in_userns();
 0)  ...1. |   0.510 us    |            }
 0)  ...1. |               |            security_bprm_creds_from_file() {
 0)  ...1. |               |              cap_bprm_creds_from_file() {
 0)  ...1. |               |                mnt_may_suid() {
 0)  ...1. |   0.151 us    |                  current_in_userns();
 0)  ...1. |   0.470 us    |                }
 0)  ...1. |   0.151 us    |                current_in_userns();
 0)  ...1. |               |                get_vfs_caps_from_disk() {
 0)  ...1. |               |                  __vfs_getxattr() {
 0)  ...1. |   0.251 us    |                    xattr_resolve_name();
 0)  ...1. |               |                    shmem_xattr_handler_get() {
 0)  ...1. |   0.200 us    |                      xattr_full_name();
 0)  ...1. |   0.160 us    |                      simple_xattr_get();
 0)  ...1. |   0.892 us    |                    }
 0)  ...1. |   1.693 us    |                  }
 0)  ...1. |   2.044 us    |                }
 0)  ...1. |               |                make_kuid() {
 0)  ...1. |   0.181 us    |                  map_id_range_down();
 0)  ...1. |   0.511 us    |                }
 0)  ...1. |   0.161 us    |                in_group_p();
 0)  ...1. |   4.488 us    |              }
 0)  ...1. |   0.161 us    |              bpf_lsm_bprm_creds_from_file();
 0)  ...1. |   5.190 us    |            }
 0)  ...1. |   0.160 us    |            unshare_files();
 0)  ...1. |   0.150 us    |            set_mm_exe_file();
 0)  ...1. |               |            would_dump() {
 0)  ...1. |               |              inode_permission() {
 0)  ...1. |   0.151 us    |                generic_permission();
 0)  ...1. |               |                security_inode_permission() {
 0)  ...1. |   0.151 us    |                  bpf_lsm_inode_permission();
 0)  ...1. |   0.481 us    |                }
 0)  ...1. |   1.142 us    |              }
 0)  ...1. |   1.472 us    |            }
 0)  ...1. |   0.150 us    |            mm_trace_rss_stat();
 0)  ...1. |               |            exec_mm_release() {
 0)  ...1. |               |              futex_exec_release() {
 0)  ...1. |   0.150 us    |                mutex_lock();
 0)  ...1. |   0.150 us    |                _raw_spin_lock_irq();
 0)  d..2. |   0.160 us    |                _raw_spin_unlock_irq();
 0)  ...1. |   0.160 us    |                futex_cleanup();
 0)  ...1. |   0.151 us    |                mutex_unlock();
 0)  ...1. |   1.844 us    |              }
 0)  ...1. |               |              mm_release() {
 0)  ...1. |   0.161 us    |                uprobe_free_utask();
 0)  ...1. |   0.251 us    |                shstk_free();
 0)  ...1. |   1.422 us    |              }
 0)  ...1. |   3.816 us    |            }
 0)  ...1. |   0.150 us    |            down_write_killable();
 0)  ...1. |   0.171 us    |            down_read_killable();
 0)  ...1. |   0.151 us    |            _raw_spin_lock();
 0)  ...2. |   0.160 us    |            membarrier_exec_mmap();
 0)  d..2. |               |            mm_init_cid() {
 0)  d..2. |   0.151 us    |              mutex_init_generic();
 0)  d..2. |   0.490 us    |            }
 0)  d..2. |               |            switch_mm_irqs_off() {
 0)  d..2. |   0.151 us    |              choose_new_asid();
 0)  d..2. |   0.150 us    |              switch_ldt();
 0)  d..2. |   0.951 us    |            }
 0)  ...2. |               |            lru_gen_add_mm() {
 0)  ...2. |               |              get_mem_cgroup_from_mm() {
 0)  ...2. |   0.149 us    |                __rcu_read_lock();
 0)  ...2. |   0.151 us    |                __rcu_read_unlock();
 0)  ...2. |   0.812 us    |              }
 0)  ...2. |   0.150 us    |              _raw_spin_lock();
 0)  ...3. |   0.161 us    |              _raw_spin_unlock();
 0)  ...2. |   1.854 us    |            }
 0)  ...2. |   0.150 us    |            _raw_spin_unlock();
 0)  ...1. |   0.150 us    |            up_read();
 0)  ...1. |   0.170 us    |            mm_update_next_owner();
 0)  ...1. |               |            mmput() {
 0)  ...1. |               |              uprobe_clear_state() {
 0)  ...1. |   0.160 us    |                mutex_lock();
 0)  ...1. |   0.160 us    |                delayed_uprobe_remove.part.0();
 0)  ...1. |   0.151 us    |                mutex_unlock();
 0)  ...1. |   0.161 us    |                arch_uprobe_clear_state();
 0)  ...1. |   1.533 us    |              }
 0)  ...1. |   0.160 us    |              exit_aio();
 0)  ...1. |               |              exit_mmap() {
 0)  ...1. |   0.151 us    |                down_read();
 0)  ...1. |               |                ldt_arch_exit_mmap() {
 0)  ...1. |   0.160 us    |                  free_ldt_pgtables();
 0)  ...1. |   0.501 us    |                }
 0)  ...1. |   0.171 us    |                tlb_gather_mmu_fullmm();
 0)  ...1. |               |                unmap_vmas() {
 0)  ...1. |               |                  __zap_vma_range() {
 0)  ...1. |               |                    pte_offset_map_lock() {
 0)  ...1. |               |                      __pte_offset_map() {
 0)  ...1. |   0.151 us    |                        __rcu_read_lock();
 0)  ...1. |   0.480 us    |                      }
 0)  ...1. |   0.151 us    |                      _raw_spin_lock();
 0)  ...2. |   1.142 us    |                    }
 0)  ...2. |   0.160 us    |                    flush_tlb_batched_pending();
 0)  ...2. |   0.151 us    |                    _raw_spin_unlock();
 0)  ...1. |   0.150 us    |                    __rcu_read_unlock();
 0)  ...1. |   2.725 us    |                  }
 0)  ...1. |               |                  __zap_vma_range() {
 0)  ...1. |               |                    pte_offset_map_lock() {
 0)  ...1. |               |                      __pte_offset_map() {
 0)  ...1. |   0.150 us    |                        __rcu_read_lock();
 0)  ...1. |   0.481 us    |                      }
 0)  ...1. |   0.160 us    |                      _raw_spin_lock();
 0)  ...2. |   1.122 us    |                    }
 0)  ...2. |   0.150 us    |                    flush_tlb_batched_pending();
 0)  ...2. |   0.171 us    |                    vm_normal_page();
 0)  ...2. |   0.150 us    |                    arch_check_zapped_pte();
 0)  ...2. |               |                    folio_remove_rmap_ptes() {
 0)  ...2. |               |                      lruvec_stat_mod_folio() {
 0)  ...2. |   0.150 us    |                        __rcu_read_lock();
 0)  ...2. |   0.151 us    |                        mod_node_page_state();
 0)  ...2. |               |                        __mod_memcg_lruvec_state() {
 0)  ...3. |   0.149 us    |                          memcg_state_val_in_pages();
 0)  ...3. |   0.150 us    |                          __css_rstat_updated();
 0)  ...2. |   0.961 us    |                        }
 0)  ...2. |   0.160 us    |                        __rcu_read_unlock();
 0)  ...2. |   2.284 us    |                      }
 0)  ...2. |   2.625 us    |                    }
 0)  ...2. |   0.161 us    |                    __tlb_remove_folio_pages();
 0)  ...2. |   0.160 us    |                    _raw_spin_unlock();
 0)  ...1. |   0.149 us    |                    __rcu_read_unlock();
 0)  ...1. |   6.402 us    |                  }
 0)  ...1. |               |                  __zap_vma_range() {
 0)  ...1. |               |                    pte_offset_map_lock() {
 0)  ...1. |               |                      __pte_offset_map() {
 0)  ...1. |   0.151 us    |                        __rcu_read_lock();
 0)  ...1. |   0.481 us    |                      }
 0)  ...1. |   0.149 us    |                      _raw_spin_lock();
 0)  ...2. |   1.132 us    |                    }
 0)  ...2. |   0.149 us    |                    flush_tlb_batched_pending();
 0)  ...2. |   0.160 us    |                    vm_normal_page();
 0)  ...2. |   0.150 us    |                    arch_check_zapped_pte();
 0)  ...2. |               |                    folio_remove_rmap_ptes() {
 0)  ...2. |               |                      lruvec_stat_mod_folio() {
 0)  ...2. |   0.150 us    |                        __rcu_read_lock();
 0)  ...2. |   0.161 us    |                        mod_node_page_state();
 0)  ...2. |               |                        __mod_memcg_lruvec_state() {
 0)  ...3. |   0.149 us    |                          memcg_state_val_in_pages();
 0)  ...3. |   0.151 us    |                          __css_rstat_updated();
 0)  ...2. |   0.822 us    |                        }
 0)  ...2. |   0.150 us    |                        __rcu_read_unlock();
 0)  ...2. |   2.135 us    |                      }
 0)  ...2. |   2.445 us    |                    }
 0)  ...2. |   0.151 us    |                    __tlb_remove_folio_pages();
 0)  ...2. |   0.160 us    |                    vm_normal_page();
 0)  ...2. |   0.149 us    |                    arch_check_zapped_pte();
 0)  ...2. |               |                    folio_remove_rmap_ptes() {
 0)  ...2. |               |                      lruvec_stat_mod_folio() {
 0)  ...2. |   0.151 us    |                        __rcu_read_lock();
 0)  ...2. |   0.149 us    |                        mod_node_page_state();
 0)  ...2. |               |                        __mod_memcg_lruvec_state() {
 0)  ...3. |   0.150 us    |                          memcg_state_val_in_pages();
 0)  ...3. |   0.150 us    |                          __css_rstat_updated();
 0)  ...2. |   0.822 us    |                        }
 0)  ...2. |   0.150 us    |                        __rcu_read_unlock();
 0)  ...2. |   2.113 us    |                      }
 0)  ...2. |   2.444 us    |                    }
 0)  ...2. |   0.150 us    |                    __tlb_remove_folio_pages();
 0)  ...2. |   0.160 us    |                    vm_normal_page();
 0)  ...2. |   0.149 us    |                    arch_check_zapped_pte();
 0)  ...2. |               |                    folio_remove_rmap_ptes() {
 0)  ...2. |               |                      lruvec_stat_mod_folio() {
 0)  ...2. |   0.150 us    |                        __rcu_read_lock();
 0)  ...2. |   0.151 us    |                        mod_node_page_state();
 0)  ...2. |               |                        __mod_memcg_lruvec_state() {
 0)  ...3. |   0.151 us    |                          memcg_state_val_in_pages();
 0)  ...3. |   0.150 us    |                          __css_rstat_updated();
 0)  ...2. |   0.811 us    |                        }
 0)  ...2. |   0.150 us    |                        __rcu_read_unlock();
 0)  ...2. |   2.104 us    |                      }
 0)  ...2. |   2.435 us    |                    }
 0)  ...2. |   0.150 us    |                    __tlb_remove_folio_pages();
 0)  ...2. |   0.160 us    |                    vm_normal_page();
 0)  ...2. |   0.151 us    |                    arch_check_zapped_pte();
 0)  ...2. |               |                    folio_remove_rmap_ptes() {
 0)  ...2. |               |                      lruvec_stat_mod_folio() {
 0)  ...2. |   0.151 us    |                        __rcu_read_lock();
 0)  ...2. |   0.210 us    |                        mod_node_page_state();
 0)  ...2. |               |                        __mod_memcg_lruvec_state() {
 0)  ...3. |   0.150 us    |                          memcg_state_val_in_pages();
 0)  ...3. |   0.151 us    |                          __css_rstat_updated();
 0)  ...2. |   0.812 us    |                        }
 0)  ...2. |   0.151 us    |                        __rcu_read_unlock();
 0)  ...2. |   2.174 us    |                      }
 0)  ...2. |   2.504 us    |                    }
 0)  ...2. |   0.150 us    |                    __tlb_remove_folio_pages();
 0)  ...2. |   0.161 us    |                    _raw_spin_unlock();
 0)  ...1. |   0.151 us    |                    __rcu_read_unlock();
 0)  ...1. | + 17.192 us   |                  }
 0)  ...1. |               |                  __zap_vma_range() {
 0)  ...1. |               |                    pte_offset_map_lock() {
 0)  ...1. |               |                      __pte_offset_map() {
 0)  ...1. |   0.151 us    |                        __rcu_read_lock();
 0)  ...1. |   0.470 us    |                      }
 0)  ...1. |   0.150 us    |                      _raw_spin_lock();
 0)  ...2. |   1.133 us    |                    }
 0)  ...2. |   0.150 us    |                    flush_tlb_batched_pending();
 0)  ...2. |   0.160 us    |                    _raw_spin_unlock();
 0)  ...1. |   0.150 us    |                    __rcu_read_unlock();
 0)  ...1. |   2.525 us    |                  }
 0)  ...1. |               |                  __zap_vma_range() {
 0)  ...1. |               |                    pte_offset_map_lock() {
 0)  ...1. |               |                      __pte_offset_map() {
 0)  ...1. |   0.150 us    |                        __rcu_read_lock();
 0)  ...1. |   0.480 us    |                      }
 0)  ...1. |   0.161 us    |                      _raw_spin_lock();
 0)  ...2. |   1.122 us    |                    }
 0)  ...2. |   0.150 us    |                    flush_tlb_batched_pending();
 0)  ...2. |   0.151 us    |                    _raw_spin_unlock();
 0)  ...1. |   0.150 us    |                    __rcu_read_unlock();
 0)  ...1. |   2.475 us    |                  }
 0)  ...1. |               |                  __zap_vma_range() {
 0)  ...1. |               |                    pte_offset_map_lock() {
 0)  ...1. |               |                      __pte_offset_map() {
 0)  ...1. |   0.150 us    |                        __rcu_read_lock();
 0)  ...1. |   0.471 us    |                      }
 0)  ...1. |   0.150 us    |                      _raw_spin_lock();
 0)  ...2. |   1.131 us    |                    }
 0)  ...2. |   0.150 us    |                    flush_tlb_batched_pending();
 0)  ...2. |   0.161 us    |                    _raw_spin_unlock();
 0)  ...1. |   0.150 us    |                    __rcu_read_unlock();
 0)  ...1. |   2.465 us    |                  }
 0)  ...1. |               |                  __zap_vma_range() {
 0)  ...1. |   0.151 us    |                    uprobe_munmap();
 0)  ...1. |               |                    pte_offset_map_lock() {
 0)  ...1. |               |                      __pte_offset_map() {
 0)  ...1. |   0.150 us    |                        __rcu_read_lock();
 0)  ...1. |   0.481 us    |                      }
 0)  ...1. |   0.150 us    |                      _raw_spin_lock();
 0)  ...2. |   1.132 us    |                    }
 0)  ...2. |   0.150 us    |                    flush_tlb_batched_pending();
 0)  ...2. |   0.161 us    |                    vm_normal_page();
 0)  ...2. |   0.160 us    |                    folio_mark_accessed();
 0)  ...2. |   0.150 us    |                    arch_check_zapped_pte();
 0)  ...2. |   0.160 us    |                    folio_remove_rmap_ptes();
 0)  ...2. |   0.150 us    |                    __tlb_remove_folio_pages();
 0)  ...2. |   0.160 us    |                    _raw_spin_unlock();
 0)  ...1. |   0.151 us    |                    __rcu_read_unlock();
 0)  ...1. |   4.539 us    |                  }
 0)  ...1. |               |                  __zap_vma_range() {
 0)  ...1. |   0.151 us    |                    uprobe_munmap();
 0)  ...1. |               |                    pte_offset_map_lock() {
 0)  ...1. |               |                      __pte_offset_map() {
 0)  ...1. |   0.150 us    |                        __rcu_read_lock();
 0)  ...1. |   0.471 us    |                      }
 0)  ...1. |   0.150 us    |                      _raw_spin_lock();
 0)  ...2. |   1.263 us    |                    }
 0)  ...2. |   0.151 us    |                    flush_tlb_batched_pending();
 0)  ...2. |   0.160 us    |                    vm_normal_page();
 0)  ...2. |   0.151 us    |                    folio_mark_accessed();
 0)  ...2. |   0.151 us    |                    arch_check_zapped_pte();
 0)  ...2. |   0.150 us    |                    folio_remove_rmap_ptes();
 0)  ...2. |               |                    __tlb_remove_folio_pages() {
 0)  ...2. |               |                      tlb_next_batch() {
 0)  ...2. |               |                        get_free_pages_noprof() {
 0)  ...2. |               |                          alloc_pages_noprof() {
 0)  ...2. |               |                            alloc_pages_mpol() {
 0)  ...2. |   0.161 us    |                              policy_nodemask();
 0)  ...2. |               |                              __alloc_frozen_pages_noprof() {
 0)  ...2. |               |                                get_page_from_freelist() {
 0)  ...3. |   0.160 us    |                                  _raw_spin_trylock();
 0)  ...4. |   0.161 us    |                                  _raw_spin_unlock();
 0)  ...2. |   0.511 us    |                                  kernel_init_pages();
 0)  ...2. |   1.614 us    |                                }
 0)  ...2. |   1.974 us    |                              }
 0)  ...2. |   2.645 us    |                            }
 0)  ...2. |   2.965 us    |                          }
 0)  ...2. |   3.307 us    |                        }
 0)  ...2. |   3.667 us    |                      }
 0)  ...2. |   4.017 us    |                    }
 0)  ...2. |   0.161 us    |                    vm_normal_page();
 0)  ...2. |   0.151 us    |                    folio_mark_accessed();
 0)  ...2. |   0.150 us    |                    arch_check_zapped_pte();
 0)  ...2. |   0.150 us    |                    folio_remove_rmap_ptes();
 0)  ...2. |   0.161 us    |                    __tlb_remove_folio_pages();
 0)  ...2. |   0.160 us    |                    vm_normal_page();
 0)  ...2. |   0.149 us    |                    folio_mark_accessed();
 0)  ...2. |   0.151 us    |                    arch_check_zapped_pte();
 0)  ...2. |   0.151 us    |                    folio_remove_rmap_ptes();
 0)  ...2. |   0.149 us    |                    __tlb_remove_folio_pages();
 0)  ...2. |   0.160 us    |                    vm_normal_page();
 0)  ...2. |   0.150 us    |                    folio_mark_accessed();
 0)  ...2. |   0.150 us    |                    arch_check_zapped_pte();
 0)  ...2. |   0.150 us    |                    folio_remove_rmap_ptes();
 0)  ...2. |   0.151 us    |                    __tlb_remove_folio_pages();
 0)  ...2. |   0.160 us    |                    vm_normal_page();
 0)  ...2. |   0.151 us    |                    folio_mark_accessed();
 0)  ...2. |   0.151 us    |                    arch_check_zapped_pte();
 0)  ...2. |   0.150 us    |                    folio_remove_rmap_ptes();
 0)  ...2. |   0.149 us    |                    __tlb_remove_folio_pages();
 0)  ...2. |   0.161 us    |                    vm_normal_page();
 0)  ...2. |   0.150 us    |                    folio_mark_accessed();
 0)  ...2. |   0.150 us    |                    arch_check_zapped_pte();
 0)  ...2. |   0.150 us    |                    folio_remove_rmap_ptes();
 0)  ...2. |   0.149 us    |                    __tlb_remove_folio_pages();
 0)  ...2. |   0.160 us    |                    vm_normal_page();
 0)  ...2. |   0.150 us    |                    folio_mark_accessed();
 0)  ...2. |   0.151 us    |                    arch_check_zapped_pte();
 0)  ...2. |   0.150 us    |                    folio_remove_rmap_ptes();
 0)  ...2. |   0.151 us    |                    __tlb_remove_folio_pages();
 0)  ...2. |   0.161 us    |                    vm_normal_page();
 0)  ...2. |   0.151 us    |                    folio_mark_accessed();
 0)  ...2. |   0.149 us    |                    arch_check_zapped_pte();
 0)  ...2. |   0.151 us    |                    folio_remove_rmap_ptes();
 0)  ...2. |   0.150 us    |                    __tlb_remove_folio_pages();
 0)  ...2. |   0.160 us    |                    vm_normal_page();
 0)  ...2. |   0.150 us    |                    folio_mark_accessed();
 0)  ...2. |   0.150 us    |                    arch_check_zapped_pte();
 0)  ...2. |   0.151 us    |                    folio_remove_rmap_ptes();
 0)  ...2. |   0.140 us    |                    __tlb_remove_folio_pages();
 0)  ...2. |   0.160 us    |                    vm_normal_page();
 0)  ...2. |   0.151 us    |                    folio_mark_accessed();
 0)  ...2. |   0.150 us    |                    arch_check_zapped_pte();
 0)  ...2. |   0.149 us    |                    folio_remove_rmap_ptes();
 0)  ...2. |   0.150 us    |                    __tlb_remove_folio_pages();
 0)  ...2. |   0.161 us    |                    vm_normal_page();
 0)  ...2. |   0.151 us    |                    folio_mark_accessed();
 0)  ...2. |   0.150 us    |                    arch_check_zapped_pte();
 0)  ...2. |   0.149 us    |                    folio_remove_rmap_ptes();
 0)  ...2. |   0.150 us    |                    __tlb_remove_folio_pages();
 0)  ...2. |   0.151 us    |                    vm_normal_page();
 0)  ...2. |   0.149 us    |                    folio_mark_accessed();
 0)  ...2. |   0.140 us    |                    arch_check_zapped_pte();
 0)  ...2. |   0.151 us    |                    folio_remove_rmap_ptes();
 0)  ...2. |   0.151 us    |                    __tlb_remove_folio_pages();
 0)  ...2. |   0.161 us    |                    vm_normal_page();
 0)  ...2. |   0.151 us    |                    folio_mark_accessed();
 0)  ...2. |   0.150 us    |                    arch_check_zapped_pte();
 0)  ...2. |   0.150 us    |                    folio_remove_rmap_ptes();
 0)  ...2. |   0.150 us    |                    __tlb_remove_folio_pages();
 0)  ...2. |   0.160 us    |                    vm_normal_page();
 0)  ...2. |   0.160 us    |                    folio_mark_accessed();
 0)  ...2. |   0.151 us    |                    arch_check_zapped_pte();
 0)  ...2. |   0.150 us    |                    folio_remove_rmap_ptes();
 0)  ...2. |   0.150 us    |                    __tlb_remove_folio_pages();
 0)  ...2. |   0.160 us    |                    vm_normal_page();
 0)  ...2. |   0.150 us    |                    folio_mark_accessed();
 0)  ...2. |   0.150 us    |                    arch_check_zapped_pte();
 0)  ...2. |   0.151 us    |                    folio_remove_rmap_ptes();
 0)  ...2. |   0.151 us    |                    __tlb_remove_folio_pages();
 0)  ...2. |   0.160 us    |                    vm_normal_page();
 0)  ...2. |   0.151 us    |                    folio_mark_accessed();
 0)  ...2. |   0.151 us    |                    arch_check_zapped_pte();
 0)  ...2. |   0.150 us    |                    folio_remove_rmap_ptes();
 0)  ...2. |   0.149 us    |                    __tlb_remove_folio_pages();
 0)  ...2. |   0.161 us    |                    vm_normal_page();
 0)  ...2. |   0.150 us    |                    folio_mark_accessed();
 0)  ...2. |   0.150 us    |                    arch_check_zapped_pte();
 0)  ...2. |   0.150 us    |                    folio_remove_rmap_ptes();
 0)  ...2. |   0.151 us    |                    __tlb_remove_folio_pages();
 0)  ...2. |   0.160 us    |                    vm_normal_page();
 0)  ...2. |   0.151 us    |                    folio_mark_accessed();
 0)  ...2. |   0.140 us    |                    arch_check_zapped_pte();
 0)  ...2. |   0.150 us    |                    folio_remove_rmap_ptes();
 0)  ...2. |   0.150 us    |                    __tlb_remove_folio_pages();
 0)  ...2. |   0.160 us    |                    vm_normal_page();
 0)  ...2. |   0.151 us    |                    folio_mark_accessed();
 0)  ...2. |   0.151 us    |                    arch_check_zapped_pte();
 0)  ...2. |   0.150 us    |                    folio_remove_rmap_ptes();
 0)  ...2. |   0.150 us    |                    __tlb_remove_folio_pages();
 0)  ...2. |   0.160 us    |                    vm_normal_page();
 0)  ...2. |   0.151 us    |                    folio_mark_accessed();
 0)  ...2. |   0.150 us    |                    arch_check_zapped_pte();
 0)  ...2. |   0.149 us    |                    folio_remove_rmap_ptes();
 0)  ...2. |   0.150 us    |                    __tlb_remove_folio_pages();
 0)  ...2. |   0.161 us    |                    vm_normal_page();
 0)  ...2. |   0.161 us    |                    folio_mark_accessed();
 0)  ...2. |   0.150 us    |                    arch_check_zapped_pte();
 0)  ...2. |   0.151 us    |                    folio_remove_rmap_ptes();
 0)  ...2. |   0.150 us    |                    __tlb_remove_folio_pages();
 0)  ...2. |   0.160 us    |                    vm_normal_page();
 0)  ...2. |   0.150 us    |                    folio_mark_accessed();
 0)  ...2. |   0.150 us    |                    arch_check_zapped_pte();
 0)  ...2. |   0.151 us    |                    folio_remove_rmap_ptes();
 0)  ...2. |   0.151 us    |                    __tlb_remove_folio_pages();
 0)  ...2. |   0.150 us    |                    vm_normal_page();
 0)  ...2. |   0.151 us    |                    folio_mark_accessed();
 0)  ...2. |   0.150 us    |                    arch_check_zapped_pte();
 0)  ...2. |   0.150 us    |                    folio_remove_rmap_ptes();
 0)  ...2. |   0.150 us    |                    __tlb_remove_folio_pages();
 0)  ...2. |   0.160 us    |                    vm_normal_page();
 0)  ...2. |   0.149 us    |                    folio_mark_accessed();
 0)  ...2. |   0.150 us    |                    arch_check_zapped_pte();
 0)  ...2. |   0.151 us    |                    folio_remove_rmap_ptes();
 0)  ...2. |   0.151 us    |                    __tlb_remove_folio_pages();
 0)  ...2. |   0.160 us    |                    vm_normal_page();
 0)  ...2. |   0.151 us    |                    folio_mark_accessed();
 0)  ...2. |   0.150 us    |                    arch_check_zapped_pte();
 0)  ...2. |   0.150 us    |                    folio_remove_rmap_ptes();
 0)  ...2. |   0.150 us    |                    __tlb_remove_folio_pages();
 0)  ...2. |   0.160 us    |                    vm_normal_page();
 0)  ...2. |   0.160 us    |                    folio_mark_accessed();
 0)  ...2. |   0.151 us    |                    arch_check_zapped_pte();
 0)  ...2. |   0.151 us    |                    folio_remove_rmap_ptes();
 0)  ...2. |   0.149 us    |                    __tlb_remove_folio_pages();
 0)  ...2. |   0.160 us    |                    vm_normal_page();
 0)  ...2. |   0.150 us    |                    folio_mark_accessed();
 0)  ...2. |   0.150 us    |                    arch_check_zapped_pte();
 0)  ...2. |   0.150 us    |                    folio_remove_rmap_ptes();
 0)  ...2. |   0.151 us    |                    __tlb_remove_folio_pages();
 0)  ...2. |   0.160 us    |                    vm_normal_page();
 0)  ...2. |   0.151 us    |                    folio_mark_accessed();
 0)  ...2. |   0.151 us    |                    arch_check_zapped_pte();
 0)  ...2. |   0.150 us    |                    folio_remove_rmap_ptes();
 0)  ...2. |   0.149 us    |                    __tlb_remove_folio_pages();
 0)  ...2. |   0.160 us    |                    vm_normal_page();
 0)  ...2. |   0.150 us    |                    folio_mark_accessed();
 0)  ...2. |   0.151 us    |                    arch_check_zapped_pte();
 0)  ...2. |   0.151 us    |                    folio_remove_rmap_ptes();
 0)  ...2. |   0.150 us    |                    __tlb_remove_folio_pages();
 0)  ...2. |   0.160 us    |                    vm_normal_page();
 0)  ...2. |   0.150 us    |                    folio_mark_accessed();
 0)  ...2. |   0.151 us    |                    arch_check_zapped_pte();
 0)  ...2. |   0.151 us    |                    folio_remove_rmap_ptes();
 0)  ...2. |   0.150 us    |                    __tlb_remove_folio_pages();
 0)  ...2. |   0.160 us    |                    vm_normal_page();
 0)  ...2. |   0.151 us    |                    folio_mark_accessed();
 0)  ...2. |   0.140 us    |                    arch_check_zapped_pte();
 0)  ...2. |   0.149 us    |                    folio_remove_rmap_ptes();
 0)  ...2. |   0.150 us    |                    __tlb_remove_folio_pages();
 0)  ...2. |   0.160 us    |                    vm_normal_page();
 0)  ...2. |   0.150 us    |                    folio_mark_accessed();
 0)  ...2. |   0.150 us    |                    arch_check_zapped_pte();
 0)  ...2. |   0.151 us    |                    folio_remove_rmap_ptes();
 0)  ...2. |   0.151 us    |                    __tlb_remove_folio_pages();
 0)  ...2. |   0.161 us    |                    vm_normal_page();
 0)  ...2. |   0.151 us    |                    folio_mark_accessed();
 0)  ...2. |   0.150 us    |                    arch_check_zapped_pte();
 0)  ...2. |   0.149 us    |                    folio_remove_rmap_ptes();
 0)  ...2. |   0.150 us    |                    __tlb_remove_folio_pages();
 0)  ...2. |   0.160 us    |                    vm_normal_page();
 0)  ...2. |   0.149 us    |                    folio_mark_accessed();
 0)  ...2. |   0.150 us    |                    arch_check_zapped_pte();
 0)  ...2. |   0.151 us    |                    folio_remove_rmap_ptes();
 0)  ...2. |   0.151 us    |                    __tlb_remove_folio_pages();
 0)  ...2. |   0.160 us    |                    vm_normal_page();
 0)  ...2. |   0.150 us    |                    folio_mark_accessed();
 0)  ...2. |   0.150 us    |                    arch_check_zapped_pte();
 0)  ...2. |               |                    folio_remove_rmap_ptes() {
 0)  ...2. |               |                      lruvec_stat_mod_folio() {
 0)  ...2. |   0.151 us    |                        __rcu_read_lock();
 0)  ...2. |   0.161 us    |                        mod_node_page_state();
 0)  ...2. |               |                        __mod_memcg_lruvec_state() {
 0)  ...3. |   0.150 us    |                          memcg_state_val_in_pages();
 0)  ...3. |   0.150 us    |                          __css_rstat_updated();
 0)  ...2. |   0.822 us    |                        }
 0)  ...2. |   0.160 us    |                        __rcu_read_unlock();
 0)  ...2. |   2.134 us    |                      }
 0)  ...2. |   2.456 us    |                    }
 0)  ...2. |   0.151 us    |                    __tlb_remove_folio_pages();
 0)  ...2. |   0.161 us    |                    vm_normal_page();
 0)  ...2. |   0.150 us    |                    folio_mark_accessed();
 0)  ...2. |   0.151 us    |                    arch_check_zapped_pte();
 0)  ...2. |   0.151 us    |                    folio_remove_rmap_ptes();
 0)  ...2. |   0.151 us    |                    __tlb_remove_folio_pages();
 0)  ...2. |   0.160 us    |                    vm_normal_page();
 0)  ...2. |   0.150 us    |                    folio_mark_accessed();
 0)  ...2. |   0.150 us    |                    arch_check_zapped_pte();
 0)  ...2. |   0.151 us    |                    folio_remove_rmap_ptes();
 0)  ...2. |   0.150 us    |                    __tlb_remove_folio_pages();
 0)  ...2. |   0.161 us    |                    vm_normal_page();
 0)  ...2. |   0.149 us    |                    folio_mark_accessed();
 0)  ...2. |   0.150 us    |                    arch_check_zapped_pte();
 0)  ...2. |   0.151 us    |                    folio_remove_rmap_ptes();
 0)  ...2. |   0.150 us    |                    __tlb_remove_folio_pages();
 0)  ...2. |   0.160 us    |                    vm_normal_page();
 0)  ...2. |   0.149 us    |                    folio_mark_accessed();
 0)  ...2. |   0.150 us    |                    arch_check_zapped_pte();
 0)  ...2. |   0.150 us    |                    folio_remove_rmap_ptes();
 0)  ...2. |   0.151 us    |                    __tlb_remove_folio_pages();
 0)  ...2. |   0.160 us    |                    vm_normal_page();
 0)  ...2. |   0.151 us    |                    folio_mark_accessed();
 0)  ...2. |   0.151 us    |                    arch_check_zapped_pte();
 0)  ...2. |   0.150 us    |                    folio_remove_rmap_ptes();
 0)  ...2. |   0.150 us    |                    __tlb_remove_folio_pages();
 0)  ...2. |   0.150 us    |                    vm_normal_page();
 0)  ...2. |   0.150 us    |                    folio_mark_accessed();
 0)  ...2. |   0.151 us    |                    arch_check_zapped_pte();
 0)  ...2. |   0.151 us    |                    folio_remove_rmap_ptes();
 0)  ...2. |   0.151 us    |                    __tlb_remove_folio_pages();
 0)  ...2. |   0.150 us    |                    vm_normal_page();
 0)  ...2. |   0.151 us    |                    folio_mark_accessed();
 0)  ...2. |   0.150 us    |                    arch_check_zapped_pte();
 0)  ...2. |   0.150 us    |                    folio_remove_rmap_ptes();
 0)  ...2. |   0.149 us    |                    __tlb_remove_folio_pages();
 0)  ...2. |   0.151 us    |                    vm_normal_page();
 0)  ...2. |   0.151 us    |                    folio_mark_accessed();
 0)  ...2. |   0.151 us    |                    arch_check_zapped_pte();
 0)  ...2. |   0.150 us    |                    folio_remove_rmap_ptes();
 0)  ...2. |   0.149 us    |                    __tlb_remove_folio_pages();
 0)  ...2. |   0.161 us    |                    vm_normal_page();
 0)  ...2. |   0.150 us    |                    folio_mark_accessed();
 0)  ...2. |   0.149 us    |                    arch_check_zapped_pte();
 0)  ...2. |   0.150 us    |                    folio_remove_rmap_ptes();
 0)  ...2. |   0.151 us    |                    __tlb_remove_folio_pages();
 0)  ...2. |   0.160 us    |                    vm_normal_page();
 0)  ...2. |   0.150 us    |                    folio_mark_accessed();
 0)  ...2. |   0.151 us    |                    arch_check_zapped_pte();
 0)  ...2. |   0.150 us    |                    folio_remove_rmap_ptes();
 0)  ...2. |   0.150 us    |                    __tlb_remove_folio_pages();
 0)  ...2. |   0.161 us    |                    vm_normal_page();
 0)  ...2. |   0.150 us    |                    folio_mark_accessed();
 0)  ...2. |   0.149 us    |                    arch_check_zapped_pte();
 0)  ...2. |   0.151 us    |                    folio_remove_rmap_ptes();
 0)  ...2. |   0.151 us    |                    __tlb_remove_folio_pages();
 0)  ...2. |   0.160 us    |                    vm_normal_page();
 0)  ...2. |   0.150 us    |                    folio_mark_accessed();
 0)  ...2. |   0.151 us    |                    arch_check_zapped_pte();
 0)  ...2. |   0.151 us    |                    folio_remove_rmap_ptes();
 0)  ...2. |   0.150 us    |                    __tlb_remove_folio_pages();
 0)  ...2. |   0.160 us    |                    vm_normal_page();
 0)  ...2. |   0.151 us    |                    folio_mark_accessed();
 0)  ...2. |   0.151 us    |                    arch_check_zapped_pte();
 0)  ...2. |   0.150 us    |                    folio_remove_rmap_ptes();
 0)  ...2. |   0.150 us    |                    __tlb_remove_folio_pages();
 0)  ...2. |   0.161 us    |                    vm_normal_page();
 0)  ...2. |   0.150 us    |                    folio_mark_accessed();
 0)  ...2. |   0.149 us    |                    arch_check_zapped_pte();
 0)  ...2. |   0.150 us    |                    folio_remove_rmap_ptes();
 0)  ...2. |   0.151 us    |                    __tlb_remove_folio_pages();
 0)  ...2. |   0.160 us    |                    vm_normal_page();
 0)  ...2. |   0.160 us    |                    folio_mark_accessed();
 0)  ...2. |   0.151 us    |                    arch_check_zapped_pte();
 0)  ...2. |   0.150 us    |                    folio_remove_rmap_ptes();
 0)  ...2. |   0.140 us    |                    __tlb_remove_folio_pages();
 0)  ...2. |   0.161 us    |                    vm_normal_page();
 0)  ...2. |   0.150 us    |                    folio_mark_accessed();
 0)  ...2. |   0.151 us    |                    arch_check_zapped_pte();
 0)  ...2. |   0.151 us    |                    folio_remove_rmap_ptes();
 0)  ...2. |   0.151 us    |                    __tlb_remove_folio_pages();
 0)  ...2. |   0.160 us    |                    vm_normal_page();
 0)  ...2. |   0.150 us    |                    folio_mark_accessed();
 0)  ...2. |   0.150 us    |                    arch_check_zapped_pte();
 0)  ...2. |   0.150 us    |                    folio_remove_rmap_ptes();
 0)  ...2. |   0.150 us    |                    __tlb_remove_folio_pages();
 0)  ...2. |   0.160 us    |                    vm_normal_page();
 0)  ...2. |   0.150 us    |                    folio_mark_accessed();
 0)  ...2. |   0.151 us    |                    arch_check_zapped_pte();
 0)  ...2. |   0.151 us    |                    folio_remove_rmap_ptes();
 0)  ...2. |   0.150 us    |                    __tlb_remove_folio_pages();
 0)  ...2. |   0.160 us    |                    vm_normal_page();
 0)  ...2. |   0.151 us    |                    folio_mark_accessed();
 0)  ...2. |   0.150 us    |                    arch_check_zapped_pte();
 0)  ...2. |   0.150 us    |                    folio_remove_rmap_ptes();
 0)  ...2. |   0.150 us    |                    __tlb_remove_folio_pages();
 0)  ...2. |   0.161 us    |                    vm_normal_page();
 0)  ...2. |   0.161 us    |                    folio_mark_accessed();
 0)  ...2. |   0.151 us    |                    arch_check_zapped_pte();
 0)  ...2. |   0.151 us    |                    folio_remove_rmap_ptes();
 0)  ...2. |   0.150 us    |                    __tlb_remove_folio_pages();
 0)  ...2. |   0.160 us    |                    vm_normal_page();
 0)  ...2. |   0.150 us    |                    folio_mark_accessed();
 0)  ...2. |   0.150 us    |                    arch_check_zapped_pte();
 0)  ...2. |   0.149 us    |                    folio_remove_rmap_ptes();
 0)  ...2. |   0.150 us    |                    __tlb_remove_folio_pages();
 0)  ...2. |   0.161 us    |                    vm_normal_page();
 0)  ...2. |   0.151 us    |                    folio_mark_accessed();
 0)  ...2. |   0.150 us    |                    arch_check_zapped_pte();
 0)  ...2. |   0.149 us    |                    folio_remove_rmap_ptes();
 0)  ...2. |   0.150 us    |                    __tlb_remove_folio_pages();
 0)  ...2. |   0.151 us    |                    vm_normal_page();
 0)  ...2. |   0.150 us    |                    folio_mark_accessed();
 0)  ...2. |   0.150 us    |                    arch_check_zapped_pte();
 0)  ...2. |   0.150 us    |                    folio_remove_rmap_ptes();
 0)  ...2. |   0.151 us    |                    __tlb_remove_folio_pages();
 0)  ...2. |   0.150 us    |                    vm_normal_page();
 0)  ...2. |   0.150 us    |                    folio_mark_accessed();
 0)  ...2. |   0.150 us    |                    arch_check_zapped_pte();
 0)  ...2. |   0.150 us    |                    folio_remove_rmap_ptes();
 0)  ...2. |   0.151 us    |                    __tlb_remove_folio_pages();
 0)  ...2. |   0.160 us    |                    vm_normal_page();
 0)  ...2. |   0.151 us    |                    folio_mark_accessed();
 0)  ...2. |   0.151 us    |                    arch_check_zapped_pte();
 0)  ...2. |   0.150 us    |                    folio_remove_rmap_ptes();
 0)  ...2. |   0.150 us    |                    __tlb_remove_folio_pages();
 0)  ...2. |   0.161 us    |                    vm_normal_page();
 0)  ...2. |   0.150 us    |                    folio_mark_accessed();
 0)  ...2. |   0.140 us    |                    arch_check_zapped_pte();
 0)  ...2. |   0.150 us    |                    folio_remove_rmap_ptes();
 0)  ...2. |   0.151 us    |                    __tlb_remove_folio_pages();
 0)  ...2. |   0.150 us    |                    vm_normal_page();
 0)  ...2. |   0.150 us    |                    folio_mark_accessed();
 0)  ...2. |   0.149 us    |                    arch_check_zapped_pte();
 0)  ...2. |   0.150 us    |                    folio_remove_rmap_ptes();
 0)  ...2. |   0.150 us    |                    __tlb_remove_folio_pages();
 0)  ...2. |   0.151 us    |                    vm_normal_page();
 0)  ...2. |   0.150 us    |                    folio_mark_accessed();
 0)  ...2. |   0.151 us    |                    arch_check_zapped_pte();
 0)  ...2. |   0.151 us    |                    folio_remove_rmap_ptes();
 0)  ...2. |   0.151 us    |                    __tlb_remove_folio_pages();
 0)  ...2. |   0.149 us    |                    vm_normal_page();
 0)  ...2. |   0.150 us    |                    folio_mark_accessed();
 0)  ...2. |   0.150 us    |                    arch_check_zapped_pte();
 0)  ...2. |   0.150 us    |                    folio_remove_rmap_ptes();
 0)  ...2. |   0.150 us    |                    __tlb_remove_folio_pages();
 0)  ...2. |   0.151 us    |                    vm_normal_page();
 0)  ...2. |   0.150 us    |                    folio_mark_accessed();
 0)  ...2. |   0.150 us    |                    arch_check_zapped_pte();
 0)  ...2. |   0.151 us    |                    folio_remove_rmap_ptes();
 0)  ...2. |   0.150 us    |                    __tlb_remove_folio_pages();
 0)  ...2. |   0.160 us    |                    vm_normal_page();
 0)  ...2. |   0.151 us    |                    folio_mark_accessed();
 0)  ...2. |   0.151 us    |                    arch_check_zapped_pte();
 0)  ...2. |   0.149 us    |                    folio_remove_rmap_ptes();
 0)  ...2. |   0.150 us    |                    __tlb_remove_folio_pages();
 0)  ...2. |   0.161 us    |                    vm_normal_page();
 0)  ...2. |   0.150 us    |                    folio_mark_accessed();
 0)  ...2. |   0.150 us    |                    arch_check_zapped_pte();
 0)  ...2. |               |                    folio_remove_rmap_ptes() {
 0)  ...2. |               |                      lruvec_stat_mod_folio() {
 0)  ...2. |   0.151 us    |                        __rcu_read_lock();
 0)  ...2. |   0.161 us    |                        mod_node_page_state();
 0)  ...2. |               |                        __mod_memcg_lruvec_state() {
 0)  ...3. |   0.281 us    |                          memcg_state_val_in_pages();
 0)  ...3. |   0.149 us    |                          __css_rstat_updated();
 0)  ...2. |   0.932 us    |                        }
 0)  ...2. |   0.149 us    |                        __rcu_read_unlock();
 0)  ...2. |   2.224 us    |                      }
 0)  ...2. |   2.555 us    |                    }
 0)  ...2. |   0.151 us    |                    __tlb_remove_folio_pages();
 0)  ...2. |   0.161 us    |                    vm_normal_page();
 0)  ...2. |   0.151 us    |                    folio_mark_accessed();
 0)  ...2. |   0.149 us    |                    arch_check_zapped_pte();
 0)  ...2. |   0.150 us    |                    folio_remove_rmap_ptes();
 0)  ...2. |   0.150 us    |                    __tlb_remove_folio_pages();
 0)  ...2. |   0.160 us    |                    vm_normal_page();
 0)  ...2. |   0.150 us    |                    folio_mark_accessed();
 0)  ...2. |   0.151 us    |                    arch_check_zapped_pte();
 0)  ...2. |   0.151 us    |                    folio_remove_rmap_ptes();
 0)  ...2. |   0.151 us    |                    __tlb_remove_folio_pages();
 0)  ...2. |   0.161 us    |                    vm_normal_page();
 0)  ...2. |   0.150 us    |                    folio_mark_accessed();
 0)  ...2. |   0.150 us    |                    arch_check_zapped_pte();
 0)  ...2. |   0.150 us    |                    folio_remove_rmap_ptes();
 0)  ...2. |   0.151 us    |                    __tlb_remove_folio_pages();
 0)  ...2. |   0.160 us    |                    vm_normal_page();
 0)  ...2. |   0.150 us    |                    folio_mark_accessed();
 0)  ...2. |   0.151 us    |                    arch_check_zapped_pte();
 0)  ...2. |   0.151 us    |                    folio_remove_rmap_ptes();
 0)  ...2. |   0.150 us    |                    __tlb_remove_folio_pages();
 0)  ...2. |   0.160 us    |                    vm_normal_page();
 0)  ...2. |   0.150 us    |                    folio_mark_accessed();
 0)  ...2. |   0.150 us    |                    arch_check_zapped_pte();
 0)  ...2. |   0.150 us    |                    folio_remove_rmap_ptes();
 0)  ...2. |   0.150 us    |                    __tlb_remove_folio_pages();
 0)  ...2. |   0.160 us    |                    vm_normal_page();
 0)  ...2. |   0.151 us    |                    folio_mark_accessed();
 0)  ...2. |   0.151 us    |                    arch_check_zapped_pte();
 0)  ...2. |   0.149 us    |                    folio_remove_rmap_ptes();
 0)  ...2. |   0.150 us    |                    __tlb_remove_folio_pages();
 0)  ...2. |   0.160 us    |                    vm_normal_page();
 0)  ...2. |   0.150 us    |                    folio_mark_accessed();
 0)  ...2. |   0.150 us    |                    arch_check_zapped_pte();
 0)  ...2. |   0.151 us    |                    folio_remove_rmap_ptes();
 0)  ...2. |   0.150 us    |                    __tlb_remove_folio_pages();
 0)  ...2. |   0.150 us    |                    vm_normal_page();
 0)  ...2. |   0.151 us    |                    folio_mark_accessed();
 0)  ...2. |   0.140 us    |                    arch_check_zapped_pte();
 0)  ...2. |   0.149 us    |                    folio_remove_rmap_ptes();
 0)  ...2. |   0.150 us    |                    __tlb_remove_folio_pages();
 0)  ...2. |   0.161 us    |                    vm_normal_page();
 0)  ...2. |   0.150 us    |                    folio_mark_accessed();
 0)  ...2. |   0.150 us    |                    arch_check_zapped_pte();
 0)  ...2. |   0.151 us    |                    folio_remove_rmap_ptes();
 0)  ...2. |   0.151 us    |                    __tlb_remove_folio_pages();
 0)  ...2. |   0.301 us    |                    vm_normal_page();
 0)  ...2. |   0.151 us    |                    folio_mark_accessed();
 0)  ...2. |   0.151 us    |                    arch_check_zapped_pte();
 0)  ...2. |   0.150 us    |                    folio_remove_rmap_ptes();
 0)  ...2. |   0.149 us    |                    __tlb_remove_folio_pages();
 0)  ...2. |   0.160 us    |                    vm_normal_page();
 0)  ...2. |   0.151 us    |                    folio_mark_accessed();
 0)  ...2. |   0.149 us    |                    arch_check_zapped_pte();
 0)  ...2. |   0.150 us    |                    folio_remove_rmap_ptes();
 0)  ...2. |   0.160 us    |                    __tlb_remove_folio_pages();
 0)  ...2. |   0.160 us    |                    vm_normal_page();
 0)  ...2. |   0.150 us    |                    folio_mark_accessed();
 0)  ...2. |   0.151 us    |                    arch_check_zapped_pte();
 0)  ...2. |   0.150 us    |                    folio_remove_rmap_ptes();
 0)  ...2. |   0.150 us    |                    __tlb_remove_folio_pages();
 0)  ...2. |   0.160 us    |                    vm_normal_page();
 0)  ...2. |   0.150 us    |                    folio_mark_accessed();
 0)  ...2. |   0.151 us    |                    arch_check_zapped_pte();
 0)  ...2. |   0.150 us    |                    folio_remove_rmap_ptes();
 0)  ...2. |   0.150 us    |                    __tlb_remove_folio_pages();
 0)  ...2. |   0.160 us    |                    vm_normal_page();
 0)  ...2. |   0.150 us    |                    folio_mark_accessed();
 0)  ...2. |   0.151 us    |                    arch_check_zapped_pte();
 0)  ...2. |   0.150 us    |                    folio_remove_rmap_ptes();
 0)  ...2. |   0.150 us    |                    __tlb_remove_folio_pages();
 0)  ...2. |   0.160 us    |                    vm_normal_page();
 0)  ...2. |   0.161 us    |                    folio_mark_accessed();
 0)  ...2. |   0.151 us    |                    arch_check_zapped_pte();
 0)  ...2. |   0.150 us    |                    folio_remove_rmap_ptes();
 0)  ...2. |   0.150 us    |                    __tlb_remove_folio_pages();
 0)  ...2. |   0.160 us    |                    vm_normal_page();
 0)  ...2. |   0.150 us    |                    folio_mark_accessed();
 0)  ...2. |   0.150 us    |                    arch_check_zapped_pte();
 0)  ...2. |   0.151 us    |                    folio_remove_rmap_ptes();
 0)  ...2. |   0.150 us    |                    __tlb_remove_folio_pages();
 0)  ...2. |   0.160 us    |                    vm_normal_page();
 0)  ...2. |   0.150 us    |                    folio_mark_accessed();
 0)  ...2. |   0.150 us    |                    arch_check_zapped_pte();
 0)  ...2. |   0.151 us    |                    folio_remove_rmap_ptes();
 0)  ...2. |   0.151 us    |                    __tlb_remove_folio_pages();
 0)  ...2. |   0.160 us    |                    vm_normal_page();
 0)  ...2. |   0.149 us    |                    folio_mark_accessed();
 0)  ...2. |   0.150 us    |                    arch_check_zapped_pte();
 0)  ...2. |   0.151 us    |                    folio_remove_rmap_ptes();
 0)  ...2. |   0.151 us    |                    __tlb_remove_folio_pages();
 0)  ...2. |   0.160 us    |                    vm_normal_page();
 0)  ...2. |   0.160 us    |                    folio_mark_accessed();
 0)  ...2. |   0.150 us    |                    arch_check_zapped_pte();
 0)  ...2. |   0.160 us    |                    folio_remove_rmap_ptes();
 0)  ...2. |   0.151 us    |                    __tlb_remove_folio_pages();
 0)  ...2. |   0.160 us    |                    vm_normal_page();
 0)  ...2. |   0.301 us    |                    folio_mark_accessed();
 0)  ...2. |   0.149 us    |                    arch_check_zapped_pte();
 0)  ...2. |   0.150 us    |                    folio_remove_rmap_ptes();
 0)  ...2. |   0.150 us    |                    __tlb_remove_folio_pages();
 0)  ...2. |   0.160 us    |                    vm_normal_page();
 0)  ...2. |   0.160 us    |                    folio_mark_accessed();
 0)  ...2. |   0.151 us    |                    arch_check_zapped_pte();
 0)  ...2. |   0.150 us    |                    folio_remove_rmap_ptes();
 0)  ...2. |   0.150 us    |                    __tlb_remove_folio_pages();
 0)  ...2. |   0.161 us    |                    vm_normal_page();
 0)  ...2. |   0.150 us    |                    folio_mark_accessed();
 0)  ...2. |   0.149 us    |                    arch_check_zapped_pte();
 0)  ...2. |   0.151 us    |                    folio_remove_rmap_ptes();
 0)  ...2. |   0.151 us    |                    __tlb_remove_folio_pages();
 0)  ...2. |   0.149 us    |                    vm_normal_page();
 0)  ...2. |   0.150 us    |                    folio_mark_accessed();
 0)  ...2. |   0.151 us    |                    arch_check_zapped_pte();
 0)  ...2. |   0.151 us    |                    folio_remove_rmap_ptes();
 0)  ...2. |   0.150 us    |                    __tlb_remove_folio_pages();
 0)  ...2. |   0.160 us    |                    vm_normal_page();
 0)  ...2. |   0.151 us    |                    folio_mark_accessed();
 0)  ...2. |   0.151 us    |                    arch_check_zapped_pte();
 0)  ...2. |   0.151 us    |                    folio_remove_rmap_ptes();
 0)  ...2. |   0.150 us    |                    __tlb_remove_folio_pages();
 0)  ...2. |   0.160 us    |                    vm_normal_page();
 0)  ...2. |   0.150 us    |                    folio_mark_accessed();
 0)  ...2. |   0.150 us    |                    arch_check_zapped_pte();
 0)  ...2. |   0.151 us    |                    folio_remove_rmap_ptes();
 0)  ...2. |   0.150 us    |                    __tlb_remove_folio_pages();
 0)  ...2. |   0.161 us    |                    vm_normal_page();
 0)  ...2. |   0.151 us    |                    folio_mark_accessed();
 0)  ...2. |   0.150 us    |                    arch_check_zapped_pte();
 0)  ...2. |   0.149 us    |                    folio_remove_rmap_ptes();
 0)  ...2. |   0.150 us    |                    __tlb_remove_folio_pages();
 0)  ...2. |   0.151 us    |                    vm_normal_page();
 0)  ...2. |   0.150 us    |                    folio_mark_accessed();
 0)  ...2. |   0.150 us    |                    arch_check_zapped_pte();
 0)  ...2. |   0.151 us    |                    folio_remove_rmap_ptes();
 0)  ...2. |   0.151 us    |                    __tlb_remove_folio_pages();
 0)  ...2. |   0.150 us    |                    vm_normal_page();
 0)  ...2. |   0.151 us    |                    folio_mark_accessed();
 0)  ...2. |   0.150 us    |                    arch_check_zapped_pte();
 0)  ...2. |   0.150 us    |                    folio_remove_rmap_ptes();
 0)  ...2. |   0.150 us    |                    __tlb_remove_folio_pages();
 0)  ...2. |   0.161 us    |                    vm_normal_page();
 0)  ...2. |   0.149 us    |                    folio_mark_accessed();
 0)  ...2. |   0.150 us    |                    arch_check_zapped_pte();
 0)  ...2. |   0.151 us    |                    folio_remove_rmap_ptes();
 0)  ...2. |   0.151 us    |                    __tlb_remove_folio_pages();
 0)  ...2. |   0.160 us    |                    vm_normal_page();
 0)  ...2. |   0.160 us    |                    folio_mark_accessed();
 0)  ...2. |   0.290 us    |                    arch_check_zapped_pte();
 0)  ...2. |   0.150 us    |                    folio_remove_rmap_ptes();
 0)  ...2. |   0.151 us    |                    __tlb_remove_folio_pages();
 0)  ...2. |   0.160 us    |                    vm_normal_page();
 0)  ...2. |   0.160 us    |                    folio_mark_accessed();
 0)  ...2. |   0.160 us    |                    arch_check_zapped_pte();
 0)  ...2. |   0.150 us    |                    folio_remove_rmap_ptes();
 0)  ...2. |   0.150 us    |                    __tlb_remove_folio_pages();
 0)  ...2. |   0.151 us    |                    vm_normal_page();
 0)  ...2. |   0.150 us    |                    folio_mark_accessed();
 0)  ...2. |   0.140 us    |                    arch_check_zapped_pte();
 0)  ...2. |   0.150 us    |                    folio_remove_rmap_ptes();
 0)  ...2. |   0.150 us    |                    __tlb_remove_folio_pages();
 0)  ...2. |   0.151 us    |                    vm_normal_page();
 0)  ...2. |   0.150 us    |                    folio_mark_accessed();
 0)  ...2. |   0.141 us    |                    arch_check_zapped_pte();
 0)  ...2. |   0.151 us    |                    folio_remove_rmap_ptes();
 0)  ...2. |   0.150 us    |                    __tlb_remove_folio_pages();
 0)  ...2. |   0.160 us    |                    vm_normal_page();
 0)  ...2. |   0.151 us    |                    folio_mark_accessed();
 0)  ...2. |   0.150 us    |                    arch_check_zapped_pte();
 0)  ...2. |   0.150 us    |                    folio_remove_rmap_ptes();
 0)  ...2. |   0.150 us    |                    __tlb_remove_folio_pages();
 0)  ...2. |   0.160 us    |                    vm_normal_page();
 0)  ...2. |   0.150 us    |                    folio_mark_accessed();
 0)  ...2. |   0.151 us    |                    arch_check_zapped_pte();
 0)  ...2. |   0.151 us    |                    folio_remove_rmap_ptes();
 0)  ...2. |   0.150 us    |                    __tlb_remove_folio_pages();
 0)  ...2. |   0.150 us    |                    vm_normal_page();
 0)  ...2. |   0.151 us    |                    folio_mark_accessed();
 0)  ...2. |   0.140 us    |                    arch_check_zapped_pte();
 0)  ...2. |   0.149 us    |                    folio_remove_rmap_ptes();
 0)  ...2. |   0.150 us    |                    __tlb_remove_folio_pages();
 0)  ...2. |   0.151 us    |                    vm_normal_page();
 0)  ...2. |   0.150 us    |                    folio_mark_accessed();
 0)  ...2. |   0.150 us    |                    arch_check_zapped_pte();
 0)  ...2. |   0.151 us    |                    folio_remove_rmap_ptes();
 0)  ...2. |   0.151 us    |                    __tlb_remove_folio_pages();
 0)  ...2. |   0.161 us    |                    vm_normal_page();
 0)  ...2. |   0.151 us    |                    folio_mark_accessed();
 0)  ...2. |   0.150 us    |                    arch_check_zapped_pte();
 0)  ...2. |   0.150 us    |                    folio_remove_rmap_ptes();
 0)  ...2. |   0.150 us    |                    __tlb_remove_folio_pages();
 0)  ...2. |   0.160 us    |                    vm_normal_page();
 0)  ...2. |   0.149 us    |                    folio_mark_accessed();
 0)  ...2. |   0.150 us    |                    arch_check_zapped_pte();
 0)  ...2. |   0.150 us    |                    folio_remove_rmap_ptes();
 0)  ...2. |   0.151 us    |                    __tlb_remove_folio_pages();
 0)  ...2. |   0.161 us    |                    vm_normal_page();
 0)  ...2. |   0.149 us    |                    folio_mark_accessed();
 0)  ...2. |   0.150 us    |                    arch_check_zapped_pte();
 0)  ...2. |   0.320 us    |                    folio_remove_rmap_ptes();
 0)  ...2. |   0.151 us    |                    __tlb_remove_folio_pages();
 0)  ...2. |   0.171 us    |                    vm_normal_page();
 0)  ...2. |   0.150 us    |                    folio_mark_accessed();
 0)  ...2. |   0.149 us    |                    arch_check_zapped_pte();
 0)  ...2. |   0.151 us    |                    folio_remove_rmap_ptes();
 0)  ...2. |   0.151 us    |                    __tlb_remove_folio_pages();
 0)  ...2. |   0.161 us    |                    vm_normal_page();
 0)  ...2. |   0.150 us    |                    folio_mark_accessed();
 0)  ...2. |   0.149 us    |                    arch_check_zapped_pte();
 0)  ...2. |   0.150 us    |                    folio_remove_rmap_ptes();
 0)  ...2. |   0.151 us    |                    __tlb_remove_folio_pages();
 0)  ...2. |   0.160 us    |                    vm_normal_page();
 0)  ...2. |   0.150 us    |                    folio_mark_accessed();
 0)  ...2. |   0.151 us    |                    arch_check_zapped_pte();
 0)  ...2. |   0.151 us    |                    folio_remove_rmap_ptes();
 0)  ...2. |   0.150 us    |                    __tlb_remove_folio_pages();
 0)  ...2. |   0.160 us    |                    vm_normal_page();
 0)  ...2. |   0.150 us    |                    folio_mark_accessed();
 0)  ...2. |   0.151 us    |                    arch_check_zapped_pte();
 0)  ...2. |   0.150 us    |                    folio_remove_rmap_ptes();
 0)  ...2. |   0.150 us    |                    __tlb_remove_folio_pages();
 0)  ...2. |   0.160 us    |                    vm_normal_page();
 0)  ...2. |   0.150 us    |                    folio_mark_accessed();
 0)  ...2. |   0.150 us    |                    arch_check_zapped_pte();
 0)  ...2. |   0.151 us    |                    folio_remove_rmap_ptes();
 0)  ...2. |   0.150 us    |                    __tlb_remove_folio_pages();
 0)  ...2. |   0.150 us    |                    vm_normal_page();
 0)  ...2. |   0.151 us    |                    folio_mark_accessed();
 0)  ...2. |   0.140 us    |                    arch_check_zapped_pte();
 0)  ...2. |   0.149 us    |                    folio_remove_rmap_ptes();
 0)  ...2. |   0.150 us    |                    __tlb_remove_folio_pages();
 0)  ...2. |   0.151 us    |                    vm_normal_page();
 0)  ...2. |   0.150 us    |                    folio_mark_accessed();
 0)  ...2. |   0.150 us    |                    arch_check_zapped_pte();
 0)  ...2. |   0.151 us    |                    folio_remove_rmap_ptes();
 0)  ...2. |   0.151 us    |                    __tlb_remove_folio_pages();
 0)  ...2. |   0.160 us    |                    vm_normal_page();
 0)  ...2. |   0.151 us    |                    folio_mark_accessed();
 0)  ...2. |   0.150 us    |                    arch_check_zapped_pte();
 0)  ...2. |   0.150 us    |                    folio_remove_rmap_ptes();
 0)  ...2. |   0.151 us    |                    __tlb_remove_folio_pages();
 0)  ...2. |   0.161 us    |                    vm_normal_page();
 0)  ...2. |   0.151 us    |                    folio_mark_accessed();
 0)  ...2. |   0.150 us    |                    arch_check_zapped_pte();
 0)  ...2. |   0.151 us    |                    folio_remove_rmap_ptes();
 0)  ...2. |   0.150 us    |                    __tlb_remove_folio_pages();
 0)  ...2. |   0.160 us    |                    vm_normal_page();
 0)  ...2. |   0.149 us    |                    folio_mark_accessed();
 0)  ...2. |   0.150 us    |                    arch_check_zapped_pte();
 0)  ...2. |   0.150 us    |                    folio_remove_rmap_ptes();
 0)  ...2. |   0.291 us    |                    __tlb_remove_folio_pages();
 0)  ...2. |   0.161 us    |                    vm_normal_page();
 0)  ...2. |   0.161 us    |                    folio_mark_accessed();
 0)  ...2. |   0.149 us    |                    arch_check_zapped_pte();
 0)  ...2. |   0.150 us    |                    folio_remove_rmap_ptes();
 0)  ...2. |   0.161 us    |                    __tlb_remove_folio_pages();
 0)  ...2. |   0.161 us    |                    vm_normal_page();
 0)  ...2. |   0.150 us    |                    folio_mark_accessed();
 0)  ...2. |   0.149 us    |                    arch_check_zapped_pte();
 0)  ...2. |   0.151 us    |                    folio_remove_rmap_ptes();
 0)  ...2. |   0.151 us    |                    __tlb_remove_folio_pages();
 0)  ...2. |   0.160 us    |                    vm_normal_page();
 0)  ...2. |   0.150 us    |                    folio_mark_accessed();
 0)  ...2. |   0.151 us    |                    arch_check_zapped_pte();
 0)  ...2. |   0.150 us    |                    folio_remove_rmap_ptes();
 0)  ...2. |   0.150 us    |                    __tlb_remove_folio_pages();
 0)  ...2. |   0.160 us    |                    vm_normal_page();
 0)  ...2. |   0.150 us    |                    folio_mark_accessed();
 0)  ...2. |   0.150 us    |                    arch_check_zapped_pte();
 0)  ...2. |   0.151 us    |                    folio_remove_rmap_ptes();
 0)  ...2. |   0.150 us    |                    __tlb_remove_folio_pages();
 0)  ...2. |   0.149 us    |                    vm_normal_page();
 0)  ...2. |   0.151 us    |                    folio_mark_accessed();
 0)  ...2. |   0.151 us    |                    arch_check_zapped_pte();
 0)  ...2. |   0.150 us    |                    folio_remove_rmap_ptes();
 0)  ...2. |   0.150 us    |                    __tlb_remove_folio_pages();
 0)  ...2. |   0.161 us    |                    _raw_spin_lock_irqsave();
 0)  d..3. |   0.161 us    |                    _raw_spin_unlock_irqrestore();
 0)  ...2. |   0.160 us    |                    _raw_spin_unlock();
 0)  ...1. |   0.151 us    |                    __rcu_read_unlock();
 0)  ...1. | ! 213.771 us  |                  }
 0)  ...1. |               |                  __zap_vma_range() {
 0)  ...1. |   0.151 us    |                    uprobe_munmap();
 0)  ...1. |               |                    pte_offset_map_lock() {
 0)  ...1. |               |                      __pte_offset_map() {
 0)  ...1. |   0.150 us    |                        __rcu_read_lock();
 0)  ...1. |   0.481 us    |                      }
 0)  ...1. |   0.150 us    |                      _raw_spin_lock();
 0)  ...2. |   1.171 us    |                    }
 0)  ...2. |   0.150 us    |                    flush_tlb_batched_pending();
 0)  ...2. |   0.151 us    |                    vm_normal_page();
 0)  ...2. |   0.161 us    |                    folio_mark_accessed();
 0)  ...2. |   0.151 us    |                    arch_check_zapped_pte();
 0)  ...2. |   0.149 us    |                    folio_remove_rmap_ptes();
 0)  ...2. |   0.140 us    |                    __tlb_remove_folio_pages();
 0)  ...2. |   0.161 us    |                    vm_normal_page();
 0)  ...2. |   0.151 us    |                    folio_mark_accessed();
 0)  ...2. |   0.150 us    |                    arch_check_zapped_pte();
 0)  ...2. |   0.149 us    |                    folio_remove_rmap_ptes();
 0)  ...2. |   0.150 us    |                    __tlb_remove_folio_pages();
 0)  ...2. |   0.161 us    |                    vm_normal_page();
 0)  ...2. |   0.150 us    |                    folio_mark_accessed();
 0)  ...2. |   0.150 us    |                    arch_check_zapped_pte();
 0)  ...2. |   0.151 us    |                    folio_remove_rmap_ptes();
 0)  ...2. |   0.451 us    |                    __tlb_remove_folio_pages();
 0)  ...2. |   0.161 us    |                    vm_normal_page();
 0)  ...2. |   0.150 us    |                    folio_mark_accessed();
 0)  ...2. |   0.150 us    |                    arch_check_zapped_pte();
 0)  ...2. |   0.150 us    |                    folio_remove_rmap_ptes();
 0)  ...2. |   0.150 us    |                    __tlb_remove_folio_pages();
 0)  ...2. |   0.149 us    |                    vm_normal_page();
 0)  ...2. |   0.151 us    |                    folio_mark_accessed();
 0)  ...2. |   0.150 us    |                    arch_check_zapped_pte();
 0)  ...2. |   0.150 us    |                    folio_remove_rmap_ptes();
 0)  ...2. |   0.150 us    |                    __tlb_remove_folio_pages();
 0)  ...2. |   0.161 us    |                    vm_normal_page();
 0)  ...2. |   0.161 us    |                    folio_mark_accessed();
 0)  ...2. |   0.151 us    |                    arch_check_zapped_pte();
 0)  ...2. |   0.151 us    |                    folio_remove_rmap_ptes();
 0)  ...2. |   0.150 us    |                    __tlb_remove_folio_pages();
 0)  ...2. |   0.160 us    |                    vm_normal_page();
 0)  ...2. |   0.150 us    |                    folio_mark_accessed();
 0)  ...2. |   0.160 us    |                    arch_check_zapped_pte();
 0)  ...2. |   0.151 us    |                    folio_remove_rmap_ptes();
 0)  ...2. |   0.150 us    |                    __tlb_remove_folio_pages();
 0)  ...2. |   0.161 us    |                    vm_normal_page();
 0)  ...2. |   0.161 us    |                    folio_mark_accessed();
 0)  ...2. |   0.150 us    |                    arch_check_zapped_pte();
 0)  ...2. |   0.151 us    |                    folio_remove_rmap_ptes();
 0)  ...2. |   0.150 us    |                    __tlb_remove_folio_pages();
 0)  ...2. |   0.160 us    |                    vm_normal_page();
 0)  ...2. |   0.160 us    |                    folio_mark_accessed();
 0)  ...2. |   0.150 us    |                    arch_check_zapped_pte();
 0)  ...2. |   0.151 us    |                    folio_remove_rmap_ptes();
 0)  ...2. |   0.150 us    |                    __tlb_remove_folio_pages();
 0)  ...2. |   0.160 us    |                    vm_normal_page();
 0)  ...2. |   0.149 us    |                    folio_mark_accessed();
 0)  ...2. |   0.150 us    |                    arch_check_zapped_pte();
 0)  ...2. |   0.150 us    |                    folio_remove_rmap_ptes();
 0)  ...2. |   0.151 us    |                    __tlb_remove_folio_pages();
 0)  ...2. |   0.160 us    |                    vm_normal_page();
 0)  ...2. |   0.151 us    |                    folio_mark_accessed();
 0)  ...2. |   0.151 us    |                    arch_check_zapped_pte();
 0)  ...2. |   0.150 us    |                    folio_remove_rmap_ptes();
 0)  ...2. |   0.149 us    |                    __tlb_remove_folio_pages();
 0)  ...2. |   0.160 us    |                    vm_normal_page();
 0)  ...2. |   0.150 us    |                    folio_mark_accessed();
 0)  ...2. |   0.150 us    |                    arch_check_zapped_pte();
 0)  ...2. |   0.150 us    |                    folio_remove_rmap_ptes();
 0)  ...2. |   0.151 us    |                    __tlb_remove_folio_pages();
 0)  ...2. |   0.160 us    |                    vm_normal_page();
 0)  ...2. |   0.151 us    |                    folio_mark_accessed();
 0)  ...2. |   0.151 us    |                    arch_check_zapped_pte();
 0)  ...2. |   0.150 us    |                    folio_remove_rmap_ptes();
 0)  ...2. |   0.149 us    |                    __tlb_remove_folio_pages();
 0)  ...2. |   0.301 us    |                    vm_normal_page();
 0)  ...2. |   0.150 us    |                    folio_mark_accessed();
 0)  ...2. |   0.150 us    |                    arch_check_zapped_pte();
 0)  ...2. |   0.151 us    |                    folio_remove_rmap_ptes();
 0)  ...2. |   0.161 us    |                    __tlb_remove_folio_pages();
 0)  ...2. |   0.160 us    |                    vm_normal_page();
 0)  ...2. |   0.150 us    |                    folio_mark_accessed();
 0)  ...2. |   0.150 us    |                    arch_check_zapped_pte();
 0)  ...2. |   0.151 us    |                    folio_remove_rmap_ptes();
 0)  ...2. |   0.150 us    |                    __tlb_remove_folio_pages();
 0)  ...2. |   0.160 us    |                    vm_normal_page();
 0)  ...2. |   0.151 us    |                    folio_mark_accessed();
 0)  ...2. |   0.140 us    |                    arch_check_zapped_pte();
 0)  ...2. |   0.149 us    |                    folio_remove_rmap_ptes();
 0)  ...2. |   0.150 us    |                    __tlb_remove_folio_pages();
 0)  ...2. |   0.161 us    |                    vm_normal_page();
 0)  ...2. |   0.150 us    |                    folio_mark_accessed();
 0)  ...2. |   0.151 us    |                    arch_check_zapped_pte();
 0)  ...2. |   0.151 us    |                    folio_remove_rmap_ptes();
 0)  ...2. |   0.150 us    |                    __tlb_remove_folio_pages();
 0)  ...2. |   0.160 us    |                    vm_normal_page();
 0)  ...2. |   0.160 us    |                    folio_mark_accessed();
 0)  ...2. |   0.150 us    |                    arch_check_zapped_pte();
 0)  ...2. |   0.149 us    |                    folio_remove_rmap_ptes();
 0)  ...2. |   0.150 us    |                    __tlb_remove_folio_pages();
 0)  ...2. |   0.161 us    |                    vm_normal_page();
 0)  ...2. |   0.161 us    |                    folio_mark_accessed();
 0)  ...2. |   0.150 us    |                    arch_check_zapped_pte();
 0)  ...2. |   0.151 us    |                    folio_remove_rmap_ptes();
 0)  ...2. |   0.151 us    |                    __tlb_remove_folio_pages();
 0)  ...2. |   0.160 us    |                    vm_normal_page();
 0)  ...2. |   0.151 us    |                    folio_mark_accessed();
 0)  ...2. |   0.150 us    |                    arch_check_zapped_pte();
 0)  ...2. |   0.150 us    |                    folio_remove_rmap_ptes();
 0)  ...2. |   0.150 us    |                    __tlb_remove_folio_pages();
 0)  ...2. |   0.160 us    |                    vm_normal_page();
 0)  ...2. |   0.160 us    |                    folio_mark_accessed();
 0)  ...2. |   0.151 us    |                    arch_check_zapped_pte();
 0)  ...2. |   0.151 us    |                    folio_remove_rmap_ptes();
 0)  ...2. |   0.151 us    |                    __tlb_remove_folio_pages();
 0)  ...2. |   0.160 us    |                    vm_normal_page();
 0)  ...2. |   0.160 us    |                    folio_mark_accessed();
 0)  ...2. |   0.150 us    |                    arch_check_zapped_pte();
 0)  ...2. |   0.150 us    |                    folio_remove_rmap_ptes();
 0)  ...2. |   0.151 us    |                    __tlb_remove_folio_pages();
 0)  ...2. |   0.160 us    |                    vm_normal_page();
 0)  ...2. |   0.151 us    |                    folio_mark_accessed();
 0)  ...2. |   0.151 us    |                    arch_check_zapped_pte();
 0)  ...2. |   0.151 us    |                    folio_remove_rmap_ptes();
 0)  ...2. |   0.149 us    |                    __tlb_remove_folio_pages();
 0)  ...2. |   0.160 us    |                    vm_normal_page();
 0)  ...2. |   0.290 us    |                    folio_mark_accessed();
 0)  ...2. |   0.151 us    |                    arch_check_zapped_pte();
 0)  ...2. |   0.151 us    |                    folio_remove_rmap_ptes();
 0)  ...2. |   0.151 us    |                    __tlb_remove_folio_pages();
 0)  ...2. |   0.169 us    |                    vm_normal_page();
 0)  ...2. |   0.160 us    |                    folio_mark_accessed();
 0)  ...2. |   0.150 us    |                    arch_check_zapped_pte();
 0)  ...2. |   0.150 us    |                    folio_remove_rmap_ptes();
 0)  ...2. |   0.150 us    |                    __tlb_remove_folio_pages();
 0)  ...2. |   0.160 us    |                    vm_normal_page();
 0)  ...2. |   0.151 us    |                    folio_mark_accessed();
 0)  ...2. |   0.151 us    |                    arch_check_zapped_pte();
 0)  ...2. |   0.151 us    |                    folio_remove_rmap_ptes();
 0)  ...2. |   0.150 us    |                    __tlb_remove_folio_pages();
 0)  ...2. |   0.161 us    |                    vm_normal_page();
 0)  ...2. |   0.151 us    |                    folio_mark_accessed();
 0)  ...2. |   0.140 us    |                    arch_check_zapped_pte();
 0)  ...2. |   0.149 us    |                    folio_remove_rmap_ptes();
 0)  ...2. |   0.150 us    |                    __tlb_remove_folio_pages();
 0)  ...2. |   0.161 us    |                    vm_normal_page();
 0)  ...2. |   0.150 us    |                    folio_mark_accessed();
 0)  ...2. |   0.150 us    |                    arch_check_zapped_pte();
 0)  ...2. |   0.151 us    |                    folio_remove_rmap_ptes();
 0)  ...2. |   0.151 us    |                    __tlb_remove_folio_pages();
 0)  ...2. |   0.160 us    |                    vm_normal_page();
 0)  ...2. |   0.151 us    |                    folio_mark_accessed();
 0)  ...2. |   0.150 us    |                    arch_check_zapped_pte();
 0)  ...2. |   0.149 us    |                    folio_remove_rmap_ptes();
 0)  ...2. |   0.140 us    |                    __tlb_remove_folio_pages();
 0)  ...2. |   0.161 us    |                    vm_normal_page();
 0)  ...2. |   0.149 us    |                    folio_mark_accessed();
 0)  ...2. |   0.150 us    |                    arch_check_zapped_pte();
 0)  ...2. |   0.151 us    |                    folio_remove_rmap_ptes();
 0)  ...2. |   0.141 us    |                    __tlb_remove_folio_pages();
 0)  ...2. |   0.160 us    |                    vm_normal_page();
 0)  ...2. |   0.149 us    |                    folio_mark_accessed();
 0)  ...2. |   0.150 us    |                    arch_check_zapped_pte();
 0)  ...2. |   0.150 us    |                    folio_remove_rmap_ptes();
 0)  ...2. |   0.151 us    |                    __tlb_remove_folio_pages();
 0)  ...2. |   0.160 us    |                    vm_normal_page();
 0)  ...2. |   0.151 us    |                    folio_mark_accessed();
 0)  ...2. |   0.151 us    |                    arch_check_zapped_pte();
 0)  ...2. |   0.150 us    |                    folio_remove_rmap_ptes();
 0)  ...2. |   0.150 us    |                    __tlb_remove_folio_pages();
 0)  ...2. |   0.150 us    |                    vm_normal_page();
 0)  ...2. |   0.151 us    |                    folio_mark_accessed();
 0)  ...2. |   0.151 us    |                    arch_check_zapped_pte();
 0)  ...2. |   0.151 us    |                    folio_remove_rmap_ptes();
 0)  ...2. |   0.149 us    |                    __tlb_remove_folio_pages();
 0)  ...2. |   0.160 us    |                    vm_normal_page();
 0)  ...2. |   0.150 us    |                    folio_mark_accessed();
 0)  ...2. |   0.210 us    |                    arch_check_zapped_pte();
 0)  ...2. |   0.150 us    |                    folio_remove_rmap_ptes();
 0)  ...2. |   0.160 us    |                    __tlb_remove_folio_pages();
 0)  ...2. |   0.160 us    |                    vm_normal_page();
 0)  ...2. |   0.150 us    |                    folio_mark_accessed();
 0)  ...2. |   0.149 us    |                    arch_check_zapped_pte();
 0)  ...2. |   0.150 us    |                    folio_remove_rmap_ptes();
 0)  ...2. |   0.151 us    |                    __tlb_remove_folio_pages();
 0)  ...2. |   0.160 us    |                    vm_normal_page();
 0)  ...2. |   0.150 us    |                    folio_mark_accessed();
 0)  ...2. |   0.151 us    |                    arch_check_zapped_pte();
 0)  ...2. |   0.151 us    |                    folio_remove_rmap_ptes();
 0)  ...2. |   0.150 us    |                    __tlb_remove_folio_pages();
 0)  ...2. |   0.161 us    |                    vm_normal_page();
 0)  ...2. |   0.150 us    |                    folio_mark_accessed();
 0)  ...2. |   0.150 us    |                    arch_check_zapped_pte();
 0)  ...2. |   0.150 us    |                    folio_remove_rmap_ptes();
 0)  ...2. |   0.151 us    |                    __tlb_remove_folio_pages();
 0)  ...2. |   0.160 us    |                    vm_normal_page();
 0)  ...2. |   0.150 us    |                    folio_mark_accessed();
 0)  ...2. |   0.140 us    |                    arch_check_zapped_pte();
 0)  ...2. |   0.150 us    |                    folio_remove_rmap_ptes();
 0)  ...2. |   0.150 us    |                    __tlb_remove_folio_pages();
 0)  ...2. |   0.160 us    |                    vm_normal_page();
 0)  ...2. |   0.150 us    |                    folio_mark_accessed();
 0)  ...2. |   0.150 us    |                    arch_check_zapped_pte();
 0)  ...2. |   0.151 us    |                    folio_remove_rmap_ptes();
 0)  ...2. |   0.150 us    |                    __tlb_remove_folio_pages();
 0)  ...2. |   0.161 us    |                    vm_normal_page();
 0)  ...2. |   0.151 us    |                    folio_mark_accessed();
 0)  ...2. |   0.151 us    |                    arch_check_zapped_pte();
 0)  ...2. |   0.149 us    |                    folio_remove_rmap_ptes();
 0)  ...2. |   0.150 us    |                    __tlb_remove_folio_pages();
 0)  ...2. |   0.151 us    |                    vm_normal_page();
 0)  ...2. |   0.150 us    |                    folio_mark_accessed();
 0)  ...2. |   0.150 us    |                    arch_check_zapped_pte();
 0)  ...2. |   0.151 us    |                    folio_remove_rmap_ptes();
 0)  ...2. |   0.150 us    |                    __tlb_remove_folio_pages();
 0)  ...2. |   0.150 us    |                    vm_normal_page();
 0)  ...2. |   0.151 us    |                    folio_mark_accessed();
 0)  ...2. |   0.150 us    |                    arch_check_zapped_pte();
 0)  ...2. |   0.149 us    |                    folio_remove_rmap_ptes();
 0)  ...2. |   0.150 us    |                    __tlb_remove_folio_pages();
 0)  ...2. |   0.161 us    |                    vm_normal_page();
 0)  ...2. |   0.149 us    |                    folio_mark_accessed();
 0)  ...2. |   0.150 us    |                    arch_check_zapped_pte();
 0)  ...2. |   0.151 us    |                    folio_remove_rmap_ptes();
 0)  ...2. |   0.151 us    |                    __tlb_remove_folio_pages();
 0)  ...2. |   0.160 us    |                    vm_normal_page();
 0)  ...2. |   0.149 us    |                    folio_mark_accessed();
 0)  ...2. |   0.150 us    |                    arch_check_zapped_pte();
 0)  ...2. |   0.290 us    |                    folio_remove_rmap_ptes();
 0)  ...2. |   0.151 us    |                    __tlb_remove_folio_pages();
 0)  ...2. |   0.161 us    |                    vm_normal_page();
 0)  ...2. |   0.150 us    |                    folio_mark_accessed();
 0)  ...2. |   0.149 us    |                    arch_check_zapped_pte();
 0)  ...2. |   0.150 us    |                    folio_remove_rmap_ptes();
 0)  ...2. |   0.150 us    |                    __tlb_remove_folio_pages();
 0)  ...2. |   0.161 us    |                    vm_normal_page();
 0)  ...2. |   0.150 us    |                    folio_mark_accessed();
 0)  ...2. |   0.149 us    |                    arch_check_zapped_pte();
 0)  ...2. |   0.150 us    |                    folio_remove_rmap_ptes();
 0)  ...2. |   0.151 us    |                    __tlb_remove_folio_pages();
 0)  ...2. |   0.160 us    |                    vm_normal_page();
 0)  ...2. |   0.150 us    |                    folio_mark_accessed();
 0)  ...2. |   0.151 us    |                    arch_check_zapped_pte();
 0)  ...2. |   0.150 us    |                    folio_remove_rmap_ptes();
 0)  ...2. |   0.150 us    |                    __tlb_remove_folio_pages();
 0)  ...2. |   0.160 us    |                    _raw_spin_lock_irqsave();
 0)  d..3. |   0.160 us    |                    _raw_spin_unlock_irqrestore();
 0)  ...2. |   0.150 us    |                    _raw_spin_unlock();
 0)  ...1. |   0.151 us    |                    __rcu_read_unlock();
 0)  ...1. | + 81.283 us   |                  }
 0)  ...1. |               |                  __zap_vma_range() {
 0)  ...1. |   0.151 us    |                    uprobe_munmap();
 0)  ...1. |               |                    pte_offset_map_lock() {
 0)  ...1. |               |                      __pte_offset_map() {
 0)  ...1. |   0.150 us    |                        __rcu_read_lock();
 0)  ...1. |   0.481 us    |                      }
 0)  ...1. |   0.150 us    |                      _raw_spin_lock();
 0)  ...2. |   1.132 us    |                    }
 0)  ...2. |   0.151 us    |                    flush_tlb_batched_pending();
 0)  ...2. |   0.150 us    |                    vm_normal_page();
 0)  ...2. |   0.150 us    |                    arch_check_zapped_pte();
 0)  ...2. |               |                    folio_remove_rmap_ptes() {
 0)  ...2. |               |                      lruvec_stat_mod_folio() {
 0)  ...2. |   0.151 us    |                        __rcu_read_lock();
 0)  ...2. |   0.150 us    |                        mod_node_page_state();
 0)  ...2. |               |                        __mod_memcg_lruvec_state() {
 0)  ...3. |   0.151 us    |                          memcg_state_val_in_pages();
 0)  ...3. |   0.150 us    |                          __css_rstat_updated();
 0)  ...2. |   0.811 us    |                        }
 0)  ...2. |   0.161 us    |                        __rcu_read_unlock();
 0)  ...2. |   2.113 us    |                      }
 0)  ...2. |   2.444 us    |                    }
 0)  ...2. |   0.151 us    |                    __tlb_remove_folio_pages();
 0)  ...2. |   0.160 us    |                    vm_normal_page();
 0)  ...2. |   0.150 us    |                    arch_check_zapped_pte();
 0)  ...2. |               |                    folio_remove_rmap_ptes() {
 0)  ...2. |               |                      lruvec_stat_mod_folio() {
 0)  ...2. |   0.150 us    |                        __rcu_read_lock();
 0)  ...2. |   0.151 us    |                        mod_node_page_state();
 0)  ...2. |               |                        __mod_memcg_lruvec_state() {
 0)  ...3. |   0.149 us    |                          memcg_state_val_in_pages();
 0)  ...3. |   0.151 us    |                          __css_rstat_updated();
 0)  ...2. |   0.801 us    |                        }
 0)  ...2. |   0.150 us    |                        __rcu_read_unlock();
 0)  ...2. |   2.104 us    |                      }
 0)  ...2. |   2.425 us    |                    }
 0)  ...2. |   0.151 us    |                    __tlb_remove_folio_pages();
 0)  ...2. |   0.160 us    |                    vm_normal_page();
 0)  ...2. |   0.209 us    |                    arch_check_zapped_pte();
 0)  ...2. |               |                    folio_remove_rmap_ptes() {
 0)  ...2. |               |                      lruvec_stat_mod_folio() {
 0)  ...2. |   0.150 us    |                        __rcu_read_lock();
 0)  ...2. |   0.149 us    |                        mod_node_page_state();
 0)  ...2. |               |                        __mod_memcg_lruvec_state() {
 0)  ...3. |   0.150 us    |                          memcg_state_val_in_pages();
 0)  ...3. |   0.150 us    |                          __css_rstat_updated();
 0)  ...2. |   0.801 us    |                        }
 0)  ...2. |   0.160 us    |                        __rcu_read_unlock();
 0)  ...2. |   2.104 us    |                      }
 0)  ...2. |   2.425 us    |                    }
 0)  ...2. |   0.150 us    |                    __tlb_remove_folio_pages();
 0)  ...2. |   0.160 us    |                    vm_normal_page();
 0)  ...2. |   0.161 us    |                    arch_check_zapped_pte();
 0)  ...2. |               |                    folio_remove_rmap_ptes() {
 0)  ...2. |               |                      lruvec_stat_mod_folio() {
 0)  ...2. |   0.151 us    |                        __rcu_read_lock();
 0)  ...2. |   0.151 us    |                        mod_node_page_state();
 0)  ...2. |               |                        __mod_memcg_lruvec_state() {
 0)  ...3. |   0.150 us    |                          memcg_state_val_in_pages();
 0)  ...3. |   0.151 us    |                          __css_rstat_updated();
 0)  ...2. |   0.801 us    |                        }
 0)  ...2. |   0.161 us    |                        __rcu_read_unlock();
 0)  ...2. |   2.094 us    |                      }
 0)  ...2. |   2.424 us    |                    }
 0)  ...2. |   0.150 us    |                    __tlb_remove_folio_pages();
 0)  ...2. |   0.160 us    |                    _raw_spin_unlock();
 0)  ...1. |   0.160 us    |                    __rcu_read_unlock();
 0)  ...1. | + 17.282 us   |                  }
 0)  ...1. |               |                  __zap_vma_range() {
 0)  ...1. |               |                    pte_offset_map_lock() {
 0)  ...1. |               |                      __pte_offset_map() {
 0)  ...1. |   0.150 us    |                        __rcu_read_lock();
 0)  ...1. |   0.472 us    |                      }
 0)  ...1. |   0.150 us    |                      _raw_spin_lock();
 0)  ...2. |   1.122 us    |                    }
 0)  ...2. |   0.151 us    |                    flush_tlb_batched_pending();
 0)  ...2. |   0.160 us    |                    vm_normal_page();
 0)  ...2. |   0.160 us    |                    arch_check_zapped_pte();
 0)  ...2. |               |                    folio_remove_rmap_ptes() {
 0)  ...2. |               |                      lruvec_stat_mod_folio() {
 0)  ...2. |   0.151 us    |                        __rcu_read_lock();
 0)  ...2. |   0.150 us    |                        mod_node_page_state();
 0)  ...2. |               |                        __mod_memcg_lruvec_state() {
 0)  ...3. |   0.160 us    |                          memcg_state_val_in_pages();
 0)  ...3. |   0.149 us    |                          __css_rstat_updated();
 0)  ...2. |   0.811 us    |                        }
 0)  ...2. |   0.149 us    |                        __rcu_read_unlock();
 0)  ...2. |   2.104 us    |                      }
 0)  ...2. |   2.435 us    |                    }
 0)  ...2. |   0.151 us    |                    __tlb_remove_folio_pages();
 0)  ...2. |   0.161 us    |                    vm_normal_page();
 0)  ...2. |   0.150 us    |                    arch_check_zapped_pte();
 0)  ...2. |               |                    folio_remove_rmap_ptes() {
 0)  ...2. |               |                      lruvec_stat_mod_folio() {
 0)  ...2. |   0.140 us    |                        __rcu_read_lock();
 0)  ...2. |   0.151 us    |                        mod_node_page_state();
 0)  ...2. |               |                        __mod_memcg_lruvec_state() {
 0)  ...3. |   0.151 us    |                          memcg_state_val_in_pages();
 0)  ...3. |   0.151 us    |                          __css_rstat_updated();
 0)  ...2. |   0.802 us    |                        }
 0)  ...2. |   0.160 us    |                        __rcu_read_unlock();
 0)  ...2. |   2.104 us    |                      }
 0)  ...2. |   2.425 us    |                    }
 0)  ...2. |   0.150 us    |                    __tlb_remove_folio_pages();
 0)  ...2. |   0.300 us    |                    _raw_spin_unlock();
 0)  ...1. |   0.150 us    |                    __rcu_read_unlock();
 0)  ...1. |   9.828 us    |                  }
 0)  ...1. |               |                  __zap_vma_range() {
 0)  ...1. |               |                    pte_offset_map_lock() {
 0)  ...1. |               |                      __pte_offset_map() {
 0)  ...1. |   0.150 us    |                        __rcu_read_lock();
 0)  ...1. |   0.481 us    |                      }
 0)  ...1. |   0.151 us    |                      _raw_spin_lock();
 0)  ...2. |   1.132 us    |                    }
 0)  ...2. |   0.151 us    |                    flush_tlb_batched_pending();
 0)  ...2. |   0.160 us    |                    vm_normal_page();
 0)  ...2. |   0.150 us    |                    arch_check_zapped_pte();
 0)  ...2. |               |                    folio_remove_rmap_ptes() {
 0)  ...2. |               |                      lruvec_stat_mod_folio() {
 0)  ...2. |   0.150 us    |                        __rcu_read_lock();
 0)  ...2. |   0.160 us    |                        mod_node_page_state();
 0)  ...2. |               |                        __mod_memcg_lruvec_state() {
 0)  ...3. |   0.150 us    |                          memcg_state_val_in_pages();
 0)  ...3. |   0.151 us    |                          __css_rstat_updated();
 0)  ...2. |   0.812 us    |                        }
 0)  ...2. |   0.151 us    |                        __rcu_read_unlock();
 0)  ...2. |   2.104 us    |                      }
 0)  ...2. |   2.434 us    |                    }
 0)  ...2. |   0.149 us    |                    __tlb_remove_folio_pages();
 0)  ...2. |   0.160 us    |                    vm_normal_page();
 0)  ...2. |   0.151 us    |                    arch_check_zapped_pte();
 0)  ...2. |               |                    folio_remove_rmap_ptes() {
 0)  ...2. |               |                      lruvec_stat_mod_folio() {
 0)  ...2. |   0.150 us    |                        __rcu_read_lock();
 0)  ...2. |   0.150 us    |                        mod_node_page_state();
 0)  ...2. |               |                        __mod_memcg_lruvec_state() {
 0)  ...3. |   0.151 us    |                          memcg_state_val_in_pages();
 0)  ...3. |   0.150 us    |                          __css_rstat_updated();
 0)  ...2. |   0.811 us    |                        }
 0)  ...2. |   0.150 us    |                        __rcu_read_unlock();
 0)  ...2. |   2.104 us    |                      }
 0)  ...2. |   2.414 us    |                    }
 0)  ...2. |   0.151 us    |                    __tlb_remove_folio_pages();
 0)  ...2. |   0.160 us    |                    _raw_spin_unlock();
 0)  ...1. |   0.160 us    |                    __rcu_read_unlock();
 0)  ...1. |   9.779 us    |                  }
 0)  ...1. | ! 372.860 us  |                }
 0)  ...1. |   0.150 us    |                up_read();
 0)  ...1. |   0.151 us    |                down_write();
 0)  ...1. |               |                free_pgtables() {
 0)  ...1. |               |                  __vma_start_write() {
 0)  ...1. |               |                    __vma_start_exclude_readers() {
 0)  ...1. |   0.150 us    |                      finish_rcuwait();
 0)  ...1. |   0.501 us    |                    }
 0)  ...1. |   0.841 us    |                  }
 0)  ...1. |   0.161 us    |                  unlink_anon_vmas();
 0)  ...1. |   0.150 us    |                  unlink_file_vma_batch_init();
 0)  ...1. |   0.161 us    |                  unlink_file_vma_batch_add();
 0)  ...1. |               |                  __vma_start_write() {
 0)  ...1. |               |                    __vma_start_exclude_readers() {
 0)  ...1. |   0.150 us    |                      finish_rcuwait();
 0)  ...1. |   0.472 us    |                    }
 0)  ...1. |   0.801 us    |                  }
 0)  ...1. |               |                  unlink_anon_vmas() {
 0)  ...1. |   0.150 us    |                    down_write();
 0)  ...1. |   0.181 us    |                    anon_vma_interval_tree_remove();
 0)  ...1. |   0.150 us    |                    up_write();
 0)  ...1. |               |                    __put_anon_vma() {
 0)  ...1. |   0.170 us    |                      kmem_cache_free();
 0)  ...1. |   0.510 us    |                    }
 0)  ...1. |   0.150 us    |                    kmem_cache_free();
 0)  ...1. |   2.254 us    |                  }
 0)  ...1. |   0.160 us    |                  unlink_file_vma_batch_add();
 0)  ...1. |   0.151 us    |                  unlink_file_vma_batch_final();
 0)  ...1. |               |                  free_pgd_range() {
 0)  ...1. |               |                    ___pte_free_tlb() {
 0)  ...1. |               |                      tlb_remove_table() {
 0)  ...1. |               |                        get_free_pages_noprof() {
 0)  ...1. |               |                          alloc_pages_noprof() {
 0)  ...1. |               |                            alloc_pages_mpol() {
 0)  ...1. |   0.160 us    |                              policy_nodemask();
 0)  ...1. |               |                              __alloc_frozen_pages_noprof() {
 0)  ...1. |               |                                get_page_from_freelist() {
 0)  ...2. |   0.150 us    |                                  _raw_spin_trylock();
 0)  ...3. |   0.161 us    |                                  _raw_spin_unlock();
 0)  ...1. |   0.381 us    |                                  kernel_init_pages();
 0)  ...1. |   1.462 us    |                                }
 0)  ...1. |   1.813 us    |                              }
 0)  ...1. |   2.485 us    |                            }
 0)  ...1. |   2.815 us    |                          }
 0)  ...1. |   3.135 us    |                        }
 0)  ...1. |   3.487 us    |                      }
 0)  ...1. |   3.817 us    |                    }
 0)  ...1. |               |                    ___pmd_free_tlb() {
 0)  ...1. |   0.161 us    |                      tlb_remove_table();
 0)  ...1. |   0.481 us    |                    }
 0)  ...1. |               |                    ___pud_free_tlb() {
 0)  ...1. |   0.150 us    |                      tlb_remove_table();
 0)  ...1. |   0.472 us    |                    }
 0)  ...1. |   5.630 us    |                  }
 0)  ...1. |               |                  __vma_start_write() {
 0)  ...1. |               |                    __vma_start_exclude_readers() {
 0)  ...1. |   0.150 us    |                      finish_rcuwait();
 0)  ...1. |   0.481 us    |                    }
 0)  ...1. |   0.812 us    |                  }
 0)  ...1. |               |                  unlink_anon_vmas() {
 0)  ...1. |   0.151 us    |                    down_write();
 0)  ...1. |   0.170 us    |                    anon_vma_interval_tree_remove();
 0)  ...1. |   0.151 us    |                    up_write();
 0)  ...1. |               |                    __put_anon_vma() {
 0)  ...1. |   0.151 us    |                      kmem_cache_free();
 0)  ...1. |   0.480 us    |                    }
 0)  ...1. |   0.240 us    |                    kmem_cache_free();
 0)  ...1. |   2.255 us    |                  }
 0)  ...1. |   0.150 us    |                  unlink_file_vma_batch_init();
 0)  ...1. |   0.149 us    |                  unlink_file_vma_batch_add();
 0)  ...1. |               |                  __vma_start_write() {
 0)  ...1. |               |                    __vma_start_exclude_readers() {
 0)  ...1. |   0.140 us    |                      finish_rcuwait();
 0)  ...1. |   0.481 us    |                    }
 0)  ...1. |   0.812 us    |                  }
 0)  ...1. |   0.160 us    |                  unlink_anon_vmas();
 0)  ...1. |   0.149 us    |                  unlink_file_vma_batch_add();
 0)  ...1. |               |                  __vma_start_write() {
 0)  ...1. |               |                    __vma_start_exclude_readers() {
 0)  ...1. |   0.140 us    |                      finish_rcuwait();
 0)  ...1. |   0.481 us    |                    }
 0)  ...1. |   0.812 us    |                  }
 0)  ...1. |   0.160 us    |                  unlink_anon_vmas();
 0)  ...1. |   0.150 us    |                  unlink_file_vma_batch_add();
 0)  ...1. |               |                  __vma_start_write() {
 0)  ...1. |               |                    __vma_start_exclude_readers() {
 0)  ...1. |   0.150 us    |                      finish_rcuwait();
 0)  ...1. |   0.481 us    |                    }
 0)  ...1. |   0.802 us    |                  }
 0)  ...1. |   0.150 us    |                  unlink_anon_vmas();
 0)  ...1. |   0.150 us    |                  unlink_file_vma_batch_add();
 0)  ...1. |               |                  __vma_start_write() {
 0)  ...1. |               |                    __vma_start_exclude_readers() {
 0)  ...1. |   0.150 us    |                      finish_rcuwait();
 0)  ...1. |   0.481 us    |                    }
 0)  ...1. |   0.812 us    |                  }
 0)  ...1. |   0.161 us    |                  unlink_anon_vmas();
 0)  ...1. |   0.161 us    |                  unlink_file_vma_batch_add();
 0)  ...1. |               |                  __vma_start_write() {
 0)  ...1. |               |                    __vma_start_exclude_readers() {
 0)  ...1. |   0.151 us    |                      finish_rcuwait();
 0)  ...1. |   0.702 us    |                    }
 0)  ...1. |   1.082 us    |                  }
 0)  ...1. |   0.151 us    |                  unlink_anon_vmas();
 0)  ...1. |   0.149 us    |                  unlink_file_vma_batch_add();
 0)  ...1. |               |                  __vma_start_write() {
 0)  ...1. |               |                    __vma_start_exclude_readers() {
 0)  ...1. |   0.151 us    |                      finish_rcuwait();
 0)  ...1. |   0.491 us    |                    }
 0)  ...1. |   0.811 us    |                  }
 0)  ...1. |   0.150 us    |                  unlink_anon_vmas();
 0)  ...1. |   0.149 us    |                  unlink_file_vma_batch_add();
 0)  ...1. |               |                  __vma_start_write() {
 0)  ...1. |               |                    __vma_start_exclude_readers() {
 0)  ...1. |   0.150 us    |                      finish_rcuwait();
 0)  ...1. |   0.472 us    |                    }
 0)  ...1. |   0.802 us    |                  }
 0)  ...1. |               |                  unlink_anon_vmas() {
 0)  ...1. |   0.151 us    |                    down_write();
 0)  ...1. |   0.160 us    |                    anon_vma_interval_tree_remove();
 0)  ...1. |   0.190 us    |                    up_write();
 0)  ...1. |               |                    __put_anon_vma() {
 0)  ...1. |   0.160 us    |                      kmem_cache_free();
 0)  ...1. |   0.491 us    |                    }
 0)  ...1. |               |                    kmem_cache_free() {
 0)  ...2. |   0.200 us    |                      __pcs_replace_full_main();
 0)  ...1. |   0.551 us    |                    }
 0)  ...1. |   8.355 us    |                  }
 0)  ...1. |   0.160 us    |                  unlink_file_vma_batch_add();
 0)  ...1. |               |                  __vma_start_write() {
 0)  ...1. |               |                    __vma_start_exclude_readers() {
 0)  ...1. |   0.150 us    |                      finish_rcuwait();
 0)  ...1. |   0.471 us    |                    }
 0)  ...1. |   0.812 us    |                  }
 0)  ...1. |               |                  unlink_anon_vmas() {
 0)  ...1. |   0.160 us    |                    down_write();
 0)  ...1. |   0.160 us    |                    anon_vma_interval_tree_remove();
 0)  ...1. |   0.151 us    |                    up_write();
 0)  ...1. |               |                    __put_anon_vma() {
 0)  ...1. |   0.150 us    |                      kmem_cache_free();
 0)  ...1. |   0.481 us    |                    }
 0)  ...1. |   0.160 us    |                    kmem_cache_free();
 0)  ...1. |   2.164 us    |                  }
 0)  ...1. |   0.150 us    |                  unlink_file_vma_batch_add();
 0)  ...1. |               |                  unlink_file_vma_batch_final() {
 0)  ...1. |               |                    unlink_file_vma_batch_process() {
 0)  ...1. |   0.150 us    |                      down_write();
 0)  ...1. |   0.190 us    |                      vma_interval_tree_remove();
 0)  ...1. |   0.230 us    |                      vma_interval_tree_remove();
 0)  ...1. |   0.169 us    |                      vma_interval_tree_remove();
 0)  ...1. |   0.160 us    |                      vma_interval_tree_remove();
 0)  ...1. |   0.150 us    |                      up_write();
 0)  ...1. |   2.334 us    |                    }
 0)  ...1. |   2.685 us    |                  }
 0)  ...1. |               |                  free_pgd_range() {
 0)  ...1. |               |                    ___pte_free_tlb() {
 0)  ...1. |   0.150 us    |                      tlb_remove_table();
 0)  ...1. |   0.471 us    |                    }
 0)  ...1. |               |                    ___pmd_free_tlb() {
 0)  ...1. |   0.150 us    |                      tlb_remove_table();
 0)  ...1. |   0.470 us    |                    }
 0)  ...1. |               |                    ___pud_free_tlb() {
 0)  ...1. |   0.150 us    |                      tlb_remove_table();
 0)  ...1. |   0.471 us    |                    }
 0)  ...1. |   2.214 us    |                  }
 0)  ...1. |               |                  __vma_start_write() {
 0)  ...1. |               |                    __vma_start_exclude_readers() {
 0)  ...1. |   0.160 us    |                      finish_rcuwait();
 0)  ...1. |   0.481 us    |                    }
 0)  ...1. |   0.812 us    |                  }
 0)  ...1. |               |                  unlink_anon_vmas() {
 0)  ...1. |   0.291 us    |                    down_write();
 0)  ...1. |   0.161 us    |                    anon_vma_interval_tree_remove();
 0)  ...1. |   0.151 us    |                    up_write();
 0)  ...1. |               |                    __put_anon_vma() {
 0)  ...1. |   0.151 us    |                      kmem_cache_free();
 0)  ...1. |   0.481 us    |                    }
 0)  ...1. |   0.160 us    |                    kmem_cache_free();
 0)  ...1. |   2.315 us    |                  }
 0)  ...1. |   0.150 us    |                  unlink_file_vma_batch_init();
 0)  ...1. |   0.150 us    |                  unlink_file_vma_batch_add();
 0)  ...1. |   0.150 us    |                  unlink_file_vma_batch_final();
 0)  ...1. |               |                  free_pgd_range() {
 0)  ...1. |               |                    ___pte_free_tlb() {
 0)  ...1. |   0.151 us    |                      tlb_remove_table();
 0)  ...1. |   0.481 us    |                    }
 0)  ...1. |               |                    ___pmd_free_tlb() {
 0)  ...1. |   0.150 us    |                      tlb_remove_table();
 0)  ...1. |   0.472 us    |                    }
 0)  ...1. |               |                    ___pud_free_tlb() {
 0)  ...1. |   0.151 us    |                      tlb_remove_table();
 0)  ...1. |   0.481 us    |                    }
 0)  ...1. |   2.184 us    |                  }
 0)  ...1. | + 52.318 us   |                }
 0)  ...1. |               |                tlb_finish_mmu() {
 0)  ...1. |   0.211 us    |                  flush_tlb_mm_range();
 0)  ...1. |               |                  call_rcu() {
 0)  ...1. |               |                    __call_rcu_common() {
 0)  d..1. |   0.160 us    |                      rcu_async_should_hurry();
 0)  d..1. |   0.160 us    |                      rcu_segcblist_enqueue();
 0)  ...1. |   0.861 us    |                    }
 0)  ...1. |   1.193 us    |                  }
 0)  ...1. |               |                  __tlb_batch_free_encoded_pages() {
 0)  ...1. |               |                    free_pages_and_swap_cache() {
 0)  ...1. |   0.160 us    |                      free_swap_cache();
 0)  ...1. |   0.150 us    |                      free_swap_cache();
 0)  ...1. |   0.149 us    |                      free_swap_cache();
 0)  ...1. |   0.151 us    |                      free_swap_cache();
 0)  ...1. |   0.150 us    |                      free_swap_cache();
 0)  ...1. |   0.140 us    |                      free_swap_cache();
 0)  ...1. |   0.150 us    |                      free_swap_cache();
 0)  ...1. |               |                      folios_put_refs() {
 0)  ...1. |               |                        __page_cache_release.part.0() {
 0)  ...1. |               |                          folio_lruvec_lock_irqsave() {
 0)  ...1. |   0.160 us    |                            __rcu_read_lock();
 0)  ...1. |   0.160 us    |                            _raw_spin_lock_irqsave();
 0)  d..2. |   0.842 us    |                          }
 0)  d..2. |               |                          mod_lruvec_state() {
 0)  d..2. |   0.160 us    |                            mod_node_page_state();
 0)  d..2. |               |                            __mod_memcg_lruvec_state() {
 0)  d..3. |   0.160 us    |                              memcg_state_val_in_pages();
 0)  d..3. |   0.150 us    |                              __css_rstat_updated();
 0)  d..2. |   0.832 us    |                            }
 0)  d..2. |   1.493 us    |                          }
 0)  d..2. |   0.161 us    |                          __mod_zone_page_state();
 0)  d..2. |   3.276 us    |                        }
 0)  d..2. |               |                        __page_cache_release.part.0() {
 0)  d..2. |               |                          mod_lruvec_state() {
 0)  d..2. |   0.150 us    |                            mod_node_page_state();
 0)  d..2. |               |                            __mod_memcg_lruvec_state() {
 0)  d..3. |   0.150 us    |                              memcg_state_val_in_pages();
 0)  d..3. |   0.151 us    |                              __css_rstat_updated();
 0)  d..2. |   0.812 us    |                            }
 0)  d..2. |   1.462 us    |                          }
 0)  d..2. |   0.150 us    |                          __mod_zone_page_state();
 0)  d..2. |   2.135 us    |                        }
 0)  d..2. |               |                        __page_cache_release.part.0() {
 0)  d..2. |               |                          mod_lruvec_state() {
 0)  d..2. |   0.151 us    |                            mod_node_page_state();
 0)  d..2. |               |                            __mod_memcg_lruvec_state() {
 0)  d..3. |   0.151 us    |                              memcg_state_val_in_pages();
 0)  d..3. |   0.230 us    |                              __css_rstat_updated();
 0)  d..2. |   0.891 us    |                            }
 0)  d..2. |   1.543 us    |                          }
 0)  d..2. |   0.151 us    |                          __mod_zone_page_state();
 0)  d..2. |   2.204 us    |                        }
 0)  d..2. |               |                        __page_cache_release.part.0() {
 0)  d..2. |               |                          mod_lruvec_state() {
 0)  d..2. |   0.150 us    |                            mod_node_page_state();
 0)  d..2. |               |                            __mod_memcg_lruvec_state() {
 0)  d..3. |   0.160 us    |                              memcg_state_val_in_pages();
 0)  d..3. |   0.160 us    |                              __css_rstat_updated();
 0)  d..2. |   0.822 us    |                            }
 0)  d..2. |   1.463 us    |                          }
 0)  d..2. |   0.150 us    |                          __mod_zone_page_state();
 0)  d..2. |   2.134 us    |                        }
 0)  d..2. |   0.170 us    |                        _raw_spin_unlock_irqrestore();
 0)  ...1. |   0.161 us    |                        __rcu_read_unlock();
 0)  ...1. |               |                        __mem_cgroup_uncharge_folios() {
 0)  ...1. |   0.171 us    |                          uncharge_folio();
 0)  ...1. |   0.160 us    |                          uncharge_folio();
 0)  ...1. |   0.150 us    |                          uncharge_folio();
 0)  ...1. |   0.151 us    |                          uncharge_folio();
 0)  ...1. |               |                          uncharge_batch() {
 0)  ...1. |   0.151 us    |                            __rcu_read_lock();
 0)  ...1. |   0.150 us    |                            __rcu_read_unlock();
 0)  ...1. |   0.811 us    |                          }
 0)  ...1. |   2.514 us    |                        }
 0)  ...1. |               |                        free_unref_folios() {
 0)  ...2. |   0.149 us    |                          _raw_spin_trylock();
 0)  ...3. |   0.171 us    |                          free_frozen_page_commit();
 0)  ...3. |   0.150 us    |                          free_frozen_page_commit();
 0)  ...3. |   0.160 us    |                          free_frozen_page_commit();
 0)  ...3. |   0.160 us    |                          free_frozen_page_commit();
 0)  ...3. |   0.161 us    |                          _raw_spin_unlock();
 0)  ...1. |   2.295 us    |                        }
 0)  ...1. | + 16.571 us   |                      }
 0)  ...1. | + 19.287 us   |                    }
 0)  ...1. | + 19.646 us   |                  }
 0)  ...1. |               |                  __tlb_batch_free_encoded_pages() {
 0)  ...1. |               |                    free_pages_and_swap_cache() {
 0)  ...1. |   0.151 us    |                      free_swap_cache();
 0)  ...1. |   0.150 us    |                      free_swap_cache();
 0)  ...1. |   0.149 us    |                      free_swap_cache();
 0)  ...1. |   0.151 us    |                      free_swap_cache();
 0)  ...1. |   0.151 us    |                      free_swap_cache();
 0)  ...1. |   0.140 us    |                      free_swap_cache();
 0)  ...1. |   0.150 us    |                      free_swap_cache();
 0)  ...1. |   0.150 us    |                      free_swap_cache();
 0)  ...1. |   0.151 us    |                      free_swap_cache();
 0)  ...1. |   0.151 us    |                      free_swap_cache();
 0)  ...1. |   0.149 us    |                      free_swap_cache();
 0)  ...1. |   0.150 us    |                      free_swap_cache();
 0)  ...1. |   0.151 us    |                      free_swap_cache();
 0)  ...1. |   0.151 us    |                      free_swap_cache();
 0)  ...1. |   0.151 us    |                      free_swap_cache();
 0)  ...1. |   0.149 us    |                      free_swap_cache();
 0)  ...1. |   0.150 us    |                      free_swap_cache();
 0)  ...1. |   0.151 us    |                      free_swap_cache();
 0)  ...1. |   0.151 us    |                      free_swap_cache();
 0)  ...1. |   0.150 us    |                      free_swap_cache();
 0)  ...1. |   0.149 us    |                      free_swap_cache();
 0)  ...1. |   0.160 us    |                      free_swap_cache();
 0)  ...1. |   0.150 us    |                      free_swap_cache();
 0)  ...1. |   0.151 us    |                      free_swap_cache();
 0)  ...1. |   0.150 us    |                      free_swap_cache();
 0)  ...1. |   0.150 us    |                      free_swap_cache();
 0)  ...1. |   0.150 us    |                      free_swap_cache();
 0)  ...1. |   0.150 us    |                      free_swap_cache();
 0)  ...1. |   0.151 us    |                      free_swap_cache();
 0)  ...1. |   0.150 us    |                      free_swap_cache();
 0)  ...1. |   0.150 us    |                      free_swap_cache();
 0)  ...1. |   0.211 us    |                      folios_put_refs();
 0)  ...1. |   0.150 us    |                      free_swap_cache();
 0)  ...1. |   0.151 us    |                      free_swap_cache();
 0)  ...1. |   0.150 us    |                      free_swap_cache();
 0)  ...1. |   0.150 us    |                      free_swap_cache();
 0)  ...1. |   0.151 us    |                      free_swap_cache();
 0)  ...1. |   0.151 us    |                      free_swap_cache();
 0)  ...1. |   0.150 us    |                      free_swap_cache();
 0)  ...1. |   0.149 us    |                      free_swap_cache();
 0)  ...1. |   0.140 us    |                      free_swap_cache();
 0)  ...1. |   0.151 us    |                      free_swap_cache();
 0)  ...1. |   0.151 us    |                      free_swap_cache();
 0)  ...1. |   0.150 us    |                      free_swap_cache();
 0)  ...1. |   0.149 us    |                      free_swap_cache();
 0)  ...1. |   0.150 us    |                      free_swap_cache();
 0)  ...1. |   0.151 us    |                      free_swap_cache();
 0)  ...1. |   0.150 us    |                      free_swap_cache();
 0)  ...1. |   0.150 us    |                      free_swap_cache();
 0)  ...1. |   0.151 us    |                      free_swap_cache();
 0)  ...1. |   0.151 us    |                      free_swap_cache();
 0)  ...1. |   0.140 us    |                      free_swap_cache();
 0)  ...1. |   0.150 us    |                      free_swap_cache();
 0)  ...1. |   0.140 us    |                      free_swap_cache();
 0)  ...1. |   0.151 us    |                      free_swap_cache();
 0)  ...1. |   0.151 us    |                      free_swap_cache();
 0)  ...1. |   0.150 us    |                      free_swap_cache();
 0)  ...1. |   0.150 us    |                      free_swap_cache();
 0)  ...1. |   0.150 us    |                      free_swap_cache();
 0)  ...1. |   0.151 us    |                      free_swap_cache();
 0)  ...1. |   0.141 us    |                      free_swap_cache();
 0)  ...1. |   0.150 us    |                      free_swap_cache();
 0)  ...1. |   0.149 us    |                      free_swap_cache();
 0)  ...1. |   0.211 us    |                      folios_put_refs();
 0)  ...1. |   0.140 us    |                      free_swap_cache();
 0)  ...1. |   0.150 us    |                      free_swap_cache();
 0)  ...1. |   0.150 us    |                      free_swap_cache();
 0)  ...1. |   0.151 us    |                      free_swap_cache();
 0)  ...1. |   0.151 us    |                      free_swap_cache();
 0)  ...1. |   0.140 us    |                      free_swap_cache();
 0)  ...1. |   0.149 us    |                      free_swap_cache();
 0)  ...1. |   0.150 us    |                      free_swap_cache();
 0)  ...1. |   0.151 us    |                      free_swap_cache();
 0)  ...1. |   0.151 us    |                      free_swap_cache();
 0)  ...1. |   0.150 us    |                      free_swap_cache();
 0)  ...1. |   0.149 us    |                      free_swap_cache();
 0)  ...1. |   0.151 us    |                      free_swap_cache();
 0)  ...1. |   0.151 us    |                      free_swap_cache();
 0)  ...1. |   0.149 us    |                      free_swap_cache();
 0)  ...1. |   0.150 us    |                      free_swap_cache();
 0)  ...1. |   0.150 us    |                      free_swap_cache();
 0)  ...1. |   0.151 us    |                      free_swap_cache();
 0)  ...1. |   0.151 us    |                      free_swap_cache();
 0)  ...1. |   0.149 us    |                      free_swap_cache();
 0)  ...1. |   0.150 us    |                      free_swap_cache();
 0)  ...1. |   0.151 us    |                      free_swap_cache();
 0)  ...1. |   0.151 us    |                      free_swap_cache();
 0)  ...1. |   0.150 us    |                      free_swap_cache();
 0)  ...1. |   0.149 us    |                      free_swap_cache();
 0)  ...1. |   0.150 us    |                      free_swap_cache();
 0)  ...1. |   0.151 us    |                      free_swap_cache();
 0)  ...1. |   0.151 us    |                      free_swap_cache();
 0)  ...1. |   0.150 us    |                      free_swap_cache();
 0)  ...1. |   0.149 us    |                      free_swap_cache();
 0)  ...1. |   0.151 us    |                      free_swap_cache();
 0)  ...1. |   0.190 us    |                      folios_put_refs();
 0)  ...1. |   0.149 us    |                      free_swap_cache();
 0)  ...1. |   0.150 us    |                      free_swap_cache();
 0)  ...1. |   0.151 us    |                      free_swap_cache();
 0)  ...1. |   0.151 us    |                      free_swap_cache();
 0)  ...1. |   0.150 us    |                      free_swap_cache();
 0)  ...1. |   0.149 us    |                      free_swap_cache();
 0)  ...1. |   0.151 us    |                      free_swap_cache();
 0)  ...1. |   0.151 us    |                      free_swap_cache();
 0)  ...1. |   0.151 us    |                      free_swap_cache();
 0)  ...1. |   0.150 us    |                      free_swap_cache();
 0)  ...1. |   0.149 us    |                      free_swap_cache();
 0)  ...1. |   0.151 us    |                      free_swap_cache();
 0)  ...1. |   0.151 us    |                      free_swap_cache();
 0)  ...1. |   0.149 us    |                      free_swap_cache();
 0)  ...1. |   0.150 us    |                      free_swap_cache();
 0)  ...1. |   0.151 us    |                      free_swap_cache();
 0)  ...1. |   0.151 us    |                      free_swap_cache();
 0)  ...1. |   0.150 us    |                      free_swap_cache();
 0)  ...1. |   0.149 us    |                      free_swap_cache();
 0)  ...1. |   0.150 us    |                      free_swap_cache();
 0)  ...1. |   0.151 us    |                      free_swap_cache();
 0)  ...1. |   0.150 us    |                      free_swap_cache();
 0)  ...1. |   0.150 us    |                      free_swap_cache();
 0)  ...1. |   0.151 us    |                      free_swap_cache();
 0)  ...1. |   0.150 us    |                      free_swap_cache();
 0)  ...1. |   0.150 us    |                      free_swap_cache();
 0)  ...1. |   0.150 us    |                      free_swap_cache();
 0)  ...1. |   0.151 us    |                      free_swap_cache();
 0)  ...1. |   0.151 us    |                      free_swap_cache();
 0)  ...1. |   0.149 us    |                      free_swap_cache();
 0)  ...1. |   0.150 us    |                      free_swap_cache();
 0)  ...1. |   0.201 us    |                      folios_put_refs();
 0)  ...1. |   0.150 us    |                      free_swap_cache();
 0)  ...1. |   0.140 us    |                      free_swap_cache();
 0)  ...1. |   0.151 us    |                      free_swap_cache();
 0)  ...1. |   0.141 us    |                      free_swap_cache();
 0)  ...1. |   0.150 us    |                      free_swap_cache();
 0)  ...1. |   0.149 us    |                      free_swap_cache();
 0)  ...1. |   0.150 us    |                      free_swap_cache();
 0)  ...1. |   0.151 us    |                      free_swap_cache();
 0)  ...1. |   0.150 us    |                      free_swap_cache();
 0)  ...1. |   0.150 us    |                      free_swap_cache();
 0)  ...1. |   0.151 us    |                      free_swap_cache();
 0)  ...1. |   0.150 us    |                      free_swap_cache();
 0)  ...1. |   0.150 us    |                      free_swap_cache();
 0)  ...1. |   0.150 us    |                      free_swap_cache();
 0)  ...1. |   0.150 us    |                      free_swap_cache();
 0)  ...1. |   0.151 us    |                      free_swap_cache();
 0)  ...1. |   0.150 us    |                      free_swap_cache();
 0)  ...1. |   0.150 us    |                      free_swap_cache();
 0)  ...1. |   0.151 us    |                      free_swap_cache();
 0)  ...1. |   0.150 us    |                      free_swap_cache();
 0)  ...1. |   0.149 us    |                      free_swap_cache();
 0)  ...1. |   0.150 us    |                      free_swap_cache();
 0)  ...1. |   0.150 us    |                      free_swap_cache();
 0)  ...1. |   0.151 us    |                      free_swap_cache();
 0)  ...1. |   0.150 us    |                      free_swap_cache();
 0)  ...1. |   0.150 us    |                      free_swap_cache();
 0)  ...1. |   0.150 us    |                      free_swap_cache();
 0)  ...1. |   0.151 us    |                      free_swap_cache();
 0)  ...1. |   0.151 us    |                      free_swap_cache();
 0)  ...1. |   0.150 us    |                      free_swap_cache();
 0)  ...1. |   0.150 us    |                      free_swap_cache();
 0)  ...1. |   0.200 us    |                      folios_put_refs();
 0)  ...1. |   0.150 us    |                      free_swap_cache();
 0)  ...1. |   0.149 us    |                      free_swap_cache();
 0)  ...1. |   0.151 us    |                      free_swap_cache();
 0)  ...1. |   0.151 us    |                      free_swap_cache();
 0)  ...1. |   0.149 us    |                      free_swap_cache();
 0)  ...1. |   0.150 us    |                      free_swap_cache();
 0)  ...1. |   0.151 us    |                      free_swap_cache();
 0)  ...1. |   0.151 us    |                      free_swap_cache();
 0)  ...1. |   0.140 us    |                      free_swap_cache();
 0)  ...1. |   0.149 us    |                      free_swap_cache();
 0)  ...1. |   0.150 us    |                      free_swap_cache();
 0)  ...1. |   0.151 us    |                      free_swap_cache();
 0)  ...1. |   0.151 us    |                      free_swap_cache();
 0)  ...1. |   0.150 us    |                      free_swap_cache();
 0)  ...1. |   0.151 us    |                      free_swap_cache();
 0)  ...1. |   0.141 us    |                      free_swap_cache();
 0)  ...1. |   0.150 us    |                      free_swap_cache();
 0)  ...1. |   0.149 us    |                      free_swap_cache();
 0)  ...1. |   0.151 us    |                      free_swap_cache();
 0)  ...1. |   0.150 us    |                      free_swap_cache();
 0)  ...1. |   0.149 us    |                      free_swap_cache();
 0)  ...1. |               |                      folios_put_refs() {
 0)  ...1. |               |                        __page_cache_release.part.0() {
 0)  ...1. |               |                          folio_lruvec_lock_irqsave() {
 0)  ...1. |   0.150 us    |                            __rcu_read_lock();
 0)  ...1. |   0.151 us    |                            _raw_spin_lock_irqsave();
 0)  d..2. |   0.812 us    |                          }
 0)  d..2. |               |                          mod_lruvec_state() {
 0)  d..2. |   0.150 us    |                            mod_node_page_state();
 0)  d..2. |               |                            __mod_memcg_lruvec_state() {
 0)  d..3. |   0.151 us    |                              memcg_state_val_in_pages();
 0)  d..3. |   0.149 us    |                              __css_rstat_updated();
 0)  d..2. |   0.811 us    |                            }
 0)  d..2. |   1.462 us    |                          }
 0)  d..2. |   0.151 us    |                          __mod_zone_page_state();
 0)  d..2. |   3.116 us    |                        }
 0)  d..2. |               |                        __page_cache_release.part.0() {
 0)  d..2. |               |                          mod_lruvec_state() {
 0)  d..2. |   0.151 us    |                            mod_node_page_state();
 0)  d..2. |               |                            __mod_memcg_lruvec_state() {
 0)  d..3. |   0.150 us    |                              memcg_state_val_in_pages();
 0)  d..3. |   0.151 us    |                              __css_rstat_updated();
 0)  d..2. |   0.802 us    |                            }
 0)  d..2. |   1.443 us    |                          }
 0)  d..2. |   0.150 us    |                          __mod_zone_page_state();
 0)  d..2. |   2.113 us    |                        }
 0)  d..2. |               |                        __page_cache_release.part.0() {
 0)  d..2. |               |                          mod_lruvec_state() {
 0)  d..2. |   0.151 us    |                            mod_node_page_state();
 0)  d..2. |               |                            __mod_memcg_lruvec_state() {
 0)  d..3. |   0.149 us    |                              memcg_state_val_in_pages();
 0)  d..3. |   0.150 us    |                              __css_rstat_updated();
 0)  d..2. |   0.801 us    |                            }
 0)  d..2. |   1.443 us    |                          }
 0)  d..2. |   0.150 us    |                          __mod_zone_page_state();
 0)  d..2. |   2.113 us    |                        }
 0)  d..2. |               |                        __page_cache_release.part.0() {
 0)  d..2. |               |                          mod_lruvec_state() {
 0)  d..2. |   0.151 us    |                            mod_node_page_state();
 0)  d..2. |               |                            __mod_memcg_lruvec_state() {
 0)  d..3. |   0.150 us    |                              memcg_state_val_in_pages();
 0)  d..3. |   0.151 us    |                              __css_rstat_updated();
 0)  d..2. |   0.812 us    |                            }
 0)  d..2. |   1.452 us    |                          }
 0)  d..2. |   0.149 us    |                          __mod_zone_page_state();
 0)  d..2. |   2.114 us    |                        }
 0)  d..2. |               |                        __page_cache_release.part.0() {
 0)  d..2. |               |                          mod_lruvec_state() {
 0)  d..2. |   0.160 us    |                            mod_node_page_state();
 0)  d..2. |               |                            __mod_memcg_lruvec_state() {
 0)  d..3. |   0.150 us    |                              memcg_state_val_in_pages();
 0)  d..3. |   0.150 us    |                              __css_rstat_updated();
 0)  d..2. |   0.801 us    |                            }
 0)  d..2. |   1.452 us    |                          }
 0)  d..2. |   0.161 us    |                          __mod_zone_page_state();
 0)  d..2. |   2.124 us    |                        }
 0)  d..2. |               |                        __page_cache_release.part.0() {
 0)  d..2. |               |                          mod_lruvec_state() {
 0)  d..2. |   0.151 us    |                            mod_node_page_state();
 0)  d..2. |               |                            __mod_memcg_lruvec_state() {
 0)  d..3. |   0.151 us    |                              memcg_state_val_in_pages();
 0)  d..3. |   0.150 us    |                              __css_rstat_updated();
 0)  d..2. |   0.802 us    |                            }
 0)  d..2. |   1.452 us    |                          }
 0)  d..2. |   0.160 us    |                          __mod_zone_page_state();
 0)  d..2. |   2.464 us    |                        }
 0)  d..2. |               |                        __page_cache_release.part.0() {
 0)  d..2. |               |                          mod_lruvec_state() {
 0)  d..2. |   0.150 us    |                            mod_node_page_state();
 0)  d..2. |               |                            __mod_memcg_lruvec_state() {
 0)  d..3. |   0.150 us    |                              memcg_state_val_in_pages();
 0)  d..3. |   0.150 us    |                              __css_rstat_updated();
 0)  d..2. |   0.801 us    |                            }
 0)  d..2. |   1.453 us    |                          }
 0)  d..2. |   0.150 us    |                          __mod_zone_page_state();
 0)  d..2. |   2.135 us    |                        }
 0)  d..2. |               |                        __page_cache_release.part.0() {
 0)  d..2. |               |                          mod_lruvec_state() {
 0)  d..2. |   0.161 us    |                            mod_node_page_state();
 0)  d..2. |               |                            __mod_memcg_lruvec_state() {
 0)  d..3. |   0.151 us    |                              memcg_state_val_in_pages();
 0)  d..3. |   0.150 us    |                              __css_rstat_updated();
 0)  d..2. |   0.802 us    |                            }
 0)  d..2. |   1.443 us    |                          }
 0)  d..2. |   0.151 us    |                          __mod_zone_page_state();
 0)  d..2. |   2.114 us    |                        }
 0)  d..2. |   0.161 us    |                        _raw_spin_unlock_irqrestore();
 0)  ...1. |   0.140 us    |                        __rcu_read_unlock();
 0)  ...1. |               |                        __mem_cgroup_uncharge_folios() {
 0)  ...1. |   0.171 us    |                          uncharge_folio();
 0)  ...1. |   0.149 us    |                          uncharge_folio();
 0)  ...1. |   0.161 us    |                          uncharge_folio();
 0)  ...1. |   0.151 us    |                          uncharge_folio();
 0)  ...1. |   0.151 us    |                          uncharge_folio();
 0)  ...1. |   0.150 us    |                          uncharge_folio();
 0)  ...1. |   0.149 us    |                          uncharge_folio();
 0)  ...1. |   0.151 us    |                          uncharge_folio();
 0)  ...1. |               |                          uncharge_batch() {
 0)  ...1. |   0.150 us    |                            __rcu_read_lock();
 0)  ...1. |   0.151 us    |                            __rcu_read_unlock();
 0)  ...1. |   0.791 us    |                          }
 0)  ...1. |   3.756 us    |                        }
 0)  ...1. |               |                        free_unref_folios() {
 0)  ...2. |   0.151 us    |                          _raw_spin_trylock();
 0)  ...3. |   0.160 us    |                          free_frozen_page_commit();
 0)  ...3. |   0.151 us    |                          free_frozen_page_commit();
 0)  ...3. |   0.151 us    |                          free_frozen_page_commit();
 0)  ...3. |   0.160 us    |                          free_frozen_page_commit();
 0)  ...3. |   0.149 us    |                          free_frozen_page_commit();
 0)  ...3. |   0.160 us    |                          free_frozen_page_commit();
 0)  ...3. |   0.160 us    |                          free_frozen_page_commit();
 0)  ...3. |   0.170 us    |                          free_frozen_page_commit();
 0)  ...3. |   0.160 us    |                          _raw_spin_unlock();
 0)  ...1. |   3.587 us    |                        }
 0)  ...1. | + 28.203 us   |                      }
 0)  ...1. | + 88.105 us   |                    }
 0)  ...1. | + 88.426 us   |                  }
 0)  ...1. |               |                  free_pages() {
 0)  ...1. |               |                    ___free_pages() {
 0)  ...1. |               |                      __free_frozen_pages() {
 0)  ...1. |   0.160 us    |                        __get_pfnblock_flags_mask.isra.0();
 0)  ...2. |   0.149 us    |                        _raw_spin_trylock();
 0)  ...3. |   0.151 us    |                        free_frozen_page_commit();
 0)  ...3. |   0.150 us    |                        _raw_spin_unlock();
 0)  ...1. |   1.552 us    |                      }
 0)  ...1. |   1.884 us    |                    }
 0)  ...1. |   2.214 us    |                  }
 0)  ...1. | ! 112.881 us  |                }
 0)  ...1. |               |                tear_down_vmas() {
 0)  ...1. |               |                  remove_vma() {
 0)  ...1. |               |                    vm_area_free() {
 0)  ...1. |   0.160 us    |                      kfree();
 0)  ...1. |   0.160 us    |                      kmem_cache_free();
 0)  ...1. |   0.831 us    |                    }
 0)  ...1. |   1.172 us    |                  }
 0)  ...1. |               |                  remove_vma() {
 0)  ...1. |               |                    vm_area_free() {
 0)  ...1. |   0.161 us    |                      kfree();
 0)  ...1. |   0.161 us    |                      kmem_cache_free();
 0)  ...1. |   0.811 us    |                    }
 0)  ...1. |   1.142 us    |                  }
 0)  ...1. |               |                  remove_vma() {
 0)  ...1. |               |                    vm_area_free() {
 0)  ...1. |   0.150 us    |                      kfree();
 0)  ...1. |   0.150 us    |                      kmem_cache_free();
 0)  ...1. |   0.802 us    |                    }
 0)  ...1. |   1.122 us    |                  }
 0)  ...1. |               |                  remove_vma() {
 0)  ...1. |   0.191 us    |                    special_mapping_close();
 0)  ...1. |               |                    vm_area_free() {
 0)  ...1. |   0.151 us    |                      kfree();
 0)  ...1. |   0.150 us    |                      kmem_cache_free();
 0)  ...1. |   0.801 us    |                    }
 0)  ...1. |   1.573 us    |                  }
 0)  ...1. |               |                  remove_vma() {
 0)  ...1. |   0.171 us    |                    special_mapping_close();
 0)  ...1. |               |                    vm_area_free() {
 0)  ...1. |   0.150 us    |                      kfree();
 0)  ...1. |   0.151 us    |                      kmem_cache_free();
 0)  ...1. |   0.801 us    |                    }
 0)  ...1. |   1.473 us    |                  }
 0)  ...1. |               |                  remove_vma() {
 0)  ...1. |   0.150 us    |                    special_mapping_close();
 0)  ...1. |               |                    vm_area_free() {
 0)  ...1. |   0.151 us    |                      kfree();
 0)  ...1. |   0.230 us    |                      kmem_cache_free();
 0)  ...1. |   0.882 us    |                    }
 0)  ...1. |   1.532 us    |                  }
 0)  ...1. |               |                  remove_vma() {
 0)  ...1. |   0.160 us    |                    fput();
 0)  ...1. |               |                    vm_area_free() {
 0)  ...1. |   0.150 us    |                      kfree();
 0)  ...1. |   0.161 us    |                      kmem_cache_free();
 0)  ...1. |   0.801 us    |                    }
 0)  ...1. |   1.483 us    |                  }
 0)  ...1. |               |                  remove_vma() {
 0)  ...1. |   0.150 us    |                    fput();
 0)  ...1. |               |                    vm_area_free() {
 0)  ...1. |   0.150 us    |                      kfree();
 0)  ...1. |   0.150 us    |                      kmem_cache_free();
 0)  ...1. |   0.802 us    |                    }
 0)  ...1. |   1.463 us    |                  }
 0)  ...1. |               |                  remove_vma() {
 0)  ...1. |   0.151 us    |                    fput();
 0)  ...1. |               |                    vm_area_free() {
 0)  ...1. |   0.150 us    |                      kfree();
 0)  ...1. |   0.151 us    |                      kmem_cache_free();
 0)  ...1. |   0.802 us    |                    }
 0)  ...1. |   1.462 us    |                  }
 0)  ...1. |               |                  remove_vma() {
 0)  ...1. |   0.151 us    |                    fput();
 0)  ...1. |               |                    vm_area_free() {
 0)  ...1. |   0.151 us    |                      kfree();
 0)  ...1. |   0.150 us    |                      kmem_cache_free();
 0)  ...1. |   0.802 us    |                    }
 0)  ...1. |   1.462 us    |                  }
 0)  ...1. |               |                  remove_vma() {
 0)  ...1. |               |                    vm_area_free() {
 0)  ...1. |   0.150 us    |                      kfree();
 0)  ...1. |   0.149 us    |                      kmem_cache_free();
 0)  ...1. |   0.802 us    |                    }
 0)  ...1. |   1.132 us    |                  }
 0)  ...1. |               |                  remove_vma() {
 0)  ...1. |               |                    vm_area_free() {
 0)  ...1. |   0.150 us    |                      kfree();
 0)  ...1. |   0.151 us    |                      kmem_cache_free();
 0)  ...1. |   0.801 us    |                    }
 0)  ...1. |   1.132 us    |                  }
 0)  ...1. | + 19.076 us   |                }
 0)  ...1. |   0.171 us    |                kfree();
 0)  ...1. |   0.149 us    |                up_write();
 0)  ...1. | ! 560.972 us  |              }
 0)  ...1. |   0.160 us    |              mm_put_huge_zero_folio();
 0)  ...1. |               |              fput() {
 0)  ...2. |   0.160 us    |                __file_ref_put();
 0)  ...1. |               |                __fput_deferred() {
 0)  ...1. |               |                  task_work_add() {
 0)  ...1. |   0.150 us    |                    kick_process();
 0)  ...1. |   0.492 us    |                  }
 0)  ...1. |   0.832 us    |                }
 0)  ...1. |   1.523 us    |              }
 0)  ...1. |   0.160 us    |              module_put();
 0)  ...1. |               |              lru_gen_del_mm() {
 0)  ...1. |   0.161 us    |                _raw_spin_lock();
 0)  ...2. |   0.150 us    |                _raw_spin_unlock();
 0)  ...1. |   0.872 us    |              }
 0)  ...1. |               |              futex_hash_free() {
 0)  ...1. |   0.160 us    |                free_percpu();
 0)  ...1. |               |                kvfree() {
 0)  ...1. |   0.150 us    |                  is_vmalloc_addr();
 0)  ...1. |   0.150 us    |                  kfree();
 0)  ...1. |   0.811 us    |                }
 0)  ...1. |   1.502 us    |              }
 0)  ...1. |               |              __mmdrop() {
 0)  ...1. |               |                pgd_free() {
 0)  ...1. |   0.151 us    |                  _raw_spin_lock();
 0)  ...2. |   0.160 us    |                  _raw_spin_unlock();
 0)  ...1. |               |                  lruvec_stat_mod_folio() {
 0)  ...1. |   0.151 us    |                    __rcu_read_lock();
 0)  ...1. |   0.150 us    |                    __rcu_read_unlock();
 0)  ...1. |   0.160 us    |                    mod_node_page_state();
 0)  ...1. |   1.132 us    |                  }
 0)  ...1. |               |                  __free_pages() {
 0)  ...1. |               |                    ___free_pages() {
 0)  ...1. |               |                      __free_frozen_pages() {
 0)  ...1. |   0.149 us    |                        __get_pfnblock_flags_mask.isra.0();
 0)  ...2. |   0.151 us    |                        _raw_spin_trylock();
 0)  ...3. |   0.160 us    |                        free_frozen_page_commit();
 0)  ...3. |   0.160 us    |                        _raw_spin_unlock();
 0)  ...1. |   1.493 us    |                      }
 0)  ...1. |   1.813 us    |                    }
 0)  ...1. |   2.133 us    |                  }
 0)  ...1. |   4.448 us    |                }
 0)  ...1. |   0.160 us    |                _raw_spin_lock_irqsave();
 0)  d..2. |   0.160 us    |                _raw_spin_unlock_irqrestore();
 0)  ...1. |   0.161 us    |                destroy_context_ldt();
 0)  ...1. |   0.160 us    |                mm_free_global_asid();
 0)  ...1. |   0.150 us    |                _raw_spin_lock_irqsave();
 0)  d..2. |   0.161 us    |                _raw_spin_unlock_irqrestore();
 0)  ...1. |   0.161 us    |                _raw_spin_lock_irqsave();
 0)  d..2. |   0.160 us    |                _raw_spin_unlock_irqrestore();
 0)  ...1. |   0.151 us    |                _raw_spin_lock_irqsave();
 0)  d..2. |   0.161 us    |                _raw_spin_unlock_irqrestore();
 0)  ...1. |   0.150 us    |                _raw_spin_lock_irqsave();
 0)  d..2. |   0.161 us    |                _raw_spin_unlock_irqrestore();
 0)  ...1. |   0.171 us    |                mm_pasid_drop();
 0)  ...1. |               |                free_percpu() {
 0)  ...1. |   0.210 us    |                  vmalloc_to_page();
 0)  ...1. |   0.160 us    |                  _raw_spin_lock_irqsave();
 0)  d..2. |               |                  pcpu_free_area() {
 0)  d..2. |   0.161 us    |                    pcpu_chunk_slot();
 0)  d..2. |   0.160 us    |                    pcpu_block_update();
 0)  d..2. |   0.170 us    |                    pcpu_block_update();
 0)  d..2. |   0.160 us    |                    pcpu_chunk_relocate();
 0)  d..2. |   1.583 us    |                  }
 0)  d..2. |   0.150 us    |                  _raw_spin_unlock_irqrestore();
 0)  ...1. |   3.516 us    |                }
 0)  ...1. |   0.150 us    |                _raw_spin_lock_irqsave();
 0)  d..2. |   0.151 us    |                _raw_spin_unlock_irqrestore();
 0)  ...1. |               |                free_percpu() {
 0)  ...1. |   0.160 us    |                  vmalloc_to_page();
 0)  ...1. |   0.150 us    |                  _raw_spin_lock_irqsave();
 0)  d..2. |               |                  pcpu_free_area() {
 0)  d..2. |   0.160 us    |                    pcpu_chunk_slot();
 0)  d..2. |   0.151 us    |                    pcpu_block_update();
 0)  d..2. |   0.150 us    |                    pcpu_block_update();
 0)  d..2. |   0.150 us    |                    pcpu_chunk_relocate();
 0)  d..2. |   1.494 us    |                  }
 0)  d..2. |   0.160 us    |                  _raw_spin_unlock_irqrestore();
 0)  ...1. |   2.895 us    |                }
 0)  ...1. |   0.241 us    |                kmem_cache_free();
 0)  ...1. | + 17.352 us   |              }
 0)  ...1. | ! 586.139 us  |            }
 0)  ...1. |   0.171 us    |            exec_task_namespaces();
 0)  ...1. |   0.160 us    |            _raw_spin_lock_irq();
 0)  d..2. |   0.161 us    |            posix_cpu_timers_exit();
 0)  d..2. |   0.161 us    |            _raw_spin_unlock_irq();
 0)  ...1. |   0.160 us    |            exit_itimers();
 0)  ...1. |               |            flush_itimer_signals() {
 0)  ...1. |   0.150 us    |              _raw_spin_lock_irqsave();
 0)  d..2. |   0.171 us    |              __flush_itimer_signals();
 0)  d..2. |   0.150 us    |              __flush_itimer_signals();
 0)  d..2. |   0.160 us    |              _raw_spin_unlock_irqrestore();
 0)  ...1. |   1.514 us    |            }
 0)  ...1. |               |            flush_thread() {
 0)  ...1. |               |              flush_ptrace_hw_breakpoint() {
 0)  ...1. |   0.151 us    |                unregister_hw_breakpoint();
 0)  ...1. |   0.150 us    |                unregister_hw_breakpoint();
 0)  ...1. |   0.150 us    |                unregister_hw_breakpoint();
 0)  ...1. |   0.149 us    |                unregister_hw_breakpoint();
 0)  ...1. |   1.493 us    |              }
 0)  ...1. |               |              fpu_flush_thread() {
 0)  b..1. |   0.170 us    |                __local_bh_enable_ip();
 0)  ...1. |   0.550 us    |              }
 0)  ...1. |   2.615 us    |            }
 0)  ...1. |               |            do_close_on_exec() {
 0)  ...1. |   0.150 us    |              _raw_spin_lock();
 0)  ...2. |   0.160 us    |              _raw_spin_unlock();
 0)  ...1. |   0.862 us    |            }
 0)  ...1. |               |            perf_event_exec() {
 0)  ...1. |               |              perf_lock_task_context() {
 0)  d..1. |   0.150 us    |                __rcu_read_lock();
 0)  d..1. |   0.151 us    |                __rcu_read_unlock();
 0)  ...1. |   0.821 us    |              }
 0)  ...1. |   1.183 us    |            }
 0)  ...1. |               |            __set_task_comm() {
 0)  ...1. |   0.151 us    |              perf_event_comm();
 0)  ...1. |   0.531 us    |            }
 0)  ...1. |   0.261 us    |            flush_signal_handlers();
 0)  ...1. |   0.170 us    |            set_cred_ucounts();
 0)  ...1. |               |            security_bprm_committing_creds() {
 0)  ...1. |   0.300 us    |              bpf_lsm_bprm_committing_creds();
 0)  ...1. |   0.641 us    |            }
 0)  ...1. |   0.211 us    |            commit_creds();
 0)  ...1. |               |            security_bprm_committed_creds() {
 0)  ...1. |   0.160 us    |              bpf_lsm_bprm_committed_creds();
 0)  ...1. |   0.491 us    |            }
 0)  ...1. | ! 617.930 us  |          }
 0)  ...1. |   0.151 us    |          set_personality_64bit();
 0)  ...1. |               |          setup_new_exec() {
 0)  ...1. |               |            arch_pick_mmap_layout() {
 0)  ...1. |   0.190 us    |              get_random_u64();
 0)  ...1. |   0.160 us    |              mmap_base.isra.0();
 0)  ...1. |   0.149 us    |              get_random_u64();
 0)  ...1. |   0.151 us    |              mmap_base.isra.0();
 0)  ...1. |   1.574 us    |            }
 0)  ...1. |   0.160 us    |            arch_setup_new_exec();
 0)  ...1. |   0.151 us    |            up_write();
 0)  ...1. |   0.161 us    |            mutex_unlock();
 0)  ...1. |   2.926 us    |          }
 0)  ...1. |               |          randomize_stack_top() {
 0)  ...1. |   0.160 us    |            get_random_u64();
 0)  ...1. |   0.491 us    |          }
 0)  ...1. |               |          setup_arg_pages() {
 0)  ...1. |               |            arch_align_stack() {
 0)  ...1. |   0.181 us    |              get_random_u16();
 0)  ...1. |   0.521 us    |            }
 0)  ...1. |   0.161 us    |            down_write_killable();
 0)  ...1. |   0.150 us    |            tlb_gather_mmu();
 0)  ...1. |               |            mprotect_fixup() {
 0)  ...1. |   0.160 us    |              may_expand_vm();
 0)  ...1. |               |              vma_modify_flags() {
 0)  ...1. |   0.150 us    |                anon_vma_name();
 0)  ...1. |               |                vma_modify() {
 0)  ...1. |   0.160 us    |                  can_vma_merge_left();
 0)  ...1. |   0.160 us    |                  can_vma_merge_right();
 0)  ...1. |   1.011 us    |                }
 0)  ...1. |   1.724 us    |              }
 0)  ...1. |               |              __vma_start_write() {
 0)  ...1. |               |                __vma_start_exclude_readers() {
 0)  ...1. |   0.150 us    |                  finish_rcuwait();
 0)  ...1. |   0.481 us    |                }
 0)  ...1. |   0.821 us    |              }
 0)  ...1. |               |              vma_set_page_prot() {
 0)  ...1. |               |                vma_wants_writenotify() {
 0)  ...1. |   0.151 us    |                  vma_is_shared_writable();
 0)  ...1. |   0.492 us    |                }
 0)  ...1. |   0.852 us    |              }
 0)  ...1. |               |              change_protection() {
 0)  ...1. |               |                change_pte_range() {
 0)  ...1. |               |                  pte_offset_map_lock() {
 0)  ...1. |               |                    __pte_offset_map() {
 0)  ...1. |   0.150 us    |                      __rcu_read_lock();
 0)  ...1. |   0.481 us    |                    }
 0)  ...1. |   0.151 us    |                    _raw_spin_lock();
 0)  ...2. |   1.152 us    |                  }
 0)  ...2. |   0.151 us    |                  flush_tlb_batched_pending();
 0)  ...2. |   0.170 us    |                  vm_normal_page();
 0)  ...2. |   0.151 us    |                  mprotect_folio_pte_batch();
 0)  ...2. |   0.160 us    |                  maybe_change_pte_writable.isra.0();
 0)  ...2. |   0.150 us    |                  pte_mkwrite();
 0)  ...2. |   0.160 us    |                  _raw_spin_unlock();
 0)  ...1. |   0.151 us    |                  __rcu_read_unlock();
 0)  ...1. |   4.057 us    |                }
 0)  ...1. |   4.518 us    |              }
 0)  ...1. |   0.150 us    |              vm_stat_account();
 0)  ...1. |   0.149 us    |              vm_stat_account();
 0)  ...1. |   0.151 us    |              perf_event_mmap();
 0)  ...1. | + 10.219 us   |            }
 0)  ...1. |   0.190 us    |            tlb_finish_mmu();
 0)  ...1. |               |            relocate_vma_down() {
 0)  ...1. |               |              vma_expand() {
 0)  ...1. |               |                commit_merge() {
 0)  ...1. |   0.180 us    |                  init_multi_vma_prep();
 0)  ...1. |   0.211 us    |                  kmem_cache_alloc_noprof();
 0)  ...1. |               |                  vma_prepare() {
 0)  ...1. |   0.149 us    |                    down_write();
 0)  ...1. |   0.170 us    |                    anon_vma_interval_tree_remove();
 0)  ...1. |   0.842 us    |                  }
 0)  ...1. |   0.160 us    |                  vma_adjust_trans_huge();
 0)  ...1. |               |                  kvfree_call_rcu() {
 0)  ...1. |   0.160 us    |                    is_vmalloc_addr();
 0)  ...1. |   0.170 us    |                    __kfree_rcu_sheaf();
 0)  ...1. |   0.862 us    |                  }
 0)  ...1. |               |                  vma_complete() {
 0)  ...1. |   0.161 us    |                    anon_vma_interval_tree_insert();
 0)  ...1. |   0.150 us    |                    up_write();
 0)  ...1. |   0.851 us    |                  }
 0)  ...1. |   4.709 us    |                }
 0)  ...1. |   5.090 us    |              }
 0)  ...1. |               |              move_page_tables() {
 0)  ...1. |   0.170 us    |                get_old_pud();
 0)  ...1. |   0.161 us    |                alloc_new_pud();
 0)  ...1. |   0.160 us    |                get_old_pud();
 0)  ...1. |   0.160 us    |                alloc_new_pud();
 0)  ...1. |               |                __pte_alloc() {
 0)  ...1. |               |                  pte_alloc_one() {
 0)  ...1. |               |                    alloc_pages_noprof() {
 0)  ...1. |               |                      alloc_pages_mpol() {
 0)  ...1. |   0.160 us    |                        policy_nodemask();
 0)  ...1. |               |                        __alloc_frozen_pages_noprof() {
 0)  ...1. |               |                          get_page_from_freelist() {
 0)  ...2. |   0.151 us    |                            _raw_spin_trylock();
 0)  ...3. |   0.160 us    |                            _raw_spin_unlock();
 0)  ...1. |   0.240 us    |                            kernel_init_pages();
 0)  ...1. |   1.272 us    |                          }
 0)  ...1. |   1.612 us    |                        }
 0)  ...1. |   2.285 us    |                      }
 0)  ...1. |   2.625 us    |                    }
 0)  ...1. |               |                    lruvec_stat_mod_folio() {
 0)  ...1. |   0.150 us    |                      __rcu_read_lock();
 0)  ...1. |   0.149 us    |                      __rcu_read_unlock();
 0)  ...1. |   0.161 us    |                      mod_node_page_state();
 0)  ...1. |   1.142 us    |                    }
 0)  ...1. |   4.278 us    |                  }
 0)  ...1. |               |                  pmd_install() {
 0)  ...1. |   0.150 us    |                    _raw_spin_lock();
 0)  ...2. |   0.160 us    |                    _raw_spin_unlock();
 0)  ...1. |   0.822 us    |                  }
 0)  ...1. |   5.621 us    |                }
 0)  ...1. |               |                pte_offset_map_lock() {
 0)  ...1. |               |                  __pte_offset_map() {
 0)  ...1. |   0.150 us    |                    __rcu_read_lock();
 0)  ...1. |   0.492 us    |                  }
 0)  ...1. |   0.150 us    |                  _raw_spin_lock();
 0)  ...2. |   1.142 us    |                }
 0)  ...2. |               |                pte_offset_map_rw_nolock() {
 0)  ...2. |               |                  __pte_offset_map() {
 0)  ...2. |   0.141 us    |                    __rcu_read_lock();
 0)  ...2. |   0.471 us    |                  }
 0)  ...2. |   0.801 us    |                }
 0)  ...2. |   0.150 us    |                _raw_spin_lock();
 0)  ...3. |   0.149 us    |                flush_tlb_batched_pending();
 0)  ...3. |               |                flush_tlb_mm_range() {
 0)  d..4. |               |                  flush_tlb_func() {
 0)  d..4. |   0.160 us    |                    mm_needs_global_asid();
 0)  d..4. |   0.180 us    |                    native_flush_tlb_one_user();
 0)  d..4. |   0.922 us    |                  }
 0)  ...3. |   1.312 us    |                }
 0)  ...3. |   0.160 us    |                _raw_spin_unlock();
 0)  ...2. |   0.160 us    |                __rcu_read_unlock();
 0)  ...2. |   0.160 us    |                _raw_spin_unlock();
 0)  ...1. |   0.140 us    |                __rcu_read_unlock();
 0)  ...1. | + 13.316 us   |              }
 0)  ...1. |   0.160 us    |              tlb_gather_mmu();
 0)  ...1. |               |              free_pgd_range() {
 0)  ...1. |               |                ___pte_free_tlb() {
 0)  ...1. |               |                  tlb_remove_table() {
 0)  ...1. |               |                    get_free_pages_noprof() {
 0)  ...1. |               |                      alloc_pages_noprof() {
 0)  ...1. |               |                        alloc_pages_mpol() {
 0)  ...1. |   0.160 us    |                          policy_nodemask();
 0)  ...1. |               |                          __alloc_frozen_pages_noprof() {
 0)  ...1. |               |                            get_page_from_freelist() {
 0)  ...2. |   0.160 us    |                              _raw_spin_trylock();
 0)  ...3. |   0.161 us    |                              _raw_spin_unlock();
 0)  ...1. |   0.180 us    |                              kernel_init_pages();
 0)  ...1. |   1.212 us    |                            }
 0)  ...1. |   1.553 us    |                          }
 0)  ...1. |   2.215 us    |                        }
 0)  ...1. |   2.545 us    |                      }
 0)  ...1. |   2.866 us    |                    }
 0)  ...1. |   3.206 us    |                  }
 0)  ...1. |   3.527 us    |                }
 0)  ...1. |   3.938 us    |              }
 0)  ...1. |               |              tlb_finish_mmu() {
 0)  ...1. |               |                flush_tlb_mm_range() {
 0)  d..2. |               |                  flush_tlb_func() {
 0)  d..2. |   0.151 us    |                    mm_needs_global_asid();
 0)  d..2. |   0.181 us    |                    native_flush_tlb_one_user();
 0)  d..2. |   0.842 us    |                  }
 0)  ...1. |   1.202 us    |                }
 0)  ...1. |               |                call_rcu() {
 0)  ...1. |               |                  __call_rcu_common() {
 0)  d..1. |   0.160 us    |                    rcu_async_should_hurry();
 0)  d..1. |   0.150 us    |                    rcu_segcblist_enqueue();
 0)  ...1. |   0.873 us    |                  }
 0)  ...1. |   1.211 us    |                }
 0)  ...1. |   2.975 us    |              }
 0)  ...1. |               |              vma_shrink() {
 0)  ...1. |   0.251 us    |                kmem_cache_alloc_noprof();
 0)  ...1. |   0.171 us    |                init_multi_vma_prep();
 0)  ...1. |               |                vma_prepare() {
 0)  ...1. |   0.151 us    |                  down_write();
 0)  ...1. |   0.169 us    |                  anon_vma_interval_tree_remove();
 0)  ...1. |   0.851 us    |                }
 0)  ...1. |   0.151 us    |                vma_adjust_trans_huge();
 0)  ...1. |               |                kvfree_call_rcu() {
 0)  ...1. |   0.160 us    |                  is_vmalloc_addr();
 0)  ...1. |   0.150 us    |                  __kfree_rcu_sheaf();
 0)  ...1. |   0.831 us    |                }
 0)  ...1. |               |                vma_complete() {
 0)  ...1. |   0.160 us    |                  anon_vma_interval_tree_insert();
 0)  ...1. |   0.150 us    |                  up_write();
 0)  ...1. |   0.821 us    |                }
 0)  ...1. |   4.538 us    |              }
 0)  ...1. | + 31.549 us   |            }
 0)  ...1. |               |            expand_stack_locked() {
 0)  ...1. |               |              expand_downwards() {
 0)  ...1. |   0.181 us    |                kmem_cache_alloc_noprof();
 0)  ...1. |   0.151 us    |                down_write();
 0)  ...1. |   0.150 us    |                may_expand_vm();
 0)  ...1. |   0.151 us    |                mlock_future_ok();
 0)  ...1. |               |                security_vm_enough_memory_mm() {
 0)  ...1. |   0.150 us    |                  static_key_count();
 0)  ...1. |               |                  cap_vm_enough_memory() {
 0)  ...1. |   0.161 us    |                    cap_capable();
 0)  ...1. |   0.491 us    |                  }
 0)  ...1. |   0.151 us    |                  static_key_count();
 0)  ...1. |   0.151 us    |                  bpf_lsm_vm_enough_memory();
 0)  ...1. |   0.150 us    |                  static_key_count();
 0)  ...1. |   0.151 us    |                  static_key_count();
 0)  ...1. |   0.231 us    |                  static_key_count();
 0)  ...1. |   0.150 us    |                  static_key_count();
 0)  ...1. |   0.149 us    |                  static_key_count();
 0)  ...1. |   0.151 us    |                  static_key_count();
 0)  ...1. |   0.151 us    |                  static_key_count();
 0)  ...1. |   0.151 us    |                  static_key_count();
 0)  ...1. |   0.150 us    |                  static_key_count();
 0)  ...1. |   0.149 us    |                  static_key_count();
 0)  ...1. |   0.190 us    |                  __vm_enough_memory();
 0)  ...1. |   5.601 us    |                }
 0)  ...1. |   0.150 us    |                vm_stat_account();
 0)  ...1. |   0.161 us    |                anon_vma_interval_tree_remove();
 0)  ...1. |               |                kvfree_call_rcu() {
 0)  ...1. |   0.150 us    |                  is_vmalloc_addr();
 0)  ...1. |   0.149 us    |                  __kfree_rcu_sheaf();
 0)  ...1. |   0.801 us    |                }
 0)  ...1. |   0.149 us    |                anon_vma_interval_tree_insert();
 0)  ...1. |   0.160 us    |                perf_event_mmap();
 0)  ...1. |   0.161 us    |                up_write();
 0)  ...1. | + 10.309 us   |              }
 0)  ...1. | + 10.651 us   |            }
 0)  ...1. |   0.150 us    |            up_write();
 0)  ...1. | + 55.415 us   |          }
 0)  ...1. |               |          elf_load() {
 0)  ...1. |               |            vm_mmap() {
 0)  ...1. |               |              vm_mmap_pgoff() {
 0)  ...1. |               |                security_mmap_file() {
 0)  ...1. |   0.171 us    |                  bpf_lsm_mmap_file();
 0)  ...1. |   0.531 us    |                }
 0)  ...1. |   0.149 us    |                down_write_killable();
 0)  ...1. |               |                do_mmap() {
 0)  ...1. |               |                  __get_unmapped_area() {
 0)  ...1. |               |                    shmem_get_unmapped_area() {
 0)  ...1. |               |                      mm_get_unmapped_area() {
 0)  ...1. |               |                        arch_get_unmapped_area_topdown() {
 0)  ...1. |   0.150 us    |                          get_mmap_base();
 0)  ...1. |   0.170 us    |                          get_align_mask();
 0)  ...1. |   0.160 us    |                          get_align_mask();
 0)  ...1. |               |                          vm_unmapped_area() {
 0)  ...1. |   0.291 us    |                            unmapped_area_topdown();
 0)  ...1. |   0.641 us    |                          }
 0)  ...1. |   2.053 us    |                        }
 0)  ...1. |   2.395 us    |                      }
 0)  ...1. |   2.775 us    |                    }
 0)  ...1. |               |                    security_mmap_addr() {
 0)  ...1. |   0.170 us    |                      cap_mmap_addr();
 0)  ...1. |   0.149 us    |                      bpf_lsm_mmap_addr();
 0)  ...1. |   0.891 us    |                    }
 0)  ...1. |   4.217 us    |                  }
 0)  ...1. |   0.160 us    |                  path_noexec();
 0)  ...1. |               |                  memfd_check_seals_mmap() {
 0)  ...1. |   0.150 us    |                    shmem_mapping();
 0)  ...1. |   0.581 us    |                  }
 0)  ...1. |               |                  mmap_region() {
 0)  ...1. |               |                    __mmap_region() {
 0)  ...1. |   0.160 us    |                      may_expand_vm();
 0)  ...1. |               |                      shmem_mmap_prepare() {
 0)  ...1. |               |                        touch_atime() {
 0)  ...1. |               |                          atime_needs_update() {
 0)  ...1. |   0.150 us    |                            make_vfsuid();
 0)  ...1. |   0.149 us    |                            make_vfsgid();
 0)  ...1. |               |                            current_time() {
 0)  ...1. |   0.160 us    |                              ktime_get_coarse_real_ts64_mg();
 0)  ...1. |   0.511 us    |                            }
 0)  ...1. |   1.543 us    |                          }
 0)  ...1. |   1.884 us    |                        }
 0)  ...1. |   2.235 us    |                      }
 0)  ...1. |   0.180 us    |                      mmap_action_prepare();
 0)  ...1. |   0.151 us    |                      ksm_vma_flags();
 0)  ...1. |               |                      vma_merge_new_range() {
 0)  ...1. |   0.150 us    |                        can_vma_merge_left();
 0)  ...1. |   0.150 us    |                        can_vma_merge_right();
 0)  ...1. |   0.922 us    |                      }
 0)  ...1. |               |                      vm_area_alloc() {
 0)  ...1. |   0.230 us    |                        kmem_cache_alloc_noprof();
 0)  ...1. |   0.571 us    |                      }
 0)  ...1. |   0.250 us    |                      kmem_cache_alloc_noprof();
 0)  ...1. |               |                      __vma_start_write() {
 0)  ...1. |   0.160 us    |                        __vma_start_exclude_readers();
 0)  ...1. |   0.491 us    |                      }
 0)  ...1. |               |                      kvfree_call_rcu() {
 0)  ...1. |   0.150 us    |                        is_vmalloc_addr();
 0)  ...1. |   0.161 us    |                        __kfree_rcu_sheaf();
 0)  ...1. |   0.821 us    |                      }
 0)  ...1. |   0.149 us    |                      down_write();
 0)  ...1. |   0.240 us    |                      vma_interval_tree_insert();
 0)  ...1. |   0.160 us    |                      up_write();
 0)  ...1. |               |                      khugepaged_enter_vma() {
 0)  ...1. |   0.160 us    |                        hugepage_pmd_enabled();
 0)  ...1. |               |                        __thp_vma_allowable_orders() {
 0)  ...1. |   0.160 us    |                          vma_is_special_huge();
 0)  ...1. |   0.561 us    |                        }
 0)  ...1. |   1.273 us    |                      }
 0)  ...1. |   0.151 us    |                      perf_event_mmap();
 0)  ...1. |   0.150 us    |                      vms_complete_munmap_vmas();
 0)  ...1. |   0.170 us    |                      vm_stat_account();
 0)  ...1. |   0.151 us    |                      uprobe_mmap();
 0)  ...1. |               |                      vma_set_page_prot() {
 0)  ...1. |               |                        vma_wants_writenotify() {
 0)  ...1. |   0.160 us    |                          vma_is_shared_writable();
 0)  ...1. |   0.481 us    |                        }
 0)  ...1. |   0.831 us    |                      }
 0)  ...1. |   0.170 us    |                      mmap_action_complete();
 0)  ...1. | + 13.396 us   |                    }
 0)  ...1. | + 13.755 us   |                  }
 0)  ...1. | + 19.697 us   |                }
 0)  ...1. |   0.151 us    |                up_write();
 0)  ...1. |   0.151 us    |                userfaultfd_unmap_complete();
 0)  ...1. | + 21.830 us   |              }
 0)  ...1. | + 22.152 us   |            }
 0)  ...1. |               |            vm_munmap() {
 0)  ...1. |               |              __vm_munmap() {
 0)  ...1. |   0.150 us    |                down_write_killable();
 0)  ...1. |               |                do_vmi_munmap() {
 0)  ...1. |               |                  do_vmi_align_munmap() {
 0)  ...1. |               |                    vms_gather_munmap_vmas() {
 0)  ...1. |               |                      __split_vma() {
 0)  ...1. |               |                        vm_area_dup() {
 0)  ...1. |   0.160 us    |                          kmem_cache_alloc_noprof();
 0)  ...1. |   0.150 us    |                          anon_vma_name();
 0)  ...1. |   0.831 us    |                        }
 0)  ...1. |   0.250 us    |                        kmem_cache_alloc_noprof();
 0)  ...1. |   0.150 us    |                        vma_dup_policy();
 0)  ...1. |   0.150 us    |                        anon_vma_clone();
 0)  ...1. |               |                        __vma_start_write() {
 0)  ...1. |               |                          __vma_start_exclude_readers() {
 0)  ...1. |   0.150 us    |                            finish_rcuwait();
 0)  ...1. |   0.490 us    |                          }
 0)  ...1. |   0.822 us    |                        }
 0)  ...1. |               |                        __vma_start_write() {
 0)  ...1. |   0.161 us    |                          __vma_start_exclude_readers();
 0)  ...1. |   0.490 us    |                        }
 0)  ...1. |   0.160 us    |                        init_multi_vma_prep();
 0)  ...1. |               |                        vma_prepare() {
 0)  ...1. |   0.150 us    |                          uprobe_munmap();
 0)  ...1. |   0.151 us    |                          down_write();
 0)  ...1. |               |                          vma_interval_tree_insert() {
 0)  ...1. |   0.160 us    |                            vma_interval_tree_augment_rotate();
 0)  ...1. |   0.551 us    |                          }
 0)  ...1. |   0.481 us    |                          vma_interval_tree_remove();
 0)  ...1. |   2.214 us    |                        }
 0)  ...1. |   0.160 us    |                        vma_adjust_trans_huge();
 0)  ...1. |               |                        vma_complete() {
 0)  ...1. |   0.180 us    |                          vma_interval_tree_insert();
 0)  ...1. |               |                          kvfree_call_rcu() {
 0)  ...1. |   0.150 us    |                            is_vmalloc_addr();
 0)  ...1. |   0.151 us    |                            __kfree_rcu_sheaf();
 0)  ...1. |   0.812 us    |                          }
 0)  ...1. |   0.150 us    |                          up_write();
 0)  ...1. |   0.150 us    |                          uprobe_mmap();
 0)  ...1. |   0.150 us    |                          uprobe_mmap();
 0)  ...1. |   2.625 us    |                        }
 0)  ...1. | + 10.119 us   |                      }
 0)  ...1. |   0.160 us    |                      userfaultfd_unmap_prep();
 0)  ...1. | + 11.131 us   |                    }
 0)  ...1. |   0.281 us    |                    kmem_cache_alloc_noprof();
 0)  ...1. |               |                    kvfree_call_rcu() {
 0)  ...1. |   0.150 us    |                      is_vmalloc_addr();
 0)  ...1. |   0.150 us    |                      __kfree_rcu_sheaf();
 0)  ...1. |   0.822 us    |                    }
 0)  ...1. |               |                    vms_complete_munmap_vmas() {
 0)  ...1. |               |                      unmap_region() {
 0)  ...1. |   0.160 us    |                        tlb_gather_mmu();
 0)  ...1. |               |                        unmap_vmas() {
 0)  ...1. |               |                          __zap_vma_range() {
 0)  ...1. |   0.161 us    |                            uprobe_munmap();
 0)  ...1. |   0.541 us    |                          }
 0)  ...1. |   0.891 us    |                        }
 0)  ...1. |               |                        free_pgtables() {
 0)  ...1. |   0.160 us    |                          unlink_anon_vmas();
 0)  ...1. |   0.150 us    |                          unlink_file_vma_batch_init();
 0)  ...1. |   0.160 us    |                          unlink_file_vma_batch_add();
 0)  ...1. |               |                          unlink_file_vma_batch_final() {
 0)  ...1. |               |                            unlink_file_vma_batch_process() {
 0)  ...1. |   0.160 us    |                              down_write();
 0)  ...1. |   0.171 us    |                              vma_interval_tree_remove();
 0)  ...1. |   0.150 us    |                              up_write();
 0)  ...1. |   1.152 us    |                            }
 0)  ...1. |   1.483 us    |                          }
 0)  ...1. |   0.169 us    |                          free_pgd_range();
 0)  ...1. |   3.196 us    |                        }
 0)  ...1. |   0.169 us    |                        tlb_finish_mmu();
 0)  ...1. |   5.320 us    |                      }
 0)  ...1. |               |                      remove_vma() {
 0)  ...1. |   0.161 us    |                        fput();
 0)  ...1. |               |                        vm_area_free() {
 0)  ...1. |   0.161 us    |                          kfree();
 0)  ...1. |   0.160 us    |                          kmem_cache_free();
 0)  ...1. |   0.832 us    |                        }
 0)  d..3. |               |                          irq_enter_rcu() {
 0)  d.h3. |   0.241 us    |                            irqtime_account_irq();
 0)  d.h3. |   0.671 us    |                          }
 0)  d.h3. |               |                          __sysvec_apic_timer_interrupt() {
 0)  d.h3. |               |                            hrtimer_interrupt() {
 0)  d.h3. |   0.149 us    |                              _raw_spin_lock_irqsave();
 0)  d.h4. |   0.221 us    |                              ktime_get_update_offsets_now();
 0)  d.h4. |               |                              __hrtimer_run_queues() {
 0)  d.h4. |   0.230 us    |                                __remove_hrtimer();
 0)  d.h4. |   0.170 us    |                                _raw_spin_unlock_irqrestore();
 0)  d.h3. |               |                                tick_nohz_handler() {
 0)  d.h3. |   0.210 us    |                                  ktime_get();
 0)  d.h3. |               |                                  update_process_times() {
 0)  d.h3. |               |                                    account_process_tick() {
 0)  d.h3. |               |                                      irqtime_account_process_tick() {
 0)  d.h3. |   0.151 us    |                                        kvm_steal_clock();
 0)  d.h3. |               |                                        account_system_index_time() {
 0)  d.h3. |   0.161 us    |                                          cpuacct_account_field();
 0)  d.h3. |   0.161 us    |                                          acct_account_cputime();
 0)  d.h3. |   0.921 us    |                                        }
 0)  d.h3. |   1.652 us    |                                      }
 0)  d.h3. |   1.984 us    |                                    }
 0)  d.h3. |   0.151 us    |                                    hrtimer_run_queues();
 0)  d.h3. |               |                                    tmigr_requires_handle_remote() {
 0)  d.h3. |   0.160 us    |                                      get_jiffies_update();
 0)  d.h3. |   0.511 us    |                                    }
 0)  d.h3. |               |                                    rcu_sched_clock_irq() {
 0)  d.h3. |   0.160 us    |                                      rcu_segcblist_ready_cbs();
 0)  d.h3. |   0.581 us    |                                    }
 0)  d.h3. |               |                                    sched_tick() {
 0)  d.h3. |   0.170 us    |                                      arch_scale_freq_tick();
 0)  d.h3. |               |                                      raw_spin_rq_lock_nested() {
 0)  d.h4. |   0.150 us    |                                        _raw_spin_lock();
 0)  d.h4. |   0.481 us    |                                      }
 0)  d.h4. |               |                                      psi_account_irqtime() {
 0)  d.h4. |   0.160 us    |                                        record_times();
 0)  d.h4. |   0.621 us    |                                      }
 0)  d.h4. |               |                                      update_rq_clock() {
 0)  d.h4. |   0.140 us    |                                        kvm_steal_clock();
 0)  d.h4. |               |                                        update_irq_load_avg() {
 0)  d.h4. |   0.150 us    |                                          arch_scale_cpu_capacity();
 0)  d.h4. |   0.521 us    |                                        }
 0)  d.h4. |   0.150 us    |                                        arch_scale_cpu_capacity();
 0)  d.h4. |   1.543 us    |                                      }
 0)  d.h4. |               |                                      task_tick_fair() {
 0)  d.h4. |               |                                        update_curr() {
 0)  d.h4. |               |                                          update_se() {
 0)  d.h4. |   0.160 us    |                                            cpuacct_charge();
 0)  d.h4. |   0.501 us    |                                          }
 0)  d.h4. |               |                                          dl_server_update() {
 0)  d.h4. |               |                                            update_curr_dl_se() {
 0)  d.h4. |               |                                              hrtimer_try_to_cancel() {
 0)  d.h4. |   0.160 us    |                                                hrtimer_active();
 0)  d.h4. |               |                                                hrtimer_try_to_cancel.part.0() {
 0)  d.h4. |   0.150 us    |                                                  _raw_spin_lock_irqsave();
 0)  d.h5. |   0.191 us    |                                                  __remove_hrtimer();
 0)  d.h5. |   0.160 us    |                                                  _raw_spin_unlock_irqrestore();
 0)  d.h4. |   1.212 us    |                                                }
 0)  d.h4. |   1.894 us    |                                              }
 0)  d.h4. |               |                                              start_dl_timer() {
 0)  d.h4. |   0.190 us    |                                                ktime_get();
 0)  d.h4. |               |                                                hrtimer_start_range_ns() {
 0)  d.h4. |   0.150 us    |                                                  _raw_spin_lock_irqsave();
 0)  d.h5. |   0.150 us    |                                                  tick_nohz_tick_stopped();
 0)  d.h5. |   0.160 us    |                                                  _raw_spin_unlock_irqrestore();
 0)  d.h4. |   1.243 us    |                                                }
 0)  d.h4. |   1.953 us    |                                              }
 0)  d.h4. |   4.428 us    |                                            }
 0)  d.h4. |   4.779 us    |                                          }
 0)  d.h4. |   5.861 us    |                                        }
 0)  d.h4. |   0.161 us    |                                        __update_load_avg_se();
 0)  d.h4. |   0.160 us    |                                        __update_load_avg_cfs_rq();
 0)  d.h4. |   0.150 us    |                                        update_cfs_group();
 0)  d.h4. |   7.333 us    |                                      }
 0)  d.h4. |   0.160 us    |                                      calc_global_load_tick();
 0)  d.h4. |   0.150 us    |                                      scx_tick();
 0)  d.h4. |   0.160 us    |                                      _raw_spin_unlock();
 0)  d.h3. |               |                                      perf_event_task_tick() {
 0)  d.h3. |   0.151 us    |                                        perf_adjust_freq_unthr_context();
 0)  d.h3. |   0.150 us    |                                        __rcu_read_lock();
 0)  d.h3. |   0.149 us    |                                        __rcu_read_unlock();
 0)  d.h3. |   1.132 us    |                                      }
 0)  d.h3. |   0.160 us    |                                      idle_cpu();
 0)  d.h3. |               |                                      sched_balance_trigger() {
 0)  d.h3. |   0.160 us    |                                        nohz_balance_exit_idle();
 0)  d.h3. |   0.151 us    |                                        housekeeping_cpumask();
 0)  d.h3. |   0.190 us    |                                        idle_cpu();
 0)  d.h3. |               |                                        smp_call_function_single_async() {
 0)  d.h4. |               |                                          generic_exec_single() {
 0)  d.h4. |               |                                            __smp_call_single_queue() {
 0)  d.h4. |   0.261 us    |                                              call_function_single_prep_ipi();
 0)  d.h4. |               |                                              native_send_call_func_single_ipi() {
 0)  d.h4. |   1.533 us    |                                                x2apic_send_IPI();
 0)  d.h4. |   1.913 us    |                                              }
 0)  d.h4. |   2.766 us    |                                            }
 0)  d.h4. |   3.106 us    |                                          }
 0)  d.h3. |   3.446 us    |                                        }
 0)  d.h3. |   4.919 us    |                                      }
 0)  d.h3. | + 19.165 us   |                                    }
 0)  d.h3. |   0.160 us    |                                    run_posix_cpu_timers();
 0)  d.h3. | + 23.905 us   |                                  }
 0)  d.h3. |               |                                  profile_tick() {
 0)  d.h3. |   0.160 us    |                                    profile_pc();
 0)  d.h3. |   0.511 us    |                                  }
 0)  d.h3. |   0.161 us    |                                  hrtimer_forward();
 0)  d.h3. | + 25.688 us   |                                }
 0)  d.h3. |   0.151 us    |                                _raw_spin_lock_irq();
 0)  d.h4. |   0.230 us    |                                enqueue_hrtimer();
 0)  d.h4. | + 27.552 us   |                              }
 0)  d.h4. |   0.200 us    |                              ktime_get_update_offsets_now();
 0)  d.h4. |               |                              hrtimer_update_next_event() {
 0)  d.h4. |   0.150 us    |                                hrtimer_bases_first();
 0)  d.h4. |   0.501 us    |                              }
 0)  d.h4. |   0.160 us    |                              _raw_spin_unlock_irqrestore();
 0)  d.h3. | + 30.027 us   |                            }
 0)  d.h3. | + 30.437 us   |                          }
 0)  d.h3. |               |                          irq_exit_rcu() {
 0)  d.h3. |   0.189 us    |                            irqtime_account_irq();
 0)  d..3. |   0.190 us    |                            sched_core_idle_cpu();
 0)  d..3. |   0.942 us    |                          }
 0)  d..3. |   0.160 us    |                          raw_irqentry_exit_cond_resched();
 0)  d..3. |               |                          __hrtimer_rearm_deferred() {
 0)  d..3. |   0.151 us    |                            _raw_spin_lock();
 0)  d..4. |               |                            tick_program_event() {
 0)  d..4. |               |                              clockevents_program_event() {
 0)  d..4. |   0.150 us    |                                ktime_expiry_to_cycles();
 0)  d..4. |   0.180 us    |                                ktime_get();
 0)  d..4. |   1.393 us    |                                lapic_next_deadline();
 0)  d..4. |   2.455 us    |                              }
 0)  d..4. |   2.795 us    |                            }
 0)  d..4. |   0.160 us    |                            _raw_spin_unlock();
 0)  d..3. |   3.807 us    |                          }
 0)  ...1. | + 43.290 us   |                      }
 0)  ...1. | + 49.232 us   |                    }
 0)  ...1. | + 62.547 us   |                  }
 0)  ...1. | + 62.929 us   |                }
 0)  ...1. |   0.170 us    |                up_write();
 0)  ...1. |   0.171 us    |                userfaultfd_unmap_complete();
 0)  ...1. | + 64.331 us   |              }
 0)  ...1. | + 64.661 us   |            }
 0)  ...1. | + 87.384 us   |          }
 0)  ...1. |               |          elf_load() {
 0)  ...1. |               |            vm_mmap() {
 0)  ...1. |               |              vm_mmap_pgoff() {
 0)  ...1. |               |                security_mmap_file() {
 0)  ...1. |   0.161 us    |                  bpf_lsm_mmap_file();
 0)  ...1. |   0.481 us    |                }
 0)  ...1. |   0.160 us    |                down_write_killable();
 0)  ...1. |               |                do_mmap() {
 0)  ...1. |               |                  __get_unmapped_area() {
 0)  ...1. |               |                    shmem_get_unmapped_area() {
 0)  ...1. |               |                      mm_get_unmapped_area() {
 0)  ...1. |   0.161 us    |                        arch_get_unmapped_area_topdown();
 0)  ...1. |   0.491 us    |                      }
 0)  ...1. |   0.831 us    |                    }
 0)  ...1. |               |                    security_mmap_addr() {
 0)  ...1. |   0.150 us    |                      cap_mmap_addr();
 0)  ...1. |   0.151 us    |                      bpf_lsm_mmap_addr();
 0)  ...1. |   0.812 us    |                    }
 0)  ...1. |   2.164 us    |                  }
 0)  ...1. |   0.150 us    |                  path_noexec();
 0)  ...1. |               |                  memfd_check_seals_mmap() {
 0)  ...1. |   0.240 us    |                    shmem_mapping();
 0)  ...1. |   0.572 us    |                  }
 0)  ...1. |               |                  mmap_region() {
 0)  ...1. |               |                    __mmap_region() {
 0)  ...1. |   0.160 us    |                      may_expand_vm();
 0)  ...1. |               |                      shmem_mmap_prepare() {
 0)  ...1. |               |                        touch_atime() {
 0)  ...1. |               |                          atime_needs_update() {
 0)  ...1. |   0.151 us    |                            make_vfsuid();
 0)  ...1. |   0.150 us    |                            make_vfsgid();
 0)  ...1. |               |                            current_time() {
 0)  ...1. |   0.191 us    |                              ktime_get_coarse_real_ts64_mg();
 0)  ...1. |   0.531 us    |                            }
 0)  ...1. |   1.523 us    |                          }
 0)  ...1. |   0.160 us    |                          mnt_get_write_access();
 0)  ...1. |               |                          current_time() {
 0)  ...1. |   0.160 us    |                            ktime_get_coarse_real_ts64_mg();
 0)  ...1. |   0.491 us    |                          }
 0)  ...1. |   0.169 us    |                          __mark_inode_dirty();
 0)  ...1. |   0.150 us    |                          mnt_put_write_access();
 0)  ...1. |   3.567 us    |                        }
 0)  ...1. |   3.927 us    |                      }
 0)  ...1. |   0.151 us    |                      mmap_action_prepare();
 0)  ...1. |   0.160 us    |                      ksm_vma_flags();
 0)  ...1. |               |                      vma_merge_new_range() {
 0)  ...1. |   0.170 us    |                        can_vma_merge_left();
 0)  ...1. |   0.150 us    |                        can_vma_merge_right();
 0)  ...1. |   0.852 us    |                      }
 0)  ...1. |               |                      vm_area_alloc() {
 0)  ...1. |   0.180 us    |                        kmem_cache_alloc_noprof();
 0)  ...1. |   0.521 us    |                      }
 0)  ...1. |   0.170 us    |                      kmem_cache_alloc_noprof();
 0)  ...1. |               |                      __vma_start_write() {
 0)  ...1. |   0.160 us    |                        __vma_start_exclude_readers();
 0)  ...1. |   0.490 us    |                      }
 0)  ...1. |               |                      kvfree_call_rcu() {
 0)  ...1. |   0.160 us    |                        is_vmalloc_addr();
 0)  ...1. |   0.160 us    |                        __kfree_rcu_sheaf();
 0)  ...1. |   1.132 us    |                      }
 0)  ...1. |   0.160 us    |                      down_write();
 0)  ...1. |   0.180 us    |                      vma_interval_tree_insert();
 0)  ...1. |   0.150 us    |                      up_write();
 0)  ...1. |               |                      khugepaged_enter_vma() {
 0)  ...1. |   0.160 us    |                        hugepage_pmd_enabled();
 0)  ...1. |               |                        __thp_vma_allowable_orders() {
 0)  ...1. |   0.160 us    |                          vma_is_special_huge();
 0)  ...1. |   0.501 us    |                        }
 0)  ...1. |   1.162 us    |                      }
 0)  ...1. |   0.160 us    |                      perf_event_mmap();
 0)  ...1. |   0.161 us    |                      vms_complete_munmap_vmas();
 0)  ...1. |   0.160 us    |                      vm_stat_account();
 0)  ...1. |   0.160 us    |                      uprobe_mmap();
 0)  ...1. |               |                      vma_set_page_prot() {
 0)  ...1. |               |                        vma_wants_writenotify() {
 0)  ...1. |   0.151 us    |                          vma_is_shared_writable();
 0)  ...1. |   0.471 us    |                        }
 0)  ...1. |   0.822 us    |                      }
 0)  ...1. |   0.160 us    |                      mmap_action_complete();
 0)  ...1. | + 14.818 us   |                    }
 0)  ...1. | + 15.149 us   |                  }
 0)  ...1. | + 18.925 us   |                }
 0)  ...1. |   0.150 us    |                up_write();
 0)  ...1. |   0.161 us    |                userfaultfd_unmap_complete();
 0)  ...1. | + 20.929 us   |              }
 0)  ...1. | + 21.251 us   |            }
 0)  ...1. | + 21.581 us   |          }
 0)  ...1. |               |          elf_load() {
 0)  ...1. |               |            vm_mmap() {
 0)  ...1. |               |              vm_mmap_pgoff() {
 0)  ...1. |               |                security_mmap_file() {
 0)  ...1. |   0.151 us    |                  bpf_lsm_mmap_file();
 0)  ...1. |   0.561 us    |                }
 0)  ...1. |   0.151 us    |                down_write_killable();
 0)  ...1. |               |                do_mmap() {
 0)  ...1. |               |                  __get_unmapped_area() {
 0)  ...1. |               |                    shmem_get_unmapped_area() {
 0)  ...1. |               |                      mm_get_unmapped_area() {
 0)  ...1. |   0.160 us    |                        arch_get_unmapped_area_topdown();
 0)  ...1. |   0.481 us    |                      }
 0)  ...1. |   0.811 us    |                    }
 0)  ...1. |               |                    security_mmap_addr() {
 0)  ...1. |   0.150 us    |                      cap_mmap_addr();
 0)  ...1. |   0.151 us    |                      bpf_lsm_mmap_addr();
 0)  ...1. |   0.802 us    |                    }
 0)  ...1. |   2.133 us    |                  }
 0)  ...1. |   0.150 us    |                  path_noexec();
 0)  ...1. |               |                  memfd_check_seals_mmap() {
 0)  ...1. |   0.151 us    |                    shmem_mapping();
 0)  ...1. |   0.481 us    |                  }
 0)  ...1. |               |                  mmap_region() {
 0)  ...1. |               |                    __mmap_region() {
 0)  ...1. |   0.151 us    |                      may_expand_vm();
 0)  ...1. |               |                      shmem_mmap_prepare() {
 0)  ...1. |               |                        touch_atime() {
 0)  ...1. |               |                          atime_needs_update() {
 0)  ...1. |   0.150 us    |                            make_vfsuid();
 0)  ...1. |   0.150 us    |                            make_vfsgid();
 0)  ...1. |               |                            current_time() {
 0)  ...1. |   0.151 us    |                              ktime_get_coarse_real_ts64_mg();
 0)  ...1. |   0.481 us    |                            }
 0)  ...1. |   1.473 us    |                          }
 0)  ...1. |   1.803 us    |                        }
 0)  ...1. |   2.134 us    |                      }
 0)  ...1. |   0.150 us    |                      mmap_action_prepare();
 0)  ...1. |   0.151 us    |                      ksm_vma_flags();
 0)  ...1. |               |                      vma_merge_new_range() {
 0)  ...1. |   0.150 us    |                        can_vma_merge_left();
 0)  ...1. |   0.151 us    |                        can_vma_merge_right();
 0)  ...1. |   0.822 us    |                      }
 0)  ...1. |               |                      vm_area_alloc() {
 0)  ...1. |   0.160 us    |                        kmem_cache_alloc_noprof();
 0)  ...1. |   0.501 us    |                      }
 0)  ...1. |   0.240 us    |                      kmem_cache_alloc_noprof();
 0)  ...1. |               |                      __vma_start_write() {
 0)  ...1. |   0.160 us    |                        __vma_start_exclude_readers();
 0)  ...1. |   0.490 us    |                      }
 0)  ...1. |               |                      kvfree_call_rcu() {
 0)  ...1. |   0.161 us    |                        is_vmalloc_addr();
 0)  ...1. |   0.151 us    |                        __kfree_rcu_sheaf();
 0)  ...1. |   0.811 us    |                      }
 0)  ...1. |   0.150 us    |                      down_write();
 0)  ...1. |   0.191 us    |                      vma_interval_tree_insert();
 0)  ...1. |   0.160 us    |                      up_write();
 0)  ...1. |               |                      khugepaged_enter_vma() {
 0)  ...1. |   0.151 us    |                        hugepage_pmd_enabled();
 0)  ...1. |               |                        __thp_vma_allowable_orders() {
 0)  ...1. |   0.151 us    |                          vma_is_special_huge();
 0)  ...1. |   0.491 us    |                        }
 0)  ...1. |   1.142 us    |                      }
 0)  ...1. |   0.150 us    |                      perf_event_mmap();
 0)  ...1. |   0.160 us    |                      vms_complete_munmap_vmas();
 0)  ...1. |   0.160 us    |                      vm_stat_account();
 0)  ...1. |   0.149 us    |                      uprobe_mmap();
 0)  ...1. |               |                      vma_set_page_prot() {
 0)  ...1. |               |                        vma_wants_writenotify() {
 0)  ...1. |   0.150 us    |                          vma_is_shared_writable();
 0)  ...1. |   0.481 us    |                        }
 0)  ...1. |   0.812 us    |                      }
 0)  ...1. |   0.160 us    |                      mmap_action_complete();
 0)  ...1. | + 12.543 us   |                    }
 0)  ...1. | + 12.874 us   |                  }
 0)  ...1. | + 16.521 us   |                }
 0)  ...1. |   0.161 us    |                up_write();
 0)  ...1. |   0.151 us    |                userfaultfd_unmap_complete();
 0)  ...1. | + 18.655 us   |              }
 0)  ...1. | + 18.986 us   |            }
 0)  ...1. | + 19.317 us   |          }
 0)  ...1. |               |          elf_load() {
 0)  ...1. |               |            vm_mmap() {
 0)  ...1. |               |              vm_mmap_pgoff() {
 0)  ...1. |               |                security_mmap_file() {
 0)  ...1. |   0.150 us    |                  bpf_lsm_mmap_file();
 0)  ...1. |   0.490 us    |                }
 0)  ...1. |   0.150 us    |                down_write_killable();
 0)  ...1. |               |                do_mmap() {
 0)  ...1. |               |                  __get_unmapped_area() {
 0)  ...1. |               |                    shmem_get_unmapped_area() {
 0)  ...1. |               |                      mm_get_unmapped_area() {
 0)  ...1. |   0.160 us    |                        arch_get_unmapped_area_topdown();
 0)  ...1. |   0.481 us    |                      }
 0)  ...1. |   0.811 us    |                    }
 0)  ...1. |               |                    security_mmap_addr() {
 0)  ...1. |   0.149 us    |                      cap_mmap_addr();
 0)  ...1. |   0.150 us    |                      bpf_lsm_mmap_addr();
 0)  ...1. |   0.812 us    |                    }
 0)  ...1. |   2.134 us    |                  }
 0)  ...1. |   0.151 us    |                  path_noexec();
 0)  ...1. |               |                  memfd_check_seals_mmap() {
 0)  ...1. |   0.151 us    |                    shmem_mapping();
 0)  ...1. |   0.481 us    |                  }
 0)  ...1. |               |                  mmap_region() {
 0)  ...1. |               |                    __mmap_region() {
 0)  ...1. |   0.160 us    |                      may_expand_vm();
 0)  ...1. |               |                      security_vm_enough_memory_mm() {
 0)  ...1. |   0.160 us    |                        static_key_count();
 0)  ...1. |               |                        cap_vm_enough_memory() {
 0)  ...1. |   0.150 us    |                          cap_capable();
 0)  ...1. |   0.472 us    |                        }
 0)  ...1. |   0.150 us    |                        static_key_count();
 0)  ...1. |   0.151 us    |                        bpf_lsm_vm_enough_memory();
 0)  ...1. |   0.151 us    |                        static_key_count();
 0)  ...1. |   0.150 us    |                        static_key_count();
 0)  ...1. |   0.151 us    |                        static_key_count();
 0)  ...1. |   0.150 us    |                        static_key_count();
 0)  ...1. |   0.151 us    |                        static_key_count();
 0)  ...1. |   0.150 us    |                        static_key_count();
 0)  ...1. |   0.150 us    |                        static_key_count();
 0)  ...1. |   0.149 us    |                        static_key_count();
 0)  ...1. |   0.140 us    |                        static_key_count();
 0)  ...1. |   0.151 us    |                        static_key_count();
 0)  ...1. |   0.161 us    |                        __vm_enough_memory();
 0)  ...1. |   5.390 us    |                      }
 0)  ...1. |               |                      shmem_mmap_prepare() {
 0)  ...1. |               |                        touch_atime() {
 0)  ...1. |               |                          atime_needs_update() {
 0)  ...1. |   0.160 us    |                            make_vfsuid();
 0)  ...1. |   0.150 us    |                            make_vfsgid();
 0)  ...1. |               |                            current_time() {
 0)  ...1. |   0.151 us    |                              ktime_get_coarse_real_ts64_mg();
 0)  ...1. |   0.491 us    |                            }
 0)  ...1. |   1.483 us    |                          }
 0)  ...1. |   1.814 us    |                        }
 0)  ...1. |   2.134 us    |                      }
 0)  ...1. |   0.151 us    |                      mmap_action_prepare();
 0)  ...1. |   0.161 us    |                      ksm_vma_flags();
 0)  ...1. |               |                      vma_merge_new_range() {
 0)  ...1. |   0.160 us    |                        can_vma_merge_left();
 0)  ...1. |   0.150 us    |                        can_vma_merge_right();
 0)  ...1. |   0.822 us    |                      }
 0)  ...1. |               |                      vm_area_alloc() {
 0)  ...1. |   0.160 us    |                        kmem_cache_alloc_noprof();
 0)  ...1. |   0.552 us    |                      }
 0)  ...1. |   0.170 us    |                      kmem_cache_alloc_noprof();
 0)  ...1. |               |                      __vma_start_write() {
 0)  ...1. |   0.160 us    |                        __vma_start_exclude_readers();
 0)  ...1. |   0.490 us    |                      }
 0)  ...1. |               |                      kvfree_call_rcu() {
 0)  ...1. |   0.160 us    |                        is_vmalloc_addr();
 0)  ...1. |   0.151 us    |                        __kfree_rcu_sheaf();
 0)  ...1. |   0.811 us    |                      }
 0)  ...1. |   0.150 us    |                      down_write();
 0)  ...1. |   0.180 us    |                      vma_interval_tree_insert();
 0)  ...1. |   0.150 us    |                      up_write();
 0)  ...1. |               |                      khugepaged_enter_vma() {
 0)  ...1. |   0.150 us    |                        hugepage_pmd_enabled();
 0)  ...1. |               |                        __thp_vma_allowable_orders() {
 0)  ...1. |   0.150 us    |                          vma_is_special_huge();
 0)  ...1. |   0.491 us    |                        }
 0)  ...1. |   1.152 us    |                      }
 0)  ...1. |   0.151 us    |                      perf_event_mmap();
 0)  ...1. |   0.150 us    |                      vms_complete_munmap_vmas();
 0)  ...1. |   0.151 us    |                      vm_stat_account();
 0)  ...1. |   0.150 us    |                      uprobe_mmap();
 0)  ...1. |               |                      vma_set_page_prot() {
 0)  ...1. |               |                        vma_wants_writenotify() {
 0)  ...1. |   0.150 us    |                          vma_is_shared_writable();
 0)  ...1. |   0.481 us    |                        }
 0)  ...1. |   0.821 us    |                      }
 0)  ...1. |   0.160 us    |                      mmap_action_complete();
 0)  ...1. | + 18.085 us   |                    }
 0)  ...1. | + 18.414 us   |                  }
 0)  ...1. | + 22.042 us   |                }
 0)  ...1. |   0.151 us    |                up_write();
 0)  ...1. |   0.150 us    |                userfaultfd_unmap_complete();
 0)  ...1. | + 24.025 us   |              }
 0)  ...1. | + 24.346 us   |            }
 0)  ...1. |               |            lock_mm_and_find_vma() {
 0)  ...1. |   0.150 us    |              down_read_trylock();
 0)  ...1. |               |              find_vma() {
 0)  ...1. |   0.151 us    |                __rcu_read_lock();
 0)  ...1. |   0.161 us    |                __rcu_read_unlock();
 0)  ...1. |   0.882 us    |              }
 0)  ...1. |   1.552 us    |            }
 0)  ...1. |               |            handle_mm_fault() {
 0)  ...1. |               |              __handle_mm_fault() {
 0)  ...1. |               |                __pud_alloc() {
 0)  ...1. |               |                  alloc_pages_noprof() {
 0)  ...1. |               |                    alloc_pages_mpol() {
 0)  ...1. |   0.160 us    |                      policy_nodemask();
 0)  ...1. |               |                      __alloc_frozen_pages_noprof() {
 0)  ...1. |               |                        get_page_from_freelist() {
 0)  ...2. |   0.160 us    |                          _raw_spin_trylock();
 0)  ...3. |   0.161 us    |                          _raw_spin_unlock();
 0)  ...1. |   0.381 us    |                          kernel_init_pages();
 0)  ...1. |   1.503 us    |                        }
 0)  ...1. |   1.864 us    |                      }
 0)  ...1. |   2.534 us    |                    }
 0)  ...1. |   2.875 us    |                  }
 0)  ...1. |               |                  lruvec_stat_mod_folio() {
 0)  ...1. |   0.149 us    |                    __rcu_read_lock();
 0)  ...1. |   0.150 us    |                    __rcu_read_unlock();
 0)  ...1. |   0.170 us    |                    mod_node_page_state();
 0)  ...1. |   1.152 us    |                  }
 0)  ...1. |   0.150 us    |                  _raw_spin_lock();
 0)  ...2. |   0.160 us    |                  _raw_spin_unlock();
 0)  ...1. |   5.250 us    |                }
 0)  ...1. |               |                __thp_vma_allowable_orders() {
 0)  ...1. |   0.151 us    |                  vma_is_special_huge();
 0)  ...1. |   0.491 us    |                }
 0)  ...1. |               |                __pmd_alloc() {
 0)  ...1. |               |                  alloc_pages_noprof() {
 0)  ...1. |               |                    alloc_pages_mpol() {
 0)  ...1. |   0.160 us    |                      policy_nodemask();
 0)  ...1. |               |                      __alloc_frozen_pages_noprof() {
 0)  ...1. |               |                        get_page_from_freelist() {
 0)  ...2. |   0.150 us    |                          _raw_spin_trylock();
 0)  ...3. |   0.150 us    |                          _raw_spin_unlock();
 0)  ...1. |   0.411 us    |                          kernel_init_pages();
 0)  ...1. |   1.493 us    |                        }
 0)  ...1. |   1.813 us    |                      }
 0)  ...1. |   2.555 us    |                    }
 0)  ...1. |   2.876 us    |                  }
 0)  ...1. |               |                  lruvec_stat_mod_folio() {
 0)  ...1. |   0.151 us    |                    __rcu_read_lock();
 0)  ...1. |   0.151 us    |                    __rcu_read_unlock();
 0)  ...1. |   0.150 us    |                    mod_node_page_state();
 0)  ...1. |   1.122 us    |                  }
 0)  ...1. |   0.150 us    |                  _raw_spin_lock();
 0)  ...2. |   0.160 us    |                  _raw_spin_unlock();
 0)  ...1. |   5.179 us    |                }
 0)  ...1. |               |                __thp_vma_allowable_orders() {
 0)  ...1. |   0.150 us    |                  vma_is_special_huge();
 0)  ...1. |   0.512 us    |                }
 0)  ...1. |               |                do_fault() {
 0)  ...1. |               |                  __vmf_anon_prepare() {
 0)  ...1. |               |                    __anon_vma_prepare() {
 0)  ...1. |   0.190 us    |                      kmem_cache_alloc_noprof();
 0)  ...1. |               |                      find_mergeable_anon_vma() {
 0)  ...1. |   0.171 us    |                        anon_vma_compatible();
 0)  ...1. |   0.612 us    |                      }
 0)  ...1. |   0.161 us    |                      kmem_cache_alloc_noprof();
 0)  ...1. |   0.160 us    |                      down_write();
 0)  ...1. |   0.151 us    |                      _raw_spin_lock();
 0)  ...2. |   0.150 us    |                      anon_vma_interval_tree_insert();
 0)  ...2. |   0.151 us    |                      _raw_spin_unlock();
 0)  ...1. |   0.150 us    |                      up_write();
 0)  ...1. |   3.315 us    |                    }
 0)  ...1. |   3.667 us    |                  }
 0)  ...1. |               |                  vma_alloc_folio_noprof() {
 0)  ...1. |               |                    get_vma_policy() {
 0)  ...1. |               |                      shmem_get_policy() {
 0)  ...1. |   0.161 us    |                        mpol_shared_policy_lookup();
 0)  ...1. |   0.491 us    |                      }
 0)  ...1. |   0.862 us    |                    }
 0)  ...1. |               |                    alloc_pages_mpol() {
 0)  ...1. |   0.161 us    |                      policy_nodemask();
 0)  ...1. |               |                      __alloc_frozen_pages_noprof() {
 0)  ...1. |               |                        get_page_from_freelist() {
 0)  ...2. |   0.151 us    |                          _raw_spin_trylock();
 0)  ...3. |   0.150 us    |                          _raw_spin_unlock();
 0)  ...1. |   0.231 us    |                          kernel_init_pages();
 0)  ...1. |   1.262 us    |                        }
 0)  ...1. |   1.592 us    |                      }
 0)  ...1. |   2.255 us    |                    }
 0)  ...1. |   3.627 us    |                  }
 0)  ...1. |               |                  __mem_cgroup_charge() {
 0)  ...1. |               |                    get_mem_cgroup_from_mm() {
 0)  ...1. |   0.150 us    |                      __rcu_read_lock();
 0)  ...1. |   0.150 us    |                      __rcu_read_unlock();
 0)  ...1. |   0.841 us    |                    }
 0)  ...1. |               |                    charge_memcg() {
 0)  ...1. |   0.151 us    |                      __rcu_read_lock();
 0)  ...1. |   0.170 us    |                      __get_obj_cgroup_from_memcg();
 0)  ...1. |   0.149 us    |                      __rcu_read_unlock();
 0)  ...1. |   1.172 us    |                    }
 0)  ...1. |   2.525 us    |                  }
 0)  ...1. |   0.160 us    |                  __folio_throttle_swaprate();
 0)  ...1. |               |                  __do_fault() {
 0)  ...1. |               |                    pte_alloc_one() {
 0)  ...1. |               |                      alloc_pages_noprof() {
 0)  ...1. |               |                        alloc_pages_mpol() {
 0)  ...1. |   0.151 us    |                          policy_nodemask();
 0)  ...1. |               |                          __alloc_frozen_pages_noprof() {
 0)  ...1. |               |                            get_page_from_freelist() {
 0)  ...2. |   0.231 us    |                              _raw_spin_trylock();
 0)  ...3. |   0.160 us    |                              _raw_spin_unlock();
 0)  ...1. |   0.452 us    |                              kernel_init_pages();
 0)  ...1. |   1.603 us    |                            }
 0)  ...1. |   1.934 us    |                          }
 0)  ...1. |   2.584 us    |                        }
 0)  ...1. |   2.916 us    |                      }
 0)  ...1. |               |                      lruvec_stat_mod_folio() {
 0)  ...1. |   0.150 us    |                        __rcu_read_lock();
 0)  ...1. |   0.151 us    |                        __rcu_read_unlock();
 0)  ...1. |   0.160 us    |                        mod_node_page_state();
 0)  ...1. |   1.122 us    |                      }
 0)  ...1. |   4.538 us    |                    }
 0)  ...1. |               |                    shmem_fault() {
 0)  ...1. |               |                      shmem_get_folio_gfp() {
 0)  ...1. |               |                        filemap_get_entry() {
 0)  ...1. |   0.150 us    |                          __rcu_read_lock();
 0)  ...1. |   0.160 us    |                          __rcu_read_unlock();
 0)  ...1. |   0.902 us    |                        }
 0)  ...1. |   1.272 us    |                      }
 0)  ...1. |   1.623 us    |                    }
 0)  ...1. |   6.702 us    |                  }
 0)  ...1. |   0.311 us    |                  copy_mc_to_kernel();
 0)  ...1. |               |                  finish_fault() {
 0)  ...1. |   0.150 us    |                    shmem_mapping();
 0)  ...1. |               |                    pmd_install() {
 0)  ...1. |   0.150 us    |                      _raw_spin_lock();
 0)  ...2. |   0.160 us    |                      _raw_spin_unlock();
 0)  ...1. |   0.822 us    |                    }
 0)  ...1. |               |                    pte_offset_map_lock() {
 0)  ...1. |               |                      __pte_offset_map() {
 0)  ...1. |   0.150 us    |                        __rcu_read_lock();
 0)  ...1. |   0.481 us    |                      }
 0)  ...1. |   0.151 us    |                      _raw_spin_lock();
 0)  ...2. |   1.133 us    |                    }
 0)  ...2. |               |                    set_pte_range() {
 0)  ...2. |   0.151 us    |                      pte_mkwrite();
 0)  ...2. |               |                      folio_add_new_anon_rmap() {
 0)  ...2. |               |                        __folio_mod_stat() {
 0)  ...2. |               |                          lruvec_stat_mod_folio() {
 0)  ...2. |   0.151 us    |                            __rcu_read_lock();
 0)  ...2. |   0.169 us    |                            mod_node_page_state();
 0)  ...2. |               |                            __mod_memcg_lruvec_state() {
 0)  ...3. |   0.151 us    |                              memcg_state_val_in_pages();
 0)  ...3. |   0.150 us    |                              __css_rstat_updated();
 0)  ...2. |   0.832 us    |                            }
 0)  ...2. |   0.160 us    |                            __rcu_read_unlock();
 0)  ...2. |   2.173 us    |                          }
 0)  ...2. |   2.495 us    |                        }
 0)  ...2. |   2.825 us    |                      }
 0)  ...2. |               |                      folio_add_lru_vma() {
 0)  ...2. |               |                        folio_add_lru() {
 0)  ...2. |   0.161 us    |                          __folio_batch_add_and_move();
 0)  ...2. |   0.490 us    |                        }
 0)  ...2. |   0.832 us    |                      }
 0)  ...2. |   4.578 us    |                    }
 0)  ...2. |   0.160 us    |                    _raw_spin_unlock();
 0)  ...1. |   0.160 us    |                    __rcu_read_unlock();
 0)  ...1. |   8.336 us    |                  }
 0)  ...1. |               |                  unlock_page() {
 0)  ...1. |   0.161 us    |                    folio_unlock();
 0)  ...1. |   0.511 us    |                  }
 0)  ...1. | + 27.621 us   |                }
 0)  ...1. | + 40.255 us   |              }
 0)  ...1. |   0.150 us    |              __rcu_read_lock();
 0)  ...1. |   0.160 us    |              mem_cgroup_from_task();
 0)  ...1. |               |              count_memcg_events() {
 0)  ...2. |   0.150 us    |                __css_rstat_updated();
 0)  ...1. |   0.492 us    |              }
 0)  ...1. |   0.150 us    |              __rcu_read_unlock();
 0)  ...1. | + 42.279 us   |            }
 0)  ...1. |   0.220 us    |            up_read();
 0)  d..1. |   0.151 us    |            raw_irqentry_exit_cond_resched();
 0)  ...1. |               |            vm_brk_flags() {
 0)  ...1. |   0.160 us    |              down_write_killable();
 0)  ...1. |               |              check_brk_limits() {
 0)  ...1. |               |                __get_unmapped_area() {
 0)  ...1. |               |                  mm_get_unmapped_area_vmflags() {
 0)  ...1. |   0.151 us    |                    arch_get_unmapped_area_topdown();
 0)  ...1. |   0.481 us    |                  }
 0)  ...1. |               |                  security_mmap_addr() {
 0)  ...1. |   0.150 us    |                    cap_mmap_addr();
 0)  ...1. |   0.151 us    |                    bpf_lsm_mmap_addr();
 0)  ...1. |   0.812 us    |                  }
 0)  ...1. |   1.813 us    |                }
 0)  ...1. |   2.144 us    |              }
 0)  ...1. |   0.220 us    |              do_vmi_munmap();
 0)  ...1. |               |              do_brk_flags() {
 0)  ...1. |   0.150 us    |                ksm_vma_flags();
 0)  ...1. |   0.171 us    |                may_expand_vm();
 0)  ...1. |               |                security_vm_enough_memory_mm() {
 0)  ...1. |   0.161 us    |                  static_key_count();
 0)  ...1. |               |                  cap_vm_enough_memory() {
 0)  ...1. |   0.150 us    |                    cap_capable();
 0)  ...1. |   0.481 us    |                  }
 0)  ...1. |   0.151 us    |                  static_key_count();
 0)  ...1. |   0.150 us    |                  bpf_lsm_vm_enough_memory();
 0)  ...1. |   0.151 us    |                  static_key_count();
 0)  ...1. |   0.149 us    |                  static_key_count();
 0)  ...1. |   0.150 us    |                  static_key_count();
 0)  ...1. |   0.151 us    |                  static_key_count();
 0)  ...1. |   0.151 us    |                  static_key_count();
 0)  ...1. |   0.150 us    |                  static_key_count();
 0)  ...1. |   0.140 us    |                  static_key_count();
 0)  ...1. |   0.150 us    |                  static_key_count();
 0)  ...1. |   0.150 us    |                  static_key_count();
 0)  ...1. |   0.150 us    |                  static_key_count();
 0)  ...1. |   0.160 us    |                  __vm_enough_memory();
 0)  ...1. |   5.411 us    |                }
 0)  ...1. |               |                vma_merge_new_range() {
 0)  ...1. |   0.170 us    |                  can_vma_merge_left();
 0)  ...1. |   0.521 us    |                }
 0)  ...1. |               |                vm_area_alloc() {
 0)  ...1. |   0.180 us    |                  kmem_cache_alloc_noprof();
 0)  ...1. |   0.511 us    |                }
 0)  ...1. |               |                __vma_start_write() {
 0)  ...1. |   0.150 us    |                  __vma_start_exclude_readers();
 0)  ...1. |   0.490 us    |                }
 0)  ...1. |   0.190 us    |                kmem_cache_alloc_noprof();
 0)  ...1. |               |                kvfree_call_rcu() {
 0)  ...1. |   0.150 us    |                  is_vmalloc_addr();
 0)  ...1. |               |                  __kfree_rcu_sheaf() {
 0)  ...2. |               |                    call_rcu() {
 0)  ...2. |               |                      __call_rcu_common() {
 0)  d..2. |   0.150 us    |                        rcu_async_should_hurry();
 0)  d..2. |   0.151 us    |                        rcu_segcblist_enqueue();
 0)  ...2. |   0.832 us    |                      }
 0)  ...2. |   1.162 us    |                    }
 0)  ...1. |   1.523 us    |                  }
 0)  ...1. |   2.194 us    |                }
 0)  ...1. |   0.151 us    |                perf_event_mmap();
 0)  ...1. | + 11.853 us   |              }
 0)  ...1. |   0.150 us    |              up_write();
 0)  ...1. |   0.160 us    |              userfaultfd_unmap_complete();
 0)  ...1. | + 15.979 us   |            }
 0)  ...1. | + 86.402 us   |          }
 0)  ...1. |   0.270 us    |          kfree();
 0)  ...1. |               |          set_binfmt() {
 0)  ...1. |   0.230 us    |            __module_get();
 0)  ...1. |   0.571 us    |          }
 0)  ...1. |               |          arch_setup_additional_pages() {
 0)  ...1. |               |            map_vdso() {
 0)  ...1. |   0.160 us    |              down_write_killable();
 0)  ...1. |               |              __get_unmapped_area() {
 0)  ...1. |               |                mm_get_unmapped_area_vmflags() {
 0)  ...1. |               |                  arch_get_unmapped_area_topdown() {
 0)  ...1. |   0.150 us    |                    get_mmap_base();
 0)  ...1. |               |                    vm_unmapped_area() {
 0)  ...1. |   0.321 us    |                      unmapped_area_topdown();
 0)  ...1. |   0.642 us    |                    }
 0)  ...1. |   1.323 us    |                  }
 0)  ...1. |   1.654 us    |                }
 0)  ...1. |               |                security_mmap_addr() {
 0)  ...1. |   0.151 us    |                  cap_mmap_addr();
 0)  ...1. |   0.150 us    |                  bpf_lsm_mmap_addr();
 0)  ...1. |   0.811 us    |                }
 0)  ...1. |   2.966 us    |              }
 0)  ...1. |               |              _install_special_mapping() {
 0)  ...1. |               |                vm_area_alloc() {
 0)  ...1. |   0.171 us    |                  kmem_cache_alloc_noprof();
 0)  ...1. |   0.501 us    |                }
 0)  ...1. |               |                insert_vm_struct() {
 0)  ...1. |               |                  find_vma_intersection() {
 0)  ...1. |   0.151 us    |                    __rcu_read_lock();
 0)  ...1. |   0.150 us    |                    __rcu_read_unlock();
 0)  ...1. |   0.862 us    |                  }
 0)  ...1. |               |                  vma_link() {
 0)  ...1. |   0.170 us    |                    kmem_cache_alloc_noprof();
 0)  ...1. |               |                    __vma_start_write() {
 0)  ...1. |   0.151 us    |                      __vma_start_exclude_readers();
 0)  ...1. |   0.481 us    |                    }
 0)  ...1. |               |                    kvfree_call_rcu() {
 0)  ...1. |   0.150 us    |                      is_vmalloc_addr();
 0)  ...1. |               |                      __kfree_rcu_sheaf() {
 0)  ...2. |               |                        barn_get_empty_sheaf() {
 0)  ...2. |   0.160 us    |                          _raw_spin_lock_irqsave();
 0)  d..3. |   0.160 us    |                          _raw_spin_unlock_irqrestore();
 0)  ...2. |   1.062 us    |                        }
 0)  ...1. |   1.533 us    |                      }
 0)  ...1. |   2.194 us    |                    }
 0)  ...1. |   3.716 us    |                  }
 0)  ...1. |   5.090 us    |                }
 0)  ...1. |   0.160 us    |                vm_stat_account();
 0)  ...1. |   0.150 us    |                perf_event_mmap();
 0)  ...1. |   6.772 us    |              }
 0)  ...1. |               |              vdso_install_vvar_mapping() {
 0)  ...1. |               |                _install_special_mapping() {
 0)  ...1. |               |                  vm_area_alloc() {
 0)  ...1. |   0.160 us    |                    kmem_cache_alloc_noprof();
 0)  ...1. |   0.490 us    |                  }
 0)  ...1. |               |                  insert_vm_struct() {
 0)  ...1. |               |                    find_vma_intersection() {
 0)  ...1. |   0.150 us    |                      __rcu_read_lock();
 0)  ...1. |   0.151 us    |                      __rcu_read_unlock();
 0)  ...1. |   0.822 us    |                    }
 0)  ...1. |               |                    vma_link() {
 0)  ...1. |   0.160 us    |                      kmem_cache_alloc_noprof();
 0)  ...1. |               |                      __vma_start_write() {
 0)  ...1. |   0.149 us    |                        __vma_start_exclude_readers();
 0)  ...1. |   0.481 us    |                      }
 0)  ...1. |               |                      kvfree_call_rcu() {
 0)  ...1. |   0.150 us    |                        is_vmalloc_addr();
 0)  ...1. |   0.160 us    |                        __kfree_rcu_sheaf();
 0)  ...1. |   0.822 us    |                      }
 0)  ...1. |   2.265 us    |                    }
 0)  ...1. |   3.597 us    |                  }
 0)  ...1. |   0.150 us    |                  vm_stat_account();
 0)  ...1. |   0.151 us    |                  perf_event_mmap();
 0)  ...1. |   5.250 us    |                }
 0)  ...1. |   5.571 us    |              }
 0)  ...1. |               |              _install_special_mapping() {
 0)  ...1. |               |                vm_area_alloc() {
 0)  ...1. |   0.149 us    |                  kmem_cache_alloc_noprof();
 0)  ...1. |   0.481 us    |                }
 0)  ...1. |               |                insert_vm_struct() {
 0)  ...1. |               |                  find_vma_intersection() {
 0)  ...1. |   0.150 us    |                    __rcu_read_lock();
 0)  ...1. |   0.151 us    |                    __rcu_read_unlock();
 0)  ...1. |   0.832 us    |                  }
 0)  ...1. |               |                  vma_link() {
 0)  ...1. |               |                    __vma_start_write() {
 0)  ...1. |   0.160 us    |                      __vma_start_exclude_readers();
 0)  ...1. |   0.481 us    |                    }
 0)  ...1. |   0.933 us    |                  }
 0)  ...1. |   2.335 us    |                }
 0)  ...1. |   0.160 us    |                vm_stat_account();
 0)  ...1. |   0.150 us    |                perf_event_mmap();
 0)  ...1. |   3.967 us    |              }
 0)  ...1. |   0.151 us    |              up_write();
 0)  ...1. | + 20.889 us   |            }
 0)  ...1. | + 21.269 us   |          }
 0)  ...1. |               |          arch_align_stack() {
 0)  ...1. |   0.160 us    |            get_random_u16();
 0)  ...1. |   0.500 us    |          }
 0)  ...1. |               |          get_random_bytes() {
 0)  ...1. |               |            _get_random_bytes() {
 0)  ...1. |               |              crng_make_state() {
 0)  d..1. |               |                crng_fast_key_erasure() {
 0)  d..1. |               |                  chacha_block_generic() {
 0)  d..1. |   0.230 us    |                    chacha_permute();
 0)  d..1. |   0.602 us    |                  }
 0)  d..1. |   0.951 us    |                }
 0)  ...1. |   1.302 us    |              }
 0)  ...1. |   1.652 us    |            }
 0)  ...1. |   1.984 us    |          }
 0)  ...1. |   0.151 us    |          get_sigframe_size();
 0)  ...1. |               |          from_kuid_munged() {
 0)  ...1. |   0.160 us    |            map_id_range_up();
 0)  ...1. |   0.511 us    |          }
 0)  ...1. |               |          from_kuid_munged() {
 0)  ...1. |   0.151 us    |            map_id_range_up();
 0)  ...1. |   0.470 us    |          }
 0)  ...1. |               |          from_kgid_munged() {
 0)  ...1. |   0.150 us    |            map_id_range_up();
 0)  ...1. |   0.481 us    |          }
 0)  ...1. |               |          from_kgid_munged() {
 0)  ...1. |   0.150 us    |            map_id_range_up();
 0)  ...1. |   0.471 us    |          }
 0)  ...1. |   0.150 us    |          down_write_killable();
 0)  ...1. |               |          find_extend_vma_locked() {
 0)  ...1. |   0.151 us    |            __rcu_read_lock();
 0)  ...1. |   0.160 us    |            __rcu_read_unlock();
 0)  ...1. |   0.842 us    |          }
 0)  ...1. |   0.150 us    |          up_write();
 0)  ...1. |               |          __check_object_size() {
 0)  ...1. |   0.160 us    |            check_stack_object();
 0)  ...1. |   0.160 us    |            is_vmalloc_addr();
 0)  ...1. |   0.171 us    |            __virt_addr_valid();
 0)  ...1. |   0.160 us    |            __check_heap_object();
 0)  ...1. |   1.533 us    |          }
 0)  ...1. |               |          arch_randomize_brk() {
 0)  ...1. |               |            randomize_page() {
 0)  ...1. |   0.160 us    |              get_random_u64();
 0)  ...1. |   0.500 us    |            }
 0)  ...1. |   0.832 us    |          }
 0)  ...1. |               |          finalize_exec() {
 0)  ...1. |   0.161 us    |            _raw_spin_lock();
 0)  ...2. |   0.160 us    |            _raw_spin_unlock();
 0)  ...1. |   0.821 us    |          }
 0)  ...1. |               |          start_thread() {
 0)  ...1. |               |            start_thread_common.constprop.0() {
 0)  ...1. |   0.150 us    |              reset_thread_features();
 0)  ...1. |   0.681 us    |            }
 0)  ...1. |   1.002 us    |          }
 0)  ...1. | ! 940.353 us  |        }
 0)  ...1. |   0.160 us    |        _raw_read_lock();
 0)  ...2. |   0.149 us    |        module_put();
 0)  ...2. |   0.150 us    |        _raw_read_unlock();
 0)  ...1. |   0.181 us    |        proc_exec_connector();
 0)  ...1. |               |        sched_mm_cid_after_execve() {
 0)  ...1. |               |          sched_mm_cid_fork() {
 0)  ...1. |   0.160 us    |            mutex_lock();
 0)  ...1. |   0.150 us    |            _raw_spin_lock_irq();
 0)  d..2. |   0.160 us    |            mm_update_max_cids();
 0)  d..2. |   0.161 us    |            _raw_spin_unlock_irq();
 0)  ...1. |   0.160 us    |            mutex_unlock();
 0)  ...1. |   1.924 us    |          }
 0)  ...1. |   2.274 us    |        }
 0)  ...1. |               |        acct_update_integrals() {
 0)  d..1. |   0.160 us    |          task_cputime();
 0)  ...1. |   0.501 us    |        }
 0)  ...1. |   0.150 us    |        task_numa_free();
 0)  ...1. | ! 980.439 us  |      }
 0)  ...1. |               |      free_bprm() {
 0)  ...1. |   0.150 us    |        fput();
 0)  ...1. |   0.150 us    |        kfree();
 0)  ...1. |   0.171 us    |        kfree();
 0)  ...1. |   1.182 us    |      }
 0)  ...1. | # 1142.282 us |    }
 0)  ...1. |               |    putname() {
 0)  ...1. |   0.191 us    |      kmem_cache_free();
 0)  ...1. |   0.530 us    |    }
 0)  ...1. | # 1146.270 us |  }
 0)  ...1. |               |  task_work_run() {
 0)  ...1. |   0.160 us    |    _raw_spin_lock_irq();
 0)  d..2. |   0.160 us    |    _raw_spin_unlock_irq();
 0)  ...1. |               |    ____fput() {
 0)  ...1. |               |      __fput() {
 0)  ...1. |   0.160 us    |        locks_remove_file();
 0)  ...1. |               |        security_file_release() {
 0)  ...1. |   0.160 us    |          bpf_lsm_file_release();
 0)  ...1. |   0.501 us    |        }
 0)  ...1. |   0.160 us    |        module_put();
 0)  ...1. |   0.160 us    |        file_f_owner_release();
 0)  ...1. |               |        dput() {
 0)  ...1. |               |          dput.part.0() {
 0)  ...1. |   0.151 us    |            __rcu_read_lock();
 0)  ...1. |   0.150 us    |            __rcu_read_unlock();
 0)  ...1. |   0.861 us    |          }
 0)  ...1. |   1.182 us    |        }
 0)  ...1. |               |        mntput() {
 0)  ...1. |   0.150 us    |          __rcu_read_lock();
 0)  ...1. |   0.151 us    |          __rcu_read_unlock();
 0)  ...1. |   0.811 us    |        }
 0)  ...1. |               |        security_file_free() {
 0)  ...1. |               |          hook_file_free_security() {
 0)  ...1. |   0.160 us    |            put_pid();
 0)  ...1. |   0.150 us    |            landlock_put_ruleset_deferred();
 0)  ...1. |   0.852 us    |          }
 0)  ...1. |   0.160 us    |          bpf_lsm_file_free_security();
 0)  ...1. |   0.191 us    |          kmem_cache_free();
 0)  ...1. |   1.893 us    |        }
 0)  ...1. |               |        __put_cred() {
 0)  ...1. |               |          call_rcu() {
 0)  ...1. |               |            __call_rcu_common() {
 0)  d..1. |   0.151 us    |              rcu_async_should_hurry();
 0)  d..1. |   0.141 us    |              rcu_segcblist_enqueue();
 0)  ...1. |   0.812 us    |            }
 0)  ...1. |   1.132 us    |          }
 0)  ...1. |   1.474 us    |        }
 0)  ...1. |   0.170 us    |        kmem_cache_free();
 0)  ...1. |   8.415 us    |      }
 0)  ...1. |   8.736 us    |    }
 0)  ...1. |   9.809 us    |  }
 0)  ...1. |   0.171 us    |  blkcg_maybe_throttle_current();
 0)  d..1. |               |  switch_fpu_return() {
 0)  d..1. |   0.260 us    |    restore_fpregs_from_fpstate();
 0)  d..1. |   0.631 us    |  }
 0)  ...1. |               |  lock_vma_under_rcu() {
 0)  ...1. |   0.150 us    |    __rcu_read_lock();
 0)  ...1. |   0.149 us    |    __rcu_read_unlock();
 0)  ...1. |   0.862 us    |  }
 0)  ...1. |               |  handle_mm_fault() {
 0)  ...1. |               |    __handle_mm_fault() {
 0)  ...1. |               |      pte_offset_map_rw_nolock() {
 0)  ...1. |               |        __pte_offset_map() {
 0)  ...1. |   0.150 us    |          __rcu_read_lock();
 0)  ...1. |   0.492 us    |        }
 0)  ...1. |   0.821 us    |      }
 0)  ...1. |   0.151 us    |      __rcu_read_unlock();
 0)  ...1. |               |      do_fault() {
 0)  ...1. |   0.151 us    |        __rcu_read_lock();
 0)  ...1. |               |        filemap_map_pages() {
 0)  ...1. |   0.150 us    |          __rcu_read_lock();
 0)  ...1. |   0.261 us    |          next_uptodate_folio();
 0)  ...1. |               |          pte_offset_map_lock() {
 0)  ...1. |               |            __pte_offset_map() {
 0)  ...1. |   0.151 us    |              __rcu_read_lock();
 0)  ...1. |   0.481 us    |            }
 0)  ...1. |   0.150 us    |            _raw_spin_lock();
 0)  ...2. |   1.132 us    |          }
 0)  ...2. |               |          set_pte_range() {
 0)  ...2. |   0.191 us    |            folio_add_file_rmap_ptes();
 0)  ...2. |   0.581 us    |          }
 0)  ...2. |   0.171 us    |          next_uptodate_folio();
 0)  ...2. |               |          set_pte_range() {
 0)  ...2. |   0.150 us    |            folio_add_file_rmap_ptes();
 0)  ...2. |   0.511 us    |          }
 0)  ...2. |   0.160 us    |          next_uptodate_folio();
 0)  ...2. |               |          set_pte_range() {
 0)  ...2. |   0.160 us    |            folio_add_file_rmap_ptes();
 0)  ...2. |   0.501 us    |          }
 0)  ...2. |   0.160 us    |          next_uptodate_folio();
 0)  ...2. |               |          set_pte_range() {
 0)  ...2. |   0.160 us    |            folio_add_file_rmap_ptes();
 0)  ...2. |   0.501 us    |          }
 0)  ...2. |   0.160 us    |          next_uptodate_folio();
 0)  ...2. |               |          set_pte_range() {
 0)  ...2. |   0.161 us    |            folio_add_file_rmap_ptes();
 0)  ...2. |   0.501 us    |          }
 0)  ...2. |   0.161 us    |          next_uptodate_folio();
 0)  ...2. |               |          set_pte_range() {
 0)  ...2. |   0.161 us    |            folio_add_file_rmap_ptes();
 0)  ...2. |   0.511 us    |          }
 0)  ...2. |   0.161 us    |          next_uptodate_folio();
 0)  ...2. |               |          set_pte_range() {
 0)  ...2. |   0.161 us    |            folio_add_file_rmap_ptes();
 0)  ...2. |   0.501 us    |          }
 0)  ...2. |   0.160 us    |          next_uptodate_folio();
 0)  ...2. |               |          set_pte_range() {
 0)  ...2. |   0.160 us    |            folio_add_file_rmap_ptes();
 0)  ...2. |   0.501 us    |          }
 0)  ...2. |   0.160 us    |          next_uptodate_folio();
 0)  ...2. |               |          set_pte_range() {
 0)  ...2. |   0.160 us    |            folio_add_file_rmap_ptes();
 0)  ...2. |   0.501 us    |          }
 0)  ...2. |   0.150 us    |          next_uptodate_folio();
 0)  ...2. |               |          set_pte_range() {
 0)  ...2. |   0.160 us    |            folio_add_file_rmap_ptes();
 0)  ...2. |   0.501 us    |          }
 0)  ...2. |   0.201 us    |          next_uptodate_folio();
 0)  ...2. |               |          set_pte_range() {
 0)  ...2. |   0.160 us    |            folio_add_file_rmap_ptes();
 0)  ...2. |   0.501 us    |          }
 0)  ...2. |   0.170 us    |          next_uptodate_folio();
 0)  ...2. |               |          set_pte_range() {
 0)  ...2. |   0.160 us    |            folio_add_file_rmap_ptes();
 0)  ...2. |   0.501 us    |          }
 0)  ...2. |   0.180 us    |          next_uptodate_folio();
 0)  ...2. |               |          set_pte_range() {
 0)  ...2. |   0.161 us    |            folio_add_file_rmap_ptes();
 0)  ...2. |   0.501 us    |          }
 0)  ...2. |   0.150 us    |          next_uptodate_folio();
 0)  ...2. |               |          set_pte_range() {
 0)  ...2. |   0.161 us    |            folio_add_file_rmap_ptes();
 0)  ...2. |   0.501 us    |          }
 0)  ...2. |   0.171 us    |          next_uptodate_folio();
 0)  ...2. |               |          set_pte_range() {
 0)  ...2. |   0.171 us    |            folio_add_file_rmap_ptes();
 0)  ...2. |   0.501 us    |          }
 0)  ...2. |   0.170 us    |          next_uptodate_folio();
 0)  ...2. |               |          set_pte_range() {
 0)  ...2. |   0.161 us    |            folio_add_file_rmap_ptes();
 0)  ...2. |   0.501 us    |          }
 0)  ...2. |   0.181 us    |          next_uptodate_folio();
 0)  ...2. |   0.151 us    |          mm_trace_rss_stat();
 0)  ...2. |   0.160 us    |          _raw_spin_unlock();
 0)  ...1. |   0.160 us    |          __rcu_read_unlock();
 0)  ...1. |   0.150 us    |          __rcu_read_unlock();
 0)  ...1. | + 20.167 us   |        }
 0)  ...1. |   0.151 us    |        __rcu_read_unlock();
 0)  ...1. | + 21.190 us   |      }
 0)  ...1. | + 22.993 us   |    }
 0)  ...1. |   0.150 us    |    __rcu_read_lock();
 0)  ...1. |   0.150 us    |    mem_cgroup_from_task();
 0)  ...1. |               |    count_memcg_events() {
 0)  ...2. |   0.150 us    |      __css_rstat_updated();
 0)  ...1. |   0.501 us    |    }
 0)  ...1. |   0.150 us    |    __rcu_read_unlock();
 0)  ...1. | + 25.047 us   |  }
 0)  ...1. |               |  lock_vma_under_rcu() {
 0)  ...1. |   0.150 us    |    __rcu_read_lock();
 0)  ...1. |   0.150 us    |    __rcu_read_unlock();
 0)  ...1. |   0.851 us    |  }
 0)  ...1. |               |  handle_mm_fault() {
 0)  ...1. |               |    __handle_mm_fault() {
 0)  ...1. |               |      pte_offset_map_rw_nolock() {
 0)  ...1. |               |        __pte_offset_map() {
 0)  ...1. |   0.150 us    |          __rcu_read_lock();
 0)  ...1. |   0.492 us    |        }
 0)  ...1. |   0.811 us    |      }
 0)  ...1. |   0.151 us    |      __rcu_read_unlock();
 0)  ...1. |               |      do_fault() {
 0)  ...1. |   0.151 us    |        __rcu_read_lock();
 0)  ...1. |               |        filemap_map_pages() {
 0)  ...1. |   0.151 us    |          __rcu_read_lock();
 0)  ...1. |   0.201 us    |          next_uptodate_folio();
 0)  ...1. |               |          pte_offset_map_lock() {
 0)  ...1. |               |            __pte_offset_map() {
 0)  ...1. |   0.151 us    |              __rcu_read_lock();
 0)  ...1. |   0.481 us    |            }
 0)  ...1. |   0.150 us    |            _raw_spin_lock();
 0)  ...2. |   1.133 us    |          }
 0)  ...2. |               |          set_pte_range() {
 0)  ...2. |   0.171 us    |            folio_add_file_rmap_ptes();
 0)  ...2. |   0.521 us    |          }
 0)  ...2. |   0.161 us    |          next_uptodate_folio();
 0)  ...2. |               |          set_pte_range() {
 0)  ...2. |   0.150 us    |            folio_add_file_rmap_ptes();
 0)  ...2. |   0.501 us    |          }
 0)  ...2. |   0.160 us    |          next_uptodate_folio();
 0)  ...2. |               |          set_pte_range() {
 0)  ...2. |   0.160 us    |            folio_add_file_rmap_ptes();
 0)  ...2. |   0.501 us    |          }
 0)  ...2. |   0.160 us    |          next_uptodate_folio();
 0)  ...2. |               |          set_pte_range() {
 0)  ...2. |   0.390 us    |            folio_add_file_rmap_ptes();
 0)  ...2. |   0.731 us    |          }
 0)  ...2. |   0.160 us    |          next_uptodate_folio();
 0)  ...2. |               |          set_pte_range() {
 0)  ...2. |   0.160 us    |            folio_add_file_rmap_ptes();
 0)  ...2. |   0.511 us    |          }
 0)  ...2. |   0.160 us    |          next_uptodate_folio();
 0)  ...2. |               |          set_pte_range() {
 0)  ...2. |   0.151 us    |            folio_add_file_rmap_ptes();
 0)  ...2. |   0.501 us    |          }
 0)  ...2. |   0.161 us    |          next_uptodate_folio();
 0)  ...2. |               |          set_pte_range() {
 0)  ...2. |   0.150 us    |            folio_add_file_rmap_ptes();
 0)  ...2. |   0.501 us    |          }
 0)  ...2. |   0.160 us    |          next_uptodate_folio();
 0)  ...2. |               |          set_pte_range() {
 0)  ...2. |   0.151 us    |            folio_add_file_rmap_ptes();
 0)  ...2. |   0.500 us    |          }
 0)  ...2. |   0.161 us    |          next_uptodate_folio();
 0)  ...2. |               |          set_pte_range() {
 0)  ...2. |   0.150 us    |            folio_add_file_rmap_ptes();
 0)  ...2. |   0.501 us    |          }
 0)  ...2. |   0.160 us    |          next_uptodate_folio();
 0)  ...2. |               |          set_pte_range() {
 0)  ...2. |   0.160 us    |            folio_add_file_rmap_ptes();
 0)  ...2. |   0.512 us    |          }
 0)  ...2. |   0.160 us    |          next_uptodate_folio();
 0)  ...2. |               |          set_pte_range() {
 0)  ...2. |   0.160 us    |            folio_add_file_rmap_ptes();
 0)  ...2. |   0.501 us    |          }
 0)  ...2. |   0.160 us    |          next_uptodate_folio();
 0)  ...2. |               |          set_pte_range() {
 0)  ...2. |   0.160 us    |            folio_add_file_rmap_ptes();
 0)  ...2. |   0.501 us    |          }
 0)  ...2. |   0.161 us    |          next_uptodate_folio();
 0)  ...2. |               |          set_pte_range() {
 0)  ...2. |   0.161 us    |            folio_add_file_rmap_ptes();
 0)  ...2. |   0.501 us    |          }
 0)  ...2. |   0.160 us    |          next_uptodate_folio();
 0)  ...2. |               |          set_pte_range() {
 0)  ...2. |   0.160 us    |            folio_add_file_rmap_ptes();
 0)  ...2. |   0.501 us    |          }
 0)  ...2. |   0.149 us    |          next_uptodate_folio();
 0)  ...2. |               |          set_pte_range() {
 0)  ...2. |   0.160 us    |            folio_add_file_rmap_ptes();
 0)  ...2. |   0.501 us    |          }
 0)  ...2. |   0.151 us    |          next_uptodate_folio();
 0)  ...2. |               |          set_pte_range() {
 0)  ...2. |   0.160 us    |            folio_add_file_rmap_ptes();
 0)  ...2. |   0.501 us    |          }
 0)  ...2. |   0.161 us    |          next_uptodate_folio();
 0)  ...2. |   0.160 us    |          _raw_spin_lock_irqsave();
 0)  d..3. |   0.160 us    |          _raw_spin_unlock_irqrestore();
 0)  ...2. |   0.150 us    |          mm_trace_rss_stat();
 0)  ...2. |   0.160 us    |          _raw_spin_unlock();
 0)  ...1. |   0.151 us    |          __rcu_read_unlock();
 0)  ...1. |   0.150 us    |          __rcu_read_unlock();
 0)  ...1. | + 20.699 us   |        }
 0)  ...1. |   0.150 us    |        __rcu_read_unlock();
 0)  ...1. | + 21.710 us   |      }
 0)  ...1. | + 23.404 us   |    }
 0)  ...1. |   0.151 us    |    __rcu_read_lock();
 0)  ...1. |   0.151 us    |    mem_cgroup_from_task();
 0)  ...1. |               |    count_memcg_events() {
 0)  ...2. |   0.151 us    |      __css_rstat_updated();
 0)  ...1. |   0.480 us    |    }
 0)  ...1. |   0.150 us    |    __rcu_read_unlock();
 0)  ...1. | + 25.437 us   |  }
 0)  ...1. |               |  lock_vma_under_rcu() {
 0)  ...1. |   0.151 us    |    __rcu_read_lock();
 0)  ...1. |   0.150 us    |    __rcu_read_unlock();
 0)  ...1. |   0.871 us    |  }
 0)  ...1. |               |  handle_mm_fault() {
 0)  ...1. |               |    __handle_mm_fault() {
 0)  ...1. |               |      pte_offset_map_rw_nolock() {
 0)  ...1. |               |        __pte_offset_map() {
 0)  ...1. |   0.150 us    |          __rcu_read_lock();
 0)  ...1. |   0.481 us    |        }
 0)  ...1. |   0.811 us    |      }
 0)  ...1. |   0.160 us    |      __rcu_read_unlock();
 0)  ...1. |               |      do_fault() {
 0)  ...1. |   0.149 us    |        __rcu_read_lock();
 0)  ...1. |               |        filemap_map_pages() {
 0)  ...1. |   0.150 us    |          __rcu_read_lock();
 0)  ...1. |   0.200 us    |          next_uptodate_folio();
 0)  ...1. |               |          pte_offset_map_lock() {
 0)  ...1. |               |            __pte_offset_map() {
 0)  ...1. |   0.151 us    |              __rcu_read_lock();
 0)  ...1. |   0.481 us    |            }
 0)  ...1. |   0.150 us    |            _raw_spin_lock();
 0)  ...2. |   1.133 us    |          }
 0)  ...2. |               |          set_pte_range() {
 0)  ...2. |               |            folio_add_file_rmap_ptes() {
 0)  ...2. |               |              lruvec_stat_mod_folio() {
 0)  ...2. |   0.150 us    |                __rcu_read_lock();
 0)  ...2. |   0.151 us    |                mod_node_page_state();
 0)  ...2. |               |                __mod_memcg_lruvec_state() {
 0)  ...3. |   0.160 us    |                  memcg_state_val_in_pages();
 0)  ...3. |   0.151 us    |                  __css_rstat_updated();
 0)  ...2. |   0.812 us    |                }
 0)  ...2. |   0.151 us    |                __rcu_read_unlock();
 0)  ...2. |   2.154 us    |              }
 0)  ...2. |   2.515 us    |            }
 0)  ...2. |   2.866 us    |          }
 0)  ...2. |   0.160 us    |          next_uptodate_folio();
 0)  ...2. |               |          set_pte_range() {
 0)  ...2. |               |            folio_add_file_rmap_ptes() {
 0)  ...2. |               |              lruvec_stat_mod_folio() {
 0)  ...2. |   0.149 us    |                __rcu_read_lock();
 0)  ...2. |   0.150 us    |                mod_node_page_state();
 0)  ...2. |               |                __mod_memcg_lruvec_state() {
 0)  ...3. |   0.150 us    |                  memcg_state_val_in_pages();
 0)  ...3. |   0.150 us    |                  __css_rstat_updated();
 0)  ...2. |   0.802 us    |                }
 0)  ...2. |   0.149 us    |                __rcu_read_unlock();
 0)  ...2. |   2.094 us    |              }
 0)  ...2. |   2.445 us    |            }
 0)  ...2. |   2.785 us    |          }
 0)  ...2. |   0.160 us    |          next_uptodate_folio();
 0)  ...2. |               |          set_pte_range() {
 0)  ...2. |               |            folio_add_file_rmap_ptes() {
 0)  ...2. |               |              lruvec_stat_mod_folio() {
 0)  ...2. |   0.150 us    |                __rcu_read_lock();
 0)  ...2. |   0.151 us    |                mod_node_page_state();
 0)  ...2. |               |                __mod_memcg_lruvec_state() {
 0)  ...3. |   0.150 us    |                  memcg_state_val_in_pages();
 0)  ...3. |   0.151 us    |                  __css_rstat_updated();
 0)  ...2. |   0.802 us    |                }
 0)  ...2. |   0.151 us    |                __rcu_read_unlock();
 0)  ...2. |   2.094 us    |              }
 0)  ...2. |   2.434 us    |            }
 0)  ...2. |   2.774 us    |          }
 0)  ...2. |   0.161 us    |          next_uptodate_folio();
 0)  ...2. |   0.161 us    |          next_uptodate_folio();
 0)  ...2. |   0.149 us    |          mm_trace_rss_stat();
 0)  ...2. |   0.161 us    |          _raw_spin_unlock();
 0)  ...1. |   0.220 us    |          __rcu_read_unlock();
 0)  ...1. |   0.160 us    |          __rcu_read_unlock();
 0)  ...1. | + 13.856 us   |        }
 0)  ...1. |   0.150 us    |        __rcu_read_unlock();
 0)  ...1. | + 14.838 us   |      }
 0)  ...1. | + 16.521 us   |    }
 0)  ...1. |   0.150 us    |    __rcu_read_lock();
 0)  ...1. |   0.151 us    |    mem_cgroup_from_task();
 0)  ...1. |               |    count_memcg_events() {
 0)  ...2. |   0.150 us    |      __css_rstat_updated();
 0)  ...1. |   0.481 us    |    }
 0)  ...1. |   0.150 us    |    __rcu_read_unlock();
 0)  ...1. | + 18.505 us   |  }
 0)  ...1. |               |  lock_vma_under_rcu() {
 0)  ...1. |   0.150 us    |    __rcu_read_lock();
 0)  ...1. |   0.161 us    |    __rcu_read_unlock();
 0)  ...1. |   0.872 us    |  }
 0)  ...1. |               |  handle_mm_fault() {
 0)  ...1. |               |    __handle_mm_fault() {
 0)  ...1. |               |      pte_offset_map_rw_nolock() {
 0)  ...1. |               |        __pte_offset_map() {
 0)  ...1. |   0.151 us    |          __rcu_read_lock();
 0)  ...1. |   0.491 us    |        }
 0)  ...1. |   0.821 us    |      }
 0)  ...1. |   0.150 us    |      __rcu_read_unlock();
 0)  ...1. |               |      do_fault() {
 0)  ...1. |   0.151 us    |        __rcu_read_lock();
 0)  ...1. |               |        filemap_map_pages() {
 0)  ...1. |   0.150 us    |          __rcu_read_lock();
 0)  ...1. |   0.201 us    |          next_uptodate_folio();
 0)  ...1. |               |          pte_offset_map_lock() {
 0)  ...1. |               |            __pte_offset_map() {
 0)  ...1. |   0.151 us    |              __rcu_read_lock();
 0)  ...1. |   0.490 us    |            }
 0)  ...1. |   0.150 us    |            _raw_spin_lock();
 0)  ...2. |   1.132 us    |          }
 0)  ...2. |               |          set_pte_range() {
 0)  ...2. |   0.170 us    |            folio_add_file_rmap_ptes();
 0)  ...2. |   0.521 us    |          }
 0)  ...2. |   0.170 us    |          next_uptodate_folio();
 0)  ...2. |   0.149 us    |          mm_trace_rss_stat();
 0)  ...2. |   0.160 us    |          _raw_spin_unlock();
 0)  ...1. |   0.150 us    |          __rcu_read_unlock();
 0)  ...1. |   0.151 us    |          __rcu_read_unlock();
 0)  ...1. |   4.559 us    |        }
 0)  ...1. |   0.151 us    |        __rcu_read_unlock();
 0)  ...1. |   5.561 us    |      }
 0)  ...1. |   7.243 us    |    }
 0)  ...1. |   0.151 us    |    __rcu_read_lock();
 0)  ...1. |   0.150 us    |    mem_cgroup_from_task();
 0)  ...1. |               |    count_memcg_events() {
 0)  ...2. |   0.160 us    |      __css_rstat_updated();
 0)  ...1. |   0.481 us    |    }
 0)  ...1. |   0.150 us    |    __rcu_read_unlock();
 0)  ...1. |   9.227 us    |  }
 0)  ...1. |               |  lock_vma_under_rcu() {
 0)  ...1. |   0.151 us    |    __rcu_read_lock();
 0)  ...1. |   0.160 us    |    __rcu_read_unlock();
 0)  ...1. |   0.882 us    |  }
 0)  ...1. |               |  handle_mm_fault() {
 0)  ...1. |               |    __handle_mm_fault() {
 0)  ...1. |               |      pte_offset_map_rw_nolock() {
 0)  ...1. |               |        __pte_offset_map() {
 0)  ...1. |   0.150 us    |          __rcu_read_lock();
 0)  ...1. |   0.492 us    |        }
 0)  ...1. |   0.811 us    |      }
 0)  ...1. |   0.149 us    |      _raw_spin_lock();
 0)  ...2. |               |      do_wp_page() {
 0)  ...2. |   0.171 us    |        vm_normal_page();
 0)  ...2. |   0.160 us    |        _raw_spin_unlock();
 0)  ...1. |   0.160 us    |        __rcu_read_unlock();
 0)  ...1. |   0.160 us    |        __vmf_anon_prepare();
 0)  ...1. |               |        vma_alloc_folio_noprof() {
 0)  ...1. |               |          get_vma_policy() {
 0)  ...1. |               |            shmem_get_policy() {
 0)  ...1. |   0.150 us    |              mpol_shared_policy_lookup();
 0)  ...1. |   0.491 us    |            }
 0)  ...1. |   0.832 us    |          }
 0)  ...1. |               |          alloc_pages_mpol() {
 0)  ...1. |   0.171 us    |            policy_nodemask();
 0)  ...1. |               |            __alloc_frozen_pages_noprof() {
 0)  ...1. |               |              get_page_from_freelist() {
 0)  ...2. |   0.151 us    |                _raw_spin_trylock();
 0)  ...3. |   0.151 us    |                _raw_spin_unlock();
 0)  ...1. |   0.290 us    |                kernel_init_pages();
 0)  ...1. |   1.382 us    |              }
 0)  ...1. |   1.723 us    |            }
 0)  ...1. |   2.424 us    |          }
 0)  ...1. |   3.777 us    |        }
 0)  ...1. |               |        __mem_cgroup_charge() {
 0)  ...1. |               |          get_mem_cgroup_from_mm() {
 0)  ...1. |   0.150 us    |            __rcu_read_lock();
 0)  ...1. |   0.150 us    |            __rcu_read_unlock();
 0)  ...1. |   0.802 us    |          }
 0)  ...1. |               |          charge_memcg() {
 0)  ...1. |   0.150 us    |            __rcu_read_lock();
 0)  ...1. |   0.171 us    |            __get_obj_cgroup_from_memcg();
 0)  ...1. |   0.149 us    |            __rcu_read_unlock();
 0)  ...1. |   1.163 us    |          }
 0)  ...1. |   2.494 us    |        }
 0)  ...1. |   0.150 us    |        __folio_throttle_swaprate();
 0)  ...1. |   0.361 us    |        copy_mc_to_kernel();
 0)  ...1. |               |        pte_offset_map_lock() {
 0)  ...1. |               |          __pte_offset_map() {
 0)  ...1. |   0.150 us    |            __rcu_read_lock();
 0)  ...1. |   0.481 us    |          }
 0)  ...1. |   0.150 us    |          _raw_spin_lock();
 0)  ...2. |   1.142 us    |        }
 0)  ...2. |   0.150 us    |        pte_mkwrite();
 0)  ...2. |               |        ptep_clear_flush() {
 0)  ...2. |               |          flush_tlb_mm_range() {
 0)  d..3. |               |            flush_tlb_func() {
 0)  d..3. |   0.150 us    |              mm_needs_global_asid();
 0)  d..3. |   0.181 us    |              native_flush_tlb_one_user();
 0)  d..3. |   0.862 us    |            }
 0)  ...2. |   1.232 us    |          }
 0)  ...2. |   1.574 us    |        }
 0)  ...2. |               |        folio_add_new_anon_rmap() {
 0)  ...2. |               |          __folio_mod_stat() {
 0)  ...2. |               |            lruvec_stat_mod_folio() {
 0)  ...2. |   0.150 us    |              __rcu_read_lock();
 0)  ...2. |   0.151 us    |              mod_node_page_state();
 0)  ...2. |               |              __mod_memcg_lruvec_state() {
 0)  ...3. |   0.149 us    |                memcg_state_val_in_pages();
 0)  ...3. |   0.150 us    |                __css_rstat_updated();
 0)  ...2. |   0.831 us    |              }
 0)  ...2. |   0.150 us    |              __rcu_read_unlock();
 0)  ...2. |   2.164 us    |            }
 0)  ...2. |   2.495 us    |          }
 0)  ...2. |   2.866 us    |        }
 0)  ...2. |               |        folio_add_lru_vma() {
 0)  ...2. |               |          folio_add_lru() {
 0)  ...2. |   0.160 us    |            __folio_batch_add_and_move();
 0)  ...2. |   0.481 us    |          }
 0)  ...2. |   0.811 us    |        }
 0)  ...2. |               |        folio_remove_rmap_ptes() {
 0)  ...2. |               |          lruvec_stat_mod_folio() {
 0)  ...2. |   0.151 us    |            __rcu_read_lock();
 0)  ...2. |   0.150 us    |            mod_node_page_state();
 0)  ...2. |               |            __mod_memcg_lruvec_state() {
 0)  ...3. |   0.150 us    |              memcg_state_val_in_pages();
 0)  ...3. |   0.150 us    |              __css_rstat_updated();
 0)  ...2. |   0.802 us    |            }
 0)  ...2. |   0.160 us    |            __rcu_read_unlock();
 0)  ...2. |   2.184 us    |          }
 0)  ...2. |   2.515 us    |        }
 0)  ...2. |   0.149 us    |        _raw_spin_unlock();
 0)  ...1. |   0.160 us    |        __rcu_read_unlock();
 0)  ...1. |   0.160 us    |        free_swap_cache();
 0)  ...1. | + 20.419 us   |      }
 0)  ...1. | + 22.192 us   |    }
 0)  ...1. |   0.150 us    |    __rcu_read_lock();
 0)  ...1. |   0.151 us    |    mem_cgroup_from_task();
 0)  ...1. |               |    count_memcg_events() {
 0)  ...2. |   0.151 us    |      __css_rstat_updated();
 0)  ...1. |   0.481 us    |    }
 0)  ...1. |   0.150 us    |    __rcu_read_unlock();
 0)  ...1. | + 24.186 us   |  }
 0)  ...1. |               |  lock_vma_under_rcu() {
 0)  ...1. |   0.150 us    |    __rcu_read_lock();
 0)  ...1. |   0.149 us    |    __rcu_read_unlock();
 0)  ...1. |   0.862 us    |  }
 0)  ...1. |               |  handle_mm_fault() {
 0)  ...1. |               |    __handle_mm_fault() {
 0)  ...1. |               |      pte_offset_map_rw_nolock() {
 0)  ...1. |               |        __pte_offset_map() {
 0)  ...1. |   0.161 us    |          __rcu_read_lock();
 0)  ...1. |   0.490 us    |        }
 0)  ...1. |   0.821 us    |      }
 0)  ...1. |   0.150 us    |      _raw_spin_lock();
 0)  ...2. |               |      do_wp_page() {
 0)  ...2. |   0.170 us    |        vm_normal_page();
 0)  ...2. |   0.149 us    |        _raw_spin_unlock();
 0)  ...1. |   0.151 us    |        __rcu_read_unlock();
 0)  ...1. |   0.150 us    |        __vmf_anon_prepare();
 0)  ...1. |               |        vma_alloc_folio_noprof() {
 0)  ...1. |               |          get_vma_policy() {
 0)  ...1. |               |            shmem_get_policy() {
 0)  ...1. |   0.149 us    |              mpol_shared_policy_lookup();
 0)  ...1. |   0.481 us    |            }
 0)  ...1. |   0.831 us    |          }
 0)  ...1. |               |          alloc_pages_mpol() {
 0)  ...1. |   0.170 us    |            policy_nodemask();
 0)  ...1. |               |            __alloc_frozen_pages_noprof() {
 0)  ...1. |               |              get_page_from_freelist() {
 0)  ...2. |   0.150 us    |                _raw_spin_trylock();
 0)  ...3. |   0.160 us    |                _raw_spin_unlock();
 0)  ...1. |   0.380 us    |                kernel_init_pages();
 0)  ...1. |   1.423 us    |              }
 0)  ...1. |   1.774 us    |            }
 0)  ...1. |   2.444 us    |          }
 0)  ...1. |   3.776 us    |        }
 0)  ...1. |               |        __mem_cgroup_charge() {
 0)  ...1. |               |          get_mem_cgroup_from_mm() {
 0)  ...1. |   0.151 us    |            __rcu_read_lock();
 0)  ...1. |   0.150 us    |            __rcu_read_unlock();
 0)  ...1. |   0.831 us    |          }
 0)  ...1. |               |          charge_memcg() {
 0)  ...1. |   0.151 us    |            __rcu_read_lock();
 0)  ...1. |   0.160 us    |            __get_obj_cgroup_from_memcg();
 0)  ...1. |   0.151 us    |            __rcu_read_unlock();
 0)  ...1. |   1.142 us    |          }
 0)  ...1. |   2.464 us    |        }
 0)  ...1. |   0.151 us    |        __folio_throttle_swaprate();
 0)  ...1. |   0.290 us    |        copy_mc_to_kernel();
 0)  ...1. |               |        pte_offset_map_lock() {
 0)  ...1. |               |          __pte_offset_map() {
 0)  ...1. |   0.150 us    |            __rcu_read_lock();
 0)  ...1. |   0.481 us    |          }
 0)  ...1. |   0.150 us    |          _raw_spin_lock();
 0)  ...2. |   1.132 us    |        }
 0)  ...2. |   0.151 us    |        pte_mkwrite();
 0)  ...2. |               |        ptep_clear_flush() {
 0)  ...2. |               |          flush_tlb_mm_range() {
 0)  d..3. |               |            flush_tlb_func() {
 0)  d..3. |   0.150 us    |              mm_needs_global_asid();
 0)  d..3. |   0.240 us    |              native_flush_tlb_one_user();
 0)  d..3. |   0.912 us    |            }
 0)  ...2. |   1.262 us    |          }
 0)  ...2. |   1.643 us    |        }
 0)  ...2. |               |        folio_add_new_anon_rmap() {
 0)  ...2. |               |          __folio_mod_stat() {
 0)  ...2. |               |            lruvec_stat_mod_folio() {
 0)  ...2. |   0.150 us    |              __rcu_read_lock();
 0)  ...2. |   0.149 us    |              mod_node_page_state();
 0)  ...2. |               |              __mod_memcg_lruvec_state() {
 0)  ...3. |   0.151 us    |                memcg_state_val_in_pages();
 0)  ...3. |   0.161 us    |                __css_rstat_updated();
 0)  ...2. |   0.841 us    |              }
 0)  ...2. |   0.150 us    |              __rcu_read_unlock();
 0)  ...2. |   2.195 us    |            }
 0)  ...2. |   2.515 us    |          }
 0)  ...2. |   2.885 us    |        }
 0)  ...2. |               |        folio_add_lru_vma() {
 0)  ...2. |               |          folio_add_lru() {
 0)  ...2. |   0.161 us    |            __folio_batch_add_and_move();
 0)  ...2. |   0.480 us    |          }
 0)  ...2. |   0.821 us    |        }
 0)  ...2. |               |        folio_remove_rmap_ptes() {
 0)  ...2. |               |          lruvec_stat_mod_folio() {
 0)  ...2. |   0.151 us    |            __rcu_read_lock();
 0)  ...2. |   0.151 us    |            mod_node_page_state();
 0)  ...2. |               |            __mod_memcg_lruvec_state() {
 0)  ...3. |   0.151 us    |              memcg_state_val_in_pages();
 0)  ...3. |   0.151 us    |              __css_rstat_updated();
 0)  ...2. |   0.802 us    |            }
 0)  ...2. |   0.151 us    |            __rcu_read_unlock();
 0)  ...2. |   2.093 us    |          }
 0)  ...2. |   2.425 us    |        }
 0)  ...2. |   0.161 us    |        _raw_spin_unlock();
 0)  ...1. |   0.150 us    |        __rcu_read_unlock();
 0)  ...1. |   0.161 us    |        free_swap_cache();
 0)  ...1. | + 20.067 us   |      }
 0)  ...1. | + 21.761 us   |    }
 0)  ...1. |   0.150 us    |    __rcu_read_lock();
 0)  ...1. |   0.151 us    |    mem_cgroup_from_task();
 0)  ...1. |               |    count_memcg_events() {
 0)  ...2. |   0.151 us    |      __css_rstat_updated();
 0)  ...1. |   0.481 us    |    }
 0)  ...1. |   0.150 us    |    __rcu_read_unlock();
 0)  ...1. | + 23.755 us   |  }
 0)  ...1. |               |  lock_vma_under_rcu() {
 0)  ...1. |   0.150 us    |    __rcu_read_lock();
 0)  ...1. |   0.151 us    |    __rcu_read_unlock();
 0)  ...1. |   0.852 us    |  }
 0)  ...1. |               |  handle_mm_fault() {
 0)  ...1. |               |    __handle_mm_fault() {
 0)  ...1. |               |      pte_offset_map_rw_nolock() {
 0)  ...1. |               |        __pte_offset_map() {
 0)  ...1. |   0.160 us    |          __rcu_read_lock();
 0)  ...1. |   0.491 us    |        }
 0)  ...1. |   0.811 us    |      }
 0)  ...1. |   0.151 us    |      _raw_spin_lock();
 0)  ...2. |               |      do_wp_page() {
 0)  ...2. |   0.160 us    |        vm_normal_page();
 0)  ...2. |   0.160 us    |        _raw_spin_unlock();
 0)  ...1. |   0.150 us    |        __rcu_read_unlock();
 0)  ...1. |   0.161 us    |        __vmf_anon_prepare();
 0)  ...1. |               |        vma_alloc_folio_noprof() {
 0)  ...1. |               |          get_vma_policy() {
 0)  ...1. |               |            shmem_get_policy() {
 0)  ...1. |   0.151 us    |              mpol_shared_policy_lookup();
 0)  ...1. |   0.471 us    |            }
 0)  ...1. |   0.832 us    |          }
 0)  ...1. |               |          alloc_pages_mpol() {
 0)  ...1. |   0.230 us    |            policy_nodemask();
 0)  ...1. |               |            __alloc_frozen_pages_noprof() {
 0)  ...1. |               |              get_page_from_freelist() {
 0)  ...2. |   0.161 us    |                _raw_spin_trylock();
 0)  ...3. |   0.150 us    |                _raw_spin_unlock();
 0)  ...1. |   0.291 us    |                kernel_init_pages();
 0)  ...1. |   1.322 us    |              }
 0)  ...1. |   1.672 us    |            }
 0)  ...1. |   2.405 us    |          }
 0)  ...1. |   3.737 us    |        }
 0)  ...1. |               |        __mem_cgroup_charge() {
 0)  ...1. |               |          get_mem_cgroup_from_mm() {
 0)  ...1. |   0.150 us    |            __rcu_read_lock();
 0)  ...1. |   0.150 us    |            __rcu_read_unlock();
 0)  ...1. |   0.821 us    |          }
 0)  ...1. |               |          charge_memcg() {
 0)  ...1. |   0.151 us    |            __rcu_read_lock();
 0)  ...1. |   0.160 us    |            __get_obj_cgroup_from_memcg();
 0)  ...1. |   0.149 us    |            __rcu_read_unlock();
 0)  ...1. |   1.142 us    |          }
 0)  ...1. |   2.464 us    |        }
 0)  ...1. |   0.161 us    |        __folio_throttle_swaprate();
 0)  ...1. |   0.291 us    |        copy_mc_to_kernel();
 0)  ...1. |               |        pte_offset_map_lock() {
 0)  ...1. |               |          __pte_offset_map() {
 0)  ...1. |   0.150 us    |            __rcu_read_lock();
 0)  ...1. |   0.481 us    |          }
 0)  ...1. |   0.150 us    |          _raw_spin_lock();
 0)  ...2. |   1.132 us    |        }
 0)  ...2. |   0.151 us    |        pte_mkwrite();
 0)  ...2. |               |        ptep_clear_flush() {
 0)  ...2. |               |          flush_tlb_mm_range() {
 0)  d..3. |               |            flush_tlb_func() {
 0)  d..3. |   0.160 us    |              mm_needs_global_asid();
 0)  d..3. |   0.170 us    |              native_flush_tlb_one_user();
 0)  d..3. |   0.842 us    |            }
 0)  ...2. |   1.193 us    |          }
 0)  ...2. |   1.513 us    |        }
 0)  ...2. |               |        folio_add_new_anon_rmap() {
 0)  ...2. |               |          __folio_mod_stat() {
 0)  ...2. |               |            lruvec_stat_mod_folio() {
 0)  ...2. |   0.149 us    |              __rcu_read_lock();
 0)  ...2. |   0.160 us    |              mod_node_page_state();
 0)  ...2. |               |              __mod_memcg_lruvec_state() {
 0)  ...3. |   0.151 us    |                memcg_state_val_in_pages();
 0)  ...3. |   0.151 us    |                __css_rstat_updated();
 0)  ...2. |   0.872 us    |              }
 0)  ...2. |   0.151 us    |              __rcu_read_unlock();
 0)  ...2. |   2.204 us    |            }
 0)  ...2. |   2.534 us    |          }
 0)  ...2. |   2.865 us    |        }
 0)  ...2. |               |        folio_add_lru_vma() {
 0)  ...2. |               |          folio_add_lru() {
 0)  ...2. |   0.161 us    |            __folio_batch_add_and_move();
 0)  ...2. |   0.481 us    |          }
 0)  ...2. |   0.811 us    |        }
 0)  ...2. |               |        folio_remove_rmap_ptes() {
 0)  ...2. |               |          lruvec_stat_mod_folio() {
 0)  ...2. |   0.150 us    |            __rcu_read_lock();
 0)  ...2. |   0.151 us    |            mod_node_page_state();
 0)  ...2. |               |            __mod_memcg_lruvec_state() {
 0)  ...3. |   0.150 us    |              memcg_state_val_in_pages();
 0)  ...3. |   0.150 us    |              __css_rstat_updated();
 0)  ...2. |   0.802 us    |            }
 0)  ...2. |   0.151 us    |            __rcu_read_unlock();
 0)  ...2. |   2.104 us    |          }
 0)  ...2. |   2.434 us    |        }
 0)  ...2. |   0.160 us    |        _raw_spin_unlock();
 0)  ...1. |   0.151 us    |        __rcu_read_unlock();
 0)  ...1. |   0.150 us    |        free_swap_cache();
 0)  ...1. | + 19.877 us   |      }
 0)  ...1. | + 21.590 us   |    }
 0)  ...1. |   0.151 us    |    __rcu_read_lock();
 0)  ...1. |   0.151 us    |    mem_cgroup_from_task();
 0)  ...1. |               |    count_memcg_events() {
 0)  ...2. |   0.150 us    |      __css_rstat_updated();
 0)  ...1. |   0.481 us    |    }
 0)  ...1. |   0.150 us    |    __rcu_read_unlock();
 0)  ...1. | + 23.635 us   |  }
 0)  ...1. |               |  lock_vma_under_rcu() {
 0)  ...1. |   0.150 us    |    __rcu_read_lock();
 0)  ...1. |   0.150 us    |    __rcu_read_unlock();
 0)  ...1. |   0.871 us    |  }
 0)  ...1. |               |  handle_mm_fault() {
 0)  ...1. |               |    __handle_mm_fault() {
 0)  ...1. |               |      pte_offset_map_rw_nolock() {
 0)  ...1. |               |        __pte_offset_map() {
 0)  ...1. |   0.150 us    |          __rcu_read_lock();
 0)  ...1. |   0.481 us    |        }
 0)  ...1. |   0.812 us    |      }
 0)  ...1. |   0.150 us    |      __rcu_read_unlock();
 0)  ...1. |               |      do_fault() {
 0)  ...1. |   0.150 us    |        __rcu_read_lock();
 0)  ...1. |               |        filemap_map_pages() {
 0)  ...1. |   0.151 us    |          __rcu_read_lock();
 0)  ...1. |   0.220 us    |          next_uptodate_folio();
 0)  ...1. |               |          pte_offset_map_lock() {
 0)  ...1. |               |            __pte_offset_map() {
 0)  ...1. |   0.151 us    |              __rcu_read_lock();
 0)  ...1. |   0.470 us    |            }
 0)  ...1. |   0.151 us    |            _raw_spin_lock();
 0)  ...2. |   1.133 us    |          }
 0)  ...2. |               |          set_pte_range() {
 0)  ...2. |   0.160 us    |            folio_add_file_rmap_ptes();
 0)  ...2. |   0.511 us    |          }
 0)  ...2. |   0.160 us    |          next_uptodate_folio();
 0)  ...2. |               |          set_pte_range() {
 0)  ...2. |   0.160 us    |            folio_add_file_rmap_ptes();
 0)  ...2. |   0.511 us    |          }
 0)  ...2. |   0.150 us    |          next_uptodate_folio();
 0)  ...2. |               |          set_pte_range() {
 0)  ...2. |   0.160 us    |            folio_add_file_rmap_ptes();
 0)  ...2. |   0.501 us    |          }
 0)  ...2. |   0.151 us    |          next_uptodate_folio();
 0)  ...2. |               |          set_pte_range() {
 0)  ...2. |   0.161 us    |            folio_add_file_rmap_ptes();
 0)  ...2. |   0.501 us    |          }
 0)  ...2. |   0.160 us    |          next_uptodate_folio();
 0)  ...2. |               |          set_pte_range() {
 0)  ...2. |   0.150 us    |            folio_add_file_rmap_ptes();
 0)  ...2. |   0.501 us    |          }
 0)  ...2. |   0.160 us    |          next_uptodate_folio();
 0)  ...2. |               |          set_pte_range() {
 0)  ...2. |   0.160 us    |            folio_add_file_rmap_ptes();
 0)  ...2. |   0.501 us    |          }
 0)  ...2. |   0.160 us    |          next_uptodate_folio();
 0)  ...2. |               |          set_pte_range() {
 0)  ...2. |   0.170 us    |            folio_add_file_rmap_ptes();
 0)  ...2. |   0.510 us    |          }
 0)  ...2. |   0.161 us    |          next_uptodate_folio();
 0)  ...2. |               |          set_pte_range() {
 0)  ...2. |   0.160 us    |            folio_add_file_rmap_ptes();
 0)  ...2. |   0.501 us    |          }
 0)  ...2. |   0.150 us    |          next_uptodate_folio();
 0)  ...2. |               |          set_pte_range() {
 0)  ...2. |   0.161 us    |            folio_add_file_rmap_ptes();
 0)  ...2. |   0.501 us    |          }
 0)  ...2. |   0.161 us    |          next_uptodate_folio();
 0)  ...2. |               |          set_pte_range() {
 0)  ...2. |   0.161 us    |            folio_add_file_rmap_ptes();
 0)  ...2. |   0.501 us    |          }
 0)  ...2. |   0.230 us    |          next_uptodate_folio();
 0)  ...2. |               |          set_pte_range() {
 0)  ...2. |   0.160 us    |            folio_add_file_rmap_ptes();
 0)  ...2. |   0.501 us    |          }
 0)  ...2. |   0.170 us    |          next_uptodate_folio();
 0)  ...2. |               |          set_pte_range() {
 0)  ...2. |   0.160 us    |            folio_add_file_rmap_ptes();
 0)  ...2. |   0.501 us    |          }
 0)  ...2. |   0.149 us    |          next_uptodate_folio();
 0)  ...2. |               |          set_pte_range() {
 0)  ...2. |   0.160 us    |            folio_add_file_rmap_ptes();
 0)  ...2. |   0.501 us    |          }
 0)  ...2. |   0.151 us    |          next_uptodate_folio();
 0)  ...2. |               |          set_pte_range() {
 0)  ...2. |   0.170 us    |            folio_add_file_rmap_ptes();
 0)  ...2. |   0.511 us    |          }
 0)  ...2. |   0.161 us    |          next_uptodate_folio();
 0)  ...2. |               |          set_pte_range() {
 0)  ...2. |   0.160 us    |            folio_add_file_rmap_ptes();
 0)  ...2. |   0.500 us    |          }
 0)  ...2. |   0.160 us    |          next_uptodate_folio();
 0)  ...2. |               |          set_pte_range() {
 0)  ...2. |   0.161 us    |            folio_add_file_rmap_ptes();
 0)  ...2. |   0.501 us    |          }
 0)  ...2. |   0.160 us    |          next_uptodate_folio();
 0)  ...2. |   0.151 us    |          mm_trace_rss_stat();
 0)  ...2. |   0.150 us    |          _raw_spin_unlock();
 0)  ...1. |   0.150 us    |          __rcu_read_unlock();
 0)  ...1. |   0.151 us    |          __rcu_read_unlock();
 0)  ...1. | + 19.837 us   |        }
 0)  ...1. |   0.151 us    |        __rcu_read_unlock();
 0)  ...1. | + 20.839 us   |      }
 0)  ...1. | + 22.562 us   |    }
 0)  ...1. |   0.151 us    |    __rcu_read_lock();
 0)  ...1. |   0.150 us    |    mem_cgroup_from_task();
 0)  ...1. |               |    count_memcg_events() {
 0)  ...2. |   0.150 us    |      __css_rstat_updated();
 0)  ...1. |   0.480 us    |    }
 0)  ...1. |   0.150 us    |    __rcu_read_unlock();
 0)  ...1. | + 24.555 us   |  }
 0)  ...1. |               |  lock_vma_under_rcu() {
 0)  ...1. |   0.161 us    |    __rcu_read_lock();
 0)  ...1. |   0.150 us    |    __rcu_read_unlock();
 0)  ...1. |   0.851 us    |  }
 0)  ...1. |               |  handle_mm_fault() {
 0)  ...1. |               |    __handle_mm_fault() {
 0)  ...1. |               |      pte_offset_map_rw_nolock() {
 0)  ...1. |               |        __pte_offset_map() {
 0)  ...1. |   0.150 us    |          __rcu_read_lock();
 0)  ...1. |   0.481 us    |        }
 0)  ...1. |   0.811 us    |      }
 0)  ...1. |   0.151 us    |      __rcu_read_unlock();
 0)  ...1. |               |      do_anonymous_page() {
 0)  ...1. |               |        __vmf_anon_prepare() {
 0)  ...1. |   0.160 us    |          down_read_trylock();
 0)  ...1. |               |          __anon_vma_prepare() {
 0)  ...1. |   0.210 us    |            kmem_cache_alloc_noprof();
 0)  ...1. |               |            find_mergeable_anon_vma() {
 0)  ...1. |   0.171 us    |              anon_vma_compatible();
 0)  ...1. |   0.612 us    |            }
 0)  ...1. |   0.160 us    |            kmem_cache_alloc_noprof();
 0)  ...1. |   0.150 us    |            down_write();
 0)  ...1. |   0.151 us    |            _raw_spin_lock();
 0)  ...2. |   0.160 us    |            anon_vma_interval_tree_insert();
 0)  ...2. |   0.150 us    |            _raw_spin_unlock();
 0)  ...1. |   0.151 us    |            up_write();
 0)  ...1. |   3.357 us    |          }
 0)  ...1. |   0.221 us    |          up_read();
 0)  ...1. |   4.448 us    |        }
 0)  ...1. |               |        vma_alloc_folio_noprof() {
 0)  ...1. |   0.170 us    |          get_vma_policy();
 0)  ...1. |               |          alloc_pages_mpol() {
 0)  ...1. |   0.161 us    |            policy_nodemask();
 0)  ...1. |               |            __alloc_frozen_pages_noprof() {
 0)  ...1. |               |              get_page_from_freelist() {
 0)  ...2. |   0.160 us    |                _raw_spin_trylock();
 0)  ...3. |   0.161 us    |                _raw_spin_unlock();
 0)  ...1. |   0.221 us    |                kernel_init_pages();
 0)  ...1. |   1.282 us    |              }
 0)  ...1. |   1.633 us    |            }
 0)  ...1. |   2.314 us    |          }
 0)  ...1. |   3.006 us    |        }
 0)  ...1. |               |        __mem_cgroup_charge() {
 0)  ...1. |               |          get_mem_cgroup_from_mm() {
 0)  ...1. |   0.150 us    |            __rcu_read_lock();
 0)  ...1. |   0.149 us    |            __rcu_read_unlock();
 0)  ...1. |   0.801 us    |          }
 0)  ...1. |               |          charge_memcg() {
 0)  ...1. |   0.150 us    |            __rcu_read_lock();
 0)  ...1. |   0.170 us    |            __get_obj_cgroup_from_memcg();
 0)  ...1. |   0.150 us    |            __rcu_read_unlock();
 0)  ...1. |   1.142 us    |          }
 0)  ...1. |   2.465 us    |        }
 0)  ...1. |   0.151 us    |        __folio_throttle_swaprate();
 0)  ...1. |               |        pte_offset_map_lock() {
 0)  ...1. |               |          __pte_offset_map() {
 0)  ...1. |   0.151 us    |            __rcu_read_lock();
 0)  ...1. |   0.471 us    |          }
 0)  ...1. |   0.151 us    |          _raw_spin_lock();
 0)  ...2. |   1.133 us    |        }
 0)  ...2. |               |        map_anon_folio_pte_nopf() {
 0)  ...2. |   0.151 us    |          pte_mkwrite();
 0)  ...2. |               |          folio_add_new_anon_rmap() {
 0)  ...2. |               |            __folio_mod_stat() {
 0)  ...2. |               |              lruvec_stat_mod_folio() {
 0)  ...2. |   0.151 us    |                __rcu_read_lock();
 0)  ...2. |   0.150 us    |                mod_node_page_state();
 0)  ...2. |               |                __mod_memcg_lruvec_state() {
 0)  ...3. |   0.150 us    |                  memcg_state_val_in_pages();
 0)  ...3. |   0.161 us    |                  __css_rstat_updated();
 0)  ...2. |   0.842 us    |                }
 0)  ...2. |   0.149 us    |                __rcu_read_unlock();
 0)  ...2. |   2.144 us    |              }
 0)  ...2. |   2.484 us    |            }
 0)  ...2. |   2.826 us    |          }
 0)  ...2. |               |          folio_add_lru_vma() {
 0)  ...2. |               |            folio_add_lru() {
 0)  ...2. |   0.161 us    |              __folio_batch_add_and_move();
 0)  ...2. |   0.481 us    |            }
 0)  ...2. |   0.811 us    |          }
 0)  ...2. |   4.519 us    |        }
 0)  ...2. |   0.161 us    |        _raw_spin_unlock();
 0)  ...1. |   0.151 us    |        __rcu_read_unlock();
 0)  ...1. | + 17.713 us   |      }
 0)  ...1. | + 19.426 us   |    }
 0)  ...1. |   0.150 us    |    __rcu_read_lock();
 0)  ...1. |   0.150 us    |    mem_cgroup_from_task();
 0)  ...1. |               |    count_memcg_events() {
 0)  ...2. |   0.150 us    |      __css_rstat_updated();
 0)  ...1. |   0.481 us    |    }
 0)  ...1. |   0.151 us    |    __rcu_read_unlock();
 0)  ...1. | + 21.410 us   |  }
 0)  ...1. |               |  lock_vma_under_rcu() {
 0)  ...1. |   0.151 us    |    __rcu_read_lock();
 0)  ...1. |   0.150 us    |    __rcu_read_unlock();
 0)  ...1. |   0.871 us    |  }
 0)  ...1. |               |  handle_mm_fault() {
 0)  ...1. |               |    __handle_mm_fault() {
 0)  ...1. |               |      pte_offset_map_rw_nolock() {
 0)  ...1. |               |        __pte_offset_map() {
 0)  ...1. |   0.221 us    |          __rcu_read_lock();
 0)  ...1. |   0.552 us    |        }
 0)  ...1. |   0.881 us    |      }
 0)  ...1. |   0.149 us    |      __rcu_read_unlock();
 0)  ...1. |               |      do_anonymous_page() {
 0)  ...1. |   0.160 us    |        __vmf_anon_prepare();
 0)  ...1. |               |        vma_alloc_folio_noprof() {
 0)  ...1. |   0.160 us    |          get_vma_policy();
 0)  ...1. |               |          alloc_pages_mpol() {
 0)  ...1. |   0.160 us    |            policy_nodemask();
 0)  ...1. |               |            __alloc_frozen_pages_noprof() {
 0)  ...1. |               |              get_page_from_freelist() {
 0)  ...2. |   0.160 us    |                _raw_spin_trylock();
 0)  ...3. |   0.161 us    |                _raw_spin_unlock();
 0)  ...1. |   0.361 us    |                kernel_init_pages();
 0)  ...1. |   1.413 us    |              }
 0)  ...1. |   1.743 us    |            }
 0)  ...1. |   2.405 us    |          }
 0)  ...1. |   3.076 us    |        }
 0)  ...1. |               |        __mem_cgroup_charge() {
 0)  ...1. |               |          get_mem_cgroup_from_mm() {
 0)  ...1. |   0.150 us    |            __rcu_read_lock();
 0)  ...1. |   0.151 us    |            __rcu_read_unlock();
 0)  ...1. |   0.802 us    |          }
 0)  ...1. |               |          charge_memcg() {
 0)  ...1. |   0.150 us    |            __rcu_read_lock();
 0)  ...1. |   0.161 us    |            __get_obj_cgroup_from_memcg();
 0)  ...1. |   0.150 us    |            __rcu_read_unlock();
 0)  ...1. |   1.133 us    |          }
 0)  ...1. |   2.434 us    |        }
 0)  ...1. |   0.150 us    |        __folio_throttle_swaprate();
 0)  ...1. |               |        pte_offset_map_lock() {
 0)  ...1. |               |          __pte_offset_map() {
 0)  ...1. |   0.150 us    |            __rcu_read_lock();
 0)  ...1. |   0.481 us    |          }
 0)  ...1. |   0.150 us    |          _raw_spin_lock();
 0)  ...2. |   1.131 us    |        }
 0)  ...2. |               |        map_anon_folio_pte_nopf() {
 0)  ...2. |   0.151 us    |          pte_mkwrite();
 0)  ...2. |               |          folio_add_new_anon_rmap() {
 0)  ...2. |               |            __folio_mod_stat() {
 0)  ...2. |               |              lruvec_stat_mod_folio() {
 0)  ...2. |   0.151 us    |                __rcu_read_lock();
 0)  ...2. |   0.150 us    |                mod_node_page_state();
 0)  ...2. |               |                __mod_memcg_lruvec_state() {
 0)  ...3. |   0.150 us    |                  memcg_state_val_in_pages();
 0)  ...3. |   0.151 us    |                  __css_rstat_updated();
 0)  ...2. |   0.812 us    |                }
 0)  ...2. |   0.151 us    |                __rcu_read_unlock();
 0)  ...2. |   2.113 us    |              }
 0)  ...2. |   2.454 us    |            }
 0)  ...2. |   2.775 us    |          }
 0)  ...2. |               |          folio_add_lru_vma() {
 0)  ...2. |               |            folio_add_lru() {
 0)  ...2. |   0.160 us    |              __folio_batch_add_and_move();
 0)  ...2. |   0.481 us    |            }
 0)  ...2. |   0.811 us    |          }
 0)  ...2. |   4.449 us    |        }
 0)  ...2. |   0.160 us    |        _raw_spin_unlock();
 0)  ...1. |   0.149 us    |        __rcu_read_unlock();
 0)  ...1. | + 13.315 us   |      }
 0)  ...1. | + 15.088 us   |    }
 0)  ...1. |   0.151 us    |    __rcu_read_lock();
 0)  ...1. |   0.150 us    |    mem_cgroup_from_task();
 0)  ...1. |               |    count_memcg_events() {
 0)  ...2. |   0.150 us    |      __css_rstat_updated();
 0)  ...1. |   0.481 us    |    }
 0)  ...1. |   0.150 us    |    __rcu_read_unlock();
 0)  ...1. | + 17.061 us   |  }
 0)  ...1. |               |  lock_vma_under_rcu() {
 0)  ...1. |   0.149 us    |    __rcu_read_lock();
 0)  ...1. |   0.220 us    |    __rcu_read_unlock();
 0)  ...1. |   0.941 us    |  }
 0)  ...1. |               |  handle_mm_fault() {
 0)  ...1. |               |    __handle_mm_fault() {
 0)  ...1. |               |      pte_offset_map_rw_nolock() {
 0)  ...1. |               |        __pte_offset_map() {
 0)  ...1. |   0.160 us    |          __rcu_read_lock();
 0)  ...1. |   0.491 us    |        }
 0)  ...1. |   0.811 us    |      }
 0)  ...1. |   0.150 us    |      __rcu_read_unlock();
 0)  ...1. |               |      do_fault() {
 0)  ...1. |   0.151 us    |        __rcu_read_lock();
 0)  ...1. |               |        filemap_map_pages() {
 0)  ...1. |   0.150 us    |          __rcu_read_lock();
 0)  ...1. |   0.200 us    |          next_uptodate_folio();
 0)  ...1. |               |          pte_offset_map_lock() {
 0)  ...1. |               |            __pte_offset_map() {
 0)  ...1. |   0.151 us    |              __rcu_read_lock();
 0)  ...1. |   0.480 us    |            }
 0)  ...1. |   0.151 us    |            _raw_spin_lock();
 0)  ...2. |   1.132 us    |          }
 0)  ...2. |               |          set_pte_range() {
 0)  ...2. |   0.160 us    |            folio_add_file_rmap_ptes();
 0)  ...2. |   0.521 us    |          }
 0)  ...2. |   0.160 us    |          next_uptodate_folio();
 0)  ...2. |               |          set_pte_range() {
 0)  ...2. |   0.160 us    |            folio_add_file_rmap_ptes();
 0)  ...2. |   0.512 us    |          }
 0)  ...2. |   0.171 us    |          next_uptodate_folio();
 0)  ...2. |               |          set_pte_range() {
 0)  ...2. |   0.161 us    |            folio_add_file_rmap_ptes();
 0)  ...2. |   0.501 us    |          }
 0)  ...2. |   0.161 us    |          next_uptodate_folio();
 0)  ...2. |               |          set_pte_range() {
 0)  ...2. |   0.161 us    |            folio_add_file_rmap_ptes();
 0)  ...2. |   0.501 us    |          }
 0)  ...2. |   0.161 us    |          next_uptodate_folio();
 0)  ...2. |               |          set_pte_range() {
 0)  ...2. |   0.160 us    |            folio_add_file_rmap_ptes();
 0)  ...2. |   0.501 us    |          }
 0)  ...2. |   0.160 us    |          next_uptodate_folio();
 0)  ...2. |               |          set_pte_range() {
 0)  ...2. |   0.160 us    |            folio_add_file_rmap_ptes();
 0)  ...2. |   0.511 us    |          }
 0)  ...2. |   0.211 us    |          next_uptodate_folio();
 0)  ...2. |               |          set_pte_range() {
 0)  ...2. |   0.171 us    |            folio_add_file_rmap_ptes();
 0)  ...2. |   0.521 us    |          }
 0)  ...2. |   0.160 us    |          next_uptodate_folio();
 0)  ...2. |               |          set_pte_range() {
 0)  ...2. |   0.160 us    |            folio_add_file_rmap_ptes();
 0)  ...2. |   0.541 us    |          }
 0)  ...2. |   0.160 us    |          next_uptodate_folio();
 0)  ...2. |               |          set_pte_range() {
 0)  ...2. |   0.149 us    |            folio_add_file_rmap_ptes();
 0)  ...2. |   0.501 us    |          }
 0)  ...2. |   0.160 us    |          next_uptodate_folio();
 0)  ...2. |               |          set_pte_range() {
 0)  ...2. |   0.160 us    |            folio_add_file_rmap_ptes();
 0)  ...2. |   0.501 us    |          }
 0)  ...2. |   0.160 us    |          next_uptodate_folio();
 0)  ...2. |               |          set_pte_range() {
 0)  ...2. |   0.161 us    |            folio_add_file_rmap_ptes();
 0)  ...2. |   0.501 us    |          }
 0)  ...2. |   0.161 us    |          next_uptodate_folio();
 0)  ...2. |               |          set_pte_range() {
 0)  ...2. |   0.160 us    |            folio_add_file_rmap_ptes();
 0)  ...2. |   0.501 us    |          }
 0)  ...2. |   0.160 us    |          next_uptodate_folio();
 0)  ...2. |               |          set_pte_range() {
 0)  ...2. |   0.160 us    |            folio_add_file_rmap_ptes();
 0)  ...2. |   0.561 us    |          }
 0)  ...2. |   0.161 us    |          next_uptodate_folio();
 0)  ...2. |               |          set_pte_range() {
 0)  ...2. |   0.161 us    |            folio_add_file_rmap_ptes();
 0)  ...2. |   0.510 us    |          }
 0)  ...2. |   0.160 us    |          next_uptodate_folio();
 0)  ...2. |               |          set_pte_range() {
 0)  ...2. |   0.150 us    |            folio_add_file_rmap_ptes();
 0)  ...2. |   0.501 us    |          }
 0)  ...2. |   0.160 us    |          next_uptodate_folio();
 0)  ...2. |               |          set_pte_range() {
 0)  ...2. |   0.160 us    |            folio_add_file_rmap_ptes();
 0)  ...2. |   0.512 us    |          }
 0)  ...2. |   0.170 us    |          next_uptodate_folio();
 0)  ...2. |   0.151 us    |          _raw_spin_lock_irqsave();
 0)  d..3. |   0.160 us    |          _raw_spin_unlock_irqrestore();
 0)  ...2. |   0.151 us    |          mm_trace_rss_stat();
 0)  ...2. |   0.160 us    |          _raw_spin_unlock();
 0)  ...1. |   0.150 us    |          __rcu_read_unlock();
 0)  ...1. |   0.160 us    |          __rcu_read_unlock();
 0)  ...1. | + 20.669 us   |        }
 0)  ...1. |   0.151 us    |        __rcu_read_unlock();
 0)  ...1. | + 21.680 us   |      }
 0)  ...1. | + 23.404 us   |    }
 0)  ...1. |   0.150 us    |    __rcu_read_lock();
 0)  ...1. |   0.151 us    |    mem_cgroup_from_task();
 0)  ...1. |               |    count_memcg_events() {
 0)  ...2. |   0.151 us    |      __css_rstat_updated();
 0)  ...1. |   0.481 us    |    }
 0)  ...1. |   0.151 us    |    __rcu_read_unlock();
 0)  ...1. | + 25.397 us   |  }
 0)  ...1. |               |  __x64_sys_arch_prctl() {
 0)  ...1. |   0.201 us    |    do_arch_prctl_64();
 0)  ...1. |   0.561 us    |  }
 0)  ...1. |               |  __x64_sys_set_tid_address() {
 0)  ...1. |               |    __task_pid_nr_ns() {
 0)  ...1. |   0.151 us    |      __rcu_read_lock();
 0)  ...1. |   0.150 us    |      __rcu_read_unlock();
 0)  ...1. |   0.892 us    |    }
 0)  ...1. |   1.333 us    |  }
 0)  ...1. |               |  lock_vma_under_rcu() {
 0)  ...1. |   0.151 us    |    __rcu_read_lock();
 0)  ...1. |   0.160 us    |    __rcu_read_unlock();
 0)  ...1. |   0.932 us    |  }
 0)  ...1. |               |  handle_mm_fault() {
 0)  ...1. |               |    __handle_mm_fault() {
 0)  ...1. |               |      pte_offset_map_rw_nolock() {
 0)  ...1. |               |        __pte_offset_map() {
 0)  ...1. |   0.151 us    |          __rcu_read_lock();
 0)  ...1. |   0.481 us    |        }
 0)  ...1. |   0.812 us    |      }
 0)  ...1. |   0.150 us    |      __rcu_read_unlock();
 0)  ...1. |               |      do_fault() {
 0)  ...1. |   0.150 us    |        __rcu_read_lock();
 0)  ...1. |               |        filemap_map_pages() {
 0)  ...1. |   0.150 us    |          __rcu_read_lock();
 0)  ...1. |   0.191 us    |          next_uptodate_folio();
 0)  ...1. |               |          pte_offset_map_lock() {
 0)  ...1. |               |            __pte_offset_map() {
 0)  ...1. |   0.150 us    |              __rcu_read_lock();
 0)  ...1. |   0.481 us    |            }
 0)  ...1. |   0.150 us    |            _raw_spin_lock();
 0)  ...2. |   1.142 us    |          }
 0)  ...2. |               |          set_pte_range() {
 0)  ...2. |   0.161 us    |            folio_add_file_rmap_ptes();
 0)  ...2. |   0.532 us    |          }
 0)  ...2. |   0.150 us    |          next_uptodate_folio();
 0)  ...2. |               |          set_pte_range() {
 0)  ...2. |   0.160 us    |            folio_add_file_rmap_ptes();
 0)  ...2. |   0.561 us    |          }
 0)  ...2. |   0.160 us    |          next_uptodate_folio();
 0)  ...2. |               |          set_pte_range() {
 0)  ...2. |   0.151 us    |            folio_add_file_rmap_ptes();
 0)  ...2. |   0.510 us    |          }
 0)  ...2. |   0.160 us    |          next_uptodate_folio();
 0)  ...2. |               |          set_pte_range() {
 0)  ...2. |   0.160 us    |            folio_add_file_rmap_ptes();
 0)  ...2. |   0.512 us    |          }
 0)  ...2. |   0.160 us    |          next_uptodate_folio();
 0)  ...2. |               |          set_pte_range() {
 0)  ...2. |   0.150 us    |            folio_add_file_rmap_ptes();
 0)  ...2. |   0.501 us    |          }
 0)  ...2. |   0.160 us    |          next_uptodate_folio();
 0)  ...2. |               |          set_pte_range() {
 0)  ...2. |   0.160 us    |            folio_add_file_rmap_ptes();
 0)  ...2. |   0.501 us    |          }
 0)  ...2. |   0.150 us    |          next_uptodate_folio();
 0)  ...2. |               |          set_pte_range() {
 0)  ...2. |   0.161 us    |            folio_add_file_rmap_ptes();
 0)  ...2. |   0.501 us    |          }
 0)  ...2. |   0.161 us    |          next_uptodate_folio();
 0)  ...2. |               |          set_pte_range() {
 0)  ...2. |   0.170 us    |            folio_add_file_rmap_ptes();
 0)  ...2. |   0.511 us    |          }
 0)  ...2. |   0.161 us    |          next_uptodate_folio();
 0)  ...2. |               |          set_pte_range() {
 0)  ...2. |   0.160 us    |            folio_add_file_rmap_ptes();
 0)  ...2. |   0.501 us    |          }
 0)  ...2. |   0.160 us    |          next_uptodate_folio();
 0)  ...2. |   0.161 us    |          next_uptodate_folio();
 0)  ...2. |   0.150 us    |          next_uptodate_folio();
 0)  ...2. |   0.151 us    |          next_uptodate_folio();
 0)  ...2. |   0.160 us    |          next_uptodate_folio();
 0)  ...2. |   0.160 us    |          next_uptodate_folio();
 0)  ...2. |   0.151 us    |          next_uptodate_folio();
 0)  ...2. |   0.160 us    |          next_uptodate_folio();
 0)  ...2. |   0.151 us    |          mm_trace_rss_stat();
 0)  ...2. |   0.160 us    |          _raw_spin_unlock();
 0)  ...1. |   0.160 us    |          __rcu_read_unlock();
 0)  ...1. |   0.151 us    |          __rcu_read_unlock();
 0)  ...1. | + 15.068 us   |        }
 0)  ...1. |   0.150 us    |        __rcu_read_unlock();
 0)  ...1. | + 16.080 us   |      }
 0)  ...1. | + 17.823 us   |    }
 0)  ...1. |   0.151 us    |    __rcu_read_lock();
 0)  ...1. |   0.150 us    |    mem_cgroup_from_task();
 0)  ...1. |               |    count_memcg_events() {
 0)  ...2. |   0.151 us    |      __css_rstat_updated();
 0)  ...1. |   0.501 us    |    }
 0)  ...1. |   0.150 us    |    __rcu_read_unlock();
 0)  ...1. | + 19.837 us   |  }
 0)  ...1. |               |  lock_vma_under_rcu() {
 0)  ...1. |   0.150 us    |    __rcu_read_lock();
 0)  ...1. |   0.150 us    |    __rcu_read_unlock();
 0)  ...1. |   0.922 us    |  }
 0)  ...1. |               |  handle_mm_fault() {
 0)  ...1. |               |    __handle_mm_fault() {
 0)  ...1. |               |      pte_offset_map_rw_nolock() {
 0)  ...1. |               |        __pte_offset_map() {
 0)  ...1. |   0.161 us    |          __rcu_read_lock();
 0)  ...1. |   0.492 us    |        }
 0)  ...1. |   0.811 us    |      }
 0)  ...1. |   0.151 us    |      __rcu_read_unlock();
 0)  ...1. |               |      do_fault() {
 0)  ...1. |   0.210 us    |        __rcu_read_lock();
 0)  ...1. |               |        filemap_map_pages() {
 0)  ...1. |   0.151 us    |          __rcu_read_lock();
 0)  ...1. |   0.210 us    |          next_uptodate_folio();
 0)  ...1. |               |          pte_offset_map_lock() {
 0)  ...1. |               |            __pte_offset_map() {
 0)  ...1. |   0.150 us    |              __rcu_read_lock();
 0)  ...1. |   0.481 us    |            }
 0)  ...1. |   0.161 us    |            _raw_spin_lock();
 0)  ...2. |   1.122 us    |          }
 0)  ...2. |               |          set_pte_range() {
 0)  ...2. |   0.160 us    |            folio_add_file_rmap_ptes();
 0)  ...2. |   0.541 us    |          }
 0)  ...2. |   0.149 us    |          next_uptodate_folio();
 0)  ...2. |               |          set_pte_range() {
 0)  ...2. |   0.149 us    |            folio_add_file_rmap_ptes();
 0)  ...2. |   0.511 us    |          }
 0)  ...2. |   0.160 us    |          next_uptodate_folio();
 0)  ...2. |               |          set_pte_range() {
 0)  ...2. |   0.160 us    |            folio_add_file_rmap_ptes();
 0)  ...2. |   0.501 us    |          }
 0)  ...2. |   0.160 us    |          next_uptodate_folio();
 0)  ...2. |               |          set_pte_range() {
 0)  ...2. |   0.151 us    |            folio_add_file_rmap_ptes();
 0)  ...2. |   0.511 us    |          }
 0)  ...2. |   0.161 us    |          next_uptodate_folio();
 0)  ...2. |               |          set_pte_range() {
 0)  ...2. |   0.161 us    |            folio_add_file_rmap_ptes();
 0)  ...2. |   0.501 us    |          }
 0)  ...2. |   0.150 us    |          next_uptodate_folio();
 0)  ...2. |               |          set_pte_range() {
 0)  ...2. |   0.160 us    |            folio_add_file_rmap_ptes();
 0)  ...2. |   0.501 us    |          }
 0)  ...2. |   0.160 us    |          next_uptodate_folio();
 0)  ...2. |               |          set_pte_range() {
 0)  ...2. |   0.160 us    |            folio_add_file_rmap_ptes();
 0)  ...2. |   0.510 us    |          }
 0)  ...2. |   0.160 us    |          next_uptodate_folio();
 0)  ...2. |               |          set_pte_range() {
 0)  ...2. |   0.160 us    |            folio_add_file_rmap_ptes();
 0)  ...2. |   0.501 us    |          }
 0)  ...2. |   0.150 us    |          next_uptodate_folio();
 0)  ...2. |               |          set_pte_range() {
 0)  ...2. |   0.161 us    |            folio_add_file_rmap_ptes();
 0)  ...2. |   0.501 us    |          }
 0)  ...2. |   0.161 us    |          next_uptodate_folio();
 0)  ...2. |               |          set_pte_range() {
 0)  ...2. |   0.170 us    |            folio_add_file_rmap_ptes();
 0)  ...2. |   0.510 us    |          }
 0)  ...2. |   0.161 us    |          next_uptodate_folio();
 0)  ...2. |               |          set_pte_range() {
 0)  ...2. |   0.160 us    |            folio_add_file_rmap_ptes();
 0)  ...2. |   0.501 us    |          }
 0)  ...2. |   0.160 us    |          next_uptodate_folio();
 0)  ...2. |               |          set_pte_range() {
 0)  ...2. |   0.161 us    |            folio_add_file_rmap_ptes();
 0)  ...2. |   0.501 us    |          }
 0)  ...2. |   0.160 us    |          next_uptodate_folio();
 0)  ...2. |               |          set_pte_range() {
 0)  ...2. |   0.151 us    |            folio_add_file_rmap_ptes();
 0)  ...2. |   0.501 us    |          }
 0)  ...2. |   0.160 us    |          next_uptodate_folio();
 0)  ...2. |               |          set_pte_range() {
 0)  ...2. |   0.150 us    |            folio_add_file_rmap_ptes();
 0)  ...2. |   0.501 us    |          }
 0)  ...2. |   0.150 us    |          next_uptodate_folio();
 0)  ...2. |               |          set_pte_range() {
 0)  ...2. |   0.160 us    |            folio_add_file_rmap_ptes();
 0)  ...2. |   0.501 us    |          }
 0)  ...2. |   0.151 us    |          next_uptodate_folio();
 0)  ...2. |               |          set_pte_range() {
 0)  ...2. |   0.151 us    |            folio_add_file_rmap_ptes();
 0)  ...2. |   0.501 us    |          }
 0)  ...2. |   0.170 us    |          next_uptodate_folio();
 0)  ...2. |   0.150 us    |          mm_trace_rss_stat();
 0)  ...2. |   0.160 us    |          _raw_spin_unlock();
 0)  ...1. |   0.150 us    |          __rcu_read_unlock();
 0)  ...1. |   0.150 us    |          __rcu_read_unlock();
 0)  ...1. | + 19.887 us   |        }
 0)  ...1. |   0.151 us    |        __rcu_read_unlock();
 0)  ...1. | + 20.949 us   |      }
 0)  ...1. | + 22.683 us   |    }
 0)  ...1. |   0.150 us    |    __rcu_read_lock();
 0)  ...1. |   0.149 us    |    mem_cgroup_from_task();
 0)  ...1. |               |    count_memcg_events() {
 0)  ...2. |   0.151 us    |      __css_rstat_updated();
 0)  ...1. |   0.501 us    |    }
 0)  ...1. |   0.151 us    |    __rcu_read_unlock();
 0)  ...1. | + 24.726 us   |  }
 0)  ...1. |               |  lock_vma_under_rcu() {
 0)  ...1. |   0.150 us    |    __rcu_read_lock();
 0)  ...1. |   0.160 us    |    __rcu_read_unlock();
 0)  ...1. |   0.911 us    |  }
 0)  ...1. |               |  handle_mm_fault() {
 0)  ...1. |               |    __handle_mm_fault() {
 0)  ...1. |               |      pte_offset_map_rw_nolock() {
 0)  ...1. |               |        __pte_offset_map() {
 0)  ...1. |   0.150 us    |          __rcu_read_lock();
 0)  ...1. |   0.481 us    |        }
 0)  ...1. |   0.811 us    |      }
 0)  ...1. |   0.161 us    |      __rcu_read_unlock();
 0)  ...1. |               |      do_fault() {
 0)  ...1. |   0.161 us    |        __rcu_read_lock();
 0)  ...1. |               |        filemap_map_pages() {
 0)  ...1. |   0.160 us    |          __rcu_read_lock();
 0)  ...1. |   0.181 us    |          next_uptodate_folio();
 0)  ...1. |               |          pte_offset_map_lock() {
 0)  ...1. |               |            __pte_offset_map() {
 0)  ...1. |   0.151 us    |              __rcu_read_lock();
 0)  ...1. |   0.481 us    |            }
 0)  ...1. |   0.150 us    |            _raw_spin_lock();
 0)  ...2. |   1.133 us    |          }
 0)  ...2. |               |          set_pte_range() {
 0)  ...2. |   0.170 us    |            folio_add_file_rmap_ptes();
 0)  ...2. |   0.541 us    |          }
 0)  ...2. |   0.150 us    |          next_uptodate_folio();
 0)  ...2. |               |          set_pte_range() {
 0)  ...2. |   0.160 us    |            folio_add_file_rmap_ptes();
 0)  ...2. |   0.501 us    |          }
 0)  ...2. |   0.160 us    |          next_uptodate_folio();
 0)  ...2. |               |          set_pte_range() {
 0)  ...2. |   0.161 us    |            folio_add_file_rmap_ptes();
 0)  ...2. |   0.501 us    |          }
 0)  ...2. |   0.161 us    |          next_uptodate_folio();
 0)  ...2. |               |          set_pte_range() {
 0)  ...2. |   0.160 us    |            folio_add_file_rmap_ptes();
 0)  ...2. |   0.501 us    |          }
 0)  ...2. |   0.160 us    |          next_uptodate_folio();
 0)  ...2. |               |          set_pte_range() {
 0)  ...2. |   0.150 us    |            folio_add_file_rmap_ptes();
 0)  ...2. |   0.501 us    |          }
 0)  ...2. |   0.160 us    |          next_uptodate_folio();
 0)  ...2. |               |          set_pte_range() {
 0)  ...2. |   0.160 us    |            folio_add_file_rmap_ptes();
 0)  ...2. |   0.501 us    |          }
 0)  ...2. |   0.150 us    |          next_uptodate_folio();
 0)  ...2. |               |          set_pte_range() {
 0)  ...2. |   0.392 us    |            folio_add_file_rmap_ptes();
 0)  ...2. |   0.732 us    |          }
 0)  ...2. |   0.160 us    |          next_uptodate_folio();
 0)  ...2. |               |          set_pte_range() {
 0)  ...2. |   0.170 us    |            folio_add_file_rmap_ptes();
 0)  ...2. |   0.510 us    |          }
 0)  ...2. |   0.151 us    |          next_uptodate_folio();
 0)  ...2. |               |          set_pte_range() {
 0)  ...2. |   0.161 us    |            folio_add_file_rmap_ptes();
 0)  ...2. |   0.501 us    |          }
 0)  ...2. |   0.150 us    |          next_uptodate_folio();
 0)  ...2. |               |          set_pte_range() {
 0)  ...2. |   0.170 us    |            folio_add_file_rmap_ptes();
 0)  ...2. |   0.512 us    |          }
 0)  ...2. |   0.160 us    |          next_uptodate_folio();
 0)  ...2. |               |          set_pte_range() {
 0)  ...2. |   0.160 us    |            folio_add_file_rmap_ptes();
 0)  ...2. |   0.501 us    |          }
 0)  ...2. |   0.160 us    |          next_uptodate_folio();
 0)  ...2. |               |          set_pte_range() {
 0)  ...2. |   0.150 us    |            folio_add_file_rmap_ptes();
 0)  ...2. |   0.501 us    |          }
 0)  ...2. |   0.160 us    |          next_uptodate_folio();
 0)  ...2. |               |          set_pte_range() {
 0)  ...2. |   0.160 us    |            folio_add_file_rmap_ptes();
 0)  ...2. |   0.501 us    |          }
 0)  ...2. |   0.150 us    |          next_uptodate_folio();
 0)  ...2. |               |          set_pte_range() {
 0)  ...2. |   0.161 us    |            folio_add_file_rmap_ptes();
 0)  ...2. |   0.501 us    |          }
 0)  ...2. |   0.161 us    |          next_uptodate_folio();
 0)  ...2. |               |          set_pte_range() {
 0)  ...2. |   0.151 us    |            folio_add_file_rmap_ptes();
 0)  ...2. |   0.511 us    |          }
 0)  ...2. |   0.160 us    |          next_uptodate_folio();
 0)  ...2. |               |          set_pte_range() {
 0)  ...2. |   0.160 us    |            folio_add_file_rmap_ptes();
 0)  ...2. |   0.511 us    |          }
 0)  ...2. |   0.160 us    |          next_uptodate_folio();
 0)  ...2. |   0.150 us    |          _raw_spin_lock_irqsave();
 0)  d..3. |   0.161 us    |          _raw_spin_unlock_irqrestore();
 0)  ...2. |   0.151 us    |          mm_trace_rss_stat();
 0)  ...2. |   0.160 us    |          _raw_spin_unlock();
 0)  ...1. |   0.161 us    |          __rcu_read_unlock();
 0)  ...1. |   0.150 us    |          __rcu_read_unlock();
 0)  ...1. | + 20.768 us   |        }
 0)  ...1. |   0.151 us    |        __rcu_read_unlock();
 0)  ...1. | + 21.781 us   |      }
 0)  ...1. | + 23.504 us   |    }
 0)  ...1. |   0.149 us    |    __rcu_read_lock();
 0)  ...1. |   0.150 us    |    mem_cgroup_from_task();
 0)  ...1. |               |    count_memcg_events() {
 0)  ...2. |   0.150 us    |      __css_rstat_updated();
 0)  ...1. |   0.490 us    |    }
 0)  ...1. |   0.150 us    |    __rcu_read_unlock();
 0)  ...1. | + 25.528 us   |  }
 0)  ...1. |               |  lock_vma_under_rcu() {
 0)  ...1. |   0.151 us    |    __rcu_read_lock();
 0)  ...1. |   0.151 us    |    __rcu_read_unlock();
 0)  ...1. |   0.912 us    |  }
 0)  ...1. |               |  handle_mm_fault() {
 0)  ...1. |               |    __handle_mm_fault() {
 0)  ...1. |               |      pte_offset_map_rw_nolock() {
 0)  ...1. |               |        __pte_offset_map() {
 0)  ...1. |   0.150 us    |          __rcu_read_lock();
 0)  ...1. |   0.481 us    |        }
 0)  ...1. |   0.821 us    |      }
 0)  ...1. |   0.201 us    |      __rcu_read_unlock();
 0)  ...1. |               |      do_fault() {
 0)  ...1. |   0.150 us    |        __rcu_read_lock();
 0)  ...1. |               |        filemap_map_pages() {
 0)  ...1. |   0.151 us    |          __rcu_read_lock();
 0)  ...1. |   0.180 us    |          next_uptodate_folio();
 0)  ...1. |               |          pte_offset_map_lock() {
 0)  ...1. |               |            __pte_offset_map() {
 0)  ...1. |   0.150 us    |              __rcu_read_lock();
 0)  ...1. |   0.481 us    |            }
 0)  ...1. |   0.150 us    |            _raw_spin_lock();
 0)  ...2. |   1.132 us    |          }
 0)  ...2. |               |          set_pte_range() {
 0)  ...2. |   0.160 us    |            folio_add_file_rmap_ptes();
 0)  ...2. |   0.541 us    |          }
 0)  ...2. |   0.150 us    |          next_uptodate_folio();
 0)  ...2. |               |          set_pte_range() {
 0)  ...2. |   0.160 us    |            folio_add_file_rmap_ptes();
 0)  ...2. |   0.501 us    |          }
 0)  ...2. |   0.150 us    |          next_uptodate_folio();
 0)  ...2. |               |          set_pte_range() {
 0)  ...2. |   0.161 us    |            folio_add_file_rmap_ptes();
 0)  ...2. |   0.501 us    |          }
 0)  ...2. |   0.161 us    |          next_uptodate_folio();
 0)  ...2. |               |          set_pte_range() {
 0)  ...2. |   0.160 us    |            folio_add_file_rmap_ptes();
 0)  ...2. |   0.501 us    |          }
 0)  ...2. |   0.160 us    |          next_uptodate_folio();
 0)  ...2. |               |          set_pte_range() {
 0)  ...2. |   0.161 us    |            folio_add_file_rmap_ptes();
 0)  ...2. |   0.501 us    |          }
 0)  ...2. |   0.160 us    |          next_uptodate_folio();
 0)  ...2. |               |          set_pte_range() {
 0)  ...2. |   0.160 us    |            folio_add_file_rmap_ptes();
 0)  ...2. |   0.511 us    |          }
 0)  ...2. |   0.160 us    |          next_uptodate_folio();
 0)  ...2. |               |          set_pte_range() {
 0)  ...2. |   0.149 us    |            folio_add_file_rmap_ptes();
 0)  ...2. |   0.501 us    |          }
 0)  ...2. |   0.160 us    |          next_uptodate_folio();
 0)  ...2. |               |          set_pte_range() {
 0)  ...2. |   0.151 us    |            folio_add_file_rmap_ptes();
 0)  ...2. |   0.501 us    |          }
 0)  ...2. |   0.161 us    |          next_uptodate_folio();
 0)  ...2. |               |          set_pte_range() {
 0)  ...2. |   0.161 us    |            folio_add_file_rmap_ptes();
 0)  ...2. |   0.501 us    |          }
 0)  ...2. |   0.150 us    |          next_uptodate_folio();
 0)  ...2. |               |          set_pte_range() {
 0)  ...2. |   0.171 us    |            folio_add_file_rmap_ptes();
 0)  ...2. |   0.512 us    |          }
 0)  ...2. |   0.150 us    |          next_uptodate_folio();
 0)  ...2. |               |          set_pte_range() {
 0)  ...2. |   0.160 us    |            folio_add_file_rmap_ptes();
 0)  ...2. |   0.501 us    |          }
 0)  ...2. |   0.160 us    |          next_uptodate_folio();
 0)  ...2. |               |          set_pte_range() {
 0)  ...2. |   0.160 us    |            folio_add_file_rmap_ptes();
 0)  ...2. |   0.501 us    |          }
 0)  ...2. |   0.160 us    |          next_uptodate_folio();
 0)  ...2. |               |          set_pte_range() {
 0)  ...2. |   0.161 us    |            folio_add_file_rmap_ptes();
 0)  ...2. |   0.501 us    |          }
 0)  ...2. |   0.161 us    |          next_uptodate_folio();
 0)  ...2. |               |          set_pte_range() {
 0)  ...2. |   0.160 us    |            folio_add_file_rmap_ptes();
 0)  ...2. |   0.510 us    |          }
 0)  ...2. |   0.160 us    |          next_uptodate_folio();
 0)  ...2. |               |          set_pte_range() {
 0)  ...2. |   0.161 us    |            folio_add_file_rmap_ptes();
 0)  ...2. |   0.551 us    |          }
 0)  ...2. |   0.161 us    |          next_uptodate_folio();
 0)  ...2. |   0.171 us    |          next_uptodate_folio();
 0)  ...2. |   0.150 us    |          mm_trace_rss_stat();
 0)  ...2. |   0.161 us    |          _raw_spin_unlock();
 0)  ...1. |   0.150 us    |          __rcu_read_unlock();
 0)  ...1. |   0.150 us    |          __rcu_read_unlock();
 0)  ...1. | + 19.156 us   |        }
 0)  ...1. |   0.151 us    |        __rcu_read_unlock();
 0)  ...1. | + 20.157 us   |      }
 0)  ...1. | + 21.941 us   |    }
 0)  ...1. |   0.150 us    |    __rcu_read_lock();
 0)  ...1. |   0.151 us    |    mem_cgroup_from_task();
 0)  ...1. |               |    count_memcg_events() {
 0)  ...2. |   0.151 us    |      __css_rstat_updated();
 0)  ...1. |   0.491 us    |    }
 0)  ...1. |   0.149 us    |    __rcu_read_unlock();
 0)  ...1. | + 23.965 us   |  }
 0)  ...1. |               |  __do_sys_getuid() {
 0)  ...1. |               |    from_kuid_munged() {
 0)  ...1. |   0.151 us    |      map_id_range_up();
 0)  ...1. |   0.481 us    |    }
 0)  ...1. |   0.902 us    |  }
 0)  ...1. |               |  lock_vma_under_rcu() {
 0)  ...1. |   0.160 us    |    __rcu_read_lock();
 0)  ...1. |   0.151 us    |    __rcu_read_unlock();
 0)  ...1. |   0.942 us    |  }
 0)  ...1. |               |  handle_mm_fault() {
 0)  ...1. |               |    __handle_mm_fault() {
 0)  ...1. |               |      pte_offset_map_rw_nolock() {
 0)  ...1. |               |        __pte_offset_map() {
 0)  ...1. |   0.160 us    |          __rcu_read_lock();
 0)  ...1. |   0.490 us    |        }
 0)  ...1. |   0.821 us    |      }
 0)  ...1. |   0.150 us    |      __rcu_read_unlock();
 0)  ...1. |               |      do_fault() {
 0)  ...1. |   0.160 us    |        __rcu_read_lock();
 0)  ...1. |               |        filemap_map_pages() {
 0)  ...1. |   0.150 us    |          __rcu_read_lock();
 0)  ...1. |   0.210 us    |          next_uptodate_folio();
 0)  ...1. |               |          pte_offset_map_lock() {
 0)  ...1. |               |            __pte_offset_map() {
 0)  ...1. |   0.150 us    |              __rcu_read_lock();
 0)  ...1. |   0.481 us    |            }
 0)  ...1. |   0.160 us    |            _raw_spin_lock();
 0)  ...2. |   1.133 us    |          }
 0)  ...2. |               |          set_pte_range() {
 0)  ...2. |   0.170 us    |            folio_add_file_rmap_ptes();
 0)  ...2. |   0.551 us    |          }
 0)  ...2. |   0.151 us    |          next_uptodate_folio();
 0)  ...2. |               |          set_pte_range() {
 0)  ...2. |   0.161 us    |            folio_add_file_rmap_ptes();
 0)  ...2. |   0.510 us    |          }
 0)  ...2. |   0.170 us    |          next_uptodate_folio();
 0)  ...2. |               |          set_pte_range() {
 0)  ...2. |   0.151 us    |            folio_add_file_rmap_ptes();
 0)  ...2. |   0.510 us    |          }
 0)  ...2. |   0.160 us    |          next_uptodate_folio();
 0)  ...2. |               |          set_pte_range() {
 0)  ...2. |   0.150 us    |            folio_add_file_rmap_ptes();
 0)  ...2. |   0.501 us    |          }
 0)  ...2. |   0.160 us    |          next_uptodate_folio();
 0)  ...2. |               |          set_pte_range() {
 0)  ...2. |   0.150 us    |            folio_add_file_rmap_ptes();
 0)  ...2. |   0.501 us    |          }
 0)  ...2. |   0.160 us    |          next_uptodate_folio();
 0)  ...2. |               |          set_pte_range() {
 0)  ...2. |   0.150 us    |            folio_add_file_rmap_ptes();
 0)  ...2. |   0.570 us    |          }
 0)  ...2. |   0.160 us    |          next_uptodate_folio();
 0)  ...2. |               |          set_pte_range() {
 0)  ...2. |   0.160 us    |            folio_add_file_rmap_ptes();
 0)  ...2. |   0.501 us    |          }
 0)  ...2. |   0.150 us    |          next_uptodate_folio();
 0)  ...2. |               |          set_pte_range() {
 0)  ...2. |   0.161 us    |            folio_add_file_rmap_ptes();
 0)  ...2. |   0.501 us    |          }
 0)  ...2. |   0.151 us    |          next_uptodate_folio();
 0)  ...2. |               |          set_pte_range() {
 0)  ...2. |   0.160 us    |            folio_add_file_rmap_ptes();
 0)  ...2. |   0.501 us    |          }
 0)  ...2. |   0.150 us    |          next_uptodate_folio();
 0)  ...2. |               |          set_pte_range() {
 0)  ...2. |   0.161 us    |            folio_add_file_rmap_ptes();
 0)  ...2. |   0.501 us    |          }
 0)  ...2. |   0.160 us    |          next_uptodate_folio();
 0)  ...2. |               |          set_pte_range() {
 0)  ...2. |   0.149 us    |            folio_add_file_rmap_ptes();
 0)  ...2. |   0.501 us    |          }
 0)  ...2. |   0.160 us    |          next_uptodate_folio();
 0)  ...2. |               |          set_pte_range() {
 0)  ...2. |   0.151 us    |            folio_add_file_rmap_ptes();
 0)  ...2. |   0.491 us    |          }
 0)  ...2. |   0.161 us    |          next_uptodate_folio();
 0)  ...2. |               |          set_pte_range() {
 0)  ...2. |   0.160 us    |            folio_add_file_rmap_ptes();
 0)  ...2. |   0.500 us    |          }
 0)  ...2. |   0.160 us    |          next_uptodate_folio();
 0)  ...2. |               |          set_pte_range() {
 0)  ...2. |   0.161 us    |            folio_add_file_rmap_ptes();
 0)  ...2. |   0.501 us    |          }
 0)  ...2. |   0.150 us    |          next_uptodate_folio();
 0)  ...2. |               |          set_pte_range() {
 0)  ...2. |   0.160 us    |            folio_add_file_rmap_ptes();
 0)  ...2. |   0.501 us    |          }
 0)  ...2. |   0.160 us    |          next_uptodate_folio();
 0)  ...2. |               |          set_pte_range() {
 0)  ...2. |   0.160 us    |            folio_add_file_rmap_ptes();
 0)  ...2. |   0.501 us    |          }
 0)  ...2. |   0.170 us    |          next_uptodate_folio();
 0)  ...2. |   0.150 us    |          mm_trace_rss_stat();
 0)  ...2. |   0.170 us    |          _raw_spin_unlock();
 0)  ...1. |   0.150 us    |          __rcu_read_unlock();
 0)  ...1. |   0.151 us    |          __rcu_read_unlock();
 0)  ...1. | + 19.888 us   |        }
 0)  ...1. |   0.151 us    |        __rcu_read_unlock();
 0)  ...1. | + 20.899 us   |      }
 0)  ...1. | + 22.642 us   |    }
 0)  ...1. |   0.151 us    |    __rcu_read_lock();
 0)  ...1. |   0.161 us    |    mem_cgroup_from_task();
 0)  ...1. |               |    count_memcg_events() {
 0)  ...2. |   0.161 us    |      __css_rstat_updated();
 0)  ...1. |   0.511 us    |    }
 0)  ...1. |   0.151 us    |    __rcu_read_unlock();
 0)  ...1. | + 24.686 us   |  }
 0)  ...1. |               |  lock_vma_under_rcu() {
 0)  ...1. |   0.150 us    |    __rcu_read_lock();
 0)  ...1. |   0.150 us    |    __rcu_read_unlock();
 0)  ...1. |   0.873 us    |  }
 0)  ...1. |               |  handle_mm_fault() {
 0)  ...1. |               |    __handle_mm_fault() {
 0)  ...1. |               |      pte_offset_map_rw_nolock() {
 0)  ...1. |               |        __pte_offset_map() {
 0)  ...1. |   0.150 us    |          __rcu_read_lock();
 0)  ...1. |   0.480 us    |        }
 0)  ...1. |   0.811 us    |      }
 0)  ...1. |   0.160 us    |      __rcu_read_unlock();
 0)  ...1. |               |      do_fault() {
 0)  ...1. |   0.151 us    |        __rcu_read_lock();
 0)  ...1. |               |        filemap_map_pages() {
 0)  ...1. |   0.151 us    |          __rcu_read_lock();
 0)  ...1. |   0.191 us    |          next_uptodate_folio();
 0)  ...1. |               |          pte_offset_map_lock() {
 0)  ...1. |               |            __pte_offset_map() {
 0)  ...1. |   0.149 us    |              __rcu_read_lock();
 0)  ...1. |   0.471 us    |            }
 0)  ...1. |   0.150 us    |            _raw_spin_lock();
 0)  ...2. |   1.132 us    |          }
 0)  ...2. |               |          set_pte_range() {
 0)  ...2. |   0.160 us    |            folio_add_file_rmap_ptes();
 0)  ...2. |   0.511 us    |          }
 0)  ...2. |   0.160 us    |          next_uptodate_folio();
 0)  ...2. |               |          set_pte_range() {
 0)  ...2. |   0.151 us    |            folio_add_file_rmap_ptes();
 0)  ...2. |   0.501 us    |          }
 0)  ...2. |   0.160 us    |          next_uptodate_folio();
 0)  ...2. |               |          set_pte_range() {
 0)  ...2. |   0.161 us    |            folio_add_file_rmap_ptes();
 0)  ...2. |   0.501 us    |          }
 0)  ...2. |   0.150 us    |          next_uptodate_folio();
 0)  ...2. |               |          set_pte_range() {
 0)  ...2. |   0.160 us    |            folio_add_file_rmap_ptes();
 0)  ...2. |   0.501 us    |          }
 0)  ...2. |   0.151 us    |          next_uptodate_folio();
 0)  ...2. |               |          set_pte_range() {
 0)  ...2. |   0.161 us    |            folio_add_file_rmap_ptes();
 0)  ...2. |   0.501 us    |          }
 0)  ...2. |   0.150 us    |          next_uptodate_folio();
 0)  ...2. |               |          set_pte_range() {
 0)  ...2. |   0.160 us    |            folio_add_file_rmap_ptes();
 0)  ...2. |   0.501 us    |          }
 0)  ...2. |   0.150 us    |          next_uptodate_folio();
 0)  ...2. |               |          set_pte_range() {
 0)  ...2. |   0.160 us    |            folio_add_file_rmap_ptes();
 0)  ...2. |   0.501 us    |          }
 0)  ...2. |   0.150 us    |          next_uptodate_folio();
 0)  ...2. |               |          set_pte_range() {
 0)  ...2. |   0.161 us    |            folio_add_file_rmap_ptes();
 0)  ...2. |   0.501 us    |          }
 0)  ...2. |   0.160 us    |          next_uptodate_folio();
 0)  ...2. |               |          set_pte_range() {
 0)  ...2. |   0.150 us    |            folio_add_file_rmap_ptes();
 0)  ...2. |   0.500 us    |          }
 0)  ...2. |   0.161 us    |          next_uptodate_folio();
 0)  ...2. |               |          set_pte_range() {
 0)  ...2. |   0.151 us    |            folio_add_file_rmap_ptes();
 0)  ...2. |   0.501 us    |          }
 0)  ...2. |   0.160 us    |          next_uptodate_folio();
 0)  ...2. |               |          set_pte_range() {
 0)  ...2. |   0.149 us    |            folio_add_file_rmap_ptes();
 0)  ...2. |   0.501 us    |          }
 0)  ...2. |   0.160 us    |          next_uptodate_folio();
 0)  ...2. |               |          set_pte_range() {
 0)  ...2. |   0.151 us    |            folio_add_file_rmap_ptes();
 0)  ...2. |   0.491 us    |          }
 0)  ...2. |   0.161 us    |          next_uptodate_folio();
 0)  ...2. |               |          set_pte_range() {
 0)  ...2. |   0.160 us    |            folio_add_file_rmap_ptes();
 0)  ...2. |   0.501 us    |          }
 0)  ...2. |   0.160 us    |          next_uptodate_folio();
 0)  ...2. |               |          set_pte_range() {
 0)  ...2. |   0.161 us    |            folio_add_file_rmap_ptes();
 0)  ...2. |   0.501 us    |          }
 0)  ...2. |   0.161 us    |          next_uptodate_folio();
 0)  ...2. |               |          set_pte_range() {
 0)  ...2. |   0.150 us    |            folio_add_file_rmap_ptes();
 0)  ...2. |   0.511 us    |          }
 0)  ...2. |   0.160 us    |          next_uptodate_folio();
 0)  ...2. |               |          set_pte_range() {
 0)  ...2. |   0.160 us    |            folio_add_file_rmap_ptes();
 0)  ...2. |   0.501 us    |          }
 0)  ...2. |   0.160 us    |          next_uptodate_folio();
 0)  ...2. |   0.151 us    |          _raw_spin_lock_irqsave();
 0)  d..3. |   0.171 us    |          _raw_spin_unlock_irqrestore();
 0)  ...2. |   0.150 us    |          mm_trace_rss_stat();
 0)  ...2. |   0.161 us    |          _raw_spin_unlock();
 0)  ...1. |   0.151 us    |          __rcu_read_unlock();
 0)  ...1. |   0.151 us    |          __rcu_read_unlock();
 0)  ...1. | + 20.419 us   |        }
 0)  ...1. |   0.150 us    |        __rcu_read_unlock();
 0)  ...1. | + 21.430 us   |      }
 0)  ...1. | + 23.184 us   |    }
 0)  ...1. |   0.150 us    |    __rcu_read_lock();
 0)  ...1. |   0.151 us    |    mem_cgroup_from_task();
 0)  ...1. |               |    count_memcg_events() {
 0)  ...2. |   0.151 us    |      __css_rstat_updated();
 0)  ...1. |   0.481 us    |    }
 0)  ...1. |   0.149 us    |    __rcu_read_unlock();
 0)  ...1. | + 25.177 us   |  }
 0)  ...1. |               |  __x64_sys_open() {
 0)  ...1. |               |    do_sys_openat2() {
 0)  ...1. |               |      getname_flags() {
 0)  ...1. |               |        do_getname() {
 0)  ...1. |   0.211 us    |          kmem_cache_alloc_noprof();
 0)  ...1. |               |          __check_object_size() {
 0)  ...1. |   0.149 us    |            check_stack_object();
 0)  ...1. |   0.161 us    |            is_vmalloc_addr();
 0)  ...1. |   0.161 us    |            __virt_addr_valid();
 0)  ...1. |   0.160 us    |            __check_heap_object();
 0)  ...1. |   1.533 us    |          }
 0)  ...1. |   2.324 us    |        }
 0)  ...1. |   2.674 us    |      }
 0)  ...1. |               |      get_unused_fd_flags() {
 0)  ...1. |               |        alloc_fd() {
 0)  ...1. |   0.161 us    |          _raw_spin_lock();
 0)  ...2. |   0.160 us    |          _raw_spin_unlock();
 0)  ...1. |   0.852 us    |        }
 0)  ...1. |   1.182 us    |      }
 0)  ...1. |               |      do_file_open() {
 0)  ...1. |               |        path_openat() {
 0)  ...1. |               |          alloc_empty_file() {
 0)  ...1. |   0.160 us    |            kmem_cache_alloc_noprof();
 0)  ...1. |               |            init_file() {
 0)  ...1. |               |              security_file_alloc() {
 0)  ...1. |   0.191 us    |                kmem_cache_alloc_noprof();
 0)  ...1. |   0.150 us    |                hook_file_alloc_security();
 0)  ...1. |   0.151 us    |                bpf_lsm_file_alloc_security();
 0)  ...1. |   1.223 us    |              }
 0)  ...1. |   0.150 us    |              mutex_init_generic();
 0)  ...1. |   1.934 us    |            }
 0)  ...1. |   2.645 us    |          }
 0)  ...1. |               |          path_init() {
 0)  ...1. |   0.150 us    |            __rcu_read_lock();
 0)  ...1. |               |            nd_jump_root() {
 0)  ...1. |   0.190 us    |              set_root();
 0)  ...1. |   0.532 us    |            }
 0)  ...1. |   1.222 us    |          }
 0)  ...1. |               |          link_path_walk() {
 0)  ...1. |               |            security_inode_permission() {
 0)  ...1. |   0.160 us    |              bpf_lsm_inode_permission();
 0)  ...1. |   0.490 us    |            }
 0)  ...1. |               |            lookup_fast() {
 0)  ...1. |   0.391 us    |              __d_lookup_rcu();
 0)  ...1. |   0.741 us    |            }
 0)  ...1. |               |            step_into_slowpath() {
 0)  ...1. |   0.361 us    |              __lookup_mnt();
 0)  ...1. |   0.942 us    |            }
 0)  ...1. |               |            inode_permission() {
 0)  ...1. |   0.240 us    |              generic_permission();
 0)  ...1. |               |              security_inode_permission() {
 0)  ...1. |   0.150 us    |                bpf_lsm_inode_permission();
 0)  ...1. |   0.481 us    |              }
 0)  ...1. |   1.233 us    |            }
 0)  ...1. |   0.151 us    |            make_vfsuid();
 0)  ...1. |   5.110 us    |          }
 0)  ...1. |               |          lookup_fast() {
 0)  ...1. |   0.590 us    |            __d_lookup_rcu();
 0)  ...1. |   0.161 us    |            proc_misc_d_revalidate();
 0)  ...1. |               |            try_to_unlazy_next() {
 0)  ...1. |   0.160 us    |              __legitimize_mnt();
 0)  ...1. |               |              __legitimize_path() {
 0)  ...1. |   0.151 us    |                __legitimize_mnt();
 0)  ...1. |   0.490 us    |              }
 0)  ...1. |   0.160 us    |              __rcu_read_unlock();
 0)  ...1. |   1.663 us    |            }
 0)  ...1. |   0.530 us    |            proc_misc_d_revalidate();
 0)  ...1. |   4.128 us    |          }
 0)  ...1. |               |          step_into_slowpath() {
 0)  ...1. |               |            dput() {
 0)  ...1. |               |              dput.part.0() {
 0)  ...1. |   0.150 us    |                __rcu_read_lock();
 0)  ...1. |   0.150 us    |                __rcu_read_unlock();
 0)  ...1. |   0.801 us    |              }
 0)  ...1. |   1.133 us    |            }
 0)  ...1. |   1.483 us    |          }
 0)  ...1. |   0.169 us    |          complete_walk();
 0)  ...1. |               |          may_open() {
 0)  ...1. |               |            inode_permission() {
 0)  ...1. |   0.231 us    |              generic_permission();
 0)  ...1. |               |              security_inode_permission() {
 0)  ...1. |   0.150 us    |                bpf_lsm_inode_permission();
 0)  ...1. |   0.481 us    |              }
 0)  ...1. |   1.202 us    |            }
 0)  ...1. |   1.523 us    |          }
 0)  ...1. |               |          vfs_open() {
 0)  ...1. |               |            do_dentry_open() {
 0)  ...1. |               |              path_get() {
 0)  ...1. |   0.151 us    |                mntget();
 0)  ...1. |   0.511 us    |              }
 0)  ...1. |   0.180 us    |              try_module_get();
 0)  ...1. |               |              security_file_open() {
 0)  ...1. |   0.201 us    |                hook_file_open();
 0)  ...1. |   0.149 us    |                bpf_lsm_file_open();
 0)  ...1. |   0.891 us    |              }
 0)  ...1. |   0.251 us    |              fsnotify_open_perm_and_set_mode();
 0)  ...1. |               |              proc_reg_open() {
 0)  ...1. |               |                proc_single_open() {
 0)  ...1. |               |                  single_open() {
 0)  ...1. |   0.601 us    |                    __kmalloc_cache_noprof();
 0)  ...1. |   0.281 us    |                    kmem_cache_alloc_noprof();
 0)  ...1. |   0.151 us    |                    mutex_init_generic();
 0)  ...1. |   1.803 us    |                  }
 0)  ...1. |   2.154 us    |                }
 0)  ...1. |   2.614 us    |              }
 0)  ...1. |               |              file_ra_state_init() {
 0)  ...1. |   0.241 us    |                inode_to_bdi();
 0)  ...1. |   0.611 us    |              }
 0)  ...1. |   6.964 us    |            }
 0)  ...1. |   7.314 us    |          }
 0)  ...1. |               |          security_file_post_open() {
 0)  ...1. |   0.151 us    |            bpf_lsm_file_post_open();
 0)  ...1. |   0.492 us    |          }
 0)  ...1. |               |          terminate_walk() {
 0)  ...1. |               |            dput() {
 0)  ...1. |               |              dput.part.0() {
 0)  ...1. |   0.151 us    |                __rcu_read_lock();
 0)  ...1. |   0.150 us    |                __rcu_read_unlock();
 0)  ...1. |   0.801 us    |              }
 0)  ...1. |   1.122 us    |            }
 0)  ...1. |               |            mntput() {
 0)  ...1. |   0.150 us    |              __rcu_read_lock();
 0)  ...1. |   0.151 us    |              __rcu_read_unlock();
 0)  ...1. |   0.871 us    |            }
 0)  ...1. |               |            dput() {
 0)  ...1. |               |              dput.part.0() {
 0)  ...1. |   0.151 us    |                __rcu_read_lock();
 0)  ...1. |   0.150 us    |                __rcu_read_unlock();
 0)  ...1. |   0.801 us    |              }
 0)  ...1. |   1.122 us    |            }
 0)  ...1. |               |            mntput() {
 0)  ...1. |   0.140 us    |              __rcu_read_lock();
 0)  ...1. |   0.150 us    |              __rcu_read_unlock();
 0)  ...1. |   0.801 us    |            }
 0)  ...1. |   4.798 us    |          }
 0)  ...1. | + 30.998 us   |        }
 0)  ...1. | + 31.370 us   |      }
 0)  ...1. |   0.161 us    |      fd_install();
 0)  ...1. |               |      putname() {
 0)  ...1. |   0.171 us    |        kmem_cache_free();
 0)  ...1. |   0.501 us    |      }
 0)  ...1. | + 37.039 us   |    }
 0)  ...1. | + 37.411 us   |  }
 0)  ...1. |               |  __x64_sys_sendfile64() {
 0)  ...1. |               |    do_sendfile() {
 0)  ...1. |   0.160 us    |      fdget();
 0)  ...1. |               |      rw_verify_area() {
 0)  ...1. |               |        security_file_permission() {
 0)  ...1. |   0.150 us    |          bpf_lsm_file_permission();
 0)  ...1. |   0.500 us    |        }
 0)  ...1. |   0.842 us    |      }
 0)  ...1. |   0.171 us    |      fdget();
 0)  ...1. |   0.160 us    |      get_pipe_info();
 0)  ...1. |               |      rw_verify_area() {
 0)  ...1. |               |        security_file_permission() {
 0)  ...1. |   0.150 us    |          bpf_lsm_file_permission();
 0)  ...1. |   0.481 us    |        }
 0)  ...1. |   0.811 us    |      }
 0)  ...1. |               |      do_splice_direct() {
 0)  ...1. |               |        splice_direct_to_actor() {
 0)  ...1. |               |          alloc_pipe_info() {
 0)  ...1. |   0.612 us    |            __kmalloc_cache_noprof();
 0)  ...1. |   0.582 us    |            __kmalloc_noprof();
 0)  ...1. |   0.150 us    |            __init_waitqueue_head();
 0)  ...1. |   0.149 us    |            __init_waitqueue_head();
 0)  ...1. |   0.150 us    |            mutex_init_generic();
 0)  ...1. |   2.885 us    |          }
 0)  ...1. |               |          do_splice_read() {
 0)  ...1. |               |            copy_splice_read() {
 0)  ...1. |   0.200 us    |              __kmalloc_noprof();
 0)  ...1. |               |              alloc_pages_bulk_noprof() {
 0)  ...2. |   0.149 us    |                _raw_spin_trylock();
 0)  ...3. |   0.401 us    |                kernel_init_pages();
 0)  ...3. |   0.481 us    |                kernel_init_pages();
 0)  ...3. |   0.470 us    |                kernel_init_pages();
 0)  ...3. |   0.471 us    |                kernel_init_pages();
 0)  ...3. |   0.572 us    |                kernel_init_pages();
 0)  ...3. |   0.330 us    |                kernel_init_pages();
 0)  ...3. |   0.531 us    |                kernel_init_pages();
 0)  ...3. |   6.091 us    |                kernel_init_pages();
 0)  ...3. |   0.591 us    |                kernel_init_pages();
 0)  ...3. |   0.370 us    |                kernel_init_pages();
 0)  ...3. |   0.521 us    |                kernel_init_pages();
 0)  ...3. |   0.431 us    |                kernel_init_pages();
 0)  ...3. |   0.301 us    |                kernel_init_pages();
 0)  ...3. |   0.392 us    |                kernel_init_pages();
 0)  ...3. |   0.572 us    |                kernel_init_pages();
 0)  ...3. |   0.421 us    |                kernel_init_pages();
 0)  ...3. |   0.160 us    |                _raw_spin_unlock();
 0)  ...1. | + 18.295 us   |              }
 0)  ...1. |               |              proc_reg_read_iter() {
 0)  ...1. |               |                seq_read_iter() {
 0)  ...1. |   0.160 us    |                  mutex_lock();
 0)  ...1. |   0.911 us    |                  __kvmalloc_node_noprof();
 0)  ...1. |   0.151 us    |                  single_start();
 0)  ...1. |               |                  version_proc_show() {
 0)  ...1. |   1.643 us    |                    seq_printf();
 0)  ...1. |   1.993 us    |                  }
 0)  ...1. |   0.149 us    |                  single_next();
 0)  ...1. |   0.151 us    |                  single_stop();
 0)  ...1. |               |                  __check_object_size() {
 0)  ...1. |   0.151 us    |                    check_stack_object();
 0)  ...1. |   0.151 us    |                    is_vmalloc_addr();
 0)  ...1. |   0.160 us    |                    __virt_addr_valid();
 0)  ...1. |   0.331 us    |                    __check_heap_object();
 0)  ...1. |   1.774 us    |                  }
 0)  ...1. |   0.151 us    |                  mutex_unlock();
 0)  ...1. |   7.424 us    |                }
 0)  ...1. |   7.875 us    |              }
 0)  ...1. |               |              release_pages() {
 0)  ...1. |               |                folios_put_refs() {
 0)  ...1. |               |                  __mem_cgroup_uncharge_folios() {
 0)  ...1. |   0.171 us    |                    uncharge_folio();
 0)  ...1. |   0.161 us    |                    uncharge_folio();
 0)  ...1. |   0.149 us    |                    uncharge_folio();
 0)  ...1. |   0.150 us    |                    uncharge_folio();
 0)  ...1. |   0.151 us    |                    uncharge_folio();
 0)  ...1. |   0.150 us    |                    uncharge_folio();
 0)  ...1. |   0.150 us    |                    uncharge_folio();
 0)  ...1. |   0.151 us    |                    uncharge_folio();
 0)  ...1. |   0.151 us    |                    uncharge_folio();
 0)  ...1. |   0.150 us    |                    uncharge_folio();
 0)  ...1. |   0.150 us    |                    uncharge_folio();
 0)  ...1. |   0.150 us    |                    uncharge_folio();
 0)  ...1. |   0.151 us    |                    uncharge_folio();
 0)  ...1. |   0.150 us    |                    uncharge_folio();
 0)  ...1. |   0.150 us    |                    uncharge_folio();
 0)  ...1. |   5.089 us    |                  }
 0)  ...1. |               |                  free_unref_folios() {
 0)  ...2. |   0.150 us    |                    _raw_spin_trylock();
 0)  ...3. |   0.170 us    |                    free_frozen_page_commit();
 0)  ...3. |   0.160 us    |                    free_frozen_page_commit();
 0)  ...3. |   0.160 us    |                    free_frozen_page_commit();
 0)  ...3. |   0.151 us    |                    free_frozen_page_commit();
 0)  ...3. |   0.160 us    |                    free_frozen_page_commit();
 0)  ...3. |   0.150 us    |                    free_frozen_page_commit();
 0)  ...3. |   0.151 us    |                    free_frozen_page_commit();
 0)  ...3. |   0.161 us    |                    free_frozen_page_commit();
 0)  ...3. |   0.150 us    |                    free_frozen_page_commit();
 0)  ...3. |   0.161 us    |                    free_frozen_page_commit();
 0)  ...3. |   0.151 us    |                    free_frozen_page_commit();
 0)  ...3. |   0.150 us    |                    free_frozen_page_commit();
 0)  ...3. |   0.160 us    |                    free_frozen_page_commit();
 0)  ...3. |   0.151 us    |                    free_frozen_page_commit();
 0)  ...3. |   0.150 us    |                    free_frozen_page_commit();
 0)  ...3. |   0.241 us    |                    _raw_spin_unlock();
 0)  ...1. |   6.061 us    |                  }
 0)  ...1. | + 11.782 us   |                }
 0)  ...1. | + 12.203 us   |              }
 0)  ...1. |   0.161 us    |              kfree();
 0)  ...1. | + 39.944 us   |            }
 0)  ...1. | + 40.486 us   |          }
 0)  ...1. |               |          direct_splice_actor() {
 0)  ...1. |               |            splice_write_null() {
 0)  ...1. |               |              splice_from_pipe() {
 0)  ...1. |   0.161 us    |                pipe_lock();
 0)  ...1. |               |                __splice_from_pipe() {
 0)  ...1. |   0.161 us    |                  splice_from_pipe_next();
 0)  ...1. |   0.150 us    |                  pipe_to_null();
 0)  ...1. |               |                  generic_pipe_buf_release() {
 0)  ...1. |               |                    __folio_put() {
 0)  ...1. |   0.160 us    |                      __mem_cgroup_uncharge();
 0)  ...1. |               |                      free_frozen_pages() {
 0)  ...1. |               |                        __free_frozen_pages() {
 0)  ...1. |   0.151 us    |                          __get_pfnblock_flags_mask.isra.0();
 0)  ...2. |   0.150 us    |                          _raw_spin_trylock();
 0)  ...3. |   0.150 us    |                          free_frozen_page_commit();
 0)  ...3. |   0.161 us    |                          _raw_spin_unlock();
 0)  ...1. |   1.542 us    |                        }
 0)  ...1. |   1.863 us    |                      }
 0)  ...1. |   2.625 us    |                    }
 0)  ...1. |   2.956 us    |                  }
 0)  ...1. |   4.278 us    |                }
 0)  ...1. |   0.151 us    |                pipe_unlock();
 0)  ...1. |   5.401 us    |              }
 0)  ...1. |   5.921 us    |            }
 0)  ...1. |   6.392 us    |          }
 0)  ...1. |               |          do_splice_read() {
 0)  ...1. |               |            copy_splice_read() {
 0)  ...1. |   0.180 us    |              __kmalloc_noprof();
 0)  ...1. |               |              alloc_pages_bulk_noprof() {
 0)  ...2. |   0.151 us    |                _raw_spin_trylock();
 0)  ...3. |   0.200 us    |                kernel_init_pages();
 0)  ...3. |   0.170 us    |                kernel_init_pages();
 0)  ...3. |   0.180 us    |                kernel_init_pages();
 0)  ...3. |   0.181 us    |                kernel_init_pages();
 0)  ...3. |   0.180 us    |                kernel_init_pages();
 0)  ...3. |   0.180 us    |                kernel_init_pages();
 0)  ...3. |   0.190 us    |                kernel_init_pages();
 0)  ...3. |   0.180 us    |                kernel_init_pages();
 0)  ...3. |   0.180 us    |                kernel_init_pages();
 0)  ...3. |   0.189 us    |                kernel_init_pages();
 0)  ...3. |   0.181 us    |                kernel_init_pages();
 0)  ...3. |   0.181 us    |                kernel_init_pages();
 0)  ...3. |   0.200 us    |                kernel_init_pages();
 0)  ...3. |   0.191 us    |                kernel_init_pages();
 0)  ...3. |   0.190 us    |                kernel_init_pages();
 0)  ...3. |   0.191 us    |                kernel_init_pages();
 0)  ...3. |   0.161 us    |                _raw_spin_unlock();
 0)  ...1. |   6.773 us    |              }
 0)  ...1. |               |              proc_reg_read_iter() {
 0)  ...1. |               |                seq_read_iter() {
 0)  ...1. |   0.150 us    |                  mutex_lock();
 0)  ...1. |   0.160 us    |                  single_start();
 0)  ...1. |   0.150 us    |                  single_stop();
 0)  ...1. |   0.150 us    |                  mutex_unlock();
 0)  ...1. |   1.503 us    |                }
 0)  ...1. |   1.833 us    |              }
 0)  ...1. |               |              release_pages() {
 0)  ...1. |               |                folios_put_refs() {
 0)  ...1. |               |                  __mem_cgroup_uncharge_folios() {
 0)  ...1. |   0.151 us    |                    uncharge_folio();
 0)  ...1. |   0.220 us    |                    uncharge_folio();
 0)  ...1. |   0.151 us    |                    uncharge_folio();
 0)  ...1. |   0.150 us    |                    uncharge_folio();
 0)  ...1. |   0.150 us    |                    uncharge_folio();
 0)  ...1. |   0.151 us    |                    uncharge_folio();
 0)  ...1. |   0.150 us    |                    uncharge_folio();
 0)  ...1. |   0.150 us    |                    uncharge_folio();
 0)  ...1. |   0.150 us    |                    uncharge_folio();
 0)  ...1. |   0.150 us    |                    uncharge_folio();
 0)  ...1. |   0.151 us    |                    uncharge_folio();
 0)  ...1. |   0.150 us    |                    uncharge_folio();
 0)  ...1. |   0.150 us    |                    uncharge_folio();
 0)  ...1. |   0.151 us    |                    uncharge_folio();
 0)  ...1. |   0.150 us    |                    uncharge_folio();
 0)  ...1. |   0.149 us    |                    uncharge_folio();
 0)  ...1. |   5.440 us    |                  }
 0)  ...1. |               |                  free_unref_folios() {
 0)  ...2. |   0.160 us    |                    _raw_spin_trylock();
 0)  ...3. |   0.160 us    |                    free_frozen_page_commit();
 0)  ...3. |   0.160 us    |                    free_frozen_page_commit();
 0)  ...3. |   0.151 us    |                    free_frozen_page_commit();
 0)  ...3. |   0.149 us    |                    free_frozen_page_commit();
 0)  ...3. |   0.160 us    |                    free_frozen_page_commit();
 0)  ...3. |   0.160 us    |                    free_frozen_page_commit();
 0)  ...3. |   0.150 us    |                    free_frozen_page_commit();
 0)  ...3. |   0.150 us    |                    free_frozen_page_commit();
 0)  ...3. |   0.160 us    |                    free_frozen_page_commit();
 0)  ...3. |   0.160 us    |                    free_frozen_page_commit();
 0)  ...3. |   0.151 us    |                    free_frozen_page_commit();
 0)  ...3. |   0.149 us    |                    free_frozen_page_commit();
 0)  ...3. |   0.160 us    |                    free_frozen_page_commit();
 0)  ...3. |   0.160 us    |                    free_frozen_page_commit();
 0)  ...3. |   0.150 us    |                    free_frozen_page_commit();
 0)  ...3. |   0.150 us    |                    free_frozen_page_commit();
 0)  ...3. |   0.160 us    |                    _raw_spin_unlock();
 0)  ...1. |   6.242 us    |                  }
 0)  ...1. | + 12.223 us   |                }
 0)  ...1. | + 12.613 us   |              }
 0)  ...1. |   0.161 us    |              kfree();
 0)  ...1. | + 22.662 us   |            }
 0)  ...1. | + 22.983 us   |          }
 0)  ...1. |               |          touch_atime() {
 0)  ...1. |               |            atime_needs_update() {
 0)  ...1. |   0.160 us    |              make_vfsuid();
 0)  ...1. |   0.150 us    |              make_vfsgid();
 0)  ...1. |               |              current_time() {
 0)  ...1. |   0.160 us    |                ktime_get_coarse_real_ts64_mg();
 0)  ...1. |   0.501 us    |              }
 0)  ...1. |   1.534 us    |            }
 0)  ...1. |   1.874 us    |          }
 0)  ...1. | + 76.002 us   |        }
 0)  ...1. | + 76.443 us   |      }
 0)  ...1. | + 80.451 us   |    }
 0)  ...1. | + 80.952 us   |  }
 0)  ...1. |               |  __x64_sys_sendfile64() {
 0)  ...1. |               |    do_sendfile() {
 0)  ...1. |   0.160 us    |      fdget();
 0)  ...1. |               |      rw_verify_area() {
 0)  ...1. |               |        security_file_permission() {
 0)  ...1. |   0.151 us    |          bpf_lsm_file_permission();
 0)  ...1. |   0.491 us    |        }
 0)  ...1. |   0.842 us    |      }
 0)  ...1. |   0.150 us    |      fdget();
 0)  ...1. |   0.151 us    |      get_pipe_info();
 0)  ...1. |               |      rw_verify_area() {
 0)  ...1. |               |        security_file_permission() {
 0)  ...1. |   0.150 us    |          bpf_lsm_file_permission();
 0)  ...1. |   0.472 us    |        }
 0)  ...1. |   0.802 us    |      }
 0)  ...1. |               |      do_splice_direct() {
 0)  ...1. |               |        splice_direct_to_actor() {
 0)  ...1. |               |          do_splice_read() {
 0)  ...1. |               |            copy_splice_read() {
 0)  ...1. |   0.190 us    |              __kmalloc_noprof();
 0)  ...1. |               |              alloc_pages_bulk_noprof() {
 0)  ...2. |   0.150 us    |                _raw_spin_trylock();
 0)  ...3. |   0.190 us    |                kernel_init_pages();
 0)  ...3. |   0.170 us    |                kernel_init_pages();
 0)  ...3. |   0.180 us    |                kernel_init_pages();
 0)  ...3. |   0.181 us    |                kernel_init_pages();
 0)  ...3. |   0.180 us    |                kernel_init_pages();
 0)  ...3. |   0.180 us    |                kernel_init_pages();
 0)  ...3. |   0.181 us    |                kernel_init_pages();
 0)  ...3. |   0.191 us    |                kernel_init_pages();
 0)  ...3. |   0.190 us    |                kernel_init_pages();
 0)  ...3. |   0.180 us    |                kernel_init_pages();
 0)  ...3. |   0.190 us    |                kernel_init_pages();
 0)  ...3. |   0.190 us    |                kernel_init_pages();
 0)  ...3. |   0.191 us    |                kernel_init_pages();
 0)  ...3. |   0.181 us    |                kernel_init_pages();
 0)  ...3. |   0.180 us    |                kernel_init_pages();
 0)  ...3. |   0.180 us    |                kernel_init_pages();
 0)  ...3. |   0.161 us    |                _raw_spin_unlock();
 0)  ...1. |   6.753 us    |              }
 0)  ...1. |               |              proc_reg_read_iter() {
 0)  ...1. |               |                seq_read_iter() {
 0)  ...1. |   0.160 us    |                  mutex_lock();
 0)  ...1. |   0.161 us    |                  single_start();
 0)  ...1. |   0.151 us    |                  single_stop();
 0)  ...1. |   0.160 us    |                  mutex_unlock();
 0)  ...1. |   1.512 us    |                }
 0)  ...1. |   1.844 us    |              }
 0)  ...1. |               |              release_pages() {
 0)  ...1. |               |                folios_put_refs() {
 0)  ...1. |               |                  __mem_cgroup_uncharge_folios() {
 0)  ...1. |   0.151 us    |                    uncharge_folio();
 0)  ...1. |   0.150 us    |                    uncharge_folio();
 0)  ...1. |   0.149 us    |                    uncharge_folio();
 0)  ...1. |   0.151 us    |                    uncharge_folio();
 0)  ...1. |   0.150 us    |                    uncharge_folio();
 0)  ...1. |   0.149 us    |                    uncharge_folio();
 0)  ...1. |   0.150 us    |                    uncharge_folio();
 0)  ...1. |   0.151 us    |                    uncharge_folio();
 0)  ...1. |   0.150 us    |                    uncharge_folio();
 0)  ...1. |   0.150 us    |                    uncharge_folio();
 0)  ...1. |   0.151 us    |                    uncharge_folio();
 0)  ...1. |   0.150 us    |                    uncharge_folio();
 0)  ...1. |   0.150 us    |                    uncharge_folio();
 0)  ...1. |   0.161 us    |                    uncharge_folio();
 0)  ...1. |   0.150 us    |                    uncharge_folio();
 0)  ...1. |   0.149 us    |                    uncharge_folio();
 0)  ...1. |   5.390 us    |                  }
 0)  ...1. |               |                  free_unref_folios() {
 0)  ...2. |   0.150 us    |                    _raw_spin_trylock();
 0)  ...3. |   0.161 us    |                    free_frozen_page_commit();
 0)  ...3. |   0.160 us    |                    free_frozen_page_commit();
 0)  ...3. |   0.160 us    |                    free_frozen_page_commit();
 0)  ...3. |   0.149 us    |                    free_frozen_page_commit();
 0)  ...3. |   0.160 us    |                    free_frozen_page_commit();
 0)  ...3. |   0.160 us    |                    free_frozen_page_commit();
 0)  ...3. |   0.149 us    |                    free_frozen_page_commit();
 0)  ...3. |   0.160 us    |                    free_frozen_page_commit();
 0)  ...3. |   0.160 us    |                    free_frozen_page_commit();
 0)  ...3. |   0.150 us    |                    free_frozen_page_commit();
 0)  ...3. |   0.160 us    |                    free_frozen_page_commit();
 0)  ...3. |   0.160 us    |                    free_frozen_page_commit();
 0)  ...3. |   0.150 us    |                    free_frozen_page_commit();
 0)  ...3. |   0.151 us    |                    free_frozen_page_commit();
 0)  ...3. |   0.160 us    |                    free_frozen_page_commit();
 0)  ...3. |   0.150 us    |                    free_frozen_page_commit();
 0)  ...3. |   0.161 us    |                    _raw_spin_unlock();
 0)  ...1. |   6.332 us    |                  }
 0)  ...1. | + 12.274 us   |                }
 0)  ...1. | + 12.644 us   |              }
 0)  ...1. |   0.161 us    |              kfree();
 0)  ...1. | + 22.712 us   |            }
 0)  ...1. | + 23.043 us   |          }
 0)  ...1. |               |          touch_atime() {
 0)  ...1. |               |            atime_needs_update() {
 0)  ...1. |   0.151 us    |              make_vfsuid();
 0)  ...1. |   0.150 us    |              make_vfsgid();
 0)  ...1. |               |              current_time() {
 0)  ...1. |   0.150 us    |                ktime_get_coarse_real_ts64_mg();
 0)  ...1. |   0.490 us    |              }
 0)  ...1. |   1.512 us    |            }
 0)  ...1. |   1.844 us    |          }
 0)  ...1. | + 25.447 us   |        }
 0)  ...1. | + 25.788 us   |      }
 0)  ...1. | + 29.225 us   |    }
 0)  ...1. | + 29.615 us   |  }
 0)  ...1. |               |  __x64_sys_close() {
 0)  ...1. |               |    file_close_fd() {
 0)  ...1. |   0.150 us    |      _raw_spin_lock();
 0)  ...2. |   0.161 us    |      file_close_fd_locked();
 0)  ...2. |   0.160 us    |      _raw_spin_unlock();
 0)  ...1. |   1.183 us    |    }
 0)  ...1. |               |    filp_flush() {
 0)  ...1. |   0.151 us    |      dnotify_flush();
 0)  ...1. |   0.180 us    |      locks_remove_posix();
 0)  ...1. |   0.892 us    |    }
 0)  ...1. |               |    fput_close_sync() {
 0)  ...1. |               |      __fput() {
 0)  ...1. |   0.160 us    |        locks_remove_file();
 0)  ...1. |               |        security_file_release() {
 0)  ...1. |   0.150 us    |          bpf_lsm_file_release();
 0)  ...1. |   0.501 us    |        }
 0)  ...1. |               |        proc_reg_release() {
 0)  ...1. |               |          single_release() {
 0)  ...1. |               |            kvfree() {
 0)  ...1. |   0.149 us    |              is_vmalloc_addr();
 0)  ...1. |   0.161 us    |              kfree();
 0)  ...1. |   0.841 us    |            }
 0)  ...1. |   0.230 us    |            kmem_cache_free();
 0)  ...1. |   0.170 us    |            kfree();
 0)  ...1. |   1.944 us    |          }
 0)  ...1. |   2.385 us    |        }
 0)  ...1. |   0.150 us    |        module_put();
 0)  ...1. |   0.150 us    |        file_f_owner_release();
 0)  ...1. |               |        dput() {
 0)  ...1. |               |          dput.part.0() {
 0)  ...1. |   0.160 us    |            __rcu_read_lock();
 0)  ...1. |   0.161 us    |            _raw_spin_lock();
 0)  ...2. |   0.160 us    |            proc_misc_d_delete();
 0)  ...2. |   0.150 us    |            _raw_spin_unlock();
 0)  ...1. |   0.160 us    |            __rcu_read_unlock();
 0)  ...1. |   1.884 us    |          }
 0)  ...1. |   2.193 us    |        }
 0)  ...1. |               |        mntput() {
 0)  ...1. |   0.150 us    |          __rcu_read_lock();
 0)  ...1. |   0.150 us    |          __rcu_read_unlock();
 0)  ...1. |   0.802 us    |        }
 0)  ...1. |               |        security_file_free() {
 0)  ...1. |               |          hook_file_free_security() {
 0)  ...1. |   0.160 us    |            put_pid();
 0)  ...1. |   0.151 us    |            landlock_put_ruleset_deferred();
 0)  ...1. |   0.851 us    |          }
 0)  ...1. |   0.150 us    |          bpf_lsm_file_free_security();
 0)  ...1. |   0.161 us    |          kmem_cache_free();
 0)  ...1. |   1.843 us    |        }
 0)  ...1. |   0.151 us    |        kmem_cache_free();
 0)  ...1. | + 10.380 us   |      }
 0)  ...1. | + 10.720 us   |    }
 0)  ...1. | + 13.596 us   |  }
 0)  ...1. |               |  lock_vma_under_rcu() {
 0)  ...1. |   0.150 us    |    __rcu_read_lock();
 0)  ...1. |   0.150 us    |    __rcu_read_unlock();
 0)  ...1. |   0.941 us    |  }
 0)  ...1. |               |  handle_mm_fault() {
 0)  ...1. |               |    __handle_mm_fault() {
 0)  ...1. |               |      pte_offset_map_rw_nolock() {
 0)  ...1. |               |        __pte_offset_map() {
 0)  ...1. |   0.151 us    |          __rcu_read_lock();
 0)  ...1. |   0.481 us    |        }
 0)  ...1. |   0.822 us    |      }
 0)  ...1. |   0.149 us    |      __rcu_read_unlock();
 0)  ...1. |               |      do_fault() {
 0)  ...1. |   0.150 us    |        __rcu_read_lock();
 0)  ...1. |               |        filemap_map_pages() {
 0)  ...1. |   0.151 us    |          __rcu_read_lock();
 0)  ...1. |   0.200 us    |          next_uptodate_folio();
 0)  ...1. |               |          pte_offset_map_lock() {
 0)  ...1. |               |            __pte_offset_map() {
 0)  ...1. |   0.151 us    |              __rcu_read_lock();
 0)  ...1. |   0.481 us    |            }
 0)  ...1. |   0.151 us    |            _raw_spin_lock();
 0)  ...2. |   1.133 us    |          }
 0)  ...2. |               |          set_pte_range() {
 0)  ...2. |   0.181 us    |            folio_add_file_rmap_ptes();
 0)  ...2. |   0.551 us    |          }
 0)  ...2. |   0.169 us    |          next_uptodate_folio();
 0)  ...2. |   0.150 us    |          mm_trace_rss_stat();
 0)  ...2. |   0.160 us    |          _raw_spin_unlock();
 0)  ...1. |   0.149 us    |          __rcu_read_unlock();
 0)  ...1. |   0.150 us    |          __rcu_read_unlock();
 0)  ...1. |   4.618 us    |        }
 0)  ...1. |   0.150 us    |        __rcu_read_unlock();
 0)  ...1. |   5.631 us    |      }
 0)  ...1. |   7.404 us    |    }
 0)  ...1. |   0.151 us    |    __rcu_read_lock();
 0)  ...1. |   0.150 us    |    mem_cgroup_from_task();
 0)  ...1. |               |    count_memcg_events() {
 0)  ...2. |   0.150 us    |      __css_rstat_updated();
 0)  ...1. |   0.501 us    |    }
 0)  ...1. |   0.151 us    |    __rcu_read_unlock();
 0)  ...1. |   9.448 us    |  }
 0)  ...1. |               |  __x64_sys_exit_group() {
 0)  ...1. |               |    do_group_exit() {
 0)  ...1. |   0.170 us    |      _raw_spin_lock_irq();
 0)  d..2. |   0.180 us    |      zap_other_threads();
 0)  d..2. |   0.160 us    |      _raw_spin_unlock_irq();
 0)  ...1. |               |      do_exit() {
 0)  ...1. |   0.150 us    |        _raw_spin_lock_irq();
 0)  d..2. |   0.161 us    |        _raw_spin_unlock_irq();
 0)  ...1. |               |        sched_mm_cid_exit() {
 0)  ...1. |   0.151 us    |          mutex_lock();
 0)  ...1. |   0.160 us    |          _raw_spin_lock_irq();
 0)  d..2. |               |          sched_mm_cid_remove_user() {
 0)  d..2. |   0.150 us    |            mm_update_max_cids();
 0)  d..2. |   0.492 us    |          }
 0)  d..2. |   0.161 us    |          _raw_spin_unlock_irq();
 0)  ...1. |   0.160 us    |          mutex_unlock();
 0)  ...1. |               |          cancel_work_sync() {
 0)  ...1. |               |            __cancel_work() {
 0)  ...1. |   0.160 us    |              try_to_grab_pending();
 0)  ...1. |   0.512 us    |            }
 0)  ...1. |               |            __flush_work() {
 0)  ...1. |   0.151 us    |              __rcu_read_lock();
 0)  ...1. |   0.150 us    |              __rcu_read_unlock();
 0)  ...1. |   0.851 us    |            }
 0)  ...1. |               |            enable_work() {
 0)  ...1. |   0.151 us    |              try_to_grab_pending();
 0)  ...1. |   0.490 us    |            }
 0)  ...1. |   2.575 us    |          }
 0)  ...1. |   5.019 us    |        }
 0)  ...1. |   0.290 us    |        exit_signals();
 0)  ...1. |   0.170 us    |        seccomp_filter_release();
 0)  ...1. |               |        acct_update_integrals() {
 0)  d..1. |   0.150 us    |          task_cputime();
 0)  ...1. |   0.501 us    |        }
 0)  ...1. |               |        hrtimer_cancel() {
 0)  ...1. |   0.170 us    |          hrtimer_active();
 0)  ...1. |   0.511 us    |        }
 0)  ...1. |   0.161 us    |        exit_itimers();
 0)  ...1. |               |        acct_collect() {
 0)  ...1. |   0.160 us    |          down_read();
 0)  ...1. |   0.160 us    |          up_read();
 0)  ...1. |   0.160 us    |          _raw_spin_lock_irq();
 0)  d..2. |   0.150 us    |          task_cputime();
 0)  d..2. |   0.160 us    |          _raw_spin_unlock_irq();
 0)  ...1. |   2.164 us    |        }
 0)  ...1. |   0.230 us    |        tty_audit_exit();
 0)  ...1. |   0.301 us    |        taskstats_exit();
 0)  ...1. |               |        perf_event_exit_task() {
 0)  ...1. |   0.150 us    |          mutex_lock();
 0)  ...1. |   0.150 us    |          mutex_unlock();
 0)  ...1. |               |          perf_event_exit_task_context() {
 0)  ...1. |               |            perf_lock_task_context() {
 0)  d..1. |   0.149 us    |              __rcu_read_lock();
 0)  d..1. |   0.150 us    |              __rcu_read_unlock();
 0)  ...1. |   0.812 us    |            }
 0)  ...1. |   1.172 us    |          }
 0)  ...1. |   0.171 us    |          perf_event_task();
 0)  ...1. |               |          detach_task_ctx_data() {
 0)  ...1. |   0.151 us    |            __rcu_read_lock();
 0)  ...1. |   0.150 us    |            __rcu_read_unlock();
 0)  ...1. |   0.802 us    |          }
 0)  ...1. |   3.647 us    |        }
 0)  ...1. |   0.161 us    |        unwind_deferred_task_exit();
 0)  ...1. |               |        exit_mm_release() {
 0)  ...1. |               |          futex_exit_release() {
 0)  ...1. |   0.150 us    |            mutex_lock();
 0)  ...1. |   0.149 us    |            _raw_spin_lock_irq();
 0)  d..2. |   0.160 us    |            _raw_spin_unlock_irq();
 0)  ...1. |   0.160 us    |            futex_cleanup();
 0)  ...1. |   0.151 us    |            mutex_unlock();
 0)  ...1. |   1.893 us    |          }
 0)  ...1. |               |          mm_release() {
 0)  ...1. |   0.161 us    |            uprobe_free_utask();
 0)  ...1. |   0.149 us    |            shstk_free();
 0)  ...1. |   0.992 us    |          }
 0)  ...1. |   3.447 us    |        }
 0)  ...1. |   0.160 us    |        down_read();
 0)  ...1. |   0.161 us    |        _raw_spin_lock();
 0)  d..2. |   0.180 us    |        membarrier_update_current_mm();
 0)  ...2. |   0.150 us    |        _raw_spin_unlock();
 0)  ...1. |   0.161 us    |        up_read();
 0)  ...1. |   0.170 us    |        mm_update_next_owner();
 0)  ...1. |               |        mmput() {
 0)  ...1. |               |          uprobe_clear_state() {
 0)  ...1. |   0.150 us    |            mutex_lock();
 0)  ...1. |   0.171 us    |            delayed_uprobe_remove.part.0();
 0)  ...1. |   0.150 us    |            mutex_unlock();
 0)  ...1. |   0.170 us    |            arch_uprobe_clear_state();
 0)  ...1. |   1.553 us    |          }
 0)  ...1. |   0.160 us    |          exit_aio();
 0)  ...1. |               |          exit_mmap() {
 0)  ...1. |   0.160 us    |            down_read();
 0)  ...1. |               |            ldt_arch_exit_mmap() {
 0)  ...1. |   0.160 us    |              free_ldt_pgtables();
 0)  ...1. |   0.501 us    |            }
 0)  ...1. |   0.170 us    |            tlb_gather_mmu_fullmm();
 0)  ...1. |               |            unmap_vmas() {
 0)  ...1. |               |              __zap_vma_range() {
 0)  ...1. |               |                pte_offset_map_lock() {
 0)  ...1. |               |                  __pte_offset_map() {
 0)  ...1. |   0.151 us    |                    __rcu_read_lock();
 0)  ...1. |   0.490 us    |                  }
 0)  ...1. |   0.150 us    |                  _raw_spin_lock();
 0)  ...2. |   1.142 us    |                }
 0)  ...2. |   0.150 us    |                flush_tlb_batched_pending();
 0)  ...2. |   0.160 us    |                _raw_spin_unlock();
 0)  ...1. |   0.150 us    |                __rcu_read_unlock();
 0)  ...1. |   2.714 us    |              }
 0)  ...1. |               |              __zap_vma_range() {
 0)  ...1. |               |                pte_offset_map_lock() {
 0)  ...1. |               |                  __pte_offset_map() {
 0)  ...1. |   0.150 us    |                    __rcu_read_lock();
 0)  ...1. |   0.481 us    |                  }
 0)  ...1. |   0.150 us    |                  _raw_spin_lock();
 0)  ...2. |   1.133 us    |                }
 0)  ...2. |   0.150 us    |                flush_tlb_batched_pending();
 0)  ...2. |   0.161 us    |                _raw_spin_unlock();
 0)  ...1. |   0.150 us    |                __rcu_read_unlock();
 0)  ...1. |   2.495 us    |              }
 0)  ...1. |               |              __zap_vma_range() {
 0)  ...1. |               |                pte_offset_map_lock() {
 0)  ...1. |               |                  __pte_offset_map() {
 0)  ...1. |   0.160 us    |                    __rcu_read_lock();
 0)  ...1. |   0.472 us    |                  }
 0)  ...1. |   0.150 us    |                  _raw_spin_lock();
 0)  ...2. |   1.131 us    |                }
 0)  ...2. |   0.150 us    |                flush_tlb_batched_pending();
 0)  ...2. |   0.161 us    |                _raw_spin_unlock();
 0)  ...1. |   0.150 us    |                __rcu_read_unlock();
 0)  ...1. |   2.464 us    |              }
 0)  ...1. |               |              __zap_vma_range() {
 0)  ...1. |   0.149 us    |                uprobe_munmap();
 0)  ...1. |               |                pte_offset_map_lock() {
 0)  ...1. |               |                  __pte_offset_map() {
 0)  ...1. |   0.151 us    |                    __rcu_read_lock();
 0)  ...1. |   0.721 us    |                  }
 0)  ...1. |   0.231 us    |                  _raw_spin_lock();
 0)  ...2. |   1.442 us    |                }
 0)  ...2. |   0.151 us    |                flush_tlb_batched_pending();
 0)  ...2. |   0.170 us    |                vm_normal_page();
 0)  ...2. |   0.160 us    |                folio_mark_accessed();
 0)  ...2. |   0.160 us    |                arch_check_zapped_pte();
 0)  ...2. |   0.150 us    |                folio_remove_rmap_ptes();
 0)  ...2. |   0.151 us    |                __tlb_remove_folio_pages();
 0)  ...2. |   0.151 us    |                _raw_spin_unlock();
 0)  ...1. |   0.150 us    |                __rcu_read_unlock();
 0)  ...1. |   4.889 us    |              }
 0)  ...1. |               |              __zap_vma_range() {
 0)  ...1. |   0.150 us    |                uprobe_munmap();
 0)  ...1. |               |                pte_offset_map_lock() {
 0)  ...1. |               |                  __pte_offset_map() {
 0)  ...1. |   0.151 us    |                    __rcu_read_lock();
 0)  ...1. |   0.481 us    |                  }
 0)  ...1. |   0.160 us    |                  _raw_spin_lock();
 0)  ...2. |   1.133 us    |                }
 0)  ...2. |   0.150 us    |                flush_tlb_batched_pending();
 0)  ...2. |   0.160 us    |                vm_normal_page();
 0)  ...2. |   0.150 us    |                folio_mark_accessed();
 0)  ...2. |   0.150 us    |                arch_check_zapped_pte();
 0)  ...2. |   0.151 us    |                folio_remove_rmap_ptes();
 0)  ...2. |   0.150 us    |                __tlb_remove_folio_pages();
 0)  ...2. |   0.161 us    |                vm_normal_page();
 0)  ...2. |   0.151 us    |                folio_mark_accessed();
 0)  ...2. |   0.150 us    |                arch_check_zapped_pte();
 0)  ...2. |   0.161 us    |                folio_remove_rmap_ptes();
 0)  ...2. |   0.150 us    |                __tlb_remove_folio_pages();
 0)  ...2. |   0.160 us    |                vm_normal_page();
 0)  ...2. |   0.149 us    |                folio_mark_accessed();
 0)  ...2. |   0.151 us    |                arch_check_zapped_pte();
 0)  ...2. |   0.151 us    |                folio_remove_rmap_ptes();
 0)  ...2. |   0.150 us    |                __tlb_remove_folio_pages();
 0)  ...2. |   0.160 us    |                vm_normal_page();
 0)  ...2. |   0.150 us    |                folio_mark_accessed();
 0)  ...2. |   0.150 us    |                arch_check_zapped_pte();
 0)  ...2. |   0.151 us    |                folio_remove_rmap_ptes();
 0)  ...2. |   0.151 us    |                __tlb_remove_folio_pages();
 0)  ...2. |   0.160 us    |                vm_normal_page();
 0)  ...2. |   0.151 us    |                folio_mark_accessed();
 0)  ...2. |   0.150 us    |                arch_check_zapped_pte();
 0)  ...2. |   0.150 us    |                folio_remove_rmap_ptes();
 0)  ...2. |   0.151 us    |                __tlb_remove_folio_pages();
 0)  ...2. |   0.160 us    |                vm_normal_page();
 0)  ...2. |   0.151 us    |                folio_mark_accessed();
 0)  ...2. |   0.151 us    |                arch_check_zapped_pte();
 0)  ...2. |   0.150 us    |                folio_remove_rmap_ptes();
 0)  ...2. |               |                __tlb_remove_folio_pages() {
 0)  ...2. |               |                  tlb_next_batch() {
 0)  ...2. |               |                    get_free_pages_noprof() {
 0)  ...2. |               |                      alloc_pages_noprof() {
 0)  ...2. |               |                        alloc_pages_mpol() {
 0)  ...2. |   0.171 us    |                          policy_nodemask();
 0)  ...2. |               |                          __alloc_frozen_pages_noprof() {
 0)  ...2. |               |                            get_page_from_freelist() {
 0)  ...3. |   0.151 us    |                              _raw_spin_trylock();
 0)  ...4. |   0.160 us    |                              _raw_spin_unlock();
 0)  ...2. |   0.210 us    |                              kernel_init_pages();
 0)  ...2. |   1.313 us    |                            }
 0)  ...2. |   1.673 us    |                          }
 0)  ...2. |   2.365 us    |                        }
 0)  ...2. |   2.716 us    |                      }
 0)  ...2. |   3.046 us    |                    }
 0)  ...2. |   3.416 us    |                  }
 0)  ...2. |   3.776 us    |                }
 0)  ...2. |   0.160 us    |                vm_normal_page();
 0)  ...2. |   0.151 us    |                folio_mark_accessed();
 0)  ...2. |   0.151 us    |                arch_check_zapped_pte();
 0)  ...2. |   0.150 us    |                folio_remove_rmap_ptes();
 0)  ...2. |   0.149 us    |                __tlb_remove_folio_pages();
 0)  ...2. |   0.160 us    |                vm_normal_page();
 0)  ...2. |   0.150 us    |                folio_mark_accessed();
 0)  ...2. |   0.151 us    |                arch_check_zapped_pte();
 0)  ...2. |   0.150 us    |                folio_remove_rmap_ptes();
 0)  ...2. |   0.149 us    |                __tlb_remove_folio_pages();
 0)  ...2. |   0.161 us    |                vm_normal_page();
 0)  ...2. |   0.150 us    |                folio_mark_accessed();
 0)  ...2. |   0.150 us    |                arch_check_zapped_pte();
 0)  ...2. |   0.150 us    |                folio_remove_rmap_ptes();
 0)  ...2. |   0.151 us    |                __tlb_remove_folio_pages();
 0)  ...2. |   0.160 us    |                vm_normal_page();
 0)  ...2. |   0.151 us    |                folio_mark_accessed();
 0)  ...2. |   0.151 us    |                arch_check_zapped_pte();
 0)  ...2. |   0.150 us    |                folio_remove_rmap_ptes();
 0)  ...2. |   0.150 us    |                __tlb_remove_folio_pages();
 0)  ...2. |   0.151 us    |                vm_normal_page();
 0)  ...2. |   0.150 us    |                folio_mark_accessed();
 0)  ...2. |   0.151 us    |                arch_check_zapped_pte();
 0)  ...2. |   0.151 us    |                folio_remove_rmap_ptes();
 0)  ...2. |   0.150 us    |                __tlb_remove_folio_pages();
 0)  ...2. |   0.161 us    |                vm_normal_page();
 0)  ...2. |   0.150 us    |                folio_mark_accessed();
 0)  ...2. |   0.149 us    |                arch_check_zapped_pte();
 0)  ...2. |   0.150 us    |                folio_remove_rmap_ptes();
 0)  ...2. |   0.151 us    |                __tlb_remove_folio_pages();
 0)  ...2. |   0.160 us    |                vm_normal_page();
 0)  ...2. |   0.150 us    |                folio_mark_accessed();
 0)  ...2. |   0.151 us    |                arch_check_zapped_pte();
 0)  ...2. |   0.151 us    |                folio_remove_rmap_ptes();
 0)  ...2. |   0.150 us    |                __tlb_remove_folio_pages();
 0)  ...2. |   0.160 us    |                vm_normal_page();
 0)  ...2. |   0.150 us    |                folio_mark_accessed();
 0)  ...2. |   0.150 us    |                arch_check_zapped_pte();
 0)  ...2. |   0.150 us    |                folio_remove_rmap_ptes();
 0)  ...2. |   0.150 us    |                __tlb_remove_folio_pages();
 0)  ...2. |   0.149 us    |                vm_normal_page();
 0)  ...2. |   0.151 us    |                folio_mark_accessed();
 0)  ...2. |   0.150 us    |                arch_check_zapped_pte();
 0)  ...2. |   0.150 us    |                folio_remove_rmap_ptes();
 0)  ...2. |   0.151 us    |                __tlb_remove_folio_pages();
 0)  ...2. |   0.161 us    |                vm_normal_page();
 0)  ...2. |   0.151 us    |                folio_mark_accessed();
 0)  ...2. |   0.150 us    |                arch_check_zapped_pte();
 0)  ...2. |   0.149 us    |                folio_remove_rmap_ptes();
 0)  ...2. |   0.151 us    |                __tlb_remove_folio_pages();
 0)  ...2. |   0.161 us    |                vm_normal_page();
 0)  ...2. |   0.151 us    |                folio_mark_accessed();
 0)  ...2. |   0.150 us    |                arch_check_zapped_pte();
 0)  ...2. |   0.150 us    |                folio_remove_rmap_ptes();
 0)  ...2. |   0.151 us    |                __tlb_remove_folio_pages();
 0)  ...2. |   0.160 us    |                vm_normal_page();
 0)  ...2. |   0.151 us    |                folio_mark_accessed();
 0)  ...2. |   0.150 us    |                arch_check_zapped_pte();
 0)  ...2. |   0.160 us    |                folio_remove_rmap_ptes();
 0)  ...2. |   0.151 us    |                __tlb_remove_folio_pages();
 0)  ...2. |   0.160 us    |                vm_normal_page();
 0)  ...2. |   0.150 us    |                folio_mark_accessed();
 0)  ...2. |   0.150 us    |                arch_check_zapped_pte();
 0)  ...2. |   0.151 us    |                folio_remove_rmap_ptes();
 0)  ...2. |   0.149 us    |                __tlb_remove_folio_pages();
 0)  ...2. |   0.160 us    |                vm_normal_page();
 0)  ...2. |   0.150 us    |                folio_mark_accessed();
 0)  ...2. |   0.150 us    |                arch_check_zapped_pte();
 0)  ...2. |   0.150 us    |                folio_remove_rmap_ptes();
 0)  ...2. |   0.149 us    |                __tlb_remove_folio_pages();
 0)  ...2. |   0.161 us    |                vm_normal_page();
 0)  ...2. |   0.150 us    |                folio_mark_accessed();
 0)  ...2. |   0.140 us    |                arch_check_zapped_pte();
 0)  ...2. |   0.150 us    |                folio_remove_rmap_ptes();
 0)  ...2. |   0.150 us    |                __tlb_remove_folio_pages();
 0)  ...2. |   0.161 us    |                vm_normal_page();
 0)  ...2. |   0.150 us    |                folio_mark_accessed();
 0)  ...2. |   0.149 us    |                arch_check_zapped_pte();
 0)  ...2. |   0.150 us    |                folio_remove_rmap_ptes();
 0)  ...2. |   0.151 us    |                __tlb_remove_folio_pages();
 0)  ...2. |   0.150 us    |                vm_normal_page();
 0)  ...2. |   0.150 us    |                folio_mark_accessed();
 0)  ...2. |   0.149 us    |                arch_check_zapped_pte();
 0)  ...2. |   0.150 us    |                folio_remove_rmap_ptes();
 0)  ...2. |   0.151 us    |                __tlb_remove_folio_pages();
 0)  ...2. |   0.171 us    |                vm_normal_page();
 0)  ...2. |   0.150 us    |                folio_mark_accessed();
 0)  ...2. |   0.150 us    |                arch_check_zapped_pte();
 0)  ...2. |   0.151 us    |                folio_remove_rmap_ptes();
 0)  ...2. |   0.151 us    |                __tlb_remove_folio_pages();
 0)  ...2. |   0.160 us    |                vm_normal_page();
 0)  ...2. |   0.150 us    |                folio_mark_accessed();
 0)  ...2. |   0.140 us    |                arch_check_zapped_pte();
 0)  ...2. |   0.150 us    |                folio_remove_rmap_ptes();
 0)  ...2. |   0.150 us    |                __tlb_remove_folio_pages();
 0)  ...2. |   0.161 us    |                vm_normal_page();
 0)  ...2. |   0.151 us    |                folio_mark_accessed();
 0)  ...2. |   0.150 us    |                arch_check_zapped_pte();
 0)  ...2. |   0.149 us    |                folio_remove_rmap_ptes();
 0)  ...2. |   0.150 us    |                __tlb_remove_folio_pages();
 0)  ...2. |   0.161 us    |                vm_normal_page();
 0)  ...2. |   0.151 us    |                folio_mark_accessed();
 0)  ...2. |   0.150 us    |                arch_check_zapped_pte();
 0)  ...2. |   0.150 us    |                folio_remove_rmap_ptes();
 0)  ...2. |   0.150 us    |                __tlb_remove_folio_pages();
 0)  ...2. |   0.161 us    |                vm_normal_page();
 0)  ...2. |   0.149 us    |                folio_mark_accessed();
 0)  ...2. |   0.150 us    |                arch_check_zapped_pte();
 0)  ...2. |   0.151 us    |                folio_remove_rmap_ptes();
 0)  ...2. |   0.150 us    |                __tlb_remove_folio_pages();
 0)  ...2. |   0.160 us    |                vm_normal_page();
 0)  ...2. |   0.149 us    |                folio_mark_accessed();
 0)  ...2. |   0.150 us    |                arch_check_zapped_pte();
 0)  ...2. |   0.151 us    |                folio_remove_rmap_ptes();
 0)  ...2. |   0.151 us    |                __tlb_remove_folio_pages();
 0)  ...2. |   0.160 us    |                vm_normal_page();
 0)  ...2. |   0.151 us    |                folio_mark_accessed();
 0)  ...2. |   0.150 us    |                arch_check_zapped_pte();
 0)  ...2. |   0.150 us    |                folio_remove_rmap_ptes();
 0)  ...2. |   0.151 us    |                __tlb_remove_folio_pages();
 0)  ...2. |   0.160 us    |                vm_normal_page();
 0)  ...2. |   0.160 us    |                folio_mark_accessed();
 0)  ...2. |   0.151 us    |                arch_check_zapped_pte();
 0)  ...2. |   0.151 us    |                folio_remove_rmap_ptes();
 0)  ...2. |   0.149 us    |                __tlb_remove_folio_pages();
 0)  ...2. |   0.160 us    |                vm_normal_page();
 0)  ...2. |   0.150 us    |                folio_mark_accessed();
 0)  ...2. |   0.150 us    |                arch_check_zapped_pte();
 0)  ...2. |   0.150 us    |                folio_remove_rmap_ptes();
 0)  ...2. |   0.151 us    |                __tlb_remove_folio_pages();
 0)  ...2. |   0.160 us    |                vm_normal_page();
 0)  ...2. |   0.151 us    |                folio_mark_accessed();
 0)  ...2. |   0.151 us    |                arch_check_zapped_pte();
 0)  ...2. |   0.150 us    |                folio_remove_rmap_ptes();
 0)  ...2. |   0.150 us    |                __tlb_remove_folio_pages();
 0)  ...2. |   0.151 us    |                vm_normal_page();
 0)  ...2. |   0.150 us    |                folio_mark_accessed();
 0)  ...2. |   0.140 us    |                arch_check_zapped_pte();
 0)  ...2. |   0.150 us    |                folio_remove_rmap_ptes();
 0)  ...2. |   0.151 us    |                __tlb_remove_folio_pages();
 0)  ...2. |   0.150 us    |                vm_normal_page();
 0)  ...2. |   0.150 us    |                folio_mark_accessed();
 0)  ...2. |   0.151 us    |                arch_check_zapped_pte();
 0)  ...2. |   0.150 us    |                folio_remove_rmap_ptes();
 0)  ...2. |   0.150 us    |                __tlb_remove_folio_pages();
 0)  ...2. |   0.151 us    |                vm_normal_page();
 0)  ...2. |   0.150 us    |                folio_mark_accessed();
 0)  ...2. |   0.151 us    |                arch_check_zapped_pte();
 0)  ...2. |   0.150 us    |                folio_remove_rmap_ptes();
 0)  ...2. |   0.150 us    |                __tlb_remove_folio_pages();
 0)  ...2. |   0.160 us    |                vm_normal_page();
 0)  ...2. |   0.151 us    |                folio_mark_accessed();
 0)  ...2. |   0.151 us    |                arch_check_zapped_pte();
 0)  ...2. |   0.149 us    |                folio_remove_rmap_ptes();
 0)  ...2. |   0.150 us    |                __tlb_remove_folio_pages();
 0)  ...2. |   0.161 us    |                vm_normal_page();
 0)  ...2. |   0.150 us    |                folio_mark_accessed();
 0)  ...2. |   0.140 us    |                arch_check_zapped_pte();
 0)  ...2. |   0.151 us    |                folio_remove_rmap_ptes();
 0)  ...2. |   0.150 us    |                __tlb_remove_folio_pages();
 0)  ...2. |   0.160 us    |                vm_normal_page();
 0)  ...2. |   0.151 us    |                folio_mark_accessed();
 0)  ...2. |   0.150 us    |                arch_check_zapped_pte();
 0)  ...2. |   0.149 us    |                folio_remove_rmap_ptes();
 0)  ...2. |   0.150 us    |                __tlb_remove_folio_pages();
 0)  ...2. |   0.161 us    |                vm_normal_page();
 0)  ...2. |   0.150 us    |                folio_mark_accessed();
 0)  ...2. |   0.150 us    |                arch_check_zapped_pte();
 0)  ...2. |   0.151 us    |                folio_remove_rmap_ptes();
 0)  ...2. |   0.150 us    |                __tlb_remove_folio_pages();
 0)  ...2. |   0.160 us    |                vm_normal_page();
 0)  ...2. |   0.149 us    |                folio_mark_accessed();
 0)  ...2. |   0.150 us    |                arch_check_zapped_pte();
 0)  ...2. |   0.150 us    |                folio_remove_rmap_ptes();
 0)  ...2. |   0.160 us    |                __tlb_remove_folio_pages();
 0)  ...2. |   0.160 us    |                vm_normal_page();
 0)  ...2. |   0.151 us    |                folio_mark_accessed();
 0)  ...2. |   0.151 us    |                arch_check_zapped_pte();
 0)  ...2. |   0.151 us    |                folio_remove_rmap_ptes();
 0)  ...2. |   0.149 us    |                __tlb_remove_folio_pages();
 0)  ...2. |   0.160 us    |                vm_normal_page();
 0)  ...2. |   0.150 us    |                folio_mark_accessed();
 0)  ...2. |   0.151 us    |                arch_check_zapped_pte();
 0)  ...2. |   0.150 us    |                folio_remove_rmap_ptes();
 0)  ...2. |   0.149 us    |                __tlb_remove_folio_pages();
 0)  ...2. |   0.161 us    |                vm_normal_page();
 0)  ...2. |   0.161 us    |                folio_mark_accessed();
 0)  ...2. |   0.150 us    |                arch_check_zapped_pte();
 0)  ...2. |   0.150 us    |                folio_remove_rmap_ptes();
 0)  ...2. |   0.151 us    |                __tlb_remove_folio_pages();
 0)  ...2. |   0.160 us    |                vm_normal_page();
 0)  ...2. |   0.151 us    |                folio_mark_accessed();
 0)  ...2. |   0.151 us    |                arch_check_zapped_pte();
 0)  ...2. |   0.150 us    |                folio_remove_rmap_ptes();
 0)  ...2. |   0.150 us    |                __tlb_remove_folio_pages();
 0)  ...2. |   0.151 us    |                vm_normal_page();
 0)  ...2. |   0.150 us    |                folio_mark_accessed();
 0)  ...2. |   0.151 us    |                arch_check_zapped_pte();
 0)  ...2. |   0.151 us    |                folio_remove_rmap_ptes();
 0)  ...2. |   0.150 us    |                __tlb_remove_folio_pages();
 0)  ...2. |   0.160 us    |                vm_normal_page();
 0)  ...2. |   0.150 us    |                folio_mark_accessed();
 0)  ...2. |   0.150 us    |                arch_check_zapped_pte();
 0)  ...2. |   0.150 us    |                folio_remove_rmap_ptes();
 0)  ...2. |   0.150 us    |                __tlb_remove_folio_pages();
 0)  ...2. |   0.160 us    |                vm_normal_page();
 0)  ...2. |   0.151 us    |                folio_mark_accessed();
 0)  ...2. |   0.151 us    |                arch_check_zapped_pte();
 0)  ...2. |   0.149 us    |                folio_remove_rmap_ptes();
 0)  ...2. |   0.150 us    |                __tlb_remove_folio_pages();
 0)  ...2. |   0.161 us    |                vm_normal_page();
 0)  ...2. |   0.150 us    |                folio_mark_accessed();
 0)  ...2. |   0.150 us    |                arch_check_zapped_pte();
 0)  ...2. |   0.151 us    |                folio_remove_rmap_ptes();
 0)  ...2. |   0.150 us    |                __tlb_remove_folio_pages();
 0)  ...2. |   0.160 us    |                vm_normal_page();
 0)  ...2. |   0.150 us    |                folio_mark_accessed();
 0)  ...2. |   0.150 us    |                arch_check_zapped_pte();
 0)  ...2. |   0.151 us    |                folio_remove_rmap_ptes();
 0)  ...2. |   0.150 us    |                __tlb_remove_folio_pages();
 0)  ...2. |   0.160 us    |                vm_normal_page();
 0)  ...2. |   0.149 us    |                folio_mark_accessed();
 0)  ...2. |   0.150 us    |                arch_check_zapped_pte();
 0)  ...2. |   0.151 us    |                folio_remove_rmap_ptes();
 0)  ...2. |   0.151 us    |                __tlb_remove_folio_pages();
 0)  ...2. |   0.160 us    |                vm_normal_page();
 0)  ...2. |   0.151 us    |                folio_mark_accessed();
 0)  ...2. |   0.150 us    |                arch_check_zapped_pte();
 0)  ...2. |   0.150 us    |                folio_remove_rmap_ptes();
 0)  ...2. |   0.151 us    |                __tlb_remove_folio_pages();
 0)  ...2. |   0.160 us    |                vm_normal_page();
 0)  ...2. |   0.151 us    |                folio_mark_accessed();
 0)  ...2. |   0.151 us    |                arch_check_zapped_pte();
 0)  ...2. |   0.150 us    |                folio_remove_rmap_ptes();
 0)  ...2. |   0.150 us    |                __tlb_remove_folio_pages();
 0)  ...2. |   0.160 us    |                vm_normal_page();
 0)  ...2. |   0.150 us    |                folio_mark_accessed();
 0)  ...2. |   0.151 us    |                arch_check_zapped_pte();
 0)  ...2. |   0.151 us    |                folio_remove_rmap_ptes();
 0)  ...2. |   0.149 us    |                __tlb_remove_folio_pages();
 0)  ...2. |   0.160 us    |                vm_normal_page();
 0)  ...2. |   0.150 us    |                folio_mark_accessed();
 0)  ...2. |   0.150 us    |                arch_check_zapped_pte();
 0)  ...2. |   0.150 us    |                folio_remove_rmap_ptes();
 0)  ...2. |   0.151 us    |                __tlb_remove_folio_pages();
 0)  ...2. |   0.161 us    |                vm_normal_page();
 0)  ...2. |   0.151 us    |                folio_mark_accessed();
 0)  ...2. |   0.149 us    |                arch_check_zapped_pte();
 0)  ...2. |   0.150 us    |                folio_remove_rmap_ptes();
 0)  ...2. |   0.141 us    |                __tlb_remove_folio_pages();
 0)  ...2. |   0.160 us    |                vm_normal_page();
 0)  ...2. |   0.150 us    |                folio_mark_accessed();
 0)  ...2. |   0.150 us    |                arch_check_zapped_pte();
 0)  ...2. |   0.151 us    |                folio_remove_rmap_ptes();
 0)  ...2. |   0.151 us    |                __tlb_remove_folio_pages();
 0)  ...2. |   0.160 us    |                vm_normal_page();
 0)  ...2. |   0.150 us    |                folio_mark_accessed();
 0)  ...2. |   0.150 us    |                arch_check_zapped_pte();
 0)  ...2. |   0.150 us    |                folio_remove_rmap_ptes();
 0)  ...2. |   0.150 us    |                __tlb_remove_folio_pages();
 0)  ...2. |   0.160 us    |                vm_normal_page();
 0)  ...2. |   0.150 us    |                folio_mark_accessed();
 0)  ...2. |   0.151 us    |                arch_check_zapped_pte();
 0)  ...2. |   0.151 us    |                folio_remove_rmap_ptes();
 0)  ...2. |   0.150 us    |                __tlb_remove_folio_pages();
 0)  ...2. |   0.160 us    |                vm_normal_page();
 0)  ...2. |   0.150 us    |                folio_mark_accessed();
 0)  ...2. |   0.150 us    |                arch_check_zapped_pte();
 0)  ...2. |   0.149 us    |                folio_remove_rmap_ptes();
 0)  ...2. |   0.150 us    |                __tlb_remove_folio_pages();
 0)  ...2. |   0.161 us    |                vm_normal_page();
 0)  ...2. |   0.151 us    |                folio_mark_accessed();
 0)  ...2. |   0.151 us    |                arch_check_zapped_pte();
 0)  ...2. |   0.149 us    |                folio_remove_rmap_ptes();
 0)  ...2. |   0.150 us    |                __tlb_remove_folio_pages();
 0)  ...2. |   0.151 us    |                vm_normal_page();
 0)  ...2. |   0.150 us    |                folio_mark_accessed();
 0)  ...2. |   0.150 us    |                arch_check_zapped_pte();
 0)  ...2. |   0.151 us    |                folio_remove_rmap_ptes();
 0)  ...2. |   0.151 us    |                __tlb_remove_folio_pages();
 0)  ...2. |   0.160 us    |                vm_normal_page();
 0)  ...2. |   0.151 us    |                folio_mark_accessed();
 0)  ...2. |   0.150 us    |                arch_check_zapped_pte();
 0)  ...2. |   0.150 us    |                folio_remove_rmap_ptes();
 0)  ...2. |   0.151 us    |                __tlb_remove_folio_pages();
 0)  ...2. |   0.161 us    |                vm_normal_page();
 0)  ...2. |   0.151 us    |                folio_mark_accessed();
 0)  ...2. |   0.150 us    |                arch_check_zapped_pte();
 0)  ...2. |   0.151 us    |                folio_remove_rmap_ptes();
 0)  ...2. |   0.150 us    |                __tlb_remove_folio_pages();
 0)  ...2. |   0.160 us    |                vm_normal_page();
 0)  ...2. |   0.149 us    |                folio_mark_accessed();
 0)  ...2. |   0.150 us    |                arch_check_zapped_pte();
 0)  ...2. |   0.151 us    |                folio_remove_rmap_ptes();
 0)  ...2. |   0.151 us    |                __tlb_remove_folio_pages();
 0)  ...2. |   0.160 us    |                vm_normal_page();
 0)  ...2. |   0.151 us    |                folio_mark_accessed();
 0)  ...2. |   0.150 us    |                arch_check_zapped_pte();
 0)  ...2. |   0.150 us    |                folio_remove_rmap_ptes();
 0)  ...2. |   0.149 us    |                __tlb_remove_folio_pages();
 0)  ...2. |   0.160 us    |                vm_normal_page();
 0)  ...2. |   0.151 us    |                folio_mark_accessed();
 0)  ...2. |   0.151 us    |                arch_check_zapped_pte();
 0)  ...2. |   0.150 us    |                folio_remove_rmap_ptes();
 0)  ...2. |   0.150 us    |                __tlb_remove_folio_pages();
 0)  ...2. |   0.160 us    |                vm_normal_page();
 0)  ...2. |   0.150 us    |                folio_mark_accessed();
 0)  ...2. |   0.151 us    |                arch_check_zapped_pte();
 0)  ...2. |   0.150 us    |                folio_remove_rmap_ptes();
 0)  ...2. |   0.150 us    |                __tlb_remove_folio_pages();
 0)  ...2. |   0.161 us    |                vm_normal_page();
 0)  ...2. |   0.150 us    |                folio_mark_accessed();
 0)  ...2. |   0.149 us    |                arch_check_zapped_pte();
 0)  ...2. |   0.151 us    |                folio_remove_rmap_ptes();
 0)  ...2. |   0.151 us    |                __tlb_remove_folio_pages();
 0)  ...2. |   0.161 us    |                vm_normal_page();
 0)  ...2. |   0.160 us    |                folio_mark_accessed();
 0)  ...2. |   0.150 us    |                arch_check_zapped_pte();
 0)  ...2. |   0.150 us    |                folio_remove_rmap_ptes();
 0)  ...2. |   0.151 us    |                __tlb_remove_folio_pages();
 0)  ...2. |   0.160 us    |                vm_normal_page();
 0)  ...2. |   0.150 us    |                folio_mark_accessed();
 0)  ...2. |   0.150 us    |                arch_check_zapped_pte();
 0)  ...2. |   0.150 us    |                folio_remove_rmap_ptes();
 0)  ...2. |   0.150 us    |                __tlb_remove_folio_pages();
 0)  ...2. |   0.160 us    |                vm_normal_page();
 0)  ...2. |   0.151 us    |                folio_mark_accessed();
 0)  ...2. |   0.151 us    |                arch_check_zapped_pte();
 0)  ...2. |   0.150 us    |                folio_remove_rmap_ptes();
 0)  ...2. |   0.150 us    |                __tlb_remove_folio_pages();
 0)  ...2. |   0.161 us    |                vm_normal_page();
 0)  ...2. |   0.150 us    |                folio_mark_accessed();
 0)  ...2. |   0.151 us    |                arch_check_zapped_pte();
 0)  ...2. |   0.151 us    |                folio_remove_rmap_ptes();
 0)  ...2. |   0.150 us    |                __tlb_remove_folio_pages();
 0)  ...2. |   0.160 us    |                vm_normal_page();
 0)  ...2. |   0.151 us    |                folio_mark_accessed();
 0)  ...2. |   0.150 us    |                arch_check_zapped_pte();
 0)  ...2. |   0.149 us    |                folio_remove_rmap_ptes();
 0)  ...2. |   0.150 us    |                __tlb_remove_folio_pages();
 0)  ...2. |   0.161 us    |                vm_normal_page();
 0)  ...2. |   0.150 us    |                folio_mark_accessed();
 0)  ...2. |   0.150 us    |                arch_check_zapped_pte();
 0)  ...2. |   0.151 us    |                folio_remove_rmap_ptes();
 0)  ...2. |   0.150 us    |                __tlb_remove_folio_pages();
 0)  ...2. |   0.160 us    |                vm_normal_page();
 0)  ...2. |   0.149 us    |                folio_mark_accessed();
 0)  ...2. |   0.150 us    |                arch_check_zapped_pte();
 0)  ...2. |   0.151 us    |                folio_remove_rmap_ptes();
 0)  ...2. |   0.150 us    |                __tlb_remove_folio_pages();
 0)  ...2. |   0.160 us    |                vm_normal_page();
 0)  ...2. |   0.151 us    |                folio_mark_accessed();
 0)  ...2. |   0.140 us    |                arch_check_zapped_pte();
 0)  ...2. |   0.150 us    |                folio_remove_rmap_ptes();
 0)  d..3. |               |                  irq_enter_rcu() {
 0)  d.h3. |   0.251 us    |                    irqtime_account_irq();
 0)  d.h3. |   0.641 us    |                  }
 0)  d.h3. |               |                  __sysvec_apic_timer_interrupt() {
 0)  d.h3. |               |                    hrtimer_interrupt() {
 0)  d.h3. |   0.161 us    |                      _raw_spin_lock_irqsave();
 0)  d.h4. |   0.210 us    |                      ktime_get_update_offsets_now();
 0)  d.h4. |               |                      __hrtimer_run_queues() {
 0)  d.h4. |   0.200 us    |                        __remove_hrtimer();
 0)  d.h4. |   0.170 us    |                        _raw_spin_unlock_irqrestore();
 0)  d.h3. |               |                        tick_nohz_handler() {
 0)  d.h3. |   0.191 us    |                          ktime_get();
 0)  d.h3. |               |                          tick_do_update_jiffies64() {
 0)  d.h3. |   0.150 us    |                            _raw_spin_lock();
 0)  d.h4. |   0.171 us    |                            calc_global_load();
 0)  d.h4. |   0.170 us    |                            _raw_spin_unlock();
 0)  d.h3. |               |                            update_wall_time() {
 0)  d.h3. |   0.160 us    |                              _raw_spin_lock_irqsave();
 0)  d.h4. |               |                              __timekeeping_advance() {
 0)  d.h4. |   0.170 us    |                                ntp_tick_length();
 0)  d.h4. |   0.150 us    |                                ntp_tick_length();
 0)  d.h4. |               |                                timekeeping_update_from_shadow() {
 0)  d.h4. |   0.160 us    |                                  ntp_get_next_leap();
 0)  d.h4. |   0.200 us    |                                  update_vsyscall();
 0)  d.h4. |               |                                  raw_notifier_call_chain() {
 0)  d.h4. |   0.171 us    |                                    notifier_call_chain();
 0)  d.h4. |   0.510 us    |                                  }
 0)  d.h4. |   0.161 us    |                                  update_fast_timekeeper();
 0)  d.h4. |   0.151 us    |                                  update_fast_timekeeper();
 0)  d.h4. |   2.315 us    |                                }
 0)  d.h4. |   3.436 us    |                              }
 0)  d.h4. |   0.160 us    |                              _raw_spin_unlock_irqrestore();
 0)  d.h3. |   4.478 us    |                            }
 0)  d.h3. |   5.851 us    |                          }
 0)  d.h3. |               |                          update_process_times() {
 0)  d.h3. |               |                            account_process_tick() {
 0)  d.h3. |               |                              irqtime_account_process_tick() {
 0)  d.h3. |   0.150 us    |                                kvm_steal_clock();
 0)  d.h3. |               |                                account_system_index_time() {
 0)  d.h3. |   0.160 us    |                                  cpuacct_account_field();
 0)  d.h3. |   0.160 us    |                                  acct_account_cputime();
 0)  d.h3. |   0.882 us    |                                }
 0)  d.h3. |   1.554 us    |                              }
 0)  d.h3. |   1.903 us    |                            }
 0)  d.h3. |   0.150 us    |                            hrtimer_run_queues();
 0)  d.h3. |               |                            tmigr_requires_handle_remote() {
 0)  d.h3. |   0.151 us    |                              get_jiffies_update();
 0)  d.h3. |   0.541 us    |                            }
 0)  d.h3. |               |                            rcu_sched_clock_irq() {
 0)  d.h3. |   0.161 us    |                              rcu_segcblist_ready_cbs();
 0)  d.h3. |   0.571 us    |                            }
 0)  d.h3. |               |                            sched_tick() {
 0)  d.h3. |   0.160 us    |                              arch_scale_freq_tick();
 0)  d.h3. |               |                              raw_spin_rq_lock_nested() {
 0)  d.h4. |   0.160 us    |                                _raw_spin_lock();
 0)  d.h4. |   0.481 us    |                              }
 0)  d.h4. |               |                              psi_account_irqtime() {
 0)  d.h4. |   0.151 us    |                                record_times();
 0)  d.h4. |   0.571 us    |                              }
 0)  d.h4. |               |                              update_rq_clock() {
 0)  d.h4. |   0.151 us    |                                kvm_steal_clock();
 0)  d.h4. |               |                                update_irq_load_avg() {
 0)  d.h4. |   0.150 us    |                                  arch_scale_cpu_capacity();
 0)  d.h4. |   0.512 us    |                                }
 0)  d.h4. |   0.150 us    |                                arch_scale_cpu_capacity();
 0)  d.h4. |   1.603 us    |                              }
 0)  d.h4. |               |                              task_tick_fair() {
 0)  d.h4. |               |                                update_curr() {
 0)  d.h4. |               |                                  update_se() {
 0)  d.h4. |   0.160 us    |                                    cpuacct_charge();
 0)  d.h4. |   0.510 us    |                                  }
 0)  d.h4. |               |                                  dl_server_update() {
 0)  d.h4. |   0.171 us    |                                    update_curr_dl_se();
 0)  d.h4. |   0.511 us    |                                  }
 0)  d.h4. |   1.603 us    |                                }
 0)  d.h4. |   0.171 us    |                                __update_load_avg_se();
 0)  d.h4. |   0.170 us    |                                __update_load_avg_cfs_rq();
 0)  d.h4. |   0.151 us    |                                update_cfs_group();
 0)  d.h4. |   3.105 us    |                              }
 0)  d.h4. |   0.151 us    |                              calc_global_load_tick();
 0)  d.h4. |   0.161 us    |                              scx_tick();
 0)  d.h4. |   0.161 us    |                              _raw_spin_unlock();
 0)  d.h3. |               |                              perf_event_task_tick() {
 0)  d.h3. |   0.151 us    |                                perf_adjust_freq_unthr_context();
 0)  d.h3. |   0.150 us    |                                __rcu_read_lock();
 0)  d.h3. |   0.161 us    |                                __rcu_read_unlock();
 0)  d.h3. |   1.162 us    |                              }
 0)  d.h3. |   0.170 us    |                              idle_cpu();
 0)  d.h3. |               |                              sched_balance_trigger() {
 0)  d.h3. |   0.150 us    |                                nohz_balance_exit_idle();
 0)  d.h3. |   0.521 us    |                              }
 0)  d.h3. | + 10.589 us   |                            }
 0)  d.h3. |   0.170 us    |                            run_posix_cpu_timers();
 0)  d.h3. | + 15.229 us   |                          }
 0)  d.h3. |               |                          profile_tick() {
 0)  d.h3. |   0.151 us    |                            profile_pc();
 0)  d.h3. |   0.501 us    |                          }
 0)  d.h3. |   0.150 us    |                          hrtimer_forward();
 0)  d.h3. | + 23.043 us   |                        }
 0)  d.h3. |   0.150 us    |                        _raw_spin_lock_irq();
 0)  d.h4. |   0.210 us    |                        enqueue_hrtimer();
 0)  d.h4. | + 24.867 us   |                      }
 0)  d.h4. |   0.190 us    |                      ktime_get_update_offsets_now();
 0)  d.h4. |               |                      hrtimer_update_next_event() {
 0)  d.h4. |   0.161 us    |                        hrtimer_bases_first();
 0)  d.h4. |   0.480 us    |                      }
 0)  d.h4. |   0.160 us    |                      _raw_spin_unlock_irqrestore();
 0)  d.h3. | + 27.331 us   |                    }
 0)  d.h3. | + 27.701 us   |                  }
 0)  d.h3. |               |                  irq_exit_rcu() {
 0)  d.h3. |   0.180 us    |                    irqtime_account_irq();
 0)  d..3. |   0.160 us    |                    sched_core_idle_cpu();
 0)  d..3. |   0.892 us    |                  }
 0)  d..3. |   0.160 us    |                  raw_irqentry_exit_cond_resched();
 0)  d..3. |               |                  __hrtimer_rearm_deferred() {
 0)  d..3. |   0.150 us    |                    _raw_spin_lock();
 0)  d..4. |               |                    tick_program_event() {
 0)  d..4. |               |                      clockevents_program_event() {
 0)  d..4. |   0.150 us    |                        ktime_expiry_to_cycles();
 0)  d..4. |   0.180 us    |                        ktime_get();
 0)  d..4. |   1.091 us    |                        lapic_next_deadline();
 0)  d..4. |   2.164 us    |                      }
 0)  d..4. |   2.515 us    |                    }
 0)  d..4. |   0.181 us    |                    _raw_spin_unlock();
 0)  d..3. |   3.566 us    |                  }
 0)  ...2. |   0.161 us    |                __tlb_remove_folio_pages();
 0)  ...2. |   0.171 us    |                vm_normal_page();
 0)  ...2. |   0.150 us    |                folio_mark_accessed();
 0)  ...2. |   0.160 us    |                arch_check_zapped_pte();
 0)  ...2. |   0.150 us    |                folio_remove_rmap_ptes();
 0)  ...2. |   0.150 us    |                __tlb_remove_folio_pages();
 0)  ...2. |   0.160 us    |                vm_normal_page();
 0)  ...2. |   0.151 us    |                folio_mark_accessed();
 0)  ...2. |   0.150 us    |                arch_check_zapped_pte();
 0)  ...2. |   0.149 us    |                folio_remove_rmap_ptes();
 0)  ...2. |   0.151 us    |                __tlb_remove_folio_pages();
 0)  ...2. |   0.161 us    |                vm_normal_page();
 0)  ...2. |   0.151 us    |                folio_mark_accessed();
 0)  ...2. |   0.150 us    |                arch_check_zapped_pte();
 0)  ...2. |   0.150 us    |                folio_remove_rmap_ptes();
 0)  ...2. |   0.150 us    |                __tlb_remove_folio_pages();
 0)  ...2. |   0.160 us    |                vm_normal_page();
 0)  ...2. |   0.149 us    |                folio_mark_accessed();
 0)  ...2. |   0.150 us    |                arch_check_zapped_pte();
 0)  ...2. |   0.151 us    |                folio_remove_rmap_ptes();
 0)  ...2. |   0.151 us    |                __tlb_remove_folio_pages();
 0)  ...2. |   0.150 us    |                vm_normal_page();
 0)  ...2. |   0.151 us    |                folio_mark_accessed();
 0)  ...2. |   0.150 us    |                arch_check_zapped_pte();
 0)  ...2. |   0.150 us    |                folio_remove_rmap_ptes();
 0)  ...2. |   0.150 us    |                __tlb_remove_folio_pages();
 0)  ...2. |   0.160 us    |                vm_normal_page();
 0)  ...2. |   0.149 us    |                folio_mark_accessed();
 0)  ...2. |   0.151 us    |                arch_check_zapped_pte();
 0)  ...2. |   0.151 us    |                folio_remove_rmap_ptes();
 0)  ...2. |   0.151 us    |                __tlb_remove_folio_pages();
 0)  ...2. |   0.160 us    |                vm_normal_page();
 0)  ...2. |   0.151 us    |                folio_mark_accessed();
 0)  ...2. |   0.150 us    |                arch_check_zapped_pte();
 0)  ...2. |   0.150 us    |                folio_remove_rmap_ptes();
 0)  ...2. |   0.149 us    |                __tlb_remove_folio_pages();
 0)  ...2. |   0.160 us    |                vm_normal_page();
 0)  ...2. |   0.150 us    |                folio_mark_accessed();
 0)  ...2. |   0.151 us    |                arch_check_zapped_pte();
 0)  ...2. |   0.150 us    |                folio_remove_rmap_ptes();
 0)  ...2. |   0.151 us    |                __tlb_remove_folio_pages();
 0)  ...2. |   0.161 us    |                vm_normal_page();
 0)  ...2. |   0.151 us    |                folio_mark_accessed();
 0)  ...2. |   0.149 us    |                arch_check_zapped_pte();
 0)  ...2. |   0.150 us    |                folio_remove_rmap_ptes();
 0)  ...2. |   0.150 us    |                __tlb_remove_folio_pages();
 0)  ...2. |   0.160 us    |                vm_normal_page();
 0)  ...2. |   0.151 us    |                folio_mark_accessed();
 0)  ...2. |   0.151 us    |                arch_check_zapped_pte();
 0)  ...2. |   0.150 us    |                folio_remove_rmap_ptes();
 0)  ...2. |   0.150 us    |                __tlb_remove_folio_pages();
 0)  ...2. |   0.161 us    |                vm_normal_page();
 0)  ...2. |   0.150 us    |                folio_mark_accessed();
 0)  ...2. |   0.149 us    |                arch_check_zapped_pte();
 0)  ...2. |   0.150 us    |                folio_remove_rmap_ptes();
 0)  ...2. |   0.151 us    |                __tlb_remove_folio_pages();
 0)  ...2. |   0.160 us    |                vm_normal_page();
 0)  ...2. |   0.150 us    |                folio_mark_accessed();
 0)  ...2. |   0.151 us    |                arch_check_zapped_pte();
 0)  ...2. |   0.151 us    |                folio_remove_rmap_ptes();
 0)  ...2. |   0.150 us    |                __tlb_remove_folio_pages();
 0)  ...2. |   0.160 us    |                vm_normal_page();
 0)  ...2. |   0.150 us    |                folio_mark_accessed();
 0)  ...2. |   0.150 us    |                arch_check_zapped_pte();
 0)  ...2. |   0.150 us    |                folio_remove_rmap_ptes();
 0)  ...2. |   0.150 us    |                __tlb_remove_folio_pages();
 0)  ...2. |   0.161 us    |                vm_normal_page();
 0)  ...2. |   0.150 us    |                folio_mark_accessed();
 0)  ...2. |   0.151 us    |                arch_check_zapped_pte();
 0)  ...2. |   0.151 us    |                folio_remove_rmap_ptes();
 0)  ...2. |   0.140 us    |                __tlb_remove_folio_pages();
 0)  ...2. |   0.160 us    |                vm_normal_page();
 0)  ...2. |   0.151 us    |                folio_mark_accessed();
 0)  ...2. |   0.150 us    |                arch_check_zapped_pte();
 0)  ...2. |   0.149 us    |                folio_remove_rmap_ptes();
 0)  ...2. |   0.150 us    |                __tlb_remove_folio_pages();
 0)  ...2. |   0.161 us    |                vm_normal_page();
 0)  ...2. |   0.150 us    |                folio_mark_accessed();
 0)  ...2. |   0.150 us    |                arch_check_zapped_pte();
 0)  ...2. |   0.151 us    |                folio_remove_rmap_ptes();
 0)  ...2. |   0.151 us    |                __tlb_remove_folio_pages();
 0)  ...2. |   0.160 us    |                vm_normal_page();
 0)  ...2. |   0.151 us    |                folio_mark_accessed();
 0)  ...2. |   0.150 us    |                arch_check_zapped_pte();
 0)  ...2. |   0.150 us    |                folio_remove_rmap_ptes();
 0)  ...2. |   0.150 us    |                __tlb_remove_folio_pages();
 0)  ...2. |   0.161 us    |                vm_normal_page();
 0)  ...2. |   0.149 us    |                folio_mark_accessed();
 0)  ...2. |   0.150 us    |                arch_check_zapped_pte();
 0)  ...2. |   0.151 us    |                folio_remove_rmap_ptes();
 0)  ...2. |   0.151 us    |                __tlb_remove_folio_pages();
 0)  ...2. |   0.160 us    |                vm_normal_page();
 0)  ...2. |   0.151 us    |                folio_mark_accessed();
 0)  ...2. |   0.150 us    |                arch_check_zapped_pte();
 0)  ...2. |   0.150 us    |                folio_remove_rmap_ptes();
 0)  ...2. |   0.150 us    |                __tlb_remove_folio_pages();
 0)  ...2. |   0.160 us    |                vm_normal_page();
 0)  ...2. |   0.149 us    |                folio_mark_accessed();
 0)  ...2. |   0.151 us    |                arch_check_zapped_pte();
 0)  ...2. |   0.151 us    |                folio_remove_rmap_ptes();
 0)  ...2. |   0.151 us    |                __tlb_remove_folio_pages();
 0)  ...2. |   0.160 us    |                vm_normal_page();
 0)  ...2. |   0.151 us    |                folio_mark_accessed();
 0)  ...2. |   0.150 us    |                arch_check_zapped_pte();
 0)  ...2. |   0.150 us    |                folio_remove_rmap_ptes();
 0)  ...2. |   0.149 us    |                __tlb_remove_folio_pages();
 0)  ...2. |   0.160 us    |                vm_normal_page();
 0)  ...2. |   0.150 us    |                folio_mark_accessed();
 0)  ...2. |   0.151 us    |                arch_check_zapped_pte();
 0)  ...2. |   0.150 us    |                folio_remove_rmap_ptes();
 0)  ...2. |   0.150 us    |                __tlb_remove_folio_pages();
 0)  ...2. |   0.151 us    |                vm_normal_page();
 0)  ...2. |   0.150 us    |                folio_mark_accessed();
 0)  ...2. |   0.151 us    |                arch_check_zapped_pte();
 0)  ...2. |   0.151 us    |                folio_remove_rmap_ptes();
 0)  ...2. |   0.151 us    |                __tlb_remove_folio_pages();
 0)  ...2. |   0.161 us    |                vm_normal_page();
 0)  ...2. |   0.150 us    |                folio_mark_accessed();
 0)  ...2. |   0.149 us    |                arch_check_zapped_pte();
 0)  ...2. |   0.150 us    |                folio_remove_rmap_ptes();
 0)  ...2. |   0.150 us    |                __tlb_remove_folio_pages();
 0)  ...2. |   0.160 us    |                vm_normal_page();
 0)  ...2. |   0.150 us    |                folio_mark_accessed();
 0)  ...2. |   0.151 us    |                arch_check_zapped_pte();
 0)  ...2. |   0.151 us    |                folio_remove_rmap_ptes();
 0)  ...2. |   0.150 us    |                __tlb_remove_folio_pages();
 0)  ...2. |   0.160 us    |                vm_normal_page();
 0)  ...2. |   0.150 us    |                folio_mark_accessed();
 0)  ...2. |   0.150 us    |                arch_check_zapped_pte();
 0)  ...2. |   0.150 us    |                folio_remove_rmap_ptes();
 0)  ...2. |   0.140 us    |                __tlb_remove_folio_pages();
 0)  ...2. |   0.160 us    |                vm_normal_page();
 0)  ...2. |   0.150 us    |                folio_mark_accessed();
 0)  ...2. |   0.151 us    |                arch_check_zapped_pte();
 0)  ...2. |   0.151 us    |                folio_remove_rmap_ptes();
 0)  ...2. |   0.150 us    |                __tlb_remove_folio_pages();
 0)  ...2. |   0.160 us    |                vm_normal_page();
 0)  ...2. |   0.150 us    |                folio_mark_accessed();
 0)  ...2. |   0.150 us    |                arch_check_zapped_pte();
 0)  ...2. |   0.149 us    |                folio_remove_rmap_ptes();
 0)  ...2. |   0.150 us    |                __tlb_remove_folio_pages();
 0)  ...2. |   0.161 us    |                vm_normal_page();
 0)  ...2. |   0.150 us    |                folio_mark_accessed();
 0)  ...2. |   0.150 us    |                arch_check_zapped_pte();
 0)  ...2. |   0.151 us    |                folio_remove_rmap_ptes();
 0)  ...2. |   0.150 us    |                __tlb_remove_folio_pages();
 0)  ...2. |   0.161 us    |                _raw_spin_lock_irqsave();
 0)  d..3. |   0.171 us    |                _raw_spin_unlock_irqrestore();
 0)  ...2. |   0.160 us    |                _raw_spin_unlock();
 0)  ...1. |   0.151 us    |                __rcu_read_unlock();
 0)  ...1. | ! 219.452 us  |              }
 0)  ...1. |               |              __zap_vma_range() {
 0)  ...1. |   0.150 us    |                uprobe_munmap();
 0)  ...1. |               |                pte_offset_map_lock() {
 0)  ...1. |               |                  __pte_offset_map() {
 0)  ...1. |   0.151 us    |                    __rcu_read_lock();
 0)  ...1. |   0.481 us    |                  }
 0)  ...1. |   0.150 us    |                  _raw_spin_lock();
 0)  ...2. |   1.142 us    |                }
 0)  ...2. |   0.160 us    |                flush_tlb_batched_pending();
 0)  ...2. |   0.160 us    |                vm_normal_page();
 0)  ...2. |   0.149 us    |                folio_mark_accessed();
 0)  ...2. |   0.150 us    |                arch_check_zapped_pte();
 0)  ...2. |   0.150 us    |                folio_remove_rmap_ptes();
 0)  ...2. |   0.151 us    |                __tlb_remove_folio_pages();
 0)  ...2. |   0.160 us    |                vm_normal_page();
 0)  ...2. |   0.151 us    |                folio_mark_accessed();
 0)  ...2. |   0.150 us    |                arch_check_zapped_pte();
 0)  ...2. |   0.150 us    |                folio_remove_rmap_ptes();
 0)  ...2. |   0.150 us    |                __tlb_remove_folio_pages();
 0)  ...2. |   0.160 us    |                vm_normal_page();
 0)  ...2. |   0.150 us    |                folio_mark_accessed();
 0)  ...2. |   0.151 us    |                arch_check_zapped_pte();
 0)  ...2. |   0.151 us    |                folio_remove_rmap_ptes();
 0)  ...2. |   0.140 us    |                __tlb_remove_folio_pages();
 0)  ...2. |   0.160 us    |                vm_normal_page();
 0)  ...2. |   0.151 us    |                folio_mark_accessed();
 0)  ...2. |   0.150 us    |                arch_check_zapped_pte();
 0)  ...2. |   0.150 us    |                folio_remove_rmap_ptes();
 0)  ...2. |   0.151 us    |                __tlb_remove_folio_pages();
 0)  ...2. |   0.160 us    |                vm_normal_page();
 0)  ...2. |   0.151 us    |                folio_mark_accessed();
 0)  ...2. |   0.151 us    |                arch_check_zapped_pte();
 0)  ...2. |   0.150 us    |                folio_remove_rmap_ptes();
 0)  ...2. |   0.150 us    |                __tlb_remove_folio_pages();
 0)  ...2. |   0.151 us    |                vm_normal_page();
 0)  ...2. |   0.150 us    |                folio_mark_accessed();
 0)  ...2. |   0.151 us    |                arch_check_zapped_pte();
 0)  ...2. |   0.150 us    |                folio_remove_rmap_ptes();
 0)  ...2. |   0.150 us    |                __tlb_remove_folio_pages();
 0)  ...2. |   0.161 us    |                vm_normal_page();
 0)  ...2. |   0.150 us    |                folio_mark_accessed();
 0)  ...2. |   0.149 us    |                arch_check_zapped_pte();
 0)  ...2. |   0.150 us    |                folio_remove_rmap_ptes();
 0)  ...2. |   0.151 us    |                __tlb_remove_folio_pages();
 0)  ...2. |   0.160 us    |                vm_normal_page();
 0)  ...2. |   0.150 us    |                folio_mark_accessed();
 0)  ...2. |   0.151 us    |                arch_check_zapped_pte();
 0)  ...2. |   0.150 us    |                folio_remove_rmap_ptes();
 0)  ...2. |   0.150 us    |                __tlb_remove_folio_pages();
 0)  ...2. |   0.160 us    |                vm_normal_page();
 0)  ...2. |   0.150 us    |                folio_mark_accessed();
 0)  ...2. |   0.151 us    |                arch_check_zapped_pte();
 0)  ...2. |   0.151 us    |                folio_remove_rmap_ptes();
 0)  ...2. |   0.150 us    |                __tlb_remove_folio_pages();
 0)  ...2. |   0.160 us    |                vm_normal_page();
 0)  ...2. |   0.150 us    |                folio_mark_accessed();
 0)  ...2. |   0.150 us    |                arch_check_zapped_pte();
 0)  ...2. |   0.151 us    |                folio_remove_rmap_ptes();
 0)  ...2. |   0.150 us    |                __tlb_remove_folio_pages();
 0)  ...2. |   0.160 us    |                vm_normal_page();
 0)  ...2. |   0.160 us    |                folio_mark_accessed();
 0)  ...2. |   0.150 us    |                arch_check_zapped_pte();
 0)  ...2. |   0.149 us    |                folio_remove_rmap_ptes();
 0)  ...2. |   0.151 us    |                __tlb_remove_folio_pages();
 0)  ...2. |   0.160 us    |                vm_normal_page();
 0)  ...2. |   0.160 us    |                folio_mark_accessed();
 0)  ...2. |   0.150 us    |                arch_check_zapped_pte();
 0)  ...2. |   0.151 us    |                folio_remove_rmap_ptes();
 0)  ...2. |   0.151 us    |                __tlb_remove_folio_pages();
 0)  ...2. |   0.160 us    |                vm_normal_page();
 0)  ...2. |   0.149 us    |                folio_mark_accessed();
 0)  ...2. |   0.160 us    |                arch_check_zapped_pte();
 0)  ...2. |   0.151 us    |                folio_remove_rmap_ptes();
 0)  ...2. |   0.150 us    |                __tlb_remove_folio_pages();
 0)  ...2. |   0.160 us    |                vm_normal_page();
 0)  ...2. |   0.149 us    |                folio_mark_accessed();
 0)  ...2. |   0.151 us    |                arch_check_zapped_pte();
 0)  ...2. |   0.151 us    |                folio_remove_rmap_ptes();
 0)  ...2. |   0.149 us    |                __tlb_remove_folio_pages();
 0)  ...2. |   0.160 us    |                vm_normal_page();
 0)  ...2. |   0.151 us    |                folio_mark_accessed();
 0)  ...2. |   0.151 us    |                arch_check_zapped_pte();
 0)  ...2. |   0.150 us    |                folio_remove_rmap_ptes();
 0)  ...2. |   0.149 us    |                __tlb_remove_folio_pages();
 0)  ...2. |   0.160 us    |                vm_normal_page();
 0)  ...2. |   0.150 us    |                folio_mark_accessed();
 0)  ...2. |   0.151 us    |                arch_check_zapped_pte();
 0)  ...2. |   0.150 us    |                folio_remove_rmap_ptes();
 0)  ...2. |   0.149 us    |                __tlb_remove_folio_pages();
 0)  ...2. |   0.161 us    |                vm_normal_page();
 0)  ...2. |   0.150 us    |                folio_mark_accessed();
 0)  ...2. |   0.149 us    |                arch_check_zapped_pte();
 0)  ...2. |   0.150 us    |                folio_remove_rmap_ptes();
 0)  ...2. |   0.151 us    |                __tlb_remove_folio_pages();
 0)  ...2. |   0.161 us    |                vm_normal_page();
 0)  ...2. |   0.161 us    |                folio_mark_accessed();
 0)  ...2. |   0.149 us    |                arch_check_zapped_pte();
 0)  ...2. |   0.160 us    |                folio_remove_rmap_ptes();
 0)  ...2. |   0.151 us    |                __tlb_remove_folio_pages();
 0)  ...2. |   0.160 us    |                vm_normal_page();
 0)  ...2. |   0.150 us    |                folio_mark_accessed();
 0)  ...2. |   0.149 us    |                arch_check_zapped_pte();
 0)  ...2. |   0.150 us    |                folio_remove_rmap_ptes();
 0)  ...2. |   0.151 us    |                __tlb_remove_folio_pages();
 0)  ...2. |   0.160 us    |                vm_normal_page();
 0)  ...2. |   0.150 us    |                folio_mark_accessed();
 0)  ...2. |   0.151 us    |                arch_check_zapped_pte();
 0)  ...2. |   0.160 us    |                folio_remove_rmap_ptes();
 0)  ...2. |   0.150 us    |                __tlb_remove_folio_pages();
 0)  ...2. |   0.160 us    |                vm_normal_page();
 0)  ...2. |   0.150 us    |                folio_mark_accessed();
 0)  ...2. |   0.150 us    |                arch_check_zapped_pte();
 0)  ...2. |   0.151 us    |                folio_remove_rmap_ptes();
 0)  ...2. |   0.150 us    |                __tlb_remove_folio_pages();
 0)  ...2. |   0.160 us    |                vm_normal_page();
 0)  ...2. |   0.150 us    |                folio_mark_accessed();
 0)  ...2. |   0.150 us    |                arch_check_zapped_pte();
 0)  ...2. |   0.149 us    |                folio_remove_rmap_ptes();
 0)  ...2. |   0.150 us    |                __tlb_remove_folio_pages();
 0)  ...2. |   0.161 us    |                vm_normal_page();
 0)  ...2. |   0.151 us    |                folio_mark_accessed();
 0)  ...2. |   0.150 us    |                arch_check_zapped_pte();
 0)  ...2. |   0.140 us    |                folio_remove_rmap_ptes();
 0)  ...2. |   0.150 us    |                __tlb_remove_folio_pages();
 0)  ...2. |   0.160 us    |                vm_normal_page();
 0)  ...2. |   0.149 us    |                folio_mark_accessed();
 0)  ...2. |   0.150 us    |                arch_check_zapped_pte();
 0)  ...2. |   0.151 us    |                folio_remove_rmap_ptes();
 0)  ...2. |   0.151 us    |                __tlb_remove_folio_pages();
 0)  ...2. |   0.160 us    |                vm_normal_page();
 0)  ...2. |   0.151 us    |                folio_mark_accessed();
 0)  ...2. |   0.150 us    |                arch_check_zapped_pte();
 0)  ...2. |   0.150 us    |                folio_remove_rmap_ptes();
 0)  ...2. |   0.151 us    |                __tlb_remove_folio_pages();
 0)  ...2. |   0.160 us    |                vm_normal_page();
 0)  ...2. |   0.151 us    |                folio_mark_accessed();
 0)  ...2. |   0.151 us    |                arch_check_zapped_pte();
 0)  ...2. |   0.151 us    |                folio_remove_rmap_ptes();
 0)  ...2. |   0.150 us    |                __tlb_remove_folio_pages();
 0)  ...2. |   0.160 us    |                vm_normal_page();
 0)  ...2. |   0.150 us    |                folio_mark_accessed();
 0)  ...2. |   0.150 us    |                arch_check_zapped_pte();
 0)  ...2. |   0.151 us    |                folio_remove_rmap_ptes();
 0)  ...2. |   0.151 us    |                __tlb_remove_folio_pages();
 0)  ...2. |   0.160 us    |                vm_normal_page();
 0)  ...2. |   0.151 us    |                folio_mark_accessed();
 0)  ...2. |   0.150 us    |                arch_check_zapped_pte();
 0)  ...2. |   0.150 us    |                folio_remove_rmap_ptes();
 0)  ...2. |   0.151 us    |                __tlb_remove_folio_pages();
 0)  ...2. |   0.161 us    |                vm_normal_page();
 0)  ...2. |   0.150 us    |                folio_mark_accessed();
 0)  ...2. |   0.151 us    |                arch_check_zapped_pte();
 0)  ...2. |   0.150 us    |                folio_remove_rmap_ptes();
 0)  ...2. |   0.151 us    |                __tlb_remove_folio_pages();
 0)  ...2. |   0.161 us    |                vm_normal_page();
 0)  ...2. |   0.161 us    |                folio_mark_accessed();
 0)  ...2. |   0.149 us    |                arch_check_zapped_pte();
 0)  ...2. |   0.150 us    |                folio_remove_rmap_ptes();
 0)  ...2. |   0.151 us    |                __tlb_remove_folio_pages();
 0)  ...2. |   0.160 us    |                vm_normal_page();
 0)  ...2. |   0.150 us    |                folio_mark_accessed();
 0)  ...2. |   0.151 us    |                arch_check_zapped_pte();
 0)  ...2. |   0.150 us    |                folio_remove_rmap_ptes();
 0)  ...2. |   0.150 us    |                __tlb_remove_folio_pages();
 0)  ...2. |   0.160 us    |                vm_normal_page();
 0)  ...2. |   0.160 us    |                folio_mark_accessed();
 0)  ...2. |   0.150 us    |                arch_check_zapped_pte();
 0)  ...2. |   0.150 us    |                folio_remove_rmap_ptes();
 0)  ...2. |   0.150 us    |                __tlb_remove_folio_pages();
 0)  ...2. |   0.161 us    |                vm_normal_page();
 0)  ...2. |   0.151 us    |                folio_mark_accessed();
 0)  ...2. |   0.150 us    |                arch_check_zapped_pte();
 0)  ...2. |   0.149 us    |                folio_remove_rmap_ptes();
 0)  ...2. |   0.150 us    |                __tlb_remove_folio_pages();
 0)  ...2. |   0.161 us    |                vm_normal_page();
 0)  ...2. |   0.150 us    |                folio_mark_accessed();
 0)  ...2. |   0.150 us    |                arch_check_zapped_pte();
 0)  ...2. |   0.151 us    |                folio_remove_rmap_ptes();
 0)  ...2. |   0.151 us    |                __tlb_remove_folio_pages();
 0)  ...2. |   0.160 us    |                vm_normal_page();
 0)  ...2. |   0.151 us    |                folio_mark_accessed();
 0)  ...2. |   0.150 us    |                arch_check_zapped_pte();
 0)  ...2. |   0.149 us    |                folio_remove_rmap_ptes();
 0)  ...2. |   0.151 us    |                __tlb_remove_folio_pages();
 0)  ...2. |   0.161 us    |                vm_normal_page();
 0)  ...2. |   0.160 us    |                folio_mark_accessed();
 0)  ...2. |   0.150 us    |                arch_check_zapped_pte();
 0)  ...2. |   0.151 us    |                folio_remove_rmap_ptes();
 0)  ...2. |   0.150 us    |                __tlb_remove_folio_pages();
 0)  ...2. |   0.160 us    |                vm_normal_page();
 0)  ...2. |   0.149 us    |                folio_mark_accessed();
 0)  ...2. |   0.150 us    |                arch_check_zapped_pte();
 0)  ...2. |   0.150 us    |                folio_remove_rmap_ptes();
 0)  ...2. |   0.151 us    |                __tlb_remove_folio_pages();
 0)  ...2. |   0.160 us    |                vm_normal_page();
 0)  ...2. |   0.151 us    |                folio_mark_accessed();
 0)  ...2. |   0.151 us    |                arch_check_zapped_pte();
 0)  ...2. |   0.151 us    |                folio_remove_rmap_ptes();
 0)  ...2. |   0.149 us    |                __tlb_remove_folio_pages();
 0)  ...2. |   0.160 us    |                vm_normal_page();
 0)  ...2. |   0.160 us    |                folio_mark_accessed();
 0)  ...2. |   0.151 us    |                arch_check_zapped_pte();
 0)  ...2. |   0.150 us    |                folio_remove_rmap_ptes();
 0)  ...2. |   0.149 us    |                __tlb_remove_folio_pages();
 0)  ...2. |   0.150 us    |                vm_normal_page();
 0)  ...2. |   0.150 us    |                folio_mark_accessed();
 0)  ...2. |   0.150 us    |                arch_check_zapped_pte();
 0)  ...2. |   0.150 us    |                folio_remove_rmap_ptes();
 0)  ...2. |   0.151 us    |                __tlb_remove_folio_pages();
 0)  ...2. |   0.150 us    |                vm_normal_page();
 0)  ...2. |   0.151 us    |                folio_mark_accessed();
 0)  ...2. |   0.151 us    |                arch_check_zapped_pte();
 0)  ...2. |   0.150 us    |                folio_remove_rmap_ptes();
 0)  ...2. |   0.150 us    |                __tlb_remove_folio_pages();
 0)  ...2. |   0.161 us    |                vm_normal_page();
 0)  ...2. |   0.150 us    |                folio_mark_accessed();
 0)  ...2. |   0.149 us    |                arch_check_zapped_pte();
 0)  ...2. |   0.150 us    |                folio_remove_rmap_ptes();
 0)  ...2. |   0.151 us    |                __tlb_remove_folio_pages();
 0)  ...2. |   0.160 us    |                vm_normal_page();
 0)  ...2. |   0.150 us    |                folio_mark_accessed();
 0)  ...2. |   0.151 us    |                arch_check_zapped_pte();
 0)  ...2. |   0.151 us    |                folio_remove_rmap_ptes();
 0)  ...2. |   0.150 us    |                __tlb_remove_folio_pages();
 0)  ...2. |   0.160 us    |                vm_normal_page();
 0)  ...2. |   0.150 us    |                folio_mark_accessed();
 0)  ...2. |   0.150 us    |                arch_check_zapped_pte();
 0)  ...2. |   0.151 us    |                folio_remove_rmap_ptes();
 0)  ...2. |   0.150 us    |                __tlb_remove_folio_pages();
 0)  ...2. |   0.149 us    |                vm_normal_page();
 0)  ...2. |   0.151 us    |                folio_mark_accessed();
 0)  ...2. |   0.150 us    |                arch_check_zapped_pte();
 0)  ...2. |   0.150 us    |                folio_remove_rmap_ptes();
 0)  ...2. |   0.150 us    |                __tlb_remove_folio_pages();
 0)  ...2. |   0.161 us    |                vm_normal_page();
 0)  ...2. |   0.151 us    |                folio_mark_accessed();
 0)  ...2. |   0.151 us    |                arch_check_zapped_pte();
 0)  ...2. |   0.149 us    |                folio_remove_rmap_ptes();
 0)  ...2. |   0.150 us    |                __tlb_remove_folio_pages();
 0)  ...2. |   0.161 us    |                vm_normal_page();
 0)  ...2. |   0.161 us    |                folio_mark_accessed();
 0)  ...2. |   0.150 us    |                arch_check_zapped_pte();
 0)  ...2. |   0.151 us    |                folio_remove_rmap_ptes();
 0)  ...2. |   0.150 us    |                __tlb_remove_folio_pages();
 0)  ...2. |   0.161 us    |                _raw_spin_lock_irqsave();
 0)  d..3. |   0.161 us    |                _raw_spin_unlock_irqrestore();
 0)  ...2. |   0.150 us    |                _raw_spin_unlock();
 0)  ...1. |   0.151 us    |                __rcu_read_unlock();
 0)  ...1. | + 80.822 us   |              }
 0)  ...1. |               |              __zap_vma_range() {
 0)  ...1. |   0.150 us    |                uprobe_munmap();
 0)  ...1. |               |                pte_offset_map_lock() {
 0)  ...1. |               |                  __pte_offset_map() {
 0)  ...1. |   0.151 us    |                    __rcu_read_lock();
 0)  ...1. |   0.481 us    |                  }
 0)  ...1. |   0.150 us    |                  _raw_spin_lock();
 0)  ...2. |   1.142 us    |                }
 0)  ...2. |   0.150 us    |                flush_tlb_batched_pending();
 0)  ...2. |   0.151 us    |                vm_normal_page();
 0)  ...2. |   0.150 us    |                arch_check_zapped_pte();
 0)  ...2. |               |                folio_remove_rmap_ptes() {
 0)  ...2. |               |                  lruvec_stat_mod_folio() {
 0)  ...2. |   0.151 us    |                    __rcu_read_lock();
 0)  ...2. |   0.170 us    |                    mod_node_page_state();
 0)  ...2. |               |                    __mod_memcg_lruvec_state() {
 0)  ...3. |   0.151 us    |                      memcg_state_val_in_pages();
 0)  ...3. |   0.150 us    |                      __css_rstat_updated();
 0)  ...2. |   0.842 us    |                    }
 0)  ...2. |   0.150 us    |                    __rcu_read_unlock();
 0)  ...2. |   2.215 us    |                  }
 0)  ...2. |   2.565 us    |                }
 0)  ...2. |   0.150 us    |                __tlb_remove_folio_pages();
 0)  ...2. |   0.161 us    |                vm_normal_page();
 0)  ...2. |   0.149 us    |                arch_check_zapped_pte();
 0)  ...2. |               |                folio_remove_rmap_ptes() {
 0)  ...2. |               |                  lruvec_stat_mod_folio() {
 0)  ...2. |   0.150 us    |                    __rcu_read_lock();
 0)  ...2. |   0.151 us    |                    mod_node_page_state();
 0)  ...2. |               |                    __mod_memcg_lruvec_state() {
 0)  ...3. |   0.151 us    |                      memcg_state_val_in_pages();
 0)  ...3. |   0.150 us    |                      __css_rstat_updated();
 0)  ...2. |   0.802 us    |                    }
 0)  ...2. |   0.150 us    |                    __rcu_read_unlock();
 0)  ...2. |   2.114 us    |                  }
 0)  ...2. |   2.445 us    |                }
 0)  ...2. |   0.150 us    |                __tlb_remove_folio_pages();
 0)  ...2. |   0.160 us    |                vm_normal_page();
 0)  ...2. |   0.150 us    |                arch_check_zapped_pte();
 0)  ...2. |               |                folio_remove_rmap_ptes() {
 0)  ...2. |               |                  lruvec_stat_mod_folio() {
 0)  ...2. |   0.149 us    |                    __rcu_read_lock();
 0)  ...2. |   0.161 us    |                    mod_node_page_state();
 0)  ...2. |               |                    __mod_memcg_lruvec_state() {
 0)  ...3. |   0.150 us    |                      memcg_state_val_in_pages();
 0)  ...3. |   0.151 us    |                      __css_rstat_updated();
 0)  ...2. |   0.802 us    |                    }
 0)  ...2. |   0.151 us    |                    __rcu_read_unlock();
 0)  ...2. |   2.104 us    |                  }
 0)  ...2. |   2.425 us    |                }
 0)  ...2. |   0.150 us    |                __tlb_remove_folio_pages();
 0)  ...2. |   0.161 us    |                vm_normal_page();
 0)  ...2. |   0.150 us    |                arch_check_zapped_pte();
 0)  ...2. |               |                folio_remove_rmap_ptes() {
 0)  ...2. |               |                  lruvec_stat_mod_folio() {
 0)  ...2. |   0.150 us    |                    __rcu_read_lock();
 0)  ...2. |   0.160 us    |                    mod_node_page_state();
 0)  ...2. |               |                    __mod_memcg_lruvec_state() {
 0)  ...3. |   0.150 us    |                      memcg_state_val_in_pages();
 0)  ...3. |   0.151 us    |                      __css_rstat_updated();
 0)  ...2. |   0.802 us    |                    }
 0)  ...2. |   0.151 us    |                    __rcu_read_unlock();
 0)  ...2. |   2.104 us    |                  }
 0)  ...2. |   2.424 us    |                }
 0)  ...2. |   0.149 us    |                __tlb_remove_folio_pages();
 0)  ...2. |   0.151 us    |                _raw_spin_unlock();
 0)  ...1. |   0.150 us    |                __rcu_read_unlock();
 0)  ...1. | + 17.493 us   |              }
 0)  ...1. |               |              __zap_vma_range() {
 0)  ...1. |               |                pte_offset_map_lock() {
 0)  ...1. |               |                  __pte_offset_map() {
 0)  ...1. |   0.151 us    |                    __rcu_read_lock();
 0)  ...1. |   0.471 us    |                  }
 0)  ...1. |   0.150 us    |                  _raw_spin_lock();
 0)  ...2. |   1.122 us    |                }
 0)  ...2. |   0.149 us    |                flush_tlb_batched_pending();
 0)  ...2. |   0.161 us    |                vm_normal_page();
 0)  ...2. |   0.151 us    |                arch_check_zapped_pte();
 0)  ...2. |               |                folio_remove_rmap_ptes() {
 0)  ...2. |               |                  lruvec_stat_mod_folio() {
 0)  ...2. |   0.150 us    |                    __rcu_read_lock();
 0)  ...2. |   0.150 us    |                    mod_node_page_state();
 0)  ...2. |               |                    __mod_memcg_lruvec_state() {
 0)  ...3. |   0.150 us    |                      memcg_state_val_in_pages();
 0)  ...3. |   0.150 us    |                      __css_rstat_updated();
 0)  ...2. |   0.801 us    |                    }
 0)  ...2. |   0.150 us    |                    __rcu_read_unlock();
 0)  ...2. |   2.173 us    |                  }
 0)  ...2. |   2.505 us    |                }
 0)  ...2. |   0.149 us    |                __tlb_remove_folio_pages();
 0)  ...2. |   0.160 us    |                vm_normal_page();
 0)  ...2. |   0.151 us    |                arch_check_zapped_pte();
 0)  ...2. |               |                folio_remove_rmap_ptes() {
 0)  ...2. |               |                  lruvec_stat_mod_folio() {
 0)  ...2. |   0.150 us    |                    __rcu_read_lock();
 0)  ...2. |   0.160 us    |                    mod_node_page_state();
 0)  ...2. |               |                    __mod_memcg_lruvec_state() {
 0)  ...3. |   0.151 us    |                      memcg_state_val_in_pages();
 0)  ...3. |   0.150 us    |                      __css_rstat_updated();
 0)  ...2. |   0.802 us    |                    }
 0)  ...2. |   0.150 us    |                    __rcu_read_unlock();
 0)  ...2. |   2.104 us    |                  }
 0)  ...2. |   2.435 us    |                }
 0)  ...2. |   0.151 us    |                __tlb_remove_folio_pages();
 0)  ...2. |   0.161 us    |                _raw_spin_unlock();
 0)  ...1. |   0.149 us    |                __rcu_read_unlock();
 0)  ...1. |   9.779 us    |              }
 0)  ...1. |               |              __zap_vma_range() {
 0)  ...1. |               |                pte_offset_map_lock() {
 0)  ...1. |               |                  __pte_offset_map() {
 0)  ...1. |   0.149 us    |                    __rcu_read_lock();
 0)  ...1. |   0.471 us    |                  }
 0)  ...1. |   0.149 us    |                  _raw_spin_lock();
 0)  ...2. |   1.132 us    |                }
 0)  ...2. |   0.150 us    |                flush_tlb_batched_pending();
 0)  ...2. |   0.160 us    |                vm_normal_page();
 0)  ...2. |   0.151 us    |                arch_check_zapped_pte();
 0)  ...2. |               |                folio_remove_rmap_ptes() {
 0)  ...2. |               |                  lruvec_stat_mod_folio() {
 0)  ...2. |   0.150 us    |                    __rcu_read_lock();
 0)  ...2. |   0.149 us    |                    mod_node_page_state();
 0)  ...2. |               |                    __mod_memcg_lruvec_state() {
 0)  ...3. |   0.149 us    |                      memcg_state_val_in_pages();
 0)  ...3. |   0.151 us    |                      __css_rstat_updated();
 0)  ...2. |   0.801 us    |                    }
 0)  ...2. |   0.150 us    |                    __rcu_read_unlock();
 0)  ...2. |   2.113 us    |                  }
 0)  ...2. |   2.445 us    |                }
 0)  ...2. |   0.150 us    |                __tlb_remove_folio_pages();
 0)  ...2. |   0.160 us    |                _raw_spin_unlock();
 0)  ...1. |   0.151 us    |                __rcu_read_unlock();
 0)  ...1. |   6.191 us    |              }
 0)  ...1. | ! 348.223 us  |            }
 0)  ...1. |   0.161 us    |            up_read();
 0)  ...1. |   0.151 us    |            down_write();
 0)  ...1. |               |            free_pgtables() {
 0)  ...1. |               |              __vma_start_write() {
 0)  ...1. |               |                __vma_start_exclude_readers() {
 0)  ...1. |   0.150 us    |                  finish_rcuwait();
 0)  ...1. |   0.490 us    |                }
 0)  ...1. |   0.822 us    |              }
 0)  ...1. |   0.160 us    |              unlink_anon_vmas();
 0)  ...1. |   0.150 us    |              unlink_file_vma_batch_init();
 0)  ...1. |   0.150 us    |              unlink_file_vma_batch_add();
 0)  ...1. |               |              __vma_start_write() {
 0)  ...1. |               |                __vma_start_exclude_readers() {
 0)  ...1. |   0.150 us    |                  finish_rcuwait();
 0)  ...1. |   0.472 us    |                }
 0)  ...1. |   0.802 us    |              }
 0)  ...1. |   0.150 us    |              unlink_anon_vmas();
 0)  ...1. |   0.151 us    |              unlink_file_vma_batch_add();
 0)  ...1. |               |              __vma_start_write() {
 0)  ...1. |               |                __vma_start_exclude_readers() {
 0)  ...1. |   0.150 us    |                  finish_rcuwait();
 0)  ...1. |   0.541 us    |                }
 0)  ...1. |   0.872 us    |              }
 0)  ...1. |   0.151 us    |              unlink_anon_vmas();
 0)  ...1. |   0.150 us    |              unlink_file_vma_batch_add();
 0)  ...1. |               |              __vma_start_write() {
 0)  ...1. |               |                __vma_start_exclude_readers() {
 0)  ...1. |   0.150 us    |                  finish_rcuwait();
 0)  ...1. |   0.480 us    |                }
 0)  ...1. |   0.811 us    |              }
 0)  ...1. |   0.149 us    |              unlink_anon_vmas();
 0)  ...1. |   0.160 us    |              unlink_file_vma_batch_add();
 0)  ...1. |               |              __vma_start_write() {
 0)  ...1. |               |                __vma_start_exclude_readers() {
 0)  ...1. |   0.149 us    |                  finish_rcuwait();
 0)  ...1. |   0.481 us    |                }
 0)  ...1. |   0.822 us    |              }
 0)  ...1. |   0.151 us    |              unlink_anon_vmas();
 0)  ...1. |   0.160 us    |              unlink_file_vma_batch_add();
 0)  ...1. |               |              __vma_start_write() {
 0)  ...1. |               |                __vma_start_exclude_readers() {
 0)  ...1. |   0.151 us    |                  finish_rcuwait();
 0)  ...1. |   0.481 us    |                }
 0)  ...1. |   0.802 us    |              }
 0)  ...1. |   0.151 us    |              unlink_anon_vmas();
 0)  ...1. |   0.151 us    |              unlink_file_vma_batch_add();
 0)  ...1. |               |              __vma_start_write() {
 0)  ...1. |               |                __vma_start_exclude_readers() {
 0)  ...1. |   0.151 us    |                  finish_rcuwait();
 0)  ...1. |   0.471 us    |                }
 0)  ...1. |   0.801 us    |              }
 0)  ...1. |               |              unlink_anon_vmas() {
 0)  ...1. |   0.160 us    |                down_write();
 0)  ...1. |   0.191 us    |                anon_vma_interval_tree_remove();
 0)  ...1. |   0.149 us    |                up_write();
 0)  ...1. |               |                __put_anon_vma() {
 0)  ...1. |   0.191 us    |                  kmem_cache_free();
 0)  ...1. |   0.521 us    |                }
 0)  ...1. |   0.160 us    |                kmem_cache_free();
 0)  ...1. |   2.265 us    |              }
 0)  ...1. |   0.151 us    |              unlink_file_vma_batch_add();
 0)  ...1. |               |              __vma_start_write() {
 0)  ...1. |               |                __vma_start_exclude_readers() {
 0)  ...1. |   0.141 us    |                  finish_rcuwait();
 0)  ...1. |   0.481 us    |                }
 0)  ...1. |   0.811 us    |              }
 0)  ...1. |               |              unlink_anon_vmas() {
 0)  ...1. |   0.150 us    |                down_write();
 0)  ...1. |   0.150 us    |                anon_vma_interval_tree_remove();
 0)  ...1. |   0.151 us    |                up_write();
 0)  ...1. |               |                __put_anon_vma() {
 0)  ...1. |   0.150 us    |                  kmem_cache_free();
 0)  ...1. |   0.481 us    |                }
 0)  ...1. |   0.150 us    |                kmem_cache_free();
 0)  ...1. |   2.134 us    |              }
 0)  ...1. |   0.161 us    |              unlink_file_vma_batch_add();
 0)  ...1. |               |              unlink_file_vma_batch_final() {
 0)  ...1. |               |                unlink_file_vma_batch_process() {
 0)  ...1. |   0.151 us    |                  down_write();
 0)  ...1. |   0.190 us    |                  vma_interval_tree_remove();
 0)  ...1. |   0.170 us    |                  vma_interval_tree_remove();
 0)  ...1. |   0.160 us    |                  vma_interval_tree_remove();
 0)  ...1. |   0.160 us    |                  vma_interval_tree_remove();
 0)  ...1. |   0.150 us    |                  up_write();
 0)  ...1. |   2.214 us    |                }
 0)  ...1. |   2.556 us    |              }
 0)  ...1. |               |              free_pgd_range() {
 0)  ...1. |               |                ___pte_free_tlb() {
 0)  ...1. |               |                  tlb_remove_table() {
 0)  ...1. |               |                    get_free_pages_noprof() {
 0)  ...1. |               |                      alloc_pages_noprof() {
 0)  ...1. |               |                        alloc_pages_mpol() {
 0)  ...1. |   0.171 us    |                          policy_nodemask();
 0)  ...1. |               |                          __alloc_frozen_pages_noprof() {
 0)  ...1. |               |                            get_page_from_freelist() {
 0)  ...2. |   0.151 us    |                              _raw_spin_trylock();
 0)  ...3. |   0.160 us    |                              _raw_spin_unlock();
 0)  ...1. |   0.191 us    |                              kernel_init_pages();
 0)  ...1. |   1.233 us    |                            }
 0)  ...1. |   1.573 us    |                          }
 0)  ...1. |   2.405 us    |                        }
 0)  ...1. |   2.734 us    |                      }
 0)  ...1. |   3.056 us    |                    }
 0)  ...1. |   3.397 us    |                  }
 0)  ...1. |   3.736 us    |                }
 0)  ...1. |               |                ___pmd_free_tlb() {
 0)  ...1. |   0.151 us    |                  tlb_remove_table();
 0)  ...1. |   0.481 us    |                }
 0)  ...1. |               |                ___pud_free_tlb() {
 0)  ...1. |   0.151 us    |                  tlb_remove_table();
 0)  ...1. |   0.471 us    |                }
 0)  ...1. |   5.530 us    |              }
 0)  ...1. |               |              __vma_start_write() {
 0)  ...1. |               |                __vma_start_exclude_readers() {
 0)  ...1. |   0.151 us    |                  finish_rcuwait();
 0)  ...1. |   0.491 us    |                }
 0)  ...1. |   0.811 us    |              }
 0)  ...1. |               |              unlink_anon_vmas() {
 0)  ...1. |   0.160 us    |                down_write();
 0)  ...1. |   0.149 us    |                anon_vma_interval_tree_remove();
 0)  ...1. |   0.151 us    |                up_write();
 0)  ...1. |               |                __put_anon_vma() {
 0)  ...1. |               |                  kmem_cache_free() {
 0)  ...2. |   0.220 us    |                    __pcs_replace_full_main();
 0)  ...1. |   0.591 us    |                  }
 0)  ...1. |   0.922 us    |                }
 0)  ...1. |   0.161 us    |                kmem_cache_free();
 0)  ...1. |   2.575 us    |              }
 0)  ...1. |   0.150 us    |              unlink_file_vma_batch_init();
 0)  ...1. |   0.161 us    |              unlink_file_vma_batch_add();
 0)  ...1. |   0.150 us    |              unlink_file_vma_batch_final();
 0)  ...1. |               |              free_pgd_range() {
 0)  ...1. |               |                ___pte_free_tlb() {
 0)  ...1. |   0.160 us    |                  tlb_remove_table();
 0)  ...1. |   0.481 us    |                }
 0)  ...1. |               |                ___pmd_free_tlb() {
 0)  ...1. |   0.149 us    |                  tlb_remove_table();
 0)  ...1. |   0.471 us    |                }
 0)  ...1. |               |                ___pud_free_tlb() {
 0)  ...1. |   0.150 us    |                  tlb_remove_table();
 0)  ...1. |   0.471 us    |                }
 0)  ...1. |   2.184 us    |              }
 0)  ...1. | + 33.553 us   |            }
 0)  ...1. |               |            tlb_finish_mmu() {
 0)  ...1. |               |              flush_tlb_mm_range() {
 0)  d..2. |               |                flush_tlb_func() {
 0)  d..2. |   0.160 us    |                  mm_needs_global_asid();
 0)  d..2. |               |                  switch_mm_irqs_off() {
 0)  d..2. |   0.150 us    |                    choose_new_asid();
 0)  d..2. |   0.151 us    |                    switch_ldt();
 0)  d..2. |   1.192 us    |                  }
 0)  d..2. |   1.863 us    |                }
 0)  ...1. |   2.264 us    |              }
 0)  ...1. |               |              call_rcu() {
 0)  ...1. |               |                __call_rcu_common() {
 0)  d..1. |   0.150 us    |                  rcu_async_should_hurry();
 0)  d..1. |   0.181 us    |                  rcu_segcblist_enqueue();
 0)  ...1. |   0.871 us    |                }
 0)  ...1. |   1.203 us    |              }
 0)  ...1. |               |              __tlb_batch_free_encoded_pages() {
 0)  ...1. |               |                free_pages_and_swap_cache() {
 0)  ...1. |   0.151 us    |                  free_swap_cache();
 0)  ...1. |   0.150 us    |                  free_swap_cache();
 0)  ...1. |   0.150 us    |                  free_swap_cache();
 0)  ...1. |   0.151 us    |                  free_swap_cache();
 0)  ...1. |   0.280 us    |                  free_swap_cache();
 0)  ...1. |   0.150 us    |                  free_swap_cache();
 0)  ...1. |   0.140 us    |                  free_swap_cache();
 0)  ...1. |   0.201 us    |                  folios_put_refs();
 0)  ...1. |   2.986 us    |                }
 0)  ...1. |   3.336 us    |              }
 0)  ...1. |               |              __tlb_batch_free_encoded_pages() {
 0)  ...1. |               |                free_pages_and_swap_cache() {
 0)  ...1. |   0.151 us    |                  free_swap_cache();
 0)  ...1. |   0.150 us    |                  free_swap_cache();
 0)  ...1. |   0.151 us    |                  free_swap_cache();
 0)  ...1. |   0.150 us    |                  free_swap_cache();
 0)  ...1. |   0.151 us    |                  free_swap_cache();
 0)  ...1. |   0.150 us    |                  free_swap_cache();
 0)  ...1. |   0.150 us    |                  free_swap_cache();
 0)  ...1. |   0.151 us    |                  free_swap_cache();
 0)  ...1. |   0.150 us    |                  free_swap_cache();
 0)  ...1. |   0.151 us    |                  free_swap_cache();
 0)  ...1. |   0.150 us    |                  free_swap_cache();
 0)  ...1. |   0.160 us    |                  free_swap_cache();
 0)  ...1. |   0.160 us    |                  free_swap_cache();
 0)  ...1. |   0.160 us    |                  free_swap_cache();
 0)  ...1. |   0.151 us    |                  free_swap_cache();
 0)  ...1. |   0.149 us    |                  free_swap_cache();
 0)  ...1. |   0.150 us    |                  free_swap_cache();
 0)  ...1. |   0.150 us    |                  free_swap_cache();
 0)  ...1. |   0.151 us    |                  free_swap_cache();
 0)  ...1. |   0.150 us    |                  free_swap_cache();
 0)  ...1. |   0.160 us    |                  free_swap_cache();
 0)  ...1. |   0.151 us    |                  free_swap_cache();
 0)  ...1. |   0.150 us    |                  free_swap_cache();
 0)  ...1. |   0.151 us    |                  free_swap_cache();
 0)  ...1. |   0.150 us    |                  free_swap_cache();
 0)  ...1. |   0.151 us    |                  free_swap_cache();
 0)  ...1. |   0.150 us    |                  free_swap_cache();
 0)  ...1. |   0.150 us    |                  free_swap_cache();
 0)  ...1. |   0.149 us    |                  free_swap_cache();
 0)  ...1. |   0.151 us    |                  free_swap_cache();
 0)  ...1. |   0.160 us    |                  free_swap_cache();
 0)  ...1. |   0.210 us    |                  folios_put_refs();
 0)  ...1. |   0.151 us    |                  free_swap_cache();
 0)  ...1. |   0.150 us    |                  free_swap_cache();
 0)  ...1. |   0.160 us    |                  free_swap_cache();
 0)  ...1. |   0.150 us    |                  free_swap_cache();
 0)  ...1. |   0.161 us    |                  free_swap_cache();
 0)  ...1. |   0.161 us    |                  free_swap_cache();
 0)  ...1. |   0.151 us    |                  free_swap_cache();
 0)  ...1. |   0.149 us    |                  free_swap_cache();
 0)  ...1. |   0.150 us    |                  free_swap_cache();
 0)  ...1. |   0.150 us    |                  free_swap_cache();
 0)  ...1. |   0.151 us    |                  free_swap_cache();
 0)  ...1. |   0.150 us    |                  free_swap_cache();
 0)  ...1. |   0.160 us    |                  free_swap_cache();
 0)  ...1. |   0.280 us    |                  free_swap_cache();
 0)  ...1. |   0.150 us    |                  free_swap_cache();
 0)  ...1. |   0.150 us    |                  free_swap_cache();
 0)  ...1. |   0.150 us    |                  free_swap_cache();
 0)  ...1. |   0.151 us    |                  free_swap_cache();
 0)  ...1. |   0.149 us    |                  free_swap_cache();
 0)  ...1. |   0.160 us    |                  free_swap_cache();
 0)  ...1. |   0.151 us    |                  free_swap_cache();
 0)  ...1. |   0.150 us    |                  free_swap_cache();
 0)  ...1. |   0.150 us    |                  free_swap_cache();
 0)  ...1. |   0.151 us    |                  free_swap_cache();
 0)  ...1. |   0.150 us    |                  free_swap_cache();
 0)  ...1. |   0.150 us    |                  free_swap_cache();
 0)  ...1. |   0.151 us    |                  free_swap_cache();
 0)  ...1. |   0.150 us    |                  free_swap_cache();
 0)  ...1. |   0.150 us    |                  free_swap_cache();
 0)  ...1. |   0.150 us    |                  free_swap_cache();
 0)  ...1. |   0.151 us    |                  free_swap_cache();
 0)  ...1. |   0.189 us    |                  folios_put_refs();
 0)  ...1. |   0.151 us    |                  free_swap_cache();
 0)  ...1. |   0.150 us    |                  free_swap_cache();
 0)  ...1. |   0.150 us    |                  free_swap_cache();
 0)  ...1. |   0.150 us    |                  free_swap_cache();
 0)  ...1. |   0.151 us    |                  free_swap_cache();
 0)  ...1. |   0.150 us    |                  free_swap_cache();
 0)  ...1. |   0.150 us    |                  free_swap_cache();
 0)  ...1. |   0.151 us    |                  free_swap_cache();
 0)  ...1. |   0.150 us    |                  free_swap_cache();
 0)  ...1. |   0.150 us    |                  free_swap_cache();
 0)  ...1. |   0.150 us    |                  free_swap_cache();
 0)  ...1. |   0.150 us    |                  free_swap_cache();
 0)  ...1. |   0.151 us    |                  free_swap_cache();
 0)  ...1. |   0.150 us    |                  free_swap_cache();
 0)  ...1. |   0.150 us    |                  free_swap_cache();
 0)  ...1. |   0.151 us    |                  free_swap_cache();
 0)  ...1. |   0.150 us    |                  free_swap_cache();
 0)  ...1. |   0.151 us    |                  free_swap_cache();
 0)  ...1. |   0.150 us    |                  free_swap_cache();
 0)  ...1. |   0.150 us    |                  free_swap_cache();
 0)  ...1. |   0.151 us    |                  free_swap_cache();
 0)  ...1. |   0.150 us    |                  free_swap_cache();
 0)  ...1. |   0.140 us    |                  free_swap_cache();
 0)  ...1. |   0.150 us    |                  free_swap_cache();
 0)  ...1. |   0.150 us    |                  free_swap_cache();
 0)  ...1. |   0.151 us    |                  free_swap_cache();
 0)  ...1. |   0.150 us    |                  free_swap_cache();
 0)  ...1. |   0.150 us    |                  free_swap_cache();
 0)  ...1. |   0.150 us    |                  free_swap_cache();
 0)  ...1. |   0.150 us    |                  free_swap_cache();
 0)  ...1. |   0.151 us    |                  free_swap_cache();
 0)  ...1. |   0.190 us    |                  folios_put_refs();
 0)  ...1. |   0.280 us    |                  free_swap_cache();
 0)  ...1. |   0.150 us    |                  free_swap_cache();
 0)  ...1. |   0.150 us    |                  free_swap_cache();
 0)  ...1. |   0.151 us    |                  free_swap_cache();
 0)  ...1. |   0.151 us    |                  free_swap_cache();
 0)  ...1. |   0.150 us    |                  free_swap_cache();
 0)  ...1. |   0.150 us    |                  free_swap_cache();
 0)  ...1. |   0.150 us    |                  free_swap_cache();
 0)  ...1. |   0.150 us    |                  free_swap_cache();
 0)  ...1. |   0.151 us    |                  free_swap_cache();
 0)  ...1. |   0.150 us    |                  free_swap_cache();
 0)  ...1. |   0.150 us    |                  free_swap_cache();
 0)  ...1. |   0.150 us    |                  free_swap_cache();
 0)  ...1. |   0.150 us    |                  free_swap_cache();
 0)  ...1. |   0.151 us    |                  free_swap_cache();
 0)  ...1. |   0.151 us    |                  free_swap_cache();
 0)  ...1. |   0.151 us    |                  free_swap_cache();
 0)  ...1. |   0.150 us    |                  free_swap_cache();
 0)  ...1. |   0.150 us    |                  free_swap_cache();
 0)  ...1. |   0.149 us    |                  free_swap_cache();
 0)  ...1. |   0.151 us    |                  free_swap_cache();
 0)  ...1. |   0.151 us    |                  free_swap_cache();
 0)  ...1. |   0.149 us    |                  free_swap_cache();
 0)  ...1. |   0.150 us    |                  free_swap_cache();
 0)  ...1. |   0.151 us    |                  free_swap_cache();
 0)  ...1. |   0.151 us    |                  free_swap_cache();
 0)  ...1. |   0.151 us    |                  free_swap_cache();
 0)  ...1. |   0.149 us    |                  free_swap_cache();
 0)  ...1. |   0.150 us    |                  free_swap_cache();
 0)  ...1. |   0.150 us    |                  free_swap_cache();
 0)  ...1. |   0.151 us    |                  free_swap_cache();
 0)  ...1. |   0.190 us    |                  folios_put_refs();
 0)  ...1. |   0.151 us    |                  free_swap_cache();
 0)  ...1. |   0.150 us    |                  free_swap_cache();
 0)  ...1. |   0.150 us    |                  free_swap_cache();
 0)  ...1. |   0.151 us    |                  free_swap_cache();
 0)  ...1. |   0.150 us    |                  free_swap_cache();
 0)  ...1. |   0.150 us    |                  free_swap_cache();
 0)  ...1. |   0.150 us    |                  free_swap_cache();
 0)  ...1. |   0.150 us    |                  free_swap_cache();
 0)  ...1. |   0.151 us    |                  free_swap_cache();
 0)  ...1. |   0.150 us    |                  free_swap_cache();
 0)  ...1. |   0.150 us    |                  free_swap_cache();
 0)  ...1. |   0.150 us    |                  free_swap_cache();
 0)  ...1. |   0.150 us    |                  free_swap_cache();
 0)  ...1. |   0.151 us    |                  free_swap_cache();
 0)  ...1. |   0.151 us    |                  free_swap_cache();
 0)  ...1. |   0.150 us    |                  free_swap_cache();
 0)  ...1. |   0.150 us    |                  free_swap_cache();
 0)  ...1. |   0.150 us    |                  free_swap_cache();
 0)  ...1. |   0.151 us    |                  free_swap_cache();
 0)  ...1. |   0.291 us    |                  free_swap_cache();
 0)  ...1. |   0.150 us    |                  free_swap_cache();
 0)  ...1. |   0.151 us    |                  free_swap_cache();
 0)  ...1. |   0.150 us    |                  free_swap_cache();
 0)  ...1. |   0.150 us    |                  free_swap_cache();
 0)  ...1. |   0.151 us    |                  free_swap_cache();
 0)  ...1. |   0.150 us    |                  free_swap_cache();
 0)  ...1. |   0.150 us    |                  free_swap_cache();
 0)  ...1. |   0.150 us    |                  free_swap_cache();
 0)  ...1. |   0.150 us    |                  free_swap_cache();
 0)  ...1. |   0.151 us    |                  free_swap_cache();
 0)  ...1. |   0.190 us    |                  folios_put_refs();
 0)  ...1. | + 52.739 us   |                }
 0)  ...1. | + 53.070 us   |              }
 0)  ...1. |               |              free_pages() {
 0)  ...1. |               |                ___free_pages() {
 0)  ...1. |               |                  __free_frozen_pages() {
 0)  ...1. |   0.169 us    |                    __get_pfnblock_flags_mask.isra.0();
 0)  ...2. |   0.151 us    |                    _raw_spin_trylock();
 0)  ...3. |   0.170 us    |                    free_frozen_page_commit();
 0)  ...3. |   0.160 us    |                    _raw_spin_unlock();
 0)  ...1. |   1.533 us    |                  }
 0)  ...1. |   1.863 us    |                }
 0)  ...1. |   2.193 us    |              }
 0)  ...1. | + 63.209 us   |            }
 0)  ...1. |               |            tear_down_vmas() {
 0)  ...1. |               |              remove_vma() {
 0)  ...1. |   0.160 us    |                special_mapping_close();
 0)  ...1. |               |                vm_area_free() {
 0)  ...1. |   0.160 us    |                  kfree();
 0)  ...1. |   0.181 us    |                  kmem_cache_free();
 0)  ...1. |   0.852 us    |                }
 0)  ...1. |   1.572 us    |              }
 0)  ...1. |               |              remove_vma() {
 0)  ...1. |   0.151 us    |                special_mapping_close();
 0)  ...1. |               |                vm_area_free() {
 0)  ...1. |   0.151 us    |                  kfree();
 0)  ...1. |   0.150 us    |                  kmem_cache_free();
 0)  ...1. |   0.802 us    |                }
 0)  ...1. |   1.452 us    |              }
 0)  ...1. |               |              remove_vma() {
 0)  ...1. |   0.151 us    |                special_mapping_close();
 0)  ...1. |               |                vm_area_free() {
 0)  ...1. |   0.151 us    |                  kfree();
 0)  ...1. |   0.160 us    |                  kmem_cache_free();
 0)  ...1. |   0.802 us    |                }
 0)  ...1. |   1.452 us    |              }
 0)  ...1. |               |              remove_vma() {
 0)  ...1. |   0.169 us    |                fput();
 0)  ...1. |               |                vm_area_free() {
 0)  ...1. |   0.149 us    |                  kfree();
 0)  ...1. |   0.151 us    |                  kmem_cache_free();
 0)  ...1. |   0.801 us    |                }
 0)  ...1. |   1.483 us    |              }
 0)  ...1. |               |              remove_vma() {
 0)  ...1. |   0.150 us    |                fput();
 0)  ...1. |               |                vm_area_free() {
 0)  ...1. |   0.150 us    |                  kfree();
 0)  ...1. |   0.161 us    |                  kmem_cache_free();
 0)  ...1. |   0.801 us    |                }
 0)  ...1. |   1.453 us    |              }
 0)  ...1. |               |              remove_vma() {
 0)  ...1. |   0.150 us    |                fput();
 0)  ...1. |               |                vm_area_free() {
 0)  ...1. |   0.151 us    |                  kfree();
 0)  ...1. |   0.150 us    |                  kmem_cache_free();
 0)  ...1. |   0.802 us    |                }
 0)  ...1. |   1.452 us    |              }
 0)  ...1. |               |              remove_vma() {
 0)  ...1. |   0.150 us    |                fput();
 0)  ...1. |               |                vm_area_free() {
 0)  ...1. |   0.151 us    |                  kfree();
 0)  ...1. |   0.160 us    |                  kmem_cache_free();
 0)  ...1. |   0.802 us    |                }
 0)  ...1. |   1.512 us    |              }
 0)  ...1. |               |              remove_vma() {
 0)  ...1. |               |                vm_area_free() {
 0)  ...1. |   0.151 us    |                  kfree();
 0)  ...1. |   0.149 us    |                  kmem_cache_free();
 0)  ...1. |   0.801 us    |                }
 0)  ...1. |   1.132 us    |              }
 0)  ...1. |               |              remove_vma() {
 0)  ...1. |               |                vm_area_free() {
 0)  ...1. |   0.150 us    |                  kfree();
 0)  ...1. |   0.150 us    |                  kmem_cache_free();
 0)  ...1. |   0.801 us    |                }
 0)  ...1. |   1.122 us    |              }
 0)  ...1. | + 14.858 us   |            }
 0)  ...1. |   0.189 us    |            kfree();
 0)  ...1. |   0.151 us    |            up_write();
 0)  ...1. | ! 463.640 us  |          }
 0)  ...1. |   0.161 us    |          mm_put_huge_zero_folio();
 0)  ...1. |               |          fput() {
 0)  ...2. |   0.160 us    |            __file_ref_put();
 0)  ...1. |               |            __fput_deferred() {
 0)  ...1. |               |              task_work_add() {
 0)  ...1. |   0.160 us    |                kick_process();
 0)  ...1. |   0.491 us    |              }
 0)  ...1. |   0.842 us    |            }
 0)  ...1. |   1.534 us    |          }
 0)  ...1. |   0.150 us    |          module_put();
 0)  ...1. |               |          lru_gen_del_mm() {
 0)  ...1. |   0.150 us    |            _raw_spin_lock();
 0)  ...2. |   0.171 us    |            _raw_spin_unlock();
 0)  ...1. |   0.872 us    |          }
 0)  ...1. |               |          futex_hash_free() {
 0)  ...1. |   0.160 us    |            free_percpu();
 0)  ...1. |               |            kvfree() {
 0)  ...1. |   0.160 us    |              is_vmalloc_addr();
 0)  ...1. |   0.151 us    |              kfree();
 0)  ...1. |   0.822 us    |            }
 0)  ...1. |   1.523 us    |          }
 0)  ...1. | ! 471.314 us  |        }
 0)  ...1. |               |        acct_process() {
 0)  ...1. |   0.180 us    |          task_active_pid_ns();
 0)  ...1. |   0.642 us    |        }
 0)  ...1. |   0.170 us    |        exit_sem();
 0)  ...1. |               |        exit_shm() {
 0)  ...1. |   0.151 us    |          _raw_spin_lock();
 0)  ...2. |   0.161 us    |          _raw_spin_unlock();
 0)  ...1. |   0.821 us    |        }
 0)  ...1. |               |        exit_files() {
 0)  ...1. |   0.151 us    |          _raw_spin_lock();
 0)  ...2. |   0.161 us    |          _raw_spin_unlock();
 0)  ...1. |               |          put_files_struct.part.0() {
 0)  ...1. |               |            filp_close() {
 0)  ...1. |               |              filp_flush() {
 0)  ...1. |   0.230 us    |                dnotify_flush();
 0)  ...1. |   0.161 us    |                locks_remove_posix();
 0)  ...1. |   1.253 us    |              }
 0)  ...1. |   0.161 us    |              fput_close();
 0)  ...1. |   1.924 us    |            }
 0)  ...1. |               |            filp_close() {
 0)  ...1. |               |              filp_flush() {
 0)  ...1. |   0.150 us    |                dnotify_flush();
 0)  ...1. |   0.151 us    |                locks_remove_posix();
 0)  ...1. |   0.832 us    |              }
 0)  ...1. |   0.151 us    |              fput_close();
 0)  ...1. |   1.483 us    |            }
 0)  ...1. |               |            filp_close() {
 0)  ...1. |               |              filp_flush() {
 0)  ...1. |   0.171 us    |                dnotify_flush();
 0)  ...1. |   0.150 us    |                locks_remove_posix();
 0)  ...1. |   0.873 us    |              }
 0)  ...1. |   0.150 us    |              fput_close();
 0)  ...1. |   1.543 us    |            }
 0)  ...1. |   0.412 us    |            kmem_cache_free();
 0)  ...1. |   6.413 us    |          }
 0)  ...1. |   7.444 us    |        }
 0)  ...1. |               |        exit_fs() {
 0)  ...1. |   0.150 us    |          _raw_spin_lock();
 0)  ...2. |   0.150 us    |          _raw_spin_lock();
 0)  ...3. |   0.160 us    |          _raw_spin_unlock();
 0)  ...2. |   0.160 us    |          _raw_spin_unlock();
 0)  ...1. |               |          path_put() {
 0)  ...1. |               |            dput() {
 0)  ...1. |               |              dput.part.0() {
 0)  ...1. |   0.151 us    |                __rcu_read_lock();
 0)  ...1. |   0.151 us    |                __rcu_read_unlock();
 0)  ...1. |   0.831 us    |              }
 0)  ...1. |   1.162 us    |            }
 0)  ...1. |               |            mntput() {
 0)  ...1. |   0.150 us    |              __rcu_read_lock();
 0)  ...1. |   0.151 us    |              __rcu_read_unlock();
 0)  ...1. |   0.811 us    |            }
 0)  ...1. |   2.504 us    |          }
 0)  ...1. |               |          path_put() {
 0)  ...1. |               |            dput() {
 0)  ...1. |               |              dput.part.0() {
 0)  ...1. |   0.151 us    |                __rcu_read_lock();
 0)  ...1. |   0.151 us    |                __rcu_read_unlock();
 0)  ...1. |   0.831 us    |              }
 0)  ...1. |   1.152 us    |            }
 0)  ...1. |               |            mntput() {
 0)  ...1. |   0.150 us    |              __rcu_read_lock();
 0)  ...1. |   0.151 us    |              __rcu_read_unlock();
 0)  ...1. |   0.831 us    |            }
 0)  ...1. |   2.484 us    |          }
 0)  ...1. |   0.160 us    |          kmem_cache_free();
 0)  ...1. |   7.224 us    |        }
 0)  ...1. |   0.161 us    |        disassociate_ctty();
 0)  ...1. |               |        exit_nsproxy_namespaces() {
 0)  ...1. |               |          switch_task_namespaces() {
 0)  ...1. |   0.151 us    |            _raw_spin_lock();
 0)  ...2. |   0.160 us    |            _raw_spin_unlock();
 0)  ...1. |   0.832 us    |          }
 0)  ...1. |   1.162 us    |        }
 0)  ...1. |               |        task_work_run() {
 0)  ...1. |   0.149 us    |          _raw_spin_lock_irq();
 0)  d..2. |   0.160 us    |          _raw_spin_unlock_irq();
 0)  ...1. |               |          ____fput() {
 0)  ...1. |               |            __fput() {
 0)  ...1. |   0.151 us    |              locks_remove_file();
 0)  ...1. |               |              security_file_release() {
 0)  ...1. |   0.151 us    |                bpf_lsm_file_release();
 0)  ...1. |   0.491 us    |              }
 0)  ...1. |   0.161 us    |              module_put();
 0)  ...1. |   0.150 us    |              file_f_owner_release();
 0)  ...1. |               |              dput() {
 0)  ...1. |               |                dput.part.0() {
 0)  ...1. |   0.150 us    |                  __rcu_read_lock();
 0)  ...1. |   0.151 us    |                  __rcu_read_unlock();
 0)  ...1. |   0.801 us    |                }
 0)  ...1. |   1.122 us    |              }
 0)  ...1. |               |              mntput() {
 0)  ...1. |   0.150 us    |                __rcu_read_lock();
 0)  ...1. |   0.150 us    |                __rcu_read_unlock();
 0)  ...1. |   0.792 us    |              }
 0)  ...1. |               |              security_file_free() {
 0)  ...1. |               |                hook_file_free_security() {
 0)  ...1. |   0.210 us    |                  put_pid();
 0)  ...1. |   0.150 us    |                  landlock_put_ruleset_deferred();
 0)  ...1. |   0.902 us    |                }
 0)  ...1. |   0.151 us    |                bpf_lsm_file_free_security();
 0)  ...1. |   0.161 us    |                kmem_cache_free();
 0)  ...1. |   1.903 us    |              }
 0)  ...1. |               |              __put_cred() {
 0)  ...1. |               |                call_rcu() {
 0)  ...1. |               |                  __call_rcu_common() {
 0)  d..1. |   0.151 us    |                    rcu_async_should_hurry();
 0)  d..1. |   0.149 us    |                    rcu_segcblist_enqueue();
 0)  ...1. |   0.812 us    |                  }
 0)  ...1. |   1.122 us    |                }
 0)  ...1. |   1.454 us    |              }
 0)  ...1. |   0.180 us    |              kmem_cache_free();
 0)  ...1. |   8.275 us    |            }
 0)  ...1. |   8.587 us    |          }
 0)  ...1. |   9.608 us    |        }
 0)  ...1. |               |        exit_thread() {
 0)  ...1. |   0.160 us    |          shstk_free();
 0)  ...1. |   0.169 us    |          fpu__drop();
 0)  ...1. |   0.852 us    |        }
 0)  ...1. |               |        sched_autogroup_exit_task() {
 0)  ...1. |               |          sched_move_task() {
 0)  ...1. |               |            _task_rq_lock() {
 0)  ...1. |   0.160 us    |              _raw_spin_lock_irqsave();
 0)  d..2. |               |              raw_spin_rq_lock_nested() {
 0)  d..3. |   0.151 us    |                _raw_spin_lock();
 0)  d..3. |   0.481 us    |              }
 0)  d..3. |   1.153 us    |            }
 0)  d..3. |               |            sched_change_begin() {
 0)  d..3. |               |              update_rq_clock() {
 0)  d..3. |   0.161 us    |                kvm_steal_clock();
 0)  d..3. |               |                update_irq_load_avg() {
 0)  d..3. |   0.151 us    |                  arch_scale_cpu_capacity();
 0)  d..3. |   0.501 us    |                }
 0)  d..3. |   0.149 us    |                arch_scale_cpu_capacity();
 0)  d..3. |   1.543 us    |              }
 0)  d..3. |               |              dequeue_task_fair() {
 0)  d..3. |               |                dequeue_entities() {
 0)  d..3. |               |                  update_curr() {
 0)  d..3. |               |                    update_se() {
 0)  d..3. |   0.160 us    |                      cpuacct_charge();
 0)  d..3. |   0.490 us    |                    }
 0)  d..3. |   0.170 us    |                    avg_vruntime();
 0)  d..3. |               |                    dl_server_update() {
 0)  d..3. |   0.160 us    |                      update_curr_dl_se();
 0)  d..3. |   0.481 us    |                    }
 0)  d..3. |   1.873 us    |                  }
 0)  d..3. |   0.181 us    |                  __update_load_avg_se();
 0)  d..3. |   0.170 us    |                  __update_load_avg_cfs_rq();
 0)  d..3. |   0.160 us    |                  avg_vruntime();
 0)  d..3. |   0.160 us    |                  entity_lag.isra.0();
 0)  d..3. |   0.150 us    |                  update_cfs_group();
 0)  d..3. |   4.078 us    |                }
 0)  d..3. |   4.428 us    |              }
 0)  d..3. |               |              put_prev_task_fair() {
 0)  d..3. |   0.151 us    |                put_prev_entity();
 0)  d..3. |   0.501 us    |              }
 0)  d..3. |   7.305 us    |            }
 0)  d..3. |   0.160 us    |            task_wants_autogroup();
 0)  d..3. |               |            task_change_group_fair() {
 0)  d..3. |   0.160 us    |              __update_load_avg_se();
 0)  d..3. |   0.160 us    |              __update_load_avg_cfs_rq();
 0)  d..3. |   0.171 us    |              detach_entity_load_avg();
 0)  d..3. |   0.200 us    |              propagate_entity_cfs_rq();
 0)  d..3. |               |              attach_entity_cfs_rq() {
 0)  d..3. |   0.150 us    |                __update_load_avg_cfs_rq();
 0)  d..3. |   0.190 us    |                attach_entity_load_avg();
 0)  d..3. |   0.160 us    |                propagate_entity_cfs_rq();
 0)  d..3. |   1.202 us    |              }
 0)  d..3. |   3.086 us    |            }
 0)  d..3. |               |            sched_change_end() {
 0)  d..3. |               |              enqueue_task() {
 0)  d..3. |               |                enqueue_task_fair() {
 0)  d..3. |   0.160 us    |                  update_curr();
 0)  d..3. |   0.160 us    |                  __update_load_avg_se();
 0)  d..3. |   0.151 us    |                  __update_load_avg_cfs_rq();
 0)  d..3. |   0.150 us    |                  update_cfs_group();
 0)  d..3. |               |                  place_entity() {
 0)  d..3. |   0.160 us    |                    avg_vruntime();
 0)  d..3. |   0.511 us    |                  }
 0)  d..3. |   0.191 us    |                  __enqueue_entity();
 0)  d..3. |   0.160 us    |                  dl_server_start();
 0)  d..3. |   0.150 us    |                  hrtimer_active();
 0)  d..3. |   0.160 us    |                  hrtick_start_fair();
 0)  d..3. |   3.676 us    |                }
 0)  d..3. |   4.038 us    |              }
 0)  d..3. |               |              set_next_task_fair() {
 0)  d..3. |               |                set_next_entity() {
 0)  d..3. |   0.180 us    |                  __dequeue_entity();
 0)  d..3. |   0.149 us    |                  __update_load_avg_se();
 0)  d..3. |   0.151 us    |                  __update_load_avg_cfs_rq();
 0)  d..3. |   1.222 us    |                }
 0)  d..3. |   1.573 us    |              }
 0)  d..3. |   0.160 us    |              prio_changed_fair();
 0)  d..3. |   6.522 us    |            }
 0)  d..3. |   0.171 us    |            __resched_curr();
 0)  dN.3. |   0.151 us    |            __balance_callbacks();
 0)  dN.3. |   0.150 us    |            _raw_spin_unlock();
 0)  dN.2. |               |            _raw_spin_unlock_irqrestore() {
 0)  dN.2. |   0.190 us    |              rcu_note_context_switch();
 0)  dN.2. |   0.161 us    |              migrate_disable_switch.isra.0();
 0)  dN.2. |               |              raw_spin_rq_lock_nested() {
 0)  dN.3. |   0.149 us    |                _raw_spin_lock();
 0)  dN.3. |   0.481 us    |              }
 0)  dN.3. |               |              update_rq_clock() {
 0)  dN.3. |   0.161 us    |                kvm_steal_clock();
 0)  dN.3. |   0.149 us    |                arch_scale_cpu_capacity();
 0)  dN.3. |   0.842 us    |              }
 0)  dN.3. |               |              pick_next_task_fair() {
 0)  dN.3. |               |                pick_task_fair() {
 0)  dN.3. |               |                  update_curr() {
 0)  dN.3. |               |                    update_se() {
 0)  dN.3. |   0.151 us    |                      cpuacct_charge();
 0)  dN.3. |   0.480 us    |                    }
 0)  dN.3. |               |                    dl_server_update() {
 0)  dN.3. |   0.160 us    |                      update_curr_dl_se();
 0)  dN.3. |   0.481 us    |                    }
 0)  dN.3. |   1.483 us    |                  }
 0)  dN.3. |   0.190 us    |                  pick_eevdf();
 0)  dN.3. |   2.185 us    |                }
 0)  dN.3. |   2.544 us    |              }
 0)  d..3. |   0.161 us    |              _raw_spin_unlock();
 0)  ...1. |   5.821 us    |            }
 0)  ...1. | + 26.480 us   |          }
 0)  ...1. | + 26.899 us   |        }
 0)  ...1. |               |        cgroup_task_exit() {
 0)  ...1. |   0.161 us    |          blkcg_exit();
 0)  ...1. |   0.160 us    |          mem_cgroup_exit();
 0)  ...1. |   1.272 us    |        }
 0)  ...1. |               |        flush_ptrace_hw_breakpoint() {
 0)  ...1. |   0.151 us    |          unregister_hw_breakpoint();
 0)  ...1. |   0.150 us    |          unregister_hw_breakpoint();
 0)  ...1. |   0.151 us    |          unregister_hw_breakpoint();
 0)  ...1. |   0.151 us    |          unregister_hw_breakpoint();
 0)  ...1. |   1.502 us    |        }
 0)  ...1. |               |        exit_tasks_rcu_start() {
 0)  ...2. |   0.221 us    |          _raw_spin_lock_irqsave();
 0)  d..3. |   0.320 us    |          _raw_spin_unlock_irqrestore();
 0)  ...1. |   1.203 us    |        }
 0)  ...1. |   0.230 us    |        _raw_write_lock_irq();
 0)  d..2. |   0.151 us    |        task_active_pid_ns();
 0)  d..2. |   0.221 us    |        kill_orphaned_pgrp();
 0)  d..2. |               |        do_notify_parent() {
 0)  d..2. |               |          __wake_up() {
 0)  d..2. |   0.301 us    |            _raw_spin_lock_irqsave();
 0)  d..3. |   0.150 us    |            __wake_up_common();
 0)  d..3. |   0.160 us    |            _raw_spin_unlock_irqrestore();
 0)  d..2. |   1.312 us    |          }
 0)  d..2. |   0.150 us    |          __rcu_read_lock();
 0)  d..2. |   0.171 us    |          task_active_pid_ns();
 0)  d..2. |               |          __task_pid_nr_ns() {
 0)  d..2. |   0.149 us    |            __rcu_read_lock();
 0)  d..2. |   0.160 us    |            __rcu_read_unlock();
 0)  d..2. |   0.821 us    |          }
 0)  d..2. |   0.150 us    |          __rcu_read_lock();
 0)  d..2. |   0.150 us    |          __rcu_read_unlock();
 0)  d..2. |   0.151 us    |          __rcu_read_lock();
 0)  d..2. |   0.150 us    |          __rcu_read_unlock();
 0)  d..2. |               |          from_kuid_munged() {
 0)  d..2. |   0.150 us    |            map_id_range_up();
 0)  d..2. |   0.490 us    |          }
 0)  d..2. |   0.160 us    |          __rcu_read_unlock();
 0)  d..2. |   0.149 us    |          task_cputime();
 0)  d..2. |   0.161 us    |          nsec_to_clock_t();
 0)  d..2. |   0.160 us    |          nsec_to_clock_t();
 0)  d..2. |   0.161 us    |          _raw_spin_lock_irqsave();
 0)  d..3. |               |          __send_signal_locked() {
 0)  d..3. |   0.301 us    |            prepare_signal();
 0)  d..3. |               |            sig_get_ucounts() {
 0)  d..3. |   0.149 us    |              __rcu_read_lock();
 0)  d..3. |   0.150 us    |              __rcu_read_lock();
 0)  d..3. |   0.161 us    |              __rcu_read_unlock();
 0)  d..3. |   0.200 us    |              inc_rlimit_get_ucounts();
 0)  d..3. |   0.150 us    |              __rcu_read_unlock();
 0)  d..3. |   1.884 us    |            }
 0)  d..3. |   0.601 us    |            kmem_cache_alloc_noprof();
 0)  d..3. |               |            complete_signal() {
 0)  d..3. |               |              wake_up_state() {
 0)  d..3. |               |                try_to_wake_up() {
 0)  d..4. |   0.151 us    |                  _raw_spin_lock_irqsave();
 0)  d..5. |   0.360 us    |                  __traceiter_sched_waking();
 0)  d..5. |               |                  select_task_rq_fair() {
 0)  d..5. |   0.180 us    |                    choose_idle_cpu();
 0)  d..5. |   0.691 us    |                  }
 0)  d..5. |               |                  ttwu_queue_wakelist() {
 0)  d..5. |   0.160 us    |                    scx_allow_ttwu_queue();
 0)  d..5. |               |                    __smp_call_single_queue() {
 0)  d..5. |   0.161 us    |                      call_function_single_prep_ipi();
 0)  d..5. |               |                      native_send_call_func_single_ipi() {
 0)  d..5. |   1.843 us    |                        x2apic_send_IPI();
 0)  d..5. |   2.224 us    |                      }
 0)  d..5. |   2.936 us    |                    }
 0)  d..5. |   3.678 us    |                  }
 0)  d..5. |   0.170 us    |                  _raw_spin_unlock_irqrestore();
 0)  d..3. |   6.281 us    |                }
 0)  d..3. |   6.623 us    |              }
 0)  d..3. |   7.043 us    |            }
 0)  d..3. | + 11.201 us   |          }
 0)  d..3. |               |          __wake_up_parent() {
 0)  d..3. |               |            __wake_up_sync_key() {
 0)  d..3. |   0.161 us    |              _raw_spin_lock_irqsave();
 0)  d..4. |               |              __wake_up_common() {
 0)  d..4. |               |                child_wait_callback() {
 0)  d..4. |               |                  default_wake_function() {
 0)  d..4. |               |                    try_to_wake_up() {
 0)  d..5. |   0.149 us    |                      _raw_spin_lock_irqsave();
 0)  d..6. |   0.160 us    |                      _raw_spin_unlock_irqrestore();
 0)  d..4. |   1.011 us    |                    }
 0)  d..4. |   1.342 us    |                  }
 0)  d..4. |   1.683 us    |                }
 0)  d..4. |   2.195 us    |              }
 0)  d..4. |   0.160 us    |              _raw_spin_unlock_irqrestore();
 0)  d..3. |   3.195 us    |            }
 0)  d..3. |   3.657 us    |          }
 0)  d..3. |   0.160 us    |          _raw_spin_unlock_irqrestore();
 0)  d..2. | + 23.094 us   |        }
 0)  d..2. |   0.170 us    |        _raw_write_unlock_irq();
 0)  ...1. |   0.230 us    |        proc_exit_connector();
 0)  ...1. |               |        mpol_put_task_policy() {
 0)  ...1. |   0.161 us    |          _raw_spin_lock();
 0)  ...2. |   0.160 us    |          _raw_spin_unlock();
 0)  ...1. |   0.833 us    |        }
 0)  ...1. |               |        free_pipe_info() {
 0)  ...1. |   0.190 us    |          free_uid();
 0)  ...1. |   0.391 us    |          kfree();
 0)  ...1. |   0.261 us    |          kfree();
 0)  ...1. |   1.814 us    |        }
 0)  ...1. |               |        exit_task_stack_account() {
 0)  ...1. |               |          lruvec_stat_mod_folio() {
 0)  ...1. |   0.150 us    |            __rcu_read_lock();
 0)  ...1. |   0.160 us    |            __rcu_read_unlock();
 0)  ...1. |   0.150 us    |            mod_node_page_state();
 0)  ...1. |   1.142 us    |          }
 0)  ...1. |               |          lruvec_stat_mod_folio() {
 0)  ...1. |   0.160 us    |            __rcu_read_lock();
 0)  ...1. |   0.150 us    |            __rcu_read_unlock();
 0)  ...1. |   0.151 us    |            mod_node_page_state();
 0)  ...1. |   1.122 us    |          }
 0)  ...1. |               |          lruvec_stat_mod_folio() {
 0)  ...1. |   0.160 us    |            __rcu_read_lock();
 0)  ...1. |   0.151 us    |            __rcu_read_unlock();
 0)  ...1. |   0.160 us    |            mod_node_page_state();
 0)  ...1. |   1.133 us    |          }
 0)  ...1. |               |          lruvec_stat_mod_folio() {
 0)  ...1. |   0.150 us    |            __rcu_read_lock();
 0)  ...1. |   0.151 us    |            __rcu_read_unlock();
 0)  ...1. |   0.160 us    |            mod_node_page_state();
 0)  ...1. |   1.133 us    |          }
 0)  ...1. |   5.641 us    |        }
 0)  ...2. |   0.161 us    |        exit_rcu();
 0)  ...2. |               |        exit_tasks_rcu_finish() {
 0)  ...2. |   0.160 us    |          _raw_spin_lock_irqsave();
 0)  d..3. |   0.161 us    |          _raw_spin_unlock_irqrestore();
 0)  ...2. |   0.832 us    |        }
 0)  ...2. |               |        do_task_dead() {
 0)  ...2. |   0.160 us    |          _raw_spin_lock_irqsave();
 0)  d..3. |   0.161 us    |          _raw_spin_unlock_irqrestore();
 0)  d..2. |   0.180 us    |          rcu_note_context_switch();
 0)  d..2. |   0.160 us    |          migrate_disable_switch.isra.0();
 0)  d..2. |               |          raw_spin_rq_lock_nested() {
 0)  d..3. |   0.149 us    |            _raw_spin_lock();
 0)  d..3. |   0.481 us    |          }
 0)  d..3. |               |          update_rq_clock() {
 0)  d..3. |   0.161 us    |            kvm_steal_clock();
 0)  d..3. |   0.150 us    |            arch_scale_cpu_capacity();
 0)  d..3. |   0.852 us    |          }
 0)  d..3. |               |          dequeue_task_fair() {
 0)  d..3. |               |            dequeue_entities() {
 0)  d..3. |               |              update_curr() {
 0)  d..3. |               |                update_se() {
 0)  d..3. |   0.150 us    |                  cpuacct_charge();
 0)  d..3. |   0.511 us    |                }
 0)  d..3. |               |                dl_server_update() {
 0)  d..3. |   0.160 us    |                  update_curr_dl_se();
 0)  d..3. |   0.481 us    |                }
 0)  d..3. |   1.683 us    |              }
 0)  d..3. |   0.160 us    |              __update_load_avg_se();
 0)  d..3. |   0.171 us    |              __update_load_avg_cfs_rq();
 0)  d..3. |   0.160 us    |              avg_vruntime();
 0)  d..3. |   0.149 us    |              entity_lag.isra.0();
 0)  d..3. |   0.151 us    |              update_cfs_group();
 0)  d..3. |   3.828 us    |            }
 0)  d..3. |   4.168 us    |          }
 0)  d..3. |               |          pick_next_task_fair() {
 0)  d..3. |   0.160 us    |            pick_task_fair();
 0)  d..3. |   0.160 us    |            __msecs_to_jiffies();
 0)  d..3. |   0.902 us    |          }
 0)  d..3. |   0.160 us    |          pick_task_idle();
 0)  d..3. |               |          put_prev_task_fair() {
 0)  d..3. |   0.161 us    |            put_prev_entity();
 0)  d..3. |   0.510 us    |          }
 0)  d..3. |   0.170 us    |          set_next_task_idle();
 0)  d..3. |   0.171 us    |          psi_account_irqtime();
 0)  d..3. |               |          psi_task_switch() {
 0)  d..3. |   0.160 us    |            psi_flags_change();
 0)  d..3. |               |            psi_group_change() {
 0)  d..3. |   0.150 us    |              record_times();
 0)  d..3. |   0.531 us    |            }
 0)  d..3. |   1.323 us    |          }
 0)  d..3. |   0.681 us    |          __traceiter_sched_switch();
