# tracer: function_graph
#
#               FUNCTION CALLS
#               |   |   |   |
mutex_unlock();
__x64_sys_dup2() {
  ksys_dup3() {
    _raw_spin_lock();
    expand_files();
    do_dup2() {
      _raw_spin_unlock();
      filp_close() {
        filp_flush() {
          dnotify_flush();
          locks_remove_posix();
        }
        fput_close() {
          __fput_deferred() {
            task_work_add() {
              kick_process();
            }
          }
        }
      }
    }
  }
}
task_work_run() {
  _raw_spin_lock_irq();
  _raw_spin_unlock_irq();
  ____fput() {
    __fput() {
      locks_remove_file();
      security_file_release() {
        bpf_lsm_file_release();
      }
      mutex_lock();
      mutex_unlock();
      module_put();
      file_f_owner_release();
      mnt_put_write_access();
      dput() {
        dput.part.0() {
          __rcu_read_lock();
          __rcu_read_unlock();
        }
      }
      mntput() {
        __rcu_read_lock();
        __rcu_read_unlock();
      }
      security_file_free() {
        hook_file_free_security() {
          put_pid();
          landlock_put_ruleset_deferred();
        }
        bpf_lsm_file_free_security();
        kmem_cache_free();
      }
      kmem_cache_free();
    }
  }
}
blkcg_maybe_throttle_current();
__x64_sys_close() {
  file_close_fd() {
    _raw_spin_lock();
    file_close_fd_locked();
    _raw_spin_unlock();
  }
  filp_flush() {
    dnotify_flush();
    locks_remove_posix();
  }
  fput_close_sync();
}
__x64_sys_rt_sigaction() {
  do_sigaction() {
    _raw_spin_lock_irq();
    sigaction_compat_abi();
    _raw_spin_unlock_irq();
  }
}
__x64_sys_execve() {
  getname_flags() {
    do_getname() {
      kmem_cache_alloc_noprof();
      __check_object_size() {
        check_stack_object();
        is_vmalloc_addr();
        __virt_addr_valid();
        __check_heap_object();
      }
    }
  }
  do_execveat_common.isra.0() {
    alloc_bprm() {
      do_open_execat() {
        do_file_open() {
          path_openat() {
            alloc_empty_file() {
              kmem_cache_alloc_noprof();
              init_file() {
                security_file_alloc() {
                  kmem_cache_alloc_noprof();
                  hook_file_alloc_security();
                  bpf_lsm_file_alloc_security();
                }
                mutex_init_generic();
              }
            }
            path_init() {
              __rcu_read_lock();
              nd_jump_root() {
                set_root();
              }
            }
            link_path_walk() {
              security_inode_permission() {
                bpf_lsm_inode_permission();
              }
              lookup_fast() {
                __d_lookup_rcu();
              }
              security_inode_permission() {
                bpf_lsm_inode_permission();
              }
              make_vfsuid();
            }
            lookup_fast() {
              __d_lookup_rcu();
            }
            step_into_slowpath() {
              pick_link() {
                atime_needs_update() {
                  make_vfsuid();
                  make_vfsgid();
                  current_time() {
                    ktime_get_coarse_real_ts64_mg();
                  }
                }
                try_to_unlazy() {
                  legitimize_links() {
                    __legitimize_path() {
                      __legitimize_mnt();
                    }
                  }
                  __legitimize_path() {
                    __legitimize_mnt();
                  }
                  __legitimize_path() {
                    __legitimize_mnt();
                  }
                  __rcu_read_unlock();
                }
                touch_atime() {
                  atime_needs_update() {
                    make_vfsuid();
                    make_vfsgid();
                    current_time() {
                      ktime_get_coarse_real_ts64_mg();
                    }
                  }
                  mnt_get_write_access();
                  current_time() {
                    ktime_get_coarse_real_ts64_mg();
                  }
                  __mark_inode_dirty();
                  mnt_put_write_access();
                }
                security_inode_follow_link() {
                  bpf_lsm_inode_follow_link();
                }
                nd_jump_root() {
                  dput() {
                    dput.part.0() {
                      __rcu_read_lock();
                      __rcu_read_unlock();
                    }
                  }
                  mntput() {
                    __rcu_read_lock();
                    __rcu_read_unlock();
                  }
                  mntget();
                }
              }
            }
            link_path_walk() {
              security_inode_permission() {
                bpf_lsm_inode_permission();
              }
              lookup_fast() {
                __d_lookup() {
                  __rcu_read_lock();
                  _raw_spin_lock();
                  d_same_name();
                  _raw_spin_unlock();
                  __rcu_read_unlock();
                }
              }
              step_into_slowpath() {
                dput() {
                  dput.part.0() {
                    __rcu_read_lock();
                    __rcu_read_unlock();
                  }
                }
              }
              security_inode_permission() {
                bpf_lsm_inode_permission();
              }
              make_vfsuid();
            }
            lookup_fast() {
              __d_lookup() {
                __rcu_read_lock();
                _raw_spin_lock();
                d_same_name();
                _raw_spin_unlock();
                __rcu_read_unlock();
              }
            }
            dput() {
              dput.part.0() {
                __rcu_read_lock();
                __rcu_read_unlock();
              }
            }
            mntput() {
              __rcu_read_lock();
              __rcu_read_unlock();
            }
            step_into_slowpath() {
              dput() {
                dput.part.0() {
                  __rcu_read_lock();
                  __rcu_read_unlock();
                }
              }
            }
            complete_walk();
            may_open() {
              path_noexec();
              inode_permission() {
                generic_permission();
                security_inode_permission() {
                  bpf_lsm_inode_permission();
                }
              }
            }
            vfs_open() {
              do_dentry_open() {
                path_get() {
                  mntget();
                }
                try_module_get();
                security_file_open() {
                  hook_file_open();
                  bpf_lsm_file_open();
                }
                fsnotify_open_perm_and_set_mode();
                shmem_file_open() {
                  generic_file_open();
                }
                file_ra_state_init() {
                  inode_to_bdi();
                }
              }
            }
            security_file_post_open() {
              bpf_lsm_file_post_open();
            }
            terminate_walk() {
              dput() {
                dput.part.0() {
                  __rcu_read_lock();
                  __rcu_read_unlock();
                }
              }
              mntput() {
                __rcu_read_lock();
                __rcu_read_unlock();
              }
              dput() {
                dput.part.0() {
                  __rcu_read_lock();
                  __rcu_read_unlock();
                }
              }
              mntput() {
                __rcu_read_lock();
                __rcu_read_unlock();
              }
            }
          }
        }
      }
      __kmalloc_cache_noprof();
      mm_alloc() {
        kmem_cache_alloc_noprof();
        mm_init() {
          __init_rwsem();
          arch_uprobe_init_state();
          futex_mm_init() {
            mutex_init_generic();
            get_state_synchronize_rcu();
          }
          pgd_alloc() {
            alloc_pages_noprof() {
              alloc_pages_mpol() {
                policy_nodemask();
                __alloc_frozen_pages_noprof() {
                  get_page_from_freelist() {
                    _raw_spin_trylock();
                    _raw_spin_unlock();
                    kernel_init_pages();
                  }
                }
              }
            }
            lruvec_stat_mod_folio() {
              __rcu_read_lock();
              __rcu_read_unlock();
              mod_node_page_state();
            }
            _raw_spin_lock();
            _raw_spin_unlock();
          }
          _raw_spin_lock_irqsave();
          _raw_spin_unlock_irqrestore();
          kfree();
          mutex_init_generic();
          __init_rwsem();
          pcpu_alloc_noprof() {
            mutex_lock_killable();
            _raw_spin_lock_irqsave();
            pcpu_find_block_fit() {
              pcpu_next_fit_region.constprop.0();
            }
            pcpu_alloc_area() {
              pcpu_chunk_slot();
              pcpu_block_update();
              pcpu_block_update_hint_alloc();
              pcpu_chunk_relocate();
            }
            _raw_spin_unlock_irqrestore();
            mutex_unlock();
            mem_cgroup_kmem_disabled();
          }
          mm_init_cid() {
            mutex_init_generic();
          }
          pcpu_alloc_noprof() {
            mutex_lock_killable();
            _raw_spin_lock_irqsave();
            pcpu_find_block_fit() {
              pcpu_next_fit_region.constprop.0();
            }
            pcpu_alloc_area() {
              pcpu_chunk_slot();
              pcpu_block_update_hint_alloc();
              pcpu_chunk_relocate();
            }
            _raw_spin_unlock_irqrestore();
            mutex_unlock();
            mem_cgroup_kmem_disabled();
          }
          _raw_spin_lock_irqsave();
          _raw_spin_unlock_irqrestore();
        }
      }
      _raw_spin_lock();
      _raw_spin_unlock();
      create_init_stack_vma() {
        vm_area_alloc() {
          kmem_cache_alloc_noprof();
        }
        down_write_killable();
        insert_vm_struct() {
          find_vma_intersection() {
            __rcu_read_lock();
            __rcu_read_unlock();
          }
          security_vm_enough_memory_mm() {
            static_key_count();
            cap_vm_enough_memory() {
              cap_capable();
            }
            static_key_count();
            bpf_lsm_vm_enough_memory();
            static_key_count();
            static_key_count();
            static_key_count();
            static_key_count();
            static_key_count();
            static_key_count();
            static_key_count();
            static_key_count();
            static_key_count();
            static_key_count();
            __vm_enough_memory();
          }
          vma_link() {
            kmem_cache_alloc_noprof();
            __vma_start_write() {
              __vma_start_exclude_readers();
            }
          }
        }
        up_write();
      }
    }
    count.constprop.0.isra.0();
    count.constprop.0.isra.0();
    bprm_stack_limits();
    copy_string_kernel() {
      get_arg_page() {
        mmap_read_lock_maybe_expand() {
          down_read();
        }
        get_user_pages_remote() {
          is_valid_gup_args();
          __get_user_pages() {
            gup_vma_lookup() {
              find_vma() {
                __rcu_read_lock();
                __rcu_read_unlock();
              }
            }
            check_vma_flags() {
              vma_is_secretmem();
            }
            vma_pgtable_walk_begin();
            no_page_table();
            vma_pgtable_walk_end();
            handle_mm_fault() {
              __handle_mm_fault() {
                __pud_alloc() {
                  alloc_pages_noprof() {
                    alloc_pages_mpol() {
                      policy_nodemask();
                      __alloc_frozen_pages_noprof() {
                        get_page_from_freelist() {
                          _raw_spin_trylock();
                          _raw_spin_unlock();
                          kernel_init_pages();
                        }
                      }
                    }
                  }
                  lruvec_stat_mod_folio() {
                    __rcu_read_lock();
                    __rcu_read_unlock();
                    mod_node_page_state();
                  }
                  _raw_spin_lock();
                  _raw_spin_unlock();
                }
                __pmd_alloc() {
                  alloc_pages_noprof() {
                    alloc_pages_mpol() {
                      policy_nodemask();
                      __alloc_frozen_pages_noprof() {
                        get_page_from_freelist() {
                          _raw_spin_trylock();
                          _raw_spin_unlock();
                          kernel_init_pages();
                        }
                      }
                    }
                  }
                  lruvec_stat_mod_folio() {
                    __rcu_read_lock();
                    __rcu_read_unlock();
                    mod_node_page_state();
                  }
                  _raw_spin_lock();
                  _raw_spin_unlock();
                }
                __thp_vma_allowable_orders();
                do_anonymous_page() {
                  __pte_alloc() {
                    pte_alloc_one() {
                      alloc_pages_noprof() {
                        alloc_pages_mpol() {
                          policy_nodemask();
                          __alloc_frozen_pages_noprof() {
                            get_page_from_freelist() {
                              _raw_spin_trylock();
                              _raw_spin_unlock();
                              kernel_init_pages();
                            }
                          }
                        }
                      }
                      lruvec_stat_mod_folio() {
                        __rcu_read_lock();
                        __rcu_read_unlock();
                        mod_node_page_state();
                      }
                    }
                    pmd_install() {
                      _raw_spin_lock();
                      _raw_spin_unlock();
                    }
                  }
                  __vmf_anon_prepare() {
                    __anon_vma_prepare() {
                      kmem_cache_alloc_noprof();
                      find_mergeable_anon_vma();
                      kmem_cache_alloc_noprof();
                      down_write();
                      _raw_spin_lock();
                      anon_vma_interval_tree_insert();
                      _raw_spin_unlock();
                      up_write();
                    }
                  }
                  vma_alloc_folio_noprof() {
                    get_vma_policy();
                    alloc_pages_mpol() {
                      policy_nodemask();
                      __alloc_frozen_pages_noprof() {
                        get_page_from_freelist() {
                          _raw_spin_trylock();
                          _raw_spin_unlock();
                          kernel_init_pages();
                        }
                      }
                    }
                  }
                  __mem_cgroup_charge() {
                    get_mem_cgroup_from_mm() {
                      __rcu_read_lock();
                      __rcu_read_unlock();
                    }
                    charge_memcg() {
                      __rcu_read_lock();
                      __get_obj_cgroup_from_memcg();
                      __rcu_read_unlock();
                    }
                  }
                  __folio_throttle_swaprate();
                  pte_offset_map_lock() {
                    __pte_offset_map() {
                      __rcu_read_lock();
                    }
                    _raw_spin_lock();
                  }
                  map_anon_folio_pte_nopf() {
                    pte_mkwrite();
                    folio_add_new_anon_rmap() {
                      __folio_mod_stat() {
                        lruvec_stat_mod_folio() {
                          __rcu_read_lock();
                          mod_node_page_state();
                          __mod_memcg_lruvec_state() {
                            memcg_state_val_in_pages();
                            __css_rstat_updated();
                          }
                          __rcu_read_unlock();
                        }
                      }
                    }
                    folio_add_lru_vma() {
                      folio_add_lru() {
                        __folio_batch_add_and_move();
                      }
                    }
                  }
                  _raw_spin_unlock();
                  __rcu_read_unlock();
                }
              }
              __rcu_read_lock();
              mem_cgroup_from_task();
              count_memcg_events() {
                __css_rstat_updated();
              }
              __rcu_read_unlock();
            }
            vma_pgtable_walk_begin();
            follow_page_pte() {
              pte_offset_map_lock() {
                __pte_offset_map() {
                  __rcu_read_lock();
                }
                _raw_spin_lock();
              }
              vm_normal_page();
              try_grab_folio();
              folio_mark_accessed();
              _raw_spin_unlock();
              __rcu_read_unlock();
            }
            vma_pgtable_walk_end();
          }
        }
        up_read();
        mm_trace_rss_stat();
      }
    }
    copy_strings.isra.0() {
      get_arg_page() {
        mmap_read_lock_maybe_expand() {
          down_read();
        }
        get_user_pages_remote() {
          is_valid_gup_args();
          __get_user_pages() {
            gup_vma_lookup() {
              find_vma() {
                __rcu_read_lock();
                __rcu_read_unlock();
              }
            }
            check_vma_flags() {
              vma_is_secretmem();
            }
            vma_pgtable_walk_begin();
            follow_page_pte() {
              pte_offset_map_lock() {
                __pte_offset_map() {
                  __rcu_read_lock();
                }
                _raw_spin_lock();
              }
              vm_normal_page();
              try_grab_folio();
              folio_mark_accessed();
              _raw_spin_unlock();
              __rcu_read_unlock();
            }
            vma_pgtable_walk_end();
          }
        }
        up_read();
      }
      __check_object_size() {
        check_stack_object();
        is_vmalloc_addr();
        __virt_addr_valid();
      }
      __check_object_size() {
        check_stack_object();
        is_vmalloc_addr();
        __virt_addr_valid();
      }
      __check_object_size() {
        check_stack_object();
        is_vmalloc_addr();
        __virt_addr_valid();
      }
      __check_object_size() {
        check_stack_object();
        is_vmalloc_addr();
        __virt_addr_valid();
      }
      __check_object_size() {
        check_stack_object();
        is_vmalloc_addr();
        __virt_addr_valid();
      }
      __check_object_size() {
        check_stack_object();
        is_vmalloc_addr();
        __virt_addr_valid();
      }
    }
    copy_strings.isra.0() {
      get_arg_page() {
        mmap_read_lock_maybe_expand() {
          down_read();
        }
        get_user_pages_remote() {
          is_valid_gup_args();
          __get_user_pages() {
            gup_vma_lookup() {
              find_vma() {
                __rcu_read_lock();
                __rcu_read_unlock();
              }
            }
            check_vma_flags() {
              vma_is_secretmem();
            }
            vma_pgtable_walk_begin();
            follow_page_pte() {
              pte_offset_map_lock() {
                __pte_offset_map() {
                  __rcu_read_lock();
                }
                _raw_spin_lock();
              }
              vm_normal_page();
              try_grab_folio();
              folio_mark_accessed();
              _raw_spin_unlock();
              __rcu_read_unlock();
            }
            vma_pgtable_walk_end();
          }
        }
        up_read();
      }
      __check_object_size() {
        check_stack_object();
        is_vmalloc_addr();
        __virt_addr_valid();
      }
      __check_object_size() {
        check_stack_object();
        is_vmalloc_addr();
        __virt_addr_valid();
      }
    }
    bprm_execve() {
      mutex_lock_interruptible();
      prepare_exec_creds() {
        prepare_creds() {
          kmem_cache_alloc_noprof();
          security_prepare_creds() {
            __kmalloc_noprof();
            hook_cred_prepare();
            bpf_lsm_cred_prepare();
          }
        }
        key_put();
        key_put();
      }
      _raw_spin_lock();
      __rcu_read_lock();
      __rcu_read_unlock();
      _raw_spin_unlock();
      sched_mm_cid_before_execve() {
        sched_mm_cid_exit() {
          mutex_lock();
          _raw_spin_lock_irq();
          sched_mm_cid_remove_user() {
            mm_update_max_cids();
          }
          _raw_spin_unlock_irq();
          mutex_unlock();
          cancel_work_sync() {
            __cancel_work() {
              try_to_grab_pending();
            }
            __flush_work() {
              __rcu_read_lock();
              __rcu_read_unlock();
            }
            enable_work() {
              try_to_grab_pending();
            }
          }
        }
      }
      sched_exec() {
        _raw_spin_lock_irqsave();
        select_task_rq_fair() {
          __update_load_avg_blocked_se();
          sched_balance_find_dst_group() {
            task_h_load();
            cpu_util() {
              arch_scale_cpu_capacity();
            }
            cpu_util() {
              arch_scale_cpu_capacity();
            }
            cpu_util() {
              arch_scale_cpu_capacity();
            }
            cpu_util() {
              arch_scale_cpu_capacity();
            }
          }
        }
        _raw_spin_unlock_irqrestore();
      }
      security_bprm_creds_for_exec() {
        hook_bprm_creds_for_exec();
        bpf_lsm_bprm_creds_for_exec();
      }
      __rcu_read_lock();
      task_active_pid_ns();
      __task_pid_nr_ns() {
        __rcu_read_lock();
        __rcu_read_unlock();
      }
      __rcu_read_unlock();
      kernel_read() {
        rw_verify_area() {
          security_file_permission() {
            bpf_lsm_file_permission();
          }
        }
        __kernel_read() {
          shmem_file_read_iter() {
            shmem_get_folio_gfp() {
              filemap_get_entry() {
                __rcu_read_lock();
                __rcu_read_unlock();
              }
            }
            folio_unlock();
            folio_mark_accessed();
            touch_atime() {
              atime_needs_update() {
                make_vfsuid();
                make_vfsgid();
                current_time() {
                  ktime_get_coarse_real_ts64_mg();
                }
              }
              mnt_get_write_access();
              current_time() {
                ktime_get_coarse_real_ts64_mg();
              }
              __mark_inode_dirty();
              mnt_put_write_access();
            }
          }
        }
      }
      security_bprm_check() {
        bpf_lsm_bprm_check_security();
      }
      _raw_read_lock();
      try_module_get();
      _raw_read_unlock();
      load_misc_binary() {
        _raw_read_lock();
        _raw_read_unlock();
      }
      _raw_read_lock();
      module_put();
      try_module_get();
      _raw_read_unlock();
      load_script();
      _raw_read_lock();
      module_put();
      try_module_get();
      _raw_read_unlock();
      load_elf_binary() {
        load_elf_phdrs() {
          __kmalloc_noprof();
          kernel_read() {
            rw_verify_area() {
              security_file_permission() {
                bpf_lsm_file_permission();
              }
            }
            __kernel_read() {
              shmem_file_read_iter() {
                shmem_get_folio_gfp() {
                  filemap_get_entry() {
                    __rcu_read_lock();
                    __rcu_read_unlock();
                  }
                }
                folio_unlock();
                touch_atime() {
                  atime_needs_update() {
                    make_vfsuid();
                    make_vfsgid();
                    current_time() {
                      ktime_get_coarse_real_ts64_mg();
                    }
                  }
                }
              }
            }
          }
        }
        begin_new_exec() {
          mnt_may_suid() {
            current_in_userns();
          }
          security_bprm_creds_from_file() {
            cap_bprm_creds_from_file() {
              mnt_may_suid() {
                current_in_userns();
              }
              current_in_userns();
              get_vfs_caps_from_disk() {
                __vfs_getxattr() {
                  xattr_resolve_name();
                  shmem_xattr_handler_get() {
                    xattr_full_name();
                    simple_xattr_get();
                  }
                }
              }
              make_kuid() {
                map_id_range_down();
              }
              in_group_p();
            }
            bpf_lsm_bprm_creds_from_file();
          }
          unshare_files();
          set_mm_exe_file();
          would_dump() {
            inode_permission() {
              generic_permission();
              security_inode_permission() {
                bpf_lsm_inode_permission();
              }
            }
          }
          mm_trace_rss_stat();
          exec_mm_release() {
            futex_exec_release() {
              mutex_lock();
              _raw_spin_lock_irq();
              _raw_spin_unlock_irq();
              futex_cleanup();
              mutex_unlock();
            }
            mm_release() {
              uprobe_free_utask();
              shstk_free();
            }
          }
          down_write_killable();
          down_read_killable();
          _raw_spin_lock();
          membarrier_exec_mmap();
          mm_init_cid() {
            mutex_init_generic();
          }
          switch_mm_irqs_off() {
            choose_new_asid();
            switch_ldt();
          }
          lru_gen_add_mm() {
            get_mem_cgroup_from_mm() {
              __rcu_read_lock();
              __rcu_read_unlock();
            }
            _raw_spin_lock();
            _raw_spin_unlock();
          }
          _raw_spin_unlock();
          up_read();
          mm_update_next_owner();
          mmput() {
            uprobe_clear_state() {
              mutex_lock();
              delayed_uprobe_remove.part.0();
              mutex_unlock();
              arch_uprobe_clear_state();
            }
            exit_aio();
            exit_mmap() {
              down_read();
              ldt_arch_exit_mmap() {
                free_ldt_pgtables();
              }
              tlb_gather_mmu_fullmm();
              unmap_vmas() {
                __zap_vma_range() {
                  pte_offset_map_lock() {
                    __pte_offset_map() {
                      __rcu_read_lock();
                    }
                    _raw_spin_lock();
                  }
                  flush_tlb_batched_pending();
                  _raw_spin_unlock();
                  __rcu_read_unlock();
                }
                __zap_vma_range() {
                  pte_offset_map_lock() {
                    __pte_offset_map() {
                      __rcu_read_lock();
                    }
                    _raw_spin_lock();
                  }
                  flush_tlb_batched_pending();
                  vm_normal_page();
                  arch_check_zapped_pte();
                  folio_remove_rmap_ptes() {
                    lruvec_stat_mod_folio() {
                      __rcu_read_lock();
                      mod_node_page_state();
                      __mod_memcg_lruvec_state() {
                        memcg_state_val_in_pages();
                        __css_rstat_updated();
                      }
                      __rcu_read_unlock();
                    }
                  }
                  __tlb_remove_folio_pages();
                  _raw_spin_unlock();
                  __rcu_read_unlock();
                }
                __zap_vma_range() {
                  pte_offset_map_lock() {
                    __pte_offset_map() {
                      __rcu_read_lock();
                    }
                    _raw_spin_lock();
                  }
                  flush_tlb_batched_pending();
                  vm_normal_page();
                  arch_check_zapped_pte();
                  folio_remove_rmap_ptes() {
                    lruvec_stat_mod_folio() {
                      __rcu_read_lock();
                      mod_node_page_state();
                      __mod_memcg_lruvec_state() {
                        memcg_state_val_in_pages();
                        __css_rstat_updated();
                      }
                      __rcu_read_unlock();
                    }
                  }
                  __tlb_remove_folio_pages();
                  vm_normal_page();
                  arch_check_zapped_pte();
                  folio_remove_rmap_ptes() {
                    lruvec_stat_mod_folio() {
                      __rcu_read_lock();
                      mod_node_page_state();
                      __mod_memcg_lruvec_state() {
                        memcg_state_val_in_pages();
                        __css_rstat_updated();
                      }
                      __rcu_read_unlock();
                    }
                  }
                  __tlb_remove_folio_pages();
                  vm_normal_page();
                  arch_check_zapped_pte();
                  folio_remove_rmap_ptes() {
                    lruvec_stat_mod_folio() {
                      __rcu_read_lock();
                      mod_node_page_state();
                      __mod_memcg_lruvec_state() {
                        memcg_state_val_in_pages();
                        __css_rstat_updated();
                      }
                      __rcu_read_unlock();
                    }
                  }
                  __tlb_remove_folio_pages();
                  vm_normal_page();
                  arch_check_zapped_pte();
                  folio_remove_rmap_ptes() {
                    lruvec_stat_mod_folio() {
                      __rcu_read_lock();
                      mod_node_page_state();
                      __mod_memcg_lruvec_state() {
                        memcg_state_val_in_pages();
                        __css_rstat_updated();
                      }
                      __rcu_read_unlock();
                    }
                  }
                  __tlb_remove_folio_pages();
                  _raw_spin_unlock();
                  __rcu_read_unlock();
                }
                __zap_vma_range() {
                  pte_offset_map_lock() {
                    __pte_offset_map() {
                      __rcu_read_lock();
                    }
                    _raw_spin_lock();
                  }
                  flush_tlb_batched_pending();
                  _raw_spin_unlock();
                  __rcu_read_unlock();
                }
                __zap_vma_range() {
                  pte_offset_map_lock() {
                    __pte_offset_map() {
                      __rcu_read_lock();
                    }
                    _raw_spin_lock();
                  }
                  flush_tlb_batched_pending();
                  _raw_spin_unlock();
                  __rcu_read_unlock();
                }
                __zap_vma_range() {
                  pte_offset_map_lock() {
                    __pte_offset_map() {
                      __rcu_read_lock();
                    }
                    _raw_spin_lock();
                  }
                  flush_tlb_batched_pending();
                  _raw_spin_unlock();
                  __rcu_read_unlock();
                }
                __zap_vma_range() {
                  uprobe_munmap();
                  pte_offset_map_lock() {
                    __pte_offset_map() {
                      __rcu_read_lock();
                    }
                    _raw_spin_lock();
                  }
                  flush_tlb_batched_pending();
                  vm_normal_page();
                  folio_mark_accessed();
                  arch_check_zapped_pte();
                  folio_remove_rmap_ptes();
                  __tlb_remove_folio_pages();
                  _raw_spin_unlock();
                  __rcu_read_unlock();
                }
                __zap_vma_range() {
                  uprobe_munmap();
                  pte_offset_map_lock() {
                    __pte_offset_map() {
                      __rcu_read_lock();
                    }
                    _raw_spin_lock();
                  }
                  flush_tlb_batched_pending();
                  vm_normal_page();
                  folio_mark_accessed();
                  arch_check_zapped_pte();
                  folio_remove_rmap_ptes();
                  __tlb_remove_folio_pages() {
                    tlb_next_batch() {
                      get_free_pages_noprof() {
                        alloc_pages_noprof() {
                          alloc_pages_mpol() {
                            policy_nodemask();
                            __alloc_frozen_pages_noprof() {
                              get_page_from_freelist() {
                                _raw_spin_trylock();
                                _raw_spin_unlock();
                                kernel_init_pages();
                              }
                            }
                          }
                        }
                      }
                    }
                  }
                  vm_normal_page();
                  folio_mark_accessed();
                  arch_check_zapped_pte();
                  folio_remove_rmap_ptes();
                  __tlb_remove_folio_pages();
                  vm_normal_page();
                  folio_mark_accessed();
                  arch_check_zapped_pte();
                  folio_remove_rmap_ptes();
                  __tlb_remove_folio_pages();
                  vm_normal_page();
                  folio_mark_accessed();
                  arch_check_zapped_pte();
                  folio_remove_rmap_ptes();
                  __tlb_remove_folio_pages();
                  vm_normal_page();
                  folio_mark_accessed();
                  arch_check_zapped_pte();
                  folio_remove_rmap_ptes();
                  __tlb_remove_folio_pages();
                  vm_normal_page();
                  folio_mark_accessed();
                  arch_check_zapped_pte();
                  folio_remove_rmap_ptes();
                  __tlb_remove_folio_pages();
                  vm_normal_page();
                  folio_mark_accessed();
                  arch_check_zapped_pte();
                  folio_remove_rmap_ptes();
                  __tlb_remove_folio_pages();
                  vm_normal_page();
                  folio_mark_accessed();
                  arch_check_zapped_pte();
                  folio_remove_rmap_ptes();
                  __tlb_remove_folio_pages();
                  vm_normal_page();
                  folio_mark_accessed();
                  arch_check_zapped_pte();
                  folio_remove_rmap_ptes();
                  __tlb_remove_folio_pages();
                  vm_normal_page();
                  folio_mark_accessed();
                  arch_check_zapped_pte();
                  folio_remove_rmap_ptes();
                  __tlb_remove_folio_pages();
                  vm_normal_page();
                  folio_mark_accessed();
                  arch_check_zapped_pte();
                  folio_remove_rmap_ptes();
                  __tlb_remove_folio_pages();
                  vm_normal_page();
                  folio_mark_accessed();
                  arch_check_zapped_pte();
                  folio_remove_rmap_ptes();
                  __tlb_remove_folio_pages();
                  vm_normal_page();
                  folio_mark_accessed();
                  arch_check_zapped_pte();
                  folio_remove_rmap_ptes();
                  __tlb_remove_folio_pages();
                  vm_normal_page();
                  folio_mark_accessed();
                  arch_check_zapped_pte();
                  folio_remove_rmap_ptes();
                  __tlb_remove_folio_pages();
                  vm_normal_page();
                  folio_mark_accessed();
                  arch_check_zapped_pte();
                  folio_remove_rmap_ptes();
                  __tlb_remove_folio_pages();
                  vm_normal_page();
                  folio_mark_accessed();
                  arch_check_zapped_pte();
                  folio_remove_rmap_ptes();
                  __tlb_remove_folio_pages();
                  vm_normal_page();
                  folio_mark_accessed();
                  arch_check_zapped_pte();
                  folio_remove_rmap_ptes();
                  __tlb_remove_folio_pages();
                  vm_normal_page();
                  folio_mark_accessed();
                  arch_check_zapped_pte();
                  folio_remove_rmap_ptes();
                  __tlb_remove_folio_pages();
                  vm_normal_page();
                  folio_mark_accessed();
                  arch_check_zapped_pte();
                  folio_remove_rmap_ptes();
                  __tlb_remove_folio_pages();
                  vm_normal_page();
                  folio_mark_accessed();
                  arch_check_zapped_pte();
                  folio_remove_rmap_ptes();
                  __tlb_remove_folio_pages();
                  vm_normal_page();
                  folio_mark_accessed();
                  arch_check_zapped_pte();
                  folio_remove_rmap_ptes();
                  __tlb_remove_folio_pages();
                  vm_normal_page();
                  folio_mark_accessed();
                  arch_check_zapped_pte();
                  folio_remove_rmap_ptes();
                  __tlb_remove_folio_pages();
                  vm_normal_page();
                  folio_mark_accessed();
                  arch_check_zapped_pte();
                  folio_remove_rmap_ptes();
                  __tlb_remove_folio_pages();
                  vm_normal_page();
                  folio_mark_accessed();
                  arch_check_zapped_pte();
                  folio_remove_rmap_ptes();
                  __tlb_remove_folio_pages();
                  vm_normal_page();
                  folio_mark_accessed();
                  arch_check_zapped_pte();
                  folio_remove_rmap_ptes();
                  __tlb_remove_folio_pages();
                  vm_normal_page();
                  folio_mark_accessed();
                  arch_check_zapped_pte();
                  folio_remove_rmap_ptes();
                  __tlb_remove_folio_pages();
                  vm_normal_page();
                  folio_mark_accessed();
                  arch_check_zapped_pte();
                  folio_remove_rmap_ptes();
                  __tlb_remove_folio_pages();
                  vm_normal_page();
                  folio_mark_accessed();
                  arch_check_zapped_pte();
                  folio_remove_rmap_ptes();
                  __tlb_remove_folio_pages();
                  vm_normal_page();
                  folio_mark_accessed();
                  arch_check_zapped_pte();
                  folio_remove_rmap_ptes();
                  __tlb_remove_folio_pages();
                  vm_normal_page();
                  folio_mark_accessed();
                  arch_check_zapped_pte();
                  folio_remove_rmap_ptes();
                  __tlb_remove_folio_pages();
                  vm_normal_page();
                  folio_mark_accessed();
                  arch_check_zapped_pte();
                  folio_remove_rmap_ptes();
                  __tlb_remove_folio_pages();
                  vm_normal_page();
                  folio_mark_accessed();
                  arch_check_zapped_pte();
                  folio_remove_rmap_ptes();
                  __tlb_remove_folio_pages();
                  vm_normal_page();
                  folio_mark_accessed();
                  arch_check_zapped_pte();
                  folio_remove_rmap_ptes();
                  __tlb_remove_folio_pages();
                  vm_normal_page();
                  folio_mark_accessed();
                  arch_check_zapped_pte();
                  folio_remove_rmap_ptes();
                  __tlb_remove_folio_pages();
                  vm_normal_page();
                  folio_mark_accessed();
                  arch_check_zapped_pte();
                  folio_remove_rmap_ptes();
                  __tlb_remove_folio_pages();
                  vm_normal_page();
                  folio_mark_accessed();
                  arch_check_zapped_pte();
                  folio_remove_rmap_ptes();
                  __tlb_remove_folio_pages();
                  vm_normal_page();
                  folio_mark_accessed();
                  arch_check_zapped_pte();
                  folio_remove_rmap_ptes();
                  __tlb_remove_folio_pages();
                  vm_normal_page();
                  folio_mark_accessed();
                  arch_check_zapped_pte();
                  folio_remove_rmap_ptes();
                  __tlb_remove_folio_pages();
                  vm_normal_page();
                  folio_mark_accessed();
                  arch_check_zapped_pte();
                  folio_remove_rmap_ptes();
                  __tlb_remove_folio_pages();
                  vm_normal_page();
                  folio_mark_accessed();
                  arch_check_zapped_pte();
                  folio_remove_rmap_ptes();
                  __tlb_remove_folio_pages();
                  vm_normal_page();
                  folio_mark_accessed();
                  arch_check_zapped_pte();
                  folio_remove_rmap_ptes();
                  __tlb_remove_folio_pages();
                  vm_normal_page();
                  folio_mark_accessed();
                  arch_check_zapped_pte();
                  folio_remove_rmap_ptes();
                  __tlb_remove_folio_pages();
                  vm_normal_page();
                  folio_mark_accessed();
                  arch_check_zapped_pte();
                  folio_remove_rmap_ptes();
                  __tlb_remove_folio_pages();
                  vm_normal_page();
                  folio_mark_accessed();
                  arch_check_zapped_pte();
                  folio_remove_rmap_ptes();
                  __tlb_remove_folio_pages();
                  vm_normal_page();
                  folio_mark_accessed();
                  arch_check_zapped_pte();
                  folio_remove_rmap_ptes();
                  __tlb_remove_folio_pages();
                  vm_normal_page();
                  folio_mark_accessed();
                  arch_check_zapped_pte();
                  folio_remove_rmap_ptes();
                  __tlb_remove_folio_pages();
                  vm_normal_page();
                  folio_mark_accessed();
                  arch_check_zapped_pte();
                  folio_remove_rmap_ptes();
                  __tlb_remove_folio_pages();
                  vm_normal_page();
                  folio_mark_accessed();
                  arch_check_zapped_pte();
                  folio_remove_rmap_ptes();
                  __tlb_remove_folio_pages();
                  vm_normal_page();
                  folio_mark_accessed();
                  arch_check_zapped_pte();
                  folio_remove_rmap_ptes();
                  __tlb_remove_folio_pages();
                  vm_normal_page();
                  folio_mark_accessed();
                  arch_check_zapped_pte();
                  folio_remove_rmap_ptes();
                  __tlb_remove_folio_pages();
                  vm_normal_page();
                  folio_mark_accessed();
                  arch_check_zapped_pte();
                  folio_remove_rmap_ptes();
                  __tlb_remove_folio_pages();
                  vm_normal_page();
                  folio_mark_accessed();
                  arch_check_zapped_pte();
                  folio_remove_rmap_ptes();
                  __tlb_remove_folio_pages();
                  vm_normal_page();
                  folio_mark_accessed();
                  arch_check_zapped_pte();
                  folio_remove_rmap_ptes();
                  __tlb_remove_folio_pages();
                  vm_normal_page();
                  folio_mark_accessed();
                  arch_check_zapped_pte();
                  folio_remove_rmap_ptes();
                  __tlb_remove_folio_pages();
                  vm_normal_page();
                  folio_mark_accessed();
                  arch_check_zapped_pte();
                  folio_remove_rmap_ptes();
                  __tlb_remove_folio_pages();
                  vm_normal_page();
                  folio_mark_accessed();
                  arch_check_zapped_pte();
                  folio_remove_rmap_ptes();
                  __tlb_remove_folio_pages();
                  vm_normal_page();
                  folio_mark_accessed();
                  arch_check_zapped_pte();
                  folio_remove_rmap_ptes();
                  __tlb_remove_folio_pages();
                  vm_normal_page();
                  folio_mark_accessed();
                  arch_check_zapped_pte();
                  folio_remove_rmap_ptes();
                  __tlb_remove_folio_pages();
                  vm_normal_page();
                  folio_mark_accessed();
                  arch_check_zapped_pte();
                  folio_remove_rmap_ptes();
                  __tlb_remove_folio_pages();
                  vm_normal_page();
                  folio_mark_accessed();
                  arch_check_zapped_pte();
                  folio_remove_rmap_ptes();
                  __tlb_remove_folio_pages();
                  vm_normal_page();
                  folio_mark_accessed();
                  arch_check_zapped_pte();
                  folio_remove_rmap_ptes();
                  __tlb_remove_folio_pages();
                  vm_normal_page();
                  folio_mark_accessed();
                  arch_check_zapped_pte();
                  folio_remove_rmap_ptes();
                  __tlb_remove_folio_pages();
                  vm_normal_page();
                  folio_mark_accessed();
                  arch_check_zapped_pte();
                  folio_remove_rmap_ptes();
                  __tlb_remove_folio_pages();
                  vm_normal_page();
                  folio_mark_accessed();
                  arch_check_zapped_pte();
                  folio_remove_rmap_ptes();
                  __tlb_remove_folio_pages();
                  vm_normal_page();
                  folio_mark_accessed();
                  arch_check_zapped_pte();
                  folio_remove_rmap_ptes();
                  __tlb_remove_folio_pages();
                  vm_normal_page();
                  folio_mark_accessed();
                  arch_check_zapped_pte();
                  folio_remove_rmap_ptes();
                  __tlb_remove_folio_pages();
                  vm_normal_page();
                  folio_mark_accessed();
                  arch_check_zapped_pte();
                  folio_remove_rmap_ptes();
                  __tlb_remove_folio_pages();
                  vm_normal_page();
                  folio_mark_accessed();
                  arch_check_zapped_pte();
                  folio_remove_rmap_ptes();
                  __tlb_remove_folio_pages();
                  vm_normal_page();
                  folio_mark_accessed();
                  arch_check_zapped_pte();
                  folio_remove_rmap_ptes();
                  __tlb_remove_folio_pages();
                  vm_normal_page();
                  folio_mark_accessed();
                  arch_check_zapped_pte();
                  folio_remove_rmap_ptes();
                  __tlb_remove_folio_pages();
                  vm_normal_page();
                  folio_mark_accessed();
                  arch_check_zapped_pte();
                  folio_remove_rmap_ptes();
                  __tlb_remove_folio_pages();
                  vm_normal_page();
                  folio_mark_accessed();
                  arch_check_zapped_pte();
                  folio_remove_rmap_ptes();
                  __tlb_remove_folio_pages();
                  vm_normal_page();
                  folio_mark_accessed();
                  arch_check_zapped_pte();
                  folio_remove_rmap_ptes();
                  __tlb_remove_folio_pages();
                  vm_normal_page();
                  folio_mark_accessed();
                  arch_check_zapped_pte();
                  folio_remove_rmap_ptes();
                  __tlb_remove_folio_pages();
                  vm_normal_page();
                  folio_mark_accessed();
                  arch_check_zapped_pte();
                  folio_remove_rmap_ptes();
                  __tlb_remove_folio_pages();
                  vm_normal_page();
                  folio_mark_accessed();
                  arch_check_zapped_pte();
                  folio_remove_rmap_ptes();
                  __tlb_remove_folio_pages();
                  vm_normal_page();
                  folio_mark_accessed();
                  arch_check_zapped_pte();
                  folio_remove_rmap_ptes();
                  __tlb_remove_folio_pages();
                  vm_normal_page();
                  folio_mark_accessed();
                  arch_check_zapped_pte();
                  folio_remove_rmap_ptes();
                  __tlb_remove_folio_pages();
                  vm_normal_page();
                  folio_mark_accessed();
                  arch_check_zapped_pte();
                  folio_remove_rmap_ptes();
                  __tlb_remove_folio_pages();
                  vm_normal_page();
                  folio_mark_accessed();
                  arch_check_zapped_pte();
                  folio_remove_rmap_ptes();
                  __tlb_remove_folio_pages();
                  vm_normal_page();
                  folio_mark_accessed();
                  arch_check_zapped_pte();
                  folio_remove_rmap_ptes();
                  __tlb_remove_folio_pages();
                  vm_normal_page();
                  folio_mark_accessed();
                  arch_check_zapped_pte();
                  folio_remove_rmap_ptes();
                  __tlb_remove_folio_pages();
                  vm_normal_page();
                  folio_mark_accessed();
                  arch_check_zapped_pte();
                  folio_remove_rmap_ptes();
                  __tlb_remove_folio_pages();
                  vm_normal_page();
                  folio_mark_accessed();
                  arch_check_zapped_pte();
                  folio_remove_rmap_ptes();
                  __tlb_remove_folio_pages();
                  vm_normal_page();
                  folio_mark_accessed();
                  arch_check_zapped_pte();
                  folio_remove_rmap_ptes();
                  __tlb_remove_folio_pages();
                  vm_normal_page();
                  folio_mark_accessed();
                  arch_check_zapped_pte();
                  folio_remove_rmap_ptes();
                  __tlb_remove_folio_pages();
                  vm_normal_page();
                  folio_mark_accessed();
                  arch_check_zapped_pte();
                  folio_remove_rmap_ptes();
                  __tlb_remove_folio_pages();
                  vm_normal_page();
                  folio_mark_accessed();
                  arch_check_zapped_pte();
                  folio_remove_rmap_ptes();
                  __tlb_remove_folio_pages();
                  vm_normal_page();
                  folio_mark_accessed();
                  arch_check_zapped_pte();
                  folio_remove_rmap_ptes();
                  __tlb_remove_folio_pages();
                  vm_normal_page();
                  folio_mark_accessed();
                  arch_check_zapped_pte();
                  folio_remove_rmap_ptes();
                  __tlb_remove_folio_pages();
                  vm_normal_page();
                  folio_mark_accessed();
                  arch_check_zapped_pte();
                  folio_remove_rmap_ptes();
                  __tlb_remove_folio_pages();
                  vm_normal_page();
                  folio_mark_accessed();
                  arch_check_zapped_pte();
                  folio_remove_rmap_ptes();
                  __tlb_remove_folio_pages();
                  vm_normal_page();
                  folio_mark_accessed();
                  arch_check_zapped_pte();
                  folio_remove_rmap_ptes();
                  __tlb_remove_folio_pages();
                  vm_normal_page();
                  folio_mark_accessed();
                  arch_check_zapped_pte();
                  folio_remove_rmap_ptes();
                  __tlb_remove_folio_pages();
                  vm_normal_page();
                  folio_mark_accessed();
                  arch_check_zapped_pte();
                  folio_remove_rmap_ptes();
                  __tlb_remove_folio_pages();
                  vm_normal_page();
                  folio_mark_accessed();
                  arch_check_zapped_pte();
                  folio_remove_rmap_ptes();
                  __tlb_remove_folio_pages();
                  vm_normal_page();
                  folio_mark_accessed();
                  arch_check_zapped_pte();
                  folio_remove_rmap_ptes();
                  __tlb_remove_folio_pages();
                  vm_normal_page();
                  folio_mark_accessed();
                  arch_check_zapped_pte();
                  folio_remove_rmap_ptes();
                  __tlb_remove_folio_pages();
                  vm_normal_page();
                  folio_mark_accessed();
                  arch_check_zapped_pte();
                  folio_remove_rmap_ptes();
                  __tlb_remove_folio_pages();
                  vm_normal_page();
                  folio_mark_accessed();
                  arch_check_zapped_pte();
                  folio_remove_rmap_ptes();
                  __tlb_remove_folio_pages();
                  vm_normal_page();
                  folio_mark_accessed();
                  arch_check_zapped_pte();
                  folio_remove_rmap_ptes();
                  __tlb_remove_folio_pages();
                  vm_normal_page();
                  folio_mark_accessed();
                  arch_check_zapped_pte();
                  folio_remove_rmap_ptes();
                  __tlb_remove_folio_pages();
                  vm_normal_page();
                  folio_mark_accessed();
                  arch_check_zapped_pte();
                  folio_remove_rmap_ptes();
                  __tlb_remove_folio_pages();
                  vm_normal_page();
                  folio_mark_accessed();
                  arch_check_zapped_pte();
                  folio_remove_rmap_ptes();
                  __tlb_remove_folio_pages();
                  vm_normal_page();
                  folio_mark_accessed();
                  arch_check_zapped_pte();
                  folio_remove_rmap_ptes();
                  __tlb_remove_folio_pages();
                  vm_normal_page();
                  folio_mark_accessed();
                  arch_check_zapped_pte();
                  folio_remove_rmap_ptes();
                  __tlb_remove_folio_pages();
                  vm_normal_page();
                  folio_mark_accessed();
                  arch_check_zapped_pte();
                  folio_remove_rmap_ptes();
                  __tlb_remove_folio_pages();
                  vm_normal_page();
                  folio_mark_accessed();
                  arch_check_zapped_pte();
                  folio_remove_rmap_ptes();
                  __tlb_remove_folio_pages();
                  vm_normal_page();
                  folio_mark_accessed();
                  arch_check_zapped_pte();
                  folio_remove_rmap_ptes();
                  __tlb_remove_folio_pages();
                  vm_normal_page();
                  folio_mark_accessed();
                  arch_check_zapped_pte();
                  folio_remove_rmap_ptes();
                  __tlb_remove_folio_pages();
                  vm_normal_page();
                  folio_mark_accessed();
                  arch_check_zapped_pte();
                  folio_remove_rmap_ptes();
                  __tlb_remove_folio_pages();
                  vm_normal_page();
                  folio_mark_accessed();
                  arch_check_zapped_pte();
                  folio_remove_rmap_ptes();
                  __tlb_remove_folio_pages();
                  vm_normal_page();
                  folio_mark_accessed();
                  arch_check_zapped_pte();
                  folio_remove_rmap_ptes();
                  __tlb_remove_folio_pages();
                  vm_normal_page();
                  folio_mark_accessed();
                  arch_check_zapped_pte();
                  folio_remove_rmap_ptes();
                  __tlb_remove_folio_pages();
                  vm_normal_page();
                  folio_mark_accessed();
                  arch_check_zapped_pte();
                  folio_remove_rmap_ptes();
                  __tlb_remove_folio_pages();
                  vm_normal_page();
                  folio_mark_accessed();
                  arch_check_zapped_pte();
                  folio_remove_rmap_ptes();
                  __tlb_remove_folio_pages();
                  vm_normal_page();
                  folio_mark_accessed();
                  arch_check_zapped_pte();
                  folio_remove_rmap_ptes();
                  __tlb_remove_folio_pages();
                  vm_normal_page();
                  folio_mark_accessed();
                  arch_check_zapped_pte();
                  folio_remove_rmap_ptes();
                  __tlb_remove_folio_pages();
                  vm_normal_page();
                  folio_mark_accessed();
                  arch_check_zapped_pte();
                  folio_remove_rmap_ptes();
                  __tlb_remove_folio_pages();
                  vm_normal_page();
                  folio_mark_accessed();
                  arch_check_zapped_pte();
                  folio_remove_rmap_ptes();
                  __tlb_remove_folio_pages();
                  vm_normal_page();
                  folio_mark_accessed();
                  arch_check_zapped_pte();
                  folio_remove_rmap_ptes();
                  __tlb_remove_folio_pages();
                  vm_normal_page();
                  folio_mark_accessed();
                  arch_check_zapped_pte();
                  folio_remove_rmap_ptes();
                  __tlb_remove_folio_pages();
                  _raw_spin_lock_irqsave();
                  _raw_spin_unlock_irqrestore();
                  _raw_spin_unlock();
                  __rcu_read_unlock();
                }
                __zap_vma_range() {
                  uprobe_munmap();
                  pte_offset_map_lock() {
                    __pte_offset_map() {
                      __rcu_read_lock();
                    }
                    _raw_spin_lock();
                  }
                  flush_tlb_batched_pending();
                  vm_normal_page();
                  folio_mark_accessed();
                  arch_check_zapped_pte();
                  folio_remove_rmap_ptes();
                  __tlb_remove_folio_pages();
                  vm_normal_page();
                  folio_mark_accessed();
                  arch_check_zapped_pte();
                  folio_remove_rmap_ptes();
                  __tlb_remove_folio_pages();
                  vm_normal_page();
                  folio_mark_accessed();
                  arch_check_zapped_pte();
                  folio_remove_rmap_ptes();
                  __tlb_remove_folio_pages();
                  vm_normal_page();
                  folio_mark_accessed();
                  arch_check_zapped_pte();
                  folio_remove_rmap_ptes();
                  __tlb_remove_folio_pages();
                  vm_normal_page();
                  folio_mark_accessed();
                  arch_check_zapped_pte();
                  folio_remove_rmap_ptes();
                  __tlb_remove_folio_pages();
                  vm_normal_page();
                  folio_mark_accessed();
                  arch_check_zapped_pte();
                  folio_remove_rmap_ptes();
                  __tlb_remove_folio_pages();
                  vm_normal_page();
                  folio_mark_accessed();
                  arch_check_zapped_pte();
                  folio_remove_rmap_ptes();
                  __tlb_remove_folio_pages();
                  vm_normal_page();
                  folio_mark_accessed();
                  arch_check_zapped_pte();
                  folio_remove_rmap_ptes();
                  __tlb_remove_folio_pages();
                  vm_normal_page();
                  folio_mark_accessed();
                  arch_check_zapped_pte();
                  folio_remove_rmap_ptes();
                  __tlb_remove_folio_pages();
                  vm_normal_page();
                  folio_mark_accessed();
                  arch_check_zapped_pte();
                  folio_remove_rmap_ptes();
                  __tlb_remove_folio_pages();
                  vm_normal_page();
                  folio_mark_accessed();
                  arch_check_zapped_pte();
                  folio_remove_rmap_ptes();
                  __tlb_remove_folio_pages();
                  vm_normal_page();
                  folio_mark_accessed();
                  arch_check_zapped_pte();
                  folio_remove_rmap_ptes();
                  __tlb_remove_folio_pages();
                  vm_normal_page();
                  folio_mark_accessed();
                  arch_check_zapped_pte();
                  folio_remove_rmap_ptes();
                  __tlb_remove_folio_pages();
                  vm_normal_page();
                  folio_mark_accessed();
                  arch_check_zapped_pte();
                  folio_remove_rmap_ptes();
                  __tlb_remove_folio_pages();
                  vm_normal_page();
                  folio_mark_accessed();
                  arch_check_zapped_pte();
                  folio_remove_rmap_ptes();
                  __tlb_remove_folio_pages();
                  vm_normal_page();
                  folio_mark_accessed();
                  arch_check_zapped_pte();
                  folio_remove_rmap_ptes();
                  __tlb_remove_folio_pages();
                  vm_normal_page();
                  folio_mark_accessed();
                  arch_check_zapped_pte();
                  folio_remove_rmap_ptes();
                  __tlb_remove_folio_pages();
                  vm_normal_page();
                  folio_mark_accessed();
                  arch_check_zapped_pte();
                  folio_remove_rmap_ptes();
                  __tlb_remove_folio_pages();
                  vm_normal_page();
                  folio_mark_accessed();
                  arch_check_zapped_pte();
                  folio_remove_rmap_ptes();
                  __tlb_remove_folio_pages();
                  vm_normal_page();
                  folio_mark_accessed();
                  arch_check_zapped_pte();
                  folio_remove_rmap_ptes();
                  __tlb_remove_folio_pages();
                  vm_normal_page();
                  folio_mark_accessed();
                  arch_check_zapped_pte();
                  folio_remove_rmap_ptes();
                  __tlb_remove_folio_pages();
                  vm_normal_page();
                  folio_mark_accessed();
                  arch_check_zapped_pte();
                  folio_remove_rmap_ptes();
                  __tlb_remove_folio_pages();
                  vm_normal_page();
                  folio_mark_accessed();
                  arch_check_zapped_pte();
                  folio_remove_rmap_ptes();
                  __tlb_remove_folio_pages();
                  vm_normal_page();
                  folio_mark_accessed();
                  arch_check_zapped_pte();
                  folio_remove_rmap_ptes();
                  __tlb_remove_folio_pages();
                  vm_normal_page();
                  folio_mark_accessed();
                  arch_check_zapped_pte();
                  folio_remove_rmap_ptes();
                  __tlb_remove_folio_pages();
                  vm_normal_page();
                  folio_mark_accessed();
                  arch_check_zapped_pte();
                  folio_remove_rmap_ptes();
                  __tlb_remove_folio_pages();
                  vm_normal_page();
                  folio_mark_accessed();
                  arch_check_zapped_pte();
                  folio_remove_rmap_ptes();
                  __tlb_remove_folio_pages();
                  vm_normal_page();
                  folio_mark_accessed();
                  arch_check_zapped_pte();
                  folio_remove_rmap_ptes();
                  __tlb_remove_folio_pages();
                  vm_normal_page();
                  folio_mark_accessed();
                  arch_check_zapped_pte();
                  folio_remove_rmap_ptes();
                  __tlb_remove_folio_pages();
                  vm_normal_page();
                  folio_mark_accessed();
                  arch_check_zapped_pte();
                  folio_remove_rmap_ptes();
                  __tlb_remove_folio_pages();
                  vm_normal_page();
                  folio_mark_accessed();
                  arch_check_zapped_pte();
                  folio_remove_rmap_ptes();
                  __tlb_remove_folio_pages();
                  vm_normal_page();
                  folio_mark_accessed();
                  arch_check_zapped_pte();
                  folio_remove_rmap_ptes();
                  __tlb_remove_folio_pages();
                  vm_normal_page();
                  folio_mark_accessed();
                  arch_check_zapped_pte();
                  folio_remove_rmap_ptes();
                  __tlb_remove_folio_pages();
                  vm_normal_page();
                  folio_mark_accessed();
                  arch_check_zapped_pte();
                  folio_remove_rmap_ptes();
                  __tlb_remove_folio_pages();
                  vm_normal_page();
                  folio_mark_accessed();
                  arch_check_zapped_pte();
                  folio_remove_rmap_ptes();
                  __tlb_remove_folio_pages();
                  vm_normal_page();
                  folio_mark_accessed();
                  arch_check_zapped_pte();
                  folio_remove_rmap_ptes();
                  __tlb_remove_folio_pages();
                  vm_normal_page();
                  folio_mark_accessed();
                  arch_check_zapped_pte();
                  folio_remove_rmap_ptes();
                  __tlb_remove_folio_pages();
                  vm_normal_page();
                  folio_mark_accessed();
                  arch_check_zapped_pte();
                  folio_remove_rmap_ptes();
                  __tlb_remove_folio_pages();
                  vm_normal_page();
                  folio_mark_accessed();
                  arch_check_zapped_pte();
                  folio_remove_rmap_ptes();
                  __tlb_remove_folio_pages();
                  vm_normal_page();
                  folio_mark_accessed();
                  arch_check_zapped_pte();
                  folio_remove_rmap_ptes();
                  __tlb_remove_folio_pages();
                  vm_normal_page();
                  folio_mark_accessed();
                  arch_check_zapped_pte();
                  folio_remove_rmap_ptes();
                  __tlb_remove_folio_pages();
                  vm_normal_page();
                  folio_mark_accessed();
                  arch_check_zapped_pte();
                  folio_remove_rmap_ptes();
                  __tlb_remove_folio_pages();
                  vm_normal_page();
                  folio_mark_accessed();
                  arch_check_zapped_pte();
                  folio_remove_rmap_ptes();
                  __tlb_remove_folio_pages();
                  vm_normal_page();
                  folio_mark_accessed();
                  arch_check_zapped_pte();
                  folio_remove_rmap_ptes();
                  __tlb_remove_folio_pages();
                  vm_normal_page();
                  folio_mark_accessed();
                  arch_check_zapped_pte();
                  folio_remove_rmap_ptes();
                  __tlb_remove_folio_pages();
                  vm_normal_page();
                  folio_mark_accessed();
                  arch_check_zapped_pte();
                  folio_remove_rmap_ptes();
                  __tlb_remove_folio_pages();
                  vm_normal_page();
                  folio_mark_accessed();
                  arch_check_zapped_pte();
                  folio_remove_rmap_ptes();
                  __tlb_remove_folio_pages();
                  _raw_spin_lock_irqsave();
                  _raw_spin_unlock_irqrestore();
                  _raw_spin_unlock();
                  __rcu_read_unlock();
                }
                __zap_vma_range() {
                  uprobe_munmap();
                  pte_offset_map_lock() {
                    __pte_offset_map() {
                      __rcu_read_lock();
                    }
                    _raw_spin_lock();
                  }
                  flush_tlb_batched_pending();
                  vm_normal_page();
                  arch_check_zapped_pte();
                  folio_remove_rmap_ptes() {
                    lruvec_stat_mod_folio() {
                      __rcu_read_lock();
                      mod_node_page_state();
                      __mod_memcg_lruvec_state() {
                        memcg_state_val_in_pages();
                        __css_rstat_updated();
                      }
                      __rcu_read_unlock();
                    }
                  }
                  __tlb_remove_folio_pages();
                  vm_normal_page();
                  arch_check_zapped_pte();
                  folio_remove_rmap_ptes() {
                    lruvec_stat_mod_folio() {
                      __rcu_read_lock();
                      mod_node_page_state();
                      __mod_memcg_lruvec_state() {
                        memcg_state_val_in_pages();
                        __css_rstat_updated();
                      }
                      __rcu_read_unlock();
                    }
                  }
                  __tlb_remove_folio_pages();
                  vm_normal_page();
                  arch_check_zapped_pte();
                  folio_remove_rmap_ptes() {
                    lruvec_stat_mod_folio() {
                      __rcu_read_lock();
                      mod_node_page_state();
                      __mod_memcg_lruvec_state() {
                        memcg_state_val_in_pages();
                        __css_rstat_updated();
                      }
                      __rcu_read_unlock();
                    }
                  }
                  __tlb_remove_folio_pages();
                  vm_normal_page();
                  arch_check_zapped_pte();
                  folio_remove_rmap_ptes() {
                    lruvec_stat_mod_folio() {
                      __rcu_read_lock();
                      mod_node_page_state();
                      __mod_memcg_lruvec_state() {
                        memcg_state_val_in_pages();
                        __css_rstat_updated();
                      }
                      __rcu_read_unlock();
                    }
                  }
                  __tlb_remove_folio_pages();
                  _raw_spin_unlock();
                  __rcu_read_unlock();
                }
                __zap_vma_range() {
                  pte_offset_map_lock() {
                    __pte_offset_map() {
                      __rcu_read_lock();
                    }
                    _raw_spin_lock();
                  }
                  flush_tlb_batched_pending();
                  vm_normal_page();
                  arch_check_zapped_pte();
                  folio_remove_rmap_ptes() {
                    lruvec_stat_mod_folio() {
                      __rcu_read_lock();
                      mod_node_page_state();
                      __mod_memcg_lruvec_state() {
                        memcg_state_val_in_pages();
                        __css_rstat_updated();
                      }
                      __rcu_read_unlock();
                    }
                  }
                  __tlb_remove_folio_pages();
                  vm_normal_page();
                  arch_check_zapped_pte();
                  folio_remove_rmap_ptes() {
                    lruvec_stat_mod_folio() {
                      __rcu_read_lock();
                      mod_node_page_state();
                      __mod_memcg_lruvec_state() {
                        memcg_state_val_in_pages();
                        __css_rstat_updated();
                      }
                      __rcu_read_unlock();
                    }
                  }
                  __tlb_remove_folio_pages();
                  _raw_spin_unlock();
                  __rcu_read_unlock();
                }
                __zap_vma_range() {
                  pte_offset_map_lock() {
                    __pte_offset_map() {
                      __rcu_read_lock();
                    }
                    _raw_spin_lock();
                  }
                  flush_tlb_batched_pending();
                  vm_normal_page();
                  arch_check_zapped_pte();
                  folio_remove_rmap_ptes() {
                    lruvec_stat_mod_folio() {
                      __rcu_read_lock();
                      mod_node_page_state();
                      __mod_memcg_lruvec_state() {
                        memcg_state_val_in_pages();
                        __css_rstat_updated();
                      }
                      __rcu_read_unlock();
                    }
                  }
                  __tlb_remove_folio_pages();
                  vm_normal_page();
                  arch_check_zapped_pte();
                  folio_remove_rmap_ptes() {
                    lruvec_stat_mod_folio() {
                      __rcu_read_lock();
                      mod_node_page_state();
                      __mod_memcg_lruvec_state() {
                        memcg_state_val_in_pages();
                        __css_rstat_updated();
                      }
                      __rcu_read_unlock();
                    }
                  }
                  __tlb_remove_folio_pages();
                  vm_normal_page();
                  arch_check_zapped_pte();
                  folio_remove_rmap_ptes() {
                    lruvec_stat_mod_folio() {
                      __rcu_read_lock();
                      mod_node_page_state();
                      __mod_memcg_lruvec_state() {
                        memcg_state_val_in_pages();
                        __css_rstat_updated();
                      }
                      __rcu_read_unlock();
                    }
                  }
                  __tlb_remove_folio_pages();
                  vm_normal_page();
                  arch_check_zapped_pte();
                  folio_remove_rmap_ptes() {
                    lruvec_stat_mod_folio() {
                      __rcu_read_lock();
                      mod_node_page_state();
                      __mod_memcg_lruvec_state() {
                        memcg_state_val_in_pages();
                        __css_rstat_updated();
                      }
                      __rcu_read_unlock();
                    }
                  }
                  __tlb_remove_folio_pages();
                  _raw_spin_unlock();
                  __rcu_read_unlock();
                }
              }
              up_read();
              down_write();
              free_pgtables() {
                __vma_start_write() {
                  __vma_start_exclude_readers() {
                    finish_rcuwait();
                  }
                }
                unlink_anon_vmas();
                unlink_file_vma_batch_init();
                unlink_file_vma_batch_add();
                __vma_start_write() {
                  __vma_start_exclude_readers() {
                    finish_rcuwait();
                  }
                }
                unlink_anon_vmas() {
                  down_write();
                  anon_vma_interval_tree_remove();
                  up_write();
                  __put_anon_vma() {
                    kmem_cache_free();
                  }
                  kmem_cache_free();
                }
                unlink_file_vma_batch_add();
                unlink_file_vma_batch_final();
                free_pgd_range() {
                  ___pte_free_tlb() {
                    tlb_remove_table() {
                      get_free_pages_noprof() {
                        alloc_pages_noprof() {
                          alloc_pages_mpol() {
                            policy_nodemask();
                            __alloc_frozen_pages_noprof() {
                              get_page_from_freelist() {
                                _raw_spin_trylock();
                                _raw_spin_unlock();
                                kernel_init_pages();
                              }
                            }
                          }
                        }
                      }
                    }
                  }
                  ___pmd_free_tlb() {
                    tlb_remove_table();
                  }
                  ___pud_free_tlb() {
                    tlb_remove_table();
                  }
                }
                __vma_start_write() {
                  __vma_start_exclude_readers() {
                    finish_rcuwait();
                  }
                }
                unlink_anon_vmas() {
                  down_write();
                  anon_vma_interval_tree_remove();
                  up_write();
                  __put_anon_vma() {
                    kmem_cache_free();
                  }
                  kmem_cache_free();
                }
                unlink_file_vma_batch_init();
                unlink_file_vma_batch_add();
                __vma_start_write() {
                  __vma_start_exclude_readers() {
                    finish_rcuwait();
                  }
                }
                unlink_anon_vmas();
                unlink_file_vma_batch_add();
                __vma_start_write() {
                  __vma_start_exclude_readers() {
                    finish_rcuwait();
                  }
                }
                unlink_anon_vmas();
                unlink_file_vma_batch_add();
                __vma_start_write() {
                  __vma_start_exclude_readers() {
                    finish_rcuwait();
                  }
                }
                unlink_anon_vmas();
                unlink_file_vma_batch_add();
                __vma_start_write() {
                  __vma_start_exclude_readers() {
                    finish_rcuwait();
                  }
                }
                unlink_anon_vmas();
                unlink_file_vma_batch_add();
                __vma_start_write() {
                  __vma_start_exclude_readers() {
                    finish_rcuwait();
                  }
                }
                unlink_anon_vmas();
                unlink_file_vma_batch_add();
                __vma_start_write() {
                  __vma_start_exclude_readers() {
                    finish_rcuwait();
                  }
                }
                unlink_anon_vmas();
                unlink_file_vma_batch_add();
                __vma_start_write() {
                  __vma_start_exclude_readers() {
                    finish_rcuwait();
                  }
                }
                unlink_anon_vmas() {
                  down_write();
                  anon_vma_interval_tree_remove();
                  up_write();
                  __put_anon_vma() {
                    kmem_cache_free();
                  }
                  kmem_cache_free();
                }
                unlink_file_vma_batch_add();
                __vma_start_write() {
                  __vma_start_exclude_readers() {
                    finish_rcuwait();
                  }
                }
                unlink_anon_vmas() {
                  down_write();
                  anon_vma_interval_tree_remove();
                  up_write();
                  __put_anon_vma() {
                    kmem_cache_free();
                  }
                  kmem_cache_free();
                }
                unlink_file_vma_batch_add();
                unlink_file_vma_batch_final() {
                  unlink_file_vma_batch_process() {
                    down_write();
                    vma_interval_tree_remove();
                    vma_interval_tree_remove();
                    vma_interval_tree_remove();
                    vma_interval_tree_remove();
                    up_write();
                  }
                }
                free_pgd_range() {
                  ___pte_free_tlb() {
                    tlb_remove_table();
                  }
                  ___pmd_free_tlb() {
                    tlb_remove_table();
                  }
                }
                __vma_start_write() {
                  __vma_start_exclude_readers() {
                    finish_rcuwait();
                  }
                }
                unlink_anon_vmas() {
                  down_write();
                  anon_vma_interval_tree_remove();
                  up_write();
                  __put_anon_vma() {
                    kmem_cache_free();
                  }
                  kmem_cache_free();
                }
                unlink_file_vma_batch_init();
                unlink_file_vma_batch_add();
                unlink_file_vma_batch_final();
                free_pgd_range() {
                  ___pte_free_tlb() {
                    tlb_remove_table();
                  }
                  ___pmd_free_tlb() {
                    tlb_remove_table();
                  }
                  ___pud_free_tlb() {
                    tlb_remove_table();
                  }
                }
              }
              tlb_finish_mmu() {
                flush_tlb_mm_range();
                call_rcu() {
                  __call_rcu_common() {
                    rcu_async_should_hurry();
                    rcu_segcblist_enqueue();
                  }
                }
                __tlb_batch_free_encoded_pages() {
                  free_pages_and_swap_cache() {
                    free_swap_cache();
                    free_swap_cache();
                    free_swap_cache();
                    free_swap_cache();
                    free_swap_cache();
                    free_swap_cache();
                    free_swap_cache();
                    folios_put_refs() {
                      __page_cache_release.part.0() {
                        folio_lruvec_lock_irqsave() {
                          __rcu_read_lock();
                          _raw_spin_lock_irqsave();
                        }
                        mod_lruvec_state() {
                          mod_node_page_state();
                          __mod_memcg_lruvec_state() {
                            memcg_state_val_in_pages();
                            __css_rstat_updated();
                          }
                        }
                        __mod_zone_page_state();
                      }
                      __page_cache_release.part.0() {
                        mod_lruvec_state() {
                          mod_node_page_state();
                          __mod_memcg_lruvec_state() {
                            memcg_state_val_in_pages();
                            __css_rstat_updated();
                          }
                        }
                        __mod_zone_page_state();
                      }
                      _raw_spin_unlock_irqrestore();
                      __rcu_read_unlock();
                      __mem_cgroup_uncharge_folios() {
                        uncharge_folio();
                        uncharge_folio();
                        uncharge_batch() {
                          __rcu_read_lock();
                          __rcu_read_unlock();
                        }
                      }
                      free_unref_folios() {
                        _raw_spin_trylock();
                        free_frozen_page_commit();
                        free_frozen_page_commit();
                        _raw_spin_unlock();
                      }
                    }
                  }
                }
                __tlb_batch_free_encoded_pages() {
                  free_pages_and_swap_cache() {
                    free_swap_cache();
                    free_swap_cache();
                    free_swap_cache();
                    free_swap_cache();
                    free_swap_cache();
                    free_swap_cache();
                    free_swap_cache();
                    free_swap_cache();
                    free_swap_cache();
                    free_swap_cache();
                    free_swap_cache();
                    free_swap_cache();
                    free_swap_cache();
                    free_swap_cache();
                    free_swap_cache();
                    free_swap_cache();
                    free_swap_cache();
                    free_swap_cache();
                    free_swap_cache();
                    free_swap_cache();
                    free_swap_cache();
                    free_swap_cache();
                    free_swap_cache();
                    free_swap_cache();
                    free_swap_cache();
                    free_swap_cache();
                    free_swap_cache();
                    free_swap_cache();
                    free_swap_cache();
                    free_swap_cache();
                    free_swap_cache();
                    folios_put_refs();
                    free_swap_cache();
                    free_swap_cache();
                    free_swap_cache();
                    free_swap_cache();
                    free_swap_cache();
                    free_swap_cache();
                    free_swap_cache();
                    free_swap_cache();
                    free_swap_cache();
                    free_swap_cache();
                    free_swap_cache();
                    free_swap_cache();
                    free_swap_cache();
                    free_swap_cache();
                    free_swap_cache();
                    free_swap_cache();
                    free_swap_cache();
                    free_swap_cache();
                    free_swap_cache();
                    free_swap_cache();
                    free_swap_cache();
                    free_swap_cache();
                    free_swap_cache();
                    free_swap_cache();
                    free_swap_cache();
                    free_swap_cache();
                    free_swap_cache();
                    free_swap_cache();
                    free_swap_cache();
                    free_swap_cache();
                    free_swap_cache();
                    folios_put_refs();
                    free_swap_cache();
                    free_swap_cache();
                    free_swap_cache();
                    free_swap_cache();
                    free_swap_cache();
                    free_swap_cache();
                    free_swap_cache();
                    free_swap_cache();
                    free_swap_cache();
                    free_swap_cache();
                    free_swap_cache();
                    free_swap_cache();
                    free_swap_cache();
                    free_swap_cache();
                    free_swap_cache();
                    free_swap_cache();
                    free_swap_cache();
                    free_swap_cache();
                    free_swap_cache();
                    free_swap_cache();
                    free_swap_cache();
                    free_swap_cache();
                    free_swap_cache();
                    free_swap_cache();
                    free_swap_cache();
                    free_swap_cache();
                    free_swap_cache();
                    free_swap_cache();
                    free_swap_cache();
                    free_swap_cache();
                    free_swap_cache();
                    folios_put_refs();
                    free_swap_cache();
                    free_swap_cache();
                    free_swap_cache();
                    free_swap_cache();
                    free_swap_cache();
                    free_swap_cache();
                    free_swap_cache();
                    free_swap_cache();
                    free_swap_cache();
                    free_swap_cache();
                    free_swap_cache() {
                      irq_enter_rcu() {
                        irqtime_account_irq();
                      }
                      __sysvec_apic_timer_interrupt() {
                        hrtimer_interrupt() {
                          _raw_spin_lock_irqsave();
                          ktime_get_update_offsets_now();
                          __hrtimer_run_queues() {
                            __remove_hrtimer();
                            _raw_spin_unlock_irqrestore();
                            tick_nohz_handler() {
                              ktime_get();
                              tick_do_update_jiffies64() {
                                _raw_spin_lock();
                                calc_global_load();
                                _raw_spin_unlock();
                                update_wall_time() {
                                  _raw_spin_lock_irqsave();
                                  __timekeeping_advance() {
                                    ntp_tick_length();
                                    ntp_tick_length();
                                    timekeeping_update_from_shadow() {
                                      ntp_get_next_leap();
                                      update_vsyscall();
                                      raw_notifier_call_chain() {
                                        notifier_call_chain();
                                      }
                                      update_fast_timekeeper();
                                      update_fast_timekeeper();
                                    }
                                  }
                                  _raw_spin_unlock_irqrestore();
                                }
                              }
                              update_process_times() {
                                account_process_tick() {
                                  irqtime_account_process_tick() {
                                    kvm_steal_clock();
                                    account_system_index_time() {
                                      cpuacct_account_field();
                                      acct_account_cputime();
                                    }
                                  }
                                }
                                hrtimer_run_queues();
                                tmigr_requires_handle_remote() {
                                  get_jiffies_update();
                                }
                                rcu_sched_clock_irq() {
                                  rcu_segcblist_ready_cbs();
                                }
                                sched_tick() {
                                  arch_scale_freq_tick();
                                  raw_spin_rq_lock_nested() {
                                    _raw_spin_lock();
                                  }
                                  psi_account_irqtime() {
                                    record_times();
                                  }
                                  update_rq_clock() {
                                    kvm_steal_clock();
                                    update_irq_load_avg() {
                                      arch_scale_cpu_capacity();
                                    }
                                    arch_scale_cpu_capacity();
                                  }
                                  task_tick_fair() {
                                    update_curr() {
                                      update_se() {
                                        cpuacct_charge();
                                      }
                                      dl_server_update() {
                                        update_curr_dl_se();
                                      }
                                    }
                                    __update_load_avg_se();
                                    __update_load_avg_cfs_rq();
                                    update_cfs_group();
                                  }
                                  calc_global_load_tick();
                                  scx_tick();
                                  _raw_spin_unlock();
                                  perf_event_task_tick() {
                                    perf_adjust_freq_unthr_context();
                                    __rcu_read_lock();
                                    __rcu_read_unlock();
                                  }
                                  idle_cpu();
                                  sched_balance_trigger() {
                                    nohz_balance_exit_idle();
                                    housekeeping_cpumask();
                                    idle_cpu();
                                    smp_call_function_single_async() {
                                      generic_exec_single() {
                                        __smp_call_single_queue() {
                                          call_function_single_prep_ipi();
                                          native_send_call_func_single_ipi() {
                                            x2apic_send_IPI();
                                          }
                                        }
                                      }
                                    }
                                  }
                                }
                                run_posix_cpu_timers();
                              }
                              profile_tick() {
                                profile_pc();
                              }
                              hrtimer_forward();
                            }
                            _raw_spin_lock_irq();
                            enqueue_hrtimer();
                          }
                          ktime_get_update_offsets_now();
                          hrtimer_update_next_event() {
                            hrtimer_bases_first();
                          }
                          _raw_spin_unlock_irqrestore();
                        }
                      }
                      irq_exit_rcu() {
                        irqtime_account_irq();
                        sched_core_idle_cpu();
                      }
                      raw_irqentry_exit_cond_resched();
                      __hrtimer_rearm_deferred() {
                        _raw_spin_lock();
                        tick_program_event() {
                          clockevents_program_event() {
                            ktime_expiry_to_cycles();
                            ktime_get();
                            lapic_next_deadline();
                          }
                        }
                        _raw_spin_unlock();
                      }
                    }
                    free_swap_cache();
                    free_swap_cache();
                    free_swap_cache();
                    free_swap_cache();
                    free_swap_cache();
                    free_swap_cache();
                    free_swap_cache();
                    free_swap_cache();
                    free_swap_cache();
                    free_swap_cache();
                    free_swap_cache();
                    free_swap_cache();
                    free_swap_cache();
                    free_swap_cache();
                    free_swap_cache();
                    free_swap_cache();
                    free_swap_cache();
                    free_swap_cache();
                    free_swap_cache();
                    free_swap_cache();
                    folios_put_refs();
                    free_swap_cache();
                    free_swap_cache();
                    free_swap_cache();
                    free_swap_cache();
                    free_swap_cache();
                    free_swap_cache();
                    free_swap_cache();
                    free_swap_cache();
                    free_swap_cache();
                    free_swap_cache();
                    free_swap_cache();
                    free_swap_cache();
                    free_swap_cache();
                    free_swap_cache();
                    free_swap_cache();
                    free_swap_cache();
                    free_swap_cache();
                    free_swap_cache();
                    free_swap_cache();
                    free_swap_cache();
                    free_swap_cache();
                    free_swap_cache();
                    free_swap_cache();
                    free_swap_cache();
                    free_swap_cache();
                    free_swap_cache();
                    free_swap_cache();
                    free_swap_cache();
                    free_swap_cache();
                    free_swap_cache();
                    free_swap_cache();
                    folios_put_refs();
                    free_swap_cache();
                    free_swap_cache();
                    free_swap_cache();
                    free_swap_cache();
                    free_swap_cache();
                    free_swap_cache();
                    free_swap_cache();
                    free_swap_cache();
                    free_swap_cache();
                    free_swap_cache();
                    free_swap_cache();
                    free_swap_cache();
                    free_swap_cache();
                    free_swap_cache();
                    free_swap_cache();
                    free_swap_cache();
                    free_swap_cache();
                    free_swap_cache();
                    free_swap_cache();
                    free_swap_cache();
                    free_swap_cache();
                    free_swap_cache();
                    free_swap_cache();
                    folios_put_refs() {
                      __page_cache_release.part.0() {
                        folio_lruvec_lock_irqsave() {
                          __rcu_read_lock();
                          _raw_spin_lock_irqsave();
                        }
                        mod_lruvec_state() {
                          mod_node_page_state();
                          __mod_memcg_lruvec_state() {
                            memcg_state_val_in_pages();
                            __css_rstat_updated();
                          }
                        }
                        __mod_zone_page_state();
                      }
                      __page_cache_release.part.0() {
                        mod_lruvec_state() {
                          mod_node_page_state();
                          __mod_memcg_lruvec_state() {
                            memcg_state_val_in_pages();
                            __css_rstat_updated();
                          }
                        }
                        __mod_zone_page_state();
                      }
                      __page_cache_release.part.0() {
                        mod_lruvec_state() {
                          mod_node_page_state();
                          __mod_memcg_lruvec_state() {
                            memcg_state_val_in_pages();
                            __css_rstat_updated();
                          }
                        }
                        __mod_zone_page_state();
                      }
                      __page_cache_release.part.0() {
                        mod_lruvec_state() {
                          mod_node_page_state();
                          __mod_memcg_lruvec_state() {
                            memcg_state_val_in_pages();
                            __css_rstat_updated();
                          }
                        }
                        __mod_zone_page_state();
                      }
                      __page_cache_release.part.0() {
                        mod_lruvec_state() {
                          mod_node_page_state();
                          __mod_memcg_lruvec_state() {
                            memcg_state_val_in_pages();
                            __css_rstat_updated();
                          }
                        }
                        __mod_zone_page_state();
                      }
                      __page_cache_release.part.0() {
                        mod_lruvec_state() {
                          mod_node_page_state();
                          __mod_memcg_lruvec_state() {
                            memcg_state_val_in_pages();
                            __css_rstat_updated();
                          }
                        }
                        __mod_zone_page_state();
                      }
                      __page_cache_release.part.0() {
                        mod_lruvec_state() {
                          mod_node_page_state();
                          __mod_memcg_lruvec_state() {
                            memcg_state_val_in_pages();
                            __css_rstat_updated();
                          }
                        }
                        __mod_zone_page_state();
                      }
                      __page_cache_release.part.0() {
                        mod_lruvec_state() {
                          mod_node_page_state();
                          __mod_memcg_lruvec_state() {
                            memcg_state_val_in_pages();
                            __css_rstat_updated();
                          }
                        }
                        __mod_zone_page_state();
                      }
                      __page_cache_release.part.0() {
                        mod_lruvec_state() {
                          mod_node_page_state();
                          __mod_memcg_lruvec_state() {
                            memcg_state_val_in_pages();
                            __css_rstat_updated();
                          }
                        }
                        __mod_zone_page_state();
                      }
                      _raw_spin_unlock_irqrestore();
                      __rcu_read_unlock();
                      __mem_cgroup_uncharge_folios() {
                        uncharge_folio();
                        uncharge_folio();
                        uncharge_folio();
                        uncharge_folio();
                        uncharge_folio();
                        uncharge_folio();
                        uncharge_folio();
                        uncharge_folio();
                        uncharge_folio();
                        uncharge_batch() {
                          __rcu_read_lock();
                          __rcu_read_unlock();
                        }
                      }
                      free_unref_folios() {
                        _raw_spin_trylock();
                        free_frozen_page_commit();
                        free_frozen_page_commit();
                        free_frozen_page_commit();
                        free_frozen_page_commit();
                        free_frozen_page_commit();
                        free_frozen_page_commit();
                        free_frozen_page_commit();
                        free_frozen_page_commit();
                        free_frozen_page_commit();
                        _raw_spin_unlock();
                      }
                    }
                  }
                }
                free_pages() {
                  ___free_pages() {
                    __free_frozen_pages() {
                      __get_pfnblock_flags_mask.isra.0();
                      _raw_spin_trylock();
                      free_frozen_page_commit();
                      _raw_spin_unlock();
                    }
                  }
                }
              }
              tear_down_vmas() {
                remove_vma() {
                  vm_area_free() {
                    kfree();
                    kmem_cache_free();
                  }
                }
                remove_vma() {
                  vm_area_free() {
                    kfree();
                    kmem_cache_free();
                  }
                }
                remove_vma() {
                  vm_area_free() {
                    kfree();
                    kmem_cache_free();
                  }
                }
                remove_vma() {
                  special_mapping_close();
                  vm_area_free() {
                    kfree();
                    kmem_cache_free();
                  }
                }
                remove_vma() {
                  special_mapping_close();
                  vm_area_free() {
                    kfree();
                    kmem_cache_free();
                  }
                }
                remove_vma() {
                  special_mapping_close();
                  vm_area_free() {
                    kfree();
                    kmem_cache_free();
                  }
                }
                remove_vma() {
                  fput();
                  vm_area_free() {
                    kfree();
                    kmem_cache_free() {
                      __kfence_free() {
                        _raw_spin_lock_irqsave();
                        metadata_update_state() {
                          stack_trace_save() {
                            arch_stack_walk() {
                              __unwind_start() {
                                get_stack_info();
                                unwind_next_frame() {
                                  __rcu_read_lock();
                                  orc_find.part.0() {
                                    __orc_find();
                                  }
                                  stack_access_ok();
                                  stack_access_ok();
                                  __rcu_read_unlock();
                                }
                                unwind_next_frame() {
                                  __rcu_read_lock();
                                  orc_find.part.0() {
                                    __orc_find();
                                  }
                                  stack_access_ok();
                                  stack_access_ok();
                                  __rcu_read_unlock();
                                }
                              }
                              unwind_get_return_address() {
                                __kernel_text_address() {
                                  kernel_text_address();
                                }
                              }
                              stack_trace_consume_entry();
                              unwind_next_frame() {
                                __rcu_read_lock();
                                orc_find.part.0() {
                                  __orc_find();
                                }
                                stack_access_ok();
                                __rcu_read_unlock();
                              }
                              unwind_get_return_address() {
                                __kernel_text_address() {
                                  kernel_text_address();
                                }
                              }
                              stack_trace_consume_entry();
                              unwind_next_frame() {
                                __rcu_read_lock();
                                orc_find.part.0() {
                                  __orc_find();
                                }
                                stack_access_ok();
                                stack_access_ok();
                                __rcu_read_unlock();
                              }
                              unwind_get_return_address() {
                                __kernel_text_address() {
                                  kernel_text_address();
                                }
                              }
                              stack_trace_consume_entry();
                              unwind_next_frame() {
                                __rcu_read_lock();
                                orc_find.part.0() {
                                  __orc_find();
                                }
                                stack_access_ok();
                                __rcu_read_unlock();
                              }
                              unwind_get_return_address() {
                                __kernel_text_address() {
                                  kernel_text_address();
                                }
                              }
                              stack_trace_consume_entry();
                              unwind_next_frame() {
                                __rcu_read_lock();
                                orc_find.part.0() {
                                  __orc_find();
                                }
                                stack_access_ok();
                                __rcu_read_unlock();
                              }
                              unwind_get_return_address() {
                                __kernel_text_address() {
                                  kernel_text_address();
                                }
                              }
                              stack_trace_consume_entry();
                              unwind_next_frame() {
                                __rcu_read_lock();
                                orc_find.part.0() {
                                  __orc_find();
                                }
                                stack_access_ok();
                                stack_access_ok();
                                __rcu_read_unlock();
                              }
                              unwind_get_return_address() {
                                __kernel_text_address() {
                                  kernel_text_address();
                                }
                              }
                              stack_trace_consume_entry();
                              unwind_next_frame() {
                                __rcu_read_lock();
                                orc_find.part.0() {
                                  __orc_find();
                                }
                                stack_access_ok();
                                stack_access_ok();
                                __rcu_read_unlock();
                              }
                              unwind_get_return_address() {
                                __kernel_text_address() {
                                  kernel_text_address();
                                }
                              }
                              stack_trace_consume_entry();
                              unwind_next_frame() {
                                __rcu_read_lock();
                                orc_find.part.0() {
                                  __orc_find();
                                }
                                stack_access_ok();
                                __rcu_read_unlock();
                              }
                              unwind_get_return_address() {
                                __kernel_text_address() {
                                  kernel_text_address();
                                }
                              }
                              stack_trace_consume_entry();
                              unwind_next_frame() {
                                __rcu_read_lock();
                                orc_find.part.0() {
                                  __orc_find();
                                }
                                stack_access_ok();
                                stack_access_ok();
                                __rcu_read_unlock();
                              }
                              unwind_get_return_address() {
                                __kernel_text_address() {
                                  kernel_text_address();
                                }
                              }
                              stack_trace_consume_entry();
                              unwind_next_frame() {
                                __rcu_read_lock();
                                orc_find.part.0() {
                                  __orc_find();
                                }
                                stack_access_ok();
                                stack_access_ok();
                                __rcu_read_unlock();
                              }
                              unwind_get_return_address() {
                                __kernel_text_address() {
                                  kernel_text_address();
                                }
                              }
                              stack_trace_consume_entry();
                              unwind_next_frame() {
                                __rcu_read_lock();
                                orc_find.part.0() {
                                  __orc_find();
                                }
                                stack_access_ok();
                                stack_access_ok();
                                __rcu_read_unlock();
                              }
                              unwind_get_return_address() {
                                __kernel_text_address() {
                                  kernel_text_address();
                                }
                              }
                              stack_trace_consume_entry();
                              unwind_next_frame() {
                                __rcu_read_lock();
                                orc_find.part.0() {
                                  __orc_find();
                                }
                                stack_access_ok();
                                stack_access_ok();
                                __rcu_read_unlock();
                              }
                              unwind_get_return_address() {
                                __kernel_text_address() {
                                  kernel_text_address();
                                }
                              }
                              stack_trace_consume_entry();
                              unwind_next_frame() {
                                __rcu_read_lock();
                                orc_find.part.0() {
                                  __orc_find();
                                }
                                stack_access_ok();
                                stack_access_ok();
                                __rcu_read_unlock();
                              }
                              unwind_get_return_address() {
                                __kernel_text_address() {
                                  kernel_text_address();
                                }
                              }
                              stack_trace_consume_entry();
                              unwind_next_frame() {
                                __rcu_read_lock();
                                orc_find.part.0() {
                                  __orc_find();
                                }
                                stack_access_ok();
                                stack_access_ok();
                                __rcu_read_unlock();
                              }
                              unwind_get_return_address() {
                                __kernel_text_address() {
                                  kernel_text_address();
                                }
                              }
                              stack_trace_consume_entry();
                              unwind_next_frame() {
                                __rcu_read_lock();
                                orc_find.part.0() {
                                  __orc_find();
                                }
                                stack_access_ok();
                                __rcu_read_unlock();
                              }
                              unwind_get_return_address() {
                                __kernel_text_address() {
                                  kernel_text_address() {
                                    in_gate_area_no_mm();
                                    is_module_text_address() {
                                      __rcu_read_lock();
                                      __module_address();
                                      __rcu_read_unlock();
                                    }
                                    __is_insn_slot_addr() {
                                      __rcu_read_lock();
                                      __rcu_read_unlock();
                                    }
                                    __is_insn_slot_addr() {
                                      __rcu_read_lock();
                                      __rcu_read_unlock();
                                    }
                                    is_bpf_text_address() {
                                      __rcu_read_lock();
                                      bpf_ksym_find();
                                      __rcu_read_unlock();
                                    }
                                  }
                                }
                              }
                            }
                          }
                          local_clock();
                        }
                        _raw_spin_unlock_irqrestore();
                        call_rcu() {
                          __call_rcu_common() {
                            rcu_async_should_hurry();
                            rcu_segcblist_enqueue();
                          }
                        }
                      }
                    }
                  }
                }
                remove_vma() {
                  fput();
                  vm_area_free() {
                    kfree();
                    kmem_cache_free();
                  }
                }
                remove_vma() {
                  fput();
                  vm_area_free() {
                    kfree();
                    kmem_cache_free();
                  }
                }
                remove_vma() {
                  fput();
                  vm_area_free() {
                    kfree();
                    kmem_cache_free();
                  }
                }
                remove_vma() {
                  vm_area_free() {
                    kfree();
                    kmem_cache_free();
                  }
                }
                remove_vma() {
                  vm_area_free() {
                    kfree();
                    kmem_cache_free();
                  }
                }
              }
              kfree();
              up_write();
            }
            mm_put_huge_zero_folio();
            fput() {
              __file_ref_put();
              __fput_deferred() {
                task_work_add() {
                  kick_process();
                }
              }
            }
            module_put();
            lru_gen_del_mm() {
              _raw_spin_lock();
              _raw_spin_unlock();
            }
            futex_hash_free() {
              free_percpu();
              kvfree() {
                is_vmalloc_addr();
                kfree();
              }
            }
            __mmdrop() {
              pgd_free() {
                _raw_spin_lock();
                _raw_spin_unlock();
                lruvec_stat_mod_folio() {
                  __rcu_read_lock();
                  __rcu_read_unlock();
                  mod_node_page_state();
                }
                __free_pages() {
                  ___free_pages() {
                    __free_frozen_pages() {
                      __get_pfnblock_flags_mask.isra.0();
                      _raw_spin_trylock();
                      free_frozen_page_commit();
                      _raw_spin_unlock();
                    }
                  }
                }
              }
              _raw_spin_lock_irqsave();
              _raw_spin_unlock_irqrestore();
              destroy_context_ldt();
              mm_free_global_asid();
              _raw_spin_lock_irqsave();
              _raw_spin_unlock_irqrestore();
              _raw_spin_lock_irqsave();
              _raw_spin_unlock_irqrestore();
              _raw_spin_lock_irqsave();
              _raw_spin_unlock_irqrestore();
              _raw_spin_lock_irqsave();
              _raw_spin_unlock_irqrestore();
              mm_pasid_drop();
              free_percpu() {
                vmalloc_to_page();
                _raw_spin_lock_irqsave();
                pcpu_free_area() {
                  pcpu_chunk_slot();
                  pcpu_block_update();
                  pcpu_block_update();
                  pcpu_chunk_relocate();
                }
                _raw_spin_unlock_irqrestore();
              }
              _raw_spin_lock_irqsave();
              _raw_spin_unlock_irqrestore();
              free_percpu() {
                vmalloc_to_page();
                _raw_spin_lock_irqsave();
                pcpu_free_area() {
                  pcpu_chunk_slot();
                  pcpu_block_update();
                  pcpu_block_update();
                  pcpu_chunk_relocate();
                }
                _raw_spin_unlock_irqrestore();
              }
              kmem_cache_free();
            }
          }
          exec_task_namespaces();
          _raw_spin_lock_irq();
          posix_cpu_timers_exit();
          _raw_spin_unlock_irq();
          exit_itimers();
          flush_itimer_signals() {
            _raw_spin_lock_irqsave();
            __flush_itimer_signals();
            __flush_itimer_signals();
            _raw_spin_unlock_irqrestore();
          }
          flush_thread() {
            flush_ptrace_hw_breakpoint() {
              unregister_hw_breakpoint();
              unregister_hw_breakpoint();
              unregister_hw_breakpoint();
              unregister_hw_breakpoint();
            }
            fpu_flush_thread() {
              __local_bh_enable_ip();
            }
          }
          do_close_on_exec() {
            _raw_spin_lock();
            _raw_spin_unlock();
          }
          perf_event_exec() {
            perf_lock_task_context() {
              __rcu_read_lock();
              __rcu_read_unlock();
            }
          }
          __set_task_comm() {
            perf_event_comm();
          }
          flush_signal_handlers();
          set_cred_ucounts();
          security_bprm_committing_creds() {
            bpf_lsm_bprm_committing_creds();
          }
          commit_creds();
          security_bprm_committed_creds() {
            bpf_lsm_bprm_committed_creds();
          }
        }
        set_personality_64bit();
        setup_new_exec() {
          arch_pick_mmap_layout() {
            get_random_u64() {
              _get_random_bytes() {
                crng_make_state() {
                  crng_fast_key_erasure() {
                    chacha_block_generic() {
                      chacha_permute();
                    }
                  }
                }
                chacha_block_generic() {
                  chacha_permute();
                }
              }
            }
            mmap_base.isra.0();
            get_random_u64();
            mmap_base.isra.0();
          }
          arch_setup_new_exec();
          up_write();
          mutex_unlock();
        }
        randomize_stack_top() {
          get_random_u64();
        }
        setup_arg_pages() {
          arch_align_stack() {
            get_random_u16();
          }
          down_write_killable();
          tlb_gather_mmu();
          mprotect_fixup() {
            may_expand_vm();
            vma_modify_flags() {
              anon_vma_name();
              vma_modify() {
                can_vma_merge_left();
                can_vma_merge_right();
              }
            }
            __vma_start_write() {
              __vma_start_exclude_readers() {
                finish_rcuwait();
              }
            }
            vma_set_page_prot() {
              vma_wants_writenotify() {
                vma_is_shared_writable();
              }
            }
            change_protection() {
              change_pte_range() {
                pte_offset_map_lock() {
                  __pte_offset_map() {
                    __rcu_read_lock();
                  }
                  _raw_spin_lock();
                }
                flush_tlb_batched_pending();
                vm_normal_page();
                mprotect_folio_pte_batch();
                maybe_change_pte_writable.isra.0();
                pte_mkwrite();
                _raw_spin_unlock();
                __rcu_read_unlock();
              }
            }
            vm_stat_account();
            vm_stat_account();
            perf_event_mmap();
          }
          tlb_finish_mmu();
          relocate_vma_down() {
            vma_expand() {
              commit_merge() {
                init_multi_vma_prep();
                kmem_cache_alloc_noprof();
                vma_prepare() {
                  down_write();
                  anon_vma_interval_tree_remove();
                }
                vma_adjust_trans_huge();
                kvfree_call_rcu() {
                  is_vmalloc_addr();
                  __kfree_rcu_sheaf();
                }
                vma_complete() {
                  anon_vma_interval_tree_insert();
                  up_write();
                }
              }
            }
            move_page_tables() {
              get_old_pud();
              alloc_new_pud();
              get_old_pud();
              alloc_new_pud();
              __pmd_alloc() {
                alloc_pages_noprof() {
                  alloc_pages_mpol() {
                    policy_nodemask();
                    __alloc_frozen_pages_noprof() {
                      get_page_from_freelist() {
                        _raw_spin_trylock();
                        _raw_spin_unlock();
                        kernel_init_pages();
                      }
                    }
                  }
                }
                lruvec_stat_mod_folio() {
                  __rcu_read_lock();
                  __rcu_read_unlock();
                  mod_node_page_state();
                }
                _raw_spin_lock();
                _raw_spin_unlock();
              }
              __pte_alloc() {
                pte_alloc_one() {
                  alloc_pages_noprof() {
                    alloc_pages_mpol() {
                      policy_nodemask();
                      __alloc_frozen_pages_noprof() {
                        get_page_from_freelist() {
                          _raw_spin_trylock();
                          _raw_spin_unlock();
                          kernel_init_pages();
                        }
                      }
                    }
                  }
                  lruvec_stat_mod_folio() {
                    __rcu_read_lock();
                    __rcu_read_unlock();
                    mod_node_page_state();
                  }
                }
                pmd_install() {
                  _raw_spin_lock();
                  _raw_spin_unlock();
                }
              }
              pte_offset_map_lock() {
                __pte_offset_map() {
                  __rcu_read_lock();
                }
                _raw_spin_lock();
              }
              pte_offset_map_rw_nolock() {
                __pte_offset_map() {
                  __rcu_read_lock();
                }
              }
              _raw_spin_lock();
              flush_tlb_batched_pending();
              flush_tlb_mm_range() {
                flush_tlb_func() {
                  mm_needs_global_asid();
                  native_flush_tlb_one_user();
                }
              }
              _raw_spin_unlock();
              __rcu_read_unlock();
              _raw_spin_unlock();
              __rcu_read_unlock();
            }
            tlb_gather_mmu();
            free_pgd_range() {
              ___pte_free_tlb() {
                tlb_remove_table() {
                  get_free_pages_noprof() {
                    alloc_pages_noprof() {
                      alloc_pages_mpol() {
                        policy_nodemask();
                        __alloc_frozen_pages_noprof() {
                          get_page_from_freelist() {
                            _raw_spin_trylock();
                            _raw_spin_unlock();
                            kernel_init_pages();
                          }
                        }
                      }
                    }
                  }
                }
              }
              ___pmd_free_tlb() {
                tlb_remove_table();
              }
            }
            tlb_finish_mmu() {
              flush_tlb_mm_range() {
                flush_tlb_func() {
                  mm_needs_global_asid();
                  native_flush_tlb_local();
                }
              }
              call_rcu() {
                __call_rcu_common() {
                  rcu_async_should_hurry();
                  rcu_segcblist_enqueue();
                }
              }
            }
            vma_shrink() {
              kmem_cache_alloc_noprof();
              init_multi_vma_prep();
              vma_prepare() {
                down_write();
                anon_vma_interval_tree_remove();
              }
              vma_adjust_trans_huge();
              kvfree_call_rcu() {
                is_vmalloc_addr();
                __kfree_rcu_sheaf();
              }
              vma_complete() {
                anon_vma_interval_tree_insert();
                up_write();
              }
            }
          }
          expand_stack_locked() {
            expand_downwards() {
              kmem_cache_alloc_noprof();
              down_write();
              may_expand_vm();
              mlock_future_ok();
              security_vm_enough_memory_mm() {
                static_key_count();
                cap_vm_enough_memory() {
                  cap_capable();
                }
                static_key_count();
                bpf_lsm_vm_enough_memory();
                static_key_count();
                static_key_count();
                static_key_count();
                static_key_count();
                static_key_count();
                static_key_count();
                static_key_count();
                static_key_count();
                static_key_count();
                static_key_count();
                __vm_enough_memory();
              }
              vm_stat_account();
              anon_vma_interval_tree_remove();
              kvfree_call_rcu() {
                is_vmalloc_addr();
                __kfree_rcu_sheaf();
              }
              anon_vma_interval_tree_insert();
              perf_event_mmap();
              up_write();
            }
          }
          up_write();
        }
        elf_load() {
          vm_mmap() {
            vm_mmap_pgoff() {
              security_mmap_file() {
                bpf_lsm_mmap_file();
              }
              down_write_killable();
              do_mmap() {
                __get_unmapped_area() {
                  shmem_get_unmapped_area() {
                    mm_get_unmapped_area() {
                      arch_get_unmapped_area_topdown() {
                        get_mmap_base();
                        get_align_mask();
                        get_align_mask();
                        vm_unmapped_area() {
                          unmapped_area_topdown();
                        }
                      }
                    }
                  }
                  security_mmap_addr() {
                    cap_mmap_addr();
                    bpf_lsm_mmap_addr();
                  }
                }
                path_noexec();
                memfd_check_seals_mmap() {
                  shmem_mapping();
                }
                mmap_region() {
                  __mmap_region() {
                    may_expand_vm();
                    shmem_mmap_prepare() {
                      touch_atime() {
                        atime_needs_update() {
                          make_vfsuid();
                          make_vfsgid();
                          current_time() {
                            ktime_get_coarse_real_ts64_mg();
                          }
                        }
                        mnt_get_write_access();
                        current_time() {
                          ktime_get_coarse_real_ts64_mg();
                        }
                        __mark_inode_dirty();
                        mnt_put_write_access();
                      }
                    }
                    mmap_action_prepare();
                    ksm_vma_flags();
                    vma_merge_new_range() {
                      can_vma_merge_left();
                      can_vma_merge_right();
                    }
                    vm_area_alloc() {
                      kmem_cache_alloc_noprof();
                    }
                    kmem_cache_alloc_noprof();
                    __vma_start_write() {
                      __vma_start_exclude_readers();
                    }
                    kvfree_call_rcu() {
                      is_vmalloc_addr();
                      __kfree_rcu_sheaf();
                    }
                    down_write();
                    vma_interval_tree_insert();
                    up_write();
                    khugepaged_enter_vma() {
                      hugepage_pmd_enabled();
                      __thp_vma_allowable_orders() {
                        vma_is_special_huge();
                      }
                    }
                    perf_event_mmap();
                    vms_complete_munmap_vmas();
                    vm_stat_account();
                    uprobe_mmap();
                    vma_set_page_prot() {
                      vma_wants_writenotify() {
                        vma_is_shared_writable();
                      }
                    }
                    mmap_action_complete();
                  }
                }
              }
              up_write();
              userfaultfd_unmap_complete();
            }
          }
          vm_munmap() {
            __vm_munmap() {
              down_write_killable();
              do_vmi_munmap() {
                do_vmi_align_munmap() {
                  vms_gather_munmap_vmas() {
                    __split_vma() {
                      vm_area_dup() {
                        kmem_cache_alloc_noprof();
                        anon_vma_name();
                      }
                      kmem_cache_alloc_noprof();
                      vma_dup_policy();
                      anon_vma_clone();
                      __vma_start_write() {
                        __vma_start_exclude_readers() {
                          finish_rcuwait();
                        }
                      }
                      __vma_start_write() {
                        __vma_start_exclude_readers();
                      }
                      init_multi_vma_prep();
                      vma_prepare() {
                        uprobe_munmap();
                        down_write();
                        vma_interval_tree_insert() {
                          vma_interval_tree_augment_rotate();
                        }
                        vma_interval_tree_remove();
                      }
                      vma_adjust_trans_huge();
                      vma_complete() {
                        vma_interval_tree_insert();
                        kvfree_call_rcu() {
                          is_vmalloc_addr();
                          __kfree_rcu_sheaf();
                        }
                        up_write();
                        uprobe_mmap();
                        uprobe_mmap();
                      }
                    }
                    userfaultfd_unmap_prep();
                  }
                  kmem_cache_alloc_noprof();
                  kvfree_call_rcu() {
                    is_vmalloc_addr();
                    __kfree_rcu_sheaf();
                  }
                  vms_complete_munmap_vmas() {
                    unmap_region() {
                      tlb_gather_mmu();
                      unmap_vmas() {
                        __zap_vma_range() {
                          uprobe_munmap();
                        }
                      }
                      free_pgtables() {
                        unlink_anon_vmas();
                        unlink_file_vma_batch_init();
                        unlink_file_vma_batch_add();
                        unlink_file_vma_batch_final() {
                          unlink_file_vma_batch_process() {
                            down_write();
                            vma_interval_tree_remove();
                            up_write();
                          }
                        }
                        free_pgd_range();
                      }
                      tlb_finish_mmu();
                    }
                    remove_vma() {
                      fput();
                      vm_area_free() {
                        kfree();
                        kmem_cache_free();
                      }
                    }
                  }
                }
              }
              up_write();
              userfaultfd_unmap_complete();
            }
          }
        }
        elf_load() {
          vm_mmap() {
            vm_mmap_pgoff() {
              security_mmap_file() {
                bpf_lsm_mmap_file();
              }
              down_write_killable();
              do_mmap() {
                __get_unmapped_area() {
                  shmem_get_unmapped_area() {
                    mm_get_unmapped_area() {
                      arch_get_unmapped_area_topdown();
                    }
                  }
                  security_mmap_addr() {
                    cap_mmap_addr();
                    bpf_lsm_mmap_addr();
                  }
                }
                path_noexec();
                memfd_check_seals_mmap() {
                  shmem_mapping();
                }
                mmap_region() {
                  __mmap_region() {
                    may_expand_vm();
                    shmem_mmap_prepare() {
                      touch_atime() {
                        atime_needs_update() {
                          make_vfsuid();
                          make_vfsgid();
                          current_time() {
                            ktime_get_coarse_real_ts64_mg();
                          }
                        }
                      }
                    }
                    mmap_action_prepare();
                    ksm_vma_flags();
                    vma_merge_new_range() {
                      can_vma_merge_left();
                      can_vma_merge_right();
                    }
                    vm_area_alloc() {
                      kmem_cache_alloc_noprof();
                    }
                    kmem_cache_alloc_noprof();
                    __vma_start_write() {
                      __vma_start_exclude_readers();
                    }
                    kvfree_call_rcu() {
                      is_vmalloc_addr();
                      __kfree_rcu_sheaf();
                    }
                    down_write();
                    vma_interval_tree_insert();
                    up_write();
                    khugepaged_enter_vma() {
                      hugepage_pmd_enabled();
                      __thp_vma_allowable_orders() {
                        vma_is_special_huge();
                      }
                    }
                    perf_event_mmap();
                    vms_complete_munmap_vmas();
                    vm_stat_account();
                    uprobe_mmap();
                    vma_set_page_prot() {
                      vma_wants_writenotify() {
                        vma_is_shared_writable();
                      }
                    }
                    mmap_action_complete();
                  }
                }
              }
              up_write();
              userfaultfd_unmap_complete();
            }
          }
        }
        elf_load() {
          vm_mmap() {
            vm_mmap_pgoff() {
              security_mmap_file() {
                bpf_lsm_mmap_file();
              }
              down_write_killable();
              do_mmap() {
                __get_unmapped_area() {
                  shmem_get_unmapped_area() {
                    mm_get_unmapped_area() {
                      arch_get_unmapped_area_topdown();
                    }
                  }
                  security_mmap_addr() {
                    cap_mmap_addr();
                    bpf_lsm_mmap_addr();
                  }
                }
                path_noexec();
                memfd_check_seals_mmap() {
                  shmem_mapping();
                }
                mmap_region() {
                  __mmap_region() {
                    may_expand_vm();
                    shmem_mmap_prepare() {
                      touch_atime() {
                        atime_needs_update() {
                          make_vfsuid();
                          make_vfsgid();
                          current_time() {
                            ktime_get_coarse_real_ts64_mg();
                          }
                        }
                      }
                    }
                    mmap_action_prepare();
                    ksm_vma_flags();
                    vma_merge_new_range() {
                      can_vma_merge_left();
                      can_vma_merge_right();
                    }
                    vm_area_alloc() {
                      kmem_cache_alloc_noprof();
                    }
                    kmem_cache_alloc_noprof();
                    __vma_start_write() {
                      __vma_start_exclude_readers();
                    }
                    kvfree_call_rcu() {
                      is_vmalloc_addr();
                      __kfree_rcu_sheaf() {
                        call_rcu() {
                          __call_rcu_common() {
                            rcu_async_should_hurry();
                            rcu_segcblist_enqueue();
                          }
                        }
                      }
                    }
                    down_write();
                    vma_interval_tree_insert();
                    up_write();
                    khugepaged_enter_vma() {
                      hugepage_pmd_enabled();
                      __thp_vma_allowable_orders() {
                        vma_is_special_huge();
                      }
                    }
                    perf_event_mmap();
                    vms_complete_munmap_vmas();
                    vm_stat_account();
                    uprobe_mmap();
                    vma_set_page_prot() {
                      vma_wants_writenotify() {
                        vma_is_shared_writable();
                      }
                    }
                    mmap_action_complete();
                  }
                }
              }
              up_write();
              userfaultfd_unmap_complete();
            }
          }
        }
        elf_load() {
          vm_mmap() {
            vm_mmap_pgoff() {
              security_mmap_file() {
                bpf_lsm_mmap_file();
              }
              down_write_killable();
              do_mmap() {
                __get_unmapped_area() {
                  shmem_get_unmapped_area() {
                    mm_get_unmapped_area() {
                      arch_get_unmapped_area_topdown();
                    }
                  }
                  security_mmap_addr() {
                    cap_mmap_addr();
                    bpf_lsm_mmap_addr();
                  }
                }
                path_noexec();
                memfd_check_seals_mmap() {
                  shmem_mapping();
                }
                mmap_region() {
                  __mmap_region() {
                    may_expand_vm();
                    security_vm_enough_memory_mm() {
                      static_key_count();
                      cap_vm_enough_memory() {
                        cap_capable();
                      }
                      static_key_count();
                      bpf_lsm_vm_enough_memory();
                      static_key_count();
                      static_key_count();
                      static_key_count();
                      static_key_count();
                      static_key_count();
                      static_key_count();
                      static_key_count();
                      static_key_count();
                      static_key_count();
                      static_key_count();
                      __vm_enough_memory();
                    }
                    shmem_mmap_prepare() {
                      touch_atime() {
                        atime_needs_update() {
                          make_vfsuid();
                          make_vfsgid();
                          current_time() {
                            ktime_get_coarse_real_ts64_mg();
                          }
                        }
                      }
                    }
                    mmap_action_prepare();
                    ksm_vma_flags();
                    vma_merge_new_range() {
                      can_vma_merge_left();
                      can_vma_merge_right();
                    }
                    vm_area_alloc() {
                      kmem_cache_alloc_noprof();
                    }
                    kmem_cache_alloc_noprof();
                    __vma_start_write() {
                      __vma_start_exclude_readers();
                    }
                    kvfree_call_rcu() {
                      is_vmalloc_addr();
                      __kfree_rcu_sheaf() {
                        barn_get_empty_sheaf() {
                          _raw_spin_lock_irqsave();
                          _raw_spin_unlock_irqrestore();
                        }
                      }
                    }
                    down_write();
                    vma_interval_tree_insert();
                    up_write();
                    khugepaged_enter_vma() {
                      hugepage_pmd_enabled();
                      __thp_vma_allowable_orders() {
                        vma_is_special_huge();
                      }
                    }
                    perf_event_mmap();
                    vms_complete_munmap_vmas();
                    vm_stat_account();
                    uprobe_mmap();
                    vma_set_page_prot() {
                      vma_wants_writenotify() {
                        vma_is_shared_writable();
                      }
                    }
                    mmap_action_complete();
                  }
                }
              }
              up_write();
              userfaultfd_unmap_complete();
            }
          }
          lock_mm_and_find_vma() {
            down_read_trylock();
            find_vma() {
              __rcu_read_lock();
              __rcu_read_unlock();
            }
          }
          handle_mm_fault() {
            __handle_mm_fault() {
              __thp_vma_allowable_orders() {
                vma_is_special_huge();
              }
              __pmd_alloc() {
                alloc_pages_noprof() {
                  alloc_pages_mpol() {
                    policy_nodemask();
                    __alloc_frozen_pages_noprof() {
                      get_page_from_freelist() {
                        _raw_spin_trylock();
                        _raw_spin_unlock();
                        kernel_init_pages();
                      }
                    }
                  }
                }
                lruvec_stat_mod_folio() {
                  __rcu_read_lock();
                  __rcu_read_unlock();
                  mod_node_page_state();
                }
                _raw_spin_lock();
                _raw_spin_unlock();
              }
              __thp_vma_allowable_orders() {
                vma_is_special_huge();
              }
              do_fault() {
                __vmf_anon_prepare() {
                  __anon_vma_prepare() {
                    kmem_cache_alloc_noprof();
                    find_mergeable_anon_vma() {
                      anon_vma_compatible();
                    }
                    kmem_cache_alloc_noprof();
                    down_write();
                    _raw_spin_lock();
                    anon_vma_interval_tree_insert();
                    _raw_spin_unlock();
                    up_write();
                  }
                }
                vma_alloc_folio_noprof() {
                  get_vma_policy() {
                    shmem_get_policy() {
                      mpol_shared_policy_lookup();
                    }
                  }
                  alloc_pages_mpol() {
                    policy_nodemask();
                    __alloc_frozen_pages_noprof() {
                      get_page_from_freelist() {
                        _raw_spin_trylock();
                        _raw_spin_unlock();
                        kernel_init_pages();
                      }
                    }
                  }
                }
                __mem_cgroup_charge() {
                  get_mem_cgroup_from_mm() {
                    __rcu_read_lock();
                    __rcu_read_unlock();
                  }
                  charge_memcg() {
                    __rcu_read_lock();
                    __get_obj_cgroup_from_memcg();
                    __rcu_read_unlock();
                  }
                }
                __folio_throttle_swaprate();
                __do_fault() {
                  pte_alloc_one() {
                    alloc_pages_noprof() {
                      alloc_pages_mpol() {
                        policy_nodemask();
                        __alloc_frozen_pages_noprof() {
                          get_page_from_freelist() {
                            _raw_spin_trylock();
                            _raw_spin_unlock();
                            kernel_init_pages();
                          }
                        }
                      }
                    }
                    lruvec_stat_mod_folio() {
                      __rcu_read_lock();
                      __rcu_read_unlock();
                      mod_node_page_state();
                    }
                  }
                  shmem_fault() {
                    shmem_get_folio_gfp() {
                      filemap_get_entry() {
                        __rcu_read_lock();
                        __rcu_read_unlock();
                      }
                    }
                  }
                }
                copy_mc_to_kernel();
                finish_fault() {
                  shmem_mapping();
                  pmd_install() {
                    _raw_spin_lock();
                    _raw_spin_unlock();
                  }
                  pte_offset_map_lock() {
                    __pte_offset_map() {
                      __rcu_read_lock();
                    }
                    _raw_spin_lock();
                  }
                  set_pte_range() {
                    pte_mkwrite();
                    folio_add_new_anon_rmap() {
                      __folio_mod_stat() {
                        lruvec_stat_mod_folio() {
                          __rcu_read_lock();
                          mod_node_page_state();
                          __mod_memcg_lruvec_state() {
                            memcg_state_val_in_pages();
                            __css_rstat_updated();
                          }
                          __rcu_read_unlock();
                        }
                      }
                    }
                    folio_add_lru_vma() {
                      folio_add_lru() {
                        __folio_batch_add_and_move();
                      }
                    }
                  }
                  _raw_spin_unlock();
                  __rcu_read_unlock();
                }
                unlock_page() {
                  folio_unlock();
                }
              }
            }
            __rcu_read_lock();
            mem_cgroup_from_task();
            count_memcg_events() {
              __css_rstat_updated();
            }
            __rcu_read_unlock();
          }
          up_read();
          raw_irqentry_exit_cond_resched();
          vm_brk_flags() {
            down_write_killable();
            check_brk_limits() {
              __get_unmapped_area() {
                mm_get_unmapped_area_vmflags() {
                  arch_get_unmapped_area_topdown();
                }
                security_mmap_addr() {
                  cap_mmap_addr();
                  bpf_lsm_mmap_addr();
                }
              }
            }
            do_vmi_munmap();
            do_brk_flags() {
              ksm_vma_flags();
              may_expand_vm();
              security_vm_enough_memory_mm() {
                static_key_count();
                cap_vm_enough_memory() {
                  cap_capable();
                }
                static_key_count();
                bpf_lsm_vm_enough_memory();
                static_key_count();
                static_key_count();
                static_key_count();
                static_key_count();
                static_key_count();
                static_key_count();
                static_key_count();
                static_key_count();
                static_key_count();
                static_key_count();
                __vm_enough_memory();
              }
              vma_merge_new_range() {
                can_vma_merge_left();
              }
              vm_area_alloc() {
                kmem_cache_alloc_noprof();
              }
              __vma_start_write() {
                __vma_start_exclude_readers();
              }
              kmem_cache_alloc_noprof();
              kvfree_call_rcu() {
                is_vmalloc_addr();
                __kfree_rcu_sheaf();
              }
              perf_event_mmap();
            }
            up_write();
            userfaultfd_unmap_complete();
          }
        }
        kfree();
        set_binfmt() {
          __module_get();
        }
        arch_setup_additional_pages() {
          map_vdso() {
            down_write_killable();
            __get_unmapped_area() {
              mm_get_unmapped_area_vmflags() {
                arch_get_unmapped_area_topdown() {
                  get_mmap_base();
                  vm_unmapped_area() {
                    unmapped_area_topdown();
                  }
                }
              }
              security_mmap_addr() {
                cap_mmap_addr();
                bpf_lsm_mmap_addr();
              }
            }
            _install_special_mapping() {
              vm_area_alloc() {
                kmem_cache_alloc_noprof();
              }
              insert_vm_struct() {
                find_vma_intersection() {
                  __rcu_read_lock();
                  __rcu_read_unlock();
                }
                vma_link() {
                  kmem_cache_alloc_noprof();
                  __vma_start_write() {
                    __vma_start_exclude_readers();
                  }
                  kvfree_call_rcu() {
                    is_vmalloc_addr();
                    __kfree_rcu_sheaf();
                  }
                }
              }
              vm_stat_account();
              perf_event_mmap();
            }
            vdso_install_vvar_mapping() {
              _install_special_mapping() {
                vm_area_alloc() {
                  kmem_cache_alloc_noprof();
                }
                insert_vm_struct() {
                  find_vma_intersection() {
                    __rcu_read_lock();
                    __rcu_read_unlock();
                  }
                  vma_link() {
                    kmem_cache_alloc_noprof();
                    __vma_start_write() {
                      __vma_start_exclude_readers();
                    }
                    kvfree_call_rcu() {
                      is_vmalloc_addr();
                      __kfree_rcu_sheaf();
                    }
                  }
                }
                vm_stat_account();
                perf_event_mmap();
              }
            }
            _install_special_mapping() {
              vm_area_alloc() {
                kmem_cache_alloc_noprof();
              }
              insert_vm_struct() {
                find_vma_intersection() {
                  __rcu_read_lock();
                  __rcu_read_unlock();
                }
                vma_link() {
                  __vma_start_write() {
                    __vma_start_exclude_readers();
                  }
                }
              }
              vm_stat_account();
              perf_event_mmap();
            }
            up_write();
          }
        }
        arch_align_stack() {
          get_random_u16();
        }
        lock_mm_and_find_vma() {
          down_read_trylock();
          find_vma() {
            __rcu_read_lock();
            __rcu_read_unlock();
          }
        }
        handle_mm_fault() {
          __handle_mm_fault() {
            pte_offset_map_rw_nolock() {
              __pte_offset_map() {
                __rcu_read_lock();
              }
            }
            __rcu_read_unlock();
            do_anonymous_page() {
              __vmf_anon_prepare();
              vma_alloc_folio_noprof() {
                get_vma_policy();
                alloc_pages_mpol() {
                  policy_nodemask();
                  __alloc_frozen_pages_noprof() {
                    get_page_from_freelist() {
                      _raw_spin_trylock();
                      _raw_spin_unlock();
                      kernel_init_pages();
                    }
                  }
                }
              }
              __mem_cgroup_charge() {
                get_mem_cgroup_from_mm() {
                  __rcu_read_lock();
                  __rcu_read_unlock();
                }
                charge_memcg() {
                  __rcu_read_lock();
                  __get_obj_cgroup_from_memcg();
                  __rcu_read_unlock();
                }
              }
              __folio_throttle_swaprate();
              pte_offset_map_lock() {
                __pte_offset_map() {
                  __rcu_read_lock();
                }
                _raw_spin_lock();
              }
              map_anon_folio_pte_nopf() {
                pte_mkwrite();
                folio_add_new_anon_rmap() {
                  __folio_mod_stat() {
                    lruvec_stat_mod_folio() {
                      __rcu_read_lock();
                      mod_node_page_state();
                      __mod_memcg_lruvec_state() {
                        memcg_state_val_in_pages();
                        __css_rstat_updated();
                      }
                      __rcu_read_unlock();
                    }
                  }
                }
                folio_add_lru_vma() {
                  folio_add_lru() {
                    __folio_batch_add_and_move();
                  }
                }
              }
              _raw_spin_unlock();
              __rcu_read_unlock();
            }
          }
          __rcu_read_lock();
          mem_cgroup_from_task();
          count_memcg_events() {
            __css_rstat_updated();
          }
          __rcu_read_unlock();
        }
        up_read();
        raw_irqentry_exit_cond_resched();
        get_random_bytes() {
          _get_random_bytes() {
            crng_make_state() {
              crng_fast_key_erasure() {
                chacha_block_generic() {
                  chacha_permute();
                }
              }
            }
          }
        }
        get_sigframe_size();
        from_kuid_munged() {
          map_id_range_up();
        }
        from_kuid_munged() {
          map_id_range_up();
        }
        from_kgid_munged() {
          map_id_range_up();
        }
        from_kgid_munged() {
          map_id_range_up();
        }
        down_write_killable();
        find_extend_vma_locked() {
          __rcu_read_lock();
          __rcu_read_unlock();
        }
        up_write();
        __check_object_size() {
          check_stack_object();
          is_vmalloc_addr();
          __virt_addr_valid();
          __check_heap_object();
        }
        arch_randomize_brk() {
          randomize_page() {
            get_random_u64();
          }
        }
        finalize_exec() {
          _raw_spin_lock();
          _raw_spin_unlock();
        }
        start_thread() {
          start_thread_common.constprop.0() {
            reset_thread_features();
          }
        }
      }
      _raw_read_lock();
      module_put();
      _raw_read_unlock();
      proc_exec_connector();
      sched_mm_cid_after_execve() {
        sched_mm_cid_fork() {
          mutex_lock();
          _raw_spin_lock_irq();
          mm_update_max_cids();
          _raw_spin_unlock_irq();
          mutex_unlock();
        }
      }
      acct_update_integrals() {
        task_cputime();
      }
      task_numa_free();
    }
    free_bprm() {
      fput();
      kfree();
      kfree();
    }
  }
  putname() {
    kmem_cache_free();
  }
}
task_work_run() {
  _raw_spin_lock_irq();
  _raw_spin_unlock_irq();
  ____fput() {
    __fput() {
      locks_remove_file();
      security_file_release() {
        bpf_lsm_file_release();
      }
      module_put();
      file_f_owner_release();
      dput() {
        dput.part.0() {
          __rcu_read_lock();
          __rcu_read_unlock();
        }
      }
      mntput() {
        __rcu_read_lock();
        __rcu_read_unlock();
      }
      security_file_free() {
        hook_file_free_security() {
          put_pid();
          landlock_put_ruleset_deferred();
        }
        bpf_lsm_file_free_security();
        kmem_cache_free();
      }
      __put_cred() {
        call_rcu() {
          __call_rcu_common() {
            rcu_async_should_hurry();
            rcu_segcblist_enqueue();
          }
        }
      }
      kmem_cache_free();
    }
  }
}
blkcg_maybe_throttle_current();
switch_fpu_return() {
  restore_fpregs_from_fpstate();
}
lock_vma_under_rcu() {
  __rcu_read_lock();
  __rcu_read_unlock();
}
handle_mm_fault() {
  __handle_mm_fault() {
    __thp_vma_allowable_orders() {
      vma_is_special_huge();
    }
    do_fault() {
      pte_alloc_one() {
        alloc_pages_noprof() {
          alloc_pages_mpol() {
            policy_nodemask();
            __alloc_frozen_pages_noprof() {
              get_page_from_freelist() {
                _raw_spin_trylock();
                _raw_spin_unlock();
                kernel_init_pages();
              }
            }
          }
        }
        lruvec_stat_mod_folio() {
          __rcu_read_lock();
          __rcu_read_unlock();
          mod_node_page_state();
        }
      }
      __rcu_read_lock();
      filemap_map_pages() {
        __rcu_read_lock();
        next_uptodate_folio();
        pmd_install() {
          _raw_spin_lock();
          _raw_spin_unlock();
        }
        pte_offset_map_lock() {
          __pte_offset_map() {
            __rcu_read_lock();
          }
          _raw_spin_lock();
        }
        set_pte_range() {
          folio_add_file_rmap_ptes();
        }
        next_uptodate_folio();
        set_pte_range() {
          folio_add_file_rmap_ptes();
        }
        next_uptodate_folio();
        set_pte_range() {
          folio_add_file_rmap_ptes();
        }
        next_uptodate_folio();
        set_pte_range() {
          folio_add_file_rmap_ptes();
        }
        next_uptodate_folio();
        set_pte_range() {
          folio_add_file_rmap_ptes();
        }
        next_uptodate_folio();
        set_pte_range() {
          folio_add_file_rmap_ptes();
        }
        next_uptodate_folio();
        set_pte_range() {
          folio_add_file_rmap_ptes();
        }
        next_uptodate_folio();
        set_pte_range() {
          folio_add_file_rmap_ptes();
        }
        next_uptodate_folio();
        set_pte_range() {
          folio_add_file_rmap_ptes();
        }
        next_uptodate_folio();
        set_pte_range() {
          folio_add_file_rmap_ptes();
        }
        next_uptodate_folio();
        set_pte_range() {
          folio_add_file_rmap_ptes();
        }
        next_uptodate_folio();
        set_pte_range() {
          folio_add_file_rmap_ptes();
        }
        next_uptodate_folio();
        set_pte_range() {
          folio_add_file_rmap_ptes();
        }
        next_uptodate_folio();
        set_pte_range() {
          folio_add_file_rmap_ptes();
        }
        next_uptodate_folio();
        set_pte_range() {
          folio_add_file_rmap_ptes();
        }
        next_uptodate_folio();
        set_pte_range() {
          folio_add_file_rmap_ptes();
        }
        next_uptodate_folio();
        mm_trace_rss_stat();
        _raw_spin_unlock();
        __rcu_read_unlock();
        __rcu_read_unlock();
      }
      __rcu_read_unlock();
    }
  }
  __rcu_read_lock();
  mem_cgroup_from_task();
  count_memcg_events() {
    __css_rstat_updated();
  }
  __rcu_read_unlock();
}
lock_vma_under_rcu() {
  __rcu_read_lock();
  __rcu_read_unlock();
}
handle_mm_fault() {
  __handle_mm_fault() {
    pte_offset_map_rw_nolock() {
      __pte_offset_map() {
        __rcu_read_lock();
      }
    }
    __rcu_read_unlock();
    do_fault() {
      __rcu_read_lock();
      filemap_map_pages() {
        __rcu_read_lock();
        next_uptodate_folio();
        pte_offset_map_lock() {
          __pte_offset_map() {
            __rcu_read_lock();
          }
          _raw_spin_lock();
        }
        set_pte_range() {
          folio_add_file_rmap_ptes();
        }
        next_uptodate_folio();
        set_pte_range() {
          folio_add_file_rmap_ptes();
        }
        next_uptodate_folio();
        set_pte_range() {
          folio_add_file_rmap_ptes();
        }
        next_uptodate_folio();
        set_pte_range() {
          folio_add_file_rmap_ptes();
        }
        next_uptodate_folio();
        set_pte_range() {
          folio_add_file_rmap_ptes();
        }
        next_uptodate_folio();
        set_pte_range() {
          folio_add_file_rmap_ptes();
        }
        next_uptodate_folio();
        set_pte_range() {
          folio_add_file_rmap_ptes();
        }
        next_uptodate_folio();
        set_pte_range() {
          folio_add_file_rmap_ptes();
        }
        next_uptodate_folio();
        set_pte_range() {
          folio_add_file_rmap_ptes();
        }
        next_uptodate_folio();
        set_pte_range() {
          folio_add_file_rmap_ptes();
        }
        next_uptodate_folio();
        set_pte_range() {
          folio_add_file_rmap_ptes();
        }
        next_uptodate_folio();
        set_pte_range() {
          folio_add_file_rmap_ptes();
        }
        next_uptodate_folio();
        set_pte_range() {
          folio_add_file_rmap_ptes();
        }
        next_uptodate_folio();
        set_pte_range() {
          folio_add_file_rmap_ptes();
        }
        next_uptodate_folio();
        set_pte_range() {
          folio_add_file_rmap_ptes();
        }
        next_uptodate_folio();
        set_pte_range() {
          folio_add_file_rmap_ptes();
        }
        next_uptodate_folio();
        _raw_spin_lock_irqsave();
        _raw_spin_unlock_irqrestore();
        mm_trace_rss_stat();
        _raw_spin_unlock();
        __rcu_read_unlock();
        __rcu_read_unlock();
      }
      __rcu_read_unlock();
    }
  }
  __rcu_read_lock();
  mem_cgroup_from_task();
  count_memcg_events() {
    __css_rstat_updated();
  }
  __rcu_read_unlock();
}
lock_vma_under_rcu() {
  __rcu_read_lock();
  __rcu_read_unlock();
}
handle_mm_fault() {
  __handle_mm_fault() {
    pte_offset_map_rw_nolock() {
      __pte_offset_map() {
        __rcu_read_lock();
      }
    }
    __rcu_read_unlock();
    do_fault() {
      __rcu_read_lock();
      filemap_map_pages() {
        __rcu_read_lock();
        next_uptodate_folio();
        pte_offset_map_lock() {
          __pte_offset_map() {
            __rcu_read_lock();
          }
          _raw_spin_lock();
        }
        set_pte_range() {
          folio_add_file_rmap_ptes() {
            lruvec_stat_mod_folio() {
              __rcu_read_lock();
              mod_node_page_state();
              __mod_memcg_lruvec_state() {
                memcg_state_val_in_pages();
                __css_rstat_updated();
              }
              __rcu_read_unlock();
            }
          }
        }
        next_uptodate_folio();
        set_pte_range() {
          folio_add_file_rmap_ptes() {
            lruvec_stat_mod_folio() {
              __rcu_read_lock();
              mod_node_page_state();
              __mod_memcg_lruvec_state() {
                memcg_state_val_in_pages();
                __css_rstat_updated();
              }
              __rcu_read_unlock();
            }
          }
        }
        next_uptodate_folio();
        set_pte_range() {
          folio_add_file_rmap_ptes() {
            lruvec_stat_mod_folio() {
              __rcu_read_lock();
              mod_node_page_state();
              __mod_memcg_lruvec_state() {
                memcg_state_val_in_pages();
                __css_rstat_updated();
              }
              __rcu_read_unlock();
            }
          }
        }
        next_uptodate_folio();
        next_uptodate_folio();
        mm_trace_rss_stat();
        _raw_spin_unlock();
        __rcu_read_unlock();
        __rcu_read_unlock();
      }
      __rcu_read_unlock();
    }
  }
  __rcu_read_lock();
  mem_cgroup_from_task();
  count_memcg_events() {
    __css_rstat_updated();
  }
  __rcu_read_unlock();
}
lock_vma_under_rcu() {
  __rcu_read_lock();
  __rcu_read_unlock();
}
handle_mm_fault() {
  __handle_mm_fault() {
    pte_offset_map_rw_nolock() {
      __pte_offset_map() {
        __rcu_read_lock();
      }
    }
    __rcu_read_unlock();
    do_fault() {
      __rcu_read_lock();
      filemap_map_pages() {
        __rcu_read_lock();
        next_uptodate_folio();
        pte_offset_map_lock() {
          __pte_offset_map() {
            __rcu_read_lock();
          }
          _raw_spin_lock();
        }
        set_pte_range() {
          folio_add_file_rmap_ptes();
        }
        next_uptodate_folio();
        mm_trace_rss_stat();
        _raw_spin_unlock();
        __rcu_read_unlock();
        __rcu_read_unlock();
      }
      __rcu_read_unlock();
    }
  }
  __rcu_read_lock();
  mem_cgroup_from_task();
  count_memcg_events() {
    __css_rstat_updated();
  }
  __rcu_read_unlock();
}
lock_vma_under_rcu() {
  __rcu_read_lock();
  __rcu_read_unlock();
}
handle_mm_fault() {
  __handle_mm_fault() {
    pte_offset_map_rw_nolock() {
      __pte_offset_map() {
        __rcu_read_lock();
      }
    }
    _raw_spin_lock();
    do_wp_page() {
      vm_normal_page();
      _raw_spin_unlock();
      __rcu_read_unlock();
      __vmf_anon_prepare();
      vma_alloc_folio_noprof() {
        get_vma_policy() {
          shmem_get_policy() {
            mpol_shared_policy_lookup();
          }
        }
        alloc_pages_mpol() {
          policy_nodemask();
          __alloc_frozen_pages_noprof() {
            get_page_from_freelist() {
              _raw_spin_trylock();
              _raw_spin_unlock();
              kernel_init_pages();
            }
          }
        }
      }
      __mem_cgroup_charge() {
        get_mem_cgroup_from_mm() {
          __rcu_read_lock();
          __rcu_read_unlock();
        }
        charge_memcg() {
          __rcu_read_lock();
          __get_obj_cgroup_from_memcg();
          __rcu_read_unlock();
        }
      }
      __folio_throttle_swaprate();
      copy_mc_to_kernel();
      pte_offset_map_lock() {
        __pte_offset_map() {
          __rcu_read_lock();
        }
        _raw_spin_lock();
      }
      pte_mkwrite();
      ptep_clear_flush() {
        flush_tlb_mm_range() {
          flush_tlb_func() {
            mm_needs_global_asid();
            native_flush_tlb_one_user();
          }
        }
      }
      folio_add_new_anon_rmap() {
        __folio_mod_stat() {
          lruvec_stat_mod_folio() {
            __rcu_read_lock();
            mod_node_page_state();
            __mod_memcg_lruvec_state() {
              memcg_state_val_in_pages();
              __css_rstat_updated();
            }
            __rcu_read_unlock();
          }
        }
      }
      folio_add_lru_vma() {
        folio_add_lru() {
          __folio_batch_add_and_move();
        }
      }
      folio_remove_rmap_ptes() {
        lruvec_stat_mod_folio() {
          __rcu_read_lock();
          mod_node_page_state();
          __mod_memcg_lruvec_state() {
            memcg_state_val_in_pages();
            __css_rstat_updated();
          }
          __rcu_read_unlock();
        }
      }
      _raw_spin_unlock();
      __rcu_read_unlock();
      free_swap_cache();
    }
  }
  __rcu_read_lock();
  mem_cgroup_from_task();
  count_memcg_events() {
    __css_rstat_updated();
  }
  __rcu_read_unlock();
}
lock_vma_under_rcu() {
  __rcu_read_lock();
  __rcu_read_unlock();
}
handle_mm_fault() {
  __handle_mm_fault() {
    pte_offset_map_rw_nolock() {
      __pte_offset_map() {
        __rcu_read_lock();
      }
    }
    _raw_spin_lock();
    do_wp_page() {
      vm_normal_page();
      _raw_spin_unlock();
      __rcu_read_unlock();
      __vmf_anon_prepare();
      vma_alloc_folio_noprof() {
        get_vma_policy() {
          shmem_get_policy() {
            mpol_shared_policy_lookup();
          }
        }
        alloc_pages_mpol() {
          policy_nodemask();
          __alloc_frozen_pages_noprof() {
            get_page_from_freelist() {
              _raw_spin_trylock();
              _raw_spin_unlock();
              kernel_init_pages();
            }
          }
        }
      }
      __mem_cgroup_charge() {
        get_mem_cgroup_from_mm() {
          __rcu_read_lock();
          __rcu_read_unlock();
        }
        charge_memcg() {
          __rcu_read_lock();
          __get_obj_cgroup_from_memcg();
          __rcu_read_unlock();
        }
      }
      __folio_throttle_swaprate();
      copy_mc_to_kernel();
      pte_offset_map_lock() {
        __pte_offset_map() {
          __rcu_read_lock();
        }
        _raw_spin_lock();
      }
      pte_mkwrite();
      ptep_clear_flush() {
        flush_tlb_mm_range() {
          flush_tlb_func() {
            mm_needs_global_asid();
            native_flush_tlb_one_user();
          }
        }
      }
      folio_add_new_anon_rmap() {
        __folio_mod_stat() {
          lruvec_stat_mod_folio() {
            __rcu_read_lock();
            mod_node_page_state();
            __mod_memcg_lruvec_state() {
              memcg_state_val_in_pages();
              __css_rstat_updated();
            }
            __rcu_read_unlock();
          }
        }
      }
      folio_add_lru_vma() {
        folio_add_lru() {
          __folio_batch_add_and_move();
        }
      }
      folio_remove_rmap_ptes() {
        lruvec_stat_mod_folio() {
          __rcu_read_lock();
          mod_node_page_state();
          __mod_memcg_lruvec_state() {
            memcg_state_val_in_pages();
            __css_rstat_updated();
          }
          __rcu_read_unlock();
        }
      }
      _raw_spin_unlock();
      __rcu_read_unlock();
      free_swap_cache();
    }
  }
  __rcu_read_lock();
  mem_cgroup_from_task();
  count_memcg_events() {
    __css_rstat_updated();
  }
  __rcu_read_unlock();
}
lock_vma_under_rcu() {
  __rcu_read_lock();
  __rcu_read_unlock();
}
handle_mm_fault() {
  __handle_mm_fault() {
    pte_offset_map_rw_nolock() {
      __pte_offset_map() {
        __rcu_read_lock();
      }
    }
    _raw_spin_lock();
    do_wp_page() {
      vm_normal_page();
      _raw_spin_unlock();
      __rcu_read_unlock();
      __vmf_anon_prepare();
      vma_alloc_folio_noprof() {
        get_vma_policy() {
          shmem_get_policy() {
            mpol_shared_policy_lookup();
          }
        }
        alloc_pages_mpol() {
          policy_nodemask();
          __alloc_frozen_pages_noprof() {
            get_page_from_freelist() {
              _raw_spin_trylock();
              _raw_spin_unlock();
              kernel_init_pages();
            }
          }
        }
      }
      __mem_cgroup_charge() {
        get_mem_cgroup_from_mm() {
          __rcu_read_lock();
          __rcu_read_unlock();
        }
        charge_memcg() {
          __rcu_read_lock();
          __get_obj_cgroup_from_memcg();
          __rcu_read_unlock();
        }
      }
      __folio_throttle_swaprate();
      copy_mc_to_kernel();
      pte_offset_map_lock() {
        __pte_offset_map() {
          __rcu_read_lock();
        }
        _raw_spin_lock();
      }
      pte_mkwrite();
      ptep_clear_flush() {
        flush_tlb_mm_range() {
          flush_tlb_func() {
            mm_needs_global_asid();
            native_flush_tlb_one_user();
          }
        }
      }
      folio_add_new_anon_rmap() {
        __folio_mod_stat() {
          lruvec_stat_mod_folio() {
            __rcu_read_lock();
            mod_node_page_state();
            __mod_memcg_lruvec_state() {
              memcg_state_val_in_pages();
              __css_rstat_updated();
            }
            __rcu_read_unlock();
          }
        }
      }
      folio_add_lru_vma() {
        folio_add_lru() {
          __folio_batch_add_and_move();
        }
      }
      folio_remove_rmap_ptes() {
        lruvec_stat_mod_folio() {
          __rcu_read_lock();
          mod_node_page_state();
          __mod_memcg_lruvec_state() {
            memcg_state_val_in_pages();
            __css_rstat_updated();
          }
          __rcu_read_unlock();
        }
      }
      _raw_spin_unlock();
      __rcu_read_unlock();
      free_swap_cache();
    }
  }
  __rcu_read_lock();
  mem_cgroup_from_task();
  count_memcg_events() {
    __css_rstat_updated();
  }
  __rcu_read_unlock();
}
lock_vma_under_rcu() {
  __rcu_read_lock();
  __rcu_read_unlock();
}
handle_mm_fault() {
  __handle_mm_fault() {
    pte_offset_map_rw_nolock() {
      __pte_offset_map() {
        __rcu_read_lock();
      }
    }
    __rcu_read_unlock();
    do_fault() {
      __rcu_read_lock();
      filemap_map_pages() {
        __rcu_read_lock();
        next_uptodate_folio();
        pte_offset_map_lock() {
          __pte_offset_map() {
            __rcu_read_lock();
          }
          _raw_spin_lock();
        }
        set_pte_range() {
          folio_add_file_rmap_ptes();
        }
        next_uptodate_folio();
        set_pte_range() {
          folio_add_file_rmap_ptes();
        }
        next_uptodate_folio();
        set_pte_range() {
          folio_add_file_rmap_ptes();
        }
        next_uptodate_folio();
        set_pte_range() {
          folio_add_file_rmap_ptes();
        }
        next_uptodate_folio();
        set_pte_range() {
          folio_add_file_rmap_ptes();
        }
        next_uptodate_folio();
        set_pte_range() {
          folio_add_file_rmap_ptes();
        }
        next_uptodate_folio();
        set_pte_range() {
          folio_add_file_rmap_ptes();
        }
        next_uptodate_folio();
        set_pte_range() {
          folio_add_file_rmap_ptes();
        }
        next_uptodate_folio();
        set_pte_range() {
          folio_add_file_rmap_ptes();
        }
        next_uptodate_folio();
        set_pte_range() {
          folio_add_file_rmap_ptes();
        }
        next_uptodate_folio();
        set_pte_range() {
          folio_add_file_rmap_ptes();
        }
        next_uptodate_folio();
        set_pte_range() {
          folio_add_file_rmap_ptes();
        }
        next_uptodate_folio();
        set_pte_range() {
          folio_add_file_rmap_ptes();
        }
        next_uptodate_folio();
        set_pte_range() {
          folio_add_file_rmap_ptes();
        }
        next_uptodate_folio();
        set_pte_range() {
          folio_add_file_rmap_ptes();
        }
        next_uptodate_folio();
        set_pte_range() {
          folio_add_file_rmap_ptes();
        }
        next_uptodate_folio();
        mm_trace_rss_stat();
        _raw_spin_unlock();
        __rcu_read_unlock();
        __rcu_read_unlock();
      }
      __rcu_read_unlock();
    }
  }
  __rcu_read_lock();
  mem_cgroup_from_task();
  count_memcg_events() {
    __css_rstat_updated();
  }
  __rcu_read_unlock();
}
lock_vma_under_rcu() {
  __rcu_read_lock();
  __rcu_read_unlock();
}
handle_mm_fault() {
  __handle_mm_fault() {
    pte_offset_map_rw_nolock() {
      __pte_offset_map() {
        __rcu_read_lock();
      }
    }
    __rcu_read_unlock();
    do_anonymous_page() {
      __vmf_anon_prepare() {
        down_read_trylock();
        __anon_vma_prepare() {
          kmem_cache_alloc_noprof();
          find_mergeable_anon_vma() {
            anon_vma_compatible();
          }
          kmem_cache_alloc_noprof();
          down_write();
          _raw_spin_lock();
          anon_vma_interval_tree_insert();
          _raw_spin_unlock();
          up_write();
        }
        up_read();
      }
      vma_alloc_folio_noprof() {
        get_vma_policy();
        alloc_pages_mpol() {
          policy_nodemask();
          __alloc_frozen_pages_noprof() {
            get_page_from_freelist() {
              _raw_spin_trylock();
              _raw_spin_unlock();
              kernel_init_pages();
            }
          }
        }
      }
      __mem_cgroup_charge() {
        get_mem_cgroup_from_mm() {
          __rcu_read_lock();
          __rcu_read_unlock();
        }
        charge_memcg() {
          __rcu_read_lock();
          __get_obj_cgroup_from_memcg();
          __rcu_read_unlock();
        }
      }
      __folio_throttle_swaprate();
      pte_offset_map_lock() {
        __pte_offset_map() {
          __rcu_read_lock();
        }
        _raw_spin_lock();
      }
      map_anon_folio_pte_nopf() {
        pte_mkwrite();
        folio_add_new_anon_rmap() {
          __folio_mod_stat() {
            lruvec_stat_mod_folio() {
              __rcu_read_lock();
              mod_node_page_state();
              __mod_memcg_lruvec_state() {
                memcg_state_val_in_pages();
                __css_rstat_updated();
              }
              __rcu_read_unlock();
            }
          }
        }
        folio_add_lru_vma() {
          folio_add_lru() {
            __folio_batch_add_and_move();
          }
        }
      }
      _raw_spin_unlock();
      __rcu_read_unlock();
    }
  }
  __rcu_read_lock();
  mem_cgroup_from_task();
  count_memcg_events() {
    __css_rstat_updated();
  }
  __rcu_read_unlock();
}
lock_vma_under_rcu() {
  __rcu_read_lock();
  __rcu_read_unlock();
}
handle_mm_fault() {
  __handle_mm_fault() {
    pte_offset_map_rw_nolock() {
      __pte_offset_map() {
        __rcu_read_lock();
      }
    }
    __rcu_read_unlock();
    do_anonymous_page() {
      __vmf_anon_prepare();
      vma_alloc_folio_noprof() {
        get_vma_policy();
        alloc_pages_mpol() {
          policy_nodemask();
          __alloc_frozen_pages_noprof() {
            get_page_from_freelist() {
              _raw_spin_trylock();
              _raw_spin_unlock();
              kernel_init_pages();
            }
          }
        }
      }
      __mem_cgroup_charge() {
        get_mem_cgroup_from_mm() {
          __rcu_read_lock();
          __rcu_read_unlock();
        }
        charge_memcg() {
          __rcu_read_lock();
          __get_obj_cgroup_from_memcg();
          __rcu_read_unlock();
        }
      }
      __folio_throttle_swaprate();
      pte_offset_map_lock() {
        __pte_offset_map() {
          __rcu_read_lock();
        }
        _raw_spin_lock();
      }
      map_anon_folio_pte_nopf() {
        pte_mkwrite();
        folio_add_new_anon_rmap() {
          __folio_mod_stat() {
            lruvec_stat_mod_folio() {
              __rcu_read_lock();
              mod_node_page_state();
              __mod_memcg_lruvec_state() {
                memcg_state_val_in_pages();
                __css_rstat_updated();
              }
              __rcu_read_unlock();
            }
          }
        }
        folio_add_lru_vma() {
          folio_add_lru() {
            __folio_batch_add_and_move();
          }
        }
      }
      _raw_spin_unlock();
      __rcu_read_unlock();
    }
  }
  __rcu_read_lock();
  mem_cgroup_from_task();
  count_memcg_events() {
    __css_rstat_updated();
  }
  __rcu_read_unlock();
}
lock_vma_under_rcu() {
  __rcu_read_lock();
  __rcu_read_unlock();
}
handle_mm_fault() {
  __handle_mm_fault() {
    pte_offset_map_rw_nolock() {
      __pte_offset_map() {
        __rcu_read_lock();
      }
    }
    __rcu_read_unlock();
    do_fault() {
      __rcu_read_lock();
      filemap_map_pages() {
        __rcu_read_lock();
        next_uptodate_folio();
        pte_offset_map_lock() {
          __pte_offset_map() {
            __rcu_read_lock();
          }
          _raw_spin_lock();
        }
        set_pte_range() {
          folio_add_file_rmap_ptes();
        }
        next_uptodate_folio();
        set_pte_range() {
          folio_add_file_rmap_ptes();
        }
        next_uptodate_folio();
        set_pte_range() {
          folio_add_file_rmap_ptes();
        }
        next_uptodate_folio();
        set_pte_range() {
          folio_add_file_rmap_ptes();
        }
        next_uptodate_folio();
        set_pte_range() {
          folio_add_file_rmap_ptes();
        }
        next_uptodate_folio();
        set_pte_range() {
          folio_add_file_rmap_ptes();
        }
        next_uptodate_folio();
        mm_trace_rss_stat();
        _raw_spin_unlock();
        __rcu_read_unlock();
        __rcu_read_unlock();
      }
      __rcu_read_unlock();
    }
  }
  __rcu_read_lock();
  mem_cgroup_from_task();
  count_memcg_events() {
    __css_rstat_updated();
  }
  __rcu_read_unlock();
}
__x64_sys_arch_prctl() {
  do_arch_prctl_64();
}
__x64_sys_set_tid_address() {
  __task_pid_nr_ns() {
    __rcu_read_lock();
    __rcu_read_unlock();
  }
}
lock_vma_under_rcu() {
  __rcu_read_lock();
  __rcu_read_unlock();
}
handle_mm_fault() {
  __handle_mm_fault() {
    pte_offset_map_rw_nolock() {
      __pte_offset_map() {
        __rcu_read_lock();
      }
    }
    __rcu_read_unlock();
    do_fault() {
      __rcu_read_lock();
      filemap_map_pages() {
        __rcu_read_lock();
        next_uptodate_folio();
        pte_offset_map_lock() {
          __pte_offset_map() {
            __rcu_read_lock();
          }
          _raw_spin_lock();
        }
        set_pte_range() {
          folio_add_file_rmap_ptes();
        }
        next_uptodate_folio();
        set_pte_range() {
          folio_add_file_rmap_ptes();
        }
        next_uptodate_folio();
        set_pte_range() {
          folio_add_file_rmap_ptes();
        }
        next_uptodate_folio();
        set_pte_range() {
          folio_add_file_rmap_ptes();
        }
        next_uptodate_folio();
        next_uptodate_folio();
        next_uptodate_folio();
        next_uptodate_folio();
        next_uptodate_folio();
        next_uptodate_folio();
        next_uptodate_folio();
        next_uptodate_folio();
        next_uptodate_folio();
        next_uptodate_folio();
        next_uptodate_folio();
        next_uptodate_folio();
        next_uptodate_folio();
        mm_trace_rss_stat();
        _raw_spin_unlock();
        __rcu_read_unlock();
        __rcu_read_unlock();
      }
      __rcu_read_unlock();
    }
  }
  __rcu_read_lock();
  mem_cgroup_from_task();
  count_memcg_events() {
    __css_rstat_updated();
  }
  __rcu_read_unlock();
}
lock_vma_under_rcu() {
  __rcu_read_lock();
  __rcu_read_unlock();
}
handle_mm_fault() {
  __handle_mm_fault() {
    pte_offset_map_rw_nolock() {
      __pte_offset_map() {
        __rcu_read_lock();
      }
    }
    __rcu_read_unlock();
    do_fault() {
      __rcu_read_lock();
      filemap_map_pages() {
        __rcu_read_lock();
        next_uptodate_folio();
        pte_offset_map_lock() {
          __pte_offset_map() {
            __rcu_read_lock();
          }
          _raw_spin_lock();
        }
        set_pte_range() {
          folio_add_file_rmap_ptes();
        }
        next_uptodate_folio();
        set_pte_range() {
          folio_add_file_rmap_ptes();
        }
        next_uptodate_folio();
        set_pte_range() {
          folio_add_file_rmap_ptes();
        }
        next_uptodate_folio();
        set_pte_range() {
          folio_add_file_rmap_ptes();
        }
        next_uptodate_folio();
        set_pte_range() {
          folio_add_file_rmap_ptes();
        }
        next_uptodate_folio();
        set_pte_range() {
          folio_add_file_rmap_ptes();
        }
        next_uptodate_folio();
        set_pte_range() {
          folio_add_file_rmap_ptes();
        }
        next_uptodate_folio();
        set_pte_range() {
          folio_add_file_rmap_ptes();
        }
        next_uptodate_folio();
        set_pte_range() {
          folio_add_file_rmap_ptes();
        }
        next_uptodate_folio();
        set_pte_range() {
          folio_add_file_rmap_ptes();
        }
        next_uptodate_folio();
        set_pte_range() {
          folio_add_file_rmap_ptes();
        }
        next_uptodate_folio();
        set_pte_range() {
          folio_add_file_rmap_ptes();
        }
        next_uptodate_folio();
        set_pte_range() {
          folio_add_file_rmap_ptes();
        }
        next_uptodate_folio();
        set_pte_range() {
          folio_add_file_rmap_ptes();
        }
        next_uptodate_folio();
        set_pte_range() {
          folio_add_file_rmap_ptes();
        }
        next_uptodate_folio();
        set_pte_range() {
          folio_add_file_rmap_ptes();
        }
        next_uptodate_folio();
        _raw_spin_lock_irqsave();
        _raw_spin_unlock_irqrestore();
        mm_trace_rss_stat();
        _raw_spin_unlock();
        __rcu_read_unlock();
        __rcu_read_unlock();
      }
      __rcu_read_unlock();
    }
  }
  __rcu_read_lock();
  mem_cgroup_from_task();
  count_memcg_events() {
    __css_rstat_updated();
  }
  __rcu_read_unlock();
}
lock_vma_under_rcu() {
  __rcu_read_lock();
  __rcu_read_unlock();
}
handle_mm_fault() {
  __handle_mm_fault() {
    pte_offset_map_rw_nolock() {
      __pte_offset_map() {
        __rcu_read_lock();
      }
    }
    __rcu_read_unlock();
    do_fault() {
      __rcu_read_lock();
      filemap_map_pages() {
        __rcu_read_lock();
        next_uptodate_folio();
        pte_offset_map_lock() {
          __pte_offset_map() {
            __rcu_read_lock();
          }
          _raw_spin_lock();
        }
        set_pte_range() {
          folio_add_file_rmap_ptes();
        }
        next_uptodate_folio();
        set_pte_range() {
          folio_add_file_rmap_ptes();
        }
        next_uptodate_folio();
        set_pte_range() {
          folio_add_file_rmap_ptes();
        }
        next_uptodate_folio();
        set_pte_range() {
          folio_add_file_rmap_ptes();
        }
        next_uptodate_folio();
        set_pte_range() {
          folio_add_file_rmap_ptes();
        }
        next_uptodate_folio();
        set_pte_range() {
          folio_add_file_rmap_ptes();
        }
        next_uptodate_folio();
        set_pte_range() {
          folio_add_file_rmap_ptes();
        }
        next_uptodate_folio();
        set_pte_range() {
          folio_add_file_rmap_ptes();
        }
        next_uptodate_folio();
        set_pte_range() {
          folio_add_file_rmap_ptes();
        }
        next_uptodate_folio();
        set_pte_range() {
          folio_add_file_rmap_ptes();
        }
        next_uptodate_folio();
        set_pte_range() {
          folio_add_file_rmap_ptes();
        }
        next_uptodate_folio();
        set_pte_range() {
          folio_add_file_rmap_ptes();
        }
        next_uptodate_folio();
        set_pte_range() {
          folio_add_file_rmap_ptes();
        }
        next_uptodate_folio();
        set_pte_range() {
          folio_add_file_rmap_ptes();
        }
        next_uptodate_folio();
        set_pte_range() {
          folio_add_file_rmap_ptes();
        }
        next_uptodate_folio();
        set_pte_range() {
          folio_add_file_rmap_ptes();
        }
        next_uptodate_folio();
        mm_trace_rss_stat();
        _raw_spin_unlock();
        __rcu_read_unlock();
        __rcu_read_unlock();
      }
      __rcu_read_unlock();
    }
  }
  __rcu_read_lock();
  mem_cgroup_from_task();
  count_memcg_events() {
    __css_rstat_updated();
  }
  __rcu_read_unlock();
}
__do_sys_getuid() {
  from_kuid_munged() {
    map_id_range_up();
  }
}
lock_vma_under_rcu() {
  __rcu_read_lock();
  __rcu_read_unlock();
}
handle_mm_fault() {
  __handle_mm_fault() {
    pte_offset_map_rw_nolock() {
      __pte_offset_map() {
        __rcu_read_lock();
      }
    }
    __rcu_read_unlock();
    do_fault() {
      __rcu_read_lock();
      filemap_map_pages() {
        __rcu_read_lock();
        next_uptodate_folio();
        pte_offset_map_lock() {
          __pte_offset_map() {
            __rcu_read_lock();
          }
          _raw_spin_lock();
        }
        set_pte_range() {
          folio_add_file_rmap_ptes();
        }
        next_uptodate_folio();
        set_pte_range() {
          folio_add_file_rmap_ptes();
        }
        next_uptodate_folio();
        set_pte_range() {
          folio_add_file_rmap_ptes();
        }
        next_uptodate_folio();
        set_pte_range() {
          folio_add_file_rmap_ptes();
        }
        next_uptodate_folio();
        set_pte_range() {
          folio_add_file_rmap_ptes();
        }
        next_uptodate_folio();
        set_pte_range() {
          folio_add_file_rmap_ptes();
        }
        next_uptodate_folio();
        set_pte_range() {
          folio_add_file_rmap_ptes();
        }
        next_uptodate_folio();
        set_pte_range() {
          folio_add_file_rmap_ptes();
        }
        next_uptodate_folio();
        set_pte_range() {
          folio_add_file_rmap_ptes();
        }
        next_uptodate_folio();
        set_pte_range() {
          folio_add_file_rmap_ptes();
        }
        next_uptodate_folio();
        set_pte_range() {
          folio_add_file_rmap_ptes();
        }
        next_uptodate_folio();
        set_pte_range() {
          folio_add_file_rmap_ptes();
        }
        next_uptodate_folio();
        set_pte_range() {
          folio_add_file_rmap_ptes();
        }
        next_uptodate_folio();
        set_pte_range() {
          folio_add_file_rmap_ptes();
        }
        next_uptodate_folio();
        set_pte_range() {
          folio_add_file_rmap_ptes();
        }
        next_uptodate_folio();
        set_pte_range() {
          folio_add_file_rmap_ptes();
        }
        next_uptodate_folio();
        _raw_spin_lock_irqsave();
        _raw_spin_unlock_irqrestore();
        mm_trace_rss_stat();
        _raw_spin_unlock();
        __rcu_read_unlock();
        __rcu_read_unlock();
      }
      __rcu_read_unlock();
    }
  }
  __rcu_read_lock();
  mem_cgroup_from_task();
  count_memcg_events() {
    __css_rstat_updated();
  }
  __rcu_read_unlock();
}
lock_vma_under_rcu() {
  __rcu_read_lock();
  __rcu_read_unlock();
}
handle_mm_fault() {
  __handle_mm_fault() {
    pte_offset_map_rw_nolock() {
      __pte_offset_map() {
        __rcu_read_lock();
      }
    }
    __rcu_read_unlock();
    do_fault() {
      __rcu_read_lock();
      filemap_map_pages() {
        __rcu_read_lock();
        next_uptodate_folio();
        pte_offset_map_lock() {
          __pte_offset_map() {
            __rcu_read_lock();
          }
          _raw_spin_lock();
        }
        set_pte_range() {
          folio_add_file_rmap_ptes();
        }
        next_uptodate_folio();
        set_pte_range() {
          folio_add_file_rmap_ptes();
        }
        next_uptodate_folio();
        set_pte_range() {
          folio_add_file_rmap_ptes();
        }
        next_uptodate_folio();
        set_pte_range() {
          folio_add_file_rmap_ptes();
        }
        next_uptodate_folio();
        set_pte_range() {
          folio_add_file_rmap_ptes();
        }
        next_uptodate_folio();
        set_pte_range() {
          folio_add_file_rmap_ptes();
        }
        next_uptodate_folio();
        set_pte_range() {
          folio_add_file_rmap_ptes();
        }
        next_uptodate_folio();
        set_pte_range() {
          folio_add_file_rmap_ptes();
        }
        next_uptodate_folio();
        set_pte_range() {
          folio_add_file_rmap_ptes();
        }
        next_uptodate_folio();
        set_pte_range() {
          folio_add_file_rmap_ptes();
        }
        next_uptodate_folio();
        set_pte_range() {
          folio_add_file_rmap_ptes();
        }
        next_uptodate_folio();
        set_pte_range() {
          folio_add_file_rmap_ptes();
        }
        next_uptodate_folio();
        set_pte_range() {
          folio_add_file_rmap_ptes();
        }
        next_uptodate_folio();
        set_pte_range() {
          folio_add_file_rmap_ptes();
        }
        next_uptodate_folio();
        set_pte_range() {
          folio_add_file_rmap_ptes();
        }
        next_uptodate_folio();
        set_pte_range() {
          folio_add_file_rmap_ptes();
        }
        next_uptodate_folio();
        mm_trace_rss_stat();
        _raw_spin_unlock();
        __rcu_read_unlock();
        __rcu_read_unlock();
      }
      __rcu_read_unlock();
    }
  }
  __rcu_read_lock();
  mem_cgroup_from_task();
  count_memcg_events() {
    __css_rstat_updated();
  }
  __rcu_read_unlock();
}
lock_vma_under_rcu() {
  __rcu_read_lock();
    irq_enter_rcu() {
      irqtime_account_irq();
    }
    __sysvec_apic_timer_interrupt() {
      hrtimer_interrupt() {
        _raw_spin_lock_irqsave();
        ktime_get_update_offsets_now();
        __hrtimer_run_queues() {
          __remove_hrtimer();
          _raw_spin_unlock_irqrestore();
          tick_nohz_handler() {
            ktime_get();
            tick_do_update_jiffies64() {
              _raw_spin_lock();
              calc_global_load();
              _raw_spin_unlock();
              update_wall_time() {
                _raw_spin_lock_irqsave();
                __timekeeping_advance() {
                  ntp_tick_length();
                  ntp_tick_length();
                  timekeeping_update_from_shadow() {
                    ntp_get_next_leap();
                    update_vsyscall();
                    raw_notifier_call_chain() {
                      notifier_call_chain();
                    }
                    update_fast_timekeeper();
                    update_fast_timekeeper();
                  }
                }
                _raw_spin_unlock_irqrestore();
              }
            }
            update_process_times() {
              account_process_tick() {
                irqtime_account_process_tick() {
                  kvm_steal_clock();
                  account_system_index_time() {
                    cpuacct_account_field();
                    acct_account_cputime();
                  }
                }
              }
              hrtimer_run_queues();
              tmigr_requires_handle_remote() {
                get_jiffies_update();
              }
              rcu_sched_clock_irq() {
                rcu_segcblist_ready_cbs();
              }
              sched_tick() {
                arch_scale_freq_tick();
                raw_spin_rq_lock_nested() {
                  _raw_spin_lock();
                }
                psi_account_irqtime() {
                  record_times();
                }
                update_rq_clock() {
                  kvm_steal_clock();
                  update_irq_load_avg() {
                    arch_scale_cpu_capacity();
                  }
                  arch_scale_cpu_capacity();
                }
                task_tick_fair() {
                  update_curr() {
                    update_se() {
                      cpuacct_charge();
                    }
                    dl_server_update() {
                      update_curr_dl_se();
                    }
                  }
                  __update_load_avg_se();
                  __update_load_avg_cfs_rq();
                  update_cfs_group();
                }
                calc_global_load_tick();
                scx_tick();
                _raw_spin_unlock();
                perf_event_task_tick() {
                  perf_adjust_freq_unthr_context();
                  __rcu_read_lock();
                  __rcu_read_unlock();
                }
                idle_cpu();
                sched_balance_trigger() {
                  nohz_balance_exit_idle();
                }
              }
              run_posix_cpu_timers();
            }
            profile_tick() {
              profile_pc();
            }
            hrtimer_forward();
          }
          _raw_spin_lock_irq();
          enqueue_hrtimer();
        }
        ktime_get_update_offsets_now();
        hrtimer_update_next_event() {
          hrtimer_bases_first();
        }
        _raw_spin_unlock_irqrestore();
      }
    }
    irq_exit_rcu() {
      irqtime_account_irq();
      sched_core_idle_cpu();
    }
    raw_irqentry_exit_cond_resched();
    __hrtimer_rearm_deferred() {
      _raw_spin_lock();
      tick_program_event() {
        clockevents_program_event() {
          ktime_expiry_to_cycles();
          ktime_get();
          lapic_next_deadline();
        }
      }
      _raw_spin_unlock();
    }
  __rcu_read_unlock();
}
handle_mm_fault() {
  __handle_mm_fault() {
    pte_offset_map_rw_nolock() {
      __pte_offset_map() {
        __rcu_read_lock();
      }
    }
    __rcu_read_unlock();
    do_fault() {
      __rcu_read_lock();
      filemap_map_pages() {
        __rcu_read_lock();
        next_uptodate_folio();
        pte_offset_map_lock() {
          __pte_offset_map() {
            __rcu_read_lock();
          }
          _raw_spin_lock();
        }
        set_pte_range() {
          folio_add_file_rmap_ptes();
        }
        next_uptodate_folio();
        set_pte_range() {
          folio_add_file_rmap_ptes();
        }
        next_uptodate_folio();
        set_pte_range() {
          folio_add_file_rmap_ptes();
        }
        next_uptodate_folio();
        set_pte_range() {
          folio_add_file_rmap_ptes();
        }
        next_uptodate_folio();
        set_pte_range() {
          folio_add_file_rmap_ptes();
        }
        next_uptodate_folio();
        mm_trace_rss_stat();
        _raw_spin_unlock();
        __rcu_read_unlock();
        __rcu_read_unlock();
      }
      __rcu_read_unlock();
    }
  }
  __rcu_read_lock();
  mem_cgroup_from_task();
  count_memcg_events() {
    __css_rstat_updated();
  }
  __rcu_read_unlock();
}
__x64_sys_open() {
  do_sys_openat2() {
    getname_flags() {
      do_getname() {
        kmem_cache_alloc_noprof();
        __check_object_size() {
          check_stack_object();
          is_vmalloc_addr();
          __virt_addr_valid();
          __check_heap_object();
        }
      }
    }
    get_unused_fd_flags() {
      alloc_fd() {
        _raw_spin_lock();
        _raw_spin_unlock();
      }
    }
    do_file_open() {
      path_openat() {
        alloc_empty_file() {
          kmem_cache_alloc_noprof();
          init_file() {
            security_file_alloc() {
              kmem_cache_alloc_noprof();
              hook_file_alloc_security();
              bpf_lsm_file_alloc_security();
            }
            mutex_init_generic();
          }
        }
        path_init() {
          __rcu_read_lock();
          nd_jump_root() {
            set_root();
          }
        }
        link_path_walk() {
          security_inode_permission() {
            bpf_lsm_inode_permission();
          }
          lookup_fast() {
            __d_lookup_rcu();
          }
          step_into_slowpath() {
            __lookup_mnt();
          }
          inode_permission() {
            generic_permission();
            security_inode_permission() {
              bpf_lsm_inode_permission();
            }
          }
          make_vfsuid();
        }
        lookup_fast() {
          __d_lookup_rcu();
          proc_misc_d_revalidate();
          try_to_unlazy_next() {
            __legitimize_mnt();
            __legitimize_path() {
              __legitimize_mnt();
            }
            __rcu_read_unlock();
          }
          proc_misc_d_revalidate();
        }
        step_into_slowpath() {
          dput() {
            dput.part.0() {
              __rcu_read_lock();
              __rcu_read_unlock();
            }
          }
        }
        complete_walk();
        may_open() {
          inode_permission() {
            generic_permission();
            security_inode_permission() {
              bpf_lsm_inode_permission();
            }
          }
        }
        vfs_open() {
          do_dentry_open() {
            path_get() {
              mntget();
            }
            try_module_get();
            security_file_open() {
              hook_file_open();
              bpf_lsm_file_open();
            }
            fsnotify_open_perm_and_set_mode();
            proc_reg_open() {
              proc_single_open() {
                single_open() {
                  __kmalloc_cache_noprof();
                  kmem_cache_alloc_noprof();
                  mutex_init_generic();
                }
              }
            }
            file_ra_state_init() {
              inode_to_bdi();
            }
          }
        }
        security_file_post_open() {
          bpf_lsm_file_post_open();
        }
        terminate_walk() {
          dput() {
            dput.part.0() {
              __rcu_read_lock();
              __rcu_read_unlock();
            }
          }
          mntput() {
            __rcu_read_lock();
            __rcu_read_unlock();
          }
          dput() {
            dput.part.0() {
              __rcu_read_lock();
              __rcu_read_unlock();
            }
          }
          mntput() {
            __rcu_read_lock();
            __rcu_read_unlock();
          }
        }
      }
    }
    fd_install();
    putname() {
      kmem_cache_free();
    }
  }
}
__x64_sys_sendfile64() {
  do_sendfile() {
    fdget();
    rw_verify_area() {
      security_file_permission() {
        bpf_lsm_file_permission();
      }
    }
    fdget();
    get_pipe_info();
    rw_verify_area() {
      security_file_permission() {
        bpf_lsm_file_permission();
      }
    }
    do_splice_direct() {
      splice_direct_to_actor() {
        alloc_pipe_info() {
          __kmalloc_cache_noprof();
          __kmalloc_noprof();
          __init_waitqueue_head();
          __init_waitqueue_head();
          mutex_init_generic();
        }
        do_splice_read() {
          copy_splice_read() {
            __kmalloc_noprof();
            alloc_pages_bulk_noprof() {
              _raw_spin_trylock();
              kernel_init_pages();
              kernel_init_pages();
              kernel_init_pages();
              kernel_init_pages();
              kernel_init_pages();
              kernel_init_pages();
              kernel_init_pages();
              kernel_init_pages();
              kernel_init_pages();
              kernel_init_pages();
              kernel_init_pages();
              kernel_init_pages();
              kernel_init_pages();
              kernel_init_pages();
              kernel_init_pages();
              kernel_init_pages();
              _raw_spin_unlock();
            }
            proc_reg_read_iter() {
              seq_read_iter() {
                mutex_lock();
                __kvmalloc_node_noprof();
                single_start();
                version_proc_show() {
                  seq_printf();
                }
                single_next();
                single_stop();
                __check_object_size() {
                  check_stack_object();
                  is_vmalloc_addr();
                  __virt_addr_valid();
                  __check_heap_object();
                }
                mutex_unlock();
              }
            }
            release_pages() {
              folios_put_refs() {
                __mem_cgroup_uncharge_folios() {
                  uncharge_folio();
                  uncharge_folio();
                  uncharge_folio();
                  uncharge_folio();
                  uncharge_folio();
                  uncharge_folio();
                  uncharge_folio();
                  uncharge_folio();
                  uncharge_folio();
                  uncharge_folio();
                  uncharge_folio();
                  uncharge_folio();
                  uncharge_folio();
                  uncharge_folio();
                  uncharge_folio();
                }
                free_unref_folios() {
                  _raw_spin_trylock();
                  free_frozen_page_commit();
                  free_frozen_page_commit();
                  free_frozen_page_commit();
                  free_frozen_page_commit();
                  free_frozen_page_commit();
                  free_frozen_page_commit();
                  free_frozen_page_commit();
                  free_frozen_page_commit();
                  free_frozen_page_commit();
                  free_frozen_page_commit();
                  free_frozen_page_commit();
                  free_frozen_page_commit();
                  free_frozen_page_commit();
                  free_frozen_page_commit();
                  free_frozen_page_commit();
                  _raw_spin_unlock();
                }
              }
            }
            kfree();
          }
        }
        direct_splice_actor() {
          splice_write_null() {
            splice_from_pipe() {
              pipe_lock();
              __splice_from_pipe() {
                splice_from_pipe_next();
                pipe_to_null();
                generic_pipe_buf_release() {
                  __folio_put() {
                    __mem_cgroup_uncharge();
                    free_frozen_pages() {
                      __free_frozen_pages() {
                        __get_pfnblock_flags_mask.isra.0();
                        _raw_spin_trylock();
                        free_frozen_page_commit();
                        _raw_spin_unlock();
                      }
                    }
                  }
                }
              }
              pipe_unlock();
            }
          }
        }
        do_splice_read() {
          copy_splice_read() {
            __kmalloc_noprof();
            alloc_pages_bulk_noprof() {
              _raw_spin_trylock();
              kernel_init_pages();
              kernel_init_pages();
              kernel_init_pages();
              kernel_init_pages();
              kernel_init_pages();
              kernel_init_pages();
              kernel_init_pages();
              kernel_init_pages();
              kernel_init_pages();
              kernel_init_pages();
              kernel_init_pages();
              kernel_init_pages();
              kernel_init_pages();
              kernel_init_pages();
              kernel_init_pages();
              kernel_init_pages();
              _raw_spin_unlock();
            }
            proc_reg_read_iter() {
              seq_read_iter() {
                mutex_lock();
                single_start();
                single_stop();
                mutex_unlock();
              }
            }
            release_pages() {
              folios_put_refs() {
                __mem_cgroup_uncharge_folios() {
                  uncharge_folio();
                  uncharge_folio();
                  uncharge_folio();
                  uncharge_folio();
                  uncharge_folio();
                  uncharge_folio();
                  uncharge_folio();
                  uncharge_folio();
                  uncharge_folio();
                  uncharge_folio();
                  uncharge_folio();
                  uncharge_folio();
                  uncharge_folio();
                  uncharge_folio();
                  uncharge_folio();
                  uncharge_folio();
                }
                free_unref_folios() {
                  _raw_spin_trylock();
                  free_frozen_page_commit();
                  free_frozen_page_commit();
                  free_frozen_page_commit();
                  free_frozen_page_commit();
                  free_frozen_page_commit();
                  free_frozen_page_commit();
                  free_frozen_page_commit();
                  free_frozen_page_commit();
                  free_frozen_page_commit();
                  free_frozen_page_commit();
                  free_frozen_page_commit();
                  free_frozen_page_commit();
                  free_frozen_page_commit();
                  free_frozen_page_commit();
                  free_frozen_page_commit();
                  free_frozen_page_commit();
                  _raw_spin_unlock();
                }
              }
            }
            kfree();
          }
        }
        touch_atime() {
          atime_needs_update() {
            make_vfsuid();
            make_vfsgid();
            current_time() {
              ktime_get_coarse_real_ts64_mg();
            }
          }
        }
      }
    }
  }
}
__x64_sys_sendfile64() {
  do_sendfile() {
    fdget();
    rw_verify_area() {
      security_file_permission() {
        bpf_lsm_file_permission();
      }
    }
    fdget();
    get_pipe_info();
    rw_verify_area() {
      security_file_permission() {
        bpf_lsm_file_permission();
      }
    }
    do_splice_direct() {
      splice_direct_to_actor() {
        do_splice_read() {
          copy_splice_read() {
            __kmalloc_noprof();
            alloc_pages_bulk_noprof() {
              _raw_spin_trylock();
              kernel_init_pages();
              kernel_init_pages();
              kernel_init_pages();
              kernel_init_pages();
              kernel_init_pages();
              kernel_init_pages();
              kernel_init_pages();
              kernel_init_pages();
              kernel_init_pages();
              kernel_init_pages();
              kernel_init_pages();
              kernel_init_pages();
              kernel_init_pages();
              kernel_init_pages();
              kernel_init_pages();
              kernel_init_pages();
              _raw_spin_unlock();
            }
            proc_reg_read_iter() {
              seq_read_iter() {
                mutex_lock();
                single_start();
                single_stop();
                mutex_unlock();
              }
            }
            release_pages() {
              folios_put_refs() {
                __mem_cgroup_uncharge_folios() {
                  uncharge_folio();
                  uncharge_folio();
                  uncharge_folio();
                  uncharge_folio();
                  uncharge_folio();
                  uncharge_folio();
                  uncharge_folio();
                  uncharge_folio();
                  uncharge_folio();
                  uncharge_folio();
                  uncharge_folio();
                  uncharge_folio();
                  uncharge_folio();
                  uncharge_folio();
                  uncharge_folio();
                  uncharge_folio();
                }
                free_unref_folios() {
                  _raw_spin_trylock();
                  free_frozen_page_commit();
                  free_frozen_page_commit();
                  free_frozen_page_commit();
                  free_frozen_page_commit();
                  free_frozen_page_commit();
                  free_frozen_page_commit();
                  free_frozen_page_commit();
                  free_frozen_page_commit();
                  free_frozen_page_commit();
                  free_frozen_page_commit();
                  free_frozen_page_commit();
                  free_frozen_page_commit();
                  free_frozen_page_commit();
                  free_frozen_page_commit();
                  free_frozen_page_commit();
                  free_frozen_page_commit();
                  _raw_spin_unlock();
                }
              }
            }
            kfree();
          }
        }
        touch_atime() {
          atime_needs_update() {
            make_vfsuid();
            make_vfsgid();
            current_time() {
              ktime_get_coarse_real_ts64_mg();
            }
          }
        }
      }
    }
  }
}
__x64_sys_close() {
  file_close_fd() {
    _raw_spin_lock();
    file_close_fd_locked();
    _raw_spin_unlock();
  }
  filp_flush() {
    dnotify_flush();
    locks_remove_posix();
  }
  fput_close_sync() {
    __fput() {
      locks_remove_file();
      security_file_release() {
        bpf_lsm_file_release();
      }
      proc_reg_release() {
        single_release() {
          kvfree() {
            is_vmalloc_addr();
            kfree();
          }
          kmem_cache_free();
          kfree();
        }
      }
      module_put();
      file_f_owner_release();
      dput() {
        dput.part.0() {
          __rcu_read_lock();
          _raw_spin_lock();
          proc_misc_d_delete();
          _raw_spin_unlock();
          __rcu_read_unlock();
        }
      }
      mntput() {
        __rcu_read_lock();
        __rcu_read_unlock();
      }
      security_file_free() {
        hook_file_free_security() {
          put_pid();
          landlock_put_ruleset_deferred();
        }
        bpf_lsm_file_free_security();
        kmem_cache_free();
      }
      kmem_cache_free();
    }
  }
}
__x64_sys_exit_group() {
  do_group_exit() {
    _raw_spin_lock_irq();
    zap_other_threads();
    _raw_spin_unlock_irq();
    do_exit() {
      _raw_spin_lock_irq();
      _raw_spin_unlock_irq();
      sched_mm_cid_exit() {
        mutex_lock();
        _raw_spin_lock_irq();
        sched_mm_cid_remove_user() {
          mm_update_max_cids();
        }
        _raw_spin_unlock_irq();
        mutex_unlock();
        cancel_work_sync() {
          __cancel_work() {
            try_to_grab_pending();
          }
          __flush_work() {
            __rcu_read_lock();
            __rcu_read_unlock();
          }
          enable_work() {
            try_to_grab_pending();
          }
        }
      }
      exit_signals();
      seccomp_filter_release();
      acct_update_integrals() {
        task_cputime();
      }
      hrtimer_cancel() {
        hrtimer_active();
      }
      exit_itimers();
      acct_collect() {
        down_read();
        up_read();
        _raw_spin_lock_irq();
        task_cputime();
        _raw_spin_unlock_irq();
      }
      tty_audit_exit();
      taskstats_exit();
      perf_event_exit_task() {
        mutex_lock();
        mutex_unlock();
        perf_event_exit_task_context() {
          perf_lock_task_context() {
            __rcu_read_lock();
            __rcu_read_unlock();
          }
        }
        perf_event_task();
        detach_task_ctx_data() {
          __rcu_read_lock();
          __rcu_read_unlock();
        }
      }
      unwind_deferred_task_exit();
      exit_mm_release() {
        futex_exit_release() {
          mutex_lock();
          _raw_spin_lock_irq();
          _raw_spin_unlock_irq();
          futex_cleanup();
          mutex_unlock();
        }
        mm_release() {
          uprobe_free_utask();
          shstk_free();
        }
      }
      down_read();
      _raw_spin_lock();
      membarrier_update_current_mm();
      _raw_spin_unlock();
      up_read();
      mm_update_next_owner();
      mmput() {
        uprobe_clear_state() {
          mutex_lock();
          delayed_uprobe_remove.part.0();
          mutex_unlock();
          arch_uprobe_clear_state();
        }
        exit_aio();
        exit_mmap() {
          down_read();
          ldt_arch_exit_mmap() {
            free_ldt_pgtables();
          }
          tlb_gather_mmu_fullmm();
          unmap_vmas() {
            __zap_vma_range() {
              pte_offset_map_lock() {
                __pte_offset_map() {
                  __rcu_read_lock();
                }
                _raw_spin_lock();
              }
              flush_tlb_batched_pending();
              _raw_spin_unlock();
              __rcu_read_unlock();
            }
            __zap_vma_range() {
              pte_offset_map_lock() {
                __pte_offset_map() {
                  __rcu_read_lock();
                }
                _raw_spin_lock();
              }
              flush_tlb_batched_pending();
              _raw_spin_unlock();
              __rcu_read_unlock();
            }
            __zap_vma_range() {
              pte_offset_map_lock() {
                __pte_offset_map() {
                  __rcu_read_lock();
                }
                _raw_spin_lock();
              }
              flush_tlb_batched_pending();
              _raw_spin_unlock();
              __rcu_read_unlock();
            }
            __zap_vma_range() {
              uprobe_munmap();
              pte_offset_map_lock() {
                __pte_offset_map() {
                  __rcu_read_lock();
                }
                _raw_spin_lock();
              }
              flush_tlb_batched_pending();
              vm_normal_page();
              folio_mark_accessed();
              arch_check_zapped_pte();
              folio_remove_rmap_ptes();
              __tlb_remove_folio_pages();
              _raw_spin_unlock();
              __rcu_read_unlock();
            }
            __zap_vma_range() {
              uprobe_munmap();
              pte_offset_map_lock() {
                __pte_offset_map() {
                  __rcu_read_lock();
                }
                _raw_spin_lock();
              }
              flush_tlb_batched_pending();
              vm_normal_page();
              folio_mark_accessed();
              arch_check_zapped_pte();
              folio_remove_rmap_ptes();
              __tlb_remove_folio_pages();
              vm_normal_page();
              folio_mark_accessed();
              arch_check_zapped_pte();
              folio_remove_rmap_ptes();
              __tlb_remove_folio_pages();
              vm_normal_page();
              folio_mark_accessed();
              arch_check_zapped_pte();
              folio_remove_rmap_ptes();
              __tlb_remove_folio_pages();
              vm_normal_page();
              folio_mark_accessed();
              arch_check_zapped_pte();
              folio_remove_rmap_ptes();
              __tlb_remove_folio_pages();
              vm_normal_page();
              folio_mark_accessed();
              arch_check_zapped_pte();
              folio_remove_rmap_ptes();
              __tlb_remove_folio_pages();
              vm_normal_page();
              folio_mark_accessed();
              arch_check_zapped_pte();
              folio_remove_rmap_ptes();
              __tlb_remove_folio_pages() {
                tlb_next_batch() {
                  get_free_pages_noprof() {
                    alloc_pages_noprof() {
                      alloc_pages_mpol() {
                        policy_nodemask();
                        __alloc_frozen_pages_noprof() {
                          get_page_from_freelist() {
                            _raw_spin_trylock();
                            _raw_spin_unlock();
                            kernel_init_pages();
                          }
                        }
                      }
                    }
                  }
                }
              }
              vm_normal_page();
              folio_mark_accessed();
              arch_check_zapped_pte();
              folio_remove_rmap_ptes();
              __tlb_remove_folio_pages();
              vm_normal_page();
              folio_mark_accessed();
              arch_check_zapped_pte();
              folio_remove_rmap_ptes();
              __tlb_remove_folio_pages();
              vm_normal_page();
              folio_mark_accessed();
              arch_check_zapped_pte();
              folio_remove_rmap_ptes();
              __tlb_remove_folio_pages();
              vm_normal_page();
              folio_mark_accessed();
              arch_check_zapped_pte();
              folio_remove_rmap_ptes();
              __tlb_remove_folio_pages();
              vm_normal_page();
              folio_mark_accessed();
              arch_check_zapped_pte();
              folio_remove_rmap_ptes();
              __tlb_remove_folio_pages();
              vm_normal_page();
              folio_mark_accessed();
              arch_check_zapped_pte();
              folio_remove_rmap_ptes();
              __tlb_remove_folio_pages();
              vm_normal_page();
              folio_mark_accessed();
              arch_check_zapped_pte();
              folio_remove_rmap_ptes();
              __tlb_remove_folio_pages();
              vm_normal_page();
              folio_mark_accessed();
              arch_check_zapped_pte();
              folio_remove_rmap_ptes();
              __tlb_remove_folio_pages();
              vm_normal_page();
              folio_mark_accessed();
              arch_check_zapped_pte();
              folio_remove_rmap_ptes();
              __tlb_remove_folio_pages();
              vm_normal_page();
              folio_mark_accessed();
              arch_check_zapped_pte();
              folio_remove_rmap_ptes();
              __tlb_remove_folio_pages();
              vm_normal_page();
              folio_mark_accessed();
              arch_check_zapped_pte();
              folio_remove_rmap_ptes();
              __tlb_remove_folio_pages();
              vm_normal_page();
              folio_mark_accessed();
              arch_check_zapped_pte();
              folio_remove_rmap_ptes();
              __tlb_remove_folio_pages();
              vm_normal_page();
              folio_mark_accessed();
              arch_check_zapped_pte();
              folio_remove_rmap_ptes();
              __tlb_remove_folio_pages();
              vm_normal_page();
              folio_mark_accessed();
              arch_check_zapped_pte();
              folio_remove_rmap_ptes();
              __tlb_remove_folio_pages();
              vm_normal_page();
              folio_mark_accessed();
              arch_check_zapped_pte();
              folio_remove_rmap_ptes();
              __tlb_remove_folio_pages();
              vm_normal_page();
              folio_mark_accessed();
              arch_check_zapped_pte();
              folio_remove_rmap_ptes();
              __tlb_remove_folio_pages();
              vm_normal_page();
              folio_mark_accessed();
              arch_check_zapped_pte();
              folio_remove_rmap_ptes();
              __tlb_remove_folio_pages();
              vm_normal_page();
              folio_mark_accessed();
              arch_check_zapped_pte();
              folio_remove_rmap_ptes();
              __tlb_remove_folio_pages();
              vm_normal_page();
              folio_mark_accessed();
              arch_check_zapped_pte();
              folio_remove_rmap_ptes();
              __tlb_remove_folio_pages();
              vm_normal_page();
              folio_mark_accessed();
              arch_check_zapped_pte();
              folio_remove_rmap_ptes();
              __tlb_remove_folio_pages();
              vm_normal_page();
              folio_mark_accessed();
              arch_check_zapped_pte();
              folio_remove_rmap_ptes();
              __tlb_remove_folio_pages();
              vm_normal_page();
              folio_mark_accessed();
              arch_check_zapped_pte();
              folio_remove_rmap_ptes();
              __tlb_remove_folio_pages();
              vm_normal_page();
              folio_mark_accessed();
              arch_check_zapped_pte();
              folio_remove_rmap_ptes();
              __tlb_remove_folio_pages();
              vm_normal_page();
              folio_mark_accessed();
              arch_check_zapped_pte();
              folio_remove_rmap_ptes();
              __tlb_remove_folio_pages();
              vm_normal_page();
              folio_mark_accessed();
              arch_check_zapped_pte();
              folio_remove_rmap_ptes();
              __tlb_remove_folio_pages();
              vm_normal_page();
              folio_mark_accessed();
              arch_check_zapped_pte();
              folio_remove_rmap_ptes();
              __tlb_remove_folio_pages();
              vm_normal_page();
              folio_mark_accessed();
              arch_check_zapped_pte();
              folio_remove_rmap_ptes();
              __tlb_remove_folio_pages();
              vm_normal_page();
              folio_mark_accessed();
              arch_check_zapped_pte();
              folio_remove_rmap_ptes();
              __tlb_remove_folio_pages();
              vm_normal_page();
              folio_mark_accessed();
              arch_check_zapped_pte();
              folio_remove_rmap_ptes();
              __tlb_remove_folio_pages();
              vm_normal_page();
              folio_mark_accessed();
              arch_check_zapped_pte();
              folio_remove_rmap_ptes();
              __tlb_remove_folio_pages();
              _raw_spin_unlock();
              __rcu_read_unlock();
              pte_offset_map_lock() {
                __pte_offset_map() {
                  __rcu_read_lock();
                }
                _raw_spin_lock();
              }
              flush_tlb_batched_pending();
              vm_normal_page();
              folio_mark_accessed();
              arch_check_zapped_pte();
              folio_remove_rmap_ptes();
              __tlb_remove_folio_pages();
              vm_normal_page();
              folio_mark_accessed();
              arch_check_zapped_pte();
              folio_remove_rmap_ptes();
              __tlb_remove_folio_pages();
              vm_normal_page();
              folio_mark_accessed();
              arch_check_zapped_pte();
              folio_remove_rmap_ptes();
              __tlb_remove_folio_pages();
              vm_normal_page();
              folio_mark_accessed();
              arch_check_zapped_pte();
              folio_remove_rmap_ptes();
              __tlb_remove_folio_pages();
              vm_normal_page();
              folio_mark_accessed();
              arch_check_zapped_pte();
              folio_remove_rmap_ptes();
              __tlb_remove_folio_pages();
              vm_normal_page();
              folio_mark_accessed();
              arch_check_zapped_pte();
              folio_remove_rmap_ptes();
              __tlb_remove_folio_pages();
              vm_normal_page();
              folio_mark_accessed();
              arch_check_zapped_pte();
              folio_remove_rmap_ptes();
              __tlb_remove_folio_pages();
              vm_normal_page();
              folio_mark_accessed();
              arch_check_zapped_pte();
              folio_remove_rmap_ptes();
              __tlb_remove_folio_pages();
              vm_normal_page();
              folio_mark_accessed();
              arch_check_zapped_pte();
              folio_remove_rmap_ptes();
              __tlb_remove_folio_pages();
              vm_normal_page();
              folio_mark_accessed();
              arch_check_zapped_pte();
              folio_remove_rmap_ptes();
              __tlb_remove_folio_pages();
              vm_normal_page();
              folio_mark_accessed();
              arch_check_zapped_pte();
              folio_remove_rmap_ptes();
              __tlb_remove_folio_pages();
              vm_normal_page();
              folio_mark_accessed();
              arch_check_zapped_pte();
              folio_remove_rmap_ptes();
              __tlb_remove_folio_pages();
              vm_normal_page();
              folio_mark_accessed();
              arch_check_zapped_pte();
              folio_remove_rmap_ptes();
              __tlb_remove_folio_pages();
              vm_normal_page();
              folio_mark_accessed();
              arch_check_zapped_pte();
              folio_remove_rmap_ptes();
              __tlb_remove_folio_pages();
              vm_normal_page();
              folio_mark_accessed();
              arch_check_zapped_pte();
              folio_remove_rmap_ptes();
              __tlb_remove_folio_pages();
              vm_normal_page();
              folio_mark_accessed();
              arch_check_zapped_pte();
              folio_remove_rmap_ptes();
              __tlb_remove_folio_pages();
              vm_normal_page();
              folio_mark_accessed();
              arch_check_zapped_pte();
              folio_remove_rmap_ptes();
              __tlb_remove_folio_pages();
              vm_normal_page();
              folio_mark_accessed();
              arch_check_zapped_pte();
              folio_remove_rmap_ptes();
              __tlb_remove_folio_pages();
              vm_normal_page();
              folio_mark_accessed();
              arch_check_zapped_pte();
              folio_remove_rmap_ptes();
              __tlb_remove_folio_pages();
              vm_normal_page();
              folio_mark_accessed();
              arch_check_zapped_pte();
              folio_remove_rmap_ptes();
              __tlb_remove_folio_pages();
              vm_normal_page();
              folio_mark_accessed();
              arch_check_zapped_pte();
              folio_remove_rmap_ptes();
              __tlb_remove_folio_pages();
              vm_normal_page();
              folio_mark_accessed();
              arch_check_zapped_pte();
              folio_remove_rmap_ptes();
              __tlb_remove_folio_pages();
              vm_normal_page();
              folio_mark_accessed();
              arch_check_zapped_pte();
              folio_remove_rmap_ptes();
              __tlb_remove_folio_pages();
              vm_normal_page();
              folio_mark_accessed();
              arch_check_zapped_pte();
              folio_remove_rmap_ptes();
              __tlb_remove_folio_pages();
              vm_normal_page();
              folio_mark_accessed();
              arch_check_zapped_pte();
              folio_remove_rmap_ptes();
              __tlb_remove_folio_pages();
              vm_normal_page();
              folio_mark_accessed();
              arch_check_zapped_pte();
              folio_remove_rmap_ptes();
              __tlb_remove_folio_pages();
              vm_normal_page();
              folio_mark_accessed();
              arch_check_zapped_pte();
              folio_remove_rmap_ptes();
              __tlb_remove_folio_pages();
              vm_normal_page();
              folio_mark_accessed();
              arch_check_zapped_pte();
              folio_remove_rmap_ptes();
              __tlb_remove_folio_pages();
              vm_normal_page();
              folio_mark_accessed();
              arch_check_zapped_pte();
              folio_remove_rmap_ptes();
              __tlb_remove_folio_pages();
              vm_normal_page();
              folio_mark_accessed();
              arch_check_zapped_pte();
              folio_remove_rmap_ptes();
              __tlb_remove_folio_pages();
              vm_normal_page();
              folio_mark_accessed();
              arch_check_zapped_pte();
              folio_remove_rmap_ptes();
              __tlb_remove_folio_pages();
              vm_normal_page();
              folio_mark_accessed();
              arch_check_zapped_pte();
              folio_remove_rmap_ptes();
              __tlb_remove_folio_pages();
              vm_normal_page();
              folio_mark_accessed();
              arch_check_zapped_pte();
              folio_remove_rmap_ptes();
              __tlb_remove_folio_pages();
              vm_normal_page();
              folio_mark_accessed();
              arch_check_zapped_pte();
              folio_remove_rmap_ptes();
              __tlb_remove_folio_pages();
              vm_normal_page();
              folio_mark_accessed();
              arch_check_zapped_pte();
              folio_remove_rmap_ptes();
              __tlb_remove_folio_pages();
              vm_normal_page();
              folio_mark_accessed();
              arch_check_zapped_pte();
              folio_remove_rmap_ptes();
              __tlb_remove_folio_pages();
              vm_normal_page();
              folio_mark_accessed();
              arch_check_zapped_pte();
              folio_remove_rmap_ptes();
              __tlb_remove_folio_pages();
              vm_normal_page();
              folio_mark_accessed();
              arch_check_zapped_pte();
              folio_remove_rmap_ptes();
              __tlb_remove_folio_pages();
              vm_normal_page();
              folio_mark_accessed();
              arch_check_zapped_pte();
              folio_remove_rmap_ptes();
              __tlb_remove_folio_pages();
              vm_normal_page();
              folio_mark_accessed();
              arch_check_zapped_pte();
              folio_remove_rmap_ptes();
              __tlb_remove_folio_pages();
              vm_normal_page();
              folio_mark_accessed();
              arch_check_zapped_pte();
              folio_remove_rmap_ptes();
              __tlb_remove_folio_pages();
              vm_normal_page();
              folio_mark_accessed();
              arch_check_zapped_pte();
              folio_remove_rmap_ptes();
              __tlb_remove_folio_pages();
              vm_normal_page();
              folio_mark_accessed();
              arch_check_zapped_pte();
              folio_remove_rmap_ptes();
              __tlb_remove_folio_pages();
              vm_normal_page();
              folio_mark_accessed();
              arch_check_zapped_pte();
              folio_remove_rmap_ptes();
              __tlb_remove_folio_pages();
              vm_normal_page();
              folio_mark_accessed();
              arch_check_zapped_pte();
              folio_remove_rmap_ptes();
              __tlb_remove_folio_pages();
              vm_normal_page();
              folio_mark_accessed();
              arch_check_zapped_pte();
              folio_remove_rmap_ptes();
              __tlb_remove_folio_pages();
              vm_normal_page();
              folio_mark_accessed();
              arch_check_zapped_pte();
              folio_remove_rmap_ptes();
              __tlb_remove_folio_pages();
              vm_normal_page();
              folio_mark_accessed();
              arch_check_zapped_pte();
              folio_remove_rmap_ptes();
              __tlb_remove_folio_pages();
              vm_normal_page();
              folio_mark_accessed();
              arch_check_zapped_pte();
              folio_remove_rmap_ptes();
              __tlb_remove_folio_pages();
              vm_normal_page();
              folio_mark_accessed();
              arch_check_zapped_pte();
              folio_remove_rmap_ptes();
              __tlb_remove_folio_pages();
              vm_normal_page();
              folio_mark_accessed();
              arch_check_zapped_pte();
              folio_remove_rmap_ptes();
              __tlb_remove_folio_pages();
              vm_normal_page();
              folio_mark_accessed();
              arch_check_zapped_pte();
              folio_remove_rmap_ptes();
              __tlb_remove_folio_pages();
              vm_normal_page();
              folio_mark_accessed();
              arch_check_zapped_pte();
              folio_remove_rmap_ptes();
              __tlb_remove_folio_pages();
              vm_normal_page();
              folio_mark_accessed();
              arch_check_zapped_pte();
              folio_remove_rmap_ptes();
              __tlb_remove_folio_pages();
              _raw_spin_lock_irqsave();
              _raw_spin_unlock_irqrestore();
              _raw_spin_unlock();
              __rcu_read_unlock();
            }
            __zap_vma_range() {
              uprobe_munmap();
              pte_offset_map_lock() {
                __pte_offset_map() {
                  __rcu_read_lock();
                }
                _raw_spin_lock();
              }
              flush_tlb_batched_pending();
              vm_normal_page();
              folio_mark_accessed();
              arch_check_zapped_pte();
              folio_remove_rmap_ptes();
              __tlb_remove_folio_pages();
              vm_normal_page();
              folio_mark_accessed();
              arch_check_zapped_pte();
              folio_remove_rmap_ptes();
              __tlb_remove_folio_pages();
              vm_normal_page();
              folio_mark_accessed();
              arch_check_zapped_pte();
              folio_remove_rmap_ptes();
              __tlb_remove_folio_pages();
              vm_normal_page();
              folio_mark_accessed();
              arch_check_zapped_pte();
              folio_remove_rmap_ptes();
              __tlb_remove_folio_pages();
              vm_normal_page();
              folio_mark_accessed();
              arch_check_zapped_pte();
              folio_remove_rmap_ptes();
              __tlb_remove_folio_pages();
              vm_normal_page();
              folio_mark_accessed();
              arch_check_zapped_pte();
              folio_remove_rmap_ptes();
              __tlb_remove_folio_pages();
              vm_normal_page();
              folio_mark_accessed();
              arch_check_zapped_pte();
              folio_remove_rmap_ptes();
              __tlb_remove_folio_pages();
              vm_normal_page();
              folio_mark_accessed();
              arch_check_zapped_pte();
              folio_remove_rmap_ptes();
              __tlb_remove_folio_pages();
              vm_normal_page();
              folio_mark_accessed();
              arch_check_zapped_pte();
              folio_remove_rmap_ptes();
              __tlb_remove_folio_pages();
              vm_normal_page();
              folio_mark_accessed();
              arch_check_zapped_pte();
              folio_remove_rmap_ptes();
              __tlb_remove_folio_pages();
              vm_normal_page();
              folio_mark_accessed();
              arch_check_zapped_pte();
              folio_remove_rmap_ptes();
              __tlb_remove_folio_pages();
              vm_normal_page();
              folio_mark_accessed();
              arch_check_zapped_pte();
              folio_remove_rmap_ptes();
              __tlb_remove_folio_pages();
              vm_normal_page();
              folio_mark_accessed();
              arch_check_zapped_pte();
              folio_remove_rmap_ptes();
              __tlb_remove_folio_pages();
              vm_normal_page();
              folio_mark_accessed();
              arch_check_zapped_pte();
              folio_remove_rmap_ptes();
              __tlb_remove_folio_pages();
              vm_normal_page();
              folio_mark_accessed();
              arch_check_zapped_pte();
              folio_remove_rmap_ptes();
              __tlb_remove_folio_pages();
              vm_normal_page();
              folio_mark_accessed();
              arch_check_zapped_pte();
              folio_remove_rmap_ptes();
              __tlb_remove_folio_pages();
              vm_normal_page();
              folio_mark_accessed();
              arch_check_zapped_pte();
              folio_remove_rmap_ptes();
              __tlb_remove_folio_pages();
              vm_normal_page();
              folio_mark_accessed();
              arch_check_zapped_pte();
              folio_remove_rmap_ptes();
              __tlb_remove_folio_pages();
              vm_normal_page();
              folio_mark_accessed();
              arch_check_zapped_pte();
              folio_remove_rmap_ptes();
              __tlb_remove_folio_pages();
              vm_normal_page();
              folio_mark_accessed();
              arch_check_zapped_pte();
              folio_remove_rmap_ptes();
              __tlb_remove_folio_pages();
              vm_normal_page();
              folio_mark_accessed();
              arch_check_zapped_pte();
              folio_remove_rmap_ptes();
              __tlb_remove_folio_pages();
              vm_normal_page();
              folio_mark_accessed();
              arch_check_zapped_pte();
              folio_remove_rmap_ptes();
              __tlb_remove_folio_pages();
              vm_normal_page();
              folio_mark_accessed();
              arch_check_zapped_pte();
              folio_remove_rmap_ptes();
              __tlb_remove_folio_pages();
              vm_normal_page();
              folio_mark_accessed();
              arch_check_zapped_pte();
              folio_remove_rmap_ptes();
              __tlb_remove_folio_pages();
              vm_normal_page();
              folio_mark_accessed();
              arch_check_zapped_pte();
              folio_remove_rmap_ptes();
              __tlb_remove_folio_pages();
              vm_normal_page();
              folio_mark_accessed();
              arch_check_zapped_pte();
              folio_remove_rmap_ptes();
              __tlb_remove_folio_pages();
              vm_normal_page();
              folio_mark_accessed();
              arch_check_zapped_pte();
              folio_remove_rmap_ptes();
              __tlb_remove_folio_pages();
              vm_normal_page();
              folio_mark_accessed();
              arch_check_zapped_pte();
              folio_remove_rmap_ptes();
              __tlb_remove_folio_pages();
              vm_normal_page();
              folio_mark_accessed();
              arch_check_zapped_pte();
              folio_remove_rmap_ptes();
              __tlb_remove_folio_pages();
              vm_normal_page();
              folio_mark_accessed();
              arch_check_zapped_pte();
              folio_remove_rmap_ptes();
              __tlb_remove_folio_pages();
              vm_normal_page();
              folio_mark_accessed();
              arch_check_zapped_pte();
              folio_remove_rmap_ptes();
              __tlb_remove_folio_pages();
              vm_normal_page();
              folio_mark_accessed();
              arch_check_zapped_pte();
              folio_remove_rmap_ptes();
              __tlb_remove_folio_pages();
              vm_normal_page();
              folio_mark_accessed();
              arch_check_zapped_pte();
              folio_remove_rmap_ptes();
              __tlb_remove_folio_pages();
              vm_normal_page();
              folio_mark_accessed();
              arch_check_zapped_pte();
              folio_remove_rmap_ptes();
              __tlb_remove_folio_pages();
              vm_normal_page();
              folio_mark_accessed();
              arch_check_zapped_pte();
              folio_remove_rmap_ptes();
              __tlb_remove_folio_pages();
              vm_normal_page();
              folio_mark_accessed();
              arch_check_zapped_pte();
              folio_remove_rmap_ptes();
              __tlb_remove_folio_pages();
              vm_normal_page();
              folio_mark_accessed();
              arch_check_zapped_pte();
              folio_remove_rmap_ptes();
              __tlb_remove_folio_pages();
              _raw_spin_lock_irqsave();
              _raw_spin_unlock_irqrestore();
              _raw_spin_unlock();
              __rcu_read_unlock();
            }
            __zap_vma_range() {
              uprobe_munmap();
              pte_offset_map_lock() {
                __pte_offset_map() {
                  __rcu_read_lock();
                }
                _raw_spin_lock();
              }
              flush_tlb_batched_pending();
              vm_normal_page();
              arch_check_zapped_pte();
              folio_remove_rmap_ptes() {
                lruvec_stat_mod_folio() {
                  __rcu_read_lock();
                  mod_node_page_state();
                  __mod_memcg_lruvec_state() {
                    memcg_state_val_in_pages();
                    __css_rstat_updated();
                  }
                  __rcu_read_unlock();
                }
              }
              __tlb_remove_folio_pages();
              vm_normal_page();
              arch_check_zapped_pte();
              folio_remove_rmap_ptes() {
                lruvec_stat_mod_folio() {
                  __rcu_read_lock();
                  mod_node_page_state();
                  __mod_memcg_lruvec_state() {
                    memcg_state_val_in_pages();
                    __css_rstat_updated();
                  }
                  __rcu_read_unlock();
                }
              }
              __tlb_remove_folio_pages();
              vm_normal_page();
              arch_check_zapped_pte();
              folio_remove_rmap_ptes() {
                lruvec_stat_mod_folio() {
                  __rcu_read_lock();
                  mod_node_page_state();
                  __mod_memcg_lruvec_state() {
                    memcg_state_val_in_pages();
                    __css_rstat_updated();
                  }
                  __rcu_read_unlock();
                }
              }
              __tlb_remove_folio_pages();
              vm_normal_page();
              arch_check_zapped_pte();
              folio_remove_rmap_ptes() {
                lruvec_stat_mod_folio() {
                  __rcu_read_lock();
                  mod_node_page_state();
                  __mod_memcg_lruvec_state() {
                    memcg_state_val_in_pages();
                    __css_rstat_updated();
                  }
                  __rcu_read_unlock();
                }
              }
              __tlb_remove_folio_pages();
              _raw_spin_unlock();
              __rcu_read_unlock();
            }
            __zap_vma_range() {
              pte_offset_map_lock() {
                __pte_offset_map() {
                  __rcu_read_lock();
                }
                _raw_spin_lock();
              }
              flush_tlb_batched_pending();
              vm_normal_page();
              arch_check_zapped_pte();
              folio_remove_rmap_ptes() {
                lruvec_stat_mod_folio() {
                  __rcu_read_lock();
                  mod_node_page_state();
                  __mod_memcg_lruvec_state() {
                    memcg_state_val_in_pages();
                    __css_rstat_updated();
                  }
                  __rcu_read_unlock();
                }
              }
              __tlb_remove_folio_pages();
              vm_normal_page();
              arch_check_zapped_pte();
              folio_remove_rmap_ptes() {
                lruvec_stat_mod_folio() {
                  __rcu_read_lock();
                  mod_node_page_state();
                  __mod_memcg_lruvec_state() {
                    memcg_state_val_in_pages();
                    __css_rstat_updated();
                  }
                  __rcu_read_unlock();
                }
              }
              __tlb_remove_folio_pages();
              _raw_spin_unlock();
              __rcu_read_unlock();
            }
            __zap_vma_range() {
              pte_offset_map_lock() {
                __pte_offset_map() {
                  __rcu_read_lock();
                }
                _raw_spin_lock();
              }
              flush_tlb_batched_pending();
              vm_normal_page();
              arch_check_zapped_pte();
              folio_remove_rmap_ptes() {
                lruvec_stat_mod_folio() {
                  __rcu_read_lock();
                  mod_node_page_state();
                  __mod_memcg_lruvec_state() {
                    memcg_state_val_in_pages();
                    __css_rstat_updated();
                  }
                  __rcu_read_unlock();
                }
              }
              __tlb_remove_folio_pages();
              vm_normal_page();
              arch_check_zapped_pte();
              folio_remove_rmap_ptes() {
                lruvec_stat_mod_folio() {
                  __rcu_read_lock();
                  mod_node_page_state();
                  __mod_memcg_lruvec_state() {
                    memcg_state_val_in_pages();
                    __css_rstat_updated();
                  }
                  __rcu_read_unlock();
                }
              }
              __tlb_remove_folio_pages();
              _raw_spin_unlock();
              __rcu_read_unlock();
            }
          }
          up_read();
          down_write();
          free_pgtables() {
            __vma_start_write() {
              __vma_start_exclude_readers() {
                finish_rcuwait();
              }
            }
            unlink_anon_vmas();
            unlink_file_vma_batch_init();
            unlink_file_vma_batch_add();
            __vma_start_write() {
              __vma_start_exclude_readers() {
                finish_rcuwait();
              }
            }
            unlink_anon_vmas();
            unlink_file_vma_batch_add();
            __vma_start_write() {
              __vma_start_exclude_readers() {
                finish_rcuwait();
              }
            }
            unlink_anon_vmas();
            unlink_file_vma_batch_add();
            __vma_start_write() {
              __vma_start_exclude_readers() {
                finish_rcuwait();
              }
            }
            unlink_anon_vmas();
            unlink_file_vma_batch_add();
            __vma_start_write() {
              __vma_start_exclude_readers() {
                finish_rcuwait();
              }
            }
            unlink_anon_vmas();
            unlink_file_vma_batch_add();
            __vma_start_write() {
              __vma_start_exclude_readers() {
                finish_rcuwait();
              }
            }
            unlink_anon_vmas();
            unlink_file_vma_batch_add();
            __vma_start_write() {
              __vma_start_exclude_readers() {
                finish_rcuwait();
              }
            }
            unlink_anon_vmas() {
              down_write();
              anon_vma_interval_tree_remove();
              up_write();
              __put_anon_vma() {
                kmem_cache_free();
              }
              kmem_cache_free();
            }
            unlink_file_vma_batch_add();
            __vma_start_write() {
              __vma_start_exclude_readers() {
                finish_rcuwait();
              }
            }
            unlink_anon_vmas() {
              down_write();
              anon_vma_interval_tree_remove();
              up_write();
              __put_anon_vma() {
                kmem_cache_free();
              }
              kmem_cache_free();
            }
            unlink_file_vma_batch_add();
            unlink_file_vma_batch_final() {
              unlink_file_vma_batch_process() {
                down_write();
                vma_interval_tree_remove();
                vma_interval_tree_remove();
                vma_interval_tree_remove();
                vma_interval_tree_remove();
                up_write();
              }
            }
            free_pgd_range() {
              ___pte_free_tlb() {
                tlb_remove_table() {
                  get_free_pages_noprof() {
                    alloc_pages_noprof() {
                      alloc_pages_mpol() {
                        policy_nodemask();
                        __alloc_frozen_pages_noprof() {
                          get_page_from_freelist() {
                            _raw_spin_trylock();
                            _raw_spin_unlock();
                            kernel_init_pages();
                          }
                        }
                      }
                    }
                  }
                }
              }
              ___pte_free_tlb() {
                tlb_remove_table();
              }
              ___pmd_free_tlb() {
                tlb_remove_table();
              }
            }
            __vma_start_write() {
              __vma_start_exclude_readers() {
                finish_rcuwait();
              }
            }
            unlink_anon_vmas() {
              down_write();
              anon_vma_interval_tree_remove();
              up_write();
              __put_anon_vma() {
                kmem_cache_free();
              }
              kmem_cache_free();
            }
            unlink_file_vma_batch_init();
            unlink_file_vma_batch_add();
            unlink_file_vma_batch_final();
            free_pgd_range() {
              ___pte_free_tlb() {
                tlb_remove_table();
              }
              ___pmd_free_tlb() {
                tlb_remove_table();
              }
              ___pud_free_tlb() {
                tlb_remove_table();
              }
            }
          }
          tlb_finish_mmu() {
            flush_tlb_mm_range() {
              flush_tlb_func() {
                mm_needs_global_asid();
                switch_mm_irqs_off() {
                  choose_new_asid();
                  switch_ldt();
                }
              }
            }
            call_rcu() {
              __call_rcu_common() {
                rcu_async_should_hurry();
                rcu_segcblist_enqueue();
              }
            }
            __tlb_batch_free_encoded_pages() {
              free_pages_and_swap_cache() {
                free_swap_cache();
                free_swap_cache();
                free_swap_cache();
                free_swap_cache();
                free_swap_cache();
                free_swap_cache();
                free_swap_cache();
                folios_put_refs();
              }
            }
            __tlb_batch_free_encoded_pages() {
              free_pages_and_swap_cache() {
                free_swap_cache();
                free_swap_cache();
                free_swap_cache();
                free_swap_cache();
                free_swap_cache();
                free_swap_cache();
                free_swap_cache();
                free_swap_cache();
                free_swap_cache();
                free_swap_cache();
                free_swap_cache();
                free_swap_cache();
                free_swap_cache();
                free_swap_cache();
                free_swap_cache();
                free_swap_cache();
                free_swap_cache();
                free_swap_cache();
                free_swap_cache();
                free_swap_cache();
                free_swap_cache();
                free_swap_cache();
                free_swap_cache();
                free_swap_cache();
                free_swap_cache();
                free_swap_cache();
                free_swap_cache();
                free_swap_cache();
                free_swap_cache();
                free_swap_cache();
                free_swap_cache();
                folios_put_refs();
                free_swap_cache();
                free_swap_cache();
                free_swap_cache();
                free_swap_cache();
                free_swap_cache();
                free_swap_cache();
                free_swap_cache();
                free_swap_cache();
                free_swap_cache();
                free_swap_cache();
                free_swap_cache();
                free_swap_cache();
                free_swap_cache();
                free_swap_cache();
                free_swap_cache();
                free_swap_cache();
                free_swap_cache();
                free_swap_cache();
                free_swap_cache();
                free_swap_cache();
                free_swap_cache();
                free_swap_cache();
                free_swap_cache();
                free_swap_cache();
                free_swap_cache();
                free_swap_cache();
                free_swap_cache();
                free_swap_cache();
                free_swap_cache();
                free_swap_cache();
                free_swap_cache();
                folios_put_refs();
                free_swap_cache();
                free_swap_cache();
                free_swap_cache();
                free_swap_cache();
                free_swap_cache();
                free_swap_cache();
                free_swap_cache();
                free_swap_cache();
                free_swap_cache();
                free_swap_cache();
                free_swap_cache();
                free_swap_cache();
                free_swap_cache();
                free_swap_cache();
                free_swap_cache();
                free_swap_cache();
                free_swap_cache();
                free_swap_cache();
                free_swap_cache();
                free_swap_cache();
                free_swap_cache();
                free_swap_cache();
                free_swap_cache();
                free_swap_cache();
                free_swap_cache();
                free_swap_cache();
                free_swap_cache();
                free_swap_cache();
                free_swap_cache();
                free_swap_cache();
                free_swap_cache();
                folios_put_refs();
                free_swap_cache();
                free_swap_cache();
                free_swap_cache();
                free_swap_cache();
                free_swap_cache();
                free_swap_cache();
                free_swap_cache();
                free_swap_cache();
                free_swap_cache();
                free_swap_cache();
                free_swap_cache();
                free_swap_cache();
                free_swap_cache();
                free_swap_cache();
                free_swap_cache();
                free_swap_cache();
                free_swap_cache();
                free_swap_cache();
                free_swap_cache();
                free_swap_cache();
                free_swap_cache();
                free_swap_cache();
                free_swap_cache();
                free_swap_cache();
                free_swap_cache();
                free_swap_cache();
                free_swap_cache();
                free_swap_cache();
                free_swap_cache();
                free_swap_cache();
                free_swap_cache();
                folios_put_refs();
                free_swap_cache();
                free_swap_cache();
                free_swap_cache();
                free_swap_cache();
                free_swap_cache();
                folios_put_refs();
              }
            }
            free_pages() {
              ___free_pages() {
                __free_frozen_pages() {
                  __get_pfnblock_flags_mask.isra.0();
                  _raw_spin_trylock();
                  free_frozen_page_commit();
                  _raw_spin_unlock();
                }
              }
            }
          }
          tear_down_vmas() {
            remove_vma() {
              special_mapping_close();
              vm_area_free() {
                kfree();
                kmem_cache_free();
              }
            }
            remove_vma() {
              special_mapping_close();
              vm_area_free() {
                kfree();
                kmem_cache_free();
              }
            }
            remove_vma() {
              special_mapping_close();
              vm_area_free() {
                kfree();
                kmem_cache_free();
              }
            }
            remove_vma() {
              fput();
              vm_area_free() {
                kfree();
                kmem_cache_free();
              }
            }
            remove_vma() {
              fput();
              vm_area_free() {
                kfree();
                kmem_cache_free();
              }
            }
            remove_vma() {
              fput();
              vm_area_free() {
                kfree();
                kmem_cache_free();
              }
            }
            remove_vma() {
              fput();
              vm_area_free() {
                kfree();
                kmem_cache_free();
              }
            }
            remove_vma() {
              vm_area_free() {
                kfree();
                kmem_cache_free();
              }
            }
            remove_vma() {
              vm_area_free() {
                kfree();
                kmem_cache_free();
              }
            }
          }
          kfree();
          up_write();
        }
        mm_put_huge_zero_folio();
        fput() {
          __file_ref_put();
          __fput_deferred() {
            task_work_add() {
              kick_process();
            }
          }
        }
        module_put();
        lru_gen_del_mm() {
          _raw_spin_lock();
          _raw_spin_unlock();
        }
        futex_hash_free() {
          free_percpu();
          kvfree() {
            is_vmalloc_addr();
            kfree();
          }
        }
      }
      acct_process() {
        task_active_pid_ns();
      }
      exit_sem();
      exit_shm() {
        _raw_spin_lock();
        _raw_spin_unlock();
      }
      exit_files() {
        _raw_spin_lock();
        _raw_spin_unlock();
        put_files_struct.part.0() {
          filp_close() {
            filp_flush() {
              dnotify_flush();
              locks_remove_posix();
            }
            fput_close();
          }
          filp_close() {
            filp_flush() {
              dnotify_flush();
              locks_remove_posix();
            }
            fput_close();
          }
          filp_close() {
            filp_flush() {
              dnotify_flush();
              locks_remove_posix();
            }
            fput_close();
          }
          kmem_cache_free();
        }
      }
      exit_fs() {
        _raw_spin_lock();
        _raw_spin_lock();
        _raw_spin_unlock();
        _raw_spin_unlock();
        path_put() {
          dput() {
            dput.part.0() {
              __rcu_read_lock();
              __rcu_read_unlock();
            }
          }
          mntput() {
            __rcu_read_lock();
            __rcu_read_unlock();
          }
        }
        path_put() {
          dput() {
            dput.part.0() {
              __rcu_read_lock();
              __rcu_read_unlock();
            }
          }
          mntput() {
            __rcu_read_lock();
            __rcu_read_unlock();
          }
        }
        kmem_cache_free();
      }
      disassociate_ctty();
      exit_nsproxy_namespaces() {
        switch_task_namespaces() {
          _raw_spin_lock();
          _raw_spin_unlock();
        }
      }
      task_work_run() {
        _raw_spin_lock_irq();
        _raw_spin_unlock_irq();
        ____fput() {
          __fput() {
            locks_remove_file();
            security_file_release() {
              bpf_lsm_file_release();
            }
            module_put();
            file_f_owner_release();
            dput() {
              dput.part.0() {
                __rcu_read_lock();
                __rcu_read_unlock();
              }
            }
            mntput() {
              __rcu_read_lock();
              __rcu_read_unlock();
            }
            security_file_free() {
              hook_file_free_security() {
                put_pid();
                landlock_put_ruleset_deferred();
              }
              bpf_lsm_file_free_security();
              kmem_cache_free();
            }
            __put_cred() {
              call_rcu() {
                __call_rcu_common() {
                  rcu_async_should_hurry();
                  rcu_segcblist_enqueue();
                }
              }
            }
            kmem_cache_free();
          }
        }
      }
      exit_thread() {
        shstk_free();
        fpu__drop();
      }
      sched_autogroup_exit_task() {
        sched_move_task() {
          _task_rq_lock() {
            _raw_spin_lock_irqsave();
            raw_spin_rq_lock_nested() {
              _raw_spin_lock();
            }
          }
          sched_change_begin() {
            update_rq_clock() {
              kvm_steal_clock();
              update_irq_load_avg() {
                arch_scale_cpu_capacity();
              }
              arch_scale_cpu_capacity();
            }
            dequeue_task_fair() {
              dequeue_entities() {
                update_curr() {
                  update_se() {
                    cpuacct_charge();
                  }
                  avg_vruntime();
                  dl_server_update() {
                    update_curr_dl_se();
                  }
                }
                __update_load_avg_se();
                __update_load_avg_cfs_rq();
                avg_vruntime();
                entity_lag.isra.0();
                update_cfs_group();
              }
            }
            put_prev_task_fair() {
              put_prev_entity();
            }
          }
          task_wants_autogroup();
          task_change_group_fair() {
            __update_load_avg_se();
            __update_load_avg_cfs_rq();
            detach_entity_load_avg();
            propagate_entity_cfs_rq();
            attach_entity_cfs_rq() {
              __update_load_avg_cfs_rq();
              attach_entity_load_avg();
              propagate_entity_cfs_rq();
            }
          }
          sched_change_end() {
            enqueue_task() {
              enqueue_task_fair() {
                update_curr();
                __update_load_avg_se();
                __update_load_avg_cfs_rq();
                update_cfs_group();
                place_entity() {
                  avg_vruntime();
                }
                __enqueue_entity();
                dl_server_start();
                hrtimer_active();
                hrtick_start_fair();
              }
            }
            set_next_task_fair() {
              set_next_entity() {
                __dequeue_entity();
                __update_load_avg_se();
                __update_load_avg_cfs_rq();
              }
            }
            prio_changed_fair();
          }
          __resched_curr();
          __balance_callbacks();
          _raw_spin_unlock();
          _raw_spin_unlock_irqrestore() {
            rcu_note_context_switch();
            migrate_disable_switch.isra.0();
            raw_spin_rq_lock_nested() {
              _raw_spin_lock();
            }
            update_rq_clock() {
              kvm_steal_clock();
              arch_scale_cpu_capacity();
            }
            pick_next_task_fair() {
              pick_task_fair() {
                update_curr() {
                  update_se() {
                    cpuacct_charge();
                  }
                  dl_server_update() {
                    update_curr_dl_se();
                  }
                }
                pick_eevdf();
              }
            }
            _raw_spin_unlock();
          }
        }
      }
      cgroup_task_exit() {
        blkcg_exit();
        mem_cgroup_exit();
      }
      flush_ptrace_hw_breakpoint() {
        unregister_hw_breakpoint();
        unregister_hw_breakpoint();
        unregister_hw_breakpoint();
        unregister_hw_breakpoint();
      }
      exit_tasks_rcu_start() {
        _raw_spin_lock_irqsave();
        _raw_spin_unlock_irqrestore();
      }
      _raw_write_lock_irq();
      task_active_pid_ns();
      kill_orphaned_pgrp();
      do_notify_parent() {
        __wake_up() {
          _raw_spin_lock_irqsave();
          __wake_up_common();
          _raw_spin_unlock_irqrestore();
        }
        __rcu_read_lock();
        task_active_pid_ns();
        __task_pid_nr_ns() {
          __rcu_read_lock();
          __rcu_read_unlock();
        }
        __rcu_read_lock();
        __rcu_read_unlock();
        __rcu_read_lock();
        __rcu_read_unlock();
        from_kuid_munged() {
          map_id_range_up();
        }
        __rcu_read_unlock();
        task_cputime();
        nsec_to_clock_t();
        nsec_to_clock_t();
        _raw_spin_lock_irqsave();
        __send_signal_locked() {
          prepare_signal();
          sig_get_ucounts() {
            __rcu_read_lock();
            __rcu_read_lock();
            __rcu_read_unlock();
            inc_rlimit_get_ucounts();
            __rcu_read_unlock();
          }
          kmem_cache_alloc_noprof();
          complete_signal() {
            wake_up_state() {
              try_to_wake_up() {
                _raw_spin_lock_irqsave();
                __traceiter_sched_waking();
                select_task_rq_fair() {
                  choose_idle_cpu();
                }
                ttwu_queue_wakelist() {
                  scx_allow_ttwu_queue();
                  __smp_call_single_queue() {
                    call_function_single_prep_ipi();
                    native_send_call_func_single_ipi() {
                      x2apic_send_IPI();
                    }
                  }
                }
                _raw_spin_unlock_irqrestore();
              }
            }
          }
        }
        __wake_up_parent() {
          __wake_up_sync_key() {
            _raw_spin_lock_irqsave();
            __wake_up_common() {
              child_wait_callback() {
                default_wake_function() {
                  try_to_wake_up() {
                    _raw_spin_lock_irqsave();
                    _raw_spin_unlock_irqrestore();
                  }
                }
              }
            }
            _raw_spin_unlock_irqrestore();
          }
        }
        _raw_spin_unlock_irqrestore();
      }
      _raw_write_unlock_irq();
      proc_exit_connector();
      mpol_put_task_policy() {
        _raw_spin_lock();
        _raw_spin_unlock();
      }
      free_pipe_info() {
        free_uid();
        kfree();
        kfree();
      }
      exit_task_stack_account() {
        lruvec_stat_mod_folio() {
          __rcu_read_lock();
          __rcu_read_unlock();
          mod_node_page_state();
        }
        lruvec_stat_mod_folio() {
          __rcu_read_lock();
          __rcu_read_unlock();
          mod_node_page_state();
        }
        lruvec_stat_mod_folio() {
          __rcu_read_lock();
          __rcu_read_unlock();
          mod_node_page_state();
        }
        lruvec_stat_mod_folio() {
          __rcu_read_lock();
          __rcu_read_unlock();
          mod_node_page_state();
        }
      }
      exit_rcu();
      exit_tasks_rcu_finish() {
        _raw_spin_lock_irqsave();
        _raw_spin_unlock_irqrestore();
      }
      do_task_dead() {
        _raw_spin_lock_irqsave();
        _raw_spin_unlock_irqrestore();
        rcu_note_context_switch();
        migrate_disable_switch.isra.0();
        raw_spin_rq_lock_nested() {
          _raw_spin_lock();
        }
        update_rq_clock() {
          kvm_steal_clock();
          arch_scale_cpu_capacity();
        }
        dequeue_task_fair() {
          dequeue_entities() {
            update_curr() {
              update_se() {
                cpuacct_charge();
              }
              dl_server_update() {
                update_curr_dl_se();
              }
            }
            __update_load_avg_se();
            __update_load_avg_cfs_rq();
            avg_vruntime();
            entity_lag.isra.0();
            update_cfs_group();
          }
        }
        pick_next_task_fair() {
          pick_task_fair();
          __sched_balance_update_blocked_averages() {
            update_other_load_avgs() {
              update_rt_rq_load_avg();
              update_dl_rq_load_avg();
              update_irq_load_avg() {
                arch_scale_cpu_capacity();
              }
            }
            __update_load_avg_cfs_rq();
          }
          _raw_spin_unlock();
          __msecs_to_jiffies();
          raw_spin_rq_lock_nested() {
            _raw_spin_lock();
          }
        }
        pick_task_idle();
        put_prev_task_fair() {
          put_prev_entity();
        }
        set_next_task_idle();
        psi_account_irqtime();
        psi_task_switch() {
          psi_flags_change();
          psi_group_change() {
            record_times();
          }
        }
        __traceiter_sched_switch();
