# tracer: function_graph
#
# CPU  DURATION                  FUNCTION CALLS
# |     |   |                     |   |   |   |
 0)   1.472 us    |  mutex_unlock(lock=0xffffffffb0587f80);
 0)               |  __x64_sys_dup2(regs=0xffffd26ac050ff48) {
 0)               |    ksys_dup3(oldfd=0xa, newfd=0x1, flags=0) {
 0)   0.310 us    |      _raw_spin_lock(lock=0xffff8f3081b6ec80);
 0)   0.311 us    |      expand_files(files=0xffff8f3081b6ec00, nr=0x1);
 0)               |      do_dup2(files=0xffff8f3081b6ec00, file=0xffff8f3082e2b9c0, fd=0x1, flags=0x0) {
 0)   0.320 us    |        _raw_spin_unlock(lock=0xffff8f3081b6ec80);
 0)               |        filp_close(filp=0xffff8f30819db480, id=0xffff8f3081b6ec00) {
 0)               |          filp_flush(filp=0xffff8f30819db480, id=0xffff8f3081b6ec00) {
 0)   0.160 us    |            dnotify_flush(filp=0xffff8f30819db480, id=0xffff8f3081b6ec00);
 0)   0.160 us    |            locks_remove_posix(filp=0xffff8f30819db480, owner=0xffff8f3081b6ec00);
 0)   0.852 us    |          }
 0)               |          fput_close(file=0xffff8f30819db480) {
 0)               |            __fput_deferred(file=0xffff8f30819db480) {
 0)               |              task_work_add(task=0xffff8f308368c400, work=0xffff8f30819db508, notify=1 [TWA_RESUME]) {
 0)   0.161 us    |                kick_process(p=0xffff8f308368c400);
 0)   0.510 us    |              }
 0)   0.861 us    |            }
 0)   1.203 us    |          }
 0)   2.574 us    |        }
 0)   3.607 us    |      }
 0)   5.530 us    |    }
 0)   6.242 us    |  }
 0)               |  task_work_run() {
 0)   0.150 us    |    _raw_spin_lock_irq(lock=0xffff8f308368d264);
 0)   0.160 us    |    _raw_spin_unlock_irq(lock=0xffff8f308368d264);
 0)               |    ____fput(work=0xffff8f30819db508) {
 0)               |      __fput(file=0xffff8f30819db480) {
 0)   0.161 us    |        locks_remove_file(filp=0xffff8f30819db480);
 0)               |        security_file_release(file=0xffff8f30819db480) {
 0)   0.160 us    |          bpf_lsm_file_release(file=0xffff8f30819db480);
 0)   0.510 us    |        }
 0)   0.160 us    |        mutex_lock(lock=0xffffffffb0587f80);
 0)   0.160 us    |        mutex_unlock(lock=0xffffffffb0587f80);
 0)   0.160 us    |        module_put(module=0x0);
 0)   0.160 us    |        file_f_owner_release(file=0xffff8f30819db480);
 0)   0.160 us    |        mnt_put_write_access(mnt=0xffff8f30812bd0a0);
 0)               |        dput(dentry=0xffff8f308162ba80) {
 0)               |          dput.part.0() {
 0)   0.150 us    |            __rcu_read_lock();
 0)   0.149 us    |            __rcu_read_unlock();
 0)   0.871 us    |          }
 0)   1.193 us    |        }
 0)               |        mntput(mnt=0xffff8f30812bd0a0) {
 0)   0.401 us    |          __rcu_read_lock();
 0)   0.161 us    |          __rcu_read_unlock();
 0)   1.082 us    |        }
 0)               |        security_file_free(file=0xffff8f30819db480) {
 0)               |          hook_file_free_security(file=0xffff8f30819db480) {
 0)   0.160 us    |            put_pid(pid=0x0);
 0)   0.160 us    |            landlock_put_ruleset_deferred(ruleset=0x0);
 0)   0.851 us    |          }
 0)   0.160 us    |          bpf_lsm_file_free_security(file=0xffff8f30819db480);
 0)   0.170 us    |          kmem_cache_free(s=0xffff8f3081274b00, x=0xffff8f3082e4e7a0);
 0)   1.903 us    |        }
 0)   0.170 us    |        kmem_cache_free(s=0xffff8f308127f800, x=0xffff8f30819db480);
 0)   8.115 us    |      }
 0)   8.436 us    |    }
 0)   9.458 us    |  }
 0)   0.161 us    |  blkcg_maybe_throttle_current();
 0)               |  __x64_sys_close(regs=0xffffd26ac050ff48) {
 0)               |    file_close_fd(fd=0xa) {
 0)   0.160 us    |      _raw_spin_lock(lock=0xffff8f3081b6ec80);
 0)   0.160 us    |      file_close_fd_locked(files=0xffff8f3081b6ec00, fd=0xa);
 0)   0.160 us    |      _raw_spin_unlock(lock=0xffff8f3081b6ec80);
 0)   1.172 us    |    }
 0)               |    filp_flush(filp=0xffff8f3082e2b9c0, id=0xffff8f3081b6ec00) {
 0)   0.151 us    |      dnotify_flush(filp=0xffff8f3082e2b9c0, id=0xffff8f3081b6ec00);
 0)   0.160 us    |      locks_remove_posix(filp=0xffff8f3082e2b9c0, owner=0xffff8f3081b6ec00);
 0)   0.861 us    |    }
 0)   0.160 us    |    fput_close_sync(file=0xffff8f3082e2b9c0);
 0)   2.995 us    |  }
 0)               |  __x64_sys_rt_sigaction(regs=0xffffd26ac050ff48) {
 0)               |    do_sigaction(sig=3, act=0xffffd26ac050fd88, oact=0x0) {
 0)   0.161 us    |      _raw_spin_lock_irq(lock=0xffff8f3083974a40);
 0)   0.160 us    |      sigaction_compat_abi(act=0xffffd26ac050fd88, oact=0x0);
 0)   0.161 us    |      _raw_spin_unlock_irq(lock=0xffff8f3083974a40);
 0)   1.272 us    |    }
 0)   1.764 us    |  }
 0)               |  __x64_sys_execve(regs=0xffffd26ac050ff48) {
 0)               |    getname_flags(filename=0x7f0804c82e78, flags=0) {
 0)               |      do_getname(filename=0x7f0804c82e78, flags=0, incomplete=0x0) {
 0)   0.200 us    |        kmem_cache_alloc_noprof(s=0xffff8f308127fc00, gfpflags=0xcc0);
 0)               |        __check_object_size(ptr=0xffff8f30819c89d8, n=0xa8, to_user=0x0) {
 0)   0.160 us    |          check_stack_object(obj=0xffff8f30819c89d8, len=0xa8);
 0)   0.161 us    |          is_vmalloc_addr(x=0xffff8f30819c89d8);
 0)   0.160 us    |          __virt_addr_valid(x=0xffff8f30819c89d8);
 0)   0.191 us    |          __check_heap_object(ptr=0xffff8f30819c89d8, n=0xa8, slab=0xfffff2a100067200, to_user=0x0);
 0)   1.854 us    |        }
 0)   2.625 us    |      }
 0)   2.966 us    |    }
 0)               |    do_execveat_common.isra.0() {
 0)               |      alloc_bprm(fd=4294967196, filename=0xffff8f30819c89c0, flags=0) {
 0)               |        do_open_execat(fd=4294967196, name=0xffff8f30819c89c0, flags=0) {
 0)               |          do_file_open(dfd=4294967196, pathname=0xffff8f30819c89c0, op=0xffffd26ac050fb10) {
 0)               |            path_openat(nd=0xffffd26ac050f9e0, op=0xffffd26ac050fb10, flags=0x101) {
 0)               |              alloc_empty_file(flags=32800, cred=0xffff8f3083232840) {
 0)   0.180 us    |                kmem_cache_alloc_noprof(s=0xffff8f308127f800, gfpflags=0xcc0);
 0)               |                init_file(f=0xffff8f30819db480, flags=32800, cred=0xffff8f3083232840) {
 0)               |                  security_file_alloc(file=0xffff8f30819db480) {
 0)   0.180 us    |                    kmem_cache_alloc_noprof(s=0xffff8f3081274b00, gfpflags=0xdc0);
 0)   0.160 us    |                    hook_file_alloc_security(file=0xffff8f30819db480);
 0)   0.161 us    |                    bpf_lsm_file_alloc_security(file=0xffff8f30819db480);
 0)   1.213 us    |                  }
 0)   0.160 us    |                  mutex_init_generic(lock=0xffff8f30819db4d0);
 0)   1.944 us    |                }
 0)   2.665 us    |              }
 0)               |              path_init() {
 0)   0.150 us    |                __rcu_read_lock();
 0)               |                nd_jump_root(nd=0xffffd26ac050f9e0) {
 0)   0.151 us    |                  set_root(nd=0xffffd26ac050f9e0);
 0)   0.500 us    |                }
 0)   1.193 us    |              }
 0)               |              link_path_walk(name=0xffff8f30819c89d8, nd=0xffffd26ac050f9e0) {
 0)               |                security_inode_permission(inode=0xffff8f30813062b8, mask=129) {
 0)   0.151 us    |                  bpf_lsm_inode_permission(inode=0xffff8f30813062b8, mask=129);
 0)   0.501 us    |                }
 0)               |                lookup_fast(nd=0xffffd26ac050f9e0) {
 0)   0.300 us    |                  __d_lookup_rcu(parent=0xffff8f3081406e40, name=0xffffd26ac050f9f0, seqp=0xffffd26ac050fa24);
 0)   0.651 us    |                }
 0)               |                security_inode_permission(inode=0xffff8f3081b62868, mask=129) {
 0)   0.151 us    |                  bpf_lsm_inode_permission(inode=0xffff8f3081b62868, mask=129);
 0)   0.491 us    |                }
 0)   0.160 us    |                make_vfsuid(idmap=0xffffffffaf99cd80, fs_userns=0xffffffffaf84a580, kuid=(STRUCT)[0x3e8]);
 0)   2.775 us    |              }
 0)               |              lookup_fast(nd=0xffffd26ac050f9e0) {
 0)   0.420 us    |                __d_lookup_rcu(parent=0xffff8f308162e3c0, name=0xffffd26ac050f9f0, seqp=0xffffd26ac050fa24);
 0)   0.782 us    |              }
 0)               |              step_into_slowpath(nd=0xffffd26ac050f9e0, flags=1, dentry=0xffff8f308141ca80) {
 0)               |                pick_link(nd=0xffffd26ac050f9e0, link=0xffffd26ac050f900, inode=0xffff8f3082f64370, flags=1) {
 0)               |                  atime_needs_update(path=0xffffd26ac050fa48, inode=0xffff8f3082f64370) {
 0)   0.150 us    |                    make_vfsuid(idmap=0xffffffffaf99cd80, fs_userns=0xffffffffaf84a580, kuid=(STRUCT)[0x0]);
 0)   0.150 us    |                    make_vfsgid(idmap=0xffffffffaf99cd80, fs_userns=0xffffffffaf84a580, kgid=(STRUCT)[0x0]);
 0)               |                    current_time(inode=0xffff8f3082f64370) {
 0)   0.160 us    |                      ktime_get_coarse_real_ts64_mg(ts=0xffffd26ac050f848);
 0)   0.651 us    |                    }
 0)   1.844 us    |                  }
 0)               |                  try_to_unlazy(nd=0xffffd26ac050f9e0) {
 0)               |                    legitimize_links(nd=0xffffd26ac050f9e0) {
 0)               |                      __legitimize_path(path=0xffffd26ac050fa48, seq=0x2, mseq=0x1c) {
 0)   0.160 us    |                        __legitimize_mnt(bastard=0xffff8f30812be1a0, seq=0x1c);
 0)   0.601 us    |                      }
 0)   0.962 us    |                    }
 0)               |                    __legitimize_path(path=0xffffd26ac050f9e0, seq=0x2, mseq=0x1c) {
 0)   0.150 us    |                      __legitimize_mnt(bastard=0xffff8f30812be1a0, seq=0x1c);
 0)   0.501 us    |                    }
 0)               |                    __legitimize_path(path=0xffffd26ac050fa00, seq=0x2, mseq=0x1c) {
 0)   0.150 us    |                      __legitimize_mnt(bastard=0xffff8f30812be1a0, seq=0x1c);
 0)   0.490 us    |                    }
 0)   0.160 us    |                    __rcu_read_unlock();
 0)   3.026 us    |                  }
 0)               |                  touch_atime(path=0xffffd26ac050fa48) {
 0)               |                    atime_needs_update(path=0xffffd26ac050fa48, inode=0xffff8f3082f64370) {
 0)   0.161 us    |                      make_vfsuid(idmap=0xffffffffaf99cd80, fs_userns=0xffffffffaf84a580, kuid=(STRUCT)[0x0]);
 0)   0.161 us    |                      make_vfsgid(idmap=0xffffffffaf99cd80, fs_userns=0xffffffffaf84a580, kgid=(STRUCT)[0x0]);
 0)               |                      current_time(inode=0xffff8f3082f64370) {
 0)   0.150 us    |                        ktime_get_coarse_real_ts64_mg(ts=0xffffd26ac050f818);
 0)   0.501 us    |                      }
 0)   1.493 us    |                    }
 0)   0.160 us    |                    mnt_get_write_access(m=0xffff8f30812be1a0);
 0)               |                    current_time(inode=0xffff8f3082f64370) {
 0)   0.150 us    |                      ktime_get_coarse_real_ts64_mg(ts=0xffffd26ac050f840);
 0)   0.491 us    |                    }
 0)   0.191 us    |                    __mark_inode_dirty(inode=0xffff8f3082f64370, flags=16);
 0)   0.151 us    |                    mnt_put_write_access(mnt=0xffff8f30812be1a0);
 0)   3.657 us    |                  }
 0)               |                  security_inode_follow_link(dentry=0xffff8f308141ca80, inode=0xffff8f3082f64370, rcu=0x0) {
 0)   0.160 us    |                    bpf_lsm_inode_follow_link(dentry=0xffff8f308141ca80, inode=0xffff8f3082f64370, rcu=0x0);
 0)   0.511 us    |                  }
 0)               |                  nd_jump_root(nd=0xffffd26ac050f9e0) {
 0)               |                    dput(dentry=0xffff8f308162e3c0) {
 0)               |                      dput.part.0() {
 0)   0.161 us    |                        __rcu_read_lock();
 0)   0.149 us    |                        __rcu_read_unlock();
 0)   0.831 us    |                      }
 0)   1.152 us    |                    }
 0)               |                    mntput(mnt=0xffff8f30812be1a0) {
 0)   0.150 us    |                      __rcu_read_lock();
 0)   0.150 us    |                      __rcu_read_unlock();
 0)   0.822 us    |                    }
 0)   0.160 us    |                    mntget(mnt=0xffff8f30812be1a0);
 0)   2.996 us    |                  }
 0) + 13.365 us   |                }
 0) + 13.716 us   |              }
 0)               |              link_path_walk(name=0xffff8f30833e2561, nd=0xffffd26ac050f9e0) {
 0)               |                security_inode_permission(inode=0xffff8f30813062b8, mask=1) {
 0)   0.150 us    |                  bpf_lsm_inode_permission(inode=0xffff8f30813062b8, mask=1);
 0)   0.490 us    |                }
 0)               |                lookup_fast(nd=0xffffd26ac050f9e0) {
 0)               |                  __d_lookup(parent=0xffff8f3081406e40, name=0xffffd26ac050f9f0) {
 0)   0.160 us    |                    __rcu_read_lock();
 0)   0.160 us    |                    _raw_spin_lock(lock=0xffff8f308162e440);
 0)   0.160 us    |                    d_same_name(dentry=0xffff8f308162e3c0, parent=0xffff8f3081406e40, name=0xffffd26ac050f9f0);
 0)   0.160 us    |                    _raw_spin_unlock(lock=0xffff8f308162e440);
 0)   0.161 us    |                    __rcu_read_unlock();
 0)   1.874 us    |                  }
 0)   2.224 us    |                }
 0)               |                step_into_slowpath(nd=0xffffd26ac050f9e0, flags=2, dentry=0xffff8f308162e3c0) {
 0)               |                  dput(dentry=0xffff8f3081406e40) {
 0)               |                    dput.part.0() {
 0)   0.151 us    |                      __rcu_read_lock();
 0)   0.151 us    |                      __rcu_read_unlock();
 0)   0.822 us    |                    }
 0)   1.142 us    |                  }
 0)   1.494 us    |                }
 0)               |                security_inode_permission(inode=0xffff8f3081b62868, mask=1) {
 0)   0.150 us    |                  bpf_lsm_inode_permission(inode=0xffff8f3081b62868, mask=1);
 0)   0.490 us    |                }
 0)   0.150 us    |                make_vfsuid(idmap=0xffffffffaf99cd80, fs_userns=0xffffffffaf84a580, kuid=(STRUCT)[0x3e8]);
 0)   5.940 us    |              }
 0)               |              lookup_fast(nd=0xffffd26ac050f9e0) {
 0)               |                __d_lookup(parent=0xffff8f308162e3c0, name=0xffffd26ac050f9f0) {
 0)   0.150 us    |                  __rcu_read_lock();
 0)   0.231 us    |                  _raw_spin_lock(lock=0xffff8f308162e380);
 0)   0.160 us    |                  d_same_name(dentry=0xffff8f308162e300, parent=0xffff8f308162e3c0, name=0xffffd26ac050f9f0);
 0)   0.160 us    |                  _raw_spin_unlock(lock=0xffff8f308162e380);
 0)   0.150 us    |                  __rcu_read_unlock();
 0)   1.924 us    |                }
 0)   2.264 us    |              }
 0)               |              dput(dentry=0xffff8f308141ca80) {
 0)               |                dput.part.0() {
 0)   0.151 us    |                  __rcu_read_lock();
 0)   0.160 us    |                  __rcu_read_unlock();
 0)   0.821 us    |                }
 0)   1.142 us    |              }
 0)               |              mntput(mnt=0xffff8f30812be1a0) {
 0)   0.150 us    |                __rcu_read_lock();
 0)   0.160 us    |                __rcu_read_unlock();
 0)   0.952 us    |              }
 0)               |              step_into_slowpath(nd=0xffffd26ac050f9e0, flags=1, dentry=0xffff8f308162e300) {
 0)               |                dput(dentry=0xffff8f308162e3c0) {
 0)               |                  dput.part.0() {
 0)   0.150 us    |                    __rcu_read_lock();
 0)   0.150 us    |                    __rcu_read_unlock();
 0)   0.822 us    |                  }
 0)   1.142 us    |                }
 0)   1.483 us    |              }
 0)   0.161 us    |              complete_walk(nd=0xffffd26ac050f9e0);
 0)               |              may_open(idmap=0xffffffffaf99cd80, path=0xffffd26ac050f9e0, acc_mode=1, flag=32800) {
 0)   0.160 us    |                path_noexec(path=0xffffd26ac050f9e0);
 0)               |                inode_permission(idmap=0xffffffffaf99cd80, inode=0xffff8f3081b60648, mask=33) {
 0)   0.161 us    |                  generic_permission(idmap=0xffffffffaf99cd80, inode=0xffff8f3081b60648, mask=33);
 0)               |                  security_inode_permission(inode=0xffff8f3081b60648, mask=33) {
 0)   0.160 us    |                    bpf_lsm_inode_permission(inode=0xffff8f3081b60648, mask=33);
 0)   0.491 us    |                  }
 0)   1.172 us    |                }
 0)   1.854 us    |              }
 0)               |              vfs_open(path=0xffffd26ac050f9e0, file=0xffff8f30819db480) {
 0)               |                do_dentry_open(f=0xffff8f30819db480, open=0x0) {
 0)               |                  path_get(path=0xffff8f30819db4c0) {
 0)   0.160 us    |                    mntget(mnt=0xffff8f30812be1a0);
 0)   0.492 us    |                  }
 0)   0.161 us    |                  try_module_get(module=0x0);
 0)               |                  security_file_open(file=0xffff8f30819db480) {
 0)   0.150 us    |                    hook_file_open(file=0xffff8f30819db480);
 0)   0.149 us    |                    bpf_lsm_file_open(file=0xffff8f30819db480);
 0)   0.842 us    |                  }
 0)   0.160 us    |                  fsnotify_open_perm_and_set_mode(file=0xffff8f30819db480);
 0)               |                  shmem_file_open(inode=0xffff8f3081b60648, file=0xffff8f30819db480) {
 0)   0.160 us    |                    generic_file_open(inode=0xffff8f3081b60648, filp=0xffff8f30819db480);
 0)   0.511 us    |                  }
 0)               |                  file_ra_state_init(ra=0xffff8f30819db508, mapping=0xffff8f3081b607b0) {
 0)   0.150 us    |                    inode_to_bdi(inode=0xffff8f3081b60648);
 0)   0.501 us    |                  }
 0)   4.068 us    |                }
 0)   4.419 us    |              }
 0)               |              security_file_post_open(file=0xffff8f30819db480, mask=1) {
 0)   0.151 us    |                bpf_lsm_file_post_open(file=0xffff8f30819db480, mask=1);
 0)   0.492 us    |              }
 0)               |              terminate_walk(nd=0xffffd26ac050f9e0) {
 0)               |                dput(dentry=0xffff8f308162e300) {
 0)               |                  dput.part.0() {
 0)   0.490 us    |                    __rcu_read_lock();
 0)   0.160 us    |                    __rcu_read_unlock();
 0)   1.222 us    |                  }
 0)   1.553 us    |                }
 0)               |                mntput(mnt=0xffff8f30812be1a0) {
 0)   0.150 us    |                  __rcu_read_lock();
 0)   0.160 us    |                  __rcu_read_unlock();
 0)   0.822 us    |                }
 0)               |                dput(dentry=0xffff8f3081406e40) {
 0)               |                  dput.part.0() {
 0)   0.160 us    |                    __rcu_read_lock();
 0)   0.160 us    |                    __rcu_read_unlock();
 0)   0.821 us    |                  }
 0)   1.152 us    |                }
 0)               |                mntput(mnt=0xffff8f30812be1a0) {
 0)   0.150 us    |                  __rcu_read_lock();
 0)   0.150 us    |                  __rcu_read_unlock();
 0)   0.822 us    |                }
 0)   5.219 us    |              }
 0) + 48.070 us   |            }
 0) + 48.431 us   |          }
 0) + 48.801 us   |        }
 0)   0.200 us    |        __kmalloc_cache_noprof(s=0xffff8f3081042a00, gfpflags=0xdc0, size=0x198);
 0)               |        mm_alloc() {
 0)   0.551 us    |          kmem_cache_alloc_noprof(s=0xffff8f3081045800, gfpflags=0xcc0);
 0)               |          mm_init(mm=0xffff8f3081b4db00, p=0xffff8f308368c400, user_ns=0xffffffffaf84a580) {
 0)   0.161 us    |            __init_rwsem(sem=0xffff8f3081b4dc90, name=0xffffffffaef1d2a7, key=0xffffffffb0559840);
 0)   0.160 us    |            arch_uprobe_init_state(mm=0xffff8f3081b4db00);
 0)               |            futex_mm_init(mm=0xffff8f3081b4db00) {
 0)   0.160 us    |              mutex_init_generic(lock=0xffff8f3081b4dcd0);
 0)   0.150 us    |              get_state_synchronize_rcu();
 0)   0.852 us    |            }
 0)               |            pgd_alloc(mm=0xffff8f3081b4db00) {
 0)               |              alloc_pages_noprof(gfp=0x440dc0, order=0x0) {
 0)               |                alloc_pages_mpol(gfp=0x440dc0, order=0x0, pol=0xffffffffb05b36a0, ilx=0xffffffffffffffff, nid=0) {
 0)   0.181 us    |                  policy_nodemask(gfp=0x440dc0, pol=0xffffffffb05b36a0, ilx=0xffffffffffffffff, nid=0xffffd26ac050fa9c);
 0)               |                  __alloc_frozen_pages_noprof(gfp=0x440dc0, order=0x0, preferred_nid=0, nodemask=0x0) {
 0)               |                    get_page_from_freelist(gfp_mask=0x440dc0, order=0x0, alloc_flags=2049, ac=0xffffd26ac050fa38) {
 0)   0.161 us    |                      _raw_spin_trylock(lock=0xffff8f30bec38e80);
 0)   0.171 us    |                      _raw_spin_unlock(lock=0xffff8f30bec38e80);
 0)   0.470 us    |                      kernel_init_pages(page=0xfffff2a1000c1a00, numpages=1);
 0)   1.723 us    |                    }
 0)   2.144 us    |                  }
 0)   2.875 us    |                }
 0)   3.226 us    |              }
 0)               |              lruvec_stat_mod_folio(folio=0xfffff2a1000c1a00, idx=38 [NR_PAGETABLE], val=1) {
 0)   0.211 us    |                __rcu_read_lock();
 0)   0.150 us    |                __rcu_read_unlock();
 0)   0.180 us    |                mod_node_page_state(pgdat=0xffff8f30bfeb9f80, item=38 [NR_PAGETABLE], delta=1);
 0)   1.262 us    |              }
 0)   0.161 us    |              _raw_spin_lock(lock=0xffffffffb05571d0);
 0)   0.170 us    |              _raw_spin_unlock(lock=0xffffffffb05571d0);
 0)   5.931 us    |            }
 0)   0.181 us    |            _raw_spin_lock_irqsave(lock=0xffffffffaf8458c0);
 0)   0.171 us    |            _raw_spin_unlock_irqrestore(lock=0xffffffffaf8458c0, flags=0x292);
 0)   0.160 us    |            kfree(object=0x0);
 0)   0.160 us    |            mutex_init_generic(lock=0xffff8f3081b4e078);
 0)   0.151 us    |            __init_rwsem(sem=0xffff8f3081b4e048, name=0xffffffffaef1cffe, key=0xffffffffb0559840);
 0)               |            pcpu_alloc_noprof(size=0x40, align=0x40, reserved=0x0, gfp=0xcc0) {
 0)   0.151 us    |              mutex_lock_killable(lock=0xffffffffb0596240);
 0)   0.149 us    |              _raw_spin_lock_irqsave(lock=0xffffffffb05961c4);
 0)               |              pcpu_find_block_fit(chunk=0xffff8f3082be8f00, alloc_bits=16, align=0x10, pop_only=0x0) {
 0)   0.201 us    |                pcpu_next_fit_region.constprop.0();
 0)   0.561 us    |              }
 0)               |              pcpu_alloc_area(chunk=0xffff8f3082be8f00, alloc_bits=16, align=0x10, start=48) {
 0)   0.160 us    |                pcpu_chunk_slot(chunk=0xffff8f3082be8f00);
 0)   0.170 us    |                pcpu_block_update(block=0xffff8f3082108000, start=48, end=52);
 0)   0.191 us    |                pcpu_block_update_hint_alloc(chunk=0xffff8f3082be8f00, bit_off=64, bits=16);
 0)   0.160 us    |                pcpu_chunk_relocate(chunk=0xffff8f3082be8f00, oslot=16);
 0)   1.794 us    |              }
 0)   0.170 us    |              _raw_spin_unlock_irqrestore(lock=0xffffffffb05961c4, flags=0x286);
 0)   0.160 us    |              mutex_unlock(lock=0xffffffffb0596240);
 0)   0.160 us    |              mem_cgroup_kmem_disabled();
 0)   4.980 us    |            }
 0)               |            mm_init_cid(mm=0xffff8f3081b4db00, p=0xffff8f308368c400) {
 0)   0.160 us    |              mutex_init_generic(lock=0xffff8f3081b4dc18);
 0)   0.511 us    |            }
 0)               |            pcpu_alloc_noprof(size=0x10, align=0x4, reserved=0x0, gfp=0x400cc0) {
 0)   0.151 us    |              mutex_lock_killable(lock=0xffffffffb0596240);
 0)   0.160 us    |              _raw_spin_lock_irqsave(lock=0xffffffffb05961c4);
 0)               |              pcpu_find_block_fit(chunk=0xffff8f3082be8f00, alloc_bits=4, align=0x1, pop_only=0x0) {
 0)   0.160 us    |                pcpu_next_fit_region.constprop.0();
 0)   0.511 us    |              }
 0)               |              pcpu_alloc_area(chunk=0xffff8f3082be8f00, alloc_bits=4, align=0x1, start=48) {
 0)   0.151 us    |                pcpu_chunk_slot(chunk=0xffff8f3082be8f00);
 0)   0.200 us    |                pcpu_block_update_hint_alloc(chunk=0xffff8f3082be8f00, bit_off=48, bits=4);
 0)   0.149 us    |                pcpu_chunk_relocate(chunk=0xffff8f3082be8f00, oslot=16);
 0)   1.433 us    |              }
 0)   0.169 us    |              _raw_spin_unlock_irqrestore(lock=0xffffffffb05961c4, flags=0x286);
 0)   0.150 us    |              mutex_unlock(lock=0xffffffffb0596240);
 0)   0.150 us    |              mem_cgroup_kmem_disabled();
 0)   4.268 us    |            }
 0)   0.180 us    |            _raw_spin_lock_irqsave(lock=0xffffffffb065bdec);
 0)   0.160 us    |            _raw_spin_unlock_irqrestore(lock=0xffffffffb065bdec, flags=0x292);
 0) + 21.240 us   |          }
 0) + 22.331 us   |        }
 0)   0.161 us    |        _raw_spin_lock(lock=0xffff8f308368d260);
 0)   0.160 us    |        _raw_spin_unlock(lock=0xffff8f308368d260);
 0)               |        create_init_stack_vma(mm=0xffff8f3081b4db00, vmap=0xffff8f308358ce00, top_mem_p=0xffff8f308358ce20) {
 0)               |          vm_area_alloc(mm=0xffff8f3081b4db00) {
 0)   0.230 us    |            kmem_cache_alloc_noprof(s=0xffff8f3081274a00, gfpflags=0xcc0);
 0)   0.561 us    |          }
 0)   0.160 us    |          down_write_killable(sem=0xffff8f3081b4dc90);
 0)               |          insert_vm_struct(mm=0xffff8f3081b4db00, vma=0xffff8f3083259b40) {
 0)               |            find_vma_intersection(mm=0xffff8f3081b4db00, start_addr=0x7fffffffe000, end_addr=0x7ffffffff000) {
 0)   0.171 us    |              __rcu_read_lock();
 0)   0.171 us    |              __rcu_read_unlock();
 0)   0.932 us    |            }
 0)               |            security_vm_enough_memory_mm(mm=0xffff8f3081b4db00, pages=1) {
 0)   0.181 us    |              static_key_count(key=0xffffffffb064d670);
 0)               |              cap_vm_enough_memory(mm=0xffff8f3081b4db00, pages=1) {
 0)   0.151 us    |                cap_capable(cred=0xffff8f3083232840, target_ns=0xffffffffaf84a580, cap=21, opts=0x2);
 0)   0.500 us    |              }
 0)   0.160 us    |              static_key_count(key=0xffffffffb064d660);
 0)   0.160 us    |              bpf_lsm_vm_enough_memory(mm=0xffff8f3081b4db00, pages=1);
 0)   0.150 us    |              static_key_count(key=0xffffffffb064d650);
 0)   0.150 us    |              static_key_count(key=0xffffffffb064d640);
 0)   0.161 us    |              static_key_count(key=0xffffffffb064d630);
 0)   0.150 us    |              static_key_count(key=0xffffffffb064d620);
 0)   0.150 us    |              static_key_count(key=0xffffffffb064d610);
 0)   0.160 us    |              static_key_count(key=0xffffffffb064d600);
 0)   0.150 us    |              static_key_count(key=0xffffffffb064d5f0);
 0)   0.160 us    |              static_key_count(key=0xffffffffb064d5e0);
 0)   0.401 us    |              static_key_count(key=0xffffffffb064d5d0);
 0)   0.161 us    |              static_key_count(key=0xffffffffb064d5c0);
 0)   0.170 us    |              __vm_enough_memory(mm=0xffff8f3081b4db00, pages=1, cap_sys_admin=1);
 0)   6.072 us    |            }
 0)               |            vma_link(mm=0xffff8f3081b4db00, vma=0xffff8f3083259b40) {
 0)   0.291 us    |              kmem_cache_alloc_noprof(s=0xffff8f3081045900, gfpflags=0xcc0);
 0)               |              __vma_start_write(vma=0xffff8f3083259b40, state=2) {
 0)   0.170 us    |                __vma_start_exclude_readers(ves=0xffffd26ac050f9d8);
 0)   0.530 us    |              }
 0)   1.663 us    |            }
 0)   9.447 us    |          }
 0)   0.150 us    |          up_write(sem=0xffff8f3081b4dc90);
 0) + 11.342 us   |        }
 0) + 84.318 us   |      }
 0)   0.250 us    |      count.constprop.0.isra.0();
 0)   0.280 us    |      count.constprop.0.isra.0();
 0)   0.161 us    |      bprm_stack_limits(bprm=0xffff8f308358ce00);
 0)               |      copy_string_kernel(arg=0xffff8f30819c89d8, bprm=0xffff8f308358ce00) {
 0)               |        get_arg_page(bprm=0xffff8f308358ce00, pos=0x7fffffffefef, write=1) {
 0)               |          mmap_read_lock_maybe_expand(mm=0xffff8f3081b4db00, new_vma=0xffff8f3083259b40, addr=0x7fffffffefef, write=0x1) {
 0)   0.151 us    |            down_read(sem=0xffff8f3081b4dc90);
 0)   0.491 us    |          }
 0)               |          get_user_pages_remote(mm=0xffff8f3081b4db00, start=0x7fffffffefef, nr_pages=0x1, gup_flags=0x1, pages=0xffffd26ac050faf0, locked=0x0) {
 0)   0.170 us    |            is_valid_gup_args(pages=0xffffd26ac050faf0, locked=0x0, gup_flags_p=0xffffd26ac050faa4, to_set=0x50000);
 0)               |            __get_user_pages(mm=0xffff8f3081b4db00, start=0x7fffffffefef, nr_pages=0x1, gup_flags=0x50003, pages=0xffffd26ac050faf0, locked=0xffffd26ac050faac) {
 0)               |              gup_vma_lookup(mm=0xffff8f3081b4db00, addr=0x7fffffffefef) {
 0)               |                find_vma(mm=0xffff8f3081b4db00, addr=0x7fffffffefef) {
 0)   0.151 us    |                  __rcu_read_lock();
 0)   0.150 us    |                  __rcu_read_unlock();
 0)   0.872 us    |                }
 0)   1.212 us    |              }
 0)               |              check_vma_flags(vma=0xffff8f3083259b40, gup_flags=0x50003) {
 0)   0.160 us    |                vma_is_secretmem(vma=0xffff8f3083259b40);
 0)   0.552 us    |              }
 0)   0.160 us    |              vma_pgtable_walk_begin(vma=0xffff8f3083259b40);
 0)   0.160 us    |              no_page_table(vma=0xffff8f3083259b40, flags=0x50003, address=0x7fffffffefef);
 0)   0.160 us    |              vma_pgtable_walk_end(vma=0xffff8f3083259b40);
 0)               |              handle_mm_fault(vma=0xffff8f3083259b40, address=0x7fffffffefef, flags=0x81, regs=0x0) {
 0)               |                __handle_mm_fault(vma=0xffff8f3083259b40, address=0x7fffffffefef, flags=0x81) {
 0)               |                  __pud_alloc(mm=0xffff8f3081b4db00, p4d=0xffff8f30830687f8, address=0x7fffffffefef) {
 0)               |                    alloc_pages_noprof(gfp=0x440dc0, order=0x0) {
 0)               |                      alloc_pages_mpol(gfp=0x440dc0, order=0x0, pol=0xffffffffb05b36a0, ilx=0xffffffffffffffff, nid=0) {
 0)   0.180 us    |                        policy_nodemask(gfp=0x440dc0, pol=0xffffffffb05b36a0, ilx=0xffffffffffffffff, nid=0xffffd26ac050f854);
 0)               |                        __alloc_frozen_pages_noprof(gfp=0x440dc0, order=0x0, preferred_nid=0, nodemask=0x0) {
 0)               |                          get_page_from_freelist(gfp_mask=0x440dc0, order=0x0, alloc_flags=2049, ac=0xffffd26ac050f7f0) {
 0)   0.160 us    |                            _raw_spin_trylock(lock=0xffff8f30bec38e80);
 0)   0.160 us    |                            _raw_spin_unlock(lock=0xffff8f30bec38e80);
 0)   0.410 us    |                            kernel_init_pages(page=0xfffff2a1000d3ec0, numpages=1);
 0)   1.623 us    |                          }
 0)   1.973 us    |                        }
 0)   2.674 us    |                      }
 0)   3.016 us    |                    }
 0)               |                    lruvec_stat_mod_folio(folio=0xfffff2a1000d3ec0, idx=38 [NR_PAGETABLE], val=1) {
 0)   0.161 us    |                      __rcu_read_lock();
 0)   0.150 us    |                      __rcu_read_unlock();
 0)   0.160 us    |                      mod_node_page_state(pgdat=0xffff8f30bfeb9f80, item=38 [NR_PAGETABLE], delta=1);
 0)   1.182 us    |                    }
 0)   0.160 us    |                    _raw_spin_lock(lock=0xffff8f3081b4dc8c);
 0)   0.160 us    |                    _raw_spin_unlock(lock=0xffff8f3081b4dc8c);
 0)   5.440 us    |                  }
 0)               |                  __pmd_alloc(mm=0xffff8f3081b4db00, pud=0xffff8f30834fbff8, address=0x7fffffffefef) {
 0)               |                    alloc_pages_noprof(gfp=0x440dc0, order=0x0) {
 0)               |                      alloc_pages_mpol(gfp=0x440dc0, order=0x0, pol=0xffffffffb05b36a0, ilx=0xffffffffffffffff, nid=0) {
 0)   0.160 us    |                        policy_nodemask(gfp=0x440dc0, pol=0xffffffffb05b36a0, ilx=0xffffffffffffffff, nid=0xffffd26ac050f854);
 0)               |                        __alloc_frozen_pages_noprof(gfp=0x440dc0, order=0x0, preferred_nid=0, nodemask=0x0) {
 0)               |                          get_page_from_freelist(gfp_mask=0x440dc0, order=0x0, alloc_flags=2049, ac=0xffffd26ac050f7f0) {
 0)   0.150 us    |                            _raw_spin_trylock(lock=0xffff8f30bec38e80);
 0)   0.171 us    |                            _raw_spin_unlock(lock=0xffff8f30bec38e80);
 0)   0.441 us    |                            kernel_init_pages(page=0xfffff2a1000d3e00, numpages=1);
 0)   1.554 us    |                          }
 0)   1.884 us    |                        }
 0)   2.555 us    |                      }
 0)   2.885 us    |                    }
 0)               |                    lruvec_stat_mod_folio(folio=0xfffff2a1000d3e00, idx=38 [NR_PAGETABLE], val=1) {
 0)   0.150 us    |                      __rcu_read_lock();
 0)   0.150 us    |                      __rcu_read_unlock();
 0)   0.160 us    |                      mod_node_page_state(pgdat=0xffff8f30bfeb9f80, item=38 [NR_PAGETABLE], delta=1);
 0)   1.151 us    |                    }
 0)   0.161 us    |                    _raw_spin_lock(lock=0xffff8f3081b4dc8c);
 0)   0.161 us    |                    _raw_spin_unlock(lock=0xffff8f3081b4dc8c);
 0)   5.259 us    |                  }
 0)   0.180 us    |                  __thp_vma_allowable_orders(vma=0xffff8f3083259b40, vm_flags=0x8118173, type=1 [TVA_PAGEFAULT], orders=0x200);
 0)               |                  do_anonymous_page(vmf=0xffffd26ac050f8f8) {
 0)               |                    __pte_alloc(mm=0xffff8f3081b4db00, pmd=0xffff8f30834f8ff8) {
 0)               |                      pte_alloc_one(mm=0xffff8f3081b4db00) {
 0)               |                        alloc_pages_noprof(gfp=0x440dc0, order=0x0) {
 0)               |                          alloc_pages_mpol(gfp=0x440dc0, order=0x0, pol=0xffffffffb05b36a0, ilx=0xffffffffffffffff, nid=0) {
 0)   0.160 us    |                            policy_nodemask(gfp=0x440dc0, pol=0xffffffffb05b36a0, ilx=0xffffffffffffffff, nid=0xffffd26ac050f7f4);
 0)               |                            __alloc_frozen_pages_noprof(gfp=0x440dc0, order=0x0, preferred_nid=0, nodemask=0x0) {
 0)               |                              get_page_from_freelist(gfp_mask=0x440dc0, order=0x0, alloc_flags=2049, ac=0xffffd26ac050f790) {
 0)   0.160 us    |                                _raw_spin_trylock(lock=0xffff8f30bec38e80);
 0)   0.161 us    |                                _raw_spin_unlock(lock=0xffff8f30bec38e80);
 0)   0.411 us    |                                kernel_init_pages(page=0xfffff2a1000d3000, numpages=1);
 0)   1.523 us    |                              }
 0)   2.003 us    |                            }
 0)   2.665 us    |                          }
 0)   3.005 us    |                        }
 0)               |                        lruvec_stat_mod_folio(folio=0xfffff2a1000d3000, idx=38 [NR_PAGETABLE], val=1) {
 0)   0.160 us    |                          __rcu_read_lock();
 0)   0.151 us    |                          __rcu_read_unlock();
 0)   0.161 us    |                          mod_node_page_state(pgdat=0xffff8f30bfeb9f80, item=38 [NR_PAGETABLE], delta=1);
 0)   1.162 us    |                        }
 0)   4.679 us    |                      }
 0)               |                      pmd_install(mm=0xffff8f3081b4db00, pmd=0xffff8f30834f8ff8, pte=0xffffd26ac050f858) {
 0)   0.151 us    |                        _raw_spin_lock(lock=0xfffff2a1000d3e28);
 0)   0.160 us    |                        _raw_spin_unlock(lock=0xfffff2a1000d3e28);
 0)   0.852 us    |                      }
 0)   6.081 us    |                    }
 0)               |                    __vmf_anon_prepare(vmf=0xffffd26ac050f8f8) {
 0)               |                      __anon_vma_prepare(vma=0xffff8f3083259b40) {
 0)   0.411 us    |                        kmem_cache_alloc_noprof(s=0xffff8f3081274700, gfpflags=0xcc0);
 0)   0.331 us    |                        find_mergeable_anon_vma(vma=0xffff8f3083259b40);
 0)   0.180 us    |                        kmem_cache_alloc_noprof(s=0xffff8f3081274800, gfpflags=0xcc0);
 0)   0.160 us    |                        down_write(sem=0xffff8f3083274de8);
 0)   0.160 us    |                        _raw_spin_lock(lock=0xffff8f3081b4dc8c);
 0)   0.201 us    |                        anon_vma_interval_tree_insert(node=0xffff8f308322d340, root=0xffff8f3083274e28);
 0)   0.160 us    |                        _raw_spin_unlock(lock=0xffff8f3081b4dc8c);
 0)   0.160 us    |                        up_write(sem=0xffff8f3083274de8);
 0)   3.426 us    |                      }
 0)   3.807 us    |                    }
 0)               |                    vma_alloc_folio_noprof(gfp=0x100dca, order=0, vma=0xffff8f3083259b40, addr=0x7fffffffe000) {
 0)   0.170 us    |                      get_vma_policy(vma=0xffff8f3083259b40, addr=0x7fffffffe000, order=0, ilx=0xffffd26ac050f840);
 0)               |                      alloc_pages_mpol(gfp=0x140dca, order=0x0, pol=0xffffffffb05b36a0, ilx=0x0, nid=0) {
 0)   0.161 us    |                        policy_nodemask(gfp=0x140dca, pol=0xffffffffb05b36a0, ilx=0x0, nid=0xffffd26ac050f80c);
 0)               |                        __alloc_frozen_pages_noprof(gfp=0x140dca, order=0x0, preferred_nid=0, nodemask=0x0) {
 0)               |                          get_page_from_freelist(gfp_mask=0x140dca, order=0x0, alloc_flags=2177, ac=0xffffd26ac050f7a8) {
 0)   0.150 us    |                            _raw_spin_trylock(lock=0xffff8f30bec38e80);
 0)   0.160 us    |                            _raw_spin_unlock(lock=0xffff8f30bec38e80);
 0)   0.581 us    |                            kernel_init_pages(page=0xfffff2a1006d7180, numpages=1);
 0)   1.683 us    |                          }
 0)   2.024 us    |                        }
 0)   2.705 us    |                      }
 0)   3.557 us    |                    }
 0)               |                    __mem_cgroup_charge(folio=0xfffff2a1006d7180, mm=0xffff8f3081b4db00, gfp=0xcc0) {
 0)               |                      get_mem_cgroup_from_mm(mm=0xffff8f3081b4db00) {
 0)   0.150 us    |                        __rcu_read_lock();
 0)   0.161 us    |                        __rcu_read_unlock();
 0)   0.831 us    |                      }
 0)               |                      charge_memcg(folio=0xfffff2a1006d7180, memcg=0xffff8f3081341b00, gfp=0xcc0) {
 0)   0.150 us    |                        __rcu_read_lock();
 0)   0.211 us    |                        __get_obj_cgroup_from_memcg(memcg=0xffff8f3081341b00);
 0)   0.150 us    |                        __rcu_read_unlock();
 0)   1.232 us    |                      }
 0)   2.604 us    |                    }
 0)   0.180 us    |                    __folio_throttle_swaprate(folio=0xfffff2a1006d7180, gfp=0xcc0);
 0)               |                    pte_offset_map_lock(mm=0xffff8f3081b4db00, pmd=0xffff8f30834f8ff8, addr=0x7fffffffe000, ptlp=0xffffd26ac050f958) {
 0)               |                      __pte_offset_map(pmd=0xffff8f30834f8ff8, addr=0x7fffffffe000, pmdvalp=0xffffd26ac050f830) {
 0)   0.150 us    |                        __rcu_read_lock();
 0)   0.492 us    |                      }
 0)   0.160 us    |                      _raw_spin_lock(lock=0xfffff2a1000d3028);
 0)   1.163 us    |                    }
 0)               |                    map_anon_folio_pte_nopf(folio=0xfffff2a1006d7180, pte=0xffff8f30834c0ff0, vma=0xffff8f3083259b40, addr=0x7fffffffe000, uffd_wp=0x0) {
 0)   0.150 us    |                      pte_mkwrite(pte=(STRUCT)[0x840000001b5c6825], vma=0xffff8f3083259b40);
 0)               |                      folio_add_new_anon_rmap(folio=0xfffff2a1006d7180, vma=0xffff8f3083259b40, address=0x7fffffffe000, flags=1) {
 0)               |                        __folio_mod_stat(folio=0xfffff2a1006d7180, nr=1, nr_pmdmapped=0) {
 0)               |                          lruvec_stat_mod_folio(folio=0xfffff2a1006d7180, idx=17 [NR_ANON_MAPPED], val=1) {
 0)   0.150 us    |                            __rcu_read_lock();
 0)   0.160 us    |                            mod_node_page_state(pgdat=0xffff8f30bfeb9f80, item=17 [NR_ANON_MAPPED], delta=1);
 0)               |                            __mod_memcg_lruvec_state(pn=0xffff8f3081351e00, idx=17 [NR_ANON_MAPPED], val=1) {
 0)   0.160 us    |                              memcg_state_val_in_pages(idx=17, val=1);
 0)   0.171 us    |                              __css_rstat_updated(css=0xffff8f3081341b00, cpu=0);
 0)   0.881 us    |                            }
 0)   0.161 us    |                            __rcu_read_unlock();
 0)   2.254 us    |                          }
 0)   2.595 us    |                        }
 0)   2.946 us    |                      }
 0)               |                      folio_add_lru_vma(folio=0xfffff2a1006d7180, vma=0xffff8f3083259b40) {
 0)               |                        folio_add_lru(folio=0xfffff2a1006d7180) {
 0)   0.181 us    |                          __folio_batch_add_and_move(fbatch=0xffffffffb04dd240, folio=0xfffff2a1006d7180, move_fn=0xffffffffad6724a0, disable_irq=0x0);
 0)   0.521 us    |                        }
 0)   0.872 us    |                      }
 0)   4.789 us    |                    }
 0)   0.161 us    |                    _raw_spin_unlock(lock=0xfffff2a1000d3028);
 0)   0.160 us    |                    __rcu_read_unlock();
 0) + 24.486 us   |                  }
 0) + 36.458 us   |                }
 0)   0.151 us    |                __rcu_read_lock();
 0)   0.401 us    |                mem_cgroup_from_task(p=0xffff8f308368c400);
 0)               |                count_memcg_events(memcg=0xffff8f3081341b00, idx=23 [PGFAULT], count=0x1) {
 0)   0.160 us    |                  __css_rstat_updated(css=0xffff8f3081341b00, cpu=0);
 0)   0.501 us    |                }
 0)   0.151 us    |                __rcu_read_unlock();
 0) + 38.873 us   |              }
 0)   0.149 us    |              vma_pgtable_walk_begin(vma=0xffff8f3083259b40);
 0)               |              follow_page_pte(vma=0xffff8f3083259b40, address=0x7fffffffefef, pmd=0xffff8f30834f8ff8, flags=0x50003) {
 0)               |                pte_offset_map_lock(mm=0xffff8f3081b4db00, pmd=0xffff8f30834f8ff8, addr=0x7fffffffefef, ptlp=0xffffd26ac050f9a8) {
 0)               |                  __pte_offset_map(pmd=0xffff8f30834f8ff8, addr=0x7fffffffefef, pmdvalp=0xffffd26ac050f960) {
 0)   0.161 us    |                    __rcu_read_lock();
 0)   0.492 us    |                  }
 0)   0.160 us    |                  _raw_spin_lock(lock=0xfffff2a1000d3028);
 0)   1.151 us    |                }
 0)   0.190 us    |                vm_normal_page(vma=0xffff8f3083259b40, addr=0x7fffffffefef, pte=(STRUCT)[0x800000001b5c6867]);
 0)   0.170 us    |                try_grab_folio(folio=0xfffff2a1006d7180, refs=1, flags=0x50003);
 0)   0.170 us    |                folio_mark_accessed(folio=0xfffff2a1006d7180);
 0)   0.160 us    |                _raw_spin_unlock(lock=0xfffff2a1000d3028);
 0)   0.161 us    |                __rcu_read_unlock();
 0)   3.276 us    |              }
 0)   0.150 us    |              vma_pgtable_walk_end(vma=0xffff8f3083259b40);
 0) + 46.718 us   |            }
 0) + 47.469 us   |          }
 0)   0.160 us    |          up_read(sem=0xffff8f3081b4dc90);
 0)   0.160 us    |          mm_trace_rss_stat(mm=0xffff8f3083479500, member=1);
 0) + 49.242 us   |        }
 0) + 49.662 us   |      }
 0)               |      copy_strings.isra.0() {
 0)               |        get_arg_page(bprm=0xffff8f308358ce00, pos=0x7fffffffefd7, write=1) {
 0)               |          mmap_read_lock_maybe_expand(mm=0xffff8f3081b4db00, new_vma=0xffff8f3083259b40, addr=0x7fffffffefd7, write=0x1) {
 0)   0.161 us    |            down_read(sem=0xffff8f3081b4dc90);
 0)   0.501 us    |          }
 0)               |          get_user_pages_remote(mm=0xffff8f3081b4db00, start=0x7fffffffefd7, nr_pages=0x1, gup_flags=0x1, pages=0xffffd26ac050fab8, locked=0x0) {
 0)   0.149 us    |            is_valid_gup_args(pages=0xffffd26ac050fab8, locked=0x0, gup_flags_p=0xffffd26ac050fa6c, to_set=0x50000);
 0)               |            __get_user_pages(mm=0xffff8f3081b4db00, start=0x7fffffffefd7, nr_pages=0x1, gup_flags=0x50003, pages=0xffffd26ac050fab8, locked=0xffffd26ac050fa74) {
 0)               |              gup_vma_lookup(mm=0xffff8f3081b4db00, addr=0x7fffffffefd7) {
 0)               |                find_vma(mm=0xffff8f3081b4db00, addr=0x7fffffffefd7) {
 0)   0.160 us    |                  __rcu_read_lock();
 0)   0.161 us    |                  __rcu_read_unlock();
 0)   0.852 us    |                }
 0)   1.182 us    |              }
 0)               |              check_vma_flags(vma=0xffff8f3083259b40, gup_flags=0x50003) {
 0)   0.151 us    |                vma_is_secretmem(vma=0xffff8f3083259b40);
 0)   0.501 us    |              }
 0)   0.301 us    |              vma_pgtable_walk_begin(vma=0xffff8f3083259b40);
 0)               |              follow_page_pte(vma=0xffff8f3083259b40, address=0x7fffffffefd7, pmd=0xffff8f30834f8ff8, flags=0x50003) {
 0)               |                pte_offset_map_lock(mm=0xffff8f3081b4db00, pmd=0xffff8f30834f8ff8, addr=0x7fffffffefd7, ptlp=0xffffd26ac050f970) {
 0)               |                  __pte_offset_map(pmd=0xffff8f30834f8ff8, addr=0x7fffffffefd7, pmdvalp=0xffffd26ac050f928) {
 0)   0.160 us    |                    __rcu_read_lock();
 0)   0.490 us    |                  }
 0)   0.160 us    |                  _raw_spin_lock(lock=0xfffff2a1000d3028);
 0)   1.153 us    |                }
 0)   0.170 us    |                vm_normal_page(vma=0xffff8f3083259b40, addr=0x7fffffffefd7, pte=(STRUCT)[0x800000001b5c6867]);
 0)   0.161 us    |                try_grab_folio(folio=0xfffff2a1006d7180, refs=1, flags=0x50003);
 0)   0.160 us    |                folio_mark_accessed(folio=0xfffff2a1006d7180);
 0)   0.160 us    |                _raw_spin_unlock(lock=0xfffff2a1000d3028);
 0)   0.149 us    |                __rcu_read_unlock();
 0)   3.216 us    |              }
 0)   0.149 us    |              vma_pgtable_walk_end(vma=0xffff8f3083259b40);
 0)   6.412 us    |            }
 0)   7.083 us    |          }
 0)   0.160 us    |          up_read(sem=0xffff8f3081b4dc90);
 0)   8.456 us    |        }
 0)               |        __check_object_size(ptr=0xffff8f309b5c6fd7, n=0x18, to_user=0x0) {
 0)   0.160 us    |          check_stack_object(obj=0xffff8f309b5c6fd7, len=0x18);
 0)   0.160 us    |          is_vmalloc_addr(x=0xffff8f309b5c6fd7);
 0)   0.161 us    |          __virt_addr_valid(x=0xffff8f309b5c6fd7);
 0)   1.212 us    |        }
 0)               |        __check_object_size(ptr=0xffff8f309b5c6fcd, n=0xa, to_user=0x0) {
 0)   0.161 us    |          check_stack_object(obj=0xffff8f309b5c6fcd, len=0xa);
 0)   0.151 us    |          is_vmalloc_addr(x=0xffff8f309b5c6fcd);
 0)   0.160 us    |          __virt_addr_valid(x=0xffff8f309b5c6fcd);
 0)   1.173 us    |        }
 0)               |        __check_object_size(ptr=0xffff8f309b5c6fc2, n=0xb, to_user=0x0) {
 0)   0.149 us    |          check_stack_object(obj=0xffff8f309b5c6fc2, len=0xb);
 0)   0.160 us    |          is_vmalloc_addr(x=0xffff8f309b5c6fc2);
 0)   0.151 us    |          __virt_addr_valid(x=0xffff8f309b5c6fc2);
 0)   1.162 us    |        }
 0)               |        __check_object_size(ptr=0xffff8f309b5c6fb9, n=0x9, to_user=0x0) {
 0)   0.150 us    |          check_stack_object(obj=0xffff8f309b5c6fb9, len=0x9);
 0)   0.161 us    |          is_vmalloc_addr(x=0xffff8f309b5c6fb9);
 0)   0.151 us    |          __virt_addr_valid(x=0xffff8f309b5c6fb9);
 0)   1.162 us    |        }
 0)               |        __check_object_size(ptr=0xffff8f309b5c6fb2, n=0x7, to_user=0x0) {
 0)   0.150 us    |          check_stack_object(obj=0xffff8f309b5c6fb2, len=0x7);
 0)   0.220 us    |          is_vmalloc_addr(x=0xffff8f309b5c6fb2);
 0)   0.150 us    |          __virt_addr_valid(x=0xffff8f309b5c6fb2);
 0)   1.232 us    |        }
 0)               |        __check_object_size(ptr=0xffff8f309b5c6faa, n=0x8, to_user=0x0) {
 0)   0.151 us    |          check_stack_object(obj=0xffff8f309b5c6faa, len=0x8);
 0)   0.161 us    |          is_vmalloc_addr(x=0xffff8f309b5c6faa);
 0)   0.150 us    |          __virt_addr_valid(x=0xffff8f309b5c6faa);
 0)   1.162 us    |        }
 0) + 17.452 us   |      }
 0)               |      copy_strings.isra.0() {
 0)               |        get_arg_page(bprm=0xffff8f308358ce00, pos=0x7fffffffef9c, write=1) {
 0)               |          mmap_read_lock_maybe_expand(mm=0xffff8f3081b4db00, new_vma=0xffff8f3083259b40, addr=0x7fffffffef9c, write=0x1) {
 0)   0.161 us    |            down_read(sem=0xffff8f3081b4dc90);
 0)   0.492 us    |          }
 0)               |          get_user_pages_remote(mm=0xffff8f3081b4db00, start=0x7fffffffef9c, nr_pages=0x1, gup_flags=0x1, pages=0xffffd26ac050fab8, locked=0x0) {
 0)   0.160 us    |            is_valid_gup_args(pages=0xffffd26ac050fab8, locked=0x0, gup_flags_p=0xffffd26ac050fa6c, to_set=0x50000);
 0)               |            __get_user_pages(mm=0xffff8f3081b4db00, start=0x7fffffffef9c, nr_pages=0x1, gup_flags=0x50003, pages=0xffffd26ac050fab8, locked=0xffffd26ac050fa74) {
 0)               |              gup_vma_lookup(mm=0xffff8f3081b4db00, addr=0x7fffffffef9c) {
 0)               |                find_vma(mm=0xffff8f3081b4db00, addr=0x7fffffffef9c) {
 0)   0.150 us    |                  __rcu_read_lock();
 0)   0.150 us    |                  __rcu_read_unlock();
 0)   0.841 us    |                }
 0)   1.173 us    |              }
 0)               |              check_vma_flags(vma=0xffff8f3083259b40, gup_flags=0x50003) {
 0)   0.151 us    |                vma_is_secretmem(vma=0xffff8f3083259b40);
 0)   0.481 us    |              }
 0)   0.161 us    |              vma_pgtable_walk_begin(vma=0xffff8f3083259b40);
 0)               |              follow_page_pte(vma=0xffff8f3083259b40, address=0x7fffffffef9c, pmd=0xffff8f30834f8ff8, flags=0x50003) {
 0)               |                pte_offset_map_lock(mm=0xffff8f3081b4db00, pmd=0xffff8f30834f8ff8, addr=0x7fffffffef9c, ptlp=0xffffd26ac050f970) {
 0)               |                  __pte_offset_map(pmd=0xffff8f30834f8ff8, addr=0x7fffffffef9c, pmdvalp=0xffffd26ac050f928) {
 0)   0.151 us    |                    __rcu_read_lock();
 0)   0.480 us    |                  }
 0)   0.160 us    |                  _raw_spin_lock(lock=0xfffff2a1000d3028);
 0)   1.152 us    |                }
 0)   0.160 us    |                vm_normal_page(vma=0xffff8f3083259b40, addr=0x7fffffffef9c, pte=(STRUCT)[0x800000001b5c6867]);
 0)   0.160 us    |                try_grab_folio(folio=0xfffff2a1006d7180, refs=1, flags=0x50003);
 0)   0.160 us    |                folio_mark_accessed(folio=0xfffff2a1006d7180);
 0)   0.160 us    |                _raw_spin_unlock(lock=0xfffff2a1000d3028);
 0)   0.160 us    |                __rcu_read_unlock();
 0)   3.206 us    |              }
 0)   0.151 us    |              vma_pgtable_walk_end(vma=0xffff8f3083259b40);
 0)   6.251 us    |            }
 0)   6.923 us    |          }
 0)   0.161 us    |          up_read(sem=0xffff8f3081b4dc90);
 0)   8.405 us    |        }
 0)               |        __check_object_size(ptr=0xffff8f309b5c6f9c, n=0xe, to_user=0x0) {
 0)   0.150 us    |          check_stack_object(obj=0xffff8f309b5c6f9c, len=0xe);
 0)   0.149 us    |          is_vmalloc_addr(x=0xffff8f309b5c6f9c);
 0)   0.150 us    |          __virt_addr_valid(x=0xffff8f309b5c6f9c);
 0)   1.162 us    |        }
 0)               |        __check_object_size(ptr=0xffff8f309b5c6f98, n=0x4, to_user=0x0) {
 0)   0.151 us    |          check_stack_object(obj=0xffff8f309b5c6f98, len=0x4);
 0)   0.161 us    |          is_vmalloc_addr(x=0xffff8f309b5c6f98);
 0)   0.150 us    |          __virt_addr_valid(x=0xffff8f309b5c6f98);
 0)   1.152 us    |        }
 0) + 11.572 us   |      }
 0)               |      bprm_execve(bprm=0xffff8f308358ce00) {
 0)   0.160 us    |        mutex_lock_interruptible(lock=0xffff8f3083989f40);
 0)               |        prepare_exec_creds() {
 0)               |          prepare_creds() {
 0)   0.481 us    |            kmem_cache_alloc_noprof(s=0xffff8f3081274100, gfpflags=0xcc0);
 0)               |            security_prepare_creds(new=0xffff8f30875040c0, old=0xffff8f3083232840, gfp=0x400cc0) {
 0)   0.221 us    |              __kmalloc_noprof(size=0xb, flags=0x400dc0);
 0)   0.171 us    |              hook_cred_prepare(new=0xffff8f30875040c0, old=0xffff8f3083232840, gfp=0x400cc0);
 0)   0.161 us    |              bpf_lsm_cred_prepare(new=0xffff8f30875040c0, old=0xffff8f3083232840, gfp=0x400cc0);
 0)   1.352 us    |            }
 0)   2.474 us    |          }
 0)   0.160 us    |          key_put(key=0x0);
 0)   0.160 us    |          key_put(key=0x0);
 0)   3.557 us    |        }
 0)   0.161 us    |        _raw_spin_lock(lock=0xffff8f30831f9648);
 0)   0.150 us    |        __rcu_read_lock();
 0)   0.149 us    |        __rcu_read_unlock();
 0)   0.160 us    |        _raw_spin_unlock(lock=0xffff8f30831f9648);
 0)               |        sched_mm_cid_before_execve(t=0xffff8f308368c400) {
 0)               |          sched_mm_cid_exit(t=0xffff8f308368c400) {
 0)   0.229 us    |            mutex_lock(lock=0xffff8f3083479618);
 0)   0.160 us    |            _raw_spin_lock_irq(lock=0xffff8f3083479610);
 0)               |            sched_mm_cid_remove_user(t=0xffff8f308368c400) {
 0)   0.161 us    |              mm_update_max_cids(mm=0xffff8f3083479500);
 0)   0.501 us    |            }
 0)   0.161 us    |            _raw_spin_unlock_irq(lock=0xffff8f3083479610);
 0)   0.151 us    |            mutex_unlock(lock=0xffff8f3083479618);
 0)               |            cancel_work_sync(work=0xffff8f30834795f0) {
 0)               |              __cancel_work(work=0xffff8f30834795f0, cflags=0x2) {
 0)   0.160 us    |                try_to_grab_pending(work=0xffff8f30834795f0, cflags=0x2, irq_flags=0xffffd26ac050fad8);
 0)   0.661 us    |              }
 0)               |              __flush_work(work=0xffff8f30834795f0, from_cancel=0x1) {
 0)   0.150 us    |                __rcu_read_lock();
 0)   0.160 us    |                __rcu_read_unlock();
 0)   0.872 us    |              }
 0)               |              enable_work(work=0xffff8f30834795f0) {
 0)   0.160 us    |                try_to_grab_pending(work=0xffff8f30834795f0, cflags=0x0, irq_flags=0xffffd26ac050fae0);
 0)   0.501 us    |              }
 0)   2.835 us    |            }
 0)   5.390 us    |          }
 0)   5.731 us    |        }
 0)               |        sched_exec() {
 0)   0.160 us    |          _raw_spin_lock_irqsave(lock=0xffff8f308368d264);
 0)               |          select_task_rq_fair(p=0xffff8f308368c400, prev_cpu=0, wake_flags=2) {
 0)   0.161 us    |            __update_load_avg_blocked_se(now=0x1e905e400, se=0xffff8f308368c480);
 0)               |            sched_balance_find_dst_group(sd=0xffff8f30812cbe00, p=0xffff8f308368c400, this_cpu=0) {
 0)   0.180 us    |              task_h_load(p=0xffff8f308368c400);
 0)               |              cpu_util(cpu=0, p=0xffff8f308368c400, dst_cpu=4294967295, boost=0) {
 0)   0.151 us    |                arch_scale_cpu_capacity(cpu=0);
 0)   0.521 us    |              }
 0)               |              cpu_util(cpu=1, p=0x0, dst_cpu=4294967295, boost=0) {
 0)   0.151 us    |                arch_scale_cpu_capacity(cpu=1);
 0)   0.501 us    |              }
 0)               |              cpu_util(cpu=2, p=0x0, dst_cpu=4294967295, boost=0) {
 0)   0.160 us    |                arch_scale_cpu_capacity(cpu=2);
 0)   0.492 us    |              }
 0)               |              cpu_util(cpu=3, p=0x0, dst_cpu=4294967295, boost=0) {
 0)   0.151 us    |                arch_scale_cpu_capacity(cpu=3);
 0)   0.481 us    |              }
 0)   3.667 us    |            }
 0)   4.588 us    |          }
 0)   0.171 us    |          _raw_spin_unlock_irqrestore(lock=0xffff8f308368d264, flags=0x282);
 0)   5.660 us    |        }
 0)               |        security_bprm_creds_for_exec(bprm=0xffff8f308358ce00) {
 0)   0.160 us    |          hook_bprm_creds_for_exec(bprm=0xffff8f308358ce00);
 0)   0.160 us    |          bpf_lsm_bprm_creds_for_exec(bprm=0xffff8f308358ce00);
 0)   0.882 us    |        }
 0)   0.151 us    |        __rcu_read_lock();
 0)   0.200 us    |        task_active_pid_ns(tsk=0xffff8f3083460000);
 0)               |        __task_pid_nr_ns(task=0xffff8f308368c400, type=0 [PIDTYPE_PID], ns=0xffffffffaf850f80) {
 0)   0.149 us    |          __rcu_read_lock();
 0)   0.170 us    |          __rcu_read_unlock();
 0)   0.892 us    |        }
 0)   0.151 us    |        __rcu_read_unlock();
 0)               |        kernel_read(file=0xffff8f30819db480, buf=0xffff8f308358ce98, count=0x100, pos=0xffffd26ac050fb28) {
 0)               |          rw_verify_area(read_write=0, file=0xffff8f30819db480, ppos=0xffffd26ac050fb28, count=0x100) {
 0)               |            security_file_permission(file=0xffff8f30819db480, mask=4) {
 0)   0.151 us    |              bpf_lsm_file_permission(file=0xffff8f30819db480, mask=4);
 0)   0.500 us    |            }
 0)   0.852 us    |          }
 0)               |          __kernel_read(file=0xffff8f30819db480, buf=0xffff8f308358ce98, count=0x100, pos=0xffffd26ac050fb28) {
 0)               |            shmem_file_read_iter(iocb=0xffffd26ac050fac8, to=0xffffd26ac050faa0) {
 0)               |              shmem_get_folio_gfp(inode=0xffff8f3081b60648, index=0x0, write_end=0, foliop=0xffffd26ac050fa40, sgp=0 [SGP_READ], gfp=0x100cca, ...) {
 0)               |                filemap_get_entry(mapping=0xffff8f3081b607b0, index=0x0) {
 0)   0.150 us    |                  __rcu_read_lock();
 0)   0.150 us    |                  __rcu_read_unlock();
 0)   0.993 us    |                }
 0)   1.402 us    |              }
 0)   0.160 us    |              folio_unlock(folio=0xfffff2a100721580);
 0)   0.171 us    |              folio_mark_accessed(folio=0xfffff2a100721580);
 0)               |              touch_atime(path=0xffff8f30819db4c0) {
 0)               |                atime_needs_update(path=0xffff8f30819db4c0, inode=0xffff8f3081b60648) {
 0)   0.160 us    |                  make_vfsuid(idmap=0xffffffffaf99cd80, fs_userns=0xffffffffaf84a580, kuid=(STRUCT)[0x3e8]);
 0)   0.161 us    |                  make_vfsgid(idmap=0xffffffffaf99cd80, fs_userns=0xffffffffaf84a580, kgid=(STRUCT)[0x3d8]);
 0)               |                  current_time(inode=0xffff8f3081b60648) {
 0)   0.161 us    |                    ktime_get_coarse_real_ts64_mg(ts=0xffffd26ac050f998);
 0)   0.501 us    |                  }
 0)   1.512 us    |                }
 0)   0.160 us    |                mnt_get_write_access(m=0xffff8f30812be1a0);
 0)               |                current_time(inode=0xffff8f3081b60648) {
 0)   0.150 us    |                  ktime_get_coarse_real_ts64_mg(ts=0xffffd26ac050f9c0);
 0)   0.490 us    |                }
 0)   0.160 us    |                __mark_inode_dirty(inode=0xffff8f3081b60648, flags=16);
 0)   0.160 us    |                mnt_put_write_access(mnt=0xffff8f30812be1a0);
 0)   3.567 us    |              }
 0)   6.552 us    |            }
 0)   6.962 us    |          }
 0)   8.356 us    |        }
 0)               |        security_bprm_check(bprm=0xffff8f308358ce00) {
 0)   0.160 us    |          bpf_lsm_bprm_check_security(bprm=0xffff8f308358ce00);
 0)   0.511 us    |        }
 0)   0.170 us    |        _raw_read_lock(lock=0xffffffffb061f1c0);
 0)   0.161 us    |        try_module_get(module=0x0);
 0)   0.161 us    |        _raw_read_unlock(lock=0xffffffffb061f1c0);
 0)               |        load_misc_binary(bprm=0xffff8f308358ce00) {
 0)   0.151 us    |          _raw_read_lock(lock=0xffffffffaf84a910);
 0)   0.150 us    |          _raw_read_unlock(lock=0xffffffffaf84a910);
 0)   0.931 us    |        }
 0)   0.291 us    |        _raw_read_lock(lock=0xffffffffb061f1c0);
 0)   0.150 us    |        module_put(module=0x0);
 0)   0.151 us    |        try_module_get(module=0x0);
 0)   0.161 us    |        _raw_read_unlock(lock=0xffffffffb061f1c0);
 0)   0.170 us    |        load_script(bprm=0xffff8f308358ce00);
 0)   0.160 us    |        _raw_read_lock(lock=0xffffffffb061f1c0);
 0)   0.150 us    |        module_put(module=0x0);
 0)   0.150 us    |        try_module_get(module=0x0);
 0)   0.151 us    |        _raw_read_unlock(lock=0xffffffffb061f1c0);
 0)               |        load_elf_binary() {
 0)               |          load_elf_phdrs() {
 0)   0.241 us    |            __kmalloc_noprof(size=0x230, flags=0xcc0);
 0)               |            kernel_read(file=0xffff8f30819db480, buf=0xffff8f30821ff800, count=0x230, pos=0xffffd26ac050fa10) {
 0)               |              rw_verify_area(read_write=0, file=0xffff8f30819db480, ppos=0xffffd26ac050fa10, count=0x230) {
 0)               |                security_file_permission(file=0xffff8f30819db480, mask=4) {
 0)   0.150 us    |                  bpf_lsm_file_permission(file=0xffff8f30819db480, mask=4);
 0)   0.491 us    |                }
 0)   0.821 us    |              }
 0)               |              __kernel_read(file=0xffff8f30819db480, buf=0xffff8f30821ff800, count=0x230, pos=0xffffd26ac050fa10) {
 0)               |                shmem_file_read_iter(iocb=0xffffd26ac050f9c0, to=0xffffd26ac050f998) {
 0)               |                  shmem_get_folio_gfp(inode=0xffff8f3081b60648, index=0x0, write_end=0, foliop=0xffffd26ac050f938, sgp=0 [SGP_READ], gfp=0x100cca, ...) {
 0)               |                    filemap_get_entry(mapping=0xffff8f3081b607b0, index=0x0) {
 0)   0.160 us    |                      __rcu_read_lock();
 0)   0.151 us    |                      __rcu_read_unlock();
 0)   0.842 us    |                    }
 0)   1.191 us    |                  }
 0)   0.150 us    |                  folio_unlock(folio=0xfffff2a100721580);
 0)               |                  touch_atime(path=0xffff8f30819db4c0) {
 0)               |                    atime_needs_update(path=0xffff8f30819db4c0, inode=0xffff8f3081b60648) {
 0)   0.161 us    |                      make_vfsuid(idmap=0xffffffffaf99cd80, fs_userns=0xffffffffaf84a580, kuid=(STRUCT)[0x3e8]);
 0)   0.160 us    |                      make_vfsgid(idmap=0xffffffffaf99cd80, fs_userns=0xffffffffaf84a580, kgid=(STRUCT)[0x3d8]);
 0)               |                      current_time(inode=0xffff8f3081b60648) {
 0)   0.161 us    |                        ktime_get_coarse_real_ts64_mg(ts=0xffffd26ac050f890);
 0)   0.491 us    |                      }
 0)   1.503 us    |                    }
 0)   1.843 us    |                  }
 0)   4.018 us    |                }
 0)   4.379 us    |              }
 0)   5.721 us    |            }
 0)   6.492 us    |          }
 0)               |          begin_new_exec(bprm=0xffff8f308358ce00) {
 0)               |            mnt_may_suid(mnt=0xffff8f30812be1a0) {
 0)   0.160 us    |              current_in_userns(target_ns=0xffffffffaf84a580);
 0)   0.541 us    |            }
 0)               |            security_bprm_creds_from_file(bprm=0xffff8f308358ce00, file=0xffff8f30819db480) {
 0)               |              cap_bprm_creds_from_file(bprm=0xffff8f308358ce00, file=0xffff8f30819db480) {
 0)               |                mnt_may_suid(mnt=0xffff8f30812be1a0) {
 0)   0.150 us    |                  current_in_userns(target_ns=0xffffffffaf84a580);
 0)   0.490 us    |                }
 0)   0.150 us    |                current_in_userns(target_ns=0xffffffffaf84a580);
 0)               |                get_vfs_caps_from_disk(idmap=0xffffffffaf99cd80, dentry=0xffff8f308162e300, cpu_caps=0xffffd26ac050f990) {
 0)               |                  __vfs_getxattr(dentry=0xffff8f308162e300, inode=0xffff8f3081b60648, name=0xffffffffaef3b8d8, value=0xffffd26ac050f930, size=0x18) {
 0)   0.251 us    |                    xattr_resolve_name(inode=0xffff8f3081b60648, name=0xffffd26ac050f8f8);
 0)               |                    shmem_xattr_handler_get(handler=0xffffffffae6918a0, unused=0xffff8f308162e300, inode=0xffff8f3081b60648, name=0xffffffffaef3b8e1, buffer=0xffffd26ac050f930, size=0x18) {
 0)   0.190 us    |                      xattr_full_name(handler=0xffffffffae6918a0, name=0xffffffffaef3b8e1);
 0)   0.230 us    |                      simple_xattr_get(cache=0xffff8f30811e3bf0, xattrs=0xffff8f3081b60610, name=0xffffffffaef3b8d8, buffer=0xffffd26ac050f930, size=0x18);
 0)   0.961 us    |                    }
 0)   1.814 us    |                  }
 0)   2.173 us    |                }
 0)               |                make_kuid(ns=0xffffffffaf84a580, uid=0x0) {
 0)   0.180 us    |                  map_id_range_down(map=0xffffffffaf84a580, id=0x0, count=0x1);
 0)   0.511 us    |                }
 0)   0.160 us    |                in_group_p(grp=(STRUCT)[0x0]);
 0)   4.809 us    |              }
 0)   0.160 us    |              bpf_lsm_bprm_creds_from_file(bprm=0xffff8f308358ce00, file=0xffff8f30819db480);
 0)   5.521 us    |            }
 0)   0.160 us    |            unshare_files();
 0)   0.170 us    |            set_mm_exe_file(mm=0xffff8f3081b4db00, new_exe_file=0xffff8f30819db480);
 0)               |            would_dump(bprm=0xffff8f308358ce00, file=0xffff8f30819db480) {
 0)               |              inode_permission(idmap=0xffffffffaf99cd80, inode=0xffff8f3081b60648, mask=4) {
 0)   0.160 us    |                generic_permission(idmap=0xffffffffaf99cd80, inode=0xffff8f3081b60648, mask=4);
 0)               |                security_inode_permission(inode=0xffff8f3081b60648, mask=4) {
 0)   0.150 us    |                  bpf_lsm_inode_permission(inode=0xffff8f3081b60648, mask=4);
 0)   0.501 us    |                }
 0)   1.172 us    |              }
 0)   1.512 us    |            }
 0)   0.150 us    |            mm_trace_rss_stat(mm=0xffff8f3083479500, member=1);
 0)               |            exec_mm_release(tsk=0xffff8f308368c400, mm=0xffff8f3083479500) {
 0)               |              futex_exec_release(tsk=0xffff8f308368c400) {
 0)   0.149 us    |                mutex_lock(lock=0xffff8f308368d410);
 0)   0.150 us    |                _raw_spin_lock_irq(lock=0xffff8f308368d264);
 0)   0.160 us    |                _raw_spin_unlock_irq(lock=0xffff8f308368d264);
 0)   0.160 us    |                futex_cleanup(tsk=0xffff8f308368c400);
 0)   0.160 us    |                mutex_unlock(lock=0xffff8f308368d410);
 0)   1.884 us    |              }
 0)               |              mm_release(tsk=0xffff8f308368c400, mm=0xffff8f3083479500) {
 0)   0.160 us    |                uprobe_free_utask(t=0xffff8f308368c400);
 0)   0.171 us    |                shstk_free(tsk=0xffff8f308368c400);
 0)   1.062 us    |              }
 0)   3.898 us    |            }
 0)   0.230 us    |            down_write_killable(sem=0xffff8f3083989f58);
 0)   0.171 us    |            down_read_killable(sem=0xffff8f3083479690);
 0)   0.160 us    |            _raw_spin_lock(lock=0xffff8f308368d260);
 0)   0.170 us    |            membarrier_exec_mmap(mm=0xffff8f3081b4db00);
 0)               |            mm_init_cid(mm=0xffff8f3081b4db00, p=0xffff8f308368c400) {
 0)   0.160 us    |              mutex_init_generic(lock=0xffff8f3081b4dc18);
 0)   0.501 us    |            }
 0)               |            switch_mm_irqs_off(unused=0xffff8f3083479500, next=0xffff8f3081b4db00, tsk=0x0) {
 0)   0.150 us    |              choose_new_asid(next=0xffff8f3081b4db00, next_tlb_gen=0x0);
 0)   0.170 us    |              switch_ldt(prev=0xffff8f3083479500, next=0xffff8f3081b4db00);
 0)   1.002 us    |            }
 0)               |            lru_gen_add_mm(mm=0xffff8f3081b4db00) {
 0)               |              get_mem_cgroup_from_mm(mm=0xffff8f3081b4db00) {
 0)   0.149 us    |                __rcu_read_lock();
 0)   0.150 us    |                __rcu_read_unlock();
 0)   0.821 us    |              }
 0)   0.150 us    |              _raw_spin_lock(lock=0xffff8f3081342168);
 0)   0.160 us    |              _raw_spin_unlock(lock=0xffff8f3081342168);
 0)   1.883 us    |            }
 0)   0.161 us    |            _raw_spin_unlock(lock=0xffff8f308368d260);
 0)   0.160 us    |            up_read(sem=0xffff8f3083479690);
 0)   0.160 us    |            mm_update_next_owner(mm=0xffff8f3083479500);
 0)               |            mmput(mm=0xffff8f3083479500) {
 0)               |              uprobe_clear_state(mm=0xffff8f3083479500) {
 0)   0.220 us    |                mutex_lock(lock=0xffffffffb05953d0);
 0)   0.171 us    |                delayed_uprobe_remove.part.0();
 0)   0.150 us    |                mutex_unlock(lock=0xffffffffb05953d0);
 0)   0.161 us    |                arch_uprobe_clear_state(mm=0xffff8f3083479500);
 0)   1.643 us    |              }
 0)   0.160 us    |              exit_aio(mm=0xffff8f3083479500);
 0)               |              exit_mmap(mm=0xffff8f3083479500) {
 0)   0.160 us    |                down_read(sem=0xffff8f3083479690);
 0)               |                ldt_arch_exit_mmap(mm=0xffff8f3083479500) {
 0)   0.160 us    |                  free_ldt_pgtables(mm=0xffff8f3083479500);
 0)   0.511 us    |                }
 0)   0.160 us    |                tlb_gather_mmu_fullmm(tlb=0xffffd26ac050f938, mm=0xffff8f3083479500);
 0)               |                unmap_vmas(tlb=0xffffd26ac050f938, unmap=0xffffd26ac050f898) {
 0)               |                  __zap_vma_range(tlb=0xffffd26ac050f938, vma=0xffff8f3083259300, start=0x555566d3c000, end=0x555566d3d000, details=0xffffd26ac050f838) {
 0)               |                    pte_offset_map_lock(mm=0xffff8f3083479500, pmd=0xffff8f30833fd9b0, addr=0x555566d3c000, ptlp=0xffffd26ac050f7c0) {
 0)               |                      __pte_offset_map(pmd=0xffff8f30833fd9b0, addr=0x555566d3c000, pmdvalp=0xffffd26ac050f6d8) {
 0)   0.160 us    |                        __rcu_read_lock();
 0)   0.631 us    |                      }
 0)   0.160 us    |                      _raw_spin_lock(lock=0xfffff2a1000b9428);
 0)   1.302 us    |                    }
 0)   0.160 us    |                    flush_tlb_batched_pending(mm=0xffff8f3083479500);
 0)   0.160 us    |                    _raw_spin_unlock(lock=0xfffff2a1000b9428);
 0)   0.151 us    |                    __rcu_read_unlock();
 0)   2.866 us    |                  }
 0)               |                  __zap_vma_range(tlb=0xffffd26ac050f938, vma=0xffff8f3082e42a80, start=0x555566d3d000, end=0x555566d3e000, details=0xffffd26ac050f838) {
 0)               |                    pte_offset_map_lock(mm=0xffff8f3083479500, pmd=0xffff8f30833fd9b0, addr=0x555566d3d000, ptlp=0xffffd26ac050f7c0) {
 0)               |                      __pte_offset_map(pmd=0xffff8f30833fd9b0, addr=0x555566d3d000, pmdvalp=0xffffd26ac050f6d8) {
 0)   0.150 us    |                        __rcu_read_lock();
 0)   0.481 us    |                      }
 0)   0.150 us    |                      _raw_spin_lock(lock=0xfffff2a1000b9428);
 0)   1.142 us    |                    }
 0)   0.151 us    |                    flush_tlb_batched_pending(mm=0xffff8f3083479500);
 0)   0.160 us    |                    vm_normal_page(vma=0xffff8f3082e42a80, addr=0x555566d3d000, pte=(STRUCT)[0x8000000004f0f867]);
 0)   0.161 us    |                    arch_check_zapped_pte(vma=0xffff8f3082e42a80, pte=(STRUCT)[0x8000000004f0f867]);
 0)               |                    folio_remove_rmap_ptes(folio=0xfffff2a10013c3c0, page=0xfffff2a10013c3c0, nr_pages=1, vma=0xffff8f3082e42a80) {
 0)               |                      lruvec_stat_mod_folio(folio=0xfffff2a10013c3c0, idx=17 [NR_ANON_MAPPED], val=4294967295) {
 0)   0.149 us    |                        __rcu_read_lock();
 0)   0.160 us    |                        mod_node_page_state(pgdat=0xffff8f30bfeb9f80, item=17 [NR_ANON_MAPPED], delta=-1);
 0)               |                        __mod_memcg_lruvec_state(pn=0xffff8f3081351e00, idx=17 [NR_ANON_MAPPED], val=-1) {
 0)   0.161 us    |                          memcg_state_val_in_pages(idx=17, val=-1);
 0)   0.150 us    |                          __css_rstat_updated(css=0xffff8f3081341b00, cpu=0);
 0)   0.831 us    |                        }
 0)   0.150 us    |                        __rcu_read_unlock();
 0)   2.184 us    |                      }
 0)   2.525 us    |                    }
 0)   0.160 us    |                    __tlb_remove_folio_pages(tlb=0xffffd26ac050f938, page=0xfffff2a10013c3c0, nr_pages=0x1, delay_rmap=0x0);
 0)   0.160 us    |                    _raw_spin_unlock(lock=0xfffff2a1000b9428);
 0)   0.150 us    |                    __rcu_read_unlock();
 0)   6.362 us    |                  }
 0)               |                  __zap_vma_range(tlb=0xffffd26ac050f938, vma=0xffff8f3083259a80, start=0x7f0804c7e000, end=0x7f0804c83000, details=0xffffd26ac050f838) {
 0)               |                    pte_offset_map_lock(mm=0xffff8f3083479500, pmd=0xffff8f308305d130, addr=0x7f0804c7e000, ptlp=0xffffd26ac050f7c0) {
 0)               |                      __pte_offset_map(pmd=0xffff8f308305d130, addr=0x7f0804c7e000, pmdvalp=0xffffd26ac050f6d8) {
 0)   0.161 us    |                        __rcu_read_lock();
 0)   0.491 us    |                      }
 0)   0.160 us    |                      _raw_spin_lock(lock=0xfffff2a1000c17e8);
 0)   1.151 us    |                    }
 0)   0.151 us    |                    flush_tlb_batched_pending(mm=0xffff8f3083479500);
 0)   0.300 us    |                    vm_normal_page(vma=0xffff8f3083259a80, addr=0x7f0804c7e000, pte=(STRUCT)[0x8000000004f10867]);
 0)   0.160 us    |                    arch_check_zapped_pte(vma=0xffff8f3083259a80, pte=(STRUCT)[0x8000000004f10867]);
 0)               |                    folio_remove_rmap_ptes(folio=0xfffff2a10013c400, page=0xfffff2a10013c400, nr_pages=1, vma=0xffff8f3083259a80) {
 0)               |                      lruvec_stat_mod_folio(folio=0xfffff2a10013c400, idx=17 [NR_ANON_MAPPED], val=4294967295) {
 0)   0.150 us    |                        __rcu_read_lock();
 0)   0.160 us    |                        mod_node_page_state(pgdat=0xffff8f30bfeb9f80, item=17 [NR_ANON_MAPPED], delta=-1);
 0)               |                        __mod_memcg_lruvec_state(pn=0xffff8f3081351e00, idx=17 [NR_ANON_MAPPED], val=-1) {
 0)   0.149 us    |                          memcg_state_val_in_pages(idx=17, val=-1);
 0)   0.151 us    |                          __css_rstat_updated(css=0xffff8f3081341b00, cpu=0);
 0)   0.822 us    |                        }
 0)   0.160 us    |                        __rcu_read_unlock();
 0)   2.144 us    |                      }
 0)   2.475 us    |                    }
 0)   0.161 us    |                    __tlb_remove_folio_pages(tlb=0xffffd26ac050f938, page=0xfffff2a10013c400, nr_pages=0x1, delay_rmap=0x0);
 0)   0.170 us    |                    vm_normal_page(vma=0xffff8f3083259a80, addr=0x7f0804c7f000, pte=(STRUCT)[0x8000000018d15867]);
 0)   0.151 us    |                    arch_check_zapped_pte(vma=0xffff8f3083259a80, pte=(STRUCT)[0x8000000018d15867]);
 0)               |                    folio_remove_rmap_ptes(folio=0xfffff2a100634540, page=0xfffff2a100634540, nr_pages=1, vma=0xffff8f3083259a80) {
 0)               |                      lruvec_stat_mod_folio(folio=0xfffff2a100634540, idx=17 [NR_ANON_MAPPED], val=4294967295) {
 0)   0.150 us    |                        __rcu_read_lock();
 0)   0.149 us    |                        mod_node_page_state(pgdat=0xffff8f30bfeb9f80, item=17 [NR_ANON_MAPPED], delta=-1);
 0)               |                        __mod_memcg_lruvec_state(pn=0xffff8f3081351e00, idx=17 [NR_ANON_MAPPED], val=-1) {
 0)   0.160 us    |                          memcg_state_val_in_pages(idx=17, val=-1);
 0)   0.160 us    |                          __css_rstat_updated(css=0xffff8f3081341b00, cpu=0);
 0)   0.821 us    |                        }
 0)   0.160 us    |                        __rcu_read_unlock();
 0)   2.133 us    |                      }
 0)   2.475 us    |                    }
 0)   0.161 us    |                    __tlb_remove_folio_pages(tlb=0xffffd26ac050f938, page=0xfffff2a100634540, nr_pages=0x1, delay_rmap=0x0);
 0)   0.160 us    |                    vm_normal_page(vma=0xffff8f3083259a80, addr=0x7f0804c81000, pte=(STRUCT)[0x800000003edf0867]);
 0)   0.160 us    |                    arch_check_zapped_pte(vma=0xffff8f3083259a80, pte=(STRUCT)[0x800000003edf0867]);
 0)               |                    folio_remove_rmap_ptes(folio=0xfffff2a100fb7c00, page=0xfffff2a100fb7c00, nr_pages=1, vma=0xffff8f3083259a80) {
 0)               |                      lruvec_stat_mod_folio(folio=0xfffff2a100fb7c00, idx=17 [NR_ANON_MAPPED], val=4294967295) {
 0)   0.160 us    |                        __rcu_read_lock();
 0)   0.160 us    |                        mod_node_page_state(pgdat=0xffff8f30bfeb9f80, item=17 [NR_ANON_MAPPED], delta=-1);
 0)               |                        __mod_memcg_lruvec_state(pn=0xffff8f3081351e00, idx=17 [NR_ANON_MAPPED], val=-1) {
 0)   0.149 us    |                          memcg_state_val_in_pages(idx=17, val=-1);
 0)   0.150 us    |                          __css_rstat_updated(css=0xffff8f3081341b00, cpu=0);
 0)   0.812 us    |                        }
 0)   0.150 us    |                        __rcu_read_unlock();
 0)   2.135 us    |                      }
 0)   2.465 us    |                    }
 0)   0.149 us    |                    __tlb_remove_folio_pages(tlb=0xffffd26ac050f938, page=0xfffff2a100fb7c00, nr_pages=0x1, delay_rmap=0x0);
 0)   0.160 us    |                    vm_normal_page(vma=0xffff8f3083259a80, addr=0x7f0804c82000, pte=(STRUCT)[0x8000000018c2a867]);
 0)   0.161 us    |                    arch_check_zapped_pte(vma=0xffff8f3083259a80, pte=(STRUCT)[0x8000000018c2a867]);
 0)               |                    folio_remove_rmap_ptes(folio=0xfffff2a100630a80, page=0xfffff2a100630a80, nr_pages=1, vma=0xffff8f3083259a80) {
 0)               |                      lruvec_stat_mod_folio(folio=0xfffff2a100630a80, idx=17 [NR_ANON_MAPPED], val=4294967295) {
 0)   0.150 us    |                        __rcu_read_lock();
 0)   0.160 us    |                        mod_node_page_state(pgdat=0xffff8f30bfeb9f80, item=17 [NR_ANON_MAPPED], delta=-1);
 0)               |                        __mod_memcg_lruvec_state(pn=0xffff8f3081351e00, idx=17 [NR_ANON_MAPPED], val=-1) {
 0)   0.151 us    |                          memcg_state_val_in_pages(idx=17, val=-1);
 0)   0.150 us    |                          __css_rstat_updated(css=0xffff8f3081341b00, cpu=0);
 0)   0.821 us    |                        }
 0)   0.151 us    |                        __rcu_read_unlock();
 0)   2.133 us    |                      }
 0)   2.465 us    |                    }
 0)   0.150 us    |                    __tlb_remove_folio_pages(tlb=0xffffd26ac050f938, page=0xfffff2a100630a80, nr_pages=0x1, delay_rmap=0x0);
 0)   0.160 us    |                    _raw_spin_unlock(lock=0xfffff2a1000c17e8);
 0)   0.151 us    |                    __rcu_read_unlock();
 0) + 17.583 us   |                  }
 0)               |                  __zap_vma_range(tlb=0xffffd26ac050f938, vma=0xffff8f3083259240, start=0x7f0804c83000, end=0x7f0804c87000, details=0xffffd26ac050f838) {
 0)               |                    pte_offset_map_lock(mm=0xffff8f3083479500, pmd=0xffff8f308305d130, addr=0x7f0804c83000, ptlp=0xffffd26ac050f7c0) {
 0)               |                      __pte_offset_map(pmd=0xffff8f308305d130, addr=0x7f0804c83000, pmdvalp=0xffffd26ac050f6d8) {
 0)   0.160 us    |                        __rcu_read_lock();
 0)   0.491 us    |                      }
 0)   0.160 us    |                      _raw_spin_lock(lock=0xfffff2a1000c17e8);
 0)   1.162 us    |                    }
 0)   0.149 us    |                    flush_tlb_batched_pending(mm=0xffff8f3083479500);
 0)   0.160 us    |                    _raw_spin_unlock(lock=0xfffff2a1000c17e8);
 0)   0.151 us    |                    __rcu_read_unlock();
 0)   2.565 us    |                  }
 0)               |                  __zap_vma_range(tlb=0xffffd26ac050f938, vma=0xffff8f3083259cc0, start=0x7f0804c87000, end=0x7f0804c89000, details=0xffffd26ac050f838) {
 0)               |                    pte_offset_map_lock(mm=0xffff8f3083479500, pmd=0xffff8f308305d130, addr=0x7f0804c87000, ptlp=0xffffd26ac050f7c0) {
 0)               |                      __pte_offset_map(pmd=0xffff8f308305d130, addr=0x7f0804c87000, pmdvalp=0xffffd26ac050f6d8) {
 0)   0.151 us    |                        __rcu_read_lock();
 0)   0.481 us    |                      }
 0)   0.150 us    |                      _raw_spin_lock(lock=0xfffff2a1000c17e8);
 0)   1.172 us    |                    }
 0)   0.151 us    |                    flush_tlb_batched_pending(mm=0xffff8f3083479500);
 0)   0.161 us    |                    _raw_spin_unlock(lock=0xfffff2a1000c17e8);
 0)   0.150 us    |                    __rcu_read_unlock();
 0)   2.545 us    |                  }
 0)               |                  __zap_vma_range(tlb=0xffffd26ac050f938, vma=0xffff8f308308b300, start=0x7f0804c89000, end=0x7f0804c8b000, details=0xffffd26ac050f838) {
 0)               |                    pte_offset_map_lock(mm=0xffff8f3083479500, pmd=0xffff8f308305d130, addr=0x7f0804c89000, ptlp=0xffffd26ac050f7c0) {
 0)               |                      __pte_offset_map(pmd=0xffff8f308305d130, addr=0x7f0804c89000, pmdvalp=0xffffd26ac050f6d8) {
 0)   0.160 us    |                        __rcu_read_lock();
 0)   0.490 us    |                      }
 0)   0.161 us    |                      _raw_spin_lock(lock=0xfffff2a1000c17e8);
 0)   1.292 us    |                    }
 0)   0.160 us    |                    flush_tlb_batched_pending(mm=0xffff8f3083479500);
 0)   0.161 us    |                    _raw_spin_unlock(lock=0xfffff2a1000c17e8);
 0)   0.151 us    |                    __rcu_read_unlock();
 0)   2.655 us    |                  }
 0)               |                  __zap_vma_range(tlb=0xffffd26ac050f938, vma=0xffff8f30831f8e40, start=0x7f0804c8b000, end=0x7f0804c8c000, details=0xffffd26ac050f838) {
 0)   0.151 us    |                    uprobe_munmap(vma=0xffff8f30831f8e40, start=0x7f0804c8b000, end=0x7f0804c8c000);
 0)               |                    pte_offset_map_lock(mm=0xffff8f3083479500, pmd=0xffff8f308305d130, addr=0x7f0804c8b000, ptlp=0xffffd26ac050f7c0) {
 0)               |                      __pte_offset_map(pmd=0xffff8f308305d130, addr=0x7f0804c8b000, pmdvalp=0xffffd26ac050f6d8) {
 0)   0.150 us    |                        __rcu_read_lock();
 0)   0.481 us    |                      }
 0)   0.150 us    |                      _raw_spin_lock(lock=0xfffff2a1000c17e8);
 0)   1.142 us    |                    }
 0)   0.151 us    |                    flush_tlb_batched_pending(mm=0xffff8f3083479500);
 0)   0.171 us    |                    vm_normal_page(vma=0xffff8f30831f8e40, addr=0x7f0804c8b000, pte=(STRUCT)[0x800000001c856025]);
 0)   0.160 us    |                    folio_mark_accessed(folio=0xfffff2a100721580);
 0)   0.150 us    |                    arch_check_zapped_pte(vma=0xffff8f30831f8e40, pte=(STRUCT)[0x800000001c856025]);
 0)   0.160 us    |                    folio_remove_rmap_ptes(folio=0xfffff2a100721580, page=0xfffff2a100721580, nr_pages=1, vma=0xffff8f30831f8e40);
 0)   0.150 us    |                    __tlb_remove_folio_pages(tlb=0xffffd26ac050f938, page=0xfffff2a100721580, nr_pages=0x1, delay_rmap=0x0);
 0)   0.161 us    |                    _raw_spin_unlock(lock=0xfffff2a1000c17e8);
 0)   0.161 us    |                    __rcu_read_unlock();
 0)   4.609 us    |                  }
 0)               |                  __zap_vma_range(tlb=0xffffd26ac050f938, vma=0xffff8f30831f8780, start=0x7f0804c8c000, end=0x7f0804d56000, details=0xffffd26ac050f838) {
 0)   0.151 us    |                    uprobe_munmap(vma=0xffff8f30831f8780, start=0x7f0804c8c000, end=0x7f0804d56000);
 0)               |                    pte_offset_map_lock(mm=0xffff8f3083479500, pmd=0xffff8f308305d130, addr=0x7f0804c8c000, ptlp=0xffffd26ac050f7c0) {
 0)               |                      __pte_offset_map(pmd=0xffff8f308305d130, addr=0x7f0804c8c000, pmdvalp=0xffffd26ac050f6d8) {
 0)   0.150 us    |                        __rcu_read_lock();
 0)   0.492 us    |                      }
 0)   0.150 us    |                      _raw_spin_lock(lock=0xfffff2a1000c17e8);
 0)   1.152 us    |                    }
 0)   0.151 us    |                    flush_tlb_batched_pending(mm=0xffff8f3083479500);
 0)   0.160 us    |                    vm_normal_page(vma=0xffff8f30831f8780, addr=0x7f0804c8c000, pte=(STRUCT)[0x1c857025]);
 0)   0.160 us    |                    folio_mark_accessed(folio=0xfffff2a1007215c0);
 0)   0.151 us    |                    arch_check_zapped_pte(vma=0xffff8f30831f8780, pte=(STRUCT)[0x1c857025]);
 0)   0.150 us    |                    folio_remove_rmap_ptes(folio=0xfffff2a1007215c0, page=0xfffff2a1007215c0, nr_pages=1, vma=0xffff8f30831f8780);
 0)               |                    __tlb_remove_folio_pages(tlb=0xffffd26ac050f938, page=0xfffff2a1007215c0, nr_pages=0x1, delay_rmap=0x0) {
 0)               |                      tlb_next_batch(tlb=0xffffd26ac050f938) {
 0)               |                        get_free_pages_noprof(gfp_mask=0x2800, order=0x0) {
 0)               |                          alloc_pages_noprof(gfp=0x2800, order=0x0) {
 0)               |                            alloc_pages_mpol(gfp=0x2800, order=0x0, pol=0xffffffffb05b36a0, ilx=0xffffffffffffffff, nid=0) {
 0)   0.160 us    |                              policy_nodemask(gfp=0x2800, pol=0xffffffffb05b36a0, ilx=0xffffffffffffffff, nid=0xffffd26ac050f6bc);
 0)               |                              __alloc_frozen_pages_noprof(gfp=0x2800, order=0x0, preferred_nid=0, nodemask=0x0) {
 0)               |                                get_page_from_freelist(gfp_mask=0x2800, order=0x0, alloc_flags=2049, ac=0xffffd26ac050f658) {
 0)   0.160 us    |                                  _raw_spin_trylock(lock=0xffff8f30bec38e80);
 0)   0.160 us    |                                  _raw_spin_unlock(lock=0xffff8f30bec38e80);
 0)   0.441 us    |                                  kernel_init_pages(page=0xfffff2a100067ec0, numpages=1);
 0)   1.573 us    |                                }
 0)   1.943 us    |                              }
 0)   2.625 us    |                            }
 0)   2.966 us    |                          }
 0)   3.316 us    |                        }
 0)   3.667 us    |                      }
 0)   4.028 us    |                    }
 0)   0.160 us    |                    vm_normal_page(vma=0xffff8f30831f8780, addr=0x7f0804c8d000, pte=(STRUCT)[0x1c858025]);
 0)   0.160 us    |                    folio_mark_accessed(folio=0xfffff2a100721600);
 0)   0.160 us    |                    arch_check_zapped_pte(vma=0xffff8f30831f8780, pte=(STRUCT)[0x1c858025]);
 0)   0.160 us    |                    folio_remove_rmap_ptes(folio=0xfffff2a100721600, page=0xfffff2a100721600, nr_pages=1, vma=0xffff8f30831f8780);
 0)   0.160 us    |                    __tlb_remove_folio_pages(tlb=0xffffd26ac050f938, page=0xfffff2a100721600, nr_pages=0x1, delay_rmap=0x0);
 0)   0.161 us    |                    vm_normal_page(vma=0xffff8f30831f8780, addr=0x7f0804c8e000, pte=(STRUCT)[0x1c859025]);
 0)   0.160 us    |                    folio_mark_accessed(folio=0xfffff2a100721640);
 0)   0.161 us    |                    arch_check_zapped_pte(vma=0xffff8f30831f8780, pte=(STRUCT)[0x1c859025]);
 0)   0.161 us    |                    folio_remove_rmap_ptes(folio=0xfffff2a100721640, page=0xfffff2a100721640, nr_pages=1, vma=0xffff8f30831f8780);
 0)   0.150 us    |                    __tlb_remove_folio_pages(tlb=0xffffd26ac050f938, page=0xfffff2a100721640, nr_pages=0x1, delay_rmap=0x0);
 0)   0.160 us    |                    vm_normal_page(vma=0xffff8f30831f8780, addr=0x7f0804c8f000, pte=(STRUCT)[0x1c85a025]);
 0)   0.151 us    |                    folio_mark_accessed(folio=0xfffff2a100721680);
 0)   0.150 us    |                    arch_check_zapped_pte(vma=0xffff8f30831f8780, pte=(STRUCT)[0x1c85a025]);
 0)   0.151 us    |                    folio_remove_rmap_ptes(folio=0xfffff2a100721680, page=0xfffff2a100721680, nr_pages=1, vma=0xffff8f30831f8780);
 0)   0.150 us    |                    __tlb_remove_folio_pages(tlb=0xffffd26ac050f938, page=0xfffff2a100721680, nr_pages=0x1, delay_rmap=0x0);
 0)   0.171 us    |                    vm_normal_page(vma=0xffff8f30831f8780, addr=0x7f0804c90000, pte=(STRUCT)[0x1c85b025]);
 0)   0.150 us    |                    folio_mark_accessed(folio=0xfffff2a1007216c0);
 0)   0.150 us    |                    arch_check_zapped_pte(vma=0xffff8f30831f8780, pte=(STRUCT)[0x1c85b025]);
 0)   0.149 us    |                    folio_remove_rmap_ptes(folio=0xfffff2a1007216c0, page=0xfffff2a1007216c0, nr_pages=1, vma=0xffff8f30831f8780);
 0)   0.151 us    |                    __tlb_remove_folio_pages(tlb=0xffffd26ac050f938, page=0xfffff2a1007216c0, nr_pages=0x1, delay_rmap=0x0);
 0)   0.300 us    |                    vm_normal_page(vma=0xffff8f30831f8780, addr=0x7f0804c91000, pte=(STRUCT)[0x1c85c025]);
 0)   0.150 us    |                    folio_mark_accessed(folio=0xfffff2a100721700);
 0)   0.151 us    |                    arch_check_zapped_pte(vma=0xffff8f30831f8780, pte=(STRUCT)[0x1c85c025]);
 0)   0.150 us    |                    folio_remove_rmap_ptes(folio=0xfffff2a100721700, page=0xfffff2a100721700, nr_pages=1, vma=0xffff8f30831f8780);
 0)   0.151 us    |                    __tlb_remove_folio_pages(tlb=0xffffd26ac050f938, page=0xfffff2a100721700, nr_pages=0x1, delay_rmap=0x0);
 0)   0.170 us    |                    vm_normal_page(vma=0xffff8f30831f8780, addr=0x7f0804c92000, pte=(STRUCT)[0x1c85d025]);
 0)   0.151 us    |                    folio_mark_accessed(folio=0xfffff2a100721740);
 0)   0.149 us    |                    arch_check_zapped_pte(vma=0xffff8f30831f8780, pte=(STRUCT)[0x1c85d025]);
 0)   0.150 us    |                    folio_remove_rmap_ptes(folio=0xfffff2a100721740, page=0xfffff2a100721740, nr_pages=1, vma=0xffff8f30831f8780);
 0)   0.150 us    |                    __tlb_remove_folio_pages(tlb=0xffffd26ac050f938, page=0xfffff2a100721740, nr_pages=0x1, delay_rmap=0x0);
 0)   0.160 us    |                    vm_normal_page(vma=0xffff8f30831f8780, addr=0x7f0804c93000, pte=(STRUCT)[0x1c85e025]);
 0)   0.150 us    |                    folio_mark_accessed(folio=0xfffff2a100721780);
 0)   0.149 us    |                    arch_check_zapped_pte(vma=0xffff8f30831f8780, pte=(STRUCT)[0x1c85e025]);
 0)   0.151 us    |                    folio_remove_rmap_ptes(folio=0xfffff2a100721780, page=0xfffff2a100721780, nr_pages=1, vma=0xffff8f30831f8780);
 0)   0.150 us    |                    __tlb_remove_folio_pages(tlb=0xffffd26ac050f938, page=0xfffff2a100721780, nr_pages=0x1, delay_rmap=0x0);
 0)   0.160 us    |                    vm_normal_page(vma=0xffff8f30831f8780, addr=0x7f0804c94000, pte=(STRUCT)[0x1c85f025]);
 0)   0.150 us    |                    folio_mark_accessed(folio=0xfffff2a1007217c0);
 0)   0.151 us    |                    arch_check_zapped_pte(vma=0xffff8f30831f8780, pte=(STRUCT)[0x1c85f025]);
 0)   0.160 us    |                    folio_remove_rmap_ptes(folio=0xfffff2a1007217c0, page=0xfffff2a1007217c0, nr_pages=1, vma=0xffff8f30831f8780);
 0)   0.160 us    |                    __tlb_remove_folio_pages(tlb=0xffffd26ac050f938, page=0xfffff2a1007217c0, nr_pages=0x1, delay_rmap=0x0);
 0)   0.160 us    |                    vm_normal_page(vma=0xffff8f30831f8780, addr=0x7f0804c95000, pte=(STRUCT)[0x1c860025]);
 0)   0.150 us    |                    folio_mark_accessed(folio=0xfffff2a100721800);
 0)   0.151 us    |                    arch_check_zapped_pte(vma=0xffff8f30831f8780, pte=(STRUCT)[0x1c860025]);
 0)   0.149 us    |                    folio_remove_rmap_ptes(folio=0xfffff2a100721800, page=0xfffff2a100721800, nr_pages=1, vma=0xffff8f30831f8780);
 0)   0.150 us    |                    __tlb_remove_folio_pages(tlb=0xffffd26ac050f938, page=0xfffff2a100721800, nr_pages=0x1, delay_rmap=0x0);
 0)   0.160 us    |                    vm_normal_page(vma=0xffff8f30831f8780, addr=0x7f0804c96000, pte=(STRUCT)[0x1c861025]);
 0)   0.150 us    |                    folio_mark_accessed(folio=0xfffff2a100721840);
 0)   0.150 us    |                    arch_check_zapped_pte(vma=0xffff8f30831f8780, pte=(STRUCT)[0x1c861025]);
 0)   0.149 us    |                    folio_remove_rmap_ptes(folio=0xfffff2a100721840, page=0xfffff2a100721840, nr_pages=1, vma=0xffff8f30831f8780);
 0)   0.151 us    |                    __tlb_remove_folio_pages(tlb=0xffffd26ac050f938, page=0xfffff2a100721840, nr_pages=0x1, delay_rmap=0x0);
 0)   0.160 us    |                    vm_normal_page(vma=0xffff8f30831f8780, addr=0x7f0804c97000, pte=(STRUCT)[0x1c862025]);
 0)   0.149 us    |                    folio_mark_accessed(folio=0xfffff2a100721880);
 0)   0.151 us    |                    arch_check_zapped_pte(vma=0xffff8f30831f8780, pte=(STRUCT)[0x1c862025]);
 0)   0.150 us    |                    folio_remove_rmap_ptes(folio=0xfffff2a100721880, page=0xfffff2a100721880, nr_pages=1, vma=0xffff8f30831f8780);
 0)   0.151 us    |                    __tlb_remove_folio_pages(tlb=0xffffd26ac050f938, page=0xfffff2a100721880, nr_pages=0x1, delay_rmap=0x0);
 0)   0.170 us    |                    vm_normal_page(vma=0xffff8f30831f8780, addr=0x7f0804c98000, pte=(STRUCT)[0x1c863025]);
 0)   0.151 us    |                    folio_mark_accessed(folio=0xfffff2a1007218c0);
 0)   0.151 us    |                    arch_check_zapped_pte(vma=0xffff8f30831f8780, pte=(STRUCT)[0x1c863025]);
 0)   0.150 us    |                    folio_remove_rmap_ptes(folio=0xfffff2a1007218c0, page=0xfffff2a1007218c0, nr_pages=1, vma=0xffff8f30831f8780);
 0)   0.151 us    |                    __tlb_remove_folio_pages(tlb=0xffffd26ac050f938, page=0xfffff2a1007218c0, nr_pages=0x1, delay_rmap=0x0);
 0)   0.161 us    |                    vm_normal_page(vma=0xffff8f30831f8780, addr=0x7f0804c99000, pte=(STRUCT)[0x1c864025]);
 0)   0.150 us    |                    folio_mark_accessed(folio=0xfffff2a100721900);
 0)   0.151 us    |                    arch_check_zapped_pte(vma=0xffff8f30831f8780, pte=(STRUCT)[0x1c864025]);
 0)   0.161 us    |                    folio_remove_rmap_ptes(folio=0xfffff2a100721900, page=0xfffff2a100721900, nr_pages=1, vma=0xffff8f30831f8780);
 0)   0.161 us    |                    __tlb_remove_folio_pages(tlb=0xffffd26ac050f938, page=0xfffff2a100721900, nr_pages=0x1, delay_rmap=0x0);
 0)   0.160 us    |                    vm_normal_page(vma=0xffff8f30831f8780, addr=0x7f0804c9a000, pte=(STRUCT)[0x1c865025]);
 0)   0.151 us    |                    folio_mark_accessed(folio=0xfffff2a100721940);
 0)   0.150 us    |                    arch_check_zapped_pte(vma=0xffff8f30831f8780, pte=(STRUCT)[0x1c865025]);
 0)   0.151 us    |                    folio_remove_rmap_ptes(folio=0xfffff2a100721940, page=0xfffff2a100721940, nr_pages=1, vma=0xffff8f30831f8780);
 0)   0.150 us    |                    __tlb_remove_folio_pages(tlb=0xffffd26ac050f938, page=0xfffff2a100721940, nr_pages=0x1, delay_rmap=0x0);
 0)   0.161 us    |                    vm_normal_page(vma=0xffff8f30831f8780, addr=0x7f0804c9b000, pte=(STRUCT)[0x1c866025]);
 0)   0.160 us    |                    folio_mark_accessed(folio=0xfffff2a100721980);
 0)   0.160 us    |                    arch_check_zapped_pte(vma=0xffff8f30831f8780, pte=(STRUCT)[0x1c866025]);
 0)   0.160 us    |                    folio_remove_rmap_ptes(folio=0xfffff2a100721980, page=0xfffff2a100721980, nr_pages=1, vma=0xffff8f30831f8780);
 0)   0.151 us    |                    __tlb_remove_folio_pages(tlb=0xffffd26ac050f938, page=0xfffff2a100721980, nr_pages=0x1, delay_rmap=0x0);
 0)   0.160 us    |                    vm_normal_page(vma=0xffff8f30831f8780, addr=0x7f0804c9c000, pte=(STRUCT)[0x1c867025]);
 0)   0.161 us    |                    folio_mark_accessed(folio=0xfffff2a1007219c0);
 0)   0.150 us    |                    arch_check_zapped_pte(vma=0xffff8f30831f8780, pte=(STRUCT)[0x1c867025]);
 0)   0.151 us    |                    folio_remove_rmap_ptes(folio=0xfffff2a1007219c0, page=0xfffff2a1007219c0, nr_pages=1, vma=0xffff8f30831f8780);
 0)   0.150 us    |                    __tlb_remove_folio_pages(tlb=0xffffd26ac050f938, page=0xfffff2a1007219c0, nr_pages=0x1, delay_rmap=0x0);
 0)   0.160 us    |                    vm_normal_page(vma=0xffff8f30831f8780, addr=0x7f0804c9d000, pte=(STRUCT)[0x1c868025]);
 0)   0.151 us    |                    folio_mark_accessed(folio=0xfffff2a100721a00);
 0)   0.161 us    |                    arch_check_zapped_pte(vma=0xffff8f30831f8780, pte=(STRUCT)[0x1c868025]);
 0)   0.501 us    |                    folio_remove_rmap_ptes(folio=0xfffff2a100721a00, page=0xfffff2a100721a00, nr_pages=1, vma=0xffff8f30831f8780);
 0)   0.161 us    |                    __tlb_remove_folio_pages(tlb=0xffffd26ac050f938, page=0xfffff2a100721a00, nr_pages=0x1, delay_rmap=0x0);
 0)   0.160 us    |                    vm_normal_page(vma=0xffff8f30831f8780, addr=0x7f0804c9e000, pte=(STRUCT)[0x1c869025]);
 0)   0.149 us    |                    folio_mark_accessed(folio=0xfffff2a100721a40);
 0)   0.150 us    |                    arch_check_zapped_pte(vma=0xffff8f30831f8780, pte=(STRUCT)[0x1c869025]);
 0)   0.160 us    |                    folio_remove_rmap_ptes(folio=0xfffff2a100721a40, page=0xfffff2a100721a40, nr_pages=1, vma=0xffff8f30831f8780);
 0)   0.150 us    |                    __tlb_remove_folio_pages(tlb=0xffffd26ac050f938, page=0xfffff2a100721a40, nr_pages=0x1, delay_rmap=0x0);
 0)   0.160 us    |                    vm_normal_page(vma=0xffff8f30831f8780, addr=0x7f0804c9f000, pte=(STRUCT)[0x1c86a025]);
 0)   0.160 us    |                    folio_mark_accessed(folio=0xfffff2a100721a80);
 0)   0.170 us    |                    arch_check_zapped_pte(vma=0xffff8f30831f8780, pte=(STRUCT)[0x1c86a025]);
 0)   0.151 us    |                    folio_remove_rmap_ptes(folio=0xfffff2a100721a80, page=0xfffff2a100721a80, nr_pages=1, vma=0xffff8f30831f8780);
 0)   0.149 us    |                    __tlb_remove_folio_pages(tlb=0xffffd26ac050f938, page=0xfffff2a100721a80, nr_pages=0x1, delay_rmap=0x0);
 0)   0.160 us    |                    vm_normal_page(vma=0xffff8f30831f8780, addr=0x7f0804ca0000, pte=(STRUCT)[0x1c86b025]);
 0)   0.150 us    |                    folio_mark_accessed(folio=0xfffff2a100721ac0);
 0)   0.160 us    |                    arch_check_zapped_pte(vma=0xffff8f30831f8780, pte=(STRUCT)[0x1c86b025]);
 0)   0.160 us    |                    folio_remove_rmap_ptes(folio=0xfffff2a100721ac0, page=0xfffff2a100721ac0, nr_pages=1, vma=0xffff8f30831f8780);
 0)   0.161 us    |                    __tlb_remove_folio_pages(tlb=0xffffd26ac050f938, page=0xfffff2a100721ac0, nr_pages=0x1, delay_rmap=0x0);
 0)   0.160 us    |                    vm_normal_page(vma=0xffff8f30831f8780, addr=0x7f0804ca1000, pte=(STRUCT)[0x1c86c025]);
 0)   0.151 us    |                    folio_mark_accessed(folio=0xfffff2a100721b00);
 0)   0.149 us    |                    arch_check_zapped_pte(vma=0xffff8f30831f8780, pte=(STRUCT)[0x1c86c025]);
 0)   0.150 us    |                    folio_remove_rmap_ptes(folio=0xfffff2a100721b00, page=0xfffff2a100721b00, nr_pages=1, vma=0xffff8f30831f8780);
 0)   0.150 us    |                    __tlb_remove_folio_pages(tlb=0xffffd26ac050f938, page=0xfffff2a100721b00, nr_pages=0x1, delay_rmap=0x0);
 0)   0.160 us    |                    vm_normal_page(vma=0xffff8f30831f8780, addr=0x7f0804ca2000, pte=(STRUCT)[0x1c86d025]);
 0)   0.150 us    |                    folio_mark_accessed(folio=0xfffff2a100721b40);
 0)   0.150 us    |                    arch_check_zapped_pte(vma=0xffff8f30831f8780, pte=(STRUCT)[0x1c86d025]);
 0)   0.151 us    |                    folio_remove_rmap_ptes(folio=0xfffff2a100721b40, page=0xfffff2a100721b40, nr_pages=1, vma=0xffff8f30831f8780);
 0)   0.150 us    |                    __tlb_remove_folio_pages(tlb=0xffffd26ac050f938, page=0xfffff2a100721b40, nr_pages=0x1, delay_rmap=0x0);
 0)   0.160 us    |                    vm_normal_page(vma=0xffff8f30831f8780, addr=0x7f0804ca3000, pte=(STRUCT)[0x1c86e025]);
 0)   0.161 us    |                    folio_mark_accessed(folio=0xfffff2a100721b80);
 0)   0.161 us    |                    arch_check_zapped_pte(vma=0xffff8f30831f8780, pte=(STRUCT)[0x1c86e025]);
 0)   0.161 us    |                    folio_remove_rmap_ptes(folio=0xfffff2a100721b80, page=0xfffff2a100721b80, nr_pages=1, vma=0xffff8f30831f8780);
 0)   0.150 us    |                    __tlb_remove_folio_pages(tlb=0xffffd26ac050f938, page=0xfffff2a100721b80, nr_pages=0x1, delay_rmap=0x0);
 0)   0.160 us    |                    vm_normal_page(vma=0xffff8f30831f8780, addr=0x7f0804ca4000, pte=(STRUCT)[0x1c86f025]);
 0)   0.160 us    |                    folio_mark_accessed(folio=0xfffff2a100721bc0);
 0)   0.151 us    |                    arch_check_zapped_pte(vma=0xffff8f30831f8780, pte=(STRUCT)[0x1c86f025]);
 0)   0.150 us    |                    folio_remove_rmap_ptes(folio=0xfffff2a100721bc0, page=0xfffff2a100721bc0, nr_pages=1, vma=0xffff8f30831f8780);
 0)   0.151 us    |                    __tlb_remove_folio_pages(tlb=0xffffd26ac050f938, page=0xfffff2a100721bc0, nr_pages=0x1, delay_rmap=0x0);
 0)   0.160 us    |                    vm_normal_page(vma=0xffff8f30831f8780, addr=0x7f0804ca5000, pte=(STRUCT)[0x1c870025]);
 0)   0.151 us    |                    folio_mark_accessed(folio=0xfffff2a100721c00);
 0)   0.150 us    |                    arch_check_zapped_pte(vma=0xffff8f30831f8780, pte=(STRUCT)[0x1c870025]);
 0)   0.150 us    |                    folio_remove_rmap_ptes(folio=0xfffff2a100721c00, page=0xfffff2a100721c00, nr_pages=1, vma=0xffff8f30831f8780);
 0)   0.149 us    |                    __tlb_remove_folio_pages(tlb=0xffffd26ac050f938, page=0xfffff2a100721c00, nr_pages=0x1, delay_rmap=0x0);
 0)   0.161 us    |                    vm_normal_page(vma=0xffff8f30831f8780, addr=0x7f0804ca6000, pte=(STRUCT)[0x1c871025]);
 0)   0.150 us    |                    folio_mark_accessed(folio=0xfffff2a100721c40);
 0)   0.151 us    |                    arch_check_zapped_pte(vma=0xffff8f30831f8780, pte=(STRUCT)[0x1c871025]);
 0)   0.150 us    |                    folio_remove_rmap_ptes(folio=0xfffff2a100721c40, page=0xfffff2a100721c40, nr_pages=1, vma=0xffff8f30831f8780);
 0)   0.161 us    |                    __tlb_remove_folio_pages(tlb=0xffffd26ac050f938, page=0xfffff2a100721c40, nr_pages=0x1, delay_rmap=0x0);
 0)   0.160 us    |                    vm_normal_page(vma=0xffff8f30831f8780, addr=0x7f0804ca7000, pte=(STRUCT)[0x1c872025]);
 0)   0.150 us    |                    folio_mark_accessed(folio=0xfffff2a100721c80);
 0)   0.149 us    |                    arch_check_zapped_pte(vma=0xffff8f30831f8780, pte=(STRUCT)[0x1c872025]);
 0)   0.151 us    |                    folio_remove_rmap_ptes(folio=0xfffff2a100721c80, page=0xfffff2a100721c80, nr_pages=1, vma=0xffff8f30831f8780);
 0)   0.150 us    |                    __tlb_remove_folio_pages(tlb=0xffffd26ac050f938, page=0xfffff2a100721c80, nr_pages=0x1, delay_rmap=0x0);
 0)   0.160 us    |                    vm_normal_page(vma=0xffff8f30831f8780, addr=0x7f0804ca8000, pte=(STRUCT)[0x1c873025]);
 0)   0.150 us    |                    folio_mark_accessed(folio=0xfffff2a100721cc0);
 0)   0.151 us    |                    arch_check_zapped_pte(vma=0xffff8f30831f8780, pte=(STRUCT)[0x1c873025]);
 0)   0.150 us    |                    folio_remove_rmap_ptes(folio=0xfffff2a100721cc0, page=0xfffff2a100721cc0, nr_pages=1, vma=0xffff8f30831f8780);
 0)   0.150 us    |                    __tlb_remove_folio_pages(tlb=0xffffd26ac050f938, page=0xfffff2a100721cc0, nr_pages=0x1, delay_rmap=0x0);
 0)   0.160 us    |                    vm_normal_page(vma=0xffff8f30831f8780, addr=0x7f0804ca9000, pte=(STRUCT)[0x1c874025]);
 0)   0.160 us    |                    folio_mark_accessed(folio=0xfffff2a100721d00);
 0)   0.150 us    |                    arch_check_zapped_pte(vma=0xffff8f30831f8780, pte=(STRUCT)[0x1c874025]);
 0)   0.149 us    |                    folio_remove_rmap_ptes(folio=0xfffff2a100721d00, page=0xfffff2a100721d00, nr_pages=1, vma=0xffff8f30831f8780);
 0)   0.150 us    |                    __tlb_remove_folio_pages(tlb=0xffffd26ac050f938, page=0xfffff2a100721d00, nr_pages=0x1, delay_rmap=0x0);
 0)   0.170 us    |                    vm_normal_page(vma=0xffff8f30831f8780, addr=0x7f0804caa000, pte=(STRUCT)[0x1c875025]);
 0)   0.220 us    |                    folio_mark_accessed(folio=0xfffff2a100721d40);
 0)   0.161 us    |                    arch_check_zapped_pte(vma=0xffff8f30831f8780, pte=(STRUCT)[0x1c875025]);
 0)   0.161 us    |                    folio_remove_rmap_ptes(folio=0xfffff2a100721d40, page=0xfffff2a100721d40, nr_pages=1, vma=0xffff8f30831f8780);
 0)   0.160 us    |                    __tlb_remove_folio_pages(tlb=0xffffd26ac050f938, page=0xfffff2a100721d40, nr_pages=0x1, delay_rmap=0x0);
 0)   0.160 us    |                    vm_normal_page(vma=0xffff8f30831f8780, addr=0x7f0804cab000, pte=(STRUCT)[0x1c876025]);
 0)   0.161 us    |                    folio_mark_accessed(folio=0xfffff2a100721d80);
 0)   0.151 us    |                    arch_check_zapped_pte(vma=0xffff8f30831f8780, pte=(STRUCT)[0x1c876025]);
 0)   0.150 us    |                    folio_remove_rmap_ptes(folio=0xfffff2a100721d80, page=0xfffff2a100721d80, nr_pages=1, vma=0xffff8f30831f8780);
 0)   0.151 us    |                    __tlb_remove_folio_pages(tlb=0xffffd26ac050f938, page=0xfffff2a100721d80, nr_pages=0x1, delay_rmap=0x0);
 0)   0.161 us    |                    vm_normal_page(vma=0xffff8f30831f8780, addr=0x7f0804cac000, pte=(STRUCT)[0x1c877025]);
 0)   0.160 us    |                    folio_mark_accessed(folio=0xfffff2a100721dc0);
 0)   0.160 us    |                    arch_check_zapped_pte(vma=0xffff8f30831f8780, pte=(STRUCT)[0x1c877025]);
 0)   0.160 us    |                    folio_remove_rmap_ptes(folio=0xfffff2a100721dc0, page=0xfffff2a100721dc0, nr_pages=1, vma=0xffff8f30831f8780);
 0)   0.161 us    |                    __tlb_remove_folio_pages(tlb=0xffffd26ac050f938, page=0xfffff2a100721dc0, nr_pages=0x1, delay_rmap=0x0);
 0)   0.160 us    |                    vm_normal_page(vma=0xffff8f30831f8780, addr=0x7f0804cad000, pte=(STRUCT)[0x1c878025]);
 0)   0.150 us    |                    folio_mark_accessed(folio=0xfffff2a100721e00);
 0)   0.150 us    |                    arch_check_zapped_pte(vma=0xffff8f30831f8780, pte=(STRUCT)[0x1c878025]);
 0)   0.151 us    |                    folio_remove_rmap_ptes(folio=0xfffff2a100721e00, page=0xfffff2a100721e00, nr_pages=1, vma=0xffff8f30831f8780);
 0)   0.150 us    |                    __tlb_remove_folio_pages(tlb=0xffffd26ac050f938, page=0xfffff2a100721e00, nr_pages=0x1, delay_rmap=0x0);
 0)   0.160 us    |                    vm_normal_page(vma=0xffff8f30831f8780, addr=0x7f0804cae000, pte=(STRUCT)[0x1c879025]);
 0)   0.150 us    |                    folio_mark_accessed(folio=0xfffff2a100721e40);
 0)   0.151 us    |                    arch_check_zapped_pte(vma=0xffff8f30831f8780, pte=(STRUCT)[0x1c879025]);
 0)   0.150 us    |                    folio_remove_rmap_ptes(folio=0xfffff2a100721e40, page=0xfffff2a100721e40, nr_pages=1, vma=0xffff8f30831f8780);
 0)   0.150 us    |                    __tlb_remove_folio_pages(tlb=0xffffd26ac050f938, page=0xfffff2a100721e40, nr_pages=0x1, delay_rmap=0x0);
 0)   0.160 us    |                    vm_normal_page(vma=0xffff8f30831f8780, addr=0x7f0804caf000, pte=(STRUCT)[0x1c87a025]);
 0)   0.161 us    |                    folio_mark_accessed(folio=0xfffff2a100721e80);
 0)   0.150 us    |                    arch_check_zapped_pte(vma=0xffff8f30831f8780, pte=(STRUCT)[0x1c87a025]);
 0)   0.151 us    |                    folio_remove_rmap_ptes(folio=0xfffff2a100721e80, page=0xfffff2a100721e80, nr_pages=1, vma=0xffff8f30831f8780);
 0)   0.150 us    |                    __tlb_remove_folio_pages(tlb=0xffffd26ac050f938, page=0xfffff2a100721e80, nr_pages=0x1, delay_rmap=0x0);
 0)   0.160 us    |                    vm_normal_page(vma=0xffff8f30831f8780, addr=0x7f0804ce0000, pte=(STRUCT)[0x3ec6b025]);
 0)   0.149 us    |                    folio_mark_accessed(folio=0xfffff2a100fb1ac0);
 0)   0.150 us    |                    arch_check_zapped_pte(vma=0xffff8f30831f8780, pte=(STRUCT)[0x3ec6b025]);
 0)   0.150 us    |                    folio_remove_rmap_ptes(folio=0xfffff2a100fb1ac0, page=0xfffff2a100fb1ac0, nr_pages=1, vma=0xffff8f30831f8780);
 0)   0.151 us    |                    __tlb_remove_folio_pages(tlb=0xffffd26ac050f938, page=0xfffff2a100fb1ac0, nr_pages=0x1, delay_rmap=0x0);
 0)   0.160 us    |                    vm_normal_page(vma=0xffff8f30831f8780, addr=0x7f0804ce1000, pte=(STRUCT)[0x3ec6c025]);
 0)   0.151 us    |                    folio_mark_accessed(folio=0xfffff2a100fb1b00);
 0)   0.150 us    |                    arch_check_zapped_pte(vma=0xffff8f30831f8780, pte=(STRUCT)[0x3ec6c025]);
 0)   0.150 us    |                    folio_remove_rmap_ptes(folio=0xfffff2a100fb1b00, page=0xfffff2a100fb1b00, nr_pages=1, vma=0xffff8f30831f8780);
 0)   0.149 us    |                    __tlb_remove_folio_pages(tlb=0xffffd26ac050f938, page=0xfffff2a100fb1b00, nr_pages=0x1, delay_rmap=0x0);
 0)   0.161 us    |                    vm_normal_page(vma=0xffff8f30831f8780, addr=0x7f0804ce2000, pte=(STRUCT)[0x3ec6d025]);
 0)   0.160 us    |                    folio_mark_accessed(folio=0xfffff2a100fb1b40);
 0)   0.149 us    |                    arch_check_zapped_pte(vma=0xffff8f30831f8780, pte=(STRUCT)[0x3ec6d025]);
 0)   0.150 us    |                    folio_remove_rmap_ptes(folio=0xfffff2a100fb1b40, page=0xfffff2a100fb1b40, nr_pages=1, vma=0xffff8f30831f8780);
 0)   0.150 us    |                    __tlb_remove_folio_pages(tlb=0xffffd26ac050f938, page=0xfffff2a100fb1b40, nr_pages=0x1, delay_rmap=0x0);
 0)   0.160 us    |                    vm_normal_page(vma=0xffff8f30831f8780, addr=0x7f0804ce3000, pte=(STRUCT)[0x3ec6e025]);
 0)   0.160 us    |                    folio_mark_accessed(folio=0xfffff2a100fb1b80);
 0)   0.151 us    |                    arch_check_zapped_pte(vma=0xffff8f30831f8780, pte=(STRUCT)[0x3ec6e025]);
 0)   0.150 us    |                    folio_remove_rmap_ptes(folio=0xfffff2a100fb1b80, page=0xfffff2a100fb1b80, nr_pages=1, vma=0xffff8f30831f8780);
 0)   0.151 us    |                    __tlb_remove_folio_pages(tlb=0xffffd26ac050f938, page=0xfffff2a100fb1b80, nr_pages=0x1, delay_rmap=0x0);
 0)   0.160 us    |                    vm_normal_page(vma=0xffff8f30831f8780, addr=0x7f0804ce4000, pte=(STRUCT)[0x3ec6f025]);
 0)   0.150 us    |                    folio_mark_accessed(folio=0xfffff2a100fb1bc0);
 0)   0.161 us    |                    arch_check_zapped_pte(vma=0xffff8f30831f8780, pte=(STRUCT)[0x3ec6f025]);
 0)   0.161 us    |                    folio_remove_rmap_ptes(folio=0xfffff2a100fb1bc0, page=0xfffff2a100fb1bc0, nr_pages=1, vma=0xffff8f30831f8780);
 0)   0.160 us    |                    __tlb_remove_folio_pages(tlb=0xffffd26ac050f938, page=0xfffff2a100fb1bc0, nr_pages=0x1, delay_rmap=0x0);
 0)   0.161 us    |                    vm_normal_page(vma=0xffff8f30831f8780, addr=0x7f0804ce5000, pte=(STRUCT)[0x3ec70025]);
 0)   0.151 us    |                    folio_mark_accessed(folio=0xfffff2a100fb1c00);
 0)   0.150 us    |                    arch_check_zapped_pte(vma=0xffff8f30831f8780, pte=(STRUCT)[0x3ec70025]);
 0)   0.151 us    |                    folio_remove_rmap_ptes(folio=0xfffff2a100fb1c00, page=0xfffff2a100fb1c00, nr_pages=1, vma=0xffff8f30831f8780);
 0)   0.150 us    |                    __tlb_remove_folio_pages(tlb=0xffffd26ac050f938, page=0xfffff2a100fb1c00, nr_pages=0x1, delay_rmap=0x0);
 0)   0.171 us    |                    vm_normal_page(vma=0xffff8f30831f8780, addr=0x7f0804ce6000, pte=(STRUCT)[0x3ec71025]);
 0)   0.149 us    |                    folio_mark_accessed(folio=0xfffff2a100fb1c40);
 0)   0.150 us    |                    arch_check_zapped_pte(vma=0xffff8f30831f8780, pte=(STRUCT)[0x3ec71025]);
 0)   0.150 us    |                    folio_remove_rmap_ptes(folio=0xfffff2a100fb1c40, page=0xfffff2a100fb1c40, nr_pages=1, vma=0xffff8f30831f8780);
 0)   0.300 us    |                    __tlb_remove_folio_pages(tlb=0xffffd26ac050f938, page=0xfffff2a100fb1c40, nr_pages=0x1, delay_rmap=0x0);
 0)   0.160 us    |                    vm_normal_page(vma=0xffff8f30831f8780, addr=0x7f0804ce7000, pte=(STRUCT)[0x3ec72025]);
 0)   0.151 us    |                    folio_mark_accessed(folio=0xfffff2a100fb1c80);
 0)   0.149 us    |                    arch_check_zapped_pte(vma=0xffff8f30831f8780, pte=(STRUCT)[0x3ec72025]);
 0)   0.150 us    |                    folio_remove_rmap_ptes(folio=0xfffff2a100fb1c80, page=0xfffff2a100fb1c80, nr_pages=1, vma=0xffff8f30831f8780);
 0)   0.160 us    |                    __tlb_remove_folio_pages(tlb=0xffffd26ac050f938, page=0xfffff2a100fb1c80, nr_pages=0x1, delay_rmap=0x0);
 0)   0.161 us    |                    vm_normal_page(vma=0xffff8f30831f8780, addr=0x7f0804ce8000, pte=(STRUCT)[0x3ec73025]);
 0)   0.150 us    |                    folio_mark_accessed(folio=0xfffff2a100fb1cc0);
 0)   0.151 us    |                    arch_check_zapped_pte(vma=0xffff8f30831f8780, pte=(STRUCT)[0x3ec73025]);
 0)   0.150 us    |                    folio_remove_rmap_ptes(folio=0xfffff2a100fb1cc0, page=0xfffff2a100fb1cc0, nr_pages=1, vma=0xffff8f30831f8780);
 0)   0.151 us    |                    __tlb_remove_folio_pages(tlb=0xffffd26ac050f938, page=0xfffff2a100fb1cc0, nr_pages=0x1, delay_rmap=0x0);
 0)   0.160 us    |                    vm_normal_page(vma=0xffff8f30831f8780, addr=0x7f0804ce9000, pte=(STRUCT)[0x3ec74025]);
 0)   0.160 us    |                    folio_mark_accessed(folio=0xfffff2a100fb1d00);
 0)   0.161 us    |                    arch_check_zapped_pte(vma=0xffff8f30831f8780, pte=(STRUCT)[0x3ec74025]);
 0)   0.161 us    |                    folio_remove_rmap_ptes(folio=0xfffff2a100fb1d00, page=0xfffff2a100fb1d00, nr_pages=1, vma=0xffff8f30831f8780);
 0)   0.160 us    |                    __tlb_remove_folio_pages(tlb=0xffffd26ac050f938, page=0xfffff2a100fb1d00, nr_pages=0x1, delay_rmap=0x0);
 0)   0.160 us    |                    vm_normal_page(vma=0xffff8f30831f8780, addr=0x7f0804cea000, pte=(STRUCT)[0x3ec75025]);
 0)   0.151 us    |                    folio_mark_accessed(folio=0xfffff2a100fb1d40);
 0)   0.150 us    |                    arch_check_zapped_pte(vma=0xffff8f30831f8780, pte=(STRUCT)[0x3ec75025]);
 0)   0.151 us    |                    folio_remove_rmap_ptes(folio=0xfffff2a100fb1d40, page=0xfffff2a100fb1d40, nr_pages=1, vma=0xffff8f30831f8780);
 0)   0.150 us    |                    __tlb_remove_folio_pages(tlb=0xffffd26ac050f938, page=0xfffff2a100fb1d40, nr_pages=0x1, delay_rmap=0x0);
 0)   0.161 us    |                    vm_normal_page(vma=0xffff8f30831f8780, addr=0x7f0804ceb000, pte=(STRUCT)[0x3ec76025]);
 0)   0.151 us    |                    folio_mark_accessed(folio=0xfffff2a100fb1d80);
 0)   0.150 us    |                    arch_check_zapped_pte(vma=0xffff8f30831f8780, pte=(STRUCT)[0x3ec76025]);
 0)   0.151 us    |                    folio_remove_rmap_ptes(folio=0xfffff2a100fb1d80, page=0xfffff2a100fb1d80, nr_pages=1, vma=0xffff8f30831f8780);
 0)   0.150 us    |                    __tlb_remove_folio_pages(tlb=0xffffd26ac050f938, page=0xfffff2a100fb1d80, nr_pages=0x1, delay_rmap=0x0);
 0)   0.161 us    |                    vm_normal_page(vma=0xffff8f30831f8780, addr=0x7f0804cec000, pte=(STRUCT)[0x3ec77025]);
 0)   0.151 us    |                    folio_mark_accessed(folio=0xfffff2a100fb1dc0);
 0)   0.150 us    |                    arch_check_zapped_pte(vma=0xffff8f30831f8780, pte=(STRUCT)[0x3ec77025]);
 0)   0.151 us    |                    folio_remove_rmap_ptes(folio=0xfffff2a100fb1dc0, page=0xfffff2a100fb1dc0, nr_pages=1, vma=0xffff8f30831f8780);
 0)   0.150 us    |                    __tlb_remove_folio_pages(tlb=0xffffd26ac050f938, page=0xfffff2a100fb1dc0, nr_pages=0x1, delay_rmap=0x0);
 0)   0.160 us    |                    vm_normal_page(vma=0xffff8f30831f8780, addr=0x7f0804ced000, pte=(STRUCT)[0x3ec78025]);
 0)   0.161 us    |                    folio_mark_accessed(folio=0xfffff2a100fb1e00);
 0)   0.151 us    |                    arch_check_zapped_pte(vma=0xffff8f30831f8780, pte=(STRUCT)[0x3ec78025]);
 0)   0.150 us    |                    folio_remove_rmap_ptes(folio=0xfffff2a100fb1e00, page=0xfffff2a100fb1e00, nr_pages=1, vma=0xffff8f30831f8780);
 0)   0.151 us    |                    __tlb_remove_folio_pages(tlb=0xffffd26ac050f938, page=0xfffff2a100fb1e00, nr_pages=0x1, delay_rmap=0x0);
 0)   0.161 us    |                    vm_normal_page(vma=0xffff8f30831f8780, addr=0x7f0804cee000, pte=(STRUCT)[0x3ec79025]);
 0)   0.151 us    |                    folio_mark_accessed(folio=0xfffff2a100fb1e40);
 0)   0.149 us    |                    arch_check_zapped_pte(vma=0xffff8f30831f8780, pte=(STRUCT)[0x3ec79025]);
 0)   0.150 us    |                    folio_remove_rmap_ptes(folio=0xfffff2a100fb1e40, page=0xfffff2a100fb1e40, nr_pages=1, vma=0xffff8f30831f8780);
 0)   0.150 us    |                    __tlb_remove_folio_pages(tlb=0xffffd26ac050f938, page=0xfffff2a100fb1e40, nr_pages=0x1, delay_rmap=0x0);
 0)   0.171 us    |                    vm_normal_page(vma=0xffff8f30831f8780, addr=0x7f0804cef000, pte=(STRUCT)[0x3ec7a025]);
 0)   0.150 us    |                    folio_mark_accessed(folio=0xfffff2a100fb1e80);
 0)   0.151 us    |                    arch_check_zapped_pte(vma=0xffff8f30831f8780, pte=(STRUCT)[0x3ec7a025]);
 0)   0.150 us    |                    folio_remove_rmap_ptes(folio=0xfffff2a100fb1e80, page=0xfffff2a100fb1e80, nr_pages=1, vma=0xffff8f30831f8780);
 0)   0.151 us    |                    __tlb_remove_folio_pages(tlb=0xffffd26ac050f938, page=0xfffff2a100fb1e80, nr_pages=0x1, delay_rmap=0x0);
 0)   0.160 us    |                    vm_normal_page(vma=0xffff8f30831f8780, addr=0x7f0804cf0000, pte=(STRUCT)[0x3ec7b025]);
 0)   0.150 us    |                    folio_mark_accessed(folio=0xfffff2a100fb1ec0);
 0)   0.150 us    |                    arch_check_zapped_pte(vma=0xffff8f30831f8780, pte=(STRUCT)[0x3ec7b025]);
 0)   0.151 us    |                    folio_remove_rmap_ptes(folio=0xfffff2a100fb1ec0, page=0xfffff2a100fb1ec0, nr_pages=1, vma=0xffff8f30831f8780);
 0)   0.150 us    |                    __tlb_remove_folio_pages(tlb=0xffffd26ac050f938, page=0xfffff2a100fb1ec0, nr_pages=0x1, delay_rmap=0x0);
 0)   0.161 us    |                    vm_normal_page(vma=0xffff8f30831f8780, addr=0x7f0804cf1000, pte=(STRUCT)[0x3ec7c025]);
 0)   0.160 us    |                    folio_mark_accessed(folio=0xfffff2a100fb1f00);
 0)   0.151 us    |                    arch_check_zapped_pte(vma=0xffff8f30831f8780, pte=(STRUCT)[0x3ec7c025]);
 0)   0.149 us    |                    folio_remove_rmap_ptes(folio=0xfffff2a100fb1f00, page=0xfffff2a100fb1f00, nr_pages=1, vma=0xffff8f30831f8780);
 0)   0.150 us    |                    __tlb_remove_folio_pages(tlb=0xffffd26ac050f938, page=0xfffff2a100fb1f00, nr_pages=0x1, delay_rmap=0x0);
 0)   0.160 us    |                    vm_normal_page(vma=0xffff8f30831f8780, addr=0x7f0804cf2000, pte=(STRUCT)[0x3ec7d025]);
 0)   0.161 us    |                    folio_mark_accessed(folio=0xfffff2a100fb1f40);
 0)   0.160 us    |                    arch_check_zapped_pte(vma=0xffff8f30831f8780, pte=(STRUCT)[0x3ec7d025]);
 0)   0.160 us    |                    folio_remove_rmap_ptes(folio=0xfffff2a100fb1f40, page=0xfffff2a100fb1f40, nr_pages=1, vma=0xffff8f30831f8780);
 0)   0.160 us    |                    __tlb_remove_folio_pages(tlb=0xffffd26ac050f938, page=0xfffff2a100fb1f40, nr_pages=0x1, delay_rmap=0x0);
 0)   0.161 us    |                    vm_normal_page(vma=0xffff8f30831f8780, addr=0x7f0804cf3000, pte=(STRUCT)[0x3ec7e025]);
 0)   0.151 us    |                    folio_mark_accessed(folio=0xfffff2a100fb1f80);
 0)   0.350 us    |                    arch_check_zapped_pte(vma=0xffff8f30831f8780, pte=(STRUCT)[0x3ec7e025]);
 0)   0.160 us    |                    folio_remove_rmap_ptes(folio=0xfffff2a100fb1f80, page=0xfffff2a100fb1f80, nr_pages=1, vma=0xffff8f30831f8780);
 0)   0.161 us    |                    __tlb_remove_folio_pages(tlb=0xffffd26ac050f938, page=0xfffff2a100fb1f80, nr_pages=0x1, delay_rmap=0x0);
 0)   0.160 us    |                    vm_normal_page(vma=0xffff8f30831f8780, addr=0x7f0804cf4000, pte=(STRUCT)[0x3ec7f025]);
 0)   0.160 us    |                    folio_mark_accessed(folio=0xfffff2a100fb1fc0);
 0)   0.151 us    |                    arch_check_zapped_pte(vma=0xffff8f30831f8780, pte=(STRUCT)[0x3ec7f025]);
 0)   0.150 us    |                    folio_remove_rmap_ptes(folio=0xfffff2a100fb1fc0, page=0xfffff2a100fb1fc0, nr_pages=1, vma=0xffff8f30831f8780);
 0)   0.151 us    |                    __tlb_remove_folio_pages(tlb=0xffffd26ac050f938, page=0xfffff2a100fb1fc0, nr_pages=0x1, delay_rmap=0x0);
 0)   0.160 us    |                    vm_normal_page(vma=0xffff8f30831f8780, addr=0x7f0804cf5000, pte=(STRUCT)[0x3ecc0025]);
 0)   0.150 us    |                    folio_mark_accessed(folio=0xfffff2a100fb3000);
 0)   0.151 us    |                    arch_check_zapped_pte(vma=0xffff8f30831f8780, pte=(STRUCT)[0x3ecc0025]);
 0)   0.149 us    |                    folio_remove_rmap_ptes(folio=0xfffff2a100fb3000, page=0xfffff2a100fb3000, nr_pages=1, vma=0xffff8f30831f8780);
 0)   0.150 us    |                    __tlb_remove_folio_pages(tlb=0xffffd26ac050f938, page=0xfffff2a100fb3000, nr_pages=0x1, delay_rmap=0x0);
 0)   0.160 us    |                    vm_normal_page(vma=0xffff8f30831f8780, addr=0x7f0804cf6000, pte=(STRUCT)[0x3ecc1025]);
 0)   0.161 us    |                    folio_mark_accessed(folio=0xfffff2a100fb3040);
 0)   0.150 us    |                    arch_check_zapped_pte(vma=0xffff8f30831f8780, pte=(STRUCT)[0x3ecc1025]);
 0)   0.160 us    |                    folio_remove_rmap_ptes(folio=0xfffff2a100fb3040, page=0xfffff2a100fb3040, nr_pages=1, vma=0xffff8f30831f8780);
 0)   0.160 us    |                    __tlb_remove_folio_pages(tlb=0xffffd26ac050f938, page=0xfffff2a100fb3040, nr_pages=0x1, delay_rmap=0x0);
 0)   0.161 us    |                    vm_normal_page(vma=0xffff8f30831f8780, addr=0x7f0804cf7000, pte=(STRUCT)[0x3ecc2025]);
 0)   0.160 us    |                    folio_mark_accessed(folio=0xfffff2a100fb3080);
 0)   0.150 us    |                    arch_check_zapped_pte(vma=0xffff8f30831f8780, pte=(STRUCT)[0x3ecc2025]);
 0)   0.150 us    |                    folio_remove_rmap_ptes(folio=0xfffff2a100fb3080, page=0xfffff2a100fb3080, nr_pages=1, vma=0xffff8f30831f8780);
 0)   0.151 us    |                    __tlb_remove_folio_pages(tlb=0xffffd26ac050f938, page=0xfffff2a100fb3080, nr_pages=0x1, delay_rmap=0x0);
 0)   0.160 us    |                    vm_normal_page(vma=0xffff8f30831f8780, addr=0x7f0804cf8000, pte=(STRUCT)[0x3ecc3025]);
 0)   0.149 us    |                    folio_mark_accessed(folio=0xfffff2a100fb30c0);
 0)   0.151 us    |                    arch_check_zapped_pte(vma=0xffff8f30831f8780, pte=(STRUCT)[0x3ecc3025]);
 0)   0.150 us    |                    folio_remove_rmap_ptes(folio=0xfffff2a100fb30c0, page=0xfffff2a100fb30c0, nr_pages=1, vma=0xffff8f30831f8780);
 0)   0.151 us    |                    __tlb_remove_folio_pages(tlb=0xffffd26ac050f938, page=0xfffff2a100fb30c0, nr_pages=0x1, delay_rmap=0x0);
 0)   0.160 us    |                    vm_normal_page(vma=0xffff8f30831f8780, addr=0x7f0804cf9000, pte=(STRUCT)[0x3ecc4025]);
 0)   0.160 us    |                    folio_mark_accessed(folio=0xfffff2a100fb3100);
 0)   0.160 us    |                    arch_check_zapped_pte(vma=0xffff8f30831f8780, pte=(STRUCT)[0x3ecc4025]);
 0)   0.160 us    |                    folio_remove_rmap_ptes(folio=0xfffff2a100fb3100, page=0xfffff2a100fb3100, nr_pages=1, vma=0xffff8f30831f8780);
 0)   0.150 us    |                    __tlb_remove_folio_pages(tlb=0xffffd26ac050f938, page=0xfffff2a100fb3100, nr_pages=0x1, delay_rmap=0x0);
 0)   0.160 us    |                    vm_normal_page(vma=0xffff8f30831f8780, addr=0x7f0804cfa000, pte=(STRUCT)[0x3ecc5025]);
 0)   0.150 us    |                    folio_mark_accessed(folio=0xfffff2a100fb3140);
 0)   0.151 us    |                    arch_check_zapped_pte(vma=0xffff8f30831f8780, pte=(STRUCT)[0x3ecc5025]);
 0)   0.150 us    |                    folio_remove_rmap_ptes(folio=0xfffff2a100fb3140, page=0xfffff2a100fb3140, nr_pages=1, vma=0xffff8f30831f8780);
 0)   0.150 us    |                    __tlb_remove_folio_pages(tlb=0xffffd26ac050f938, page=0xfffff2a100fb3140, nr_pages=0x1, delay_rmap=0x0);
 0)   0.160 us    |                    vm_normal_page(vma=0xffff8f30831f8780, addr=0x7f0804cfb000, pte=(STRUCT)[0x3ecc6025]);
 0)   0.151 us    |                    folio_mark_accessed(folio=0xfffff2a100fb3180);
 0)   0.150 us    |                    arch_check_zapped_pte(vma=0xffff8f30831f8780, pte=(STRUCT)[0x3ecc6025]);
 0)   0.151 us    |                    folio_remove_rmap_ptes(folio=0xfffff2a100fb3180, page=0xfffff2a100fb3180, nr_pages=1, vma=0xffff8f30831f8780);
 0)   0.150 us    |                    __tlb_remove_folio_pages(tlb=0xffffd26ac050f938, page=0xfffff2a100fb3180, nr_pages=0x1, delay_rmap=0x0);
 0)   0.161 us    |                    vm_normal_page(vma=0xffff8f30831f8780, addr=0x7f0804cfc000, pte=(STRUCT)[0x3ecc7025]);
 0)   0.160 us    |                    folio_mark_accessed(folio=0xfffff2a100fb31c0);
 0)   0.150 us    |                    arch_check_zapped_pte(vma=0xffff8f30831f8780, pte=(STRUCT)[0x3ecc7025]);
 0)   0.161 us    |                    folio_remove_rmap_ptes(folio=0xfffff2a100fb31c0, page=0xfffff2a100fb31c0, nr_pages=1, vma=0xffff8f30831f8780);
 0)   0.151 us    |                    __tlb_remove_folio_pages(tlb=0xffffd26ac050f938, page=0xfffff2a100fb31c0, nr_pages=0x1, delay_rmap=0x0);
 0)   0.160 us    |                    vm_normal_page(vma=0xffff8f30831f8780, addr=0x7f0804cfd000, pte=(STRUCT)[0x3ecc8025]);
 0)   0.160 us    |                    folio_mark_accessed(folio=0xfffff2a100fb3200);
 0)   0.150 us    |                    arch_check_zapped_pte(vma=0xffff8f30831f8780, pte=(STRUCT)[0x3ecc8025]);
 0)   0.151 us    |                    folio_remove_rmap_ptes(folio=0xfffff2a100fb3200, page=0xfffff2a100fb3200, nr_pages=1, vma=0xffff8f30831f8780);
 0)   0.150 us    |                    __tlb_remove_folio_pages(tlb=0xffffd26ac050f938, page=0xfffff2a100fb3200, nr_pages=0x1, delay_rmap=0x0);
 0)   0.160 us    |                    vm_normal_page(vma=0xffff8f30831f8780, addr=0x7f0804cfe000, pte=(STRUCT)[0x3ecc9025]);
 0)   0.151 us    |                    folio_mark_accessed(folio=0xfffff2a100fb3240);
 0)   0.150 us    |                    arch_check_zapped_pte(vma=0xffff8f30831f8780, pte=(STRUCT)[0x3ecc9025]);
 0)   0.150 us    |                    folio_remove_rmap_ptes(folio=0xfffff2a100fb3240, page=0xfffff2a100fb3240, nr_pages=1, vma=0xffff8f30831f8780);
 0)   0.149 us    |                    __tlb_remove_folio_pages(tlb=0xffffd26ac050f938, page=0xfffff2a100fb3240, nr_pages=0x1, delay_rmap=0x0);
 0)   0.160 us    |                    vm_normal_page(vma=0xffff8f30831f8780, addr=0x7f0804cff000, pte=(STRUCT)[0x3ecca025]);
 0)   0.151 us    |                    folio_mark_accessed(folio=0xfffff2a100fb3280);
 0)   0.151 us    |                    arch_check_zapped_pte(vma=0xffff8f30831f8780, pte=(STRUCT)[0x3ecca025]);
 0)   0.150 us    |                    folio_remove_rmap_ptes(folio=0xfffff2a100fb3280, page=0xfffff2a100fb3280, nr_pages=1, vma=0xffff8f30831f8780);
 0)   0.151 us    |                    __tlb_remove_folio_pages(tlb=0xffffd26ac050f938, page=0xfffff2a100fb3280, nr_pages=0x1, delay_rmap=0x0);
 0)   0.581 us    |                    vm_normal_page(vma=0xffff8f30831f8780, addr=0x7f0804d10000, pte=(STRUCT)[0x3ecdb025]);
 0)   0.151 us    |                    folio_mark_accessed(folio=0xfffff2a100fb36c0);
 0)   0.149 us    |                    arch_check_zapped_pte(vma=0xffff8f30831f8780, pte=(STRUCT)[0x3ecdb025]);
 0)   0.150 us    |                    folio_remove_rmap_ptes(folio=0xfffff2a100fb36c0, page=0xfffff2a100fb36c0, nr_pages=1, vma=0xffff8f30831f8780);
 0)   0.150 us    |                    __tlb_remove_folio_pages(tlb=0xffffd26ac050f938, page=0xfffff2a100fb36c0, nr_pages=0x1, delay_rmap=0x0);
 0)   0.160 us    |                    vm_normal_page(vma=0xffff8f30831f8780, addr=0x7f0804d11000, pte=(STRUCT)[0x3ecdc025]);
 0)   0.150 us    |                    folio_mark_accessed(folio=0xfffff2a100fb3700);
 0)   0.151 us    |                    arch_check_zapped_pte(vma=0xffff8f30831f8780, pte=(STRUCT)[0x3ecdc025]);
 0)   0.150 us    |                    folio_remove_rmap_ptes(folio=0xfffff2a100fb3700, page=0xfffff2a100fb3700, nr_pages=1, vma=0xffff8f30831f8780);
 0)   0.151 us    |                    __tlb_remove_folio_pages(tlb=0xffffd26ac050f938, page=0xfffff2a100fb3700, nr_pages=0x1, delay_rmap=0x0);
 0)   0.160 us    |                    vm_normal_page(vma=0xffff8f30831f8780, addr=0x7f0804d12000, pte=(STRUCT)[0x3ecdd025]);
 0)   0.150 us    |                    folio_mark_accessed(folio=0xfffff2a100fb3740);
 0)   0.150 us    |                    arch_check_zapped_pte(vma=0xffff8f30831f8780, pte=(STRUCT)[0x3ecdd025]);
 0)   0.151 us    |                    folio_remove_rmap_ptes(folio=0xfffff2a100fb3740, page=0xfffff2a100fb3740, nr_pages=1, vma=0xffff8f30831f8780);
 0)   0.150 us    |                    __tlb_remove_folio_pages(tlb=0xffffd26ac050f938, page=0xfffff2a100fb3740, nr_pages=0x1, delay_rmap=0x0);
 0)   0.160 us    |                    vm_normal_page(vma=0xffff8f30831f8780, addr=0x7f0804d13000, pte=(STRUCT)[0x3ecde025]);
 0)   0.160 us    |                    folio_mark_accessed(folio=0xfffff2a100fb3780);
 0)   0.151 us    |                    arch_check_zapped_pte(vma=0xffff8f30831f8780, pte=(STRUCT)[0x3ecde025]);
 0)   0.160 us    |                    folio_remove_rmap_ptes(folio=0xfffff2a100fb3780, page=0xfffff2a100fb3780, nr_pages=1, vma=0xffff8f30831f8780);
 0)   0.160 us    |                    __tlb_remove_folio_pages(tlb=0xffffd26ac050f938, page=0xfffff2a100fb3780, nr_pages=0x1, delay_rmap=0x0);
 0)   0.160 us    |                    vm_normal_page(vma=0xffff8f30831f8780, addr=0x7f0804d14000, pte=(STRUCT)[0x3ecdf025]);
 0)   0.150 us    |                    folio_mark_accessed(folio=0xfffff2a100fb37c0);
 0)   0.150 us    |                    arch_check_zapped_pte(vma=0xffff8f30831f8780, pte=(STRUCT)[0x3ecdf025]);
 0)   0.149 us    |                    folio_remove_rmap_ptes(folio=0xfffff2a100fb37c0, page=0xfffff2a100fb37c0, nr_pages=1, vma=0xffff8f30831f8780);
 0)   0.151 us    |                    __tlb_remove_folio_pages(tlb=0xffffd26ac050f938, page=0xfffff2a100fb37c0, nr_pages=0x1, delay_rmap=0x0);
 0)   0.160 us    |                    vm_normal_page(vma=0xffff8f30831f8780, addr=0x7f0804d15000, pte=(STRUCT)[0x3ece0025]);
 0)   0.160 us    |                    folio_mark_accessed(folio=0xfffff2a100fb3800);
 0)   0.160 us    |                    arch_check_zapped_pte(vma=0xffff8f30831f8780, pte=(STRUCT)[0x3ece0025]);
 0)   0.160 us    |                    folio_remove_rmap_ptes(folio=0xfffff2a100fb3800, page=0xfffff2a100fb3800, nr_pages=1, vma=0xffff8f30831f8780);
 0)   0.160 us    |                    __tlb_remove_folio_pages(tlb=0xffffd26ac050f938, page=0xfffff2a100fb3800, nr_pages=0x1, delay_rmap=0x0);
 0)   0.160 us    |                    vm_normal_page(vma=0xffff8f30831f8780, addr=0x7f0804d16000, pte=(STRUCT)[0x3ece1025]);
 0)   0.151 us    |                    folio_mark_accessed(folio=0xfffff2a100fb3840);
 0)   0.160 us    |                    arch_check_zapped_pte(vma=0xffff8f30831f8780, pte=(STRUCT)[0x3ece1025]);
 0)   0.160 us    |                    folio_remove_rmap_ptes(folio=0xfffff2a100fb3840, page=0xfffff2a100fb3840, nr_pages=1, vma=0xffff8f30831f8780);
 0)   0.150 us    |                    __tlb_remove_folio_pages(tlb=0xffffd26ac050f938, page=0xfffff2a100fb3840, nr_pages=0x1, delay_rmap=0x0);
 0)   0.160 us    |                    vm_normal_page(vma=0xffff8f30831f8780, addr=0x7f0804d17000, pte=(STRUCT)[0x3ece2025]);
 0)   0.150 us    |                    folio_mark_accessed(folio=0xfffff2a100fb3880);
 0)   0.150 us    |                    arch_check_zapped_pte(vma=0xffff8f30831f8780, pte=(STRUCT)[0x3ece2025]);
 0)   0.151 us    |                    folio_remove_rmap_ptes(folio=0xfffff2a100fb3880, page=0xfffff2a100fb3880, nr_pages=1, vma=0xffff8f30831f8780);
 0)   0.160 us    |                    __tlb_remove_folio_pages(tlb=0xffffd26ac050f938, page=0xfffff2a100fb3880, nr_pages=0x1, delay_rmap=0x0);
 0)   0.171 us    |                    vm_normal_page(vma=0xffff8f30831f8780, addr=0x7f0804d18000, pte=(STRUCT)[0x3ece3025]);
 0)   0.150 us    |                    folio_mark_accessed(folio=0xfffff2a100fb38c0);
 0)   0.151 us    |                    arch_check_zapped_pte(vma=0xffff8f30831f8780, pte=(STRUCT)[0x3ece3025]);
 0)   0.150 us    |                    folio_remove_rmap_ptes(folio=0xfffff2a100fb38c0, page=0xfffff2a100fb38c0, nr_pages=1, vma=0xffff8f30831f8780);
 0)   0.150 us    |                    __tlb_remove_folio_pages(tlb=0xffffd26ac050f938, page=0xfffff2a100fb38c0, nr_pages=0x1, delay_rmap=0x0);
 0)   0.170 us    |                    vm_normal_page(vma=0xffff8f30831f8780, addr=0x7f0804d19000, pte=(STRUCT)[0x3ece4025]);
 0)   0.160 us    |                    folio_mark_accessed(folio=0xfffff2a100fb3900);
 0)   0.150 us    |                    arch_check_zapped_pte(vma=0xffff8f30831f8780, pte=(STRUCT)[0x3ece4025]);
 0)   0.160 us    |                    folio_remove_rmap_ptes(folio=0xfffff2a100fb3900, page=0xfffff2a100fb3900, nr_pages=1, vma=0xffff8f30831f8780);
 0)   0.161 us    |                    __tlb_remove_folio_pages(tlb=0xffffd26ac050f938, page=0xfffff2a100fb3900, nr_pages=0x1, delay_rmap=0x0);
 0)   0.160 us    |                    vm_normal_page(vma=0xffff8f30831f8780, addr=0x7f0804d1a000, pte=(STRUCT)[0x3ece5025]);
 0)   0.149 us    |                    folio_mark_accessed(folio=0xfffff2a100fb3940);
 0)   0.150 us    |                    arch_check_zapped_pte(vma=0xffff8f30831f8780, pte=(STRUCT)[0x3ece5025]);
 0)   0.150 us    |                    folio_remove_rmap_ptes(folio=0xfffff2a100fb3940, page=0xfffff2a100fb3940, nr_pages=1, vma=0xffff8f30831f8780);
 0)   0.151 us    |                    __tlb_remove_folio_pages(tlb=0xffffd26ac050f938, page=0xfffff2a100fb3940, nr_pages=0x1, delay_rmap=0x0);
 0)   0.160 us    |                    vm_normal_page(vma=0xffff8f30831f8780, addr=0x7f0804d1b000, pte=(STRUCT)[0x3ece6025]);
 0)   0.160 us    |                    folio_mark_accessed(folio=0xfffff2a100fb3980);
 0)   0.150 us    |                    arch_check_zapped_pte(vma=0xffff8f30831f8780, pte=(STRUCT)[0x3ece6025]);
 0)   0.160 us    |                    folio_remove_rmap_ptes(folio=0xfffff2a100fb3980, page=0xfffff2a100fb3980, nr_pages=1, vma=0xffff8f30831f8780);
 0)   0.149 us    |                    __tlb_remove_folio_pages(tlb=0xffffd26ac050f938, page=0xfffff2a100fb3980, nr_pages=0x1, delay_rmap=0x0);
 0)   0.160 us    |                    vm_normal_page(vma=0xffff8f30831f8780, addr=0x7f0804d1c000, pte=(STRUCT)[0x3ece7025]);
 0)   0.151 us    |                    folio_mark_accessed(folio=0xfffff2a100fb39c0);
 0)   0.150 us    |                    arch_check_zapped_pte(vma=0xffff8f30831f8780, pte=(STRUCT)[0x3ece7025]);
 0)   0.291 us    |                    folio_remove_rmap_ptes(folio=0xfffff2a100fb39c0, page=0xfffff2a100fb39c0, nr_pages=1, vma=0xffff8f30831f8780);
 0)   0.161 us    |                    __tlb_remove_folio_pages(tlb=0xffffd26ac050f938, page=0xfffff2a100fb39c0, nr_pages=0x1, delay_rmap=0x0);
 0)   0.160 us    |                    vm_normal_page(vma=0xffff8f30831f8780, addr=0x7f0804d1d000, pte=(STRUCT)[0x3ece8025]);
 0)   0.150 us    |                    folio_mark_accessed(folio=0xfffff2a100fb3a00);
 0)   0.150 us    |                    arch_check_zapped_pte(vma=0xffff8f30831f8780, pte=(STRUCT)[0x3ece8025]);
 0)   0.151 us    |                    folio_remove_rmap_ptes(folio=0xfffff2a100fb3a00, page=0xfffff2a100fb3a00, nr_pages=1, vma=0xffff8f30831f8780);
 0)   0.150 us    |                    __tlb_remove_folio_pages(tlb=0xffffd26ac050f938, page=0xfffff2a100fb3a00, nr_pages=0x1, delay_rmap=0x0);
 0)   0.160 us    |                    vm_normal_page(vma=0xffff8f30831f8780, addr=0x7f0804d1e000, pte=(STRUCT)[0x3ece9025]);
 0)   0.151 us    |                    folio_mark_accessed(folio=0xfffff2a100fb3a40);
 0)   0.150 us    |                    arch_check_zapped_pte(vma=0xffff8f30831f8780, pte=(STRUCT)[0x3ece9025]);
 0)   0.151 us    |                    folio_remove_rmap_ptes(folio=0xfffff2a100fb3a40, page=0xfffff2a100fb3a40, nr_pages=1, vma=0xffff8f30831f8780);
 0)   0.150 us    |                    __tlb_remove_folio_pages(tlb=0xffffd26ac050f938, page=0xfffff2a100fb3a40, nr_pages=0x1, delay_rmap=0x0);
 0)   0.161 us    |                    vm_normal_page(vma=0xffff8f30831f8780, addr=0x7f0804d1f000, pte=(STRUCT)[0x3ecea025]);
 0)   0.160 us    |                    folio_mark_accessed(folio=0xfffff2a100fb3a80);
 0)   0.160 us    |                    arch_check_zapped_pte(vma=0xffff8f30831f8780, pte=(STRUCT)[0x3ecea025]);
 0)   0.151 us    |                    folio_remove_rmap_ptes(folio=0xfffff2a100fb3a80, page=0xfffff2a100fb3a80, nr_pages=1, vma=0xffff8f30831f8780);
 0)   0.150 us    |                    __tlb_remove_folio_pages(tlb=0xffffd26ac050f938, page=0xfffff2a100fb3a80, nr_pages=0x1, delay_rmap=0x0);
 0)   0.170 us    |                    vm_normal_page(vma=0xffff8f30831f8780, addr=0x7f0804d30000, pte=(STRUCT)[0x3ecfb025]);
 0)   0.149 us    |                    folio_mark_accessed(folio=0xfffff2a100fb3ec0);
 0)   0.150 us    |                    arch_check_zapped_pte(vma=0xffff8f30831f8780, pte=(STRUCT)[0x3ecfb025]);
 0)   0.150 us    |                    folio_remove_rmap_ptes(folio=0xfffff2a100fb3ec0, page=0xfffff2a100fb3ec0, nr_pages=1, vma=0xffff8f30831f8780);
 0)   0.151 us    |                    __tlb_remove_folio_pages(tlb=0xffffd26ac050f938, page=0xfffff2a100fb3ec0, nr_pages=0x1, delay_rmap=0x0);
 0)   0.160 us    |                    vm_normal_page(vma=0xffff8f30831f8780, addr=0x7f0804d31000, pte=(STRUCT)[0x3ecfc025]);
 0)   0.150 us    |                    folio_mark_accessed(folio=0xfffff2a100fb3f00);
 0)   0.160 us    |                    arch_check_zapped_pte(vma=0xffff8f30831f8780, pte=(STRUCT)[0x3ecfc025]);
 0)   0.160 us    |                    folio_remove_rmap_ptes(folio=0xfffff2a100fb3f00, page=0xfffff2a100fb3f00, nr_pages=1, vma=0xffff8f30831f8780);
 0)   0.151 us    |                    __tlb_remove_folio_pages(tlb=0xffffd26ac050f938, page=0xfffff2a100fb3f00, nr_pages=0x1, delay_rmap=0x0);
 0)   0.170 us    |                    vm_normal_page(vma=0xffff8f30831f8780, addr=0x7f0804d32000, pte=(STRUCT)[0x3ecfd025]);
 0)   0.150 us    |                    folio_mark_accessed(folio=0xfffff2a100fb3f40);
 0)   0.149 us    |                    arch_check_zapped_pte(vma=0xffff8f30831f8780, pte=(STRUCT)[0x3ecfd025]);
 0)   0.151 us    |                    folio_remove_rmap_ptes(folio=0xfffff2a100fb3f40, page=0xfffff2a100fb3f40, nr_pages=1, vma=0xffff8f30831f8780);
 0)   0.150 us    |                    __tlb_remove_folio_pages(tlb=0xffffd26ac050f938, page=0xfffff2a100fb3f40, nr_pages=0x1, delay_rmap=0x0);
 0)   0.160 us    |                    vm_normal_page(vma=0xffff8f30831f8780, addr=0x7f0804d33000, pte=(STRUCT)[0x3ecfe025]);
 0)   0.151 us    |                    folio_mark_accessed(folio=0xfffff2a100fb3f80);
 0)   0.150 us    |                    arch_check_zapped_pte(vma=0xffff8f30831f8780, pte=(STRUCT)[0x3ecfe025]);
 0)   0.151 us    |                    folio_remove_rmap_ptes(folio=0xfffff2a100fb3f80, page=0xfffff2a100fb3f80, nr_pages=1, vma=0xffff8f30831f8780);
 0)   0.150 us    |                    __tlb_remove_folio_pages(tlb=0xffffd26ac050f938, page=0xfffff2a100fb3f80, nr_pages=0x1, delay_rmap=0x0);
 0)   0.171 us    |                    vm_normal_page(vma=0xffff8f30831f8780, addr=0x7f0804d34000, pte=(STRUCT)[0x3ecff025]);
 0)   0.150 us    |                    folio_mark_accessed(folio=0xfffff2a100fb3fc0);
 0)   0.150 us    |                    arch_check_zapped_pte(vma=0xffff8f30831f8780, pte=(STRUCT)[0x3ecff025]);
 0)   0.149 us    |                    folio_remove_rmap_ptes(folio=0xfffff2a100fb3fc0, page=0xfffff2a100fb3fc0, nr_pages=1, vma=0xffff8f30831f8780);
 0)   0.151 us    |                    __tlb_remove_folio_pages(tlb=0xffffd26ac050f938, page=0xfffff2a100fb3fc0, nr_pages=0x1, delay_rmap=0x0);
 0)   0.160 us    |                    vm_normal_page(vma=0xffff8f30831f8780, addr=0x7f0804d35000, pte=(STRUCT)[0x3ed40025]);
 0)   0.160 us    |                    folio_mark_accessed(folio=0xfffff2a100fb5000);
 0)   0.160 us    |                    arch_check_zapped_pte(vma=0xffff8f30831f8780, pte=(STRUCT)[0x3ed40025]);
 0)   0.160 us    |                    folio_remove_rmap_ptes(folio=0xfffff2a100fb5000, page=0xfffff2a100fb5000, nr_pages=1, vma=0xffff8f30831f8780);
 0)   0.150 us    |                    __tlb_remove_folio_pages(tlb=0xffffd26ac050f938, page=0xfffff2a100fb5000, nr_pages=0x1, delay_rmap=0x0);
 0)   0.160 us    |                    vm_normal_page(vma=0xffff8f30831f8780, addr=0x7f0804d36000, pte=(STRUCT)[0x3ed41025]);
 0)   0.161 us    |                    folio_mark_accessed(folio=0xfffff2a100fb5040);
 0)   0.151 us    |                    arch_check_zapped_pte(vma=0xffff8f30831f8780, pte=(STRUCT)[0x3ed41025]);
 0)   0.150 us    |                    folio_remove_rmap_ptes(folio=0xfffff2a100fb5040, page=0xfffff2a100fb5040, nr_pages=1, vma=0xffff8f30831f8780);
 0)   0.151 us    |                    __tlb_remove_folio_pages(tlb=0xffffd26ac050f938, page=0xfffff2a100fb5040, nr_pages=0x1, delay_rmap=0x0);
 0)   0.161 us    |                    vm_normal_page(vma=0xffff8f30831f8780, addr=0x7f0804d37000, pte=(STRUCT)[0x3ed42025]);
 0)   0.160 us    |                    folio_mark_accessed(folio=0xfffff2a100fb5080);
 0)   0.160 us    |                    arch_check_zapped_pte(vma=0xffff8f30831f8780, pte=(STRUCT)[0x3ed42025]);
 0)   0.150 us    |                    folio_remove_rmap_ptes(folio=0xfffff2a100fb5080, page=0xfffff2a100fb5080, nr_pages=1, vma=0xffff8f30831f8780);
 0)   0.150 us    |                    __tlb_remove_folio_pages(tlb=0xffffd26ac050f938, page=0xfffff2a100fb5080, nr_pages=0x1, delay_rmap=0x0);
 0)   0.160 us    |                    vm_normal_page(vma=0xffff8f30831f8780, addr=0x7f0804d38000, pte=(STRUCT)[0x3ed43025]);
 0)   0.150 us    |                    folio_mark_accessed(folio=0xfffff2a100fb50c0);
 0)   0.149 us    |                    arch_check_zapped_pte(vma=0xffff8f30831f8780, pte=(STRUCT)[0x3ed43025]);
 0)   0.151 us    |                    folio_remove_rmap_ptes(folio=0xfffff2a100fb50c0, page=0xfffff2a100fb50c0, nr_pages=1, vma=0xffff8f30831f8780);
 0)   0.150 us    |                    __tlb_remove_folio_pages(tlb=0xffffd26ac050f938, page=0xfffff2a100fb50c0, nr_pages=0x1, delay_rmap=0x0);
 0)   0.171 us    |                    vm_normal_page(vma=0xffff8f30831f8780, addr=0x7f0804d39000, pte=(STRUCT)[0x3ed44025]);
 0)   0.281 us    |                    folio_mark_accessed(folio=0xfffff2a100fb5100);
 0)   0.160 us    |                    arch_check_zapped_pte(vma=0xffff8f30831f8780, pte=(STRUCT)[0x3ed44025]);
 0)   0.151 us    |                    folio_remove_rmap_ptes(folio=0xfffff2a100fb5100, page=0xfffff2a100fb5100, nr_pages=1, vma=0xffff8f30831f8780);
 0)   0.161 us    |                    __tlb_remove_folio_pages(tlb=0xffffd26ac050f938, page=0xfffff2a100fb5100, nr_pages=0x1, delay_rmap=0x0);
 0)   0.171 us    |                    vm_normal_page(vma=0xffff8f30831f8780, addr=0x7f0804d3a000, pte=(STRUCT)[0x3ed45025]);
 0)   0.150 us    |                    folio_mark_accessed(folio=0xfffff2a100fb5140);
 0)   0.150 us    |                    arch_check_zapped_pte(vma=0xffff8f30831f8780, pte=(STRUCT)[0x3ed45025]);
 0)   0.150 us    |                    folio_remove_rmap_ptes(folio=0xfffff2a100fb5140, page=0xfffff2a100fb5140, nr_pages=1, vma=0xffff8f30831f8780);
 0)   0.151 us    |                    __tlb_remove_folio_pages(tlb=0xffffd26ac050f938, page=0xfffff2a100fb5140, nr_pages=0x1, delay_rmap=0x0);
 0)   0.160 us    |                    vm_normal_page(vma=0xffff8f30831f8780, addr=0x7f0804d3b000, pte=(STRUCT)[0x3ed46025]);
 0)   0.160 us    |                    folio_mark_accessed(folio=0xfffff2a100fb5180);
 0)   0.150 us    |                    arch_check_zapped_pte(vma=0xffff8f30831f8780, pte=(STRUCT)[0x3ed46025]);
 0)   0.151 us    |                    folio_remove_rmap_ptes(folio=0xfffff2a100fb5180, page=0xfffff2a100fb5180, nr_pages=1, vma=0xffff8f30831f8780);
 0)   0.150 us    |                    __tlb_remove_folio_pages(tlb=0xffffd26ac050f938, page=0xfffff2a100fb5180, nr_pages=0x1, delay_rmap=0x0);
 0)   0.160 us    |                    vm_normal_page(vma=0xffff8f30831f8780, addr=0x7f0804d3c000, pte=(STRUCT)[0x3ed47025]);
 0)   0.161 us    |                    folio_mark_accessed(folio=0xfffff2a100fb51c0);
 0)   0.161 us    |                    arch_check_zapped_pte(vma=0xffff8f30831f8780, pte=(STRUCT)[0x3ed47025]);
 0)   0.160 us    |                    folio_remove_rmap_ptes(folio=0xfffff2a100fb51c0, page=0xfffff2a100fb51c0, nr_pages=1, vma=0xffff8f30831f8780);
 0)   0.160 us    |                    __tlb_remove_folio_pages(tlb=0xffffd26ac050f938, page=0xfffff2a100fb51c0, nr_pages=0x1, delay_rmap=0x0);
 0)   0.161 us    |                    vm_normal_page(vma=0xffff8f30831f8780, addr=0x7f0804d3d000, pte=(STRUCT)[0x3ed48025]);
 0)   0.150 us    |                    folio_mark_accessed(folio=0xfffff2a100fb5200);
 0)   0.151 us    |                    arch_check_zapped_pte(vma=0xffff8f30831f8780, pte=(STRUCT)[0x3ed48025]);
 0)   0.150 us    |                    folio_remove_rmap_ptes(folio=0xfffff2a100fb5200, page=0xfffff2a100fb5200, nr_pages=1, vma=0xffff8f30831f8780);
 0)   0.151 us    |                    __tlb_remove_folio_pages(tlb=0xffffd26ac050f938, page=0xfffff2a100fb5200, nr_pages=0x1, delay_rmap=0x0);
 0)   0.161 us    |                    vm_normal_page(vma=0xffff8f30831f8780, addr=0x7f0804d3e000, pte=(STRUCT)[0x3ed49025]);
 0)   0.150 us    |                    folio_mark_accessed(folio=0xfffff2a100fb5240);
 0)   0.151 us    |                    arch_check_zapped_pte(vma=0xffff8f30831f8780, pte=(STRUCT)[0x3ed49025]);
 0)   0.150 us    |                    folio_remove_rmap_ptes(folio=0xfffff2a100fb5240, page=0xfffff2a100fb5240, nr_pages=1, vma=0xffff8f30831f8780);
 0)   0.151 us    |                    __tlb_remove_folio_pages(tlb=0xffffd26ac050f938, page=0xfffff2a100fb5240, nr_pages=0x1, delay_rmap=0x0);
 0)   0.161 us    |                    vm_normal_page(vma=0xffff8f30831f8780, addr=0x7f0804d3f000, pte=(STRUCT)[0x3ed4a025]);
 0)   0.160 us    |                    folio_mark_accessed(folio=0xfffff2a100fb5280);
 0)   0.150 us    |                    arch_check_zapped_pte(vma=0xffff8f30831f8780, pte=(STRUCT)[0x3ed4a025]);
 0)   0.161 us    |                    folio_remove_rmap_ptes(folio=0xfffff2a100fb5280, page=0xfffff2a100fb5280, nr_pages=1, vma=0xffff8f30831f8780);
 0)   0.160 us    |                    __tlb_remove_folio_pages(tlb=0xffffd26ac050f938, page=0xfffff2a100fb5280, nr_pages=0x1, delay_rmap=0x0);
 0)   0.161 us    |                    vm_normal_page(vma=0xffff8f30831f8780, addr=0x7f0804d40000, pte=(STRUCT)[0x3ed4b025]);
 0)   0.151 us    |                    folio_mark_accessed(folio=0xfffff2a100fb52c0);
 0)   0.150 us    |                    arch_check_zapped_pte(vma=0xffff8f30831f8780, pte=(STRUCT)[0x3ed4b025]);
 0)   0.151 us    |                    folio_remove_rmap_ptes(folio=0xfffff2a100fb52c0, page=0xfffff2a100fb52c0, nr_pages=1, vma=0xffff8f30831f8780);
 0)   0.150 us    |                    __tlb_remove_folio_pages(tlb=0xffffd26ac050f938, page=0xfffff2a100fb52c0, nr_pages=0x1, delay_rmap=0x0);
 0)   0.161 us    |                    vm_normal_page(vma=0xffff8f30831f8780, addr=0x7f0804d41000, pte=(STRUCT)[0x3ed4c025]);
 0)   0.160 us    |                    folio_mark_accessed(folio=0xfffff2a100fb5300);
 0)   0.160 us    |                    arch_check_zapped_pte(vma=0xffff8f30831f8780, pte=(STRUCT)[0x3ed4c025]);
 0)   0.150 us    |                    folio_remove_rmap_ptes(folio=0xfffff2a100fb5300, page=0xfffff2a100fb5300, nr_pages=1, vma=0xffff8f30831f8780);
 0)   0.151 us    |                    __tlb_remove_folio_pages(tlb=0xffffd26ac050f938, page=0xfffff2a100fb5300, nr_pages=0x1, delay_rmap=0x0);
 0)   0.160 us    |                    vm_normal_page(vma=0xffff8f30831f8780, addr=0x7f0804d42000, pte=(STRUCT)[0x3ed4d025]);
 0)   0.149 us    |                    folio_mark_accessed(folio=0xfffff2a100fb5340);
 0)   0.151 us    |                    arch_check_zapped_pte(vma=0xffff8f30831f8780, pte=(STRUCT)[0x3ed4d025]);
 0)   0.150 us    |                    folio_remove_rmap_ptes(folio=0xfffff2a100fb5340, page=0xfffff2a100fb5340, nr_pages=1, vma=0xffff8f30831f8780);
 0)   0.151 us    |                    __tlb_remove_folio_pages(tlb=0xffffd26ac050f938, page=0xfffff2a100fb5340, nr_pages=0x1, delay_rmap=0x0);
 0)   0.200 us    |                    vm_normal_page(vma=0xffff8f30831f8780, addr=0x7f0804d43000, pte=(STRUCT)[0x3ed4e025]);
 0)   0.150 us    |                    folio_mark_accessed(folio=0xfffff2a100fb5380);
 0)   0.180 us    |                    arch_check_zapped_pte(vma=0xffff8f30831f8780, pte=(STRUCT)[0x3ed4e025]);
 0)   0.150 us    |                    folio_remove_rmap_ptes(folio=0xfffff2a100fb5380, page=0xfffff2a100fb5380, nr_pages=1, vma=0xffff8f30831f8780);
 0)   0.150 us    |                    __tlb_remove_folio_pages(tlb=0xffffd26ac050f938, page=0xfffff2a100fb5380, nr_pages=0x1, delay_rmap=0x0);
 0)   0.160 us    |                    vm_normal_page(vma=0xffff8f30831f8780, addr=0x7f0804d44000, pte=(STRUCT)[0x3ed4f025]);
 0)   0.160 us    |                    folio_mark_accessed(folio=0xfffff2a100fb53c0);
 0)   0.151 us    |                    arch_check_zapped_pte(vma=0xffff8f30831f8780, pte=(STRUCT)[0x3ed4f025]);
 0)   0.150 us    |                    folio_remove_rmap_ptes(folio=0xfffff2a100fb53c0, page=0xfffff2a100fb53c0, nr_pages=1, vma=0xffff8f30831f8780);
 0)   0.151 us    |                    __tlb_remove_folio_pages(tlb=0xffffd26ac050f938, page=0xfffff2a100fb53c0, nr_pages=0x1, delay_rmap=0x0);
 0)   0.160 us    |                    vm_normal_page(vma=0xffff8f30831f8780, addr=0x7f0804d45000, pte=(STRUCT)[0x3ed50025]);
 0)   0.150 us    |                    folio_mark_accessed(folio=0xfffff2a100fb5400);
 0)   0.151 us    |                    arch_check_zapped_pte(vma=0xffff8f30831f8780, pte=(STRUCT)[0x3ed50025]);
 0)   0.150 us    |                    folio_remove_rmap_ptes(folio=0xfffff2a100fb5400, page=0xfffff2a100fb5400, nr_pages=1, vma=0xffff8f30831f8780);
 0)   0.220 us    |                    __tlb_remove_folio_pages(tlb=0xffffd26ac050f938, page=0xfffff2a100fb5400, nr_pages=0x1, delay_rmap=0x0);
 0)   0.161 us    |                    vm_normal_page(vma=0xffff8f30831f8780, addr=0x7f0804d46000, pte=(STRUCT)[0x3ed51025]);
 0)   0.160 us    |                    folio_mark_accessed(folio=0xfffff2a100fb5440);
 0)   0.150 us    |                    arch_check_zapped_pte(vma=0xffff8f30831f8780, pte=(STRUCT)[0x3ed51025]);
 0)   0.151 us    |                    folio_remove_rmap_ptes(folio=0xfffff2a100fb5440, page=0xfffff2a100fb5440, nr_pages=1, vma=0xffff8f30831f8780);
 0)   0.150 us    |                    __tlb_remove_folio_pages(tlb=0xffffd26ac050f938, page=0xfffff2a100fb5440, nr_pages=0x1, delay_rmap=0x0);
 0)   0.171 us    |                    vm_normal_page(vma=0xffff8f30831f8780, addr=0x7f0804d47000, pte=(STRUCT)[0x3ed52025]);
 0)   0.149 us    |                    folio_mark_accessed(folio=0xfffff2a100fb5480);
 0)   0.150 us    |                    arch_check_zapped_pte(vma=0xffff8f30831f8780, pte=(STRUCT)[0x3ed52025]);
 0)   0.150 us    |                    folio_remove_rmap_ptes(folio=0xfffff2a100fb5480, page=0xfffff2a100fb5480, nr_pages=1, vma=0xffff8f30831f8780);
 0)   0.160 us    |                    __tlb_remove_folio_pages(tlb=0xffffd26ac050f938, page=0xfffff2a100fb5480, nr_pages=0x1, delay_rmap=0x0);
 0)   0.160 us    |                    vm_normal_page(vma=0xffff8f30831f8780, addr=0x7f0804d48000, pte=(STRUCT)[0x3ed53025]);
 0)   0.160 us    |                    folio_mark_accessed(folio=0xfffff2a100fb54c0);
 0)   0.161 us    |                    arch_check_zapped_pte(vma=0xffff8f30831f8780, pte=(STRUCT)[0x3ed53025]);
 0)   0.161 us    |                    folio_remove_rmap_ptes(folio=0xfffff2a100fb54c0, page=0xfffff2a100fb54c0, nr_pages=1, vma=0xffff8f30831f8780);
 0)   0.160 us    |                    __tlb_remove_folio_pages(tlb=0xffffd26ac050f938, page=0xfffff2a100fb54c0, nr_pages=0x1, delay_rmap=0x0);
 0)   0.160 us    |                    vm_normal_page(vma=0xffff8f30831f8780, addr=0x7f0804d49000, pte=(STRUCT)[0x3ed54025]);
 0)   0.150 us    |                    folio_mark_accessed(folio=0xfffff2a100fb5500);
 0)   0.151 us    |                    arch_check_zapped_pte(vma=0xffff8f30831f8780, pte=(STRUCT)[0x3ed54025]);
 0)   0.150 us    |                    folio_remove_rmap_ptes(folio=0xfffff2a100fb5500, page=0xfffff2a100fb5500, nr_pages=1, vma=0xffff8f30831f8780);
 0)   0.151 us    |                    __tlb_remove_folio_pages(tlb=0xffffd26ac050f938, page=0xfffff2a100fb5500, nr_pages=0x1, delay_rmap=0x0);
 0)   0.161 us    |                    vm_normal_page(vma=0xffff8f30831f8780, addr=0x7f0804d4a000, pte=(STRUCT)[0x3ed55025]);
 0)   0.160 us    |                    folio_mark_accessed(folio=0xfffff2a100fb5540);
 0)   0.149 us    |                    arch_check_zapped_pte(vma=0xffff8f30831f8780, pte=(STRUCT)[0x3ed55025]);
 0)   0.180 us    |                    folio_remove_rmap_ptes(folio=0xfffff2a100fb5540, page=0xfffff2a100fb5540, nr_pages=1, vma=0xffff8f30831f8780);
 0)   0.170 us    |                    __tlb_remove_folio_pages(tlb=0xffffd26ac050f938, page=0xfffff2a100fb5540, nr_pages=0x1, delay_rmap=0x0);
 0)   0.171 us    |                    vm_normal_page(vma=0xffff8f30831f8780, addr=0x7f0804d4b000, pte=(STRUCT)[0x3ed56025]);
 0)   0.160 us    |                    folio_mark_accessed(folio=0xfffff2a100fb5580);
 0)   0.150 us    |                    arch_check_zapped_pte(vma=0xffff8f30831f8780, pte=(STRUCT)[0x3ed56025]);
 0)   0.161 us    |                    folio_remove_rmap_ptes(folio=0xfffff2a100fb5580, page=0xfffff2a100fb5580, nr_pages=1, vma=0xffff8f30831f8780);
 0)   0.161 us    |                    __tlb_remove_folio_pages(tlb=0xffffd26ac050f938, page=0xfffff2a100fb5580, nr_pages=0x1, delay_rmap=0x0);
 0)   0.160 us    |                    vm_normal_page(vma=0xffff8f30831f8780, addr=0x7f0804d4c000, pte=(STRUCT)[0x3ed57025]);
 0)   0.150 us    |                    folio_mark_accessed(folio=0xfffff2a100fb55c0);
 0)   0.151 us    |                    arch_check_zapped_pte(vma=0xffff8f30831f8780, pte=(STRUCT)[0x3ed57025]);
 0)   0.150 us    |                    folio_remove_rmap_ptes(folio=0xfffff2a100fb55c0, page=0xfffff2a100fb55c0, nr_pages=1, vma=0xffff8f30831f8780);
 0)   0.161 us    |                    __tlb_remove_folio_pages(tlb=0xffffd26ac050f938, page=0xfffff2a100fb55c0, nr_pages=0x1, delay_rmap=0x0);
 0)   0.160 us    |                    vm_normal_page(vma=0xffff8f30831f8780, addr=0x7f0804d4d000, pte=(STRUCT)[0x3ed58025]);
 0)   0.150 us    |                    folio_mark_accessed(folio=0xfffff2a100fb5600);
 0)   0.150 us    |                    arch_check_zapped_pte(vma=0xffff8f30831f8780, pte=(STRUCT)[0x3ed58025]);
 0)   0.151 us    |                    folio_remove_rmap_ptes(folio=0xfffff2a100fb5600, page=0xfffff2a100fb5600, nr_pages=1, vma=0xffff8f30831f8780);
 0)   0.150 us    |                    __tlb_remove_folio_pages(tlb=0xffffd26ac050f938, page=0xfffff2a100fb5600, nr_pages=0x1, delay_rmap=0x0);
 0)   0.160 us    |                    vm_normal_page(vma=0xffff8f30831f8780, addr=0x7f0804d4e000, pte=(STRUCT)[0x3ed59025]);
 0)   0.160 us    |                    folio_mark_accessed(folio=0xfffff2a100fb5640);
 0)   0.151 us    |                    arch_check_zapped_pte(vma=0xffff8f30831f8780, pte=(STRUCT)[0x3ed59025]);
 0)   0.149 us    |                    folio_remove_rmap_ptes(folio=0xfffff2a100fb5640, page=0xfffff2a100fb5640, nr_pages=1, vma=0xffff8f30831f8780);
 0)   0.150 us    |                    __tlb_remove_folio_pages(tlb=0xffffd26ac050f938, page=0xfffff2a100fb5640, nr_pages=0x1, delay_rmap=0x0);
 0)   0.160 us    |                    vm_normal_page(vma=0xffff8f30831f8780, addr=0x7f0804d4f000, pte=(STRUCT)[0x3ed5a025]);
 0)   0.150 us    |                    folio_mark_accessed(folio=0xfffff2a100fb5680);
 0)   0.150 us    |                    arch_check_zapped_pte(vma=0xffff8f30831f8780, pte=(STRUCT)[0x3ed5a025]);
 0)   0.149 us    |                    folio_remove_rmap_ptes(folio=0xfffff2a100fb5680, page=0xfffff2a100fb5680, nr_pages=1, vma=0xffff8f30831f8780);
 0)   0.151 us    |                    __tlb_remove_folio_pages(tlb=0xffffd26ac050f938, page=0xfffff2a100fb5680, nr_pages=0x1, delay_rmap=0x0);
 0)   0.160 us    |                    vm_normal_page(vma=0xffff8f30831f8780, addr=0x7f0804d50000, pte=(STRUCT)[0x3ed5b025]);
 0)   0.160 us    |                    folio_mark_accessed(folio=0xfffff2a100fb56c0);
 0)   0.160 us    |                    arch_check_zapped_pte(vma=0xffff8f30831f8780, pte=(STRUCT)[0x3ed5b025]);
 0)   0.160 us    |                    folio_remove_rmap_ptes(folio=0xfffff2a100fb56c0, page=0xfffff2a100fb56c0, nr_pages=1, vma=0xffff8f30831f8780);
 0)   0.150 us    |                    __tlb_remove_folio_pages(tlb=0xffffd26ac050f938, page=0xfffff2a100fb56c0, nr_pages=0x1, delay_rmap=0x0);
 0)   0.160 us    |                    vm_normal_page(vma=0xffff8f30831f8780, addr=0x7f0804d51000, pte=(STRUCT)[0x3ed5c025]);
 0)   0.151 us    |                    folio_mark_accessed(folio=0xfffff2a100fb5700);
 0)   0.150 us    |                    arch_check_zapped_pte(vma=0xffff8f30831f8780, pte=(STRUCT)[0x3ed5c025]);
 0)   0.151 us    |                    folio_remove_rmap_ptes(folio=0xfffff2a100fb5700, page=0xfffff2a100fb5700, nr_pages=1, vma=0xffff8f30831f8780);
 0)   0.160 us    |                    __tlb_remove_folio_pages(tlb=0xffffd26ac050f938, page=0xfffff2a100fb5700, nr_pages=0x1, delay_rmap=0x0);
 0)   0.160 us    |                    vm_normal_page(vma=0xffff8f30831f8780, addr=0x7f0804d52000, pte=(STRUCT)[0x3ed5d025]);
 0)   0.150 us    |                    folio_mark_accessed(folio=0xfffff2a100fb5740);
 0)   0.311 us    |                    arch_check_zapped_pte(vma=0xffff8f30831f8780, pte=(STRUCT)[0x3ed5d025]);
 0)   0.160 us    |                    folio_remove_rmap_ptes(folio=0xfffff2a100fb5740, page=0xfffff2a100fb5740, nr_pages=1, vma=0xffff8f30831f8780);
 0)   0.151 us    |                    __tlb_remove_folio_pages(tlb=0xffffd26ac050f938, page=0xfffff2a100fb5740, nr_pages=0x1, delay_rmap=0x0);
 0)   0.160 us    |                    vm_normal_page(vma=0xffff8f30831f8780, addr=0x7f0804d53000, pte=(STRUCT)[0x3ed5e025]);
 0)   0.151 us    |                    folio_mark_accessed(folio=0xfffff2a100fb5780);
 0)   0.150 us    |                    arch_check_zapped_pte(vma=0xffff8f30831f8780, pte=(STRUCT)[0x3ed5e025]);
 0)   0.151 us    |                    folio_remove_rmap_ptes(folio=0xfffff2a100fb5780, page=0xfffff2a100fb5780, nr_pages=1, vma=0xffff8f30831f8780);
 0)   0.160 us    |                    __tlb_remove_folio_pages(tlb=0xffffd26ac050f938, page=0xfffff2a100fb5780, nr_pages=0x1, delay_rmap=0x0);
 0)   0.160 us    |                    vm_normal_page(vma=0xffff8f30831f8780, addr=0x7f0804d54000, pte=(STRUCT)[0x3ed5f025]);
 0)   0.150 us    |                    folio_mark_accessed(folio=0xfffff2a100fb57c0);
 0)   0.150 us    |                    arch_check_zapped_pte(vma=0xffff8f30831f8780, pte=(STRUCT)[0x3ed5f025]);
 0)   0.149 us    |                    folio_remove_rmap_ptes(folio=0xfffff2a100fb57c0, page=0xfffff2a100fb57c0, nr_pages=1, vma=0xffff8f30831f8780);
 0)   0.151 us    |                    __tlb_remove_folio_pages(tlb=0xffffd26ac050f938, page=0xfffff2a100fb57c0, nr_pages=0x1, delay_rmap=0x0);
 0)   0.170 us    |                    vm_normal_page(vma=0xffff8f30831f8780, addr=0x7f0804d55000, pte=(STRUCT)[0x3ed60025]);
 0)   0.151 us    |                    folio_mark_accessed(folio=0xfffff2a100fb5800);
 0)   0.150 us    |                    arch_check_zapped_pte(vma=0xffff8f30831f8780, pte=(STRUCT)[0x3ed60025]);
 0)   0.151 us    |                    folio_remove_rmap_ptes(folio=0xfffff2a100fb5800, page=0xfffff2a100fb5800, nr_pages=1, vma=0xffff8f30831f8780);
 0)   0.150 us    |                    __tlb_remove_folio_pages(tlb=0xffffd26ac050f938, page=0xfffff2a100fb5800, nr_pages=0x1, delay_rmap=0x0);
 0)   0.160 us    |                    _raw_spin_lock_irqsave(lock=0xffff8f3083479a00);
 0)   0.161 us    |                    _raw_spin_unlock_irqrestore(lock=0xffff8f3083479a00, flags=0x296);
 0)   0.160 us    |                    _raw_spin_unlock(lock=0xfffff2a1000c17e8);
 0)   0.160 us    |                    __rcu_read_unlock();
 0) ! 219.222 us  |                  }
 0)               |                  __zap_vma_range(tlb=0xffffd26ac050f938, vma=0xffff8f30831f80c0, start=0x7f0804d56000, end=0x7f0804d85000, details=0xffffd26ac050f838) {
 0)   0.150 us    |                    uprobe_munmap(vma=0xffff8f30831f80c0, start=0x7f0804d56000, end=0x7f0804d85000);
 0)               |                    pte_offset_map_lock(mm=0xffff8f3083479500, pmd=0xffff8f308305d130, addr=0x7f0804d56000, ptlp=0xffffd26ac050f7c0) {
 0)               |                      __pte_offset_map(pmd=0xffff8f308305d130, addr=0x7f0804d56000, pmdvalp=0xffffd26ac050f6d8) {
 0)   0.149 us    |                        __rcu_read_lock();
 0)   0.491 us    |                      }
 0)   0.160 us    |                      _raw_spin_lock(lock=0xfffff2a1000c17e8);
 0)   1.172 us    |                    }
 0)   0.151 us    |                    flush_tlb_batched_pending(mm=0xffff8f3083479500);
 0)   0.160 us    |                    vm_normal_page(vma=0xffff8f30831f80c0, addr=0x7f0804d56000, pte=(STRUCT)[0x800000003ed61025]);
 0)   0.151 us    |                    folio_mark_accessed(folio=0xfffff2a100fb5840);
 0)   0.150 us    |                    arch_check_zapped_pte(vma=0xffff8f30831f80c0, pte=(STRUCT)[0x800000003ed61025]);
 0)   0.160 us    |                    folio_remove_rmap_ptes(folio=0xfffff2a100fb5840, page=0xfffff2a100fb5840, nr_pages=1, vma=0xffff8f30831f80c0);
 0)   0.150 us    |                    __tlb_remove_folio_pages(tlb=0xffffd26ac050f938, page=0xfffff2a100fb5840, nr_pages=0x1, delay_rmap=0x0);
 0)   0.171 us    |                    vm_normal_page(vma=0xffff8f30831f80c0, addr=0x7f0804d57000, pte=(STRUCT)[0x800000003ed62025]);
 0)   0.160 us    |                    folio_mark_accessed(folio=0xfffff2a100fb5880);
 0)   0.151 us    |                    arch_check_zapped_pte(vma=0xffff8f30831f80c0, pte=(STRUCT)[0x800000003ed62025]);
 0)   0.150 us    |                    folio_remove_rmap_ptes(folio=0xfffff2a100fb5880, page=0xfffff2a100fb5880, nr_pages=1, vma=0xffff8f30831f80c0);
 0)   0.151 us    |                    __tlb_remove_folio_pages(tlb=0xffffd26ac050f938, page=0xfffff2a100fb5880, nr_pages=0x1, delay_rmap=0x0);
 0)   0.160 us    |                    vm_normal_page(vma=0xffff8f30831f80c0, addr=0x7f0804d58000, pte=(STRUCT)[0x800000003ed63025]);
 0)   0.160 us    |                    folio_mark_accessed(folio=0xfffff2a100fb58c0);
 0)   0.150 us    |                    arch_check_zapped_pte(vma=0xffff8f30831f80c0, pte=(STRUCT)[0x800000003ed63025]);
 0)   0.151 us    |                    folio_remove_rmap_ptes(folio=0xfffff2a100fb58c0, page=0xfffff2a100fb58c0, nr_pages=1, vma=0xffff8f30831f80c0);
 0)   0.150 us    |                    __tlb_remove_folio_pages(tlb=0xffffd26ac050f938, page=0xfffff2a100fb58c0, nr_pages=0x1, delay_rmap=0x0);
 0)   0.160 us    |                    vm_normal_page(vma=0xffff8f30831f80c0, addr=0x7f0804d59000, pte=(STRUCT)[0x800000003ed64025]);
 0)   0.160 us    |                    folio_mark_accessed(folio=0xfffff2a100fb5900);
 0)   0.151 us    |                    arch_check_zapped_pte(vma=0xffff8f30831f80c0, pte=(STRUCT)[0x800000003ed64025]);
 0)   0.149 us    |                    folio_remove_rmap_ptes(folio=0xfffff2a100fb5900, page=0xfffff2a100fb5900, nr_pages=1, vma=0xffff8f30831f80c0);
 0)   0.150 us    |                    __tlb_remove_folio_pages(tlb=0xffffd26ac050f938, page=0xfffff2a100fb5900, nr_pages=0x1, delay_rmap=0x0);
 0)   0.160 us    |                    vm_normal_page(vma=0xffff8f30831f80c0, addr=0x7f0804d5a000, pte=(STRUCT)[0x800000003ed65025]);
 0)   0.150 us    |                    folio_mark_accessed(folio=0xfffff2a100fb5940);
 0)   0.150 us    |                    arch_check_zapped_pte(vma=0xffff8f30831f80c0, pte=(STRUCT)[0x800000003ed65025]);
 0)   0.149 us    |                    folio_remove_rmap_ptes(folio=0xfffff2a100fb5940, page=0xfffff2a100fb5940, nr_pages=1, vma=0xffff8f30831f80c0);
 0)   0.160 us    |                    __tlb_remove_folio_pages(tlb=0xffffd26ac050f938, page=0xfffff2a100fb5940, nr_pages=0x1, delay_rmap=0x0);
 0)   0.161 us    |                    vm_normal_page(vma=0xffff8f30831f80c0, addr=0x7f0804d5b000, pte=(STRUCT)[0x800000003ed66025]);
 0)   0.151 us    |                    folio_mark_accessed(folio=0xfffff2a100fb5980);
 0)   0.150 us    |                    arch_check_zapped_pte(vma=0xffff8f30831f80c0, pte=(STRUCT)[0x800000003ed66025]);
 0)   0.151 us    |                    folio_remove_rmap_ptes(folio=0xfffff2a100fb5980, page=0xfffff2a100fb5980, nr_pages=1, vma=0xffff8f30831f80c0);
 0)   0.150 us    |                    __tlb_remove_folio_pages(tlb=0xffffd26ac050f938, page=0xfffff2a100fb5980, nr_pages=0x1, delay_rmap=0x0);
 0)   0.160 us    |                    vm_normal_page(vma=0xffff8f30831f80c0, addr=0x7f0804d5c000, pte=(STRUCT)[0x800000003ed67025]);
 0)   0.161 us    |                    folio_mark_accessed(folio=0xfffff2a100fb59c0);
 0)   0.151 us    |                    arch_check_zapped_pte(vma=0xffff8f30831f80c0, pte=(STRUCT)[0x800000003ed67025]);
 0)   0.150 us    |                    folio_remove_rmap_ptes(folio=0xfffff2a100fb59c0, page=0xfffff2a100fb59c0, nr_pages=1, vma=0xffff8f30831f80c0);
 0)   0.291 us    |                    __tlb_remove_folio_pages(tlb=0xffffd26ac050f938, page=0xfffff2a100fb59c0, nr_pages=0x1, delay_rmap=0x0);
 0)   0.161 us    |                    vm_normal_page(vma=0xffff8f30831f80c0, addr=0x7f0804d5d000, pte=(STRUCT)[0x800000003ed68025]);
 0)   0.150 us    |                    folio_mark_accessed(folio=0xfffff2a100fb5a00);
 0)   0.161 us    |                    arch_check_zapped_pte(vma=0xffff8f30831f80c0, pte=(STRUCT)[0x800000003ed68025]);
 0)   0.151 us    |                    folio_remove_rmap_ptes(folio=0xfffff2a100fb5a00, page=0xfffff2a100fb5a00, nr_pages=1, vma=0xffff8f30831f80c0);
 0)   0.150 us    |                    __tlb_remove_folio_pages(tlb=0xffffd26ac050f938, page=0xfffff2a100fb5a00, nr_pages=0x1, delay_rmap=0x0);
 0)   0.160 us    |                    vm_normal_page(vma=0xffff8f30831f80c0, addr=0x7f0804d5e000, pte=(STRUCT)[0x800000003ed69025]);
 0)   0.151 us    |                    folio_mark_accessed(folio=0xfffff2a100fb5a40);
 0)   0.150 us    |                    arch_check_zapped_pte(vma=0xffff8f30831f80c0, pte=(STRUCT)[0x800000003ed69025]);
 0)   0.151 us    |                    folio_remove_rmap_ptes(folio=0xfffff2a100fb5a40, page=0xfffff2a100fb5a40, nr_pages=1, vma=0xffff8f30831f80c0);
 0)   0.150 us    |                    __tlb_remove_folio_pages(tlb=0xffffd26ac050f938, page=0xfffff2a100fb5a40, nr_pages=0x1, delay_rmap=0x0);
 0)   0.171 us    |                    vm_normal_page(vma=0xffff8f30831f80c0, addr=0x7f0804d5f000, pte=(STRUCT)[0x800000003ed6a025]);
 0)   0.150 us    |                    folio_mark_accessed(folio=0xfffff2a100fb5a80);
 0)   0.150 us    |                    arch_check_zapped_pte(vma=0xffff8f30831f80c0, pte=(STRUCT)[0x800000003ed6a025]);
 0)   0.149 us    |                    folio_remove_rmap_ptes(folio=0xfffff2a100fb5a80, page=0xfffff2a100fb5a80, nr_pages=1, vma=0xffff8f30831f80c0);
 0)   0.151 us    |                    __tlb_remove_folio_pages(tlb=0xffffd26ac050f938, page=0xfffff2a100fb5a80, nr_pages=0x1, delay_rmap=0x0);
 0)   0.160 us    |                    vm_normal_page(vma=0xffff8f30831f80c0, addr=0x7f0804d60000, pte=(STRUCT)[0x800000003ed6b025]);
 0)   0.149 us    |                    folio_mark_accessed(folio=0xfffff2a100fb5ac0);
 0)   0.150 us    |                    arch_check_zapped_pte(vma=0xffff8f30831f80c0, pte=(STRUCT)[0x800000003ed6b025]);
 0)   0.150 us    |                    folio_remove_rmap_ptes(folio=0xfffff2a100fb5ac0, page=0xfffff2a100fb5ac0, nr_pages=1, vma=0xffff8f30831f80c0);
 0)   0.151 us    |                    __tlb_remove_folio_pages(tlb=0xffffd26ac050f938, page=0xfffff2a100fb5ac0, nr_pages=0x1, delay_rmap=0x0);
 0)   0.160 us    |                    vm_normal_page(vma=0xffff8f30831f80c0, addr=0x7f0804d61000, pte=(STRUCT)[0x800000003ed6c025]);
 0)   0.160 us    |                    folio_mark_accessed(folio=0xfffff2a100fb5b00);
 0)   0.151 us    |                    arch_check_zapped_pte(vma=0xffff8f30831f80c0, pte=(STRUCT)[0x800000003ed6c025]);
 0)   0.150 us    |                    folio_remove_rmap_ptes(folio=0xfffff2a100fb5b00, page=0xfffff2a100fb5b00, nr_pages=1, vma=0xffff8f30831f80c0);
 0)   0.160 us    |                    __tlb_remove_folio_pages(tlb=0xffffd26ac050f938, page=0xfffff2a100fb5b00, nr_pages=0x1, delay_rmap=0x0);
 0)   0.170 us    |                    vm_normal_page(vma=0xffff8f30831f80c0, addr=0x7f0804d62000, pte=(STRUCT)[0x800000003ed6d025]);
 0)   0.151 us    |                    folio_mark_accessed(folio=0xfffff2a100fb5b40);
 0)   0.150 us    |                    arch_check_zapped_pte(vma=0xffff8f30831f80c0, pte=(STRUCT)[0x800000003ed6d025]);
 0)   0.160 us    |                    folio_remove_rmap_ptes(folio=0xfffff2a100fb5b40, page=0xfffff2a100fb5b40, nr_pages=1, vma=0xffff8f30831f80c0);
 0)   0.149 us    |                    __tlb_remove_folio_pages(tlb=0xffffd26ac050f938, page=0xfffff2a100fb5b40, nr_pages=0x1, delay_rmap=0x0);
 0)   0.160 us    |                    vm_normal_page(vma=0xffff8f30831f80c0, addr=0x7f0804d63000, pte=(STRUCT)[0x800000003ed6e025]);
 0)   0.160 us    |                    folio_mark_accessed(folio=0xfffff2a100fb5b80);
 0)   0.151 us    |                    arch_check_zapped_pte(vma=0xffff8f30831f80c0, pte=(STRUCT)[0x800000003ed6e025]);
 0)   0.150 us    |                    folio_remove_rmap_ptes(folio=0xfffff2a100fb5b80, page=0xfffff2a100fb5b80, nr_pages=1, vma=0xffff8f30831f80c0);
 0)   0.150 us    |                    __tlb_remove_folio_pages(tlb=0xffffd26ac050f938, page=0xfffff2a100fb5b80, nr_pages=0x1, delay_rmap=0x0);
 0)   0.160 us    |                    vm_normal_page(vma=0xffff8f30831f80c0, addr=0x7f0804d64000, pte=(STRUCT)[0x800000003ed6f025]);
 0)   0.150 us    |                    folio_mark_accessed(folio=0xfffff2a100fb5bc0);
 0)   0.151 us    |                    arch_check_zapped_pte(vma=0xffff8f30831f80c0, pte=(STRUCT)[0x800000003ed6f025]);
 0)   0.149 us    |                    folio_remove_rmap_ptes(folio=0xfffff2a100fb5bc0, page=0xfffff2a100fb5bc0, nr_pages=1, vma=0xffff8f30831f80c0);
 0)   0.150 us    |                    __tlb_remove_folio_pages(tlb=0xffffd26ac050f938, page=0xfffff2a100fb5bc0, nr_pages=0x1, delay_rmap=0x0);
 0)   0.160 us    |                    vm_normal_page(vma=0xffff8f30831f80c0, addr=0x7f0804d65000, pte=(STRUCT)[0x800000003ed70025]);
 0)   0.151 us    |                    folio_mark_accessed(folio=0xfffff2a100fb5c00);
 0)   0.150 us    |                    arch_check_zapped_pte(vma=0xffff8f30831f80c0, pte=(STRUCT)[0x800000003ed70025]);
 0)   0.151 us    |                    folio_remove_rmap_ptes(folio=0xfffff2a100fb5c00, page=0xfffff2a100fb5c00, nr_pages=1, vma=0xffff8f30831f80c0);
 0)   0.150 us    |                    __tlb_remove_folio_pages(tlb=0xffffd26ac050f938, page=0xfffff2a100fb5c00, nr_pages=0x1, delay_rmap=0x0);
 0)   0.161 us    |                    vm_normal_page(vma=0xffff8f30831f80c0, addr=0x7f0804d66000, pte=(STRUCT)[0x800000003ed71025]);
 0)   0.149 us    |                    folio_mark_accessed(folio=0xfffff2a100fb5c40);
 0)   0.150 us    |                    arch_check_zapped_pte(vma=0xffff8f30831f80c0, pte=(STRUCT)[0x800000003ed71025]);
 0)   0.150 us    |                    folio_remove_rmap_ptes(folio=0xfffff2a100fb5c40, page=0xfffff2a100fb5c40, nr_pages=1, vma=0xffff8f30831f80c0);
 0)   0.151 us    |                    __tlb_remove_folio_pages(tlb=0xffffd26ac050f938, page=0xfffff2a100fb5c40, nr_pages=0x1, delay_rmap=0x0);
 0)   0.160 us    |                    vm_normal_page(vma=0xffff8f30831f80c0, addr=0x7f0804d67000, pte=(STRUCT)[0x800000003ed72025]);
 0)   0.149 us    |                    folio_mark_accessed(folio=0xfffff2a100fb5c80);
 0)   0.151 us    |                    arch_check_zapped_pte(vma=0xffff8f30831f80c0, pte=(STRUCT)[0x800000003ed72025]);
 0)   0.150 us    |                    folio_remove_rmap_ptes(folio=0xfffff2a100fb5c80, page=0xfffff2a100fb5c80, nr_pages=1, vma=0xffff8f30831f80c0);
 0)   0.160 us    |                    __tlb_remove_folio_pages(tlb=0xffffd26ac050f938, page=0xfffff2a100fb5c80, nr_pages=0x1, delay_rmap=0x0);
 0)   0.160 us    |                    vm_normal_page(vma=0xffff8f30831f80c0, addr=0x7f0804d68000, pte=(STRUCT)[0x800000003ed73025]);
 0)   0.151 us    |                    folio_mark_accessed(folio=0xfffff2a100fb5cc0);
 0)   0.150 us    |                    arch_check_zapped_pte(vma=0xffff8f30831f80c0, pte=(STRUCT)[0x800000003ed73025]);
 0)   0.150 us    |                    folio_remove_rmap_ptes(folio=0xfffff2a100fb5cc0, page=0xfffff2a100fb5cc0, nr_pages=1, vma=0xffff8f30831f80c0);
 0)   0.149 us    |                    __tlb_remove_folio_pages(tlb=0xffffd26ac050f938, page=0xfffff2a100fb5cc0, nr_pages=0x1, delay_rmap=0x0);
 0)   0.160 us    |                    vm_normal_page(vma=0xffff8f30831f80c0, addr=0x7f0804d69000, pte=(STRUCT)[0x800000003ed74025]);
 0)   0.161 us    |                    folio_mark_accessed(folio=0xfffff2a100fb5d00);
 0)   0.320 us    |                    arch_check_zapped_pte(vma=0xffff8f30831f80c0, pte=(STRUCT)[0x800000003ed74025]);
 0)   0.150 us    |                    folio_remove_rmap_ptes(folio=0xfffff2a100fb5d00, page=0xfffff2a100fb5d00, nr_pages=1, vma=0xffff8f30831f80c0);
 0)   0.150 us    |                    __tlb_remove_folio_pages(tlb=0xffffd26ac050f938, page=0xfffff2a100fb5d00, nr_pages=0x1, delay_rmap=0x0);
 0)   0.160 us    |                    vm_normal_page(vma=0xffff8f30831f80c0, addr=0x7f0804d6a000, pte=(STRUCT)[0x800000003ed75025]);
 0)   0.150 us    |                    folio_mark_accessed(folio=0xfffff2a100fb5d40);
 0)   0.150 us    |                    arch_check_zapped_pte(vma=0xffff8f30831f80c0, pte=(STRUCT)[0x800000003ed75025]);
 0)   0.149 us    |                    folio_remove_rmap_ptes(folio=0xfffff2a100fb5d40, page=0xfffff2a100fb5d40, nr_pages=1, vma=0xffff8f30831f80c0);
 0)   0.160 us    |                    __tlb_remove_folio_pages(tlb=0xffffd26ac050f938, page=0xfffff2a100fb5d40, nr_pages=0x1, delay_rmap=0x0);
 0)   0.170 us    |                    vm_normal_page(vma=0xffff8f30831f80c0, addr=0x7f0804d6b000, pte=(STRUCT)[0x800000003ed76025]);
 0)   0.151 us    |                    folio_mark_accessed(folio=0xfffff2a100fb5d80);
 0)   0.150 us    |                    arch_check_zapped_pte(vma=0xffff8f30831f80c0, pte=(STRUCT)[0x800000003ed76025]);
 0)   0.151 us    |                    folio_remove_rmap_ptes(folio=0xfffff2a100fb5d80, page=0xfffff2a100fb5d80, nr_pages=1, vma=0xffff8f30831f80c0);
 0)   0.150 us    |                    __tlb_remove_folio_pages(tlb=0xffffd26ac050f938, page=0xfffff2a100fb5d80, nr_pages=0x1, delay_rmap=0x0);
 0)   0.160 us    |                    vm_normal_page(vma=0xffff8f30831f80c0, addr=0x7f0804d6c000, pte=(STRUCT)[0x800000003ed77025]);
 0)   0.160 us    |                    folio_mark_accessed(folio=0xfffff2a100fb5dc0);
 0)   0.161 us    |                    arch_check_zapped_pte(vma=0xffff8f30831f80c0, pte=(STRUCT)[0x800000003ed77025]);
 0)   0.161 us    |                    folio_remove_rmap_ptes(folio=0xfffff2a100fb5dc0, page=0xfffff2a100fb5dc0, nr_pages=1, vma=0xffff8f30831f80c0);
 0)   0.161 us    |                    __tlb_remove_folio_pages(tlb=0xffffd26ac050f938, page=0xfffff2a100fb5dc0, nr_pages=0x1, delay_rmap=0x0);
 0)   0.160 us    |                    vm_normal_page(vma=0xffff8f30831f80c0, addr=0x7f0804d6d000, pte=(STRUCT)[0x800000003ed78025]);
 0)   0.150 us    |                    folio_mark_accessed(folio=0xfffff2a100fb5e00);
 0)   0.151 us    |                    arch_check_zapped_pte(vma=0xffff8f30831f80c0, pte=(STRUCT)[0x800000003ed78025]);
 0)   0.150 us    |                    folio_remove_rmap_ptes(folio=0xfffff2a100fb5e00, page=0xfffff2a100fb5e00, nr_pages=1, vma=0xffff8f30831f80c0);
 0)   0.151 us    |                    __tlb_remove_folio_pages(tlb=0xffffd26ac050f938, page=0xfffff2a100fb5e00, nr_pages=0x1, delay_rmap=0x0);
 0)   0.161 us    |                    vm_normal_page(vma=0xffff8f30831f80c0, addr=0x7f0804d6e000, pte=(STRUCT)[0x800000003ed79025]);
 0)   0.151 us    |                    folio_mark_accessed(folio=0xfffff2a100fb5e40);
 0)   0.149 us    |                    arch_check_zapped_pte(vma=0xffff8f30831f80c0, pte=(STRUCT)[0x800000003ed79025]);
 0)   0.150 us    |                    folio_remove_rmap_ptes(folio=0xfffff2a100fb5e40, page=0xfffff2a100fb5e40, nr_pages=1, vma=0xffff8f30831f80c0);
 0)   0.150 us    |                    __tlb_remove_folio_pages(tlb=0xffffd26ac050f938, page=0xfffff2a100fb5e40, nr_pages=0x1, delay_rmap=0x0);
 0)   0.160 us    |                    vm_normal_page(vma=0xffff8f30831f80c0, addr=0x7f0804d6f000, pte=(STRUCT)[0x800000003ed7a025]);
 0)   0.150 us    |                    folio_mark_accessed(folio=0xfffff2a100fb5e80);
 0)   0.149 us    |                    arch_check_zapped_pte(vma=0xffff8f30831f80c0, pte=(STRUCT)[0x800000003ed7a025]);
 0)   0.151 us    |                    folio_remove_rmap_ptes(folio=0xfffff2a100fb5e80, page=0xfffff2a100fb5e80, nr_pages=1, vma=0xffff8f30831f80c0);
 0)   0.150 us    |                    __tlb_remove_folio_pages(tlb=0xffffd26ac050f938, page=0xfffff2a100fb5e80, nr_pages=0x1, delay_rmap=0x0);
 0)   0.160 us    |                    vm_normal_page(vma=0xffff8f30831f80c0, addr=0x7f0804d70000, pte=(STRUCT)[0x800000003ed7b025]);
 0)   0.160 us    |                    folio_mark_accessed(folio=0xfffff2a100fb5ec0);
 0)   0.151 us    |                    arch_check_zapped_pte(vma=0xffff8f30831f80c0, pte=(STRUCT)[0x800000003ed7b025]);
 0)   0.149 us    |                    folio_remove_rmap_ptes(folio=0xfffff2a100fb5ec0, page=0xfffff2a100fb5ec0, nr_pages=1, vma=0xffff8f30831f80c0);
 0)   0.150 us    |                    __tlb_remove_folio_pages(tlb=0xffffd26ac050f938, page=0xfffff2a100fb5ec0, nr_pages=0x1, delay_rmap=0x0);
 0)   0.160 us    |                    vm_normal_page(vma=0xffff8f30831f80c0, addr=0x7f0804d71000, pte=(STRUCT)[0x800000003ed7c025]);
 0)   0.150 us    |                    folio_mark_accessed(folio=0xfffff2a100fb5f00);
 0)   0.150 us    |                    arch_check_zapped_pte(vma=0xffff8f30831f80c0, pte=(STRUCT)[0x800000003ed7c025]);
 0)   0.149 us    |                    folio_remove_rmap_ptes(folio=0xfffff2a100fb5f00, page=0xfffff2a100fb5f00, nr_pages=1, vma=0xffff8f30831f80c0);
 0)   0.160 us    |                    __tlb_remove_folio_pages(tlb=0xffffd26ac050f938, page=0xfffff2a100fb5f00, nr_pages=0x1, delay_rmap=0x0);
 0)   0.161 us    |                    vm_normal_page(vma=0xffff8f30831f80c0, addr=0x7f0804d72000, pte=(STRUCT)[0x800000003ed7d025]);
 0)   0.151 us    |                    folio_mark_accessed(folio=0xfffff2a100fb5f40);
 0)   0.150 us    |                    arch_check_zapped_pte(vma=0xffff8f30831f80c0, pte=(STRUCT)[0x800000003ed7d025]);
 0)   0.151 us    |                    folio_remove_rmap_ptes(folio=0xfffff2a100fb5f40, page=0xfffff2a100fb5f40, nr_pages=1, vma=0xffff8f30831f80c0);
 0)   0.150 us    |                    __tlb_remove_folio_pages(tlb=0xffffd26ac050f938, page=0xfffff2a100fb5f40, nr_pages=0x1, delay_rmap=0x0);
 0)   0.160 us    |                    vm_normal_page(vma=0xffff8f30831f80c0, addr=0x7f0804d73000, pte=(STRUCT)[0x800000003ed7e025]);
 0)   0.160 us    |                    folio_mark_accessed(folio=0xfffff2a100fb5f80);
 0)   0.151 us    |                    arch_check_zapped_pte(vma=0xffff8f30831f80c0, pte=(STRUCT)[0x800000003ed7e025]);
 0)   0.150 us    |                    folio_remove_rmap_ptes(folio=0xfffff2a100fb5f80, page=0xfffff2a100fb5f80, nr_pages=1, vma=0xffff8f30831f80c0);
 0)   0.151 us    |                    __tlb_remove_folio_pages(tlb=0xffffd26ac050f938, page=0xfffff2a100fb5f80, nr_pages=0x1, delay_rmap=0x0);
 0)   0.160 us    |                    vm_normal_page(vma=0xffff8f30831f80c0, addr=0x7f0804d74000, pte=(STRUCT)[0x800000003ed7f025]);
 0)   0.150 us    |                    folio_mark_accessed(folio=0xfffff2a100fb5fc0);
 0)   0.151 us    |                    arch_check_zapped_pte(vma=0xffff8f30831f80c0, pte=(STRUCT)[0x800000003ed7f025]);
 0)   0.150 us    |                    folio_remove_rmap_ptes(folio=0xfffff2a100fb5fc0, page=0xfffff2a100fb5fc0, nr_pages=1, vma=0xffff8f30831f80c0);
 0)   0.151 us    |                    __tlb_remove_folio_pages(tlb=0xffffd26ac050f938, page=0xfffff2a100fb5fc0, nr_pages=0x1, delay_rmap=0x0);
 0)   0.170 us    |                    vm_normal_page(vma=0xffff8f30831f80c0, addr=0x7f0804d75000, pte=(STRUCT)[0x800000003edc0025]);
 0)   0.151 us    |                    folio_mark_accessed(folio=0xfffff2a100fb7000);
 0)   0.149 us    |                    arch_check_zapped_pte(vma=0xffff8f30831f80c0, pte=(STRUCT)[0x800000003edc0025]);
 0)   0.150 us    |                    folio_remove_rmap_ptes(folio=0xfffff2a100fb7000, page=0xfffff2a100fb7000, nr_pages=1, vma=0xffff8f30831f80c0);
 0)   0.150 us    |                    __tlb_remove_folio_pages(tlb=0xffffd26ac050f938, page=0xfffff2a100fb7000, nr_pages=0x1, delay_rmap=0x0);
 0)   0.441 us    |                    vm_normal_page(vma=0xffff8f30831f80c0, addr=0x7f0804d76000, pte=(STRUCT)[0x800000003edc1025]);
 0)   0.151 us    |                    folio_mark_accessed(folio=0xfffff2a100fb7040);
 0)   0.150 us    |                    arch_check_zapped_pte(vma=0xffff8f30831f80c0, pte=(STRUCT)[0x800000003edc1025]);
 0)   0.151 us    |                    folio_remove_rmap_ptes(folio=0xfffff2a100fb7040, page=0xfffff2a100fb7040, nr_pages=1, vma=0xffff8f30831f80c0);
 0)   0.149 us    |                    __tlb_remove_folio_pages(tlb=0xffffd26ac050f938, page=0xfffff2a100fb7040, nr_pages=0x1, delay_rmap=0x0);
 0)   0.160 us    |                    vm_normal_page(vma=0xffff8f30831f80c0, addr=0x7f0804d77000, pte=(STRUCT)[0x800000003edc2025]);
 0)   0.151 us    |                    folio_mark_accessed(folio=0xfffff2a100fb7080);
 0)   0.150 us    |                    arch_check_zapped_pte(vma=0xffff8f30831f80c0, pte=(STRUCT)[0x800000003edc2025]);
 0)   0.150 us    |                    folio_remove_rmap_ptes(folio=0xfffff2a100fb7080, page=0xfffff2a100fb7080, nr_pages=1, vma=0xffff8f30831f80c0);
 0)   0.149 us    |                    __tlb_remove_folio_pages(tlb=0xffffd26ac050f938, page=0xfffff2a100fb7080, nr_pages=0x1, delay_rmap=0x0);
 0)   0.160 us    |                    vm_normal_page(vma=0xffff8f30831f80c0, addr=0x7f0804d78000, pte=(STRUCT)[0x800000003edc3025]);
 0)   0.161 us    |                    folio_mark_accessed(folio=0xfffff2a100fb70c0);
 0)   0.149 us    |                    arch_check_zapped_pte(vma=0xffff8f30831f80c0, pte=(STRUCT)[0x800000003edc3025]);
 0)   0.150 us    |                    folio_remove_rmap_ptes(folio=0xfffff2a100fb70c0, page=0xfffff2a100fb70c0, nr_pages=1, vma=0xffff8f30831f80c0);
 0)   0.160 us    |                    __tlb_remove_folio_pages(tlb=0xffffd26ac050f938, page=0xfffff2a100fb70c0, nr_pages=0x1, delay_rmap=0x0);
 0)   0.171 us    |                    vm_normal_page(vma=0xffff8f30831f80c0, addr=0x7f0804d79000, pte=(STRUCT)[0x800000003edc4025]);
 0)   0.150 us    |                    folio_mark_accessed(folio=0xfffff2a100fb7100);
 0)   0.151 us    |                    arch_check_zapped_pte(vma=0xffff8f30831f80c0, pte=(STRUCT)[0x800000003edc4025]);
 0)   0.150 us    |                    folio_remove_rmap_ptes(folio=0xfffff2a100fb7100, page=0xfffff2a100fb7100, nr_pages=1, vma=0xffff8f30831f80c0);
 0)   0.151 us    |                    __tlb_remove_folio_pages(tlb=0xffffd26ac050f938, page=0xfffff2a100fb7100, nr_pages=0x1, delay_rmap=0x0);
 0)   0.160 us    |                    vm_normal_page(vma=0xffff8f30831f80c0, addr=0x7f0804d7a000, pte=(STRUCT)[0x800000003edc5025]);
 0)   0.160 us    |                    folio_mark_accessed(folio=0xfffff2a100fb7140);
 0)   0.151 us    |                    arch_check_zapped_pte(vma=0xffff8f30831f80c0, pte=(STRUCT)[0x800000003edc5025]);
 0)   0.150 us    |                    folio_remove_rmap_ptes(folio=0xfffff2a100fb7140, page=0xfffff2a100fb7140, nr_pages=1, vma=0xffff8f30831f80c0);
 0)   0.160 us    |                    __tlb_remove_folio_pages(tlb=0xffffd26ac050f938, page=0xfffff2a100fb7140, nr_pages=0x1, delay_rmap=0x0);
 0)   0.160 us    |                    vm_normal_page(vma=0xffff8f30831f80c0, addr=0x7f0804d7b000, pte=(STRUCT)[0x800000003edc6025]);
 0)   0.151 us    |                    folio_mark_accessed(folio=0xfffff2a100fb7180);
 0)   0.150 us    |                    arch_check_zapped_pte(vma=0xffff8f30831f80c0, pte=(STRUCT)[0x800000003edc6025]);
 0)   0.151 us    |                    folio_remove_rmap_ptes(folio=0xfffff2a100fb7180, page=0xfffff2a100fb7180, nr_pages=1, vma=0xffff8f30831f80c0);
 0)   0.150 us    |                    __tlb_remove_folio_pages(tlb=0xffffd26ac050f938, page=0xfffff2a100fb7180, nr_pages=0x1, delay_rmap=0x0);
 0)   0.161 us    |                    vm_normal_page(vma=0xffff8f30831f80c0, addr=0x7f0804d7c000, pte=(STRUCT)[0x800000003edc7025]);
 0)   0.151 us    |                    folio_mark_accessed(folio=0xfffff2a100fb71c0);
 0)   0.151 us    |                    arch_check_zapped_pte(vma=0xffff8f30831f80c0, pte=(STRUCT)[0x800000003edc7025]);
 0)   0.150 us    |                    folio_remove_rmap_ptes(folio=0xfffff2a100fb71c0, page=0xfffff2a100fb71c0, nr_pages=1, vma=0xffff8f30831f80c0);
 0)   0.151 us    |                    __tlb_remove_folio_pages(tlb=0xffffd26ac050f938, page=0xfffff2a100fb71c0, nr_pages=0x1, delay_rmap=0x0);
 0)   0.160 us    |                    vm_normal_page(vma=0xffff8f30831f80c0, addr=0x7f0804d7d000, pte=(STRUCT)[0x800000003edc8025]);
 0)   0.160 us    |                    folio_mark_accessed(folio=0xfffff2a100fb7200);
 0)   0.160 us    |                    arch_check_zapped_pte(vma=0xffff8f30831f80c0, pte=(STRUCT)[0x800000003edc8025]);
 0)   0.160 us    |                    folio_remove_rmap_ptes(folio=0xfffff2a100fb7200, page=0xfffff2a100fb7200, nr_pages=1, vma=0xffff8f30831f80c0);
 0)   0.149 us    |                    __tlb_remove_folio_pages(tlb=0xffffd26ac050f938, page=0xfffff2a100fb7200, nr_pages=0x1, delay_rmap=0x0);
 0)   0.160 us    |                    vm_normal_page(vma=0xffff8f30831f80c0, addr=0x7f0804d7e000, pte=(STRUCT)[0x800000003edc9025]);
 0)   0.151 us    |                    folio_mark_accessed(folio=0xfffff2a100fb7240);
 0)   0.160 us    |                    arch_check_zapped_pte(vma=0xffff8f30831f80c0, pte=(STRUCT)[0x800000003edc9025]);
 0)   0.150 us    |                    folio_remove_rmap_ptes(folio=0xfffff2a100fb7240, page=0xfffff2a100fb7240, nr_pages=1, vma=0xffff8f30831f80c0);
 0)   0.151 us    |                    __tlb_remove_folio_pages(tlb=0xffffd26ac050f938, page=0xfffff2a100fb7240, nr_pages=0x1, delay_rmap=0x0);
 0)   0.161 us    |                    vm_normal_page(vma=0xffff8f30831f80c0, addr=0x7f0804d7f000, pte=(STRUCT)[0x800000003edca025]);
 0)   0.160 us    |                    folio_mark_accessed(folio=0xfffff2a100fb7280);
 0)   0.161 us    |                    arch_check_zapped_pte(vma=0xffff8f30831f80c0, pte=(STRUCT)[0x800000003edca025]);
 0)   0.161 us    |                    folio_remove_rmap_ptes(folio=0xfffff2a100fb7280, page=0xfffff2a100fb7280, nr_pages=1, vma=0xffff8f30831f80c0);
 0)   0.150 us    |                    __tlb_remove_folio_pages(tlb=0xffffd26ac050f938, page=0xfffff2a100fb7280, nr_pages=0x1, delay_rmap=0x0);
 0)   0.160 us    |                    vm_normal_page(vma=0xffff8f30831f80c0, addr=0x7f0804d80000, pte=(STRUCT)[0x800000003edcb025]);
 0)   0.150 us    |                    folio_mark_accessed(folio=0xfffff2a100fb72c0);
 0)   0.160 us    |                    arch_check_zapped_pte(vma=0xffff8f30831f80c0, pte=(STRUCT)[0x800000003edcb025]);
 0)   0.160 us    |                    folio_remove_rmap_ptes(folio=0xfffff2a100fb72c0, page=0xfffff2a100fb72c0, nr_pages=1, vma=0xffff8f30831f80c0);
 0)   0.150 us    |                    __tlb_remove_folio_pages(tlb=0xffffd26ac050f938, page=0xfffff2a100fb72c0, nr_pages=0x1, delay_rmap=0x0);
 0)   0.160 us    |                    vm_normal_page(vma=0xffff8f30831f80c0, addr=0x7f0804d81000, pte=(STRUCT)[0x800000003edcc025]);
 0)   0.150 us    |                    folio_mark_accessed(folio=0xfffff2a100fb7300);
 0)   0.151 us    |                    arch_check_zapped_pte(vma=0xffff8f30831f80c0, pte=(STRUCT)[0x800000003edcc025]);
 0)   0.149 us    |                    folio_remove_rmap_ptes(folio=0xfffff2a100fb7300, page=0xfffff2a100fb7300, nr_pages=1, vma=0xffff8f30831f80c0);
 0)   0.160 us    |                    __tlb_remove_folio_pages(tlb=0xffffd26ac050f938, page=0xfffff2a100fb7300, nr_pages=0x1, delay_rmap=0x0);
 0)   0.161 us    |                    vm_normal_page(vma=0xffff8f30831f80c0, addr=0x7f0804d82000, pte=(STRUCT)[0x800000003edcd025]);
 0)   0.151 us    |                    folio_mark_accessed(folio=0xfffff2a100fb7340);
 0)   0.150 us    |                    arch_check_zapped_pte(vma=0xffff8f30831f80c0, pte=(STRUCT)[0x800000003edcd025]);
 0)   0.501 us    |                    folio_remove_rmap_ptes(folio=0xfffff2a100fb7340, page=0xfffff2a100fb7340, nr_pages=1, vma=0xffff8f30831f80c0);
 0)   0.150 us    |                    __tlb_remove_folio_pages(tlb=0xffffd26ac050f938, page=0xfffff2a100fb7340, nr_pages=0x1, delay_rmap=0x0);
 0)   0.161 us    |                    vm_normal_page(vma=0xffff8f30831f80c0, addr=0x7f0804d83000, pte=(STRUCT)[0x800000003edce025]);
 0)   0.160 us    |                    folio_mark_accessed(folio=0xfffff2a100fb7380);
 0)   0.150 us    |                    arch_check_zapped_pte(vma=0xffff8f30831f80c0, pte=(STRUCT)[0x800000003edce025]);
 0)   0.160 us    |                    folio_remove_rmap_ptes(folio=0xfffff2a100fb7380, page=0xfffff2a100fb7380, nr_pages=1, vma=0xffff8f30831f80c0);
 0)   0.151 us    |                    __tlb_remove_folio_pages(tlb=0xffffd26ac050f938, page=0xfffff2a100fb7380, nr_pages=0x1, delay_rmap=0x0);
 0)   0.160 us    |                    vm_normal_page(vma=0xffff8f30831f80c0, addr=0x7f0804d84000, pte=(STRUCT)[0x800000003edcf025]);
 0)   0.150 us    |                    folio_mark_accessed(folio=0xfffff2a100fb73c0);
 0)   0.150 us    |                    arch_check_zapped_pte(vma=0xffff8f30831f80c0, pte=(STRUCT)[0x800000003edcf025]);
 0)   0.150 us    |                    folio_remove_rmap_ptes(folio=0xfffff2a100fb73c0, page=0xfffff2a100fb73c0, nr_pages=1, vma=0xffff8f30831f80c0);
 0)   0.151 us    |                    __tlb_remove_folio_pages(tlb=0xffffd26ac050f938, page=0xfffff2a100fb73c0, nr_pages=0x1, delay_rmap=0x0);
 0)   0.150 us    |                    _raw_spin_lock_irqsave(lock=0xffff8f3083479a00);
 0)   0.160 us    |                    _raw_spin_unlock_irqrestore(lock=0xffff8f3083479a00, flags=0x296);
 0)   0.161 us    |                    _raw_spin_unlock(lock=0xfffff2a1000c17e8);
 0)   0.150 us    |                    __rcu_read_unlock();
 0) + 83.456 us   |                  }
 0)               |                  __zap_vma_range(tlb=0xffffd26ac050f938, vma=0xffff8f30831f8540, start=0x7f0804d85000, end=0x7f0804d89000, details=0xffffd26ac050f838) {
 0)   0.150 us    |                    uprobe_munmap(vma=0xffff8f30831f8540, start=0x7f0804d85000, end=0x7f0804d89000);
 0)               |                    pte_offset_map_lock(mm=0xffff8f3083479500, pmd=0xffff8f308305d130, addr=0x7f0804d85000, ptlp=0xffffd26ac050f7c0) {
 0)               |                      __pte_offset_map(pmd=0xffff8f308305d130, addr=0x7f0804d85000, pmdvalp=0xffffd26ac050f6d8) {
 0)   0.151 us    |                        __rcu_read_lock();
 0)   0.481 us    |                      }
 0)   0.150 us    |                      _raw_spin_lock(lock=0xfffff2a1000c17e8);
 0)   1.152 us    |                    }
 0)   0.160 us    |                    flush_tlb_batched_pending(mm=0xffff8f3083479500);
 0)   0.160 us    |                    vm_normal_page(vma=0xffff8f30831f8540, addr=0x7f0804d85000, pte=(STRUCT)[0x800000001c7b7867]);
 0)   0.149 us    |                    arch_check_zapped_pte(vma=0xffff8f30831f8540, pte=(STRUCT)[0x800000001c7b7867]);
 0)               |                    folio_remove_rmap_ptes(folio=0xfffff2a10071edc0, page=0xfffff2a10071edc0, nr_pages=1, vma=0xffff8f30831f8540) {
 0)               |                      lruvec_stat_mod_folio(folio=0xfffff2a10071edc0, idx=17 [NR_ANON_MAPPED], val=4294967295) {
 0)   0.150 us    |                        __rcu_read_lock();
 0)   0.149 us    |                        mod_node_page_state(pgdat=0xffff8f30bfeb9f80, item=17 [NR_ANON_MAPPED], delta=-1);
 0)               |                        __mod_memcg_lruvec_state(pn=0xffff8f3081351e00, idx=17 [NR_ANON_MAPPED], val=-1) {
 0)   0.160 us    |                          memcg_state_val_in_pages(idx=17, val=-1);
 0)   0.160 us    |                          __css_rstat_updated(css=0xffff8f3081341b00, cpu=0);
 0)   0.832 us    |                        }
 0)   0.160 us    |                        __rcu_read_unlock();
 0)   2.224 us    |                      }
 0)   2.555 us    |                    }
 0)   0.170 us    |                    __tlb_remove_folio_pages(tlb=0xffffd26ac050f938, page=0xfffff2a10071edc0, nr_pages=0x1, delay_rmap=0x0);
 0)   0.160 us    |                    vm_normal_page(vma=0xffff8f30831f8540, addr=0x7f0804d86000, pte=(STRUCT)[0x800000001c211867]);
 0)   0.150 us    |                    arch_check_zapped_pte(vma=0xffff8f30831f8540, pte=(STRUCT)[0x800000001c211867]);
 0)               |                    folio_remove_rmap_ptes(folio=0xfffff2a100708440, page=0xfffff2a100708440, nr_pages=1, vma=0xffff8f30831f8540) {
 0)               |                      lruvec_stat_mod_folio(folio=0xfffff2a100708440, idx=17 [NR_ANON_MAPPED], val=4294967295) {
 0)   0.160 us    |                        __rcu_read_lock();
 0)   0.161 us    |                        mod_node_page_state(pgdat=0xffff8f30bfeb9f80, item=17 [NR_ANON_MAPPED], delta=-1);
 0)               |                        __mod_memcg_lruvec_state(pn=0xffff8f3081351e00, idx=17 [NR_ANON_MAPPED], val=-1) {
 0)   0.149 us    |                          memcg_state_val_in_pages(idx=17, val=-1);
 0)   0.151 us    |                          __css_rstat_updated(css=0xffff8f3081341b00, cpu=0);
 0)   0.822 us    |                        }
 0)   0.150 us    |                        __rcu_read_unlock();
 0)   2.144 us    |                      }
 0)   2.475 us    |                    }
 0)   0.151 us    |                    __tlb_remove_folio_pages(tlb=0xffffd26ac050f938, page=0xfffff2a100708440, nr_pages=0x1, delay_rmap=0x0);
 0)   0.160 us    |                    vm_normal_page(vma=0xffff8f30831f8540, addr=0x7f0804d87000, pte=(STRUCT)[0x8000000018cc4867]);
 0)   0.160 us    |                    arch_check_zapped_pte(vma=0xffff8f30831f8540, pte=(STRUCT)[0x8000000018cc4867]);
 0)               |                    folio_remove_rmap_ptes(folio=0xfffff2a100633100, page=0xfffff2a100633100, nr_pages=1, vma=0xffff8f30831f8540) {
 0)               |                      lruvec_stat_mod_folio(folio=0xfffff2a100633100, idx=17 [NR_ANON_MAPPED], val=4294967295) {
 0)   0.150 us    |                        __rcu_read_lock();
 0)   0.151 us    |                        mod_node_page_state(pgdat=0xffff8f30bfeb9f80, item=17 [NR_ANON_MAPPED], delta=-1);
 0)               |                        __mod_memcg_lruvec_state(pn=0xffff8f3081351e00, idx=17 [NR_ANON_MAPPED], val=-1) {
 0)   0.160 us    |                          memcg_state_val_in_pages(idx=17, val=-1);
 0)   0.160 us    |                          __css_rstat_updated(css=0xffff8f3081341b00, cpu=0);
 0)   0.811 us    |                        }
 0)   0.150 us    |                        __rcu_read_unlock();
 0)   2.135 us    |                      }
 0)   2.464 us    |                    }
 0)   0.151 us    |                    __tlb_remove_folio_pages(tlb=0xffffd26ac050f938, page=0xfffff2a100633100, nr_pages=0x1, delay_rmap=0x0);
 0)   0.170 us    |                    vm_normal_page(vma=0xffff8f30831f8540, addr=0x7f0804d88000, pte=(STRUCT)[0x8000000018cd3867]);
 0)   0.151 us    |                    arch_check_zapped_pte(vma=0xffff8f30831f8540, pte=(STRUCT)[0x8000000018cd3867]);
 0)               |                    folio_remove_rmap_ptes(folio=0xfffff2a1006334c0, page=0xfffff2a1006334c0, nr_pages=1, vma=0xffff8f30831f8540) {
 0)               |                      lruvec_stat_mod_folio(folio=0xfffff2a1006334c0, idx=17 [NR_ANON_MAPPED], val=4294967295) {
 0)   0.151 us    |                        __rcu_read_lock();
 0)   0.150 us    |                        mod_node_page_state(pgdat=0xffff8f30bfeb9f80, item=17 [NR_ANON_MAPPED], delta=-1);
 0)               |                        __mod_memcg_lruvec_state(pn=0xffff8f3081351e00, idx=17 [NR_ANON_MAPPED], val=-1) {
 0)   0.150 us    |                          memcg_state_val_in_pages(idx=17, val=-1);
 0)   0.151 us    |                          __css_rstat_updated(css=0xffff8f3081341b00, cpu=0);
 0)   0.872 us    |                        }
 0)   0.150 us    |                        __rcu_read_unlock();
 0)   2.204 us    |                      }
 0)   2.525 us    |                    }
 0)   0.161 us    |                    __tlb_remove_folio_pages(tlb=0xffffd26ac050f938, page=0xfffff2a1006334c0, nr_pages=0x1, delay_rmap=0x0);
 0)   0.161 us    |                    _raw_spin_unlock(lock=0xfffff2a1000c17e8);
 0)   0.151 us    |                    __rcu_read_unlock();
 0) + 17.744 us   |                  }
 0)               |                  __zap_vma_range(tlb=0xffffd26ac050f938, vma=0xffff8f30831f8480, start=0x7f0804d89000, end=0x7f0804d8b000, details=0xffffd26ac050f838) {
 0)               |                    pte_offset_map_lock(mm=0xffff8f3083479500, pmd=0xffff8f308305d130, addr=0x7f0804d89000, ptlp=0xffffd26ac050f7c0) {
 0)               |                      __pte_offset_map(pmd=0xffff8f308305d130, addr=0x7f0804d89000, pmdvalp=0xffffd26ac050f6d8) {
 0)   0.151 us    |                        __rcu_read_lock();
 0)   0.481 us    |                      }
 0)   0.161 us    |                      _raw_spin_lock(lock=0xfffff2a1000c17e8);
 0)   1.152 us    |                    }
 0)   0.160 us    |                    flush_tlb_batched_pending(mm=0xffff8f3083479500);
 0)   0.170 us    |                    vm_normal_page(vma=0xffff8f30831f8480, addr=0x7f0804d89000, pte=(STRUCT)[0x800000001c613867]);
 0)   0.151 us    |                    arch_check_zapped_pte(vma=0xffff8f30831f8480, pte=(STRUCT)[0x800000001c613867]);
 0)               |                    folio_remove_rmap_ptes(folio=0xfffff2a1007184c0, page=0xfffff2a1007184c0, nr_pages=1, vma=0xffff8f30831f8480) {
 0)               |                      lruvec_stat_mod_folio(folio=0xfffff2a1007184c0, idx=17 [NR_ANON_MAPPED], val=4294967295) {
 0)   0.150 us    |                        __rcu_read_lock();
 0)   0.149 us    |                        mod_node_page_state(pgdat=0xffff8f30bfeb9f80, item=17 [NR_ANON_MAPPED], delta=-1);
 0)               |                        __mod_memcg_lruvec_state(pn=0xffff8f3081351e00, idx=17 [NR_ANON_MAPPED], val=-1) {
 0)   0.160 us    |                          memcg_state_val_in_pages(idx=17, val=-1);
 0)   0.160 us    |                          __css_rstat_updated(css=0xffff8f3081341b00, cpu=0);
 0)   0.832 us    |                        }
 0)   0.160 us    |                        __rcu_read_unlock();
 0)   2.144 us    |                      }
 0)   2.485 us    |                    }
 0)   0.150 us    |                    __tlb_remove_folio_pages(tlb=0xffffd26ac050f938, page=0xfffff2a1007184c0, nr_pages=0x1, delay_rmap=0x0);
 0)   0.161 us    |                    vm_normal_page(vma=0xffff8f30831f8480, addr=0x7f0804d8a000, pte=(STRUCT)[0x800000001c612867]);
 0)   0.160 us    |                    arch_check_zapped_pte(vma=0xffff8f30831f8480, pte=(STRUCT)[0x800000001c612867]);
 0)               |                    folio_remove_rmap_ptes(folio=0xfffff2a100718480, page=0xfffff2a100718480, nr_pages=1, vma=0xffff8f30831f8480) {
 0)               |                      lruvec_stat_mod_folio(folio=0xfffff2a100718480, idx=17 [NR_ANON_MAPPED], val=4294967295) {
 0)   0.151 us    |                        __rcu_read_lock();
 0)   0.149 us    |                        mod_node_page_state(pgdat=0xffff8f30bfeb9f80, item=17 [NR_ANON_MAPPED], delta=-1);
 0)               |                        __mod_memcg_lruvec_state(pn=0xffff8f3081351e00, idx=17 [NR_ANON_MAPPED], val=-1) {
 0)   0.150 us    |                          memcg_state_val_in_pages(idx=17, val=-1);
 0)   0.150 us    |                          __css_rstat_updated(css=0xffff8f3081341b00, cpu=0);
 0)   0.812 us    |                        }
 0)   0.150 us    |                        __rcu_read_unlock();
 0)   2.133 us    |                      }
 0)   2.615 us    |                    }
 0)   0.151 us    |                    __tlb_remove_folio_pages(tlb=0xffffd26ac050f938, page=0xfffff2a100718480, nr_pages=0x1, delay_rmap=0x0);
 0)   0.160 us    |                    _raw_spin_unlock(lock=0xfffff2a1000c17e8);
 0)   0.161 us    |                    __rcu_read_unlock();
 0) + 10.048 us   |                  }
 0)               |                  __zap_vma_range(tlb=0xffffd26ac050f938, vma=0xffff8f30840b0e40, start=0x7fffb8105000, end=0x7fffb8126000, details=0xffffd26ac050f838) {
 0)               |                    pte_offset_map_lock(mm=0xffff8f3083479500, pmd=0xffff8f3085325e00, addr=0x7fffb8105000, ptlp=0xffffd26ac050f7c0) {
 0)               |                      __pte_offset_map(pmd=0xffff8f3085325e00, addr=0x7fffb8105000, pmdvalp=0xffffd26ac050f6d8) {
 0)   0.160 us    |                        __rcu_read_lock();
 0)   0.481 us    |                      }
 0)   0.160 us    |                      _raw_spin_lock(lock=0xfffff2a10014d168);
 0)   1.153 us    |                    }
 0)   0.161 us    |                    flush_tlb_batched_pending(mm=0xffff8f3083479500);
 0)   0.160 us    |                    vm_normal_page(vma=0xffff8f30840b0e40, addr=0x7fffb8123000, pte=(STRUCT)[0x800000001c99c867]);
 0)   0.150 us    |                    arch_check_zapped_pte(vma=0xffff8f30840b0e40, pte=(STRUCT)[0x800000001c99c867]);
 0)               |                    folio_remove_rmap_ptes(folio=0xfffff2a100726700, page=0xfffff2a100726700, nr_pages=1, vma=0xffff8f30840b0e40) {
 0)               |                      lruvec_stat_mod_folio(folio=0xfffff2a100726700, idx=17 [NR_ANON_MAPPED], val=4294967295) {
 0)   0.150 us    |                        __rcu_read_lock();
 0)   0.150 us    |                        mod_node_page_state(pgdat=0xffff8f30bfeb9f80, item=17 [NR_ANON_MAPPED], delta=-1);
 0)               |                        __mod_memcg_lruvec_state(pn=0xffff8f3081351e00, idx=17 [NR_ANON_MAPPED], val=-1) {
 0)   0.160 us    |                          memcg_state_val_in_pages(idx=17, val=-1);
 0)   0.160 us    |                          __css_rstat_updated(css=0xffff8f3081341b00, cpu=0);
 0)   0.821 us    |                        }
 0)   0.160 us    |                        __rcu_read_unlock();
 0)   2.134 us    |                      }
 0)   2.475 us    |                    }
 0)   0.160 us    |                    __tlb_remove_folio_pages(tlb=0xffffd26ac050f938, page=0xfffff2a100726700, nr_pages=0x1, delay_rmap=0x0);
 0)   0.161 us    |                    vm_normal_page(vma=0xffff8f30840b0e40, addr=0x7fffb8124000, pte=(STRUCT)[0x8000000018c1e867]);
 0)   0.160 us    |                    arch_check_zapped_pte(vma=0xffff8f30840b0e40, pte=(STRUCT)[0x8000000018c1e867]);
 0)               |                    folio_remove_rmap_ptes(folio=0xfffff2a100630780, page=0xfffff2a100630780, nr_pages=1, vma=0xffff8f30840b0e40) {
 0)               |                      lruvec_stat_mod_folio(folio=0xfffff2a100630780, idx=17 [NR_ANON_MAPPED], val=4294967295) {
 0)   0.151 us    |                        __rcu_read_lock();
 0)   0.160 us    |                        mod_node_page_state(pgdat=0xffff8f30bfeb9f80, item=17 [NR_ANON_MAPPED], delta=-1);
 0)               |                        __mod_memcg_lruvec_state(pn=0xffff8f3081351e00, idx=17 [NR_ANON_MAPPED], val=-1) {
 0)   0.150 us    |                          memcg_state_val_in_pages(idx=17, val=-1);
 0)   0.151 us    |                          __css_rstat_updated(css=0xffff8f3081341b00, cpu=0);
 0)   0.821 us    |                        }
 0)   0.160 us    |                        __rcu_read_unlock();
 0)   2.134 us    |                      }
 0)   2.464 us    |                    }
 0)   0.150 us    |                    __tlb_remove_folio_pages(tlb=0xffffd26ac050f938, page=0xfffff2a100630780, nr_pages=0x1, delay_rmap=0x0);
 0)   0.300 us    |                    vm_normal_page(vma=0xffff8f30840b0e40, addr=0x7fffb8125000, pte=(STRUCT)[0x8000000018d11867]);
 0)   0.150 us    |                    arch_check_zapped_pte(vma=0xffff8f30840b0e40, pte=(STRUCT)[0x8000000018d11867]);
 0)               |                    folio_remove_rmap_ptes(folio=0xfffff2a100634440, page=0xfffff2a100634440, nr_pages=1, vma=0xffff8f30840b0e40) {
 0)               |                      lruvec_stat_mod_folio(folio=0xfffff2a100634440, idx=17 [NR_ANON_MAPPED], val=4294967295) {
 0)   0.150 us    |                        __rcu_read_lock();
 0)   0.161 us    |                        mod_node_page_state(pgdat=0xffff8f30bfeb9f80, item=17 [NR_ANON_MAPPED], delta=-1);
 0)               |                        __mod_memcg_lruvec_state(pn=0xffff8f3081351e00, idx=17 [NR_ANON_MAPPED], val=-1) {
 0)   0.151 us    |                          memcg_state_val_in_pages(idx=17, val=-1);
 0)   0.150 us    |                          __css_rstat_updated(css=0xffff8f3081341b00, cpu=0);
 0)   0.822 us    |                        }
 0)   0.160 us    |                        __rcu_read_unlock();
 0)   2.134 us    |                      }
 0)   2.464 us    |                    }
 0)   0.150 us    |                    __tlb_remove_folio_pages(tlb=0xffffd26ac050f938, page=0xfffff2a100634440, nr_pages=0x1, delay_rmap=0x0);
 0)   0.160 us    |                    _raw_spin_unlock(lock=0xfffff2a10014d168);
 0)   0.160 us    |                    __rcu_read_unlock();
 0) + 13.826 us   |                  }
 0) ! 386.234 us  |                }
 0)   0.160 us    |                up_read(sem=0xffff8f3083479690);
 0)   0.161 us    |                down_write(sem=0xffff8f3083479690);
 0)               |                free_pgtables(tlb=0xffffd26ac050f938, unmap=0xffffd26ac050f898) {
 0)               |                  __vma_start_write(vma=0xffff8f3083259300, state=2) {
 0)               |                    __vma_start_exclude_readers(ves=0xffffd26ac050f7d8) {
 0)   0.150 us    |                      finish_rcuwait(w=0xffff8f30834796c0);
 0)   0.532 us    |                    }
 0)   0.872 us    |                  }
 0)   0.171 us    |                  unlink_anon_vmas(vma=0xffff8f3083259300);
 0)   0.160 us    |                  unlink_file_vma_batch_init(vb=0xffffd26ac050f810);
 0)   0.160 us    |                  unlink_file_vma_batch_add(vb=0xffffd26ac050f810, vma=0xffff8f3083259300);
 0)               |                  __vma_start_write(vma=0xffff8f3082e42a80, state=2) {
 0)               |                    __vma_start_exclude_readers(ves=0xffffd26ac050f7d8) {
 0)   0.150 us    |                      finish_rcuwait(w=0xffff8f30834796c0);
 0)   0.490 us    |                    }
 0)   0.821 us    |                  }
 0)               |                  unlink_anon_vmas(vma=0xffff8f3082e42a80) {
 0)   0.160 us    |                    down_write(sem=0xffff8f3083274788);
 0)   0.181 us    |                    anon_vma_interval_tree_remove(node=0xffff8f3081a720c0, root=0xffff8f30832747c8);
 0)   0.160 us    |                    up_write(sem=0xffff8f3083274788);
 0)               |                    __put_anon_vma(anon_vma=0xffff8f3083274780) {
 0)   0.230 us    |                      kmem_cache_free(s=0xffff8f3081274800, x=0xffff8f3083274780);
 0)   0.590 us    |                    }
 0)   0.231 us    |                    kmem_cache_free(s=0xffff8f3081274700, x=0xffff8f3081a720c0);
 0)   2.495 us    |                  }
 0)   0.161 us    |                  unlink_file_vma_batch_add(vb=0xffffd26ac050f810, vma=0xffff8f3082e42a80);
 0)   0.160 us    |                  unlink_file_vma_batch_final(vb=0xffffd26ac050f810);
 0)               |                  free_pgd_range(tlb=0xffffd26ac050f938, addr=0x555566d3c000, end=0x555566d3e000, floor=0x0, ceiling=0x7f0804c7e000) {
 0)               |                    ___pte_free_tlb(tlb=0xffffd26ac050f938, pte=0xfffff2a1000b9400) {
 0)               |                      tlb_remove_table(tlb=0xffffd26ac050f938, table=0xfffff2a1000b9400) {
 0)               |                        get_free_pages_noprof(gfp_mask=0x2800, order=0x0) {
 0)               |                          alloc_pages_noprof(gfp=0x2800, order=0x0) {
 0)               |                            alloc_pages_mpol(gfp=0x2800, order=0x0, pol=0xffffffffb05b36a0, ilx=0xffffffffffffffff, nid=0) {
 0)   0.161 us    |                              policy_nodemask(gfp=0x2800, pol=0xffffffffb05b36a0, ilx=0xffffffffffffffff, nid=0xffffd26ac050f6ec);
 0)               |                              __alloc_frozen_pages_noprof(gfp=0x2800, order=0x0, preferred_nid=0, nodemask=0x0) {
 0)               |                                get_page_from_freelist(gfp_mask=0x2800, order=0x0, alloc_flags=2049, ac=0xffffd26ac050f688) {
 0)   0.160 us    |                                  _raw_spin_trylock(lock=0xffff8f30bec38e80);
 0)   0.171 us    |                                  _raw_spin_unlock(lock=0xffff8f30bec38e80);
 0)   0.370 us    |                                  kernel_init_pages(page=0xfffff2a1000d75c0, numpages=1);
 0)   1.492 us    |                                }
 0)   1.833 us    |                              }
 0)   2.525 us    |                            }
 0)   2.855 us    |                          }
 0)   3.195 us    |                        }
 0)   3.547 us    |                      }
 0)   3.887 us    |                    }
 0)               |                    ___pmd_free_tlb(tlb=0xffffd26ac050f938, pmd=0xffff8f30833fd000) {
 0)   0.160 us    |                      tlb_remove_table(tlb=0xffffd26ac050f938, table=0xfffff2a1000cff40);
 0)   0.501 us    |                    }
 0)               |                    ___pud_free_tlb(tlb=0xffffd26ac050f938, pud=0xffff8f3083071000) {
 0)   0.150 us    |                      tlb_remove_table(tlb=0xffffd26ac050f938, table=0xfffff2a1000c1c40);
 0)   0.491 us    |                    }
 0)   5.771 us    |                  }
 0)               |                  __vma_start_write(vma=0xffff8f3083259a80, state=2) {
 0)               |                    __vma_start_exclude_readers(ves=0xffffd26ac050f7d8) {
 0)   0.151 us    |                      finish_rcuwait(w=0xffff8f30834796c0);
 0)   0.491 us    |                    }
 0)   0.832 us    |                  }
 0)               |                  unlink_anon_vmas(vma=0xffff8f3083259a80) {
 0)   0.160 us    |                    down_write(sem=0xffff8f3083274848);
 0)   0.171 us    |                    anon_vma_interval_tree_remove(node=0xffff8f30840c6bc0, root=0xffff8f3083274888);
 0)   0.150 us    |                    up_write(sem=0xffff8f3083274848);
 0)               |                    __put_anon_vma(anon_vma=0xffff8f3083274840) {
 0)   0.161 us    |                      kmem_cache_free(s=0xffff8f3081274800, x=0xffff8f3083274840);
 0)   0.492 us    |                    }
 0)   0.150 us    |                    kmem_cache_free(s=0xffff8f3081274700, x=0xffff8f30840c6bc0);
 0)   2.204 us    |                  }
 0)   0.150 us    |                  unlink_file_vma_batch_init(vb=0xffffd26ac050f810);
 0)   0.161 us    |                  unlink_file_vma_batch_add(vb=0xffffd26ac050f810, vma=0xffff8f3083259a80);
 0)               |                  __vma_start_write(vma=0xffff8f3083259240, state=2) {
 0)               |                    __vma_start_exclude_readers(ves=0xffffd26ac050f7d8) {
 0)   0.150 us    |                      finish_rcuwait(w=0xffff8f30834796c0);
 0)   0.550 us    |                    }
 0)   0.892 us    |                  }
 0)   0.160 us    |                  unlink_anon_vmas(vma=0xffff8f3083259240);
 0)   0.160 us    |                  unlink_file_vma_batch_add(vb=0xffffd26ac050f810, vma=0xffff8f3083259240);
 0)               |                  __vma_start_write(vma=0xffff8f3083259cc0, state=2) {
 0)               |                    __vma_start_exclude_readers(ves=0xffffd26ac050f7d8) {
 0)   0.151 us    |                      finish_rcuwait(w=0xffff8f30834796c0);
 0)   0.491 us    |                    }
 0)   0.821 us    |                  }
 0)   0.160 us    |                  unlink_anon_vmas(vma=0xffff8f3083259cc0);
 0)   0.151 us    |                  unlink_file_vma_batch_add(vb=0xffffd26ac050f810, vma=0xffff8f3083259cc0);
 0)               |                  __vma_start_write(vma=0xffff8f308308b300, state=2) {
 0)               |                    __vma_start_exclude_readers(ves=0xffffd26ac050f7d8) {
 0)   0.151 us    |                      finish_rcuwait(w=0xffff8f30834796c0);
 0)   0.491 us    |                    }
 0)   0.821 us    |                  }
 0)   0.161 us    |                  unlink_anon_vmas(vma=0xffff8f308308b300);
 0)   0.161 us    |                  unlink_file_vma_batch_add(vb=0xffffd26ac050f810, vma=0xffff8f308308b300);
 0)               |                  __vma_start_write(vma=0xffff8f30831f8e40, state=2) {
 0)               |                    __vma_start_exclude_readers(ves=0xffffd26ac050f7d8) {
 0)   0.149 us    |                      finish_rcuwait(w=0xffff8f30834796c0);
 0)   0.491 us    |                    }
 0)   0.821 us    |                  }
 0)   0.151 us    |                  unlink_anon_vmas(vma=0xffff8f30831f8e40);
 0)   0.160 us    |                  unlink_file_vma_batch_add(vb=0xffffd26ac050f810, vma=0xffff8f30831f8e40);
 0)               |                  __vma_start_write(vma=0xffff8f30831f8780, state=2) {
 0)               |                    __vma_start_exclude_readers(ves=0xffffd26ac050f7d8) {
 0)   0.151 us    |                      finish_rcuwait(w=0xffff8f30834796c0);
 0)   0.481 us    |                    }
 0)   0.812 us    |                  }
 0)   0.150 us    |                  unlink_anon_vmas(vma=0xffff8f30831f8780);
 0)   0.160 us    |                  unlink_file_vma_batch_add(vb=0xffffd26ac050f810, vma=0xffff8f30831f8780);
 0)               |                  __vma_start_write(vma=0xffff8f30831f80c0, state=2) {
 0)               |                    __vma_start_exclude_readers(ves=0xffffd26ac050f7d8) {
 0)   0.151 us    |                      finish_rcuwait(w=0xffff8f30834796c0);
 0)   0.492 us    |                    }
 0)   0.822 us    |                  }
 0)   0.150 us    |                  unlink_anon_vmas(vma=0xffff8f30831f80c0);
 0)   0.151 us    |                  unlink_file_vma_batch_add(vb=0xffffd26ac050f810, vma=0xffff8f30831f80c0);
 0)               |                  __vma_start_write(vma=0xffff8f30831f8540, state=2) {
 0)               |                    __vma_start_exclude_readers(ves=0xffffd26ac050f7d8) {
 0)   0.150 us    |                      finish_rcuwait(w=0xffff8f30834796c0);
 0)   0.490 us    |                    }
 0)   0.952 us    |                  }
 0)               |                  unlink_anon_vmas(vma=0xffff8f30831f8540) {
 0)   0.160 us    |                    down_write(sem=0xffff8f3083274e48);
 0)   0.160 us    |                    anon_vma_interval_tree_remove(node=0xffff8f30840c6180, root=0xffff8f3083274e88);
 0)   0.150 us    |                    up_write(sem=0xffff8f3083274e48);
 0)               |                    __put_anon_vma(anon_vma=0xffff8f3083274e40) {
 0)   0.160 us    |                      kmem_cache_free(s=0xffff8f3081274800, x=0xffff8f3083274e40);
 0)   0.481 us    |                    }
 0)   0.160 us    |                    kmem_cache_free(s=0xffff8f3081274700, x=0xffff8f30840c6180);
 0)   2.173 us    |                  }
 0)   0.160 us    |                  unlink_file_vma_batch_add(vb=0xffffd26ac050f810, vma=0xffff8f30831f8540);
 0)               |                  __vma_start_write(vma=0xffff8f30831f8480, state=2) {
 0)               |                    __vma_start_exclude_readers(ves=0xffffd26ac050f7d8) {
 0)   0.150 us    |                      finish_rcuwait(w=0xffff8f30834796c0);
 0)   0.481 us    |                    }
 0)   0.821 us    |                  }
 0)               |                  unlink_anon_vmas(vma=0xffff8f30831f8480) {
 0)   0.150 us    |                    down_write(sem=0xffff8f3083274908);
 0)   0.160 us    |                    anon_vma_interval_tree_remove(node=0xffff8f30840c6980, root=0xffff8f3083274948);
 0)   0.150 us    |                    up_write(sem=0xffff8f3083274908);
 0)               |                    __put_anon_vma(anon_vma=0xffff8f3083274900) {
 0)   0.160 us    |                      kmem_cache_free(s=0xffff8f3081274800, x=0xffff8f3083274900);
 0)   0.490 us    |                    }
 0)   0.160 us    |                    kmem_cache_free(s=0xffff8f3081274700, x=0xffff8f30840c6980);
 0)   2.164 us    |                  }
 0)   0.161 us    |                  unlink_file_vma_batch_add(vb=0xffffd26ac050f810, vma=0xffff8f30831f8480);
 0)               |                  unlink_file_vma_batch_final(vb=0xffffd26ac050f810) {
 0)               |                    unlink_file_vma_batch_process(vb=0xffffd26ac050f810) {
 0)   0.160 us    |                      down_write(sem=0xffff8f3081b60830);
 0)   0.221 us    |                      vma_interval_tree_remove(node=0xffff8f30831f8e40, root=0xffff8f3081b607f8);
 0)   0.170 us    |                      vma_interval_tree_remove(node=0xffff8f30831f8780, root=0xffff8f3081b607f8);
 0)   0.161 us    |                      vma_interval_tree_remove(node=0xffff8f30831f80c0, root=0xffff8f3081b607f8);
 0)   0.191 us    |                      vma_interval_tree_remove(node=0xffff8f30831f8540, root=0xffff8f3081b607f8);
 0)   0.160 us    |                      up_write(sem=0xffff8f3081b60830);
 0)   2.304 us    |                    }
 0)   2.676 us    |                  }
 0)               |                  free_pgd_range(tlb=0xffffd26ac050f938, addr=0x7f0804c7e000, end=0x7f0804d8b000, floor=0x0, ceiling=0x7fffb8105000) {
 0)               |                    ___pte_free_tlb(tlb=0xffffd26ac050f938, pte=0xfffff2a1000c17c0) {
 0)   0.160 us    |                      tlb_remove_table(tlb=0xffffd26ac050f938, table=0xfffff2a1000c17c0);
 0)   0.481 us    |                    }
 0)               |                    ___pmd_free_tlb(tlb=0xffffd26ac050f938, pmd=0xffff8f308305d000) {
 0)   0.161 us    |                      tlb_remove_table(tlb=0xffffd26ac050f938, table=0xfffff2a1000c1740);
 0)   0.552 us    |                    }
 0)               |                    ___pud_free_tlb(tlb=0xffffd26ac050f938, pud=0xffff8f30833ff000) {
 0)   0.160 us    |                      tlb_remove_table(tlb=0xffffd26ac050f938, table=0xfffff2a1000cffc0);
 0)   0.501 us    |                    }
 0)   2.305 us    |                  }
 0)               |                  __vma_start_write(vma=0xffff8f30840b0e40, state=2) {
 0)               |                    __vma_start_exclude_readers(ves=0xffffd26ac050f7d8) {
 0)   0.151 us    |                      finish_rcuwait(w=0xffff8f30834796c0);
 0)   0.481 us    |                    }
 0)   0.821 us    |                  }
 0)               |                  unlink_anon_vmas(vma=0xffff8f30840b0e40) {
 0)   0.150 us    |                    down_write(sem=0xffff8f3083275ea8);
 0)   0.160 us    |                    anon_vma_interval_tree_remove(node=0xffff8f30812a3900, root=0xffff8f3083275ee8);
 0)   0.150 us    |                    up_write(sem=0xffff8f3083275ea8);
 0)               |                    __put_anon_vma(anon_vma=0xffff8f3083275ea0) {
 0)   0.461 us    |                      kmem_cache_free(s=0xffff8f3081274800, x=0xffff8f3083275ea0);
 0)   0.801 us    |                    }
 0)   0.221 us    |                    kmem_cache_free(s=0xffff8f3081274700, x=0xffff8f30812a3900);
 0)   2.715 us    |                  }
 0)   0.161 us    |                  unlink_file_vma_batch_init(vb=0xffffd26ac050f810);
 0)   0.160 us    |                  unlink_file_vma_batch_add(vb=0xffffd26ac050f810, vma=0xffff8f30840b0e40);
 0)   0.160 us    |                  unlink_file_vma_batch_final(vb=0xffffd26ac050f810);
 0)               |                  free_pgd_range(tlb=0xffffd26ac050f938, addr=0x7fffb8105000, end=0x7fffb8126000, floor=0x0, ceiling=0x0) {
 0)               |                    ___pte_free_tlb(tlb=0xffffd26ac050f938, pte=0xfffff2a10014d140) {
 0)   0.160 us    |                      tlb_remove_table(tlb=0xffffd26ac050f938, table=0xfffff2a10014d140);
 0)   0.481 us    |                    }
 0)               |                    ___pmd_free_tlb(tlb=0xffffd26ac050f938, pmd=0xffff8f3085325000) {
 0)   0.161 us    |                      tlb_remove_table(tlb=0xffffd26ac050f938, table=0xfffff2a10014c940);
 0)   0.491 us    |                    }
 0)               |                    ___pud_free_tlb(tlb=0xffffd26ac050f938, pud=0xffff8f30835d4000) {
 0)   0.150 us    |                      tlb_remove_table(tlb=0xffffd26ac050f938, table=0xfffff2a1000d7500);
 0)   0.490 us    |                    }
 0)   2.255 us    |                  }
 0) + 47.159 us   |                }
 0)               |                tlb_finish_mmu(tlb=0xffffd26ac050f938) {
 0)   0.220 us    |                  flush_tlb_mm_range(mm=0xffff8f3083479500, start=0x0, end=0xffffffffffffffff, stride_shift=0xc, freed_tables=0x1);
 0)               |                  call_rcu(head=0xffff8f30835d7000, func=0xffffffffad6d6110) {
 0)               |                    __call_rcu_common(head=0xffff8f30835d7000, func=0xffffffffad6d6110, lazy_in=0x1) {
 0)   0.149 us    |                      rcu_async_should_hurry();
 0)   0.160 us    |                      rcu_segcblist_enqueue(rsclp=0xffff8f30bec34280, rhp=0xffff8f30835d7000);
 0)   0.932 us    |                    }
 0)   1.273 us    |                  }
 0)               |                  __tlb_batch_free_encoded_pages(batch=0xffffd26ac050f968) {
 0)               |                    free_pages_and_swap_cache(pages=0xffffd26ac050f978, nr=7) {
 0)   0.160 us    |                      free_swap_cache(folio=0xfffff2a10013c3c0);
 0)   0.211 us    |                      free_swap_cache(folio=0xfffff2a10013c400);
 0)   0.160 us    |                      free_swap_cache(folio=0xfffff2a100634540);
 0)   0.151 us    |                      free_swap_cache(folio=0xfffff2a100fb7c00);
 0)   0.150 us    |                      free_swap_cache(folio=0xfffff2a100630a80);
 0)   0.161 us    |                      free_swap_cache(folio=0xfffff2a100721580);
 0)   0.151 us    |                      free_swap_cache(folio=0xfffff2a1007215c0);
 0)   0.200 us    |                      folios_put_refs(folios=0xffffd26ac050f720, refs=0xffffd26ac050f6a4);
 0)   3.025 us    |                    }
 0)   3.397 us    |                  }
 0)               |                  __tlb_batch_free_encoded_pages(batch=0xffff8f30819fb000) {
 0)               |                    free_pages_and_swap_cache(pages=0xffff8f30819fb010, nr=177) {
 0)   0.160 us    |                      free_swap_cache(folio=0xfffff2a100721600);
 0)   0.150 us    |                      free_swap_cache(folio=0xfffff2a100721640);
 0)   0.150 us    |                      free_swap_cache(folio=0xfffff2a100721680);
 0)   0.150 us    |                      free_swap_cache(folio=0xfffff2a1007216c0);
 0)   0.160 us    |                      free_swap_cache(folio=0xfffff2a100721700);
 0)   0.150 us    |                      free_swap_cache(folio=0xfffff2a100721740);
 0)   0.161 us    |                      free_swap_cache(folio=0xfffff2a100721780);
 0)   0.151 us    |                      free_swap_cache(folio=0xfffff2a1007217c0);
 0)   0.150 us    |                      free_swap_cache(folio=0xfffff2a100721800);
 0)   0.150 us    |                      free_swap_cache(folio=0xfffff2a100721840);
 0)   0.151 us    |                      free_swap_cache(folio=0xfffff2a100721880);
 0)   0.160 us    |                      free_swap_cache(folio=0xfffff2a1007218c0);
 0)   0.149 us    |                      free_swap_cache(folio=0xfffff2a100721900);
 0)   0.151 us    |                      free_swap_cache(folio=0xfffff2a100721940);
 0)   0.151 us    |                      free_swap_cache(folio=0xfffff2a100721980);
 0)   0.149 us    |                      free_swap_cache(folio=0xfffff2a1007219c0);
 0)   0.150 us    |                      free_swap_cache(folio=0xfffff2a100721a00);
 0)   0.151 us    |                      free_swap_cache(folio=0xfffff2a100721a40);
 0)   0.161 us    |                      free_swap_cache(folio=0xfffff2a100721a80);
 0)   0.150 us    |                      free_swap_cache(folio=0xfffff2a100721ac0);
 0)   0.151 us    |                      free_swap_cache(folio=0xfffff2a100721b00);
 0)   0.151 us    |                      free_swap_cache(folio=0xfffff2a100721b40);
 0)   0.150 us    |                      free_swap_cache(folio=0xfffff2a100721b80);
 0)   0.160 us    |                      free_swap_cache(folio=0xfffff2a100721bc0);
 0)   0.151 us    |                      free_swap_cache(folio=0xfffff2a100721c00);
 0)   0.160 us    |                      free_swap_cache(folio=0xfffff2a100721c40);
 0)   0.149 us    |                      free_swap_cache(folio=0xfffff2a100721c80);
 0)   0.160 us    |                      free_swap_cache(folio=0xfffff2a100721cc0);
 0)   0.151 us    |                      free_swap_cache(folio=0xfffff2a100721d00);
 0)   0.150 us    |                      free_swap_cache(folio=0xfffff2a100721d40);
 0)   0.150 us    |                      free_swap_cache(folio=0xfffff2a100721d80);
 0)   0.200 us    |                      folios_put_refs(folios=0xffffd26ac050f720, refs=0xffffd26ac050f6a4);
 0)   0.160 us    |                      free_swap_cache(folio=0xfffff2a100721dc0);
 0)   0.150 us    |                      free_swap_cache(folio=0xfffff2a100721e00);
 0)   0.149 us    |                      free_swap_cache(folio=0xfffff2a100721e40);
 0)   0.151 us    |                      free_swap_cache(folio=0xfffff2a100721e80);
 0)   0.150 us    |                      free_swap_cache(folio=0xfffff2a100fb1ac0);
 0)   0.151 us    |                      free_swap_cache(folio=0xfffff2a100fb1b00);
 0)   0.150 us    |                      free_swap_cache(folio=0xfffff2a100fb1b40);
 0)   0.151 us    |                      free_swap_cache(folio=0xfffff2a100fb1b80);
 0)   0.150 us    |                      free_swap_cache(folio=0xfffff2a100fb1bc0);
 0)   0.160 us    |                      free_swap_cache(folio=0xfffff2a100fb1c00);
 0)   0.160 us    |                      free_swap_cache(folio=0xfffff2a100fb1c40);
 0)   0.150 us    |                      free_swap_cache(folio=0xfffff2a100fb1c80);
 0)   0.151 us    |                      free_swap_cache(folio=0xfffff2a100fb1cc0);
 0)   0.150 us    |                      free_swap_cache(folio=0xfffff2a100fb1d00);
 0)   0.150 us    |                      free_swap_cache(folio=0xfffff2a100fb1d40);
 0)   0.150 us    |                      free_swap_cache(folio=0xfffff2a100fb1d80);
 0)   0.151 us    |                      free_swap_cache(folio=0xfffff2a100fb1dc0);
 0)   0.150 us    |                      free_swap_cache(folio=0xfffff2a100fb1e00);
 0)   0.160 us    |                      free_swap_cache(folio=0xfffff2a100fb1e40);
 0)   0.161 us    |                      free_swap_cache(folio=0xfffff2a100fb1e80);
 0)   0.150 us    |                      free_swap_cache(folio=0xfffff2a100fb1ec0);
 0)   0.151 us    |                      free_swap_cache(folio=0xfffff2a100fb1f00);
 0)   0.210 us    |                      free_swap_cache(folio=0xfffff2a100fb1f40);
 0)   0.171 us    |                      free_swap_cache(folio=0xfffff2a100fb1f80);
 0)   0.160 us    |                      free_swap_cache(folio=0xfffff2a100fb1fc0);
 0)   0.160 us    |                      free_swap_cache(folio=0xfffff2a100fb3000);
 0)   0.150 us    |                      free_swap_cache(folio=0xfffff2a100fb3040);
 0)   0.151 us    |                      free_swap_cache(folio=0xfffff2a100fb3080);
 0)   0.150 us    |                      free_swap_cache(folio=0xfffff2a100fb30c0);
 0)   0.151 us    |                      free_swap_cache(folio=0xfffff2a100fb3100);
 0)   0.161 us    |                      free_swap_cache(folio=0xfffff2a100fb3140);
 0)   0.190 us    |                      folios_put_refs(folios=0xffffd26ac050f720, refs=0xffffd26ac050f6a4);
 0)   0.151 us    |                      free_swap_cache(folio=0xfffff2a100fb3180);
 0)   0.150 us    |                      free_swap_cache(folio=0xfffff2a100fb31c0);
 0)   0.151 us    |                      free_swap_cache(folio=0xfffff2a100fb3200);
 0)   0.150 us    |                      free_swap_cache(folio=0xfffff2a100fb3240);
 0)   0.150 us    |                      free_swap_cache(folio=0xfffff2a100fb3280);
 0)   0.149 us    |                      free_swap_cache(folio=0xfffff2a100fb36c0);
 0)   0.160 us    |                      free_swap_cache(folio=0xfffff2a100fb3700);
 0)   0.151 us    |                      free_swap_cache(folio=0xfffff2a100fb3740);
 0)   0.149 us    |                      free_swap_cache(folio=0xfffff2a100fb3780);
 0)   0.150 us    |                      free_swap_cache(folio=0xfffff2a100fb37c0);
 0)   0.150 us    |                      free_swap_cache(folio=0xfffff2a100fb3800);
 0)   0.151 us    |                      free_swap_cache(folio=0xfffff2a100fb3840);
 0)   0.150 us    |                      free_swap_cache(folio=0xfffff2a100fb3880);
 0)   0.151 us    |                      free_swap_cache(folio=0xfffff2a100fb38c0);
 0)   0.150 us    |                      free_swap_cache(folio=0xfffff2a100fb3900);
 0)   0.161 us    |                      free_swap_cache(folio=0xfffff2a100fb3940);
 0)   0.161 us    |                      free_swap_cache(folio=0xfffff2a100fb3980);
 0)   0.160 us    |                      free_swap_cache(folio=0xfffff2a100fb39c0);
 0)   0.151 us    |                      free_swap_cache(folio=0xfffff2a100fb3a00);
 0)   0.150 us    |                      free_swap_cache(folio=0xfffff2a100fb3a40);
 0)   0.151 us    |                      free_swap_cache(folio=0xfffff2a100fb3a80);
 0)   0.149 us    |                      free_swap_cache(folio=0xfffff2a100fb3ec0);
 0)   0.160 us    |                      free_swap_cache(folio=0xfffff2a100fb3f00);
 0)   0.160 us    |                      free_swap_cache(folio=0xfffff2a100fb3f40);
 0)   0.150 us    |                      free_swap_cache(folio=0xfffff2a100fb3f80);
 0)   0.151 us    |                      free_swap_cache(folio=0xfffff2a100fb3fc0);
 0)   0.150 us    |                      free_swap_cache(folio=0xfffff2a100fb5000);
 0)   0.151 us    |                      free_swap_cache(folio=0xfffff2a100fb5040);
 0)   0.150 us    |                      free_swap_cache(folio=0xfffff2a100fb5080);
 0)   0.151 us    |                      free_swap_cache(folio=0xfffff2a100fb50c0);
 0)   0.150 us    |                      free_swap_cache(folio=0xfffff2a100fb5100);
 0)   0.210 us    |                      folios_put_refs(folios=0xffffd26ac050f720, refs=0xffffd26ac050f6a4);
 0)   0.161 us    |                      free_swap_cache(folio=0xfffff2a100fb5140);
 0)   0.151 us    |                      free_swap_cache(folio=0xfffff2a100fb5180);
 0)   0.150 us    |                      free_swap_cache(folio=0xfffff2a100fb51c0);
 0)   0.151 us    |                      free_swap_cache(folio=0xfffff2a100fb5200);
 0)   0.150 us    |                      free_swap_cache(folio=0xfffff2a100fb5240);
 0)   0.151 us    |                      free_swap_cache(folio=0xfffff2a100fb5280);
 0)   0.151 us    |                      free_swap_cache(folio=0xfffff2a100fb52c0);
 0)   0.150 us    |                      free_swap_cache(folio=0xfffff2a100fb5300);
 0)   0.151 us    |                      free_swap_cache(folio=0xfffff2a100fb5340);
 0)   0.150 us    |                      free_swap_cache(folio=0xfffff2a100fb5380);
 0)   0.150 us    |                      free_swap_cache(folio=0xfffff2a100fb53c0);
 0)   0.149 us    |                      free_swap_cache(folio=0xfffff2a100fb5400);
 0)   0.151 us    |                      free_swap_cache(folio=0xfffff2a100fb5440);
 0)   0.150 us    |                      free_swap_cache(folio=0xfffff2a100fb5480);
 0)   0.151 us    |                      free_swap_cache(folio=0xfffff2a100fb54c0);
 0)   0.160 us    |                      free_swap_cache(folio=0xfffff2a100fb5500);
 0)   0.161 us    |                      free_swap_cache(folio=0xfffff2a100fb5540);
 0)   0.161 us    |                      free_swap_cache(folio=0xfffff2a100fb5580);
 0)   0.150 us    |                      free_swap_cache(folio=0xfffff2a100fb55c0);
 0)   0.151 us    |                      free_swap_cache(folio=0xfffff2a100fb5600);
 0)   0.150 us    |                      free_swap_cache(folio=0xfffff2a100fb5640);
 0)   0.311 us    |                      free_swap_cache(folio=0xfffff2a100fb5680);
 0)   0.161 us    |                      free_swap_cache(folio=0xfffff2a100fb56c0);
 0)   0.161 us    |                      free_swap_cache(folio=0xfffff2a100fb5700);
 0)   0.160 us    |                      free_swap_cache(folio=0xfffff2a100fb5740);
 0)   0.160 us    |                      free_swap_cache(folio=0xfffff2a100fb5780);
 0)   0.160 us    |                      free_swap_cache(folio=0xfffff2a100fb57c0);
 0)   0.160 us    |                      free_swap_cache(folio=0xfffff2a100fb5800);
 0)   0.149 us    |                      free_swap_cache(folio=0xfffff2a100fb5840);
 0)   0.150 us    |                      free_swap_cache(folio=0xfffff2a100fb5880);
 0)   0.150 us    |                      free_swap_cache(folio=0xfffff2a100fb58c0);
 0)   0.191 us    |                      folios_put_refs(folios=0xffffd26ac050f720, refs=0xffffd26ac050f6a4);
 0)   0.150 us    |                      free_swap_cache(folio=0xfffff2a100fb5900);
 0)   0.151 us    |                      free_swap_cache(folio=0xfffff2a100fb5940);
 0)   0.150 us    |                      free_swap_cache(folio=0xfffff2a100fb5980);
 0)   0.151 us    |                      free_swap_cache(folio=0xfffff2a100fb59c0);
 0)   0.160 us    |                      free_swap_cache(folio=0xfffff2a100fb5a00);
 0)   0.160 us    |                      free_swap_cache(folio=0xfffff2a100fb5a40);
 0)   0.160 us    |                      free_swap_cache(folio=0xfffff2a100fb5a80);
 0)   0.160 us    |                      free_swap_cache(folio=0xfffff2a100fb5ac0);
 0)   0.150 us    |                      free_swap_cache(folio=0xfffff2a100fb5b00);
 0)   0.149 us    |                      free_swap_cache(folio=0xfffff2a100fb5b40);
 0)   0.151 us    |                      free_swap_cache(folio=0xfffff2a100fb5b80);
 0)   0.150 us    |                      free_swap_cache(folio=0xfffff2a100fb5bc0);
 0)   0.151 us    |                      free_swap_cache(folio=0xfffff2a100fb5c00);
 0)   0.150 us    |                      free_swap_cache(folio=0xfffff2a100fb5c40);
 0)   0.151 us    |                      free_swap_cache(folio=0xfffff2a100fb5c80);
 0)   0.150 us    |                      free_swap_cache(folio=0xfffff2a100fb5cc0);
 0)   0.150 us    |                      free_swap_cache(folio=0xfffff2a100fb5d00);
 0)   0.149 us    |                      free_swap_cache(folio=0xfffff2a100fb5d40);
 0)   0.151 us    |                      free_swap_cache(folio=0xfffff2a100fb5d80);
 0)   0.160 us    |                      free_swap_cache(folio=0xfffff2a100fb5dc0);
 0)   0.149 us    |                      free_swap_cache(folio=0xfffff2a100fb5e00);
 0)   0.161 us    |                      free_swap_cache(folio=0xfffff2a100fb5e40);
 0)   0.161 us    |                      free_swap_cache(folio=0xfffff2a100fb5e80);
 0)   0.151 us    |                      free_swap_cache(folio=0xfffff2a100fb5ec0);
 0)   0.150 us    |                      free_swap_cache(folio=0xfffff2a100fb5f00);
 0)   0.151 us    |                      free_swap_cache(folio=0xfffff2a100fb5f40);
 0)   0.150 us    |                      free_swap_cache(folio=0xfffff2a100fb5f80);
 0)   0.151 us    |                      free_swap_cache(folio=0xfffff2a100fb5fc0);
 0)   0.149 us    |                      free_swap_cache(folio=0xfffff2a100fb7000);
 0)   0.150 us    |                      free_swap_cache(folio=0xfffff2a100fb7040);
 0)   0.150 us    |                      free_swap_cache(folio=0xfffff2a100fb7080);
 0)   0.200 us    |                      folios_put_refs(folios=0xffffd26ac050f720, refs=0xffffd26ac050f6a4);
 0)   0.150 us    |                      free_swap_cache(folio=0xfffff2a100fb70c0);
 0)   0.150 us    |                      free_swap_cache(folio=0xfffff2a100fb7100);
 0)   0.151 us    |                      free_swap_cache(folio=0xfffff2a100fb7140);
 0)   0.150 us    |                      free_swap_cache(folio=0xfffff2a100fb7180);
 0)   0.160 us    |                      free_swap_cache(folio=0xfffff2a100fb71c0);
 0)   0.161 us    |                      free_swap_cache(folio=0xfffff2a100fb7200);
 0)   0.150 us    |                      free_swap_cache(folio=0xfffff2a100fb7240);
 0)   0.151 us    |                      free_swap_cache(folio=0xfffff2a100fb7280);
 0)   0.150 us    |                      free_swap_cache(folio=0xfffff2a100fb72c0);
 0)   0.151 us    |                      free_swap_cache(folio=0xfffff2a100fb7300);
 0)   0.150 us    |                      free_swap_cache(folio=0xfffff2a100fb7340);
 0)   0.150 us    |                      free_swap_cache(folio=0xfffff2a100fb7380);
 0)   0.160 us    |                      free_swap_cache(folio=0xfffff2a100fb73c0);
 0)   0.160 us    |                      free_swap_cache(folio=0xfffff2a10071edc0);
 0)   0.160 us    |                      free_swap_cache(folio=0xfffff2a100708440);
 0)   0.151 us    |                      free_swap_cache(folio=0xfffff2a100633100);
 0)   0.150 us    |                      free_swap_cache(folio=0xfffff2a1006334c0);
 0)   0.151 us    |                      free_swap_cache(folio=0xfffff2a1007184c0);
 0)   0.150 us    |                      free_swap_cache(folio=0xfffff2a100718480);
 0)   0.151 us    |                      free_swap_cache(folio=0xfffff2a100726700);
 0)   0.390 us    |                      free_swap_cache(folio=0xfffff2a100630780);
 0)   0.150 us    |                      free_swap_cache(folio=0xfffff2a100634440);
 0)   0.181 us    |                      folios_put_refs(folios=0xffffd26ac050f720, refs=0xffffd26ac050f6a4);
 0) + 61.996 us   |                    }
 0) + 62.327 us   |                  }
 0)               |                  free_pages(addr=0xffff8f30819fb000, order=0x0) {
 0)               |                    ___free_pages(page=0xfffff2a100067ec0, order=0x0, fpi_flags=0) {
 0)               |                      __free_frozen_pages(page=0xfffff2a100067ec0, order=0x0, fpi_flags=0) {
 0)   0.160 us    |                        __get_pfnblock_flags_mask.isra.0();
 0)   0.151 us    |                        _raw_spin_trylock(lock=0xffff8f30bec38e80);
 0)   0.190 us    |                        free_frozen_page_commit(zone=0xffff8f30bfeba6c0, pcp=0xffff8f30bec38e80, page=0xfffff2a100067ec0, migratetype=0, order=0x0, fpi_flags=0);
 0)   0.160 us    |                        _raw_spin_unlock(lock=0xffff8f30bec38e80);
 0)   1.613 us    |                      }
 0)   1.964 us    |                    }
 0)   2.305 us    |                  }
 0) + 70.722 us   |                }
 0)               |                tear_down_vmas(mm=0xffff8f3083479500, vmi=0xffffd26ac050f8e0, vma=0xffff8f3083259300, end=0xffffffffffffffff) {
 0)               |                  remove_vma(vma=0xffff8f3083259300) {
 0)               |                    vm_area_free(vma=0xffff8f3083259300) {
 0)   0.160 us    |                      kfree(object=0x0);
 0)   0.240 us    |                      kmem_cache_free(s=0xffff8f3081274a00, x=0xffff8f3083259300);
 0)   0.922 us    |                    }
 0)   1.292 us    |                  }
 0)               |                  remove_vma(vma=0xffff8f3082e42a80) {
 0)               |                    vm_area_free(vma=0xffff8f3082e42a80) {
 0)   0.160 us    |                      kfree(object=0x0);
 0)   0.160 us    |                      kmem_cache_free(s=0xffff8f3081274a00, x=0xffff8f3082e42a80);
 0)   0.862 us    |                    }
 0)   1.192 us    |                  }
 0)               |                  remove_vma(vma=0xffff8f3083259a80) {
 0)               |                    vm_area_free(vma=0xffff8f3083259a80) {
 0)   0.150 us    |                      kfree(object=0x0);
 0)   0.160 us    |                      kmem_cache_free(s=0xffff8f3081274a00, x=0xffff8f3083259a80);
 0)   0.811 us    |                    }
 0)   1.142 us    |                  }
 0)               |                  remove_vma(vma=0xffff8f3083259240) {
 0)   0.171 us    |                    special_mapping_close(vma=0xffff8f3083259240);
 0)               |                    vm_area_free(vma=0xffff8f3083259240) {
 0)   0.160 us    |                      kfree(object=0x0);
 0)   0.160 us    |                      kmem_cache_free(s=0xffff8f3081274a00, x=0xffff8f3083259240);
 0)   0.811 us    |                    }
 0)   1.563 us    |                  }
 0)               |                  remove_vma(vma=0xffff8f3083259cc0) {
 0)   0.170 us    |                    special_mapping_close(vma=0xffff8f3083259cc0);
 0)               |                    vm_area_free(vma=0xffff8f3083259cc0) {
 0)   0.151 us    |                      kfree(object=0x0);
 0)   0.160 us    |                      kmem_cache_free(s=0xffff8f3081274a00, x=0xffff8f3083259cc0);
 0)   0.872 us    |                    }
 0)   1.563 us    |                  }
 0)               |                  remove_vma(vma=0xffff8f308308b300) {
 0)   0.150 us    |                    special_mapping_close(vma=0xffff8f308308b300);
 0)               |                    vm_area_free(vma=0xffff8f308308b300) {
 0)   0.150 us    |                      kfree(object=0x0);
 0)   0.240 us    |                      kmem_cache_free(s=0xffff8f3081274a00, x=0xffff8f308308b300);
 0)   0.891 us    |                    }
 0)   1.574 us    |                  }
 0)               |                  remove_vma(vma=0xffff8f30831f8e40) {
 0)   0.171 us    |                    fput(file=0xffff8f30819dbcc0);
 0)               |                    vm_area_free(vma=0xffff8f30831f8e40) {
 0)   0.151 us    |                      kfree(object=0x0);
 0)   0.160 us    |                      kmem_cache_free(s=0xffff8f3081274a00, x=0xffff8f30831f8e40);
 0)   0.811 us    |                    }
 0)   1.503 us    |                  }
 0)               |                  remove_vma(vma=0xffff8f30831f8780) {
 0)   0.160 us    |                    fput(file=0xffff8f30819dbcc0);
 0)               |                    vm_area_free(vma=0xffff8f30831f8780) {
 0)   0.150 us    |                      kfree(object=0x0);
 0)   0.160 us    |                      kmem_cache_free(s=0xffff8f3081274a00, x=0xffff8f30831f8780);
 0)   0.811 us    |                    }
 0)   1.482 us    |                  }
 0)               |                  remove_vma(vma=0xffff8f30831f80c0) {
 0)   0.151 us    |                    fput(file=0xffff8f30819dbcc0);
 0)               |                    vm_area_free(vma=0xffff8f30831f80c0) {
 0)   0.151 us    |                      kfree(object=0x0);
 0)   0.160 us    |                      kmem_cache_free(s=0xffff8f3081274a00, x=0xffff8f30831f80c0);
 0)   0.811 us    |                    }
 0)   1.463 us    |                  }
 0)               |                  remove_vma(vma=0xffff8f30831f8540) {
 0)   0.160 us    |                    fput(file=0xffff8f30819dbcc0);
 0)               |                    vm_area_free(vma=0xffff8f30831f8540) {
 0)   0.160 us    |                      kfree(object=0x0);
 0)   0.160 us    |                      kmem_cache_free(s=0xffff8f3081274a00, x=0xffff8f30831f8540);
 0)   0.812 us    |                    }
 0)   1.483 us    |                  }
 0)               |                  remove_vma(vma=0xffff8f30831f8480) {
 0)               |                    vm_area_free(vma=0xffff8f30831f8480) {
 0)   0.161 us    |                      kfree(object=0x0);
 0)   0.161 us    |                      kmem_cache_free(s=0xffff8f3081274a00, x=0xffff8f30831f8480);
 0)   0.812 us    |                    }
 0)   1.142 us    |                  }
 0)               |                  remove_vma(vma=0xffff8f30840b0e40) {
 0)               |                    vm_area_free(vma=0xffff8f30840b0e40) {
 0)   0.161 us    |                      kfree(object=0x0);
 0)   0.230 us    |                      kmem_cache_free(s=0xffff8f3081274a00, x=0xffff8f30840b0e40);
 0)   0.942 us    |                    }
 0)   1.272 us    |                  }
 0) + 19.276 us   |                }
 0)   0.250 us    |                kfree(object=0xffff8f30833e6200);
 0)   0.160 us    |                up_write(sem=0xffff8f3083479690);
 0) ! 527.439 us  |              }
 0)   0.170 us    |              mm_put_huge_zero_folio(mm=0xffff8f3083479500);
 0)               |              fput(file=0xffff8f30819dbcc0) {
 0)   0.160 us    |                __file_ref_put(ref=0xffff8f30819dbd68, cnt=0xffffffffffffffff);
 0)               |                __fput_deferred(file=0xffff8f30819dbcc0) {
 0)               |                  task_work_add(task=0xffff8f308368c400, work=0xffff8f30819dbd48, notify=1 [TWA_RESUME]) {
 0)   0.160 us    |                    kick_process(p=0xffff8f308368c400);
 0)   0.531 us    |                  }
 0)   0.882 us    |                }
 0)   1.583 us    |              }
 0)   0.170 us    |              module_put(module=0x0);
 0)               |              lru_gen_del_mm(mm=0xffff8f3083479500) {
 0)   0.160 us    |                _raw_spin_lock(lock=0xffff8f3081342168);
 0)   0.160 us    |                _raw_spin_unlock(lock=0xffff8f3081342168);
 0)   0.901 us    |              }
 0)               |              futex_hash_free(mm=0xffff8f3083479500) {
 0)   0.160 us    |                free_percpu(ptr=0x0);
 0)               |                kvfree(addr=0x0) {
 0)   0.160 us    |                  is_vmalloc_addr(x=0x0);
 0)   0.150 us    |                  kfree(object=0x0);
 0)   0.821 us    |                }
 0)               |                  irq_enter_rcu() {
 0)   0.231 us    |                    irqtime_account_irq(curr=0xffff8f308368c400, offset=0x10000);
 0)   0.672 us    |                  }
 0)               |                  __sysvec_apic_timer_interrupt(regs=0xffffd26ac050f6e8) {
 0)               |                    hrtimer_interrupt(dev=0xffff8f30bec1cac0) {
 0)   0.151 us    |                      _raw_spin_lock_irqsave(lock=0xffff8f30bec217c0);
 0)   0.211 us    |                      ktime_get_update_offsets_now(cwsseq=0xffff8f30bec217cc, offs_real=0xffff8f30bec218b8, offs_boot=0xffff8f30bec218f8, offs_tai=0xffff8f30bec21938);
 0)               |                      __hrtimer_run_queues(cpu_base=0xffff8f30bec217c0, now=8222002525, flags=0x86, active_mask=0xf) {
 0)   0.200 us    |                        __remove_hrtimer(timer=0xffff8f30bec21df8, base=0xffff8f30bec21840, newstate=0x0, reprogram=0x0);
 0)   0.171 us    |                        _raw_spin_unlock_irqrestore(lock=0xffff8f30bec217c0, flags=0x86);
 0)               |                        tick_nohz_handler(timer=0xffff8f30bec21df8) {
 0)   0.181 us    |                          ktime_get();
 0)               |                          tick_do_update_jiffies64(now=8222004078) {
 0)   0.170 us    |                            _raw_spin_lock(lock=0xffffffffaf807ac0);
 0)   0.251 us    |                            calc_global_load();
 0)   0.161 us    |                            _raw_spin_unlock(lock=0xffffffffaf807ac0);
 0)               |                            update_wall_time() {
 0)   0.160 us    |                              _raw_spin_lock_irqsave(lock=0xffffffffb05819e8);
 0)               |                              __timekeeping_advance(tkd=0xffffffffb0581780, mode=0 [TK_ADV_TICK]) {
 0)   0.160 us    |                                ntp_tick_length(tkid=0x0);
 0)   0.150 us    |                                ntp_tick_length(tkid=0x0);
 0)               |                                timekeeping_update_from_shadow(tkd=0xffffffffb0581780, action=0x0) {
 0)   0.160 us    |                                  ntp_get_next_leap(tkid=0x0);
 0)   0.170 us    |                                  update_vsyscall(tk=0xffffffffb05818b8);
 0)               |                                  raw_notifier_call_chain(nh=0xffffffffb0581728, val=0x0, v=0xffffffffb05818b8) {
 0)   0.161 us    |                                    notifier_call_chain(nl=0xffffffffb0581728, val=0x0, v=0xffffffffb05818b8, nr_to_call=4294967295, nr_calls=0x0);
 0)   0.501 us    |                                  }
 0)   0.161 us    |                                  update_fast_timekeeper(tkr=0xffffffffb05818b8, tkf=0xffffffffaf943f80);
 0)   0.151 us    |                                  update_fast_timekeeper(tkr=0xffffffffb0581930, tkf=0xffffffffaf943f00);
 0)   2.284 us    |                                }
 0)   3.356 us    |                              }
 0)   0.160 us    |                              _raw_spin_unlock_irqrestore(lock=0xffffffffb05819e8, flags=0x86);
 0)   4.378 us    |                            }
 0)   5.842 us    |                          }
 0)               |                          update_process_times(user_tick=0) {
 0)               |                            account_process_tick(p=0xffff8f308368c400, user_tick=0) {
 0)               |                              irqtime_account_process_tick(p=0xffff8f308368c400, user_tick=0, ticks=1) {
 0)   0.161 us    |                                kvm_steal_clock(cpu=0);
 0)               |                                account_system_index_time(p=0xffff8f308368c400, cputime=0xf0ad5, index=2 [CPUTIME_SYSTEM]) {
 0)   0.161 us    |                                  cpuacct_account_field(tsk=0xffff8f308368c400, index=2, val=0xf0ad5);
 0)   0.160 us    |                                  acct_account_cputime(tsk=0xffff8f308368c400);
 0)   0.892 us    |                                }
 0)   1.563 us    |                              }
 0)   1.904 us    |                            }
 0)   0.150 us    |                            hrtimer_run_queues();
 0)   0.150 us    |                            __raise_softirq_irqoff(nr=0x1);
 0)               |                            rcu_sched_clock_irq(user=0) {
 0)   0.150 us    |                              rcu_segcblist_ready_cbs(rsclp=0xffff8f30bec34280);
 0)   0.511 us    |                            }
 0)               |                            sched_tick() {
 0)   0.170 us    |                              arch_scale_freq_tick();
 0)               |                              raw_spin_rq_lock_nested(rq=0xffff8f30bec32f40, subclass=0) {
 0)   0.150 us    |                                _raw_spin_lock(lock=0xffff8f30bec32f88);
 0)   0.490 us    |                              }
 0)               |                              psi_account_irqtime(rq=0xffff8f30bec32f40, curr=0xffff8f308368c400, prev=0x0) {
 0)   0.150 us    |                                record_times(groupc=0xffff8f30bec1d1c0, now=0x1eb15b4e1);
 0)   0.581 us    |                              }
 0)               |                              update_rq_clock(rq=0xffff8f30bec32f40) {
 0)   0.150 us    |                                kvm_steal_clock(cpu=0);
 0)               |                                update_irq_load_avg(rq=0xffff8f30bec32f40, running=0x376b) {
 0)   0.150 us    |                                  arch_scale_cpu_capacity(cpu=0);
 0)   0.512 us    |                                }
 0)   0.150 us    |                                arch_scale_cpu_capacity(cpu=0);
 0)   1.612 us    |                              }
 0)               |                              task_tick_fair(rq=0xffff8f30bec32f40, curr=0xffff8f308368c400, queued=0) {
 0)               |                                update_curr(cfs_rq=0xffff8f30bec33040) {
 0)               |                                  update_se(rq=0xffff8f30bec32f40, se=0xffff8f308368c480) {
 0)   0.150 us    |                                    cpuacct_charge(tsk=0xffff8f308368c400, cputime=0xf2c28);
 0)   0.501 us    |                                  }
 0)               |                                  dl_server_update(dl_se=0xffff8f30bec33bc8, delta_exec=994344) {
 0)   0.169 us    |                                    update_curr_dl_se(rq=0xffff8f30bec32f40, dl_se=0xffff8f30bec33bc8, delta_exec=994344);
 0)   0.521 us    |                                  }
 0)   1.583 us    |                                }
 0)   0.161 us    |                                __update_load_avg_se(now=0x1e9151352, cfs_rq=0xffff8f30bec33040, se=0xffff8f308368c480);
 0)   0.191 us    |                                __update_load_avg_cfs_rq(now=0x1e9151352, cfs_rq=0xffff8f30bec33040);
 0)   0.161 us    |                                update_cfs_group(se=0xffff8f308368c480);
 0)   3.095 us    |                              }
 0)   0.160 us    |                              calc_global_load_tick(this_rq=0xffff8f30bec32f40);
 0)   0.161 us    |                              scx_tick(rq=0xffff8f30bec32f40);
 0)   0.151 us    |                              _raw_spin_unlock(lock=0xffff8f30bec32f88);
 0)               |                              perf_event_task_tick() {
 0)   0.169 us    |                                perf_adjust_freq_unthr_context(ctx=0xffff8f30bec2cbe0, unthrottle=0x0);
 0)   0.151 us    |                                __rcu_read_lock();
 0)   0.160 us    |                                __rcu_read_unlock();
 0)   1.182 us    |                              }
 0)   0.170 us    |                              idle_cpu(cpu=0);
 0)               |                              sched_balance_trigger(rq=0xffff8f30bec32f40) {
 0)   0.160 us    |                                nohz_balance_exit_idle(rq=0xffff8f30bec32f40);
 0)   0.521 us    |                              }
 0) + 10.609 us   |                            }
 0)   0.160 us    |                            run_posix_cpu_timers();
 0) + 14.868 us   |                          }
 0)               |                          profile_tick(type=1) {
 0)   0.160 us    |                            profile_pc(regs=0xffffd26ac050f6e8);
 0)   0.511 us    |                          }
 0)   0.160 us    |                          hrtimer_forward(timer=0xffff8f30bec21df8, now=8222004078, interval=1000000);
 0) + 22.683 us   |                        }
 0)   0.160 us    |                        _raw_spin_lock_irq(lock=0xffff8f30bec217c0);
 0)   0.190 us    |                        enqueue_hrtimer(timer=0xffff8f30bec21df8, base=0xffff8f30bec21840, mode=0 [HRTIMER_MODE_ABS], was_armed=0x0);
 0) + 24.515 us   |                      }
 0)   0.250 us    |                      ktime_get_update_offsets_now(cwsseq=0xffff8f30bec217cc, offs_real=0xffff8f30bec218b8, offs_boot=0xffff8f30bec218f8, offs_tai=0xffff8f30bec21938);
 0)               |                      hrtimer_update_next_event(cpu_base=0xffff8f30bec217c0) {
 0)   0.160 us    |                        hrtimer_bases_first(cpu_base=0xffff8f30bec217c0, active=0x1, expires_next=0xffffd26ac0003f70, next_timer=0xffffd26ac0003f68);
 0)   0.501 us    |                      }
 0)   0.160 us    |                      _raw_spin_unlock_irqrestore(lock=0xffff8f30bec217c0, flags=0x86);
 0) + 27.071 us   |                    }
 0) + 27.462 us   |                  }
 0)               |                  irq_exit_rcu() {
 0)   0.200 us    |                    irqtime_account_irq(curr=0xffff8f308368c400, offset=0x0);
 0)               |                    __hrtimer_rearm_deferred() {
 0)   0.171 us    |                      _raw_spin_lock(lock=0xffff8f30bec217c0);
 0)               |                      tick_program_event(expires=8223000000, force=1) {
 0)               |                        clockevents_program_event(dev=0xffff8f30bec1cac0, expires=8223000000, force=0x1) {
 0)   0.150 us    |                          ktime_expiry_to_cycles(id=4 [CSID_X86_TSC], expires_ns=8223000000, cycles=0xffffd26ac0003f98);
 0)   0.181 us    |                          ktime_get();
 0)   1.492 us    |                          lapic_next_deadline(delta=0x7bee8, evt=0xffff8f30bec1cac0);
 0)   2.554 us    |                        }
 0)   2.906 us    |                      }
 0)   0.171 us    |                      _raw_spin_unlock(lock=0xffff8f30bec217c0);
 0)   3.977 us    |                    }
 0)               |                    handle_softirqs(ksirqd=0x0) {
 0)   0.200 us    |                      irqtime_account_irq(curr=0xffff8f308368c400, offset=0x100);
 0)               |                      run_timer_softirq() {
 0)   0.150 us    |                        _raw_spin_lock_irq(lock=0xffff8f30bec1f2c0);
 0)   0.211 us    |                        timer_recalc_next_expiry(base=0xffff8f30bec1f2c0);
 0)   0.150 us    |                        _raw_spin_unlock(lock=0xffff8f30bec1f2c0);
 0)               |                        call_timer_fn(timer=0xffffffffaf953fc8, fn=0xffffffffad399870, baseclk=0xfffb8bfe) {
 0)               |                          delayed_work_timer_fn(t=0xffffffffaf953fc8) {
 0)               |                            __queue_work(cpu=8192, wq=0xffff8f30811c9e00, work=0xffffffffaf953fa8) {
 0)   0.149 us    |                              __rcu_read_lock();
 0)   0.160 us    |                              _raw_spin_lock(lock=0xffff8f30bedb2280);
 0)   0.150 us    |                              _raw_spin_unlock(lock=0xffff8f30bedb2280);
 0)   0.170 us    |                              _raw_spin_lock(lock=0xffff8f30bec32280);
 0)   0.241 us    |                              pwq_tryinc_nr_active(pwq=0xffff8f30811c2600, fill=0x0);
 0)   0.160 us    |                              insert_work(pwq=0xffff8f30811c2600, work=0xffffffffaf953fa8, head=0xffff8f30bec322a8, extra_flags=0x0);
 0)               |                              kick_pool(pool=0xffff8f30bec32280) {
 0)               |                                wake_up_process(p=0xffff8f3081382200) {
 0)               |                                  try_to_wake_up(p=0xffff8f3081382200, state=0x3, wake_flags=0) {
 0)   0.561 us    |                                    _raw_spin_lock_irqsave(lock=0xffff8f3081383064);
 0)   0.310 us    |                                    __traceiter_sched_waking(__data=0xffffffffaf954600, p=0xffff8f3081382200);
 0)   0.320 us    |                                    kthread_is_per_cpu(p=0xffff8f3081382200);
 0)               |                                    ttwu_queue_wakelist(p=0xffff8f3081382200, cpu=0, wake_flags=8) {
 0)   0.161 us    |                                      scx_allow_ttwu_queue(p=0xffff8f3081382200);
 0)   0.530 us    |                                    }
 0)               |                                    raw_spin_rq_lock_nested(rq=0xffff8f30bec32f40, subclass=0) {
 0)   0.160 us    |                                      _raw_spin_lock(lock=0xffff8f30bec32f88);
 0)   0.481 us    |                                    }
 0)               |                                    update_rq_clock(rq=0xffff8f30bec32f40) {
 0)   0.160 us    |                                      kvm_steal_clock(cpu=0);
 0)               |                                      update_irq_load_avg(rq=0xffff8f30bec32f40, running=0x6ba9) {
 0)   0.161 us    |                                        arch_scale_cpu_capacity(cpu=0);
 0)   0.510 us    |                                      }
 0)   0.151 us    |                                      arch_scale_cpu_capacity(cpu=0);
 0)   1.532 us    |                                    }
 0)               |                                    ttwu_do_activate(rq=0xffff8f30bec32f40, p=0xffff8f3081382200, wake_flags=8, rf=0xffffd26ac0003de0) {
 0)               |                                      enqueue_task(rq=0xffff8f30bec32f40, p=0xffff8f3081382200, flags=9) {
 0)               |                                        enqueue_task_fair(rq=0xffff8f30bec32f40, p=0xffff8f3081382200, flags=9) {
 0)               |                                          update_curr(cfs_rq=0xffff8f30bec33040) {
 0)   0.160 us    |                                            update_se(rq=0xffff8f30bec32f40, se=0xffff8f308368c480);
 0)   0.501 us    |                                          }
 0)   0.281 us    |                                          __update_load_avg_se(now=0x1e9151352, cfs_rq=0xffff8f30bec33040, se=0xffff8f3081382280);
 0)   0.151 us    |                                          __update_load_avg_cfs_rq(now=0x1e9151352, cfs_rq=0xffff8f30bec33040);
 0)   0.150 us    |                                          update_cfs_group(se=0xffff8f3081382280);
 0)               |                                          place_entity(cfs_rq=0xffff8f30bec33040, se=0xffff8f3081382280, flags=9) {
 0)   0.160 us    |                                            avg_vruntime(cfs_rq=0xffff8f30bec33040);
 0)   0.521 us    |                                          }
 0)   0.181 us    |                                          __enqueue_entity(cfs_rq=0xffff8f30bec33040, se=0xffff8f3081382280);
 0)   0.160 us    |                                          hrtimer_active(timer=0xffff8f30bec33f40);
 0)               |                                          hrtick_start_fair(rq=0xffff8f30bec32f40, p=0xffff8f308368c400) {
 0)               |                                            hrtick_start(rq=0xffff8f30bec32f40, delay=0x10eb9f) {
 0)   0.190 us    |                                              ktime_get();
 0)               |                                              hrtimer_start_range_ns(timer=0xffff8f30bec33f40, tim=8223159099, delta_ns=0x0, mode=10 [HRTIMER_MODE_ABS_PINNED_HARD]) {
 0)   0.160 us    |                                                _raw_spin_lock_irqsave(lock=0xffff8f30bec217c0);
 0)   0.161 us    |                                                _raw_spin_unlock_irqrestore(lock=0xffff8f30bec217c0, flags=0x96);
 0)   0.931 us    |                                              }
 0)   1.663 us    |                                            }
 0)   2.014 us    |                                          }
 0)   5.980 us    |                                        }
 0)               |                                        psi_task_change(task=0xffff8f3081382200, clear=0, set=4) {
 0)   0.241 us    |                                          psi_flags_change(task=0xffff8f3081382200, clear=0, set=4);
 0)               |                                          psi_group_change(group=0xffffffffaf85b980, cpu=0, clear=0x0, set=0x4, now=0x1eb164630, wake_clock=0x1) {
 0)   0.160 us    |                                            record_times(groupc=0xffff8f30bec1d1c0, now=0x1eb164630);
 0)   0.530 us    |                                          }
 0)   1.512 us    |                                        }
 0)   8.125 us    |                                      }
 0)               |                                      wakeup_preempt(rq=0xffff8f30bec32f40, p=0xffff8f3081382200, flags=8) {
 0)               |                                        wakeup_preempt_fair(rq=0xffff8f30bec32f40, p=0xffff8f3081382200, wake_flags=8) {
 0)               |                                          update_curr(cfs_rq=0xffff8f30bec33040) {
 0)   0.161 us    |                                            update_se(rq=0xffff8f30bec32f40, se=0xffff8f308368c480);
 0)   0.490 us    |                                          }
 0)               |                                          pick_eevdf(cfs_rq=0xffff8f30bec33040, protect=0x1) {
 0)   0.151 us    |                                            vruntime_eligible(cfs_rq=0xffff8f30bec33040, vruntime=0x21c081a2);
 0)   0.151 us    |                                            vruntime_eligible(cfs_rq=0xffff8f30bec33040, vruntime=0x21c081a2);
 0)   0.862 us    |                                          }
 0)   2.004 us    |                                        }
 0)   2.375 us    |                                      }
 0)   0.701 us    |                                      __traceiter_sched_wakeup(__data=0xffffffffaf954600, p=0xffff8f3081382200);
 0) + 11.933 us   |                                    }
 0)   0.161 us    |                                    _raw_spin_unlock(lock=0xffff8f30bec32f88);
 0)   0.160 us    |                                    _raw_spin_unlock_irqrestore(lock=0xffff8f3081383064, flags=0x86);
 0) + 18.264 us   |                                  }
 0) + 18.615 us   |                                }
 0) + 19.136 us   |                              }
 0)   0.161 us    |                              _raw_spin_unlock(lock=0xffff8f30bec32280);
 0)   0.150 us    |                              __rcu_read_unlock();
 0) + 22.863 us   |                            }
 0) + 23.204 us   |                          }
 0) + 23.664 us   |                        }
 0)   0.150 us    |                        _raw_spin_lock(lock=0xffff8f30bec1f2c0);
 0)   0.160 us    |                        _raw_spin_unlock_irq(lock=0xffff8f30bec1f2c0);
 0)               |                        tmigr_handle_remote() {
 0)   0.160 us    |                          get_jiffies_update(basej=0xffffd26ac0003ef8);
 0)   0.160 us    |                          _raw_spin_lock_irq(lock=0xffff8f308127bf80);
 0)   0.160 us    |                          _raw_spin_unlock_irq(lock=0xffff8f308127bf80);
 0)   0.160 us    |                          _raw_spin_lock_irq(lock=0xffff8f30bec21ee0);
 0)   0.161 us    |                          _raw_spin_unlock_irq(lock=0xffff8f30bec21ee0);
 0)   1.924 us    |                        }
 0) + 28.073 us   |                      }
 0)   0.200 us    |                      irqtime_account_irq(curr=0xffff8f308368c400, offset=0x0);
 0) + 29.275 us   |                    }
 0)   0.171 us    |                    sched_core_idle_cpu(cpu=0);
 0) + 34.565 us   |                  }
 0)   0.149 us    |                  raw_irqentry_exit_cond_resched();
 0) + 69.782 us   |              }
 0)               |              __mmdrop(mm=0xffff8f3083479500) {
 0)               |                pgd_free(mm=0xffff8f3083479500, pgd=0xffff8f3083af7000) {
 0)   0.160 us    |                  _raw_spin_lock(lock=0xffffffffb05571d0);
 0)   0.151 us    |                  _raw_spin_unlock(lock=0xffffffffb05571d0);
 0)               |                  lruvec_stat_mod_folio(folio=0xfffff2a1000ebdc0, idx=38 [NR_PAGETABLE], val=4294967295) {
 0)   0.149 us    |                    __rcu_read_lock();
 0)   0.240 us    |                    __rcu_read_unlock();
 0)   0.151 us    |                    mod_node_page_state(pgdat=0xffff8f30bfeb9f80, item=38 [NR_PAGETABLE], delta=-1);
 0)   1.243 us    |                  }
 0)               |                  __free_pages(page=0xfffff2a1000ebdc0, order=0x0) {
 0)               |                    ___free_pages(page=0xfffff2a1000ebdc0, order=0x0, fpi_flags=0) {
 0)               |                      __free_frozen_pages(page=0xfffff2a1000ebdc0, order=0x0, fpi_flags=0) {
 0)   0.160 us    |                        __get_pfnblock_flags_mask.isra.0();
 0)   0.149 us    |                        _raw_spin_trylock(lock=0xffff8f30bec38e80);
 0)   0.160 us    |                        free_frozen_page_commit(zone=0xffff8f30bfeba6c0, pcp=0xffff8f30bec38e80, page=0xfffff2a1000ebdc0, migratetype=0, order=0x0, fpi_flags=0);
 0)   0.160 us    |                        _raw_spin_unlock(lock=0xffff8f30bec38e80);
 0)   1.522 us    |                      }
 0)   1.853 us    |                    }
 0)   2.184 us    |                  }
 0)   4.668 us    |                }
 0)   0.160 us    |                _raw_spin_lock_irqsave(lock=0xffffffffaf8458c0);
 0)   0.171 us    |                _raw_spin_unlock_irqrestore(lock=0xffffffffaf8458c0, flags=0x296);
 0)   0.160 us    |                destroy_context_ldt(mm=0xffff8f3083479500);
 0)   0.150 us    |                mm_free_global_asid(mm=0xffff8f3083479500);
 0)   0.151 us    |                _raw_spin_lock_irqsave(lock=0xffff8f3083479988);
 0)   0.160 us    |                _raw_spin_unlock_irqrestore(lock=0xffff8f3083479988, flags=0x296);
 0)   0.160 us    |                _raw_spin_lock_irqsave(lock=0xffff8f30834799b0);
 0)   0.171 us    |                _raw_spin_unlock_irqrestore(lock=0xffff8f30834799b0, flags=0x296);
 0)   0.160 us    |                _raw_spin_lock_irqsave(lock=0xffff8f30834799d8);
 0)   0.160 us    |                _raw_spin_unlock_irqrestore(lock=0xffff8f30834799d8, flags=0x296);
 0)   0.160 us    |                _raw_spin_lock_irqsave(lock=0xffff8f3083479a00);
 0)   0.160 us    |                _raw_spin_unlock_irqrestore(lock=0xffff8f3083479a00, flags=0x296);
 0)   0.161 us    |                mm_pasid_drop(mm=0xffff8f3083479500);
 0)               |                free_percpu(ptr=0x6339b14b0180) {
 0)   0.241 us    |                  vmalloc_to_page(vmalloc_addr=0xfffff26abfc00180);
 0)   0.151 us    |                  _raw_spin_lock_irqsave(lock=0xffffffffb05961c4);
 0)               |                  pcpu_free_area(chunk=0xffff8f3082be8f00, off=384) {
 0)   0.151 us    |                    pcpu_chunk_slot(chunk=0xffff8f3082be8f00);
 0)   0.169 us    |                    pcpu_block_update(block=0xffff8f3082108000, start=96, end=1024);
 0)   0.160 us    |                    pcpu_block_update(block=0xffff8f3082be8f14, start=96, end=1024);
 0)   0.161 us    |                    pcpu_chunk_relocate(chunk=0xffff8f3082be8f00, oslot=16);
 0)   1.583 us    |                  }
 0)   0.160 us    |                  _raw_spin_unlock_irqrestore(lock=0xffffffffb05961c4, flags=0x292);
 0)   3.145 us    |                }
 0)   0.230 us    |                _raw_spin_lock_irqsave(lock=0xffffffffb065bdec);
 0)   0.160 us    |                _raw_spin_unlock_irqrestore(lock=0xffffffffb065bdec, flags=0x296);
 0)               |                free_percpu(ptr=0x6339b14b00e0) {
 0)   0.160 us    |                  vmalloc_to_page(vmalloc_addr=0xfffff26abfc000e0);
 0)   0.160 us    |                  _raw_spin_lock_irqsave(lock=0xffffffffb05961c4);
 0)               |                  pcpu_free_area(chunk=0xffff8f3082be8f00, off=224) {
 0)   0.150 us    |                    pcpu_chunk_slot(chunk=0xffff8f3082be8f00);
 0)   0.160 us    |                    pcpu_block_update(block=0xffff8f3082108000, start=56, end=60);
 0)   0.171 us    |                    pcpu_block_update(block=0xffff8f3082be8f14, start=56, end=60);
 0)   0.160 us    |                    pcpu_chunk_relocate(chunk=0xffff8f3082be8f00, oslot=16);
 0)   1.532 us    |                  }
 0)   0.161 us    |                  _raw_spin_unlock_irqrestore(lock=0xffffffffb05961c4, flags=0x296);
 0)   2.946 us    |                }
 0)   0.311 us    |                kmem_cache_free(s=0xffff8f3081045800, x=0xffff8f3083479500);
 0) + 17.553 us   |              }
 0) ! 621.446 us  |            }
 0)   0.181 us    |            exec_task_namespaces();
 0)   0.161 us    |            _raw_spin_lock_irq(lock=0xffff8f3083974a40);
 0)   0.160 us    |            posix_cpu_timers_exit(tsk=0xffff8f308368c400);
 0)   0.160 us    |            _raw_spin_unlock_irq(lock=0xffff8f3083974a40);
 0)   0.161 us    |            exit_itimers(tsk=0xffff8f308368c400);
 0)               |            flush_itimer_signals() {
 0)   0.161 us    |              _raw_spin_lock_irqsave(lock=0xffff8f3083974a40);
 0)   0.170 us    |              __flush_itimer_signals(pending=0xffff8f308368d1d8);
 0)   0.151 us    |              __flush_itimer_signals(pending=0xffff8f3083989b40);
 0)   0.170 us    |              _raw_spin_unlock_irqrestore(lock=0xffff8f3083974a40, flags=0x292);
 0)   1.533 us    |            }
 0)               |            flush_thread() {
 0)               |              flush_ptrace_hw_breakpoint(tsk=0xffff8f308368c400) {
 0)   0.160 us    |                unregister_hw_breakpoint(bp=0x0);
 0)   0.151 us    |                unregister_hw_breakpoint(bp=0x0);
 0)   0.150 us    |                unregister_hw_breakpoint(bp=0x0);
 0)   0.150 us    |                unregister_hw_breakpoint(bp=0x0);
 0)   1.523 us    |              }
 0)               |              fpu_flush_thread() {
 0)   0.180 us    |                __local_bh_enable_ip(ip=0xffffffffad2f957f, cnt=0x200);
 0)   0.631 us    |              }
 0)   2.746 us    |            }
 0)               |            do_close_on_exec(files=0xffff8f3081b6ec00) {
 0)   0.220 us    |              _raw_spin_lock(lock=0xffff8f3081b6ec80);
 0)   0.160 us    |              _raw_spin_unlock(lock=0xffff8f3081b6ec80);
 0)   0.951 us    |            }
 0)               |            perf_event_exec() {
 0)               |              perf_lock_task_context(task=0xffff8f308368c400, flags=0xffffd26ac050f9b8) {
 0)   0.160 us    |                __rcu_read_lock();
 0)   0.160 us    |                __rcu_read_unlock();
 0)   0.851 us    |              }
 0)   1.212 us    |            }
 0)               |            __set_task_comm(tsk=0xffff8f308368c400, buf=0xffff8f30819c89dd, exec=0x1) {
 0)   0.160 us    |              perf_event_comm(task=0xffff8f308368c400, exec=0x1);
 0)   0.541 us    |            }
 0)   0.300 us    |            flush_signal_handlers(t=0xffff8f308368c400, force_default=0);
 0)   0.181 us    |            set_cred_ucounts(new=0xffff8f30875040c0);
 0)               |            security_bprm_committing_creds(bprm=0xffff8f308358ce00) {
 0)   0.160 us    |              bpf_lsm_bprm_committing_creds(bprm=0xffff8f308358ce00);
 0)   0.501 us    |            }
 0)   0.201 us    |            commit_creds(new=0xffff8f30875040c0);
 0)               |            security_bprm_committed_creds(bprm=0xffff8f308358ce00) {
 0)   0.161 us    |              bpf_lsm_bprm_committed_creds(bprm=0xffff8f308358ce00);
 0)   0.492 us    |            }
 0) ! 654.247 us  |          }
 0)   0.160 us    |          set_personality_64bit();
 0)               |          setup_new_exec(bprm=0xffff8f308358ce00) {
 0)               |            arch_pick_mmap_layout(mm=0xffff8f3081b4db00, rlim_stack=0xffff8f308358ce88) {
 0)   0.220 us    |              get_random_u64();
 0)   0.161 us    |              mmap_base.isra.0();
 0)   0.160 us    |              get_random_u64();
 0)   0.150 us    |              mmap_base.isra.0();
 0)   1.612 us    |            }
 0)   0.160 us    |            arch_setup_new_exec();
 0)   0.161 us    |            up_write(sem=0xffff8f3083989f58);
 0)   0.160 us    |            mutex_unlock(lock=0xffff8f3083989f40);
 0)   3.016 us    |          }
 0)               |          randomize_stack_top(stack_top=0x7ffffffff000) {
 0)   0.160 us    |            get_random_u64();
 0)   0.511 us    |          }
 0)               |          setup_arg_pages(bprm=0xffff8f308358ce00, stack_top=0x7fff1ea06000, executable_stack=1) {
 0)               |            arch_align_stack(sp=0x7fff1ea06000) {
 0)   0.231 us    |              get_random_u16();
 0)   0.581 us    |            }
 0)   0.161 us    |            down_write_killable(sem=0xffff8f3081b4dc90);
 0)   0.230 us    |            tlb_gather_mmu(tlb=0xffffd26ac050f988, mm=0xffff8f3081b4db00);
 0)               |            mprotect_fixup(vmi=0xffffd26ac050f910, tlb=0xffffd26ac050f988, vma=0xffff8f3083259b40, pprev=0xffffd26ac050f908, start=0x7fffffffe000, end=0x7ffffffff000, ...) {
 0)   0.181 us    |              may_expand_vm(mm=0xffff8f3081b4db00, vma_flags=0xffffd26ac050f880, npages=0x1);
 0)               |              vma_modify_flags(vmi=0xffffd26ac050f910, prev=0x0, vma=0xffff8f3083259b40, start=0x7fffffffe000, end=0x7ffffffff000, vma_flags_ptr=0xffffd26ac050f880) {
 0)   0.160 us    |                anon_vma_name(vma=0xffff8f3083259b40);
 0)               |                vma_modify(vmg=0xffffd26ac050f7b0) {
 0)   0.180 us    |                  can_vma_merge_left(vmg=0xffffd26ac050f7b0);
 0)   0.171 us    |                  can_vma_merge_right(vmg=0xffffd26ac050f7b0, can_merge_left=0x0);
 0)   1.112 us    |                }
 0)   1.844 us    |              }
 0)               |              __vma_start_write(vma=0xffff8f3083259b40, state=2) {
 0)               |                __vma_start_exclude_readers(ves=0xffffd26ac050f820) {
 0)   0.149 us    |                  finish_rcuwait(w=0xffff8f3081b4dcc0);
 0)   0.491 us    |                }
 0)   0.822 us    |              }
 0)               |              vma_set_page_prot(vma=0xffff8f3083259b40) {
 0)               |                vma_wants_writenotify(vma=0xffff8f3083259b40, vm_page_prot=(STRUCT)[0x8000000000000025]) {
 0)   0.161 us    |                  vma_is_shared_writable(vma=0xffff8f3083259b40);
 0)   0.501 us    |                }
 0)   0.962 us    |              }
 0)               |              change_protection(tlb=0xffffd26ac050f988, vma=0xffff8f3083259b40, start=0x7fffffffe000, end=0x7ffffffff000, cp_flags=0x1) {
 0)               |                change_pte_range(tlb=0xffffd26ac050f988, vma=0xffff8f3083259b40, pmd=0xffff8f30834f8ff8, addr=0x7fffffffe000, end=0x7ffffffff000, newprot=(STRUCT)[0x8000000000000025], ...) {
 0)               |                  pte_offset_map_lock(mm=0xffff8f3081b4db00, pmd=0xffff8f30834f8ff8, addr=0x7fffffffe000, ptlp=0xffffd26ac050f708) {
 0)               |                    __pte_offset_map(pmd=0xffff8f30834f8ff8, addr=0x7fffffffe000, pmdvalp=0xffffd26ac050f630) {
 0)   0.161 us    |                      __rcu_read_lock();
 0)   0.491 us    |                    }
 0)   0.161 us    |                    _raw_spin_lock(lock=0xfffff2a1000d3028);
 0)   1.162 us    |                  }
 0)   0.151 us    |                  flush_tlb_batched_pending(mm=0xffff8f3081b4db00);
 0)   0.170 us    |                  vm_normal_page(vma=0xffff8f3083259b40, addr=0x7fffffffe000, pte=(STRUCT)[0x800000001b5c6867]);
 0)   0.161 us    |                  mprotect_folio_pte_batch(folio=0xfffff2a1006d7180, ptep=0xffff8f30834c0ff0, pte=(STRUCT)[0x800000001b5c6867], max_nr_ptes=1, flags=6);
 0)   0.170 us    |                  maybe_change_pte_writable.isra.0();
 0)   0.150 us    |                  pte_mkwrite(pte=(STRUCT)[0x840000001b5c6825], vma=0xffff8f3083259b40);
 0)   0.160 us    |                  _raw_spin_unlock(lock=0xfffff2a1000d3028);
 0)   0.160 us    |                  __rcu_read_unlock();
 0)   4.108 us    |                }
 0)   4.569 us    |              }
 0)   0.161 us    |              vm_stat_account(mm=0xffff8f3081b4db00, flags=0x8118173, npages=-1);
 0)   0.151 us    |              vm_stat_account(mm=0xffff8f3081b4db00, flags=0x118173, npages=1);
 0)   0.150 us    |              perf_event_mmap(vma=0xffff8f3083259b40);
 0) + 10.539 us   |            }
 0)   0.190 us    |            tlb_finish_mmu(tlb=0xffffd26ac050f988);
 0)               |            relocate_vma_down(vma=0xffff8f3083259b40, shift=0xe15fa000) {
 0)               |              vma_expand(vmg=0xffffd26ac050f820) {
 0)               |                commit_merge(vmg=0xffffd26ac050f820) {
 0)   0.191 us    |                  init_multi_vma_prep(vp=0xffffd26ac050f650, vma=0xffff8f3083259b40, vmg=0xffffd26ac050f820);
 0)   0.211 us    |                  kmem_cache_alloc_noprof(s=0xffff8f3081045900, gfpflags=0xcc0);
 0)               |                  vma_prepare(vp=0xffffd26ac050f650) {
 0)   0.161 us    |                    down_write(sem=0xffff8f3083274de8);
 0)   0.170 us    |                    anon_vma_interval_tree_remove(node=0xffff8f308322d340, root=0xffff8f3083274e28);
 0)   0.862 us    |                  }
 0)   0.160 us    |                  vma_adjust_trans_huge(vma=0xffff8f3083259b40, start=0x7fff1ea04000, end=0x7ffffffff000, next=0x0);
 0)               |                  kvfree_call_rcu(head=0xffff8f30833f7208, ptr=0xffff8f30833f7200) {
 0)   0.151 us    |                    is_vmalloc_addr(x=0xffff8f30833f7200);
 0)               |                    __kfree_rcu_sheaf(s=0xffff8f3081045900, obj=0xffff8f30833f7200) {
 0)               |                      barn_get_empty_sheaf(barn=0xffff8f308104c600, allow_spin=0x1) {
 0)   0.160 us    |                        _raw_spin_lock_irqsave(lock=0xffff8f308104c600);
 0)   0.160 us    |                        _raw_spin_unlock_irqrestore(lock=0xffff8f308104c600, flags=0x292);
 0)   1.022 us    |                      }
 0)   1.493 us    |                    }
 0)   2.265 us    |                  }
 0)               |                  vma_complete(vp=0xffffd26ac050f650, vmi=0xffffd26ac050f748, mm=0xffff8f3081b4db00) {
 0)   0.170 us    |                    anon_vma_interval_tree_insert(node=0xffff8f308322d340, root=0xffff8f3083274e28);
 0)   0.149 us    |                    up_write(sem=0xffff8f3083274de8);
 0)   0.872 us    |                  }
 0)   6.232 us    |                }
 0)   6.683 us    |              }
 0)               |              move_page_tables(pmc=0xffffd26ac050f710) {
 0)   0.190 us    |                get_old_pud(mm=0xffff8f3081b4db00, addr=0x7fffffffe000);
 0)   0.171 us    |                alloc_new_pud(mm=0xffff8f3081b4db00, addr=0x7fff1ea04000);
 0)   0.160 us    |                get_old_pud(mm=0xffff8f3081b4db00, addr=0x7fffffffe000);
 0)   0.151 us    |                alloc_new_pud(mm=0xffff8f3081b4db00, addr=0x7fff1ea04000);
 0)               |                __pmd_alloc(mm=0xffff8f3081b4db00, pud=0xffff8f30834fbfe0, address=0x7fff1ea04000) {
 0)               |                  alloc_pages_noprof(gfp=0x440dc0, order=0x0) {
 0)               |                    alloc_pages_mpol(gfp=0x440dc0, order=0x0, pol=0xffffffffb05b36a0, ilx=0xffffffffffffffff, nid=0) {
 0)   0.160 us    |                      policy_nodemask(gfp=0x440dc0, pol=0xffffffffb05b36a0, ilx=0xffffffffffffffff, nid=0xffffd26ac050f5d4);
 0)               |                      __alloc_frozen_pages_noprof(gfp=0x440dc0, order=0x0, preferred_nid=0, nodemask=0x0) {
 0)               |                        get_page_from_freelist(gfp_mask=0x440dc0, order=0x0, alloc_flags=2049, ac=0xffffd26ac050f570) {
 0)   0.160 us    |                          _raw_spin_trylock(lock=0xffff8f30bec38e80);
 0)   0.160 us    |                          _raw_spin_unlock(lock=0xffff8f30bec38e80);
 0)   0.390 us    |                          kernel_init_pages(page=0xfffff2a1000ebdc0, numpages=1);
 0)   1.473 us    |                        }
 0)   1.824 us    |                      }
 0)   2.525 us    |                    }
 0)   2.865 us    |                  }
 0)               |                  lruvec_stat_mod_folio(folio=0xfffff2a1000ebdc0, idx=38 [NR_PAGETABLE], val=1) {
 0)   0.150 us    |                    __rcu_read_lock();
 0)   0.220 us    |                    __rcu_read_unlock();
 0)   0.161 us    |                    mod_node_page_state(pgdat=0xffff8f30bfeb9f80, item=38 [NR_PAGETABLE], delta=1);
 0)   1.231 us    |                  }
 0)   0.150 us    |                  _raw_spin_lock(lock=0xffff8f3081b4dc8c);
 0)   0.161 us    |                  _raw_spin_unlock(lock=0xffff8f3081b4dc8c);
 0)   5.330 us    |                }
 0)               |                __pte_alloc(mm=0xffff8f3081b4db00, pmd=0xffff8f3083af77a8) {
 0)               |                  pte_alloc_one(mm=0xffff8f3081b4db00) {
 0)               |                    alloc_pages_noprof(gfp=0x440dc0, order=0x0) {
 0)               |                      alloc_pages_mpol(gfp=0x440dc0, order=0x0, pol=0xffffffffb05b36a0, ilx=0xffffffffffffffff, nid=0) {
 0)   0.160 us    |                        policy_nodemask(gfp=0x440dc0, pol=0xffffffffb05b36a0, ilx=0xffffffffffffffff, nid=0xffffd26ac050f5cc);
 0)               |                        __alloc_frozen_pages_noprof(gfp=0x440dc0, order=0x0, preferred_nid=0, nodemask=0x0) {
 0)               |                          get_page_from_freelist(gfp_mask=0x440dc0, order=0x0, alloc_flags=2049, ac=0xffffd26ac050f568) {
 0)   0.151 us    |                            _raw_spin_trylock(lock=0xffff8f30bec38e80);
 0)   0.160 us    |                            _raw_spin_unlock(lock=0xffff8f30bec38e80);
 0)   0.191 us    |                            kernel_init_pages(page=0xfffff2a100067ec0, numpages=1);
 0)   1.212 us    |                          }
 0)   1.554 us    |                        }
 0)   2.224 us    |                      }
 0)   2.554 us    |                    }
 0)               |                    lruvec_stat_mod_folio(folio=0xfffff2a100067ec0, idx=38 [NR_PAGETABLE], val=1) {
 0)   0.170 us    |                      __rcu_read_lock();
 0)   0.160 us    |                      __rcu_read_unlock();
 0)   0.160 us    |                      mod_node_page_state(pgdat=0xffff8f30bfeb9f80, item=38 [NR_PAGETABLE], delta=1);
 0)   1.173 us    |                    }
 0)   4.248 us    |                  }
 0)               |                  pmd_install(mm=0xffff8f3081b4db00, pmd=0xffff8f3083af77a8, pte=0xffffd26ac050f630) {
 0)   0.150 us    |                    _raw_spin_lock(lock=0xfffff2a1000ebde8);
 0)   0.160 us    |                    _raw_spin_unlock(lock=0xfffff2a1000ebde8);
 0)   0.841 us    |                  }
 0)   5.621 us    |                }
 0)               |                pte_offset_map_lock(mm=0xffff8f3081b4db00, pmd=0xffff8f30834f8ff8, addr=0x7fffffffe000, ptlp=0xffffd26ac050f688) {
 0)               |                  __pte_offset_map(pmd=0xffff8f30834f8ff8, addr=0x7fffffffe000, pmdvalp=0xffffd26ac050f608) {
 0)   0.150 us    |                    __rcu_read_lock();
 0)   0.501 us    |                  }
 0)   0.150 us    |                  _raw_spin_lock(lock=0xfffff2a1000d3028);
 0)   1.162 us    |                }
 0)               |                pte_offset_map_rw_nolock(mm=0xffff8f3081b4db00, pmd=0xffff8f3083af77a8, addr=0x7fff1ea04000, pmdvalp=0xffffd26ac050f680, ptlp=0xffffd26ac050f690) {
 0)               |                  __pte_offset_map(pmd=0xffff8f3083af77a8, addr=0x7fff1ea04000, pmdvalp=0xffffd26ac050f680) {
 0)   0.151 us    |                    __rcu_read_lock();
 0)   0.490 us    |                  }
 0)   0.821 us    |                }
 0)   0.150 us    |                _raw_spin_lock(lock=0xfffff2a100067ee8);
 0)   0.161 us    |                flush_tlb_batched_pending(mm=0xffff8f3081b4db00);
 0)               |                flush_tlb_mm_range(mm=0xffff8f3081b4db00, start=0x7fffffffe000, end=0x7ffffffff000, stride_shift=0xc, freed_tables=0x1) {
 0)               |                  flush_tlb_func(info=0xffff8f30bec32200) {
 0)   0.160 us    |                    mm_needs_global_asid(mm=0xffff8f3081b4db00, asid=0x0);
 0)   0.190 us    |                    native_flush_tlb_one_user(addr=0x7fffffffe000);
 0)   0.993 us    |                  }
 0)   1.382 us    |                }
 0)   0.161 us    |                _raw_spin_unlock(lock=0xfffff2a100067ee8);
 0)   0.160 us    |                __rcu_read_unlock();
 0)   0.160 us    |                _raw_spin_unlock(lock=0xfffff2a1000d3028);
 0)   0.161 us    |                __rcu_read_unlock();
 0) + 19.016 us   |              }
 0)   0.151 us    |              tlb_gather_mmu(tlb=0xffffd26ac050f7a0, mm=0xffff8f3081b4db00);
 0)               |              free_pgd_range(tlb=0xffffd26ac050f7a0, addr=0x7fffffffe000, end=0x7ffffffff000, floor=0x7fff1ea05000, ceiling=0x0) {
 0)               |                ___pte_free_tlb(tlb=0xffffd26ac050f7a0, pte=0xfffff2a1000d3000) {
 0)               |                  tlb_remove_table(tlb=0xffffd26ac050f7a0, table=0xfffff2a1000d3000) {
 0)               |                    get_free_pages_noprof(gfp_mask=0x2800, order=0x0) {
 0)               |                      alloc_pages_noprof(gfp=0x2800, order=0x0) {
 0)               |                        alloc_pages_mpol(gfp=0x2800, order=0x0, pol=0xffffffffb05b36a0, ilx=0xffffffffffffffff, nid=0) {
 0)   0.161 us    |                          policy_nodemask(gfp=0x2800, pol=0xffffffffb05b36a0, ilx=0xffffffffffffffff, nid=0xffffd26ac050f5e4);
 0)               |                          __alloc_frozen_pages_noprof(gfp=0x2800, order=0x0, preferred_nid=0, nodemask=0x0) {
 0)               |                            get_page_from_freelist(gfp_mask=0x2800, order=0x0, alloc_flags=2049, ac=0xffffd26ac050f580) {
 0)   0.151 us    |                              _raw_spin_trylock(lock=0xffff8f30bec38e80);
 0)   0.160 us    |                              _raw_spin_unlock(lock=0xffff8f30bec38e80);
 0)   0.541 us    |                              kernel_init_pages(page=0xfffff2a1000c88c0, numpages=1);
 0)   1.673 us    |                            }
 0)   2.024 us    |                          }
 0)   2.696 us    |                        }
 0)   3.025 us    |                      }
 0)   3.367 us    |                    }
 0)   3.698 us    |                  }
 0)   4.028 us    |                }
 0)               |                ___pmd_free_tlb(tlb=0xffffd26ac050f7a0, pmd=0xffff8f30834f8000) {
 0)   0.161 us    |                  tlb_remove_table(tlb=0xffffd26ac050f7a0, table=0xfffff2a1000d3e00);
 0)   0.480 us    |                }
 0)   5.130 us    |              }
 0)               |              tlb_finish_mmu(tlb=0xffffd26ac050f7a0) {
 0)               |                flush_tlb_mm_range(mm=0xffff8f3081b4db00, start=0x7fffc0000000, end=0x7fffffe01000, stride_shift=0x15, freed_tables=0x1) {
 0)               |                  flush_tlb_func(info=0xffff8f30bec32200) {
 0)   0.161 us    |                    mm_needs_global_asid(mm=0xffff8f3081b4db00, asid=0x0);
 0)   0.410 us    |                    native_flush_tlb_local();
 0)   1.091 us    |                  }
 0)   1.452 us    |                }
 0)               |                call_rcu(head=0xffff8f3083223000, func=0xffffffffad6d6110) {
 0)               |                  __call_rcu_common(head=0xffff8f3083223000, func=0xffffffffad6d6110, lazy_in=0x1) {
 0)   0.161 us    |                    rcu_async_should_hurry();
 0)   0.160 us    |                    rcu_segcblist_enqueue(rsclp=0xffff8f30bec34280, rhp=0xffff8f3083223000);
 0)   0.882 us    |                  }
 0)   1.242 us    |                }
 0)   3.256 us    |              }
 0)               |              vma_shrink(vmi=0xffffd26ac050f748, vma=0xffff8f3083259b40, start=0x7fff1ea04000, end=0x7fff1ea05000, pgoff=0x7fffffffe) {
 0)               |                kmem_cache_alloc_noprof(s=0xffff8f3081045900, gfpflags=0xcc0) {
 0)               |                  __pcs_replace_empty_main(s=0xffff8f3081045900, pcs=0xffff8f30bec38720, gfp=0xcc0) {
 0)               |                    barn_replace_empty_sheaf(barn=0xffff8f308104c600, empty=0xffff8f30821a1a00, allow_spin=0x1) {
 0)   0.151 us    |                      _raw_spin_lock_irqsave(lock=0xffff8f308104c600);
 0)   0.169 us    |                      _raw_spin_unlock_irqrestore(lock=0xffff8f308104c600, flags=0x292);
 0)   1.022 us    |                    }
 0)   1.373 us    |                  }
 0)   1.934 us    |                }
 0)   0.169 us    |                init_multi_vma_prep(vp=0xffffd26ac050f678, vma=0xffff8f3083259b40, vmg=0x0);
 0)               |                vma_prepare(vp=0xffffd26ac050f678) {
 0)   0.160 us    |                  down_write(sem=0xffff8f3083274de8);
 0)   0.181 us    |                  anon_vma_interval_tree_remove(node=0xffff8f308322d340, root=0xffff8f3083274e28);
 0)   0.872 us    |                }
 0)   0.160 us    |                vma_adjust_trans_huge(vma=0xffff8f3083259b40, start=0x7fff1ea04000, end=0x7fff1ea05000, next=0x0);
 0)               |                kvfree_call_rcu(head=0xffff8f30833e6208, ptr=0xffff8f30833e6200) {
 0)   0.161 us    |                  is_vmalloc_addr(x=0xffff8f30833e6200);
 0)   0.170 us    |                  __kfree_rcu_sheaf(s=0xffff8f3081045900, obj=0xffff8f30833e6200);
 0)   0.851 us    |                }
 0)               |                vma_complete(vp=0xffffd26ac050f678, vmi=0xffffd26ac050f748, mm=0xffff8f3081b4db00) {
 0)   0.160 us    |                  anon_vma_interval_tree_insert(node=0xffff8f308322d340, root=0xffff8f3083274e28);
 0)   0.151 us    |                  up_write(sem=0xffff8f3083274de8);
 0)   0.832 us    |                }
 0)   6.452 us    |              }
 0) + 42.290 us   |            }
 0)               |            expand_stack_locked(vma=0xffff8f3083259b40, address=0x7fff1e9e4000) {
 0)               |              expand_downwards(vma=0xffff8f3083259b40, address=0x7fff1e9e4000) {
 0)   0.270 us    |                kmem_cache_alloc_noprof(s=0xffff8f3081045900, gfpflags=0xcc0);
 0)   0.161 us    |                down_write(sem=0xffff8f3083274de8);
 0)   0.150 us    |                may_expand_vm(mm=0xffff8f3081b4db00, vma_flags=0xffff8f3083259b60, npages=0x20);
 0)   0.161 us    |                mlock_future_ok(mm=0xffff8f3081b4db00, is_vma_locked=0x0, bytes=0x20000);
 0)               |                security_vm_enough_memory_mm(mm=0xffff8f3081b4db00, pages=32) {
 0)   0.160 us    |                  static_key_count(key=0xffffffffb064d670);
 0)               |                  cap_vm_enough_memory(mm=0xffff8f3081b4db00, pages=32) {
 0)   0.260 us    |                    cap_capable(cred=0xffff8f30875040c0, target_ns=0xffffffffaf84a580, cap=21, opts=0x2);
 0)   0.590 us    |                  }
 0)   0.160 us    |                  static_key_count(key=0xffffffffb064d660);
 0)   0.161 us    |                  bpf_lsm_vm_enough_memory(mm=0xffff8f3081b4db00, pages=32);
 0)   0.151 us    |                  static_key_count(key=0xffffffffb064d650);
 0)   0.150 us    |                  static_key_count(key=0xffffffffb064d640);
 0)   0.151 us    |                  static_key_count(key=0xffffffffb064d630);
 0)   0.150 us    |                  static_key_count(key=0xffffffffb064d620);
 0)   0.200 us    |                  static_key_count(key=0xffffffffb064d610);
 0)   0.151 us    |                  static_key_count(key=0xffffffffb064d600);
 0)   0.150 us    |                  static_key_count(key=0xffffffffb064d5f0);
 0)   0.150 us    |                  static_key_count(key=0xffffffffb064d5e0);
 0)   0.150 us    |                  static_key_count(key=0xffffffffb064d5d0);
 0)   0.151 us    |                  static_key_count(key=0xffffffffb064d5c0);
 0)   0.180 us    |                  __vm_enough_memory(mm=0xffff8f3081b4db00, pages=32, cap_sys_admin=1);
 0)   5.931 us    |                }
 0)   0.150 us    |                vm_stat_account(mm=0xffff8f3081b4db00, flags=0x100173, npages=32);
 0)   0.160 us    |                anon_vma_interval_tree_remove(node=0xffff8f308322d340, root=0xffff8f3083274e28);
 0)               |                kvfree_call_rcu(head=0xffff8f30834b8208, ptr=0xffff8f30834b8200) {
 0)   0.151 us    |                  is_vmalloc_addr(x=0xffff8f30834b8200);
 0)   0.161 us    |                  __kfree_rcu_sheaf(s=0xffff8f3081045900, obj=0xffff8f30834b8200);
 0)   0.912 us    |                }
 0)   0.150 us    |                anon_vma_interval_tree_insert(node=0xffff8f308322d340, root=0xffff8f3083274e28);
 0)   0.160 us    |                perf_event_mmap(vma=0xffff8f3083259b40);
 0)   0.160 us    |                up_write(sem=0xffff8f3083274de8);
 0) + 10.880 us   |              }
 0) + 11.230 us   |            }
 0)   0.161 us    |            up_write(sem=0xffff8f3081b4dc90);
 0) + 67.126 us   |          }
 0)               |          elf_load() {
 0)               |            vm_mmap(file=0xffff8f30819db480, addr=0x0, len=0x100000, prot=0x1, flag=0x2, offset=0x0) {
 0)               |              vm_mmap_pgoff(file=0xffff8f30819db480, addr=0x0, len=0x100000, prot=0x1, flag=0x2, pgoff=0x0) {
 0)               |                security_mmap_file(file=0xffff8f30819db480, prot=0x1, flags=0x2) {
 0)   0.160 us    |                  bpf_lsm_mmap_file(file__nullable=0xffff8f30819db480, reqprot=0x1, prot=0x1, flags=0x2);
 0)   0.531 us    |                }
 0)   0.160 us    |                down_write_killable(sem=0xffff8f3081b4dc90);
 0)               |                do_mmap(file=0xffff8f30819db480, addr=0x0, len=0x100000, prot=0x1, flags=0x2, vm_flags=0x0, ...) {
 0)               |                  __get_unmapped_area(file=0xffff8f30819db480, addr=0x0, len=0x100000, pgoff=0x0, flags=0x2, vm_flags=0x71) {
 0)               |                    shmem_get_unmapped_area(file=0xffff8f30819db480, uaddr=0x0, len=0x100000, pgoff=0x0, flags=0x2) {
 0)               |                      mm_get_unmapped_area(file=0xffff8f30819db480, addr=0x0, len=0x100000, pgoff=0x0, flags=0x2) {
 0)               |                        arch_get_unmapped_area_topdown(filp=0xffff8f30819db480, addr0=0x0, len=0x100000, pgoff=0x0, flags=0x2, vm_flags=0x0) {
 0)   0.160 us    |                          get_mmap_base(is_legacy=0);
 0)   0.171 us    |                          get_align_mask(filp=0xffff8f30819db480);
 0)   0.160 us    |                          get_align_mask(filp=0x0);
 0)               |                          vm_unmapped_area(info=0xffffd26ac050f830) {
 0)   0.301 us    |                            unmapped_area_topdown(info=0xffffd26ac050f830);
 0)   0.651 us    |                          }
 0)   2.064 us    |                        }
 0)   2.415 us    |                      }
 0)   3.066 us    |                    }
 0)               |                    security_mmap_addr(addr=0x7f4937d0c000) {
 0)   0.170 us    |                      cap_mmap_addr(addr=0x7f4937d0c000);
 0)   0.160 us    |                      bpf_lsm_mmap_addr(addr=0x7f4937d0c000);
 0)   0.912 us    |                    }
 0)   4.619 us    |                  }
 0)   0.160 us    |                  path_noexec(path=0xffff8f30819db4c0);
 0)               |                  memfd_check_seals_mmap(file=0xffff8f30819db480, vm_flags_ptr=0xffffd26ac050f928) {
 0)   0.160 us    |                    shmem_mapping(mapping=0xffff8f3081b607b0);
 0)   0.531 us    |                  }
 0)               |                  mmap_region(file=0xffff8f30819db480, addr=0x7f4937d0c000, len=0x100000, vm_flags=0x71, pgoff=0x0, uf=0xffffd26ac050f9c0) {
 0)               |                    __mmap_region(file=0xffff8f30819db480, addr=0x7f4937d0c000, len=0x100000, vma_flags=(STRUCT)[0x71], pgoff=0x0, uf=0xffffd26ac050f9c0) {
 0)   0.160 us    |                      may_expand_vm(mm=0xffff8f3081b4db00, vma_flags=0xffffd26ac050f7a0, npages=0x100);
 0)               |                      shmem_mmap_prepare(desc=0xffffd26ac050f650) {
 0)               |                        touch_atime(path=0xffff8f30819db4c0) {
 0)               |                          atime_needs_update(path=0xffff8f30819db4c0, inode=0xffff8f3081b60648) {
 0)   0.170 us    |                            make_vfsuid(idmap=0xffffffffaf99cd80, fs_userns=0xffffffffaf84a580, kuid=(STRUCT)[0x3e8]);
 0)   0.151 us    |                            make_vfsgid(idmap=0xffffffffaf99cd80, fs_userns=0xffffffffaf84a580, kgid=(STRUCT)[0x3d8]);
 0)               |                            current_time(inode=0xffff8f3081b60648) {
 0)   0.161 us    |                              ktime_get_coarse_real_ts64_mg(ts=0xffffd26ac050f4f0);
 0)   0.511 us    |                            }
 0)   1.563 us    |                          }
 0)   0.171 us    |                          mnt_get_write_access(m=0xffff8f30812be1a0);
 0)               |                          current_time(inode=0xffff8f3081b60648) {
 0)   0.160 us    |                            ktime_get_coarse_real_ts64_mg(ts=0xffffd26ac050f518);
 0)   0.491 us    |                          }
 0)   0.161 us    |                          __mark_inode_dirty(inode=0xffff8f3081b60648, flags=16);
 0)   0.160 us    |                          mnt_put_write_access(mnt=0xffff8f30812be1a0);
 0)   3.676 us    |                        }
 0)   4.058 us    |                      }
 0)   0.171 us    |                      mmap_action_prepare(desc=0xffffd26ac050f650);
 0)   0.160 us    |                      ksm_vma_flags(mm=0xffff8f3081b4db00, file=0xffff8f30819db480, vma_flags=(STRUCT)[0x71]);
 0)               |                      vma_merge_new_range(vmg=0xffffd26ac050f6e0) {
 0)   0.170 us    |                        can_vma_merge_left(vmg=0xffffd26ac050f6e0);
 0)   0.160 us    |                        can_vma_merge_right(vmg=0xffffd26ac050f6e0, can_merge_left=0x0);
 0)   0.892 us    |                      }
 0)               |                      vm_area_alloc(mm=0xffff8f3081b4db00) {
 0)   0.210 us    |                        kmem_cache_alloc_noprof(s=0xffff8f3081274a00, gfpflags=0xcc0);
 0)   0.561 us    |                      }
 0)   0.191 us    |                      kmem_cache_alloc_noprof(s=0xffff8f3081045900, gfpflags=0xcc0);
 0)               |                      __vma_start_write(vma=0xffff8f30840b0e40, state=2) {
 0)   0.170 us    |                        __vma_start_exclude_readers(ves=0xffffd26ac050f560);
 0)   0.511 us    |                      }
 0)               |                      kvfree_call_rcu(head=0xffff8f3082e2d308, ptr=0xffff8f3082e2d300) {
 0)   0.230 us    |                        is_vmalloc_addr(x=0xffff8f3082e2d300);
 0)   0.161 us    |                        __kfree_rcu_sheaf(s=0xffff8f3081045900, obj=0xffff8f3082e2d300);
 0)   1.042 us    |                      }
 0)   0.160 us    |                      down_write(sem=0xffff8f3081b60830);
 0)   0.341 us    |                      vma_interval_tree_insert(node=0xffff8f30840b0e40, root=0xffff8f3081b607f8);
 0)   0.160 us    |                      up_write(sem=0xffff8f3081b60830);
 0)               |                      khugepaged_enter_vma(vma=0xffff8f30840b0e40, vm_flags=0x71) {
 0)   0.180 us    |                        hugepage_pmd_enabled();
 0)               |                        __thp_vma_allowable_orders(vma=0xffff8f30840b0e40, vm_flags=0x71, type=2 [TVA_KHUGEPAGED], orders=0x200) {
 0)   0.170 us    |                          vma_is_special_huge(vma=0xffff8f30840b0e40);
 0)   0.572 us    |                        }
 0)   1.332 us    |                      }
 0)   0.161 us    |                      perf_event_mmap(vma=0xffff8f30840b0e40);
 0)   0.170 us    |                      vms_complete_munmap_vmas(vms=0xffffd26ac050f7e0, mas_detach=0xffffd26ac050f860);
 0)   0.171 us    |                      vm_stat_account(mm=0xffff8f3081b4db00, flags=0x71, npages=256);
 0)   0.160 us    |                      uprobe_mmap(vma=0xffff8f30840b0e40);
 0)               |                      vma_set_page_prot(vma=0xffff8f30840b0e40) {
 0)               |                        vma_wants_writenotify(vma=0xffff8f30840b0e40, vm_page_prot=(STRUCT)[0x8000000000000025]) {
 0)   0.161 us    |                          vma_is_shared_writable(vma=0xffff8f30840b0e40);
 0)   0.501 us    |                        }
 0)   0.851 us    |                      }
 0)   0.170 us    |                      mmap_action_complete(vma=0xffff8f30840b0e40, action=0xffffd26ac050f6a0, is_compat=0x0);
 0) + 15.770 us   |                    }
 0) + 16.111 us   |                  }
 0) + 22.442 us   |                }
 0)   0.160 us    |                up_write(sem=0xffff8f3081b4dc90);
 0)   0.171 us    |                userfaultfd_unmap_complete(mm=0xffff8f3081b4db00, uf=0xffffd26ac050f9c0);
 0) + 24.617 us   |              }
 0) + 24.957 us   |            }
 0)               |            vm_munmap(start=0x7f4937d0d000, len=0xff000) {
 0)               |              __vm_munmap(start=0x7f4937d0d000, len=0xff000, unlock=0x0) {
 0)   0.160 us    |                down_write_killable(sem=0xffff8f3081b4dc90);
 0)               |                do_vmi_munmap(vmi=0xffffd26ac050f978, mm=0xffff8f3081b4db00, start=0x7f4937d0d000, len=0xff000, uf=0xffffd26ac050f968, unlock=0x0) {
 0)               |                  do_vmi_align_munmap(vmi=0xffffd26ac050f978, vma=0xffff8f30840b0e40, mm=0xffff8f3081b4db00, start=0x7f4937d0d000, end=0x7f4937e0c000, uf=0xffffd26ac050f968, ...) {
 0)               |                    vms_gather_munmap_vmas(vms=0xffffd26ac050f870, mas_detach=0xffffd26ac050f818) {
 0)               |                      __split_vma(vmi=0xffffd26ac050f978, vma=0xffff8f30840b0e40, addr=0x7f4937d0d000, new_below=1) {
 0)               |                        vm_area_dup(orig=0xffff8f30840b0e40) {
 0)   0.170 us    |                          kmem_cache_alloc_noprof(s=0xffff8f3081274a00, gfpflags=0xcc0);
 0)   0.151 us    |                          anon_vma_name(vma=0xffff8f30840b0e40);
 0)   0.871 us    |                        }
 0)   0.180 us    |                        kmem_cache_alloc_noprof(s=0xffff8f3081045900, gfpflags=0xcc0);
 0)   0.160 us    |                        vma_dup_policy(src=0xffff8f30840b0e40, dst=0xffff8f30831f8480);
 0)   0.160 us    |                        anon_vma_clone(dst=0xffff8f30831f8480, src=0xffff8f30840b0e40, operation=0 [VMA_OP_SPLIT]);
 0)               |                        __vma_start_write(vma=0xffff8f30840b0e40, state=2) {
 0)               |                          __vma_start_exclude_readers(ves=0xffffd26ac050f708) {
 0)   0.160 us    |                            finish_rcuwait(w=0xffff8f3081b4dcc0);
 0)   0.511 us    |                          }
 0)   0.853 us    |                        }
 0)               |                        __vma_start_write(vma=0xffff8f30831f8480, state=2) {
 0)   0.161 us    |                          __vma_start_exclude_readers(ves=0xffffd26ac050f708);
 0)   0.510 us    |                        }
 0)   0.170 us    |                        init_multi_vma_prep(vp=0xffffd26ac050f738, vma=0xffff8f30840b0e40, vmg=0x0);
 0)               |                        vma_prepare(vp=0xffffd26ac050f738) {
 0)   0.150 us    |                          uprobe_munmap(vma=0xffff8f30840b0e40, start=0x7f4937d0c000, end=0x7f4937e0c000);
 0)   0.161 us    |                          down_write(sem=0xffff8f3081b60830);
 0)               |                          vma_interval_tree_insert(node=0xffff8f30831f8480, root=0xffff8f3081b607f8) {
 0)   0.170 us    |                            vma_interval_tree_augment_rotate(rb_old=0xffff8f30834f9f88, rb_new=0xffff8f30840b0ec8);
 0)   0.562 us    |                          }
 0)   0.651 us    |                          vma_interval_tree_remove(node=0xffff8f30840b0e40, root=0xffff8f3081b607f8);
 0)   2.434 us    |                        }
 0)   0.161 us    |                        vma_adjust_trans_huge(vma=0xffff8f30840b0e40, start=0x7f4937d0c000, end=0x7f4937d0d000, next=0x0);
 0)               |                        vma_complete(vp=0xffffd26ac050f738, vmi=0xffffd26ac050f978, mm=0xffff8f3081b4db00) {
 0)   0.180 us    |                          vma_interval_tree_insert(node=0xffff8f30840b0e40, root=0xffff8f3081b607f8);
 0)               |                          kvfree_call_rcu(head=0xffff8f3082e2de08, ptr=0xffff8f3082e2de00) {
 0)   0.150 us    |                            is_vmalloc_addr(x=0xffff8f3082e2de00);
 0)   0.160 us    |                            __kfree_rcu_sheaf(s=0xffff8f3081045900, obj=0xffff8f3082e2de00);
 0)   0.831 us    |                          }
 0)   0.149 us    |                          up_write(sem=0xffff8f3081b60830);
 0)   0.160 us    |                          uprobe_mmap(vma=0xffff8f30840b0e40);
 0)   0.161 us    |                          uprobe_mmap(vma=0xffff8f30831f8480);
 0)   2.695 us    |                        }
 0) + 10.399 us   |                      }
 0)   0.149 us    |                      userfaultfd_unmap_prep(vma=0xffff8f30840b0e40, start=0x7f4937d0d000, end=0x7f4937e0c000, unmaps=0xffffd26ac050f968);
 0) + 11.421 us   |                    }
 0)   0.260 us    |                    kmem_cache_alloc_noprof(s=0xffff8f3081045900, gfpflags=0x2800);
 0)               |                    kvfree_call_rcu(head=0xffff8f3082e2df08, ptr=0xffff8f3082e2df00) {
 0)   0.150 us    |                      is_vmalloc_addr(x=0xffff8f3082e2df00);
 0)   0.150 us    |                      __kfree_rcu_sheaf(s=0xffff8f3081045900, obj=0xffff8f3082e2df00);
 0)   0.831 us    |                    }
 0)               |                    vms_complete_munmap_vmas(vms=0xffffd26ac050f870, mas_detach=0xffffd26ac050f818) {
 0)               |                      unmap_region(unmap=0xffffd26ac050f798) {
 0)   0.160 us    |                        tlb_gather_mmu(tlb=0xffffd26ac050f700, mm=0xffff8f3081b4db00);
 0)               |                        unmap_vmas(tlb=0xffffd26ac050f700, unmap=0xffffd26ac050f798) {
 0)               |                          __zap_vma_range(tlb=0xffffd26ac050f700, vma=0xffff8f30840b0e40, start=0x7f4937d0d000, end=0x7f4937e0c000, details=0xffffd26ac050f698) {
 0)   0.150 us    |                            uprobe_munmap(vma=0xffff8f30840b0e40, start=0x7f4937d0d000, end=0x7f4937e0c000);
 0)   0.541 us    |                          }
 0)   1.052 us    |                        }
 0)               |                        free_pgtables(tlb=0xffffd26ac050f700, unmap=0xffffd26ac050f798) {
 0)   0.170 us    |                          unlink_anon_vmas(vma=0xffff8f30840b0e40);
 0)   0.149 us    |                          unlink_file_vma_batch_init(vb=0xffffd26ac050f670);
 0)   0.160 us    |                          unlink_file_vma_batch_add(vb=0xffffd26ac050f670, vma=0xffff8f30840b0e40);
 0)               |                          unlink_file_vma_batch_final(vb=0xffffd26ac050f670) {
 0)               |                            unlink_file_vma_batch_process(vb=0xffffd26ac050f670) {
 0)   0.160 us    |                              down_write(sem=0xffff8f3081b60830);
 0)   0.180 us    |                              vma_interval_tree_remove(node=0xffff8f30840b0e40, root=0xffff8f3081b607f8);
 0)   0.161 us    |                              up_write(sem=0xffff8f3081b60830);
 0)   1.192 us    |                            }
 0)   1.534 us    |                          }
 0)   0.200 us    |                          free_pgd_range(tlb=0xffffd26ac050f700, addr=0x7f4937d0d000, end=0x7f4937e0c000, floor=0x7f4937d0d000, ceiling=0x7fff1e9e4000);
 0)   3.317 us    |                        }
 0)   0.180 us    |                        tlb_finish_mmu(tlb=0xffffd26ac050f700);
 0)   5.601 us    |                      }
 0)               |                      remove_vma(vma=0xffff8f30840b0e40) {
 0)   0.161 us    |                        fput(file=0xffff8f30819db480);
 0)               |                        vm_area_free(vma=0xffff8f30840b0e40) {
 0)   0.160 us    |                          kfree(object=0x0);
 0)   0.160 us    |                          kmem_cache_free(s=0xffff8f3081274a00, x=0xffff8f30840b0e40);
 0)   0.862 us    |                        }
 0)   1.543 us    |                      }
 0)   7.745 us    |                    }
 0) + 21.440 us   |                  }
 0) + 21.831 us   |                }
 0)   0.150 us    |                up_write(sem=0xffff8f3081b4dc90);
 0)   0.171 us    |                userfaultfd_unmap_complete(mm=0xffff8f3081b4db00, uf=0xffffd26ac050f968);
 0) + 23.214 us   |              }
 0) + 23.544 us   |            }
 0) + 49.082 us   |          }
 0)               |          elf_load() {
 0)               |            vm_mmap(file=0xffff8f30819db480, addr=0x7f4937d0d000, len=0xca000, prot=0x5, flag=0x12, offset=0x1000) {
 0)               |              vm_mmap_pgoff(file=0xffff8f30819db480, addr=0x7f4937d0d000, len=0xca000, prot=0x5, flag=0x12, pgoff=0x1) {
 0)               |                security_mmap_file(file=0xffff8f30819db480, prot=0x5, flags=0x12) {
 0)   0.160 us    |                  bpf_lsm_mmap_file(file__nullable=0xffff8f30819db480, reqprot=0x5, prot=0x5, flags=0x12);
 0)   0.501 us    |                }
 0)   0.160 us    |                down_write_killable(sem=0xffff8f3081b4dc90);
 0)               |                do_mmap(file=0xffff8f30819db480, addr=0x7f4937d0d000, len=0xca000, prot=0x5, flags=0x12, vm_flags=0x0, ...) {
 0)               |                  __get_unmapped_area(file=0xffff8f30819db480, addr=0x7f4937d0d000, len=0xca000, pgoff=0x1, flags=0x12, vm_flags=0x75) {
 0)               |                    shmem_get_unmapped_area(file=0xffff8f30819db480, uaddr=0x7f4937d0d000, len=0xca000, pgoff=0x1, flags=0x12) {
 0)               |                      mm_get_unmapped_area(file=0xffff8f30819db480, addr=0x7f4937d0d000, len=0xca000, pgoff=0x1, flags=0x12) {
 0)   0.170 us    |                        arch_get_unmapped_area_topdown(filp=0xffff8f30819db480, addr0=0x7f4937d0d000, len=0xca000, pgoff=0x1, flags=0x12, vm_flags=0x0);
 0)   0.510 us    |                      }
 0)   0.852 us    |                    }
 0)               |                    security_mmap_addr(addr=0x7f4937d0d000) {
 0)   0.160 us    |                      cap_mmap_addr(addr=0x7f4937d0d000);
 0)   0.160 us    |                      bpf_lsm_mmap_addr(addr=0x7f4937d0d000);
 0)   0.891 us    |                    }
 0)   2.274 us    |                  }
 0)   0.160 us    |                  path_noexec(path=0xffff8f30819db4c0);
 0)               |                  memfd_check_seals_mmap(file=0xffff8f30819db480, vm_flags_ptr=0xffffd26ac050f928) {
 0)   0.151 us    |                    shmem_mapping(mapping=0xffff8f3081b607b0);
 0)   0.491 us    |                  }
 0)               |                  mmap_region(file=0xffff8f30819db480, addr=0x7f4937d0d000, len=0xca000, vm_flags=0x75, pgoff=0x1, uf=0xffffd26ac050f9c0) {
 0)               |                    __mmap_region(file=0xffff8f30819db480, addr=0x7f4937d0d000, len=0xca000, vma_flags=(STRUCT)[0x75], pgoff=0x1, uf=0xffffd26ac050f9c0) {
 0)   0.160 us    |                      may_expand_vm(mm=0xffff8f3081b4db00, vma_flags=0xffffd26ac050f7a0, npages=0xca);
 0)               |                      shmem_mmap_prepare(desc=0xffffd26ac050f650) {
 0)               |                        touch_atime(path=0xffff8f30819db4c0) {
 0)               |                          atime_needs_update(path=0xffff8f30819db4c0, inode=0xffff8f3081b60648) {
 0)   0.160 us    |                            make_vfsuid(idmap=0xffffffffaf99cd80, fs_userns=0xffffffffaf84a580, kuid=(STRUCT)[0x3e8]);
 0)   0.151 us    |                            make_vfsgid(idmap=0xffffffffaf99cd80, fs_userns=0xffffffffaf84a580, kgid=(STRUCT)[0x3d8]);
 0)               |                            current_time(inode=0xffff8f3081b60648) {
 0)   0.160 us    |                              ktime_get_coarse_real_ts64_mg(ts=0xffffd26ac050f4f0);
 0)   0.501 us    |                            }
 0)   1.512 us    |                          }
 0)   1.853 us    |                        }
 0)   2.194 us    |                      }
 0)   0.160 us    |                      mmap_action_prepare(desc=0xffffd26ac050f650);
 0)   0.150 us    |                      ksm_vma_flags(mm=0xffff8f3081b4db00, file=0xffff8f30819db480, vma_flags=(STRUCT)[0x75]);
 0)               |                      vma_merge_new_range(vmg=0xffffd26ac050f6e0) {
 0)   0.180 us    |                        can_vma_merge_left(vmg=0xffffd26ac050f6e0);
 0)   0.161 us    |                        can_vma_merge_right(vmg=0xffffd26ac050f6e0, can_merge_left=0x0);
 0)   0.862 us    |                      }
 0)               |                      vm_area_alloc(mm=0xffff8f3081b4db00) {
 0)   0.170 us    |                        kmem_cache_alloc_noprof(s=0xffff8f3081274a00, gfpflags=0xcc0);
 0)   0.512 us    |                      }
 0)   0.170 us    |                      kmem_cache_alloc_noprof(s=0xffff8f3081045900, gfpflags=0xcc0);
 0)               |                      __vma_start_write(vma=0xffff8f30840b0e40, state=2) {
 0)   0.150 us    |                        __vma_start_exclude_readers(ves=0xffffd26ac050f560);
 0)   0.501 us    |                      }
 0)               |                      kvfree_call_rcu(head=0xffff8f30839ef408, ptr=0xffff8f30839ef400) {
 0)   0.160 us    |                        is_vmalloc_addr(x=0xffff8f30839ef400);
 0)   0.160 us    |                        __kfree_rcu_sheaf(s=0xffff8f3081045900, obj=0xffff8f30839ef400);
 0)   0.922 us    |                      }
 0)   0.149 us    |                      down_write(sem=0xffff8f3081b60830);
 0)   0.181 us    |                      vma_interval_tree_insert(node=0xffff8f30840b0e40, root=0xffff8f3081b607f8);
 0)   0.160 us    |                      up_write(sem=0xffff8f3081b60830);
 0)               |                      khugepaged_enter_vma(vma=0xffff8f30840b0e40, vm_flags=0x75) {
 0)   0.160 us    |                        hugepage_pmd_enabled();
 0)               |                        __thp_vma_allowable_orders(vma=0xffff8f30840b0e40, vm_flags=0x75, type=2 [TVA_KHUGEPAGED], orders=0x200) {
 0)   0.160 us    |                          vma_is_special_huge(vma=0xffff8f30840b0e40);
 0)   0.521 us    |                        }
 0)   1.263 us    |                      }
 0)   0.160 us    |                      perf_event_mmap(vma=0xffff8f30840b0e40);
 0)   0.160 us    |                      vms_complete_munmap_vmas(vms=0xffffd26ac050f7e0, mas_detach=0xffffd26ac050f860);
 0)   0.171 us    |                      vm_stat_account(mm=0xffff8f3081b4db00, flags=0x75, npages=202);
 0)   0.160 us    |                      uprobe_mmap(vma=0xffff8f30840b0e40);
 0)               |                      vma_set_page_prot(vma=0xffff8f30840b0e40) {
 0)               |                        vma_wants_writenotify(vma=0xffff8f30840b0e40, vm_page_prot=(STRUCT)[0x25]) {
 0)   0.161 us    |                          vma_is_shared_writable(vma=0xffff8f30840b0e40);
 0)   0.501 us    |                        }
 0)   0.841 us    |                      }
 0)   0.171 us    |                      mmap_action_complete(vma=0xffff8f30840b0e40, action=0xffffd26ac050f6a0, is_compat=0x0);
 0) + 13.084 us   |                    }
 0) + 13.426 us   |                  }
 0) + 17.232 us   |                }
 0)   0.150 us    |                up_write(sem=0xffff8f3081b4dc90);
 0)   0.161 us    |                userfaultfd_unmap_complete(mm=0xffff8f3081b4db00, uf=0xffffd26ac050f9c0);
 0) + 19.256 us   |              }
 0) + 19.597 us   |            }
 0) + 19.938 us   |          }
 0)               |          elf_load() {
 0)               |            vm_mmap(file=0xffff8f30819db480, addr=0x7f4937dd7000, len=0x2f000, prot=0x1, flag=0x12, offset=0xcb000) {
 0)               |              vm_mmap_pgoff(file=0xffff8f30819db480, addr=0x7f4937dd7000, len=0x2f000, prot=0x1, flag=0x12, pgoff=0xcb) {
 0)               |                security_mmap_file(file=0xffff8f30819db480, prot=0x1, flags=0x12) {
 0)   0.150 us    |                  bpf_lsm_mmap_file(file__nullable=0xffff8f30819db480, reqprot=0x1, prot=0x1, flags=0x12);
 0)   0.501 us    |                }
 0)   0.149 us    |                down_write_killable(sem=0xffff8f3081b4dc90);
 0)               |                do_mmap(file=0xffff8f30819db480, addr=0x7f4937dd7000, len=0x2f000, prot=0x1, flags=0x12, vm_flags=0x0, ...) {
 0)               |                  __get_unmapped_area(file=0xffff8f30819db480, addr=0x7f4937dd7000, len=0x2f000, pgoff=0xcb, flags=0x12, vm_flags=0x71) {
 0)               |                    shmem_get_unmapped_area(file=0xffff8f30819db480, uaddr=0x7f4937dd7000, len=0x2f000, pgoff=0xcb, flags=0x12) {
 0)               |                      mm_get_unmapped_area(file=0xffff8f30819db480, addr=0x7f4937dd7000, len=0x2f000, pgoff=0xcb, flags=0x12) {
 0)   0.160 us    |                        arch_get_unmapped_area_topdown(filp=0xffff8f30819db480, addr0=0x7f4937dd7000, len=0x2f000, pgoff=0xcb, flags=0x12, vm_flags=0x0);
 0)   0.491 us    |                      }
 0)   0.831 us    |                    }
 0)               |                    security_mmap_addr(addr=0x7f4937dd7000) {
 0)   0.151 us    |                      cap_mmap_addr(addr=0x7f4937dd7000);
 0)   0.151 us    |                      bpf_lsm_mmap_addr(addr=0x7f4937dd7000);
 0)   0.832 us    |                    }
 0)   2.195 us    |                  }
 0)   0.150 us    |                  path_noexec(path=0xffff8f30819db4c0);
 0)               |                  memfd_check_seals_mmap(file=0xffff8f30819db480, vm_flags_ptr=0xffffd26ac050f928) {
 0)   0.150 us    |                    shmem_mapping(mapping=0xffff8f3081b607b0);
 0)   0.490 us    |                  }
 0)               |                  mmap_region(file=0xffff8f30819db480, addr=0x7f4937dd7000, len=0x2f000, vm_flags=0x71, pgoff=0xcb, uf=0xffffd26ac050f9c0) {
 0)               |                    __mmap_region(file=0xffff8f30819db480, addr=0x7f4937dd7000, len=0x2f000, vma_flags=(STRUCT)[0x71], pgoff=0xcb, uf=0xffffd26ac050f9c0) {
 0)   0.221 us    |                      may_expand_vm(mm=0xffff8f3081b4db00, vma_flags=0xffffd26ac050f7a0, npages=0x2f);
 0)               |                      shmem_mmap_prepare(desc=0xffffd26ac050f650) {
 0)               |                        touch_atime(path=0xffff8f30819db4c0) {
 0)               |                          atime_needs_update(path=0xffff8f30819db4c0, inode=0xffff8f3081b60648) {
 0)   0.151 us    |                            make_vfsuid(idmap=0xffffffffaf99cd80, fs_userns=0xffffffffaf84a580, kuid=(STRUCT)[0x3e8]);
 0)   0.161 us    |                            make_vfsgid(idmap=0xffffffffaf99cd80, fs_userns=0xffffffffaf84a580, kgid=(STRUCT)[0x3d8]);
 0)               |                            current_time(inode=0xffff8f3081b60648) {
 0)   0.150 us    |                              ktime_get_coarse_real_ts64_mg(ts=0xffffd26ac050f4f0);
 0)   0.501 us    |                            }
 0)   1.513 us    |                          }
 0)   1.843 us    |                        }
 0)   2.184 us    |                      }
 0)   0.160 us    |                      mmap_action_prepare(desc=0xffffd26ac050f650);
 0)   0.160 us    |                      ksm_vma_flags(mm=0xffff8f3081b4db00, file=0xffff8f30819db480, vma_flags=(STRUCT)[0x71]);
 0)               |                      vma_merge_new_range(vmg=0xffffd26ac050f6e0) {
 0)   0.151 us    |                        can_vma_merge_left(vmg=0xffffd26ac050f6e0);
 0)   0.161 us    |                        can_vma_merge_right(vmg=0xffffd26ac050f6e0, can_merge_left=0x0);
 0)   0.842 us    |                      }
 0)               |                      vm_area_alloc(mm=0xffff8f3081b4db00) {
 0)   0.160 us    |                        kmem_cache_alloc_noprof(s=0xffff8f3081274a00, gfpflags=0xcc0);
 0)   0.511 us    |                      }
 0)   0.181 us    |                      kmem_cache_alloc_noprof(s=0xffff8f3081045900, gfpflags=0xcc0);
 0)               |                      __vma_start_write(vma=0xffff8f30831f8540, state=2) {
 0)   0.150 us    |                        __vma_start_exclude_readers(ves=0xffffd26ac050f560);
 0)   0.501 us    |                      }
 0)               |                      kvfree_call_rcu(head=0xffff8f30833e0e08, ptr=0xffff8f30833e0e00) {
 0)   0.160 us    |                        is_vmalloc_addr(x=0xffff8f30833e0e00);
 0)   0.150 us    |                        __kfree_rcu_sheaf(s=0xffff8f3081045900, obj=0xffff8f30833e0e00);
 0)   0.841 us    |                      }
 0)   0.161 us    |                      down_write(sem=0xffff8f3081b60830);
 0)   0.271 us    |                      vma_interval_tree_insert(node=0xffff8f30831f8540, root=0xffff8f3081b607f8);
 0)   0.161 us    |                      up_write(sem=0xffff8f3081b60830);
 0)               |                      khugepaged_enter_vma(vma=0xffff8f30831f8540, vm_flags=0x71) {
 0)   0.160 us    |                        hugepage_pmd_enabled();
 0)               |                        __thp_vma_allowable_orders(vma=0xffff8f30831f8540, vm_flags=0x71, type=2 [TVA_KHUGEPAGED], orders=0x200) {
 0)   0.161 us    |                          vma_is_special_huge(vma=0xffff8f30831f8540);
 0)   0.500 us    |                        }
 0)   1.172 us    |                      }
 0)   0.160 us    |                      perf_event_mmap(vma=0xffff8f30831f8540);
 0)   0.151 us    |                      vms_complete_munmap_vmas(vms=0xffffd26ac050f7e0, mas_detach=0xffffd26ac050f860);
 0)   0.160 us    |                      vm_stat_account(mm=0xffff8f3081b4db00, flags=0x71, npages=47);
 0)   0.161 us    |                      uprobe_mmap(vma=0xffff8f30831f8540);
 0)               |                      vma_set_page_prot(vma=0xffff8f30831f8540) {
 0)               |                        vma_wants_writenotify(vma=0xffff8f30831f8540, vm_page_prot=(STRUCT)[0x8000000000000025]) {
 0)   0.160 us    |                          vma_is_shared_writable(vma=0xffff8f30831f8540);
 0)   0.492 us    |                        }
 0)   0.842 us    |                      }
 0)   0.160 us    |                      mmap_action_complete(vma=0xffff8f30831f8540, action=0xffffd26ac050f6a0, is_compat=0x0);
 0) + 13.035 us   |                    }
 0) + 13.355 us   |                  }
 0) + 17.092 us   |                }
 0)   0.151 us    |                up_write(sem=0xffff8f3081b4dc90);
 0)   0.161 us    |                userfaultfd_unmap_complete(mm=0xffff8f3081b4db00, uf=0xffffd26ac050f9c0);
 0) + 19.116 us   |              }
 0) + 19.446 us   |            }
 0) + 19.788 us   |          }
 0)               |          elf_load() {
 0)               |            vm_mmap(file=0xffff8f30819db480, addr=0x7f4937e06000, len=0x4000, prot=0x3, flag=0x12, offset=0xfa000) {
 0)               |              vm_mmap_pgoff(file=0xffff8f30819db480, addr=0x7f4937e06000, len=0x4000, prot=0x3, flag=0x12, pgoff=0xfa) {
 0)               |                security_mmap_file(file=0xffff8f30819db480, prot=0x3, flags=0x12) {
 0)   0.150 us    |                  bpf_lsm_mmap_file(file__nullable=0xffff8f30819db480, reqprot=0x3, prot=0x3, flags=0x12);
 0)   0.490 us    |                }
 0)   0.150 us    |                down_write_killable(sem=0xffff8f3081b4dc90);
 0)               |                do_mmap(file=0xffff8f30819db480, addr=0x7f4937e06000, len=0x4000, prot=0x3, flags=0x12, vm_flags=0x0, ...) {
 0)               |                  __get_unmapped_area(file=0xffff8f30819db480, addr=0x7f4937e06000, len=0x4000, pgoff=0xfa, flags=0x12, vm_flags=0x73) {
 0)               |                    shmem_get_unmapped_area(file=0xffff8f30819db480, uaddr=0x7f4937e06000, len=0x4000, pgoff=0xfa, flags=0x12) {
 0)               |                      mm_get_unmapped_area(file=0xffff8f30819db480, addr=0x7f4937e06000, len=0x4000, pgoff=0xfa, flags=0x12) {
 0)   0.160 us    |                        arch_get_unmapped_area_topdown(filp=0xffff8f30819db480, addr0=0x7f4937e06000, len=0x4000, pgoff=0xfa, flags=0x12, vm_flags=0x0);
 0)   0.490 us    |                      }
 0)   0.831 us    |                    }
 0)               |                    security_mmap_addr(addr=0x7f4937e06000) {
 0)   0.160 us    |                      cap_mmap_addr(addr=0x7f4937e06000);
 0)   0.150 us    |                      bpf_lsm_mmap_addr(addr=0x7f4937e06000);
 0)   0.821 us    |                    }
 0)   2.174 us    |                  }
 0)   0.149 us    |                  path_noexec(path=0xffff8f30819db4c0);
 0)               |                  memfd_check_seals_mmap(file=0xffff8f30819db480, vm_flags_ptr=0xffffd26ac050f928) {
 0)   0.161 us    |                    shmem_mapping(mapping=0xffff8f3081b607b0);
 0)   0.491 us    |                  }
 0)               |                  mmap_region(file=0xffff8f30819db480, addr=0x7f4937e06000, len=0x4000, vm_flags=0x73, pgoff=0xfa, uf=0xffffd26ac050f9c0) {
 0)               |                    __mmap_region(file=0xffff8f30819db480, addr=0x7f4937e06000, len=0x4000, vma_flags=(STRUCT)[0x73], pgoff=0xfa, uf=0xffffd26ac050f9c0) {
 0)   0.171 us    |                      may_expand_vm(mm=0xffff8f3081b4db00, vma_flags=0xffffd26ac050f7a0, npages=0x4);
 0)               |                      security_vm_enough_memory_mm(mm=0xffff8f3081b4db00, pages=4) {
 0)   0.150 us    |                        static_key_count(key=0xffffffffb064d670);
 0)               |                        cap_vm_enough_memory(mm=0xffff8f3081b4db00, pages=4) {
 0)   0.150 us    |                          cap_capable(cred=0xffff8f30875040c0, target_ns=0xffffffffaf84a580, cap=21, opts=0x2);
 0)   0.481 us    |                        }
 0)   0.161 us    |                        static_key_count(key=0xffffffffb064d660);
 0)   0.160 us    |                        bpf_lsm_vm_enough_memory(mm=0xffff8f3081b4db00, pages=4);
 0)   0.149 us    |                        static_key_count(key=0xffffffffb064d650);
 0)   0.160 us    |                        static_key_count(key=0xffffffffb064d640);
 0)   0.160 us    |                        static_key_count(key=0xffffffffb064d630);
 0)   0.160 us    |                        static_key_count(key=0xffffffffb064d620);
 0)   0.160 us    |                        static_key_count(key=0xffffffffb064d610);
 0)   0.161 us    |                        static_key_count(key=0xffffffffb064d600);
 0)   0.161 us    |                        static_key_count(key=0xffffffffb064d5f0);
 0)   0.161 us    |                        static_key_count(key=0xffffffffb064d5e0);
 0)   0.149 us    |                        static_key_count(key=0xffffffffb064d5d0);
 0)   0.150 us    |                        static_key_count(key=0xffffffffb064d5c0);
 0)   0.161 us    |                        __vm_enough_memory(mm=0xffff8f3081b4db00, pages=4, cap_sys_admin=1);
 0)   5.560 us    |                      }
 0)               |                      shmem_mmap_prepare(desc=0xffffd26ac050f650) {
 0)               |                        touch_atime(path=0xffff8f30819db4c0) {
 0)               |                          atime_needs_update(path=0xffff8f30819db4c0, inode=0xffff8f3081b60648) {
 0)   0.160 us    |                            make_vfsuid(idmap=0xffffffffaf99cd80, fs_userns=0xffffffffaf84a580, kuid=(STRUCT)[0x3e8]);
 0)   0.150 us    |                            make_vfsgid(idmap=0xffffffffaf99cd80, fs_userns=0xffffffffaf84a580, kgid=(STRUCT)[0x3d8]);
 0)               |                            current_time(inode=0xffff8f3081b60648) {
 0)   0.160 us    |                              ktime_get_coarse_real_ts64_mg(ts=0xffffd26ac050f4f0);
 0)   0.490 us    |                            }
 0)   1.503 us    |                          }
 0)   1.843 us    |                        }
 0)   2.173 us    |                      }
 0)   0.160 us    |                      mmap_action_prepare(desc=0xffffd26ac050f650);
 0)   0.161 us    |                      ksm_vma_flags(mm=0xffff8f3081b4db00, file=0xffff8f30819db480, vma_flags=(STRUCT)[0x100073]);
 0)               |                      vma_merge_new_range(vmg=0xffffd26ac050f6e0) {
 0)   0.150 us    |                        can_vma_merge_left(vmg=0xffffd26ac050f6e0);
 0)   0.160 us    |                        can_vma_merge_right(vmg=0xffffd26ac050f6e0, can_merge_left=0x0);
 0)   0.842 us    |                      }
 0)               |                      vm_area_alloc(mm=0xffff8f3081b4db00) {
 0)   0.170 us    |                        kmem_cache_alloc_noprof(s=0xffff8f3081274a00, gfpflags=0xcc0);
 0)   0.501 us    |                      }
 0)   0.170 us    |                      kmem_cache_alloc_noprof(s=0xffff8f3081045900, gfpflags=0xcc0);
 0)               |                      __vma_start_write(vma=0xffff8f30831f80c0, state=2) {
 0)   0.150 us    |                        __vma_start_exclude_readers(ves=0xffffd26ac050f560);
 0)   0.490 us    |                      }
 0)               |                      kvfree_call_rcu(head=0xffff8f3081262e08, ptr=0xffff8f3081262e00) {
 0)   0.160 us    |                        is_vmalloc_addr(x=0xffff8f3081262e00);
 0)   0.150 us    |                        __kfree_rcu_sheaf(s=0xffff8f3081045900, obj=0xffff8f3081262e00);
 0)   0.933 us    |                      }
 0)   0.290 us    |                      down_write(sem=0xffff8f3081b60830);
 0)   0.180 us    |                      vma_interval_tree_insert(node=0xffff8f30831f80c0, root=0xffff8f3081b607f8);
 0)   0.160 us    |                      up_write(sem=0xffff8f3081b60830);
 0)               |                      khugepaged_enter_vma(vma=0xffff8f30831f80c0, vm_flags=0x100073) {
 0)   0.149 us    |                        hugepage_pmd_enabled();
 0)               |                        __thp_vma_allowable_orders(vma=0xffff8f30831f80c0, vm_flags=0x100073, type=2 [TVA_KHUGEPAGED], orders=0x200) {
 0)   0.151 us    |                          vma_is_special_huge(vma=0xffff8f30831f80c0);
 0)   0.501 us    |                        }
 0)   1.172 us    |                      }
 0)   0.161 us    |                      perf_event_mmap(vma=0xffff8f30831f80c0);
 0)   0.160 us    |                      vms_complete_munmap_vmas(vms=0xffffd26ac050f7e0, mas_detach=0xffffd26ac050f860);
 0)   0.160 us    |                      vm_stat_account(mm=0xffff8f3081b4db00, flags=0x100073, npages=4);
 0)   0.151 us    |                      uprobe_mmap(vma=0xffff8f30831f80c0);
 0)               |                      vma_set_page_prot(vma=0xffff8f30831f80c0) {
 0)               |                        vma_wants_writenotify(vma=0xffff8f30831f80c0, vm_page_prot=(STRUCT)[0x8000000000000025]) {
 0)   0.160 us    |                          vma_is_shared_writable(vma=0xffff8f30831f80c0);
 0)   0.492 us    |                        }
 0)   0.832 us    |                      }
 0)   0.171 us    |                      mmap_action_complete(vma=0xffff8f30831f80c0, action=0xffffd26ac050f6a0, is_compat=0x0);
 0) + 18.715 us   |                    }
 0) + 19.046 us   |                  }
 0) + 22.752 us   |                }
 0)   0.151 us    |                up_write(sem=0xffff8f3081b4dc90);
 0)   0.161 us    |                userfaultfd_unmap_complete(mm=0xffff8f3081b4db00, uf=0xffffd26ac050f9c0);
 0) + 24.776 us   |              }
 0) + 25.097 us   |            }
 0)               |            lock_mm_and_find_vma(mm=0xffff8f3081b4db00, addr=0x7f4937e09360, regs=0xffffd26ac050f968) {
 0)   0.160 us    |              down_read_trylock(sem=0xffff8f3081b4dc90);
 0)               |              find_vma(mm=0xffff8f3081b4db00, addr=0x7f4937e09360) {
 0)   0.161 us    |                __rcu_read_lock();
 0)   0.161 us    |                __rcu_read_unlock();
 0)   0.902 us    |              }
 0)   1.603 us    |            }
 0)               |            handle_mm_fault(vma=0xffff8f30831f80c0, address=0x7f4937e09360, flags=0x215, regs=0xffffd26ac050f968) {
 0)               |              __handle_mm_fault(vma=0xffff8f30831f80c0, address=0x7f4937e09360, flags=0x215) {
 0)               |                __pud_alloc(mm=0xffff8f3081b4db00, p4d=0xffff8f30830687f0, address=0x7f4937e09360) {
 0)               |                  alloc_pages_noprof(gfp=0x440dc0, order=0x0) {
 0)               |                    alloc_pages_mpol(gfp=0x440dc0, order=0x0, pol=0xffffffffb05b36a0, ilx=0xffffffffffffffff, nid=0) {
 0)   0.160 us    |                      policy_nodemask(gfp=0x440dc0, pol=0xffffffffb05b36a0, ilx=0xffffffffffffffff, nid=0xffffd26ac050f764);
 0)               |                      __alloc_frozen_pages_noprof(gfp=0x440dc0, order=0x0, preferred_nid=0, nodemask=0x0) {
 0)               |                        get_page_from_freelist(gfp_mask=0x440dc0, order=0x0, alloc_flags=2049, ac=0xffffd26ac050f700) {
 0)   0.160 us    |                          _raw_spin_trylock(lock=0xffff8f30bec38e80);
 0)   0.170 us    |                          _raw_spin_unlock(lock=0xffff8f30bec38e80);
 0)   0.411 us    |                          kernel_init_pages(page=0xfffff2a1000cf940, numpages=1);
 0)   1.523 us    |                        }
 0)   1.903 us    |                      }
 0)   2.585 us    |                    }
 0)   2.915 us    |                  }
 0)               |                  lruvec_stat_mod_folio(folio=0xfffff2a1000cf940, idx=38 [NR_PAGETABLE], val=1) {
 0)   0.150 us    |                    __rcu_read_lock();
 0)   0.171 us    |                    __rcu_read_unlock();
 0)   0.161 us    |                    mod_node_page_state(pgdat=0xffff8f30bfeb9f80, item=38 [NR_PAGETABLE], delta=1);
 0)   1.163 us    |                  }
 0)   0.160 us    |                  _raw_spin_lock(lock=0xffff8f3081b4dc8c);
 0)   0.160 us    |                  _raw_spin_unlock(lock=0xffff8f3081b4dc8c);
 0)   5.310 us    |                }
 0)               |                __thp_vma_allowable_orders(vma=0xffff8f30831f80c0, vm_flags=0x8100073, type=1 [TVA_PAGEFAULT], orders=0x40000) {
 0)   0.161 us    |                  vma_is_special_huge(vma=0xffff8f30831f80c0);
 0)   0.501 us    |                }
 0)               |                __pmd_alloc(mm=0xffff8f3081b4db00, pud=0xffff8f30833e5920, address=0x7f4937e09360) {
 0)               |                  alloc_pages_noprof(gfp=0x440dc0, order=0x0) {
 0)               |                    alloc_pages_mpol(gfp=0x440dc0, order=0x0, pol=0xffffffffb05b36a0, ilx=0xffffffffffffffff, nid=0) {
 0)   0.171 us    |                      policy_nodemask(gfp=0x440dc0, pol=0xffffffffb05b36a0, ilx=0xffffffffffffffff, nid=0xffffd26ac050f764);
 0)               |                      __alloc_frozen_pages_noprof(gfp=0x440dc0, order=0x0, preferred_nid=0, nodemask=0x0) {
 0)               |                        get_page_from_freelist(gfp_mask=0x440dc0, order=0x0, alloc_flags=2049, ac=0xffffd26ac050f700) {
 0)   0.160 us    |                          _raw_spin_trylock(lock=0xffff8f30bec38e80);
 0)   0.160 us    |                          _raw_spin_unlock(lock=0xffff8f30bec38e80);
 0)   0.722 us    |                          kernel_init_pages(page=0xfffff2a1000e2d00, numpages=1);
 0)   1.753 us    |                        }
 0)   2.095 us    |                      }
 0)   2.765 us    |                    }
 0)   3.086 us    |                  }
 0)               |                  lruvec_stat_mod_folio(folio=0xfffff2a1000e2d00, idx=38 [NR_PAGETABLE], val=1) {
 0)   0.160 us    |                    __rcu_read_lock();
 0)   0.160 us    |                    __rcu_read_unlock();
 0)   0.161 us    |                    mod_node_page_state(pgdat=0xffff8f30bfeb9f80, item=38 [NR_PAGETABLE], delta=1);
 0)   1.142 us    |                  }
 0)   0.150 us    |                  _raw_spin_lock(lock=0xffff8f3081b4dc8c);
 0)   0.160 us    |                  _raw_spin_unlock(lock=0xffff8f3081b4dc8c);
 0)   5.430 us    |                }
 0)               |                __thp_vma_allowable_orders(vma=0xffff8f30831f80c0, vm_flags=0x8100073, type=1 [TVA_PAGEFAULT], orders=0x200) {
 0)   0.150 us    |                  vma_is_special_huge(vma=0xffff8f30831f80c0);
 0)   0.530 us    |                }
 0)               |                do_fault(vmf=0xffffd26ac050f808) {
 0)               |                  __vmf_anon_prepare(vmf=0xffffd26ac050f808) {
 0)               |                    __anon_vma_prepare(vma=0xffff8f30831f80c0) {
 0)   0.220 us    |                      kmem_cache_alloc_noprof(s=0xffff8f3081274700, gfpflags=0xcc0);
 0)               |                      find_mergeable_anon_vma(vma=0xffff8f30831f80c0) {
 0)   0.180 us    |                        anon_vma_compatible(a=0xffff8f30831f8540, b=0xffff8f30831f80c0);
 0)   0.621 us    |                      }
 0)   0.181 us    |                      kmem_cache_alloc_noprof(s=0xffff8f3081274800, gfpflags=0xcc0);
 0)   0.150 us    |                      down_write(sem=0xffff8f3083275ea8);
 0)   0.161 us    |                      _raw_spin_lock(lock=0xffff8f3081b4dc8c);
 0)   0.160 us    |                      anon_vma_interval_tree_insert(node=0xffff8f30812a3900, root=0xffff8f3083275ee8);
 0)   0.160 us    |                      _raw_spin_unlock(lock=0xffff8f3081b4dc8c);
 0)   0.161 us    |                      up_write(sem=0xffff8f3083275ea8);
 0)   3.487 us    |                    }
 0)   3.856 us    |                  }
 0)               |                  vma_alloc_folio_noprof(gfp=0x100cca, order=0, vma=0xffff8f30831f80c0, addr=0x7f4937e09000) {
 0)               |                    get_vma_policy(vma=0xffff8f30831f80c0, addr=0x7f4937e09000, order=0, ilx=0xffffd26ac050f758) {
 0)               |                      shmem_get_policy(vma=0xffff8f30831f80c0, addr=0x7f4937e09000, ilx=0xffffd26ac050f758) {
 0)   0.160 us    |                        mpol_shared_policy_lookup(sp=0xffff8f3081b60600, idx=0xfd);
 0)   0.512 us    |                      }
 0)   0.871 us    |                    }
 0)               |                    alloc_pages_mpol(gfp=0x140cca, order=0x0, pol=0xffffffffb05b36a0, ilx=0xb, nid=0) {
 0)   0.161 us    |                      policy_nodemask(gfp=0x140cca, pol=0xffffffffb05b36a0, ilx=0xb, nid=0xffffd26ac050f724);
 0)               |                      __alloc_frozen_pages_noprof(gfp=0x140cca, order=0x0, preferred_nid=0, nodemask=0x0) {
 0)               |                        get_page_from_freelist(gfp_mask=0x140cca, order=0x0, alloc_flags=2177, ac=0xffffd26ac050f6c0) {
 0)   0.150 us    |                          _raw_spin_trylock(lock=0xffff8f30bec38e80);
 0)   0.161 us    |                          _raw_spin_unlock(lock=0xffff8f30bec38e80);
 0)   0.521 us    |                          kernel_init_pages(page=0xfffff2a100633700, numpages=1);
 0)   1.804 us    |                        }
 0)   2.144 us    |                      }
 0)   2.816 us    |                    }
 0)   4.228 us    |                  }
 0)               |                  __mem_cgroup_charge(folio=0xfffff2a100633700, mm=0xffff8f3081b4db00, gfp=0xcc0) {
 0)               |                    get_mem_cgroup_from_mm(mm=0xffff8f3081b4db00) {
 0)   0.160 us    |                      __rcu_read_lock();
 0)   0.151 us    |                      __rcu_read_unlock();
 0)   0.852 us    |                    }
 0)               |                    charge_memcg(folio=0xfffff2a100633700, memcg=0xffff8f3081341b00, gfp=0xcc0) {
 0)   0.150 us    |                      __rcu_read_lock();
 0)   0.170 us    |                      __get_obj_cgroup_from_memcg(memcg=0xffff8f3081341b00);
 0)   0.160 us    |                      __rcu_read_unlock();
 0)   1.203 us    |                    }
 0)   2.574 us    |                  }
 0)   0.171 us    |                  __folio_throttle_swaprate(folio=0xfffff2a100633700, gfp=0xcc0);
 0)               |                  __do_fault(vmf=0xffffd26ac050f808) {
 0)               |                    pte_alloc_one(mm=0xffff8f3081b4db00) {
 0)               |                      alloc_pages_noprof(gfp=0x440dc0, order=0x0) {
 0)               |                        alloc_pages_mpol(gfp=0x440dc0, order=0x0, pol=0xffffffffb05b36a0, ilx=0xffffffffffffffff, nid=0) {
 0)   0.160 us    |                          policy_nodemask(gfp=0x440dc0, pol=0xffffffffb05b36a0, ilx=0xffffffffffffffff, nid=0xffffd26ac050f714);
 0)               |                          __alloc_frozen_pages_noprof(gfp=0x440dc0, order=0x0, preferred_nid=0, nodemask=0x0) {
 0)               |                            get_page_from_freelist(gfp_mask=0x440dc0, order=0x0, alloc_flags=2049, ac=0xffffd26ac050f6b0) {
 0)   0.231 us    |                              _raw_spin_trylock(lock=0xffff8f30bec38e80);
 0)   0.180 us    |                              _raw_spin_unlock(lock=0xffff8f30bec38e80);
 0)   0.381 us    |                              kernel_init_pages(page=0xfffff2a1000e2dc0, numpages=1);
 0)   1.503 us    |                            }
 0)   1.843 us    |                          }
 0)   2.535 us    |                        }
 0)   2.866 us    |                      }
 0)               |                      lruvec_stat_mod_folio(folio=0xfffff2a1000e2dc0, idx=38 [NR_PAGETABLE], val=1) {
 0)   0.150 us    |                        __rcu_read_lock();
 0)   0.150 us    |                        __rcu_read_unlock();
 0)   0.160 us    |                        mod_node_page_state(pgdat=0xffff8f30bfeb9f80, item=38 [NR_PAGETABLE], delta=1);
 0)   1.153 us    |                      }
 0)   4.548 us    |                    }
 0)               |                    shmem_fault(vmf=0xffffd26ac050f808) {
 0)               |                      shmem_get_folio_gfp(inode=0xffff8f3081b60648, index=0xfd, write_end=0, foliop=0xffffd26ac050f718, sgp=2 [SGP_CACHE], gfp=0x100cca, ...) {
 0)               |                        filemap_get_entry(mapping=0xffff8f3081b607b0, index=0xfd) {
 0)   0.150 us    |                          __rcu_read_lock();
 0)   0.160 us    |                          __rcu_read_unlock();
 0)   1.002 us    |                        }
 0)   1.392 us    |                      }
 0)   1.753 us    |                    }
 0)   6.853 us    |                  }
 0)   0.581 us    |                  copy_mc_to_kernel(dst=0xffff8f3098cdc000, src=0xffff8f30bedd3000, len=0x1000);
 0)               |                  finish_fault(vmf=0xffffd26ac050f808) {
 0)   0.160 us    |                    shmem_mapping(mapping=0xffff8f3081b607b0);
 0)               |                    pmd_install(mm=0xffff8f3081b4db00, pmd=0xffff8f30838b4df8, pte=0xffffd26ac050f870) {
 0)   0.160 us    |                      _raw_spin_lock(lock=0xfffff2a1000e2d28);
 0)   0.160 us    |                      _raw_spin_unlock(lock=0xfffff2a1000e2d28);
 0)   0.832 us    |                    }
 0)               |                    pte_offset_map_lock(mm=0xffff8f3081b4db00, pmd=0xffff8f30838b4df8, addr=0x7f4937e09000, ptlp=0xffffd26ac050f868) {
 0)               |                      __pte_offset_map(pmd=0xffff8f30838b4df8, addr=0x7f4937e09000, pmdvalp=0xffffd26ac050f6f8) {
 0)   0.160 us    |                        __rcu_read_lock();
 0)   0.491 us    |                      }
 0)   0.150 us    |                      _raw_spin_lock(lock=0xfffff2a1000e2de8);
 0)   1.162 us    |                    }
 0)               |                    set_pte_range(vmf=0xffffd26ac050f808, folio=0xfffff2a100633700, page=0xfffff2a100633700, nr=0x1, addr=0x7f4937e09000) {
 0)   0.150 us    |                      pte_mkwrite(pte=(STRUCT)[0x8400000018cdc825], vma=0xffff8f30831f80c0);
 0)               |                      folio_add_new_anon_rmap(folio=0xfffff2a100633700, vma=0xffff8f30831f80c0, address=0x7f4937e09000, flags=1) {
 0)               |                        __folio_mod_stat(folio=0xfffff2a100633700, nr=1, nr_pmdmapped=0) {
 0)               |                          lruvec_stat_mod_folio(folio=0xfffff2a100633700, idx=17 [NR_ANON_MAPPED], val=1) {
 0)   0.151 us    |                            __rcu_read_lock();
 0)   0.161 us    |                            mod_node_page_state(pgdat=0xffff8f30bfeb9f80, item=17 [NR_ANON_MAPPED], delta=1);
 0)               |                            __mod_memcg_lruvec_state(pn=0xffff8f3081351e00, idx=17 [NR_ANON_MAPPED], val=1) {
 0)   0.150 us    |                              memcg_state_val_in_pages(idx=17, val=1);
 0)   0.170 us    |                              __css_rstat_updated(css=0xffff8f3081341b00, cpu=0);
 0)   0.961 us    |                            }
 0)   0.231 us    |                            __rcu_read_unlock();
 0)   2.395 us    |                          }
 0)   2.725 us    |                        }
 0)   3.077 us    |                      }
 0)               |                      folio_add_lru_vma(folio=0xfffff2a100633700, vma=0xffff8f30831f80c0) {
 0)               |                        folio_add_lru(folio=0xfffff2a100633700) {
 0)   0.160 us    |                          __folio_batch_add_and_move(fbatch=0xffffffffb04dd240, folio=0xfffff2a100633700, move_fn=0xffffffffad6724a0, disable_irq=0x0);
 0)   0.501 us    |                        }
 0)   0.851 us    |                      }
 0)   4.860 us    |                    }
 0)   0.160 us    |                    _raw_spin_unlock(lock=0xfffff2a1000e2de8);
 0)   0.161 us    |                    __rcu_read_unlock();
 0)   8.676 us    |                  }
 0)               |                  unlock_page(page=0xfffff2a100fb74c0) {
 0)   0.150 us    |                    folio_unlock(folio=0xfffff2a100fb74c0);
 0)   0.501 us    |                  }
 0) + 29.295 us   |                }
 0) + 42.259 us   |              }
 0)   0.161 us    |              __rcu_read_lock();
 0)   0.150 us    |              mem_cgroup_from_task(p=0xffff8f308368c400);
 0)               |              count_memcg_events(memcg=0xffff8f3081341b00, idx=23 [PGFAULT], count=0x1) {
 0)   0.160 us    |                __css_rstat_updated(css=0xffff8f3081341b00, cpu=0);
 0)   0.511 us    |              }
 0)   0.151 us    |              __rcu_read_unlock();
 0) + 44.364 us   |            }
 0)   0.161 us    |            up_read(sem=0xffff8f3081b4dc90);
 0)   0.160 us    |            raw_irqentry_exit_cond_resched();
 0)               |            vm_brk_flags(addr=0x7f4937e0a000, request=0x2000, is_exec=0x0) {
 0)   0.160 us    |              down_write_killable(sem=0xffff8f3081b4dc90);
 0)               |              check_brk_limits(addr=0x7f4937e0a000, len=0x2000) {
 0)               |                __get_unmapped_area(file=0x0, addr=0x7f4937e0a000, len=0x2000, pgoff=0x0, flags=0x10, vm_flags=0x0) {
 0)               |                  mm_get_unmapped_area_vmflags(filp=0x0, addr=0x7f4937e0a000, len=0x2000, pgoff=0x0, flags=0x10, vm_flags=0x0) {
 0)   0.160 us    |                    arch_get_unmapped_area_topdown(filp=0x0, addr0=0x7f4937e0a000, len=0x2000, pgoff=0x0, flags=0x10, vm_flags=0x0);
 0)   0.490 us    |                  }
 0)               |                  security_mmap_addr(addr=0x7f4937e0a000) {
 0)   0.160 us    |                    cap_mmap_addr(addr=0x7f4937e0a000);
 0)   0.151 us    |                    bpf_lsm_mmap_addr(addr=0x7f4937e0a000);
 0)   0.822 us    |                  }
 0)   1.854 us    |                }
 0)   2.184 us    |              }
 0)   0.220 us    |              do_vmi_munmap(vmi=0xffffd26ac050f978, mm=0xffff8f3081b4db00, start=0x7f4937e0a000, len=0x2000, uf=0xffffd26ac050f968, unlock=0x0);
 0)               |              do_brk_flags(vmi=0xffffd26ac050f978, vma=0xffff8f30831f80c0, addr=0x7f4937e0a000, len=0x2000, vma_flags=(STRUCT)[0x0]) {
 0)   0.160 us    |                ksm_vma_flags(mm=0xffff8f3081b4db00, file=0x0, vma_flags=(STRUCT)[0x100073]);
 0)   0.171 us    |                may_expand_vm(mm=0xffff8f3081b4db00, vma_flags=0xffffd26ac050f870, npages=0x2);
 0)               |                security_vm_enough_memory_mm(mm=0xffff8f3081b4db00, pages=2) {
 0)   0.231 us    |                  static_key_count(key=0xffffffffb064d670);
 0)               |                  cap_vm_enough_memory(mm=0xffff8f3081b4db00, pages=2) {
 0)   0.161 us    |                    cap_capable(cred=0xffff8f30875040c0, target_ns=0xffffffffaf84a580, cap=21, opts=0x2);
 0)   0.491 us    |                  }
 0)   0.151 us    |                  static_key_count(key=0xffffffffb064d660);
 0)   0.150 us    |                  bpf_lsm_vm_enough_memory(mm=0xffff8f3081b4db00, pages=2);
 0)   0.149 us    |                  static_key_count(key=0xffffffffb064d650);
 0)   0.151 us    |                  static_key_count(key=0xffffffffb064d640);
 0)   0.150 us    |                  static_key_count(key=0xffffffffb064d630);
 0)   0.151 us    |                  static_key_count(key=0xffffffffb064d620);
 0)   0.150 us    |                  static_key_count(key=0xffffffffb064d610);
 0)   0.151 us    |                  static_key_count(key=0xffffffffb064d600);
 0)   0.150 us    |                  static_key_count(key=0xffffffffb064d5f0);
 0)   0.160 us    |                  static_key_count(key=0xffffffffb064d5e0);
 0)   0.160 us    |                  static_key_count(key=0xffffffffb064d5d0);
 0)   0.160 us    |                  static_key_count(key=0xffffffffb064d5c0);
 0)   0.160 us    |                  __vm_enough_memory(mm=0xffff8f3081b4db00, pages=2, cap_sys_admin=1);
 0)   5.620 us    |                }
 0)               |                vma_merge_new_range(vmg=0xffffd26ac050f890) {
 0)   0.180 us    |                  can_vma_merge_left(vmg=0xffffd26ac050f890);
 0)   0.532 us    |                }
 0)               |                vm_area_alloc(mm=0xffff8f3081b4db00) {
 0)   0.180 us    |                  kmem_cache_alloc_noprof(s=0xffff8f3081274a00, gfpflags=0xcc0);
 0)   0.511 us    |                }
 0)               |                __vma_start_write(vma=0xffff8f30831f8780, state=2) {
 0)   0.160 us    |                  __vma_start_exclude_readers(ves=0xffffd26ac050f830);
 0)   0.501 us    |                }
 0)   0.190 us    |                kmem_cache_alloc_noprof(s=0xffff8f3081045900, gfpflags=0x2800);
 0)               |                kvfree_call_rcu(head=0xffff8f3081262308, ptr=0xffff8f3081262300) {
 0)   0.161 us    |                  is_vmalloc_addr(x=0xffff8f3081262300);
 0)   0.160 us    |                  __kfree_rcu_sheaf(s=0xffff8f3081045900, obj=0xffff8f3081262300);
 0)   0.842 us    |                }
 0)   0.151 us    |                perf_event_mmap(vma=0xffff8f30831f8780);
 0) + 10.800 us   |              }
 0)   0.150 us    |              up_write(sem=0xffff8f3081b4dc90);
 0)   0.160 us    |              userfaultfd_unmap_complete(mm=0xffff8f3081b4db00, uf=0xffffd26ac050f968);
 0) + 15.008 us   |            }
 0) + 88.306 us   |          }
 0)   0.591 us    |          kfree(object=0xffff8f30821ff800);
 0)               |          set_binfmt(new=0xffffffffaf9a4880) {
 0)   0.241 us    |            __module_get(module=0x0);
 0)   0.872 us    |          }
 0)               |          arch_setup_additional_pages(bprm=0xffff8f308358ce00, uses_interp=0) {
 0)               |            map_vdso(image=0xffffffffae6039c0, addr=0x0) {
 0)   0.161 us    |              down_write_killable(sem=0xffff8f3081b4dc90);
 0)               |              __get_unmapped_area(file=0x0, addr=0x0, len=0x8000, pgoff=0x0, flags=0x0, vm_flags=0x0) {
 0)               |                mm_get_unmapped_area_vmflags(filp=0x0, addr=0x0, len=0x8000, pgoff=0x0, flags=0x0, vm_flags=0x0) {
 0)               |                  arch_get_unmapped_area_topdown(filp=0x0, addr0=0x0, len=0x8000, pgoff=0x0, flags=0x0, vm_flags=0x0) {
 0)   0.160 us    |                    get_mmap_base(is_legacy=0);
 0)               |                    vm_unmapped_area(info=0xffffd26ac050f978) {
 0)   0.301 us    |                      unmapped_area_topdown(info=0xffffd26ac050f978);
 0)   0.641 us    |                    }
 0)   1.323 us    |                  }
 0)   1.663 us    |                }
 0)               |                security_mmap_addr(addr=0x7f4937d04000) {
 0)   0.150 us    |                  cap_mmap_addr(addr=0x7f4937d04000);
 0)   0.151 us    |                  bpf_lsm_mmap_addr(addr=0x7f4937d04000);
 0)   0.832 us    |                }
 0)   3.006 us    |              }
 0)               |              _install_special_mapping(mm=0xffff8f3081b4db00, addr=0x7f4937d0a000, len=0x2000, vm_flags=0x75, spec=0xffffffffae6038e0) {
 0)               |                vm_area_alloc(mm=0xffff8f3081b4db00) {
 0)   0.150 us    |                  kmem_cache_alloc_noprof(s=0xffff8f3081274a00, gfpflags=0xcc0);
 0)   0.501 us    |                }
 0)               |                insert_vm_struct(mm=0xffff8f3081b4db00, vma=0xffff8f30831f8e40) {
 0)               |                  find_vma_intersection(mm=0xffff8f3081b4db00, start_addr=0x7f4937d0a000, end_addr=0x7f4937d0c000) {
 0)   0.151 us    |                    __rcu_read_lock();
 0)   0.160 us    |                    __rcu_read_unlock();
 0)   0.872 us    |                  }
 0)               |                  vma_link(mm=0xffff8f3081b4db00, vma=0xffff8f30831f8e40) {
 0)   0.250 us    |                    kmem_cache_alloc_noprof(s=0xffff8f3081045900, gfpflags=0xcc0);
 0)               |                    __vma_start_write(vma=0xffff8f30831f8e40, state=2) {
 0)   0.160 us    |                      __vma_start_exclude_readers(ves=0xffffd26ac050f8e8);
 0)   0.491 us    |                    }
 0)               |                    kvfree_call_rcu(head=0xffff8f30819f9e08, ptr=0xffff8f30819f9e00) {
 0)   0.150 us    |                      is_vmalloc_addr(x=0xffff8f30819f9e00);
 0)   0.160 us    |                      __kfree_rcu_sheaf(s=0xffff8f3081045900, obj=0xffff8f30819f9e00);
 0)   0.832 us    |                    }
 0)   2.445 us    |                  }
 0)   3.838 us    |                }
 0)   0.161 us    |                vm_stat_account(mm=0xffff8f3081b4db00, flags=0x8040075, npages=2);
 0)   0.160 us    |                perf_event_mmap(vma=0xffff8f30831f8e40);
 0)   5.540 us    |              }
 0)               |              vdso_install_vvar_mapping(mm=0xffff8f3081b4db00, addr=0x7f4937d04000) {
 0)               |                _install_special_mapping(mm=0xffff8f3081b4db00, addr=0x7f4937d04000, len=0x4000, vm_flags=0x14004011, spec=0xffffffffae715a40) {
 0)               |                  vm_area_alloc(mm=0xffff8f3081b4db00) {
 0)   0.160 us    |                    kmem_cache_alloc_noprof(s=0xffff8f3081274a00, gfpflags=0xcc0);
 0)   0.561 us    |                  }
 0)               |                  insert_vm_struct(mm=0xffff8f3081b4db00, vma=0xffff8f308308b300) {
 0)               |                    find_vma_intersection(mm=0xffff8f3081b4db00, start_addr=0x7f4937d04000, end_addr=0x7f4937d08000) {
 0)   0.160 us    |                      __rcu_read_lock();
 0)   0.150 us    |                      __rcu_read_unlock();
 0)   0.832 us    |                    }
 0)               |                    vma_link(mm=0xffff8f3081b4db00, vma=0xffff8f308308b300) {
 0)   0.241 us    |                      kmem_cache_alloc_noprof(s=0xffff8f3081045900, gfpflags=0xcc0);
 0)               |                      __vma_start_write(vma=0xffff8f308308b300, state=2) {
 0)   0.151 us    |                        __vma_start_exclude_readers(ves=0xffffd26ac050f8e8);
 0)   0.491 us    |                      }
 0)               |                      kvfree_call_rcu(head=0xffff8f3082e2d108, ptr=0xffff8f3082e2d100) {
 0)   0.160 us    |                        is_vmalloc_addr(x=0xffff8f3082e2d100);
 0)   0.151 us    |                        __kfree_rcu_sheaf(s=0xffff8f3081045900, obj=0xffff8f3082e2d100);
 0)   0.832 us    |                      }
 0)   2.354 us    |                    }
 0)   3.707 us    |                  }
 0)   0.160 us    |                  vm_stat_account(mm=0xffff8f3081b4db00, flags=0x1c044011, npages=4);
 0)   0.150 us    |                  perf_event_mmap(vma=0xffff8f308308b300);
 0)   5.461 us    |                }
 0)   5.780 us    |              }
 0)               |              _install_special_mapping(mm=0xffff8f3081b4db00, addr=0x7f4937d08000, len=0x2000, vm_flags=0x4004411, spec=0xffffffffae6038a0) {
 0)               |                vm_area_alloc(mm=0xffff8f3081b4db00) {
 0)   0.160 us    |                  kmem_cache_alloc_noprof(s=0xffff8f3081274a00, gfpflags=0xcc0);
 0)   0.501 us    |                }
 0)               |                insert_vm_struct(mm=0xffff8f3081b4db00, vma=0xffff8f3083259cc0) {
 0)               |                  find_vma_intersection(mm=0xffff8f3081b4db00, start_addr=0x7f4937d08000, end_addr=0x7f4937d0a000) {
 0)   0.161 us    |                    __rcu_read_lock();
 0)   0.150 us    |                    __rcu_read_unlock();
 0)   0.841 us    |                  }
 0)               |                  vma_link(mm=0xffff8f3081b4db00, vma=0xffff8f3083259cc0) {
 0)               |                    __vma_start_write(vma=0xffff8f3083259cc0, state=2) {
 0)   0.161 us    |                      __vma_start_exclude_readers(ves=0xffffd26ac050f8e8);
 0)   0.490 us    |                    }
 0)   0.962 us    |                  }
 0)   2.315 us    |                }
 0)   0.161 us    |                vm_stat_account(mm=0xffff8f3081b4db00, flags=0xc044411, npages=2);
 0)   0.150 us    |                perf_event_mmap(vma=0xffff8f3083259cc0);
 0)   4.007 us    |              }
 0)   0.160 us    |              up_write(sem=0xffff8f3081b4dc90);
 0) + 20.127 us   |            }
 0) + 20.499 us   |          }
 0)               |          arch_align_stack(sp=0x7fff1ea04f98) {
 0)   0.171 us    |            get_random_u16();
 0)   0.511 us    |          }
 0)               |          get_random_bytes(buf=0xffffd26ac050fac8, len=0x10) {
 0)               |            _get_random_bytes(buf=0xffffd26ac050fac8, len=0x10) {
 0)               |              crng_make_state(chacha_state=0xffffd26ac050f9a0, random_data=0xffffd26ac050fac8, random_data_len=0x10) {
 0)               |                crng_fast_key_erasure(key=0xffff8f30bec2fd20, chacha_state=0xffffd26ac050f9a0, random_data=0xffffd26ac050fac8, random_data_len=0x10) {
 0)               |                  chacha_block_generic(state=0xffffd26ac050f9a0, out=0xffffd26ac050f900, nrounds=20) {
 0)   0.261 us    |                    chacha_permute();
 0)   0.611 us    |                  }
 0)   0.981 us    |                }
 0)   1.392 us    |              }
 0)   1.753 us    |            }
 0)   2.084 us    |          }
 0)   0.160 us    |          get_sigframe_size();
 0)               |          from_kuid_munged(targ=0xffffffffaf84a580, kuid=(STRUCT)[0x0]) {
 0)   0.171 us    |            map_id_range_up(map=0xffffffffaf84a580, id=0x0, count=0x1);
 0)   0.521 us    |          }
 0)               |          from_kuid_munged(targ=0xffffffffaf84a580, kuid=(STRUCT)[0x0]) {
 0)   0.160 us    |            map_id_range_up(map=0xffffffffaf84a580, id=0x0, count=0x1);
 0)   0.481 us    |          }
 0)               |          from_kgid_munged(targ=0xffffffffaf84a580, kgid=(STRUCT)[0x0]) {
 0)   0.151 us    |            map_id_range_up(map=0xffffffffaf84a5c0, id=0x0, count=0x1);
 0)   0.501 us    |          }
 0)               |          from_kgid_munged(targ=0xffffffffaf84a580, kgid=(STRUCT)[0x0]) {
 0)   0.160 us    |            map_id_range_up(map=0xffffffffaf84a5c0, id=0x0, count=0x1);
 0)   0.481 us    |          }
 0)   0.160 us    |          down_write_killable(sem=0xffff8f3081b4dc90);
 0)               |          find_extend_vma_locked(mm=0xffff8f3081b4db00, addr=0x7fff1ea040b0) {
 0)   0.150 us    |            __rcu_read_lock();
 0)   0.151 us    |            __rcu_read_unlock();
 0)   0.862 us    |          }
 0)   0.151 us    |          up_write(sem=0xffff8f3081b4dc90);
 0)               |          __check_object_size(ptr=0xffff8f3081b4ddc8, n=0x170, to_user=0x1) {
 0)   0.160 us    |            check_stack_object(obj=0xffff8f3081b4ddc8, len=0x170);
 0)   0.160 us    |            is_vmalloc_addr(x=0xffff8f3081b4ddc8);
 0)   0.181 us    |            __virt_addr_valid(x=0xffff8f3081b4ddc8);
 0)   0.231 us    |            __check_heap_object(ptr=0xffff8f3081b4ddc8, n=0x170, slab=0xfffff2a10006d200, to_user=0x1);
 0)   1.824 us    |          }
 0)               |          arch_randomize_brk(mm=0xffff8f3081b4db00) {
 0)               |            randomize_page(start=0x555555555000, range=0x40000000) {
 0)   0.160 us    |              get_random_u64();
 0)   0.501 us    |            }
 0)   0.852 us    |          }
 0)               |          finalize_exec(bprm=0xffff8f308358ce00) {
 0)   0.151 us    |            _raw_spin_lock(lock=0xffff8f308368d260);
 0)   0.160 us    |            _raw_spin_unlock(lock=0xffff8f308368d260);
 0)   0.832 us    |          }
 0)               |          start_thread(regs=0xffffd26ac050ff48, new_ip=0x7f4937d27cb9, new_sp=0x7fff1ea040b0) {
 0)               |            start_thread_common.constprop.0() {
 0)   0.160 us    |              reset_thread_features();
 0)   0.771 us    |            }
 0)   1.102 us    |          }
 0) ! 947.607 us  |        }
 0)   0.171 us    |        _raw_read_lock(lock=0xffffffffb061f1c0);
 0)   0.161 us    |        module_put(module=0x0);
 0)   0.160 us    |        _raw_read_unlock(lock=0xffffffffb061f1c0);
 0)   0.181 us    |        proc_exec_connector(task=0xffff8f308368c400);
 0)               |        sched_mm_cid_after_execve(t=0xffff8f308368c400) {
 0)               |          sched_mm_cid_fork(t=0xffff8f308368c400) {
 0)   0.180 us    |            mutex_lock(lock=0xffff8f3081b4dc18);
 0)   0.161 us    |            _raw_spin_lock_irq(lock=0xffff8f3081b4dc10);
 0)   0.151 us    |            mm_update_max_cids(mm=0xffff8f3081b4db00);
 0)   0.160 us    |            _raw_spin_unlock_irq(lock=0xffff8f3081b4dc10);
 0)   0.150 us    |            mutex_unlock(lock=0xffff8f3081b4dc18);
 0)   1.975 us    |          }
 0)   2.335 us    |        }
 0)               |        acct_update_integrals(tsk=0xffff8f308368c400) {
 0)   0.150 us    |          task_cputime(t=0xffff8f308368c400, utime=0xffffd26ac050fae8, stime=0xffffd26ac050faf0);
 0)   0.531 us    |        }
 0)   0.160 us    |        task_numa_free(p=0xffff8f308368c400, final=0x0);
 0) ! 988.614 us  |      }
 0)               |      free_bprm(bprm=0xffff8f308358ce00) {
 0)   0.160 us    |        fput(file=0xffff8f30819db480);
 0)   0.151 us    |        kfree(object=0x0);
 0)   0.180 us    |        kfree(object=0xffff8f308358ce00);
 0)   1.232 us    |      }
 0) # 1155.437 us |    }
 0)               |    putname(name=0xffff8f30819c89c0) {
 0)   0.190 us    |      kmem_cache_free(s=0xffff8f308127fc00, x=0xffff8f30819c89c0);
 0)   0.541 us    |    }
 0) # 1159.776 us |  }
 0)               |  task_work_run() {
 0)   0.161 us    |    _raw_spin_lock_irq(lock=0xffff8f308368d264);
 0)   0.160 us    |    _raw_spin_unlock_irq(lock=0xffff8f308368d264);
 0)               |    ____fput(work=0xffff8f30819dbd48) {
 0)               |      __fput(file=0xffff8f30819dbcc0) {
 0)   0.150 us    |        locks_remove_file(filp=0xffff8f30819dbcc0);
 0)               |        security_file_release(file=0xffff8f30819dbcc0) {
 0)   0.160 us    |          bpf_lsm_file_release(file=0xffff8f30819dbcc0);
 0)   0.501 us    |        }
 0)   0.150 us    |        module_put(module=0x0);
 0)   0.160 us    |        file_f_owner_release(file=0xffff8f30819dbcc0);
 0)               |        dput(dentry=0xffff8f308162e300) {
 0)               |          dput.part.0() {
 0)   0.150 us    |            __rcu_read_lock();
 0)   0.150 us    |            __rcu_read_unlock();
 0)   0.851 us    |          }
 0)   1.243 us    |        }
 0)               |        mntput(mnt=0xffff8f30812be1a0) {
 0)   0.151 us    |          __rcu_read_lock();
 0)   0.160 us    |          __rcu_read_unlock();
 0)   0.831 us    |        }
 0)               |        security_file_free(file=0xffff8f30819dbcc0) {
 0)               |          hook_file_free_security(file=0xffff8f30819dbcc0) {
 0)   0.170 us    |            put_pid(pid=0x0);
 0)   0.170 us    |            landlock_put_ruleset_deferred(ruleset=0x0);
 0)   0.892 us    |          }
 0)   0.161 us    |          bpf_lsm_file_free_security(file=0xffff8f30819dbcc0);
 0)   0.180 us    |          kmem_cache_free(s=0xffff8f3081274b00, x=0xffff8f3082e4e160);
 0)   1.953 us    |        }
 0)               |        __put_cred(cred=0xffff8f30834c36c0) {
 0)               |          call_rcu(head=0xffff8f30834c3768, func=0xffffffffad3b0d20) {
 0)               |            __call_rcu_common(head=0xffff8f30834c3768, func=0xffffffffad3b0d20, lazy_in=0x1) {
 0)   0.150 us    |              rcu_async_should_hurry();
 0)   0.151 us    |              rcu_segcblist_enqueue(rsclp=0xffff8f30bec34280, rhp=0xffff8f30834c3768);
 0)   0.862 us    |            }
 0)   1.193 us    |          }
 0)   1.532 us    |        }
 0)   0.191 us    |        kmem_cache_free(s=0xffff8f308127f800, x=0xffff8f30819dbcc0);
 0)   8.747 us    |      }
 0)   9.077 us    |    }
 0) + 10.119 us   |  }
 0)   0.171 us    |  blkcg_maybe_throttle_current();
 0)               |  switch_fpu_return() {
 0)   0.270 us    |    restore_fpregs_from_fpstate(fpstate=0xffff8f308368dc00, mask=0xe1cff);
 0)   0.641 us    |  }
 0)               |  lock_vma_under_rcu(mm=0xffff8f3081b4db00, address=0x7f4937d27cb9) {
 0)   0.151 us    |    __rcu_read_lock();
 0)   0.161 us    |    __rcu_read_unlock();
 0)   0.912 us    |  }
 0)               |  handle_mm_fault(vma=0xffff8f30840b0e40, address=0x7f4937d27cb9, flags=0x1354, regs=0xffffd26ac050ff48) {
 0)               |    __handle_mm_fault(vma=0xffff8f30840b0e40, address=0x7f4937d27cb9, flags=0x1354) {
 0)               |      __thp_vma_allowable_orders(vma=0xffff8f30840b0e40, vm_flags=0x8000075, type=1 [TVA_PAGEFAULT], orders=0x200) {
 0)   0.160 us    |        vma_is_special_huge(vma=0xffff8f30840b0e40);
 0)   0.521 us    |      }
 0)               |      do_fault(vmf=0xffffd26ac050fde8) {
 0)               |        pte_alloc_one(mm=0xffff8f3081b4db00) {
 0)               |          alloc_pages_noprof(gfp=0x440dc0, order=0x0) {
 0)               |            alloc_pages_mpol(gfp=0x440dc0, order=0x0, pol=0xffffffffb05b36a0, ilx=0xffffffffffffffff, nid=0) {
 0)   0.231 us    |              policy_nodemask(gfp=0x440dc0, pol=0xffffffffb05b36a0, ilx=0xffffffffffffffff, nid=0xffffd26ac050fd14);
 0)               |              __alloc_frozen_pages_noprof(gfp=0x440dc0, order=0x0, preferred_nid=0, nodemask=0x0) {
 0)               |                get_page_from_freelist(gfp_mask=0x440dc0, order=0x0, alloc_flags=2049, ac=0xffffd26ac050fcb0) {
 0)   0.161 us    |                  _raw_spin_trylock(lock=0xffff8f30bec38e80);
 0)   0.160 us    |                  _raw_spin_unlock(lock=0xffff8f30bec38e80);
 0)   0.421 us    |                  kernel_init_pages(page=0xfffff2a1000d3fc0, numpages=1);
 0)   1.502 us    |                }
 0)   1.874 us    |              }
 0)   2.636 us    |            }
 0)   2.976 us    |          }
 0)               |          lruvec_stat_mod_folio(folio=0xfffff2a1000d3fc0, idx=38 [NR_PAGETABLE], val=1) {
 0)   0.161 us    |            __rcu_read_lock();
 0)   0.150 us    |            __rcu_read_unlock();
 0)   0.160 us    |            mod_node_page_state(pgdat=0xffff8f30bfeb9f80, item=38 [NR_PAGETABLE], delta=1);
 0)   1.172 us    |          }
 0)   4.678 us    |        }
 0)   0.160 us    |        __rcu_read_lock();
 0)               |        filemap_map_pages(vmf=0xffffd26ac050fde8, start_pgoff=0x14, end_pgoff=0x23) {
 0)   0.150 us    |          __rcu_read_lock();
 0)   0.360 us    |          next_uptodate_folio(xas=0xffffd26ac050fcf0, mapping=0xffff8f3081b607b0, end_pgoff=0x23);
 0)               |          pmd_install(mm=0xffff8f3081b4db00, pmd=0xffff8f30838b4df0, pte=0xffffd26ac050fe50) {
 0)   0.150 us    |            _raw_spin_lock(lock=0xfffff2a1000e2d28);
 0)   0.160 us    |            _raw_spin_unlock(lock=0xfffff2a1000e2d28);
 0)   0.851 us    |          }
 0)               |          pte_offset_map_lock(mm=0xffff8f3081b4db00, pmd=0xffff8f30838b4df0, addr=0x7f4937d20000, ptlp=0xffffd26ac050fe48) {
 0)               |            __pte_offset_map(pmd=0xffff8f30838b4df0, addr=0x7f4937d20000, pmdvalp=0xffffd26ac050fc38) {
 0)   0.150 us    |              __rcu_read_lock();
 0)   0.490 us    |            }
 0)   0.160 us    |            _raw_spin_lock(lock=0xfffff2a1000d3fe8);
 0)   1.153 us    |          }
 0)               |          set_pte_range(vmf=0xffffd26ac050fde8, folio=0xfffff2a100721a80, page=0xfffff2a100721a80, nr=0x1, addr=0x7f4937d20000) {
 0)   0.180 us    |            folio_add_file_rmap_ptes(folio=0xfffff2a100721a80, page=0xfffff2a100721a80, nr_pages=1, vma=0xffff8f30840b0e40);
 0)   0.571 us    |          }
 0)   0.161 us    |          next_uptodate_folio(xas=0xffffd26ac050fcf0, mapping=0xffff8f3081b607b0, end_pgoff=0x23);
 0)               |          set_pte_range(vmf=0xffffd26ac050fde8, folio=0xfffff2a100721ac0, page=0xfffff2a100721ac0, nr=0x1, addr=0x7f4937d21000) {
 0)   0.170 us    |            folio_add_file_rmap_ptes(folio=0xfffff2a100721ac0, page=0xfffff2a100721ac0, nr_pages=1, vma=0xffff8f30840b0e40);
 0)   0.531 us    |          }
 0)   0.169 us    |          next_uptodate_folio(xas=0xffffd26ac050fcf0, mapping=0xffff8f3081b607b0, end_pgoff=0x23);
 0)               |          set_pte_range(vmf=0xffffd26ac050fde8, folio=0xfffff2a100721b00, page=0xfffff2a100721b00, nr=0x1, addr=0x7f4937d22000) {
 0)   0.160 us    |            folio_add_file_rmap_ptes(folio=0xfffff2a100721b00, page=0xfffff2a100721b00, nr_pages=1, vma=0xffff8f30840b0e40);
 0)   0.511 us    |          }
 0)   0.171 us    |          next_uptodate_folio(xas=0xffffd26ac050fcf0, mapping=0xffff8f3081b607b0, end_pgoff=0x23);
 0)               |          set_pte_range(vmf=0xffffd26ac050fde8, folio=0xfffff2a100721b40, page=0xfffff2a100721b40, nr=0x1, addr=0x7f4937d23000) {
 0)   0.220 us    |            folio_add_file_rmap_ptes(folio=0xfffff2a100721b40, page=0xfffff2a100721b40, nr_pages=1, vma=0xffff8f30840b0e40);
 0)   0.581 us    |          }
 0)   0.160 us    |          next_uptodate_folio(xas=0xffffd26ac050fcf0, mapping=0xffff8f3081b607b0, end_pgoff=0x23);
 0)               |          set_pte_range(vmf=0xffffd26ac050fde8, folio=0xfffff2a100721b80, page=0xfffff2a100721b80, nr=0x1, addr=0x7f4937d24000) {
 0)   0.171 us    |            folio_add_file_rmap_ptes(folio=0xfffff2a100721b80, page=0xfffff2a100721b80, nr_pages=1, vma=0xffff8f30840b0e40);
 0)   0.511 us    |          }
 0)   0.160 us    |          next_uptodate_folio(xas=0xffffd26ac050fcf0, mapping=0xffff8f3081b607b0, end_pgoff=0x23);
 0)               |          set_pte_range(vmf=0xffffd26ac050fde8, folio=0xfffff2a100721bc0, page=0xfffff2a100721bc0, nr=0x1, addr=0x7f4937d25000) {
 0)   0.160 us    |            folio_add_file_rmap_ptes(folio=0xfffff2a100721bc0, page=0xfffff2a100721bc0, nr_pages=1, vma=0xffff8f30840b0e40);
 0)   0.511 us    |          }
 0)   0.160 us    |          next_uptodate_folio(xas=0xffffd26ac050fcf0, mapping=0xffff8f3081b607b0, end_pgoff=0x23);
 0)               |          set_pte_range(vmf=0xffffd26ac050fde8, folio=0xfffff2a100721c00, page=0xfffff2a100721c00, nr=0x1, addr=0x7f4937d26000) {
 0)   0.171 us    |            folio_add_file_rmap_ptes(folio=0xfffff2a100721c00, page=0xfffff2a100721c00, nr_pages=1, vma=0xffff8f30840b0e40);
 0)   0.511 us    |          }
 0)   0.161 us    |          next_uptodate_folio(xas=0xffffd26ac050fcf0, mapping=0xffff8f3081b607b0, end_pgoff=0x23);
 0)               |          set_pte_range(vmf=0xffffd26ac050fde8, folio=0xfffff2a100721c40, page=0xfffff2a100721c40, nr=0x1, addr=0x7f4937d27000) {
 0)   0.160 us    |            folio_add_file_rmap_ptes(folio=0xfffff2a100721c40, page=0xfffff2a100721c40, nr_pages=1, vma=0xffff8f30840b0e40);
 0)   0.511 us    |          }
 0)   0.160 us    |          next_uptodate_folio(xas=0xffffd26ac050fcf0, mapping=0xffff8f3081b607b0, end_pgoff=0x23);
 0)               |          set_pte_range(vmf=0xffffd26ac050fde8, folio=0xfffff2a100721c80, page=0xfffff2a100721c80, nr=0x1, addr=0x7f4937d28000) {
 0)   0.160 us    |            folio_add_file_rmap_ptes(folio=0xfffff2a100721c80, page=0xfffff2a100721c80, nr_pages=1, vma=0xffff8f30840b0e40);
 0)   0.511 us    |          }
 0)   0.161 us    |          next_uptodate_folio(xas=0xffffd26ac050fcf0, mapping=0xffff8f3081b607b0, end_pgoff=0x23);
 0)               |          set_pte_range(vmf=0xffffd26ac050fde8, folio=0xfffff2a100721cc0, page=0xfffff2a100721cc0, nr=0x1, addr=0x7f4937d29000) {
 0)   0.161 us    |            folio_add_file_rmap_ptes(folio=0xfffff2a100721cc0, page=0xfffff2a100721cc0, nr_pages=1, vma=0xffff8f30840b0e40);
 0)   0.501 us    |          }
 0)   0.161 us    |          next_uptodate_folio(xas=0xffffd26ac050fcf0, mapping=0xffff8f3081b607b0, end_pgoff=0x23);
 0)               |          set_pte_range(vmf=0xffffd26ac050fde8, folio=0xfffff2a100721d00, page=0xfffff2a100721d00, nr=0x1, addr=0x7f4937d2a000) {
 0)   0.160 us    |            folio_add_file_rmap_ptes(folio=0xfffff2a100721d00, page=0xfffff2a100721d00, nr_pages=1, vma=0xffff8f30840b0e40);
 0)   0.510 us    |          }
 0)   0.160 us    |          next_uptodate_folio(xas=0xffffd26ac050fcf0, mapping=0xffff8f3081b607b0, end_pgoff=0x23);
 0)               |          set_pte_range(vmf=0xffffd26ac050fde8, folio=0xfffff2a100721d40, page=0xfffff2a100721d40, nr=0x1, addr=0x7f4937d2b000) {
 0)   0.160 us    |            folio_add_file_rmap_ptes(folio=0xfffff2a100721d40, page=0xfffff2a100721d40, nr_pages=1, vma=0xffff8f30840b0e40);
 0)   0.512 us    |          }
 0)   0.160 us    |          next_uptodate_folio(xas=0xffffd26ac050fcf0, mapping=0xffff8f3081b607b0, end_pgoff=0x23);
 0)               |          set_pte_range(vmf=0xffffd26ac050fde8, folio=0xfffff2a100721d80, page=0xfffff2a100721d80, nr=0x1, addr=0x7f4937d2c000) {
 0)   0.160 us    |            folio_add_file_rmap_ptes(folio=0xfffff2a100721d80, page=0xfffff2a100721d80, nr_pages=1, vma=0xffff8f30840b0e40);
 0)   0.510 us    |          }
 0)   0.160 us    |          next_uptodate_folio(xas=0xffffd26ac050fcf0, mapping=0xffff8f3081b607b0, end_pgoff=0x23);
 0)               |          set_pte_range(vmf=0xffffd26ac050fde8, folio=0xfffff2a100721dc0, page=0xfffff2a100721dc0, nr=0x1, addr=0x7f4937d2d000) {
 0)   0.160 us    |            folio_add_file_rmap_ptes(folio=0xfffff2a100721dc0, page=0xfffff2a100721dc0, nr_pages=1, vma=0xffff8f30840b0e40);
 0)   0.512 us    |          }
 0)   0.210 us    |          next_uptodate_folio(xas=0xffffd26ac050fcf0, mapping=0xffff8f3081b607b0, end_pgoff=0x23);
 0)               |          set_pte_range(vmf=0xffffd26ac050fde8, folio=0xfffff2a100721e00, page=0xfffff2a100721e00, nr=0x1, addr=0x7f4937d2e000) {
 0)   0.160 us    |            folio_add_file_rmap_ptes(folio=0xfffff2a100721e00, page=0xfffff2a100721e00, nr_pages=1, vma=0xffff8f30840b0e40);
 0)   0.521 us    |          }
 0)   0.160 us    |          next_uptodate_folio(xas=0xffffd26ac050fcf0, mapping=0xffff8f3081b607b0, end_pgoff=0x23);
 0)               |          set_pte_range(vmf=0xffffd26ac050fde8, folio=0xfffff2a100721e40, page=0xfffff2a100721e40, nr=0x1, addr=0x7f4937d2f000) {
 0)   0.180 us    |            folio_add_file_rmap_ptes(folio=0xfffff2a100721e40, page=0xfffff2a100721e40, nr_pages=1, vma=0xffff8f30840b0e40);
 0)   0.521 us    |          }
 0)   0.180 us    |          next_uptodate_folio(xas=0xffffd26ac050fcf0, mapping=0xffff8f3081b607b0, end_pgoff=0x23);
 0)   0.161 us    |          mm_trace_rss_stat(mm=0xffff8f3081b4db00, member=3);
 0)   0.160 us    |          _raw_spin_unlock(lock=0xfffff2a1000d3fe8);
 0)   0.160 us    |          __rcu_read_unlock();
 0)   0.160 us    |          __rcu_read_unlock();
 0) + 21.640 us   |        }
 0)   0.149 us    |        __rcu_read_unlock();
 0) + 27.561 us   |      }
 0) + 28.714 us   |    }
 0)   0.150 us    |    __rcu_read_lock();
 0)   0.161 us    |    mem_cgroup_from_task(p=0xffff8f308368c400);
 0)               |    count_memcg_events(memcg=0xffff8f3081341b00, idx=23 [PGFAULT], count=0x1) {
 0)   0.160 us    |      __css_rstat_updated(css=0xffff8f3081341b00, cpu=0);
 0)   0.521 us    |    }
 0)   0.161 us    |    __rcu_read_unlock();
 0) + 30.798 us   |  }
 0)               |  lock_vma_under_rcu(mm=0xffff8f3081b4db00, address=0x7f4937d1b540) {
 0)   0.160 us    |    __rcu_read_lock();
 0)   0.151 us    |    __rcu_read_unlock();
 0)   0.892 us    |  }
 0)               |  handle_mm_fault(vma=0xffff8f30840b0e40, address=0x7f4937d1b540, flags=0x1354, regs=0xffffd26ac050ff48) {
 0)               |    __handle_mm_fault(vma=0xffff8f30840b0e40, address=0x7f4937d1b540, flags=0x1354) {
 0)               |      pte_offset_map_rw_nolock(mm=0xffff8f3081b4db00, pmd=0xffff8f30838b4df0, addr=0x7f4937d1b000, pmdvalp=0xffffd26ac050fde0, ptlp=0xffffd26ac050fe48) {
 0)               |        __pte_offset_map(pmd=0xffff8f30838b4df0, addr=0x7f4937d1b000, pmdvalp=0xffffd26ac050fde0) {
 0)   0.160 us    |          __rcu_read_lock();
 0)   0.491 us    |        }
 0)   0.832 us    |      }
 0)   0.160 us    |      __rcu_read_unlock();
 0)               |      do_fault(vmf=0xffffd26ac050fde8) {
 0)   0.150 us    |        __rcu_read_lock();
 0)               |        filemap_map_pages(vmf=0xffffd26ac050fde8, start_pgoff=0x4, end_pgoff=0x13) {
 0)   0.150 us    |          __rcu_read_lock();
 0)   0.190 us    |          next_uptodate_folio(xas=0xffffd26ac050fcf0, mapping=0xffff8f3081b607b0, end_pgoff=0x13);
 0)               |          pte_offset_map_lock(mm=0xffff8f3081b4db00, pmd=0xffff8f30838b4df0, addr=0x7f4937d10000, ptlp=0xffffd26ac050fe48) {
 0)               |            __pte_offset_map(pmd=0xffff8f30838b4df0, addr=0x7f4937d10000, pmdvalp=0xffffd26ac050fc38) {
 0)   0.160 us    |              __rcu_read_lock();
 0)   0.550 us    |            }
 0)   0.150 us    |            _raw_spin_lock(lock=0xfffff2a1000d3fe8);
 0)   1.213 us    |          }
 0)               |          set_pte_range(vmf=0xffffd26ac050fde8, folio=0xfffff2a100721680, page=0xfffff2a100721680, nr=0x1, addr=0x7f4937d10000) {
 0)   0.161 us    |            folio_add_file_rmap_ptes(folio=0xfffff2a100721680, page=0xfffff2a100721680, nr_pages=1, vma=0xffff8f30840b0e40);
 0)   0.521 us    |          }
 0)   0.160 us    |          next_uptodate_folio(xas=0xffffd26ac050fcf0, mapping=0xffff8f3081b607b0, end_pgoff=0x13);
 0)               |          set_pte_range(vmf=0xffffd26ac050fde8, folio=0xfffff2a1007216c0, page=0xfffff2a1007216c0, nr=0x1, addr=0x7f4937d11000) {
 0)   0.170 us    |            folio_add_file_rmap_ptes(folio=0xfffff2a1007216c0, page=0xfffff2a1007216c0, nr_pages=1, vma=0xffff8f30840b0e40);
 0)   0.521 us    |          }
 0)   0.161 us    |          next_uptodate_folio(xas=0xffffd26ac050fcf0, mapping=0xffff8f3081b607b0, end_pgoff=0x13);
 0)               |          set_pte_range(vmf=0xffffd26ac050fde8, folio=0xfffff2a100721700, page=0xfffff2a100721700, nr=0x1, addr=0x7f4937d12000) {
 0)   0.161 us    |            folio_add_file_rmap_ptes(folio=0xfffff2a100721700, page=0xfffff2a100721700, nr_pages=1, vma=0xffff8f30840b0e40);
 0)   0.510 us    |          }
 0)   0.160 us    |          next_uptodate_folio(xas=0xffffd26ac050fcf0, mapping=0xffff8f3081b607b0, end_pgoff=0x13);
 0)               |          set_pte_range(vmf=0xffffd26ac050fde8, folio=0xfffff2a100721740, page=0xfffff2a100721740, nr=0x1, addr=0x7f4937d13000) {
 0)   0.160 us    |            folio_add_file_rmap_ptes(folio=0xfffff2a100721740, page=0xfffff2a100721740, nr_pages=1, vma=0xffff8f30840b0e40);
 0)   0.512 us    |          }
 0)   0.171 us    |          next_uptodate_folio(xas=0xffffd26ac050fcf0, mapping=0xffff8f3081b607b0, end_pgoff=0x13);
 0)               |          set_pte_range(vmf=0xffffd26ac050fde8, folio=0xfffff2a100721780, page=0xfffff2a100721780, nr=0x1, addr=0x7f4937d14000) {
 0)   0.160 us    |            folio_add_file_rmap_ptes(folio=0xfffff2a100721780, page=0xfffff2a100721780, nr_pages=1, vma=0xffff8f30840b0e40);
 0)   0.501 us    |          }
 0)   0.160 us    |          next_uptodate_folio(xas=0xffffd26ac050fcf0, mapping=0xffff8f3081b607b0, end_pgoff=0x13);
 0)               |          set_pte_range(vmf=0xffffd26ac050fde8, folio=0xfffff2a1007217c0, page=0xfffff2a1007217c0, nr=0x1, addr=0x7f4937d15000) {
 0)   0.160 us    |            folio_add_file_rmap_ptes(folio=0xfffff2a1007217c0, page=0xfffff2a1007217c0, nr_pages=1, vma=0xffff8f30840b0e40);
 0)   0.510 us    |          }
 0)   0.160 us    |          next_uptodate_folio(xas=0xffffd26ac050fcf0, mapping=0xffff8f3081b607b0, end_pgoff=0x13);
 0)               |          set_pte_range(vmf=0xffffd26ac050fde8, folio=0xfffff2a100721800, page=0xfffff2a100721800, nr=0x1, addr=0x7f4937d16000) {
 0)   0.160 us    |            folio_add_file_rmap_ptes(folio=0xfffff2a100721800, page=0xfffff2a100721800, nr_pages=1, vma=0xffff8f30840b0e40);
 0)   0.512 us    |          }
 0)   0.160 us    |          next_uptodate_folio(xas=0xffffd26ac050fcf0, mapping=0xffff8f3081b607b0, end_pgoff=0x13);
 0)               |          set_pte_range(vmf=0xffffd26ac050fde8, folio=0xfffff2a100721840, page=0xfffff2a100721840, nr=0x1, addr=0x7f4937d17000) {
 0)   0.160 us    |            folio_add_file_rmap_ptes(folio=0xfffff2a100721840, page=0xfffff2a100721840, nr_pages=1, vma=0xffff8f30840b0e40);
 0)   0.501 us    |          }
 0)   0.160 us    |          next_uptodate_folio(xas=0xffffd26ac050fcf0, mapping=0xffff8f3081b607b0, end_pgoff=0x13);
 0)               |          set_pte_range(vmf=0xffffd26ac050fde8, folio=0xfffff2a100721880, page=0xfffff2a100721880, nr=0x1, addr=0x7f4937d18000) {
 0)   0.161 us    |            folio_add_file_rmap_ptes(folio=0xfffff2a100721880, page=0xfffff2a100721880, nr_pages=1, vma=0xffff8f30840b0e40);
 0)   0.510 us    |          }
 0)   0.161 us    |          next_uptodate_folio(xas=0xffffd26ac050fcf0, mapping=0xffff8f3081b607b0, end_pgoff=0x13);
 0)               |          set_pte_range(vmf=0xffffd26ac050fde8, folio=0xfffff2a1007218c0, page=0xfffff2a1007218c0, nr=0x1, addr=0x7f4937d19000) {
 0)   0.161 us    |            folio_add_file_rmap_ptes(folio=0xfffff2a1007218c0, page=0xfffff2a1007218c0, nr_pages=1, vma=0xffff8f30840b0e40);
 0)   0.581 us    |          }
 0)   0.171 us    |          next_uptodate_folio(xas=0xffffd26ac050fcf0, mapping=0xffff8f3081b607b0, end_pgoff=0x13);
 0)               |          set_pte_range(vmf=0xffffd26ac050fde8, folio=0xfffff2a100721900, page=0xfffff2a100721900, nr=0x1, addr=0x7f4937d1a000) {
 0)   0.170 us    |            folio_add_file_rmap_ptes(folio=0xfffff2a100721900, page=0xfffff2a100721900, nr_pages=1, vma=0xffff8f30840b0e40);
 0)   0.521 us    |          }
 0)   0.160 us    |          next_uptodate_folio(xas=0xffffd26ac050fcf0, mapping=0xffff8f3081b607b0, end_pgoff=0x13);
 0)               |          set_pte_range(vmf=0xffffd26ac050fde8, folio=0xfffff2a100721940, page=0xfffff2a100721940, nr=0x1, addr=0x7f4937d1b000) {
 0)   0.160 us    |            folio_add_file_rmap_ptes(folio=0xfffff2a100721940, page=0xfffff2a100721940, nr_pages=1, vma=0xffff8f30840b0e40);
 0)   0.510 us    |          }
 0)   0.180 us    |          next_uptodate_folio(xas=0xffffd26ac050fcf0, mapping=0xffff8f3081b607b0, end_pgoff=0x13);
 0)               |          set_pte_range(vmf=0xffffd26ac050fde8, folio=0xfffff2a100721980, page=0xfffff2a100721980, nr=0x1, addr=0x7f4937d1c000) {
 0)   0.161 us    |            folio_add_file_rmap_ptes(folio=0xfffff2a100721980, page=0xfffff2a100721980, nr_pages=1, vma=0xffff8f30840b0e40);
 0)   0.510 us    |          }
 0)   0.161 us    |          next_uptodate_folio(xas=0xffffd26ac050fcf0, mapping=0xffff8f3081b607b0, end_pgoff=0x13);
 0)               |          set_pte_range(vmf=0xffffd26ac050fde8, folio=0xfffff2a1007219c0, page=0xfffff2a1007219c0, nr=0x1, addr=0x7f4937d1d000) {
 0)   0.171 us    |            folio_add_file_rmap_ptes(folio=0xfffff2a1007219c0, page=0xfffff2a1007219c0, nr_pages=1, vma=0xffff8f30840b0e40);
 0)   0.511 us    |          }
 0)   0.160 us    |          next_uptodate_folio(xas=0xffffd26ac050fcf0, mapping=0xffff8f3081b607b0, end_pgoff=0x13);
 0)               |          set_pte_range(vmf=0xffffd26ac050fde8, folio=0xfffff2a100721a00, page=0xfffff2a100721a00, nr=0x1, addr=0x7f4937d1e000) {
 0)   0.160 us    |            folio_add_file_rmap_ptes(folio=0xfffff2a100721a00, page=0xfffff2a100721a00, nr_pages=1, vma=0xffff8f30840b0e40);
 0)   0.511 us    |          }
 0)   0.161 us    |          next_uptodate_folio(xas=0xffffd26ac050fcf0, mapping=0xffff8f3081b607b0, end_pgoff=0x13);
 0)               |          set_pte_range(vmf=0xffffd26ac050fde8, folio=0xfffff2a100721a40, page=0xfffff2a100721a40, nr=0x1, addr=0x7f4937d1f000) {
 0)   0.160 us    |            folio_add_file_rmap_ptes(folio=0xfffff2a100721a40, page=0xfffff2a100721a40, nr_pages=1, vma=0xffff8f30840b0e40);
 0)   0.511 us    |          }
 0)   0.160 us    |          next_uptodate_folio(xas=0xffffd26ac050fcf0, mapping=0xffff8f3081b607b0, end_pgoff=0x13);
 0)   0.161 us    |          _raw_spin_lock_irqsave(lock=0xffff8f3081b4e000);
 0)   0.171 us    |          _raw_spin_unlock_irqrestore(lock=0xffff8f3081b4e000, flags=0x296);
 0)   0.160 us    |          mm_trace_rss_stat(mm=0xffff8f3081b4db00, member=3);
 0)   0.160 us    |          _raw_spin_unlock(lock=0xfffff2a1000d3fe8);
 0)   0.160 us    |          __rcu_read_unlock();
 0)   0.150 us    |          __rcu_read_unlock();
 0) + 20.960 us   |        }
 0)   0.151 us    |        __rcu_read_unlock();
 0) + 21.972 us   |      }
 0) + 23.735 us   |    }
 0)   0.149 us    |    __rcu_read_lock();
 0)   0.151 us    |    mem_cgroup_from_task(p=0xffff8f308368c400);
 0)               |    count_memcg_events(memcg=0xffff8f3081341b00, idx=23 [PGFAULT], count=0x1) {
 0)   0.160 us    |      __css_rstat_updated(css=0xffff8f3081341b00, cpu=0);
 0)   0.490 us    |    }
 0)   0.160 us    |    __rcu_read_unlock();
 0) + 25.799 us   |  }
 0)               |  lock_vma_under_rcu(mm=0xffff8f3081b4db00, address=0x7fff1ea03e70) {
 0)   0.151 us    |    __rcu_read_lock();
 0)   0.150 us    |    __rcu_read_unlock();
 0)   0.872 us    |  }
 0)               |  handle_mm_fault(vma=0xffff8f3083259b40, address=0x7fff1ea03e70, flags=0x1255, regs=0xffffd26ac050ff48) {
 0)               |    __handle_mm_fault(vma=0xffff8f3083259b40, address=0x7fff1ea03e70, flags=0x1255) {
 0)               |      pte_offset_map_rw_nolock(mm=0xffff8f3081b4db00, pmd=0xffff8f3083af77a8, addr=0x7fff1ea03000, pmdvalp=0xffffd26ac050fde0, ptlp=0xffffd26ac050fe48) {
 0)               |        __pte_offset_map(pmd=0xffff8f3083af77a8, addr=0x7fff1ea03000, pmdvalp=0xffffd26ac050fde0) {
 0)   0.160 us    |          __rcu_read_lock();
 0)   0.491 us    |        }
 0)   0.822 us    |      }
 0)   0.150 us    |      __rcu_read_unlock();
 0)               |      do_anonymous_page(vmf=0xffffd26ac050fde8) {
 0)   0.160 us    |        __vmf_anon_prepare(vmf=0xffffd26ac050fde8);
 0)               |        vma_alloc_folio_noprof(gfp=0x100dca, order=0, vma=0xffff8f3083259b40, addr=0x7fff1ea03000) {
 0)   0.170 us    |          get_vma_policy(vma=0xffff8f3083259b40, addr=0x7fff1ea03000, order=0, ilx=0xffffd26ac050fd30);
 0)               |          alloc_pages_mpol(gfp=0x140dca, order=0x0, pol=0xffffffffb05b36a0, ilx=0x0, nid=0) {
 0)   0.170 us    |            policy_nodemask(gfp=0x140dca, pol=0xffffffffb05b36a0, ilx=0x0, nid=0xffffd26ac050fcfc);
 0)               |            __alloc_frozen_pages_noprof(gfp=0x140dca, order=0x0, preferred_nid=0, nodemask=0x0) {
 0)               |              get_page_from_freelist(gfp_mask=0x140dca, order=0x0, alloc_flags=2177, ac=0xffffd26ac050fc98) {
 0)   0.160 us    |                _raw_spin_trylock(lock=0xffff8f30bec38e80);
 0)   0.160 us    |                _raw_spin_unlock(lock=0xffff8f30bec38e80);
 0)   0.452 us    |                kernel_init_pages(page=0xfffff2a10071f040, numpages=1);
 0)   1.523 us    |              }
 0)   1.883 us    |            }
 0)   2.565 us    |          }
 0)   3.246 us    |        }
 0)               |        __mem_cgroup_charge(folio=0xfffff2a10071f040, mm=0xffff8f3081b4db00, gfp=0xcc0) {
 0)               |          get_mem_cgroup_from_mm(mm=0xffff8f3081b4db00) {
 0)   0.150 us    |            __rcu_read_lock();
 0)   0.149 us    |            __rcu_read_unlock();
 0)   0.822 us    |          }
 0)               |          charge_memcg(folio=0xfffff2a10071f040, memcg=0xffff8f3081341b00, gfp=0xcc0) {
 0)   0.151 us    |            __rcu_read_lock();
 0)   0.171 us    |            __get_obj_cgroup_from_memcg(memcg=0xffff8f3081341b00);
 0)   0.160 us    |            __rcu_read_unlock();
 0)   1.182 us    |          }
 0)   2.535 us    |        }
 0)   0.161 us    |        __folio_throttle_swaprate(folio=0xfffff2a10071f040, gfp=0xcc0);
 0)               |        pte_offset_map_lock(mm=0xffff8f3081b4db00, pmd=0xffff8f3083af77a8, addr=0x7fff1ea03000, ptlp=0xffffd26ac050fe48) {
 0)               |          __pte_offset_map(pmd=0xffff8f3083af77a8, addr=0x7fff1ea03000, pmdvalp=0xffffd26ac050fd20) {
 0)   0.151 us    |            __rcu_read_lock();
 0)   0.481 us    |          }
 0)   0.160 us    |          _raw_spin_lock(lock=0xfffff2a100067ee8);
 0)   1.212 us    |        }
 0)               |        map_anon_folio_pte_nopf(folio=0xfffff2a10071f040, pte=0xffff8f30819fb018, vma=0xffff8f3083259b40, addr=0x7fff1ea03000, uffd_wp=0x0) {
 0)   0.160 us    |          pte_mkwrite(pte=(STRUCT)[0x840000001c7c1825], vma=0xffff8f3083259b40);
 0)               |          folio_add_new_anon_rmap(folio=0xfffff2a10071f040, vma=0xffff8f3083259b40, address=0x7fff1ea03000, flags=1) {
 0)               |            __folio_mod_stat(folio=0xfffff2a10071f040, nr=1, nr_pmdmapped=0) {
 0)               |              lruvec_stat_mod_folio(folio=0xfffff2a10071f040, idx=17 [NR_ANON_MAPPED], val=1) {
 0)   0.150 us    |                __rcu_read_lock();
 0)   0.160 us    |                mod_node_page_state(pgdat=0xffff8f30bfeb9f80, item=17 [NR_ANON_MAPPED], delta=1);
 0)               |                __mod_memcg_lruvec_state(pn=0xffff8f3081351e00, idx=17 [NR_ANON_MAPPED], val=1) {
 0)   0.160 us    |                  memcg_state_val_in_pages(idx=17, val=1);
 0)   0.150 us    |                  __css_rstat_updated(css=0xffff8f3081341b00, cpu=0);
 0)   0.831 us    |                }
 0)   0.161 us    |                __rcu_read_unlock();
 0)   2.185 us    |              }
 0)   2.515 us    |            }
 0)   2.865 us    |          }
 0)               |          folio_add_lru_vma(folio=0xfffff2a10071f040, vma=0xffff8f3083259b40) {
 0)               |            folio_add_lru(folio=0xfffff2a10071f040) {
 0)   0.161 us    |              __folio_batch_add_and_move(fbatch=0xffffffffb04dd240, folio=0xfffff2a10071f040, move_fn=0xffffffffad6724a0, disable_irq=0x0);
 0)   0.490 us    |            }
 0)   0.832 us    |          }
 0)   4.618 us    |        }
 0)   0.161 us    |        _raw_spin_unlock(lock=0xfffff2a100067ee8);
 0)   0.161 us    |        __rcu_read_unlock();
 0) + 13.977 us   |      }
 0) + 15.759 us   |    }
 0)   0.160 us    |    __rcu_read_lock();
 0)   0.160 us    |    mem_cgroup_from_task(p=0xffff8f308368c400);
 0)               |    count_memcg_events(memcg=0xffff8f3081341b00, idx=23 [PGFAULT], count=0x1) {
 0)   0.150 us    |      __css_rstat_updated(css=0xffff8f3081341b00, cpu=0);
 0)   0.490 us    |    }
 0)   0.150 us    |    __rcu_read_unlock();
 0) + 17.764 us   |  }
 0)               |  lock_vma_under_rcu(mm=0xffff8f3081b4db00, address=0x7f4937e08e10) {
 0)   0.160 us    |    __rcu_read_lock();
 0)   0.150 us    |    __rcu_read_unlock();
 0)   0.871 us    |  }
 0)               |  handle_mm_fault(vma=0xffff8f30831f80c0, address=0x7f4937e08e10, flags=0x1254, regs=0xffffd26ac050ff48) {
 0)               |    __handle_mm_fault(vma=0xffff8f30831f80c0, address=0x7f4937e08e10, flags=0x1254) {
 0)               |      pte_offset_map_rw_nolock(mm=0xffff8f3081b4db00, pmd=0xffff8f30838b4df8, addr=0x7f4937e08000, pmdvalp=0xffffd26ac050fde0, ptlp=0xffffd26ac050fe48) {
 0)               |        __pte_offset_map(pmd=0xffff8f30838b4df8, addr=0x7f4937e08000, pmdvalp=0xffffd26ac050fde0) {
 0)   0.151 us    |          __rcu_read_lock();
 0)   0.491 us    |        }
 0)   0.831 us    |      }
 0)   0.151 us    |      __rcu_read_unlock();
 0)               |      do_fault(vmf=0xffffd26ac050fde8) {
 0)   0.151 us    |        __rcu_read_lock();
 0)               |        filemap_map_pages(vmf=0xffffd26ac050fde8, start_pgoff=0xfa, end_pgoff=0xfd) {
 0)   0.160 us    |          __rcu_read_lock();
 0)   0.200 us    |          next_uptodate_folio(xas=0xffffd26ac050fcf0, mapping=0xffff8f3081b607b0, end_pgoff=0xfd);
 0)               |          pte_offset_map_lock(mm=0xffff8f3081b4db00, pmd=0xffff8f30838b4df8, addr=0x7f4937e06000, ptlp=0xffffd26ac050fe48) {
 0)               |            __pte_offset_map(pmd=0xffff8f30838b4df8, addr=0x7f4937e06000, pmdvalp=0xffffd26ac050fc38) {
 0)   0.151 us    |              __rcu_read_lock();
 0)   0.491 us    |            }
 0)   0.150 us    |            _raw_spin_lock(lock=0xfffff2a1000e2de8);
 0)   1.162 us    |          }
 0)               |          set_pte_range(vmf=0xffffd26ac050fde8, folio=0xfffff2a100fb7400, page=0xfffff2a100fb7400, nr=0x1, addr=0x7f4937e06000) {
 0)               |            folio_add_file_rmap_ptes(folio=0xfffff2a100fb7400, page=0xfffff2a100fb7400, nr_pages=1, vma=0xffff8f30831f80c0) {
 0)               |              lruvec_stat_mod_folio(folio=0xfffff2a100fb7400, idx=18 [NR_FILE_MAPPED], val=1) {
 0)   0.151 us    |                __rcu_read_lock();
 0)   0.161 us    |                mod_node_page_state(pgdat=0xffff8f30bfeb9f80, item=18 [NR_FILE_MAPPED], delta=1);
 0)               |                __mod_memcg_lruvec_state(pn=0xffff8f3081351e00, idx=18 [NR_FILE_MAPPED], val=1) {
 0)   0.150 us    |                  memcg_state_val_in_pages(idx=18, val=1);
 0)   0.150 us    |                  __css_rstat_updated(css=0xffff8f3081341b00, cpu=0);
 0)   0.841 us    |                }
 0)   0.150 us    |                __rcu_read_unlock();
 0)   2.184 us    |              }
 0)   2.555 us    |            }
 0)   2.905 us    |          }
 0)   0.160 us    |          next_uptodate_folio(xas=0xffffd26ac050fcf0, mapping=0xffff8f3081b607b0, end_pgoff=0xfd);
 0)               |          set_pte_range(vmf=0xffffd26ac050fde8, folio=0xfffff2a100fb7440, page=0xfffff2a100fb7440, nr=0x1, addr=0x7f4937e07000) {
 0)               |            folio_add_file_rmap_ptes(folio=0xfffff2a100fb7440, page=0xfffff2a100fb7440, nr_pages=1, vma=0xffff8f30831f80c0) {
 0)               |              lruvec_stat_mod_folio(folio=0xfffff2a100fb7440, idx=18 [NR_FILE_MAPPED], val=1) {
 0)   0.150 us    |                __rcu_read_lock();
 0)   0.161 us    |                mod_node_page_state(pgdat=0xffff8f30bfeb9f80, item=18 [NR_FILE_MAPPED], delta=1);
 0)               |                __mod_memcg_lruvec_state(pn=0xffff8f3081351e00, idx=18 [NR_FILE_MAPPED], val=1) {
 0)   0.161 us    |                  memcg_state_val_in_pages(idx=18, val=1);
 0)   0.161 us    |                  __css_rstat_updated(css=0xffff8f3081341b00, cpu=0);
 0)   0.822 us    |                }
 0)   0.160 us    |                __rcu_read_unlock();
 0)   2.135 us    |              }
 0)   2.475 us    |            }
 0)   2.835 us    |          }
 0)   0.161 us    |          next_uptodate_folio(xas=0xffffd26ac050fcf0, mapping=0xffff8f3081b607b0, end_pgoff=0xfd);
 0)               |          set_pte_range(vmf=0xffffd26ac050fde8, folio=0xfffff2a100fb7480, page=0xfffff2a100fb7480, nr=0x1, addr=0x7f4937e08000) {
 0)               |            folio_add_file_rmap_ptes(folio=0xfffff2a100fb7480, page=0xfffff2a100fb7480, nr_pages=1, vma=0xffff8f30831f80c0) {
 0)               |              lruvec_stat_mod_folio(folio=0xfffff2a100fb7480, idx=18 [NR_FILE_MAPPED], val=1) {
 0)   0.150 us    |                __rcu_read_lock();
 0)   0.220 us    |                mod_node_page_state(pgdat=0xffff8f30bfeb9f80, item=18 [NR_FILE_MAPPED], delta=1);
 0)               |                __mod_memcg_lruvec_state(pn=0xffff8f3081351e00, idx=18 [NR_FILE_MAPPED], val=1) {
 0)   0.150 us    |                  memcg_state_val_in_pages(idx=18, val=1);
 0)   0.150 us    |                  __css_rstat_updated(css=0xffff8f3081341b00, cpu=0);
 0)   0.822 us    |                }
 0)   0.151 us    |                __rcu_read_unlock();
 0)   2.194 us    |              }
 0)   2.536 us    |            }
 0)   2.886 us    |          }
 0)   0.161 us    |          next_uptodate_folio(xas=0xffffd26ac050fcf0, mapping=0xffff8f3081b607b0, end_pgoff=0xfd);
 0)   0.161 us    |          next_uptodate_folio(xas=0xffffd26ac050fcf0, mapping=0xffff8f3081b607b0, end_pgoff=0xfd);
 0)   0.149 us    |          mm_trace_rss_stat(mm=0xffff8f3081b4db00, member=3);
 0)   0.160 us    |          _raw_spin_unlock(lock=0xfffff2a1000e2de8);
 0)   0.160 us    |          __rcu_read_unlock();
 0)   0.160 us    |          __rcu_read_unlock();
 0) + 14.107 us   |        }
 0)   0.161 us    |        __rcu_read_unlock();
 0) + 15.119 us   |      }
 0) + 16.942 us   |    }
 0)   0.151 us    |    __rcu_read_lock();
 0)   0.161 us    |    mem_cgroup_from_task(p=0xffff8f308368c400);
 0)               |    count_memcg_events(memcg=0xffff8f3081341b00, idx=23 [PGFAULT], count=0x1) {
 0)   0.150 us    |      __css_rstat_updated(css=0xffff8f3081341b00, cpu=0);
 0)   0.481 us    |    }
 0)   0.150 us    |    __rcu_read_unlock();
 0) + 18.975 us   |  }
 0)               |  lock_vma_under_rcu(mm=0xffff8f3081b4db00, address=0x7f4937d0c040) {
 0)   0.149 us    |    __rcu_read_lock();
 0)   0.160 us    |    __rcu_read_unlock();
 0)   0.872 us    |  }
 0)               |  handle_mm_fault(vma=0xffff8f30831f8480, address=0x7f4937d0c040, flags=0x1254, regs=0xffffd26ac050ff48) {
 0)               |    __handle_mm_fault(vma=0xffff8f30831f8480, address=0x7f4937d0c040, flags=0x1254) {
 0)               |      pte_offset_map_rw_nolock(mm=0xffff8f3081b4db00, pmd=0xffff8f30838b4df0, addr=0x7f4937d0c000, pmdvalp=0xffffd26ac050fde0, ptlp=0xffffd26ac050fe48) {
 0)               |        __pte_offset_map(pmd=0xffff8f30838b4df0, addr=0x7f4937d0c000, pmdvalp=0xffffd26ac050fde0) {
 0)   0.160 us    |          __rcu_read_lock();
 0)   0.491 us    |        }
 0)   0.831 us    |      }
 0)   0.151 us    |      __rcu_read_unlock();
 0)               |      do_fault(vmf=0xffffd26ac050fde8) {
 0)   0.160 us    |        __rcu_read_lock();
 0)               |        filemap_map_pages(vmf=0xffffd26ac050fde8, start_pgoff=0x0, end_pgoff=0x0) {
 0)   0.150 us    |          __rcu_read_lock();
 0)   0.200 us    |          next_uptodate_folio(xas=0xffffd26ac050fcf0, mapping=0xffff8f3081b607b0, end_pgoff=0x0);
 0)               |          pte_offset_map_lock(mm=0xffff8f3081b4db00, pmd=0xffff8f30838b4df0, addr=0x7f4937d0c000, ptlp=0xffffd26ac050fe48) {
 0)               |            __pte_offset_map(pmd=0xffff8f30838b4df0, addr=0x7f4937d0c000, pmdvalp=0xffffd26ac050fc38) {
 0)   0.160 us    |              __rcu_read_lock();
 0)   0.491 us    |            }
 0)   0.150 us    |            _raw_spin_lock(lock=0xfffff2a1000d3fe8);
 0)   1.162 us    |          }
 0)               |          set_pte_range(vmf=0xffffd26ac050fde8, folio=0xfffff2a100721580, page=0xfffff2a100721580, nr=0x1, addr=0x7f4937d0c000) {
 0)   0.170 us    |            folio_add_file_rmap_ptes(folio=0xfffff2a100721580, page=0xfffff2a100721580, nr_pages=1, vma=0xffff8f30831f8480);
 0)   0.532 us    |          }
 0)   0.170 us    |          next_uptodate_folio(xas=0xffffd26ac050fcf0, mapping=0xffff8f3081b607b0, end_pgoff=0x0);
 0)   0.151 us    |          mm_trace_rss_stat(mm=0xffff8f3081b4db00, member=3);
 0)   0.161 us    |          _raw_spin_unlock(lock=0xfffff2a1000d3fe8);
 0)   0.150 us    |          __rcu_read_unlock();
 0)   0.151 us    |          __rcu_read_unlock();
 0)   4.709 us    |        }
 0)   0.160 us    |        __rcu_read_unlock();
 0)   5.731 us    |      }
 0)   7.454 us    |    }
 0)   0.151 us    |    __rcu_read_lock();
 0)   0.150 us    |    mem_cgroup_from_task(p=0xffff8f308368c400);
 0)               |    count_memcg_events(memcg=0xffff8f3081341b00, idx=23 [PGFAULT], count=0x1) {
 0)   0.160 us    |      __css_rstat_updated(css=0xffff8f3081341b00, cpu=0);
 0)   0.501 us    |    }
 0)   0.151 us    |    __rcu_read_unlock();
 0)   9.468 us    |  }
 0)               |  lock_vma_under_rcu(mm=0xffff8f3081b4db00, address=0x7f4937e06270) {
 0)   0.151 us    |    __rcu_read_lock();
 0)   0.160 us    |    __rcu_read_unlock();
 0)   0.871 us    |  }
 0)               |  handle_mm_fault(vma=0xffff8f30831f80c0, address=0x7f4937e06270, flags=0x1255, regs=0xffffd26ac050ff48) {
 0)               |    __handle_mm_fault(vma=0xffff8f30831f80c0, address=0x7f4937e06270, flags=0x1255) {
 0)               |      pte_offset_map_rw_nolock(mm=0xffff8f3081b4db00, pmd=0xffff8f30838b4df8, addr=0x7f4937e06000, pmdvalp=0xffffd26ac050fde0, ptlp=0xffffd26ac050fe48) {
 0)               |        __pte_offset_map(pmd=0xffff8f30838b4df8, addr=0x7f4937e06000, pmdvalp=0xffffd26ac050fde0) {
 0)   0.149 us    |          __rcu_read_lock();
 0)   0.491 us    |        }
 0)   0.822 us    |      }
 0)   0.150 us    |      _raw_spin_lock(lock=0xfffff2a1000e2de8);
 0)               |      do_wp_page(vmf=0xffffd26ac050fde8) {
 0)   0.171 us    |        vm_normal_page(vma=0xffff8f30831f80c0, addr=0x7f4937e06000, pte=(STRUCT)[0x800000003edd0025]);
 0)   0.160 us    |        _raw_spin_unlock(lock=0xfffff2a1000e2de8);
 0)   0.151 us    |        __rcu_read_unlock();
 0)   0.151 us    |        __vmf_anon_prepare(vmf=0xffffd26ac050fde8);
 0)               |        vma_alloc_folio_noprof(gfp=0x100cca, order=0, vma=0xffff8f30831f80c0, addr=0x7f4937e06000) {
 0)               |          get_vma_policy(vma=0xffff8f30831f80c0, addr=0x7f4937e06000, order=0, ilx=0xffffd26ac050fcf8) {
 0)               |            shmem_get_policy(vma=0xffff8f30831f80c0, addr=0x7f4937e06000, ilx=0xffffd26ac050fcf8) {
 0)   0.149 us    |              mpol_shared_policy_lookup(sp=0xffff8f3081b60600, idx=0xfa);
 0)   0.511 us    |            }
 0)   0.873 us    |          }
 0)               |          alloc_pages_mpol(gfp=0x140cca, order=0x0, pol=0xffffffffb05b36a0, ilx=0xb, nid=0) {
 0)   0.160 us    |            policy_nodemask(gfp=0x140cca, pol=0xffffffffb05b36a0, ilx=0xb, nid=0xffffd26ac050fcc4);
 0)               |            __alloc_frozen_pages_noprof(gfp=0x140cca, order=0x0, preferred_nid=0, nodemask=0x0) {
 0)               |              get_page_from_freelist(gfp_mask=0x140cca, order=0x0, alloc_flags=2177, ac=0xffffd26ac050fc60) {
 0)   0.160 us    |                _raw_spin_trylock(lock=0xffff8f30bec38e80);
 0)   0.161 us    |                _raw_spin_unlock(lock=0xffff8f30bec38e80);
 0)   0.481 us    |                kernel_init_pages(page=0xfffff2a1006d7780, numpages=1);
 0)   1.633 us    |              }
 0)   1.993 us    |            }
 0)   2.685 us    |          }
 0)   4.117 us    |        }
 0)               |        __mem_cgroup_charge(folio=0xfffff2a1006d7780, mm=0xffff8f3081b4db00, gfp=0xcc0) {
 0)               |          get_mem_cgroup_from_mm(mm=0xffff8f3081b4db00) {
 0)   0.150 us    |            __rcu_read_lock();
 0)   0.150 us    |            __rcu_read_unlock();
 0)   0.822 us    |          }
 0)               |          charge_memcg(folio=0xfffff2a1006d7780, memcg=0xffff8f3081341b00, gfp=0xcc0) {
 0)   0.150 us    |            __rcu_read_lock();
 0)   0.180 us    |            __get_obj_cgroup_from_memcg(memcg=0xffff8f3081341b00);
 0)   0.160 us    |            __rcu_read_unlock();
 0)   1.183 us    |          }
 0)   2.514 us    |        }
 0)   0.160 us    |        __folio_throttle_swaprate(folio=0xfffff2a1006d7780, gfp=0xcc0);
 0)   0.311 us    |        copy_mc_to_kernel(dst=0xffff8f309b5de000, src=0xffff8f30bedd0000, len=0x1000);
 0)               |        pte_offset_map_lock(mm=0xffff8f3081b4db00, pmd=0xffff8f30838b4df8, addr=0x7f4937e06000, ptlp=0xffffd26ac050fe48) {
 0)               |          __pte_offset_map(pmd=0xffff8f30838b4df8, addr=0x7f4937e06000, pmdvalp=0xffffd26ac050fce8) {
 0)   0.151 us    |            __rcu_read_lock();
 0)   0.491 us    |          }
 0)   0.160 us    |          _raw_spin_lock(lock=0xfffff2a1000e2de8);
 0)   1.162 us    |        }
 0)   0.150 us    |        pte_mkwrite(pte=(STRUCT)[0x840000001b5de825], vma=0xffff8f30831f80c0);
 0)               |        ptep_clear_flush(vma=0xffff8f30831f80c0, address=0x7f4937e06000, ptep=0xffff8f30838b7030) {
 0)               |          flush_tlb_mm_range(mm=0xffff8f3081b4db00, start=0x7f4937e06000, end=0x7f4937e07000, stride_shift=0xc, freed_tables=0x0) {
 0)               |            flush_tlb_func(info=0xffff8f30bec32200) {
 0)   0.160 us    |              mm_needs_global_asid(mm=0xffff8f3081b4db00, asid=0x0);
 0)   0.241 us    |              native_flush_tlb_one_user(addr=0x7f4937e06000);
 0)   0.932 us    |            }
 0)   1.303 us    |          }
 0)   1.652 us    |        }
 0)               |        folio_add_new_anon_rmap(folio=0xfffff2a1006d7780, vma=0xffff8f30831f80c0, address=0x7f4937e06000, flags=1) {
 0)               |          __folio_mod_stat(folio=0xfffff2a1006d7780, nr=1, nr_pmdmapped=0) {
 0)               |            lruvec_stat_mod_folio(folio=0xfffff2a1006d7780, idx=17 [NR_ANON_MAPPED], val=1) {
 0)   0.160 us    |              __rcu_read_lock();
 0)   0.160 us    |              mod_node_page_state(pgdat=0xffff8f30bfeb9f80, item=17 [NR_ANON_MAPPED], delta=1);
 0)               |              __mod_memcg_lruvec_state(pn=0xffff8f3081351e00, idx=17 [NR_ANON_MAPPED], val=1) {
 0)   0.161 us    |                memcg_state_val_in_pages(idx=17, val=1);
 0)   0.160 us    |                __css_rstat_updated(css=0xffff8f3081341b00, cpu=0);
 0)   0.852 us    |              }
 0)   0.151 us    |              __rcu_read_unlock();
 0)   2.195 us    |            }
 0)   2.625 us    |          }
 0)   2.986 us    |        }
 0)               |        folio_add_lru_vma(folio=0xfffff2a1006d7780, vma=0xffff8f30831f80c0) {
 0)               |          folio_add_lru(folio=0xfffff2a1006d7780) {
 0)   0.160 us    |            __folio_batch_add_and_move(fbatch=0xffffffffb04dd240, folio=0xfffff2a1006d7780, move_fn=0xffffffffad6724a0, disable_irq=0x0);
 0)   0.481 us    |          }
 0)   0.822 us    |        }
 0)               |        folio_remove_rmap_ptes(folio=0xfffff2a100fb7400, page=0xfffff2a100fb7400, nr_pages=1, vma=0xffff8f30831f80c0) {
 0)               |          lruvec_stat_mod_folio(folio=0xfffff2a100fb7400, idx=18 [NR_FILE_MAPPED], val=4294967295) {
 0)   0.149 us    |            __rcu_read_lock();
 0)   0.160 us    |            mod_node_page_state(pgdat=0xffff8f30bfeb9f80, item=18 [NR_FILE_MAPPED], delta=-1);
 0)               |            __mod_memcg_lruvec_state(pn=0xffff8f3081351e00, idx=18 [NR_FILE_MAPPED], val=-1) {
 0)   0.150 us    |              memcg_state_val_in_pages(idx=18, val=-1);
 0)   0.161 us    |              __css_rstat_updated(css=0xffff8f3081341b00, cpu=0);
 0)   0.822 us    |            }
 0)   0.151 us    |            __rcu_read_unlock();
 0)   2.164 us    |          }
 0)   2.505 us    |        }
 0)   0.150 us    |        _raw_spin_unlock(lock=0xfffff2a1000e2de8);
 0)   0.149 us    |        __rcu_read_unlock();
 0)   0.161 us    |        free_swap_cache(folio=0xfffff2a100fb7400);
 0) + 20.979 us   |      }
 0) + 22.753 us   |    }
 0)   0.149 us    |    __rcu_read_lock();
 0)   0.150 us    |    mem_cgroup_from_task(p=0xffff8f308368c400);
 0)               |    count_memcg_events(memcg=0xffff8f3081341b00, idx=23 [PGFAULT], count=0x1) {
 0)   0.150 us    |      __css_rstat_updated(css=0xffff8f3081341b00, cpu=0);
 0)   0.490 us    |    }
 0)   0.150 us    |    __rcu_read_unlock();
 0) + 24.767 us   |  }
 0)               |  lock_vma_under_rcu(mm=0xffff8f3081b4db00, address=0x7f4937e07008) {
 0)   0.160 us    |    __rcu_read_lock();
 0)   0.160 us    |    __rcu_read_unlock();
 0)   0.872 us    |  }
 0)               |  handle_mm_fault(vma=0xffff8f30831f80c0, address=0x7f4937e07008, flags=0x1255, regs=0xffffd26ac050ff48) {
 0)               |    __handle_mm_fault(vma=0xffff8f30831f80c0, address=0x7f4937e07008, flags=0x1255) {
 0)               |      pte_offset_map_rw_nolock(mm=0xffff8f3081b4db00, pmd=0xffff8f30838b4df8, addr=0x7f4937e07000, pmdvalp=0xffffd26ac050fde0, ptlp=0xffffd26ac050fe48) {
 0)               |        __pte_offset_map(pmd=0xffff8f30838b4df8, addr=0x7f4937e07000, pmdvalp=0xffffd26ac050fde0) {
 0)   0.161 us    |          __rcu_read_lock();
 0)   0.491 us    |        }
 0)   0.821 us    |      }
 0)   0.160 us    |      _raw_spin_lock(lock=0xfffff2a1000e2de8);
 0)               |      do_wp_page(vmf=0xffffd26ac050fde8) {
 0)   0.169 us    |        vm_normal_page(vma=0xffff8f30831f80c0, addr=0x7f4937e07000, pte=(STRUCT)[0x800000003edd1025]);
 0)   0.161 us    |        _raw_spin_unlock(lock=0xfffff2a1000e2de8);
 0)   0.150 us    |        __rcu_read_unlock();
 0)   0.149 us    |        __vmf_anon_prepare(vmf=0xffffd26ac050fde8);
 0)               |        vma_alloc_folio_noprof(gfp=0x100cca, order=0, vma=0xffff8f30831f80c0, addr=0x7f4937e07000) {
 0)               |          get_vma_policy(vma=0xffff8f30831f80c0, addr=0x7f4937e07000, order=0, ilx=0xffffd26ac050fcf8) {
 0)               |            shmem_get_policy(vma=0xffff8f30831f80c0, addr=0x7f4937e07000, ilx=0xffffd26ac050fcf8) {
 0)   0.161 us    |              mpol_shared_policy_lookup(sp=0xffff8f3081b60600, idx=0xfb);
 0)   0.490 us    |            }
 0)   0.851 us    |          }
 0)               |          alloc_pages_mpol(gfp=0x140cca, order=0x0, pol=0xffffffffb05b36a0, ilx=0xb, nid=0) {
 0)   0.171 us    |            policy_nodemask(gfp=0x140cca, pol=0xffffffffb05b36a0, ilx=0xb, nid=0xffffd26ac050fcc4);
 0)               |            __alloc_frozen_pages_noprof(gfp=0x140cca, order=0x0, preferred_nid=0, nodemask=0x0) {
 0)               |              get_page_from_freelist(gfp_mask=0x140cca, order=0x0, alloc_flags=2177, ac=0xffffd26ac050fc60) {
 0)   0.150 us    |                _raw_spin_trylock(lock=0xffff8f30bec38e80);
 0)   0.160 us    |                _raw_spin_unlock(lock=0xffff8f30bec38e80);
 0)   0.461 us    |                kernel_init_pages(page=0xfffff2a100633bc0, numpages=1);
 0)   1.552 us    |              }
 0)   1.894 us    |            }
 0)   2.585 us    |          }
 0)   3.957 us    |        }
 0)               |        __mem_cgroup_charge(folio=0xfffff2a100633bc0, mm=0xffff8f3081b4db00, gfp=0xcc0) {
 0)               |          get_mem_cgroup_from_mm(mm=0xffff8f3081b4db00) {
 0)   0.149 us    |            __rcu_read_lock();
 0)   0.151 us    |            __rcu_read_unlock();
 0)   0.842 us    |          }
 0)               |          charge_memcg(folio=0xfffff2a100633bc0, memcg=0xffff8f3081341b00, gfp=0xcc0) {
 0)   0.151 us    |            __rcu_read_lock();
 0)   0.170 us    |            __get_obj_cgroup_from_memcg(memcg=0xffff8f3081341b00);
 0)   0.150 us    |            __rcu_read_unlock();
 0)   1.172 us    |          }
 0)   2.524 us    |        }
 0)   0.160 us    |        __folio_throttle_swaprate(folio=0xfffff2a100633bc0, gfp=0xcc0);
 0)   0.301 us    |        copy_mc_to_kernel(dst=0xffff8f3098cef000, src=0xffff8f30bedd1000, len=0x1000);
 0)               |        pte_offset_map_lock(mm=0xffff8f3081b4db00, pmd=0xffff8f30838b4df8, addr=0x7f4937e07000, ptlp=0xffffd26ac050fe48) {
 0)               |          __pte_offset_map(pmd=0xffff8f30838b4df8, addr=0x7f4937e07000, pmdvalp=0xffffd26ac050fce8) {
 0)   0.160 us    |            __rcu_read_lock();
 0)   0.541 us    |          }
 0)   0.151 us    |          _raw_spin_lock(lock=0xfffff2a1000e2de8);
 0)   1.213 us    |        }
 0)   0.150 us    |        pte_mkwrite(pte=(STRUCT)[0x8400000018cef825], vma=0xffff8f30831f80c0);
 0)               |        ptep_clear_flush(vma=0xffff8f30831f80c0, address=0x7f4937e07000, ptep=0xffff8f30838b7038) {
 0)               |          flush_tlb_mm_range(mm=0xffff8f3081b4db00, start=0x7f4937e07000, end=0x7f4937e08000, stride_shift=0xc, freed_tables=0x0) {
 0)               |            flush_tlb_func(info=0xffff8f30bec32200) {
 0)   0.161 us    |              mm_needs_global_asid(mm=0xffff8f3081b4db00, asid=0x0);
 0)   0.341 us    |              native_flush_tlb_one_user(addr=0x7f4937e07000);
 0)   1.011 us    |            }
 0)   1.362 us    |          }
 0)   1.704 us    |        }
 0)               |        folio_add_new_anon_rmap(folio=0xfffff2a100633bc0, vma=0xffff8f30831f80c0, address=0x7f4937e07000, flags=1) {
 0)               |          __folio_mod_stat(folio=0xfffff2a100633bc0, nr=1, nr_pmdmapped=0) {
 0)               |            lruvec_stat_mod_folio(folio=0xfffff2a100633bc0, idx=17 [NR_ANON_MAPPED], val=1) {
 0)   0.160 us    |              __rcu_read_lock();
 0)   0.160 us    |              mod_node_page_state(pgdat=0xffff8f30bfeb9f80, item=17 [NR_ANON_MAPPED], delta=1);
 0)               |              __mod_memcg_lruvec_state(pn=0xffff8f3081351e00, idx=17 [NR_ANON_MAPPED], val=1) {
 0)   0.150 us    |                memcg_state_val_in_pages(idx=17, val=1);
 0)   0.161 us    |                __css_rstat_updated(css=0xffff8f3081341b00, cpu=0);
 0)   0.862 us    |              }
 0)   0.151 us    |              __rcu_read_unlock();
 0)   2.234 us    |            }
 0)   2.576 us    |          }
 0)   2.935 us    |        }
 0)               |        folio_add_lru_vma(folio=0xfffff2a100633bc0, vma=0xffff8f30831f80c0) {
 0)               |          folio_add_lru(folio=0xfffff2a100633bc0) {
 0)   0.161 us    |            __folio_batch_add_and_move(fbatch=0xffffffffb04dd240, folio=0xfffff2a100633bc0, move_fn=0xffffffffad6724a0, disable_irq=0x0);
 0)   0.490 us    |          }
 0)   0.822 us    |        }
 0)               |        folio_remove_rmap_ptes(folio=0xfffff2a100fb7440, page=0xfffff2a100fb7440, nr_pages=1, vma=0xffff8f30831f80c0) {
 0)               |          lruvec_stat_mod_folio(folio=0xfffff2a100fb7440, idx=18 [NR_FILE_MAPPED], val=4294967295) {
 0)   0.160 us    |            __rcu_read_lock();
 0)   0.160 us    |            mod_node_page_state(pgdat=0xffff8f30bfeb9f80, item=18 [NR_FILE_MAPPED], delta=-1);
 0)               |            __mod_memcg_lruvec_state(pn=0xffff8f3081351e00, idx=18 [NR_FILE_MAPPED], val=-1) {
 0)   0.151 us    |              memcg_state_val_in_pages(idx=18, val=-1);
 0)   0.150 us    |              __css_rstat_updated(css=0xffff8f3081341b00, cpu=0);
 0)   0.832 us    |            }
 0)   0.160 us    |            __rcu_read_unlock();
 0)   2.155 us    |          }
 0)   2.495 us    |        }
 0)   0.161 us    |        _raw_spin_unlock(lock=0xfffff2a1000e2de8);
 0)   0.150 us    |        __rcu_read_unlock();
 0)   0.220 us    |        free_swap_cache(folio=0xfffff2a100fb7440);
 0) + 20.759 us   |      }
 0) + 22.512 us   |    }
 0)   0.151 us    |    __rcu_read_lock();
 0)   0.150 us    |    mem_cgroup_from_task(p=0xffff8f308368c400);
 0)               |    count_memcg_events(memcg=0xffff8f3081341b00, idx=23 [PGFAULT], count=0x1) {
 0)   0.150 us    |      __css_rstat_updated(css=0xffff8f3081341b00, cpu=0);
 0)   0.481 us    |    }
 0)   0.151 us    |    __rcu_read_unlock();
 0) + 24.606 us   |  }
 0)               |  lock_vma_under_rcu(mm=0xffff8f3081b4db00, address=0x7f4937e08000) {
 0)   0.161 us    |    __rcu_read_lock();
 0)   0.160 us    |    __rcu_read_unlock();
 0)   0.872 us    |  }
 0)               |  handle_mm_fault(vma=0xffff8f30831f80c0, address=0x7f4937e08000, flags=0x1255, regs=0xffffd26ac050ff48) {
 0)               |    __handle_mm_fault(vma=0xffff8f30831f80c0, address=0x7f4937e08000, flags=0x1255) {
 0)               |      pte_offset_map_rw_nolock(mm=0xffff8f3081b4db00, pmd=0xffff8f30838b4df8, addr=0x7f4937e08000, pmdvalp=0xffffd26ac050fde0, ptlp=0xffffd26ac050fe48) {
 0)               |        __pte_offset_map(pmd=0xffff8f30838b4df8, addr=0x7f4937e08000, pmdvalp=0xffffd26ac050fde0) {
 0)   0.161 us    |          __rcu_read_lock();
 0)   0.490 us    |        }
 0)   0.831 us    |      }
 0)   0.150 us    |      _raw_spin_lock(lock=0xfffff2a1000e2de8);
 0)               |      do_wp_page(vmf=0xffffd26ac050fde8) {
 0)   0.170 us    |        vm_normal_page(vma=0xffff8f30831f80c0, addr=0x7f4937e08000, pte=(STRUCT)[0x800000003edd2025]);
 0)   0.161 us    |        _raw_spin_unlock(lock=0xfffff2a1000e2de8);
 0)   0.151 us    |        __rcu_read_unlock();
 0)   0.150 us    |        __vmf_anon_prepare(vmf=0xffffd26ac050fde8);
 0)               |        vma_alloc_folio_noprof(gfp=0x100cca, order=0, vma=0xffff8f30831f80c0, addr=0x7f4937e08000) {
 0)               |          get_vma_policy(vma=0xffff8f30831f80c0, addr=0x7f4937e08000, order=0, ilx=0xffffd26ac050fcf8) {
 0)               |            shmem_get_policy(vma=0xffff8f30831f80c0, addr=0x7f4937e08000, ilx=0xffffd26ac050fcf8) {
 0)   0.160 us    |              mpol_shared_policy_lookup(sp=0xffff8f3081b60600, idx=0xfc);
 0)   0.491 us    |            }
 0)   0.842 us    |          }
 0)               |          alloc_pages_mpol(gfp=0x140cca, order=0x0, pol=0xffffffffb05b36a0, ilx=0xb, nid=0) {
 0)   0.160 us    |            policy_nodemask(gfp=0x140cca, pol=0xffffffffb05b36a0, ilx=0xb, nid=0xffffd26ac050fcc4);
 0)               |            __alloc_frozen_pages_noprof(gfp=0x140cca, order=0x0, preferred_nid=0, nodemask=0x0) {
 0)               |              get_page_from_freelist(gfp_mask=0x140cca, order=0x0, alloc_flags=2177, ac=0xffffd26ac050fc60) {
 0)   0.160 us    |                _raw_spin_trylock(lock=0xffff8f30bec38e80);
 0)   0.161 us    |                _raw_spin_unlock(lock=0xffff8f30bec38e80);
 0)   0.501 us    |                kernel_init_pages(page=0xfffff2a100634280, numpages=1);
 0)   1.563 us    |              }
 0)   1.914 us    |            }
 0)   2.585 us    |          }
 0)   3.937 us    |        }
 0)               |        __mem_cgroup_charge(folio=0xfffff2a100634280, mm=0xffff8f3081b4db00, gfp=0xcc0) {
 0)               |          get_mem_cgroup_from_mm(mm=0xffff8f3081b4db00) {
 0)   0.150 us    |            __rcu_read_lock();
 0)   0.160 us    |            __rcu_read_unlock();
 0)   0.901 us    |          }
 0)               |          charge_memcg(folio=0xfffff2a100634280, memcg=0xffff8f3081341b00, gfp=0xcc0) {
 0)   0.150 us    |            __rcu_read_lock();
 0)   0.160 us    |            __get_obj_cgroup_from_memcg(memcg=0xffff8f3081341b00);
 0)   0.160 us    |            __rcu_read_unlock();
 0)   1.162 us    |          }
 0)   2.555 us    |        }
 0)   0.161 us    |        __folio_throttle_swaprate(folio=0xfffff2a100634280, gfp=0xcc0);
 0)   0.301 us    |        copy_mc_to_kernel(dst=0xffff8f3098d0a000, src=0xffff8f30bedd2000, len=0x1000);
 0)               |        pte_offset_map_lock(mm=0xffff8f3081b4db00, pmd=0xffff8f30838b4df8, addr=0x7f4937e08000, ptlp=0xffffd26ac050fe48) {
 0)               |          __pte_offset_map(pmd=0xffff8f30838b4df8, addr=0x7f4937e08000, pmdvalp=0xffffd26ac050fce8) {
 0)   0.160 us    |            __rcu_read_lock();
 0)   0.491 us    |          }
 0)   0.149 us    |          _raw_spin_lock(lock=0xfffff2a1000e2de8);
 0)   1.162 us    |        }
 0)   0.149 us    |        pte_mkwrite(pte=(STRUCT)[0x8400000018d0a825], vma=0xffff8f30831f80c0);
 0)               |        ptep_clear_flush(vma=0xffff8f30831f80c0, address=0x7f4937e08000, ptep=0xffff8f30838b7040) {
 0)               |          flush_tlb_mm_range(mm=0xffff8f3081b4db00, start=0x7f4937e08000, end=0x7f4937e09000, stride_shift=0xc, freed_tables=0x0) {
 0)               |            flush_tlb_func(info=0xffff8f30bec32200) {
 0)   0.160 us    |              mm_needs_global_asid(mm=0xffff8f3081b4db00, asid=0x0);
 0)   0.181 us    |              native_flush_tlb_one_user(addr=0x7f4937e08000);
 0)   0.851 us    |            }
 0)   1.211 us    |          }
 0)   1.543 us    |        }
 0)               |        folio_add_new_anon_rmap(folio=0xfffff2a100634280, vma=0xffff8f30831f80c0, address=0x7f4937e08000, flags=1) {
 0)               |          __folio_mod_stat(folio=0xfffff2a100634280, nr=1, nr_pmdmapped=0) {
 0)               |            lruvec_stat_mod_folio(folio=0xfffff2a100634280, idx=17 [NR_ANON_MAPPED], val=1) {
 0)   0.161 us    |              __rcu_read_lock();
 0)   0.160 us    |              mod_node_page_state(pgdat=0xffff8f30bfeb9f80, item=17 [NR_ANON_MAPPED], delta=1);
 0)               |              __mod_memcg_lruvec_state(pn=0xffff8f3081351e00, idx=17 [NR_ANON_MAPPED], val=1) {
 0)   0.160 us    |                memcg_state_val_in_pages(idx=17, val=1);
 0)   0.160 us    |                __css_rstat_updated(css=0xffff8f3081341b00, cpu=0);
 0)   0.841 us    |              }
 0)   0.160 us    |              __rcu_read_unlock();
 0)   2.204 us    |            }
 0)   2.534 us    |          }
 0)   2.905 us    |        }
 0)               |        folio_add_lru_vma(folio=0xfffff2a100634280, vma=0xffff8f30831f80c0) {
 0)               |          folio_add_lru(folio=0xfffff2a100634280) {
 0)   0.161 us    |            __folio_batch_add_and_move(fbatch=0xffffffffb04dd240, folio=0xfffff2a100634280, move_fn=0xffffffffad6724a0, disable_irq=0x0);
 0)   0.480 us    |          }
 0)   0.811 us    |        }
 0)               |        folio_remove_rmap_ptes(folio=0xfffff2a100fb7480, page=0xfffff2a100fb7480, nr_pages=1, vma=0xffff8f30831f80c0) {
 0)               |          lruvec_stat_mod_folio(folio=0xfffff2a100fb7480, idx=18 [NR_FILE_MAPPED], val=4294967295) {
 0)   0.160 us    |            __rcu_read_lock();
 0)   0.150 us    |            mod_node_page_state(pgdat=0xffff8f30bfeb9f80, item=18 [NR_FILE_MAPPED], delta=-1);
 0)               |            __mod_memcg_lruvec_state(pn=0xffff8f3081351e00, idx=18 [NR_FILE_MAPPED], val=-1) {
 0)   0.160 us    |              memcg_state_val_in_pages(idx=18, val=-1);
 0)   0.150 us    |              __css_rstat_updated(css=0xffff8f3081341b00, cpu=0);
 0)   0.821 us    |            }
 0)   0.151 us    |            __rcu_read_unlock();
 0)   2.155 us    |          }
 0)   2.645 us    |        }
 0)   0.160 us    |        _raw_spin_unlock(lock=0xfffff2a1000e2de8);
 0)   0.160 us    |        __rcu_read_unlock();
 0)   0.171 us    |        free_swap_cache(folio=0xfffff2a100fb7480);
 0) + 20.589 us   |      }
 0) + 22.333 us   |    }
 0)   0.150 us    |    __rcu_read_lock();
 0)   0.151 us    |    mem_cgroup_from_task(p=0xffff8f308368c400);
 0)               |    count_memcg_events(memcg=0xffff8f3081341b00, idx=23 [PGFAULT], count=0x1) {
 0)   0.149 us    |      __css_rstat_updated(css=0xffff8f3081341b00, cpu=0);
 0)   0.491 us    |    }
 0)   0.151 us    |    __rcu_read_unlock();
 0) + 24.346 us   |  }
 0)               |  lock_vma_under_rcu(mm=0xffff8f3081b4db00, address=0x7f4937dc53d6) {
 0)   0.160 us    |    __rcu_read_lock();
 0)   0.150 us    |    __rcu_read_unlock();
 0)   0.891 us    |  }
 0)               |  handle_mm_fault(vma=0xffff8f30840b0e40, address=0x7f4937dc53d6, flags=0x1354, regs=0xffffd26ac050ff48) {
 0)               |    __handle_mm_fault(vma=0xffff8f30840b0e40, address=0x7f4937dc53d6, flags=0x1354) {
 0)               |      pte_offset_map_rw_nolock(mm=0xffff8f3081b4db00, pmd=0xffff8f30838b4df0, addr=0x7f4937dc5000, pmdvalp=0xffffd26ac050fde0, ptlp=0xffffd26ac050fe48) {
 0)               |        __pte_offset_map(pmd=0xffff8f30838b4df0, addr=0x7f4937dc5000, pmdvalp=0xffffd26ac050fde0) {
 0)   0.151 us    |          __rcu_read_lock();
 0)   0.481 us    |        }
 0)   0.822 us    |      }
 0)   0.150 us    |      __rcu_read_unlock();
 0)               |      do_fault(vmf=0xffffd26ac050fde8) {
 0)   0.161 us    |        __rcu_read_lock();
 0)               |        filemap_map_pages(vmf=0xffffd26ac050fde8, start_pgoff=0xb4, end_pgoff=0xc3) {
 0)   0.150 us    |          __rcu_read_lock();
 0)   0.229 us    |          next_uptodate_folio(xas=0xffffd26ac050fcf0, mapping=0xffff8f3081b607b0, end_pgoff=0xc3);
 0)               |          pte_offset_map_lock(mm=0xffff8f3081b4db00, pmd=0xffff8f30838b4df0, addr=0x7f4937dc0000, ptlp=0xffffd26ac050fe48) {
 0)               |            __pte_offset_map(pmd=0xffff8f30838b4df0, addr=0x7f4937dc0000, pmdvalp=0xffffd26ac050fc38) {
 0)   0.150 us    |              __rcu_read_lock();
 0)   0.481 us    |            }
 0)   0.150 us    |            _raw_spin_lock(lock=0xfffff2a1000d3fe8);
 0)   1.303 us    |          }
 0)               |          set_pte_range(vmf=0xffffd26ac050fde8, folio=0xfffff2a100fb5280, page=0xfffff2a100fb5280, nr=0x1, addr=0x7f4937dc0000) {
 0)   0.160 us    |            folio_add_file_rmap_ptes(folio=0xfffff2a100fb5280, page=0xfffff2a100fb5280, nr_pages=1, vma=0xffff8f30840b0e40);
 0)   0.531 us    |          }
 0)   0.160 us    |          next_uptodate_folio(xas=0xffffd26ac050fcf0, mapping=0xffff8f3081b607b0, end_pgoff=0xc3);
 0)               |          set_pte_range(vmf=0xffffd26ac050fde8, folio=0xfffff2a100fb52c0, page=0xfffff2a100fb52c0, nr=0x1, addr=0x7f4937dc1000) {
 0)   0.160 us    |            folio_add_file_rmap_ptes(folio=0xfffff2a100fb52c0, page=0xfffff2a100fb52c0, nr_pages=1, vma=0xffff8f30840b0e40);
 0)   0.521 us    |          }
 0)   0.171 us    |          next_uptodate_folio(xas=0xffffd26ac050fcf0, mapping=0xffff8f3081b607b0, end_pgoff=0xc3);
 0)               |          set_pte_range(vmf=0xffffd26ac050fde8, folio=0xfffff2a100fb5300, page=0xfffff2a100fb5300, nr=0x1, addr=0x7f4937dc2000) {
 0)   0.170 us    |            folio_add_file_rmap_ptes(folio=0xfffff2a100fb5300, page=0xfffff2a100fb5300, nr_pages=1, vma=0xffff8f30840b0e40);
 0)   0.521 us    |          }
 0)   0.171 us    |          next_uptodate_folio(xas=0xffffd26ac050fcf0, mapping=0xffff8f3081b607b0, end_pgoff=0xc3);
 0)               |          set_pte_range(vmf=0xffffd26ac050fde8, folio=0xfffff2a100fb5340, page=0xfffff2a100fb5340, nr=0x1, addr=0x7f4937dc3000) {
 0)   0.161 us    |            folio_add_file_rmap_ptes(folio=0xfffff2a100fb5340, page=0xfffff2a100fb5340, nr_pages=1, vma=0xffff8f30840b0e40);
 0)   0.510 us    |          }
 0)   0.160 us    |          next_uptodate_folio(xas=0xffffd26ac050fcf0, mapping=0xffff8f3081b607b0, end_pgoff=0xc3);
 0)               |          set_pte_range(vmf=0xffffd26ac050fde8, folio=0xfffff2a100fb5380, page=0xfffff2a100fb5380, nr=0x1, addr=0x7f4937dc4000) {
 0)   0.160 us    |            folio_add_file_rmap_ptes(folio=0xfffff2a100fb5380, page=0xfffff2a100fb5380, nr_pages=1, vma=0xffff8f30840b0e40);
 0)   0.512 us    |          }
 0)   0.161 us    |          next_uptodate_folio(xas=0xffffd26ac050fcf0, mapping=0xffff8f3081b607b0, end_pgoff=0xc3);
 0)               |          set_pte_range(vmf=0xffffd26ac050fde8, folio=0xfffff2a100fb53c0, page=0xfffff2a100fb53c0, nr=0x1, addr=0x7f4937dc5000) {
 0)   0.161 us    |            folio_add_file_rmap_ptes(folio=0xfffff2a100fb53c0, page=0xfffff2a100fb53c0, nr_pages=1, vma=0xffff8f30840b0e40);
 0)   0.510 us    |          }
 0)   0.160 us    |          next_uptodate_folio(xas=0xffffd26ac050fcf0, mapping=0xffff8f3081b607b0, end_pgoff=0xc3);
 0)               |          set_pte_range(vmf=0xffffd26ac050fde8, folio=0xfffff2a100fb5400, page=0xfffff2a100fb5400, nr=0x1, addr=0x7f4937dc6000) {
 0)   0.160 us    |            folio_add_file_rmap_ptes(folio=0xfffff2a100fb5400, page=0xfffff2a100fb5400, nr_pages=1, vma=0xffff8f30840b0e40);
 0)   0.512 us    |          }
 0)   0.160 us    |          next_uptodate_folio(xas=0xffffd26ac050fcf0, mapping=0xffff8f3081b607b0, end_pgoff=0xc3);
 0)               |          set_pte_range(vmf=0xffffd26ac050fde8, folio=0xfffff2a100fb5440, page=0xfffff2a100fb5440, nr=0x1, addr=0x7f4937dc7000) {
 0)   0.160 us    |            folio_add_file_rmap_ptes(folio=0xfffff2a100fb5440, page=0xfffff2a100fb5440, nr_pages=1, vma=0xffff8f30840b0e40);
 0)   0.510 us    |          }
 0)   0.160 us    |          next_uptodate_folio(xas=0xffffd26ac050fcf0, mapping=0xffff8f3081b607b0, end_pgoff=0xc3);
 0)               |          set_pte_range(vmf=0xffffd26ac050fde8, folio=0xfffff2a100fb5480, page=0xfffff2a100fb5480, nr=0x1, addr=0x7f4937dc8000) {
 0)   0.160 us    |            folio_add_file_rmap_ptes(folio=0xfffff2a100fb5480, page=0xfffff2a100fb5480, nr_pages=1, vma=0xffff8f30840b0e40);
 0)   0.501 us    |          }
 0)   0.171 us    |          next_uptodate_folio(xas=0xffffd26ac050fcf0, mapping=0xffff8f3081b607b0, end_pgoff=0xc3);
 0)               |          set_pte_range(vmf=0xffffd26ac050fde8, folio=0xfffff2a100fb54c0, page=0xfffff2a100fb54c0, nr=0x1, addr=0x7f4937dc9000) {
 0)   0.160 us    |            folio_add_file_rmap_ptes(folio=0xfffff2a100fb54c0, page=0xfffff2a100fb54c0, nr_pages=1, vma=0xffff8f30840b0e40);
 0)   0.512 us    |          }
 0)   0.160 us    |          next_uptodate_folio(xas=0xffffd26ac050fcf0, mapping=0xffff8f3081b607b0, end_pgoff=0xc3);
 0)               |          set_pte_range(vmf=0xffffd26ac050fde8, folio=0xfffff2a100fb5500, page=0xfffff2a100fb5500, nr=0x1, addr=0x7f4937dca000) {
 0)   0.160 us    |            folio_add_file_rmap_ptes(folio=0xfffff2a100fb5500, page=0xfffff2a100fb5500, nr_pages=1, vma=0xffff8f30840b0e40);
 0)   0.650 us    |          }
 0)   0.170 us    |          next_uptodate_folio(xas=0xffffd26ac050fcf0, mapping=0xffff8f3081b607b0, end_pgoff=0xc3);
 0)               |          set_pte_range(vmf=0xffffd26ac050fde8, folio=0xfffff2a100fb5540, page=0xfffff2a100fb5540, nr=0x1, addr=0x7f4937dcb000) {
 0)   0.170 us    |            folio_add_file_rmap_ptes(folio=0xfffff2a100fb5540, page=0xfffff2a100fb5540, nr_pages=1, vma=0xffff8f30840b0e40);
 0)   0.541 us    |          }
 0)   0.210 us    |          next_uptodate_folio(xas=0xffffd26ac050fcf0, mapping=0xffff8f3081b607b0, end_pgoff=0xc3);
 0)               |          set_pte_range(vmf=0xffffd26ac050fde8, folio=0xfffff2a100fb5580, page=0xfffff2a100fb5580, nr=0x1, addr=0x7f4937dcc000) {
 0)   0.160 us    |            folio_add_file_rmap_ptes(folio=0xfffff2a100fb5580, page=0xfffff2a100fb5580, nr_pages=1, vma=0xffff8f30840b0e40);
 0)   0.510 us    |          }
 0)   0.160 us    |          next_uptodate_folio(xas=0xffffd26ac050fcf0, mapping=0xffff8f3081b607b0, end_pgoff=0xc3);
 0)               |          set_pte_range(vmf=0xffffd26ac050fde8, folio=0xfffff2a100fb55c0, page=0xfffff2a100fb55c0, nr=0x1, addr=0x7f4937dcd000) {
 0)   0.160 us    |            folio_add_file_rmap_ptes(folio=0xfffff2a100fb55c0, page=0xfffff2a100fb55c0, nr_pages=1, vma=0xffff8f30840b0e40);
 0)   0.521 us    |          }
 0)   0.160 us    |          next_uptodate_folio(xas=0xffffd26ac050fcf0, mapping=0xffff8f3081b607b0, end_pgoff=0xc3);
 0)               |          set_pte_range(vmf=0xffffd26ac050fde8, folio=0xfffff2a100fb5600, page=0xfffff2a100fb5600, nr=0x1, addr=0x7f4937dce000) {
 0)   0.160 us    |            folio_add_file_rmap_ptes(folio=0xfffff2a100fb5600, page=0xfffff2a100fb5600, nr_pages=1, vma=0xffff8f30840b0e40);
 0)   0.512 us    |          }
 0)   0.160 us    |          next_uptodate_folio(xas=0xffffd26ac050fcf0, mapping=0xffff8f3081b607b0, end_pgoff=0xc3);
 0)               |          set_pte_range(vmf=0xffffd26ac050fde8, folio=0xfffff2a100fb5640, page=0xfffff2a100fb5640, nr=0x1, addr=0x7f4937dcf000) {
 0)   0.160 us    |            folio_add_file_rmap_ptes(folio=0xfffff2a100fb5640, page=0xfffff2a100fb5640, nr_pages=1, vma=0xffff8f30840b0e40);
 0)   0.510 us    |          }
 0)   0.181 us    |          next_uptodate_folio(xas=0xffffd26ac050fcf0, mapping=0xffff8f3081b607b0, end_pgoff=0xc3);
 0)   0.149 us    |          mm_trace_rss_stat(mm=0xffff8f3081b4db00, member=3);
 0)   0.160 us    |          _raw_spin_unlock(lock=0xfffff2a1000d3fe8);
 0)   0.160 us    |          __rcu_read_unlock();
 0)   0.160 us    |          __rcu_read_unlock();
 0) + 20.548 us   |        }
 0)   0.151 us    |        __rcu_read_unlock();
 0) + 21.580 us   |      }
 0) + 23.334 us   |    }
 0)   0.149 us    |    __rcu_read_lock();
 0)   0.151 us    |    mem_cgroup_from_task(p=0xffff8f308368c400);
 0)               |    count_memcg_events(memcg=0xffff8f3081341b00, idx=23 [PGFAULT], count=0x1) {
 0)   0.161 us    |      __css_rstat_updated(css=0xffff8f3081341b00, cpu=0);
 0)   0.501 us    |    }
 0)   0.150 us    |    __rcu_read_unlock();
 0) + 25.357 us   |  }
 0)               |  lock_vma_under_rcu(mm=0xffff8f3081b4db00, address=0x7f4937e0aff0) {
 0)   0.151 us    |    __rcu_read_lock();
 0)   0.160 us    |    __rcu_read_unlock();
 0)   1.011 us    |  }
 0)               |  handle_mm_fault(vma=0xffff8f30831f8780, address=0x7f4937e0aff0, flags=0x1255, regs=0xffffd26ac050ff48) {
 0)               |    __handle_mm_fault(vma=0xffff8f30831f8780, address=0x7f4937e0aff0, flags=0x1255) {
 0)               |      pte_offset_map_rw_nolock(mm=0xffff8f3081b4db00, pmd=0xffff8f30838b4df8, addr=0x7f4937e0a000, pmdvalp=0xffffd26ac050fde0, ptlp=0xffffd26ac050fe48) {
 0)               |        __pte_offset_map(pmd=0xffff8f30838b4df8, addr=0x7f4937e0a000, pmdvalp=0xffffd26ac050fde0) {
 0)   0.161 us    |          __rcu_read_lock();
 0)   0.491 us    |        }
 0)   0.821 us    |      }
 0)   0.151 us    |      __rcu_read_unlock();
 0)               |      do_anonymous_page(vmf=0xffffd26ac050fde8) {
 0)               |        __vmf_anon_prepare(vmf=0xffffd26ac050fde8) {
 0)   0.161 us    |          down_read_trylock(sem=0xffff8f3081b4dc90);
 0)               |          __anon_vma_prepare(vma=0xffff8f30831f8780) {
 0)   0.221 us    |            kmem_cache_alloc_noprof(s=0xffff8f3081274700, gfpflags=0xcc0);
 0)               |            find_mergeable_anon_vma(vma=0xffff8f30831f8780) {
 0)   0.180 us    |              anon_vma_compatible(a=0xffff8f30831f80c0, b=0xffff8f30831f8780);
 0)   0.611 us    |            }
 0)   0.160 us    |            kmem_cache_alloc_noprof(s=0xffff8f3081274800, gfpflags=0xcc0);
 0)   0.151 us    |            down_write(sem=0xffff8f3083274908);
 0)   0.160 us    |            _raw_spin_lock(lock=0xffff8f3081b4dc8c);
 0)   0.160 us    |            anon_vma_interval_tree_insert(node=0xffff8f30840c6980, root=0xffff8f3083274948);
 0)   0.160 us    |            _raw_spin_unlock(lock=0xffff8f3081b4dc8c);
 0)   0.151 us    |            up_write(sem=0xffff8f3083274908);
 0)   3.416 us    |          }
 0)   0.151 us    |          up_read(sem=0xffff8f3081b4dc90);
 0)   4.468 us    |        }
 0)               |        vma_alloc_folio_noprof(gfp=0x100dca, order=0, vma=0xffff8f30831f8780, addr=0x7f4937e0a000) {
 0)   0.170 us    |          get_vma_policy(vma=0xffff8f30831f8780, addr=0x7f4937e0a000, order=0, ilx=0xffffd26ac050fd30);
 0)               |          alloc_pages_mpol(gfp=0x140dca, order=0x0, pol=0xffffffffb05b36a0, ilx=0x0, nid=0) {
 0)   0.190 us    |            policy_nodemask(gfp=0x140dca, pol=0xffffffffb05b36a0, ilx=0x0, nid=0xffffd26ac050fcfc);
 0)               |            __alloc_frozen_pages_noprof(gfp=0x140dca, order=0x0, preferred_nid=0, nodemask=0x0) {
 0)               |              get_page_from_freelist(gfp_mask=0x140dca, order=0x0, alloc_flags=2177, ac=0xffffd26ac050fc98) {
 0)   0.160 us    |                _raw_spin_trylock(lock=0xffff8f30bec38e80);
 0)   0.160 us    |                _raw_spin_unlock(lock=0xffff8f30bec38e80);
 0)   0.510 us    |                kernel_init_pages(page=0xfffff2a100139380, numpages=1);
 0)   1.683 us    |              }
 0)   2.044 us    |            }
 0)   2.756 us    |          }
 0)   3.446 us    |        }
 0)               |        __mem_cgroup_charge(folio=0xfffff2a100139380, mm=0xffff8f3081b4db00, gfp=0xcc0) {
 0)               |          get_mem_cgroup_from_mm(mm=0xffff8f3081b4db00) {
 0)   0.160 us    |            __rcu_read_lock();
 0)   0.151 us    |            __rcu_read_unlock();
 0)   0.851 us    |          }
 0)               |          charge_memcg(folio=0xfffff2a100139380, memcg=0xffff8f3081341b00, gfp=0xcc0) {
 0)   0.161 us    |            __rcu_read_lock();
 0)   0.170 us    |            __get_obj_cgroup_from_memcg(memcg=0xffff8f3081341b00);
 0)   0.160 us    |            __rcu_read_unlock();
 0)   1.182 us    |          }
 0)   2.685 us    |        }
 0)   0.161 us    |        __folio_throttle_swaprate(folio=0xfffff2a100139380, gfp=0xcc0);
 0)               |        pte_offset_map_lock(mm=0xffff8f3081b4db00, pmd=0xffff8f30838b4df8, addr=0x7f4937e0a000, ptlp=0xffffd26ac050fe48) {
 0)               |          __pte_offset_map(pmd=0xffff8f30838b4df8, addr=0x7f4937e0a000, pmdvalp=0xffffd26ac050fd20) {
 0)   0.150 us    |            __rcu_read_lock();
 0)   0.490 us    |          }
 0)   0.150 us    |          _raw_spin_lock(lock=0xfffff2a1000e2de8);
 0)   1.162 us    |        }
 0)               |        map_anon_folio_pte_nopf(folio=0xfffff2a100139380, pte=0xffff8f30838b7050, vma=0xffff8f30831f8780, addr=0x7f4937e0a000, uffd_wp=0x0) {
 0)   0.151 us    |          pte_mkwrite(pte=(STRUCT)[0x8400000004e4e825], vma=0xffff8f30831f8780);
 0)               |          folio_add_new_anon_rmap(folio=0xfffff2a100139380, vma=0xffff8f30831f8780, address=0x7f4937e0a000, flags=1) {
 0)               |            __folio_mod_stat(folio=0xfffff2a100139380, nr=1, nr_pmdmapped=0) {
 0)               |              lruvec_stat_mod_folio(folio=0xfffff2a100139380, idx=17 [NR_ANON_MAPPED], val=1) {
 0)   0.150 us    |                __rcu_read_lock();
 0)   0.160 us    |                mod_node_page_state(pgdat=0xffff8f30bfeb9f80, item=17 [NR_ANON_MAPPED], delta=1);
 0)               |                __mod_memcg_lruvec_state(pn=0xffff8f3081351e00, idx=17 [NR_ANON_MAPPED], val=1) {
 0)   0.160 us    |                  memcg_state_val_in_pages(idx=17, val=1);
 0)   0.161 us    |                  __css_rstat_updated(css=0xffff8f3081341b00, cpu=0);
 0)   0.832 us    |                }
 0)   0.150 us    |                __rcu_read_unlock();
 0)   2.164 us    |              }
 0)   2.505 us    |            }
 0)   2.845 us    |          }
 0)               |          folio_add_lru_vma(folio=0xfffff2a100139380, vma=0xffff8f30831f8780) {
 0)               |            folio_add_lru(folio=0xfffff2a100139380) {
 0)   0.160 us    |              __folio_batch_add_and_move(fbatch=0xffffffffb04dd240, folio=0xfffff2a100139380, move_fn=0xffffffffad6724a0, disable_irq=0x0);
 0)   0.481 us    |            }
 0)   0.821 us    |          }
 0)   4.548 us    |        }
 0)   0.160 us    |        _raw_spin_unlock(lock=0xfffff2a1000e2de8);
 0)   0.160 us    |        __rcu_read_unlock();
 0) + 18.434 us   |      }
 0) + 20.178 us   |    }
 0)   0.151 us    |    __rcu_read_lock();
 0)   0.150 us    |    mem_cgroup_from_task(p=0xffff8f308368c400);
 0)               |    count_memcg_events(memcg=0xffff8f3081341b00, idx=23 [PGFAULT], count=0x1) {
 0)   0.151 us    |      __css_rstat_updated(css=0xffff8f3081341b00, cpu=0);
 0)   0.491 us    |    }
 0)   0.160 us    |    __rcu_read_unlock();
 0) + 22.191 us   |  }
 0)               |  lock_vma_under_rcu(mm=0xffff8f3081b4db00, address=0x7f4937e0b030) {
 0)   0.170 us    |    __rcu_read_lock();
 0)   0.150 us    |    __rcu_read_unlock();
 0)   0.952 us    |  }
 0)               |  handle_mm_fault(vma=0xffff8f30831f8780, address=0x7f4937e0b030, flags=0x1255, regs=0xffffd26ac050ff48) {
 0)               |    __handle_mm_fault(vma=0xffff8f30831f8780, address=0x7f4937e0b030, flags=0x1255) {
 0)               |      pte_offset_map_rw_nolock(mm=0xffff8f3081b4db00, pmd=0xffff8f30838b4df8, addr=0x7f4937e0b000, pmdvalp=0xffffd26ac050fde0, ptlp=0xffffd26ac050fe48) {
 0)               |        __pte_offset_map(pmd=0xffff8f30838b4df8, addr=0x7f4937e0b000, pmdvalp=0xffffd26ac050fde0) {
 0)   0.151 us    |          __rcu_read_lock();
 0)   0.481 us    |        }
 0)   0.842 us    |      }
 0)   0.161 us    |      __rcu_read_unlock();
 0)               |      do_anonymous_page(vmf=0xffffd26ac050fde8) {
 0)   0.160 us    |        __vmf_anon_prepare(vmf=0xffffd26ac050fde8);
 0)               |        vma_alloc_folio_noprof(gfp=0x100dca, order=0, vma=0xffff8f30831f8780, addr=0x7f4937e0b000) {
 0)   0.161 us    |          get_vma_policy(vma=0xffff8f30831f8780, addr=0x7f4937e0b000, order=0, ilx=0xffffd26ac050fd30);
 0)               |          alloc_pages_mpol(gfp=0x140dca, order=0x0, pol=0xffffffffb05b36a0, ilx=0x0, nid=0) {
 0)   0.160 us    |            policy_nodemask(gfp=0x140dca, pol=0xffffffffb05b36a0, ilx=0x0, nid=0xffffd26ac050fcfc);
 0)               |            __alloc_frozen_pages_noprof(gfp=0x140dca, order=0x0, preferred_nid=0, nodemask=0x0) {
 0)               |              get_page_from_freelist(gfp_mask=0x140dca, order=0x0, alloc_flags=2177, ac=0xffffd26ac050fc98) {
 0)   0.161 us    |                _raw_spin_trylock(lock=0xffff8f30bec38e80);
 0)   0.160 us    |                _raw_spin_unlock(lock=0xffff8f30bec38e80);
 0)   0.391 us    |                kernel_init_pages(page=0xfffff2a100633680, numpages=1);
 0)   1.553 us    |              }
 0)   1.914 us    |            }
 0)   2.585 us    |          }
 0)   3.266 us    |        }
 0)               |        __mem_cgroup_charge(folio=0xfffff2a100633680, mm=0xffff8f3081b4db00, gfp=0xcc0) {
 0)               |          get_mem_cgroup_from_mm(mm=0xffff8f3081b4db00) {
 0)   0.161 us    |            __rcu_read_lock();
 0)   0.161 us    |            __rcu_read_unlock();
 0)   0.832 us    |          }
 0)               |          charge_memcg(folio=0xfffff2a100633680, memcg=0xffff8f3081341b00, gfp=0xcc0) {
 0)   0.150 us    |            __rcu_read_lock();
 0)   0.171 us    |            __get_obj_cgroup_from_memcg(memcg=0xffff8f3081341b00);
 0)   0.150 us    |            __rcu_read_unlock();
 0)   1.163 us    |          }
 0)   2.514 us    |        }
 0)   0.151 us    |        __folio_throttle_swaprate(folio=0xfffff2a100633680, gfp=0xcc0);
 0)               |        pte_offset_map_lock(mm=0xffff8f3081b4db00, pmd=0xffff8f30838b4df8, addr=0x7f4937e0b000, ptlp=0xffffd26ac050fe48) {
 0)               |          __pte_offset_map(pmd=0xffff8f30838b4df8, addr=0x7f4937e0b000, pmdvalp=0xffffd26ac050fd20) {
 0)   0.151 us    |            __rcu_read_lock();
 0)   0.480 us    |          }
 0)   0.150 us    |          _raw_spin_lock(lock=0xfffff2a1000e2de8);
 0)   1.162 us    |        }
 0)               |        map_anon_folio_pte_nopf(folio=0xfffff2a100633680, pte=0xffff8f30838b7058, vma=0xffff8f30831f8780, addr=0x7f4937e0b000, uffd_wp=0x0) {
 0)   0.150 us    |          pte_mkwrite(pte=(STRUCT)[0x8400000018cda825], vma=0xffff8f30831f8780);
 0)               |          folio_add_new_anon_rmap(folio=0xfffff2a100633680, vma=0xffff8f30831f8780, address=0x7f4937e0b000, flags=1) {
 0)               |            __folio_mod_stat(folio=0xfffff2a100633680, nr=1, nr_pmdmapped=0) {
 0)               |              lruvec_stat_mod_folio(folio=0xfffff2a100633680, idx=17 [NR_ANON_MAPPED], val=1) {
 0)   0.150 us    |                __rcu_read_lock();
 0)   0.160 us    |                mod_node_page_state(pgdat=0xffff8f30bfeb9f80, item=17 [NR_ANON_MAPPED], delta=1);
 0)               |                __mod_memcg_lruvec_state(pn=0xffff8f3081351e00, idx=17 [NR_ANON_MAPPED], val=1) {
 0)   0.150 us    |                  memcg_state_val_in_pages(idx=17, val=1);
 0)   0.160 us    |                  __css_rstat_updated(css=0xffff8f3081341b00, cpu=0);
 0)   0.831 us    |                }
 0)   0.160 us    |                __rcu_read_unlock();
 0)   2.184 us    |              }
 0)   2.515 us    |            }
 0)   2.845 us    |          }
 0)               |          folio_add_lru_vma(folio=0xfffff2a100633680, vma=0xffff8f30831f8780) {
 0)               |            folio_add_lru(folio=0xfffff2a100633680) {
 0)   0.161 us    |              __folio_batch_add_and_move(fbatch=0xffffffffb04dd240, folio=0xfffff2a100633680, move_fn=0xffffffffad6724a0, disable_irq=0x0);
 0)   0.491 us    |            }
 0)   0.821 us    |          }
 0)   4.549 us    |        }
 0)   0.161 us    |        _raw_spin_unlock(lock=0xfffff2a1000e2de8);
 0)   0.150 us    |        __rcu_read_unlock();
 0) + 14.096 us   |      }
 0) + 15.839 us   |    }
 0)   0.150 us    |    __rcu_read_lock();
 0)   0.150 us    |    mem_cgroup_from_task(p=0xffff8f308368c400);
 0)               |    count_memcg_events(memcg=0xffff8f3081341b00, idx=23 [PGFAULT], count=0x1) {
 0)   0.160 us    |      __css_rstat_updated(css=0xffff8f3081341b00, cpu=0);
 0)   0.481 us    |    }
 0)   0.151 us    |    __rcu_read_unlock();
 0) + 17.844 us   |  }
 0)               |  lock_vma_under_rcu(mm=0xffff8f3081b4db00, address=0x7f4937dd3550) {
 0)   0.150 us    |    __rcu_read_lock();
 0)   0.149 us    |    __rcu_read_unlock();
 0)   0.891 us    |  }
 0)               |  handle_mm_fault(vma=0xffff8f30840b0e40, address=0x7f4937dd3550, flags=0x1354, regs=0xffffd26ac050ff48) {
 0)               |    __handle_mm_fault(vma=0xffff8f30840b0e40, address=0x7f4937dd3550, flags=0x1354) {
 0)               |      pte_offset_map_rw_nolock(mm=0xffff8f3081b4db00, pmd=0xffff8f30838b4df0, addr=0x7f4937dd3000, pmdvalp=0xffffd26ac050fde0, ptlp=0xffffd26ac050fe48) {
 0)               |        __pte_offset_map(pmd=0xffff8f30838b4df0, addr=0x7f4937dd3000, pmdvalp=0xffffd26ac050fde0) {
 0)   0.160 us    |          __rcu_read_lock();
 0)   0.492 us    |        }
 0)   0.822 us    |      }
 0)   0.150 us    |      __rcu_read_unlock();
 0)               |      do_fault(vmf=0xffffd26ac050fde8) {
 0)   0.301 us    |        __rcu_read_lock();
 0)               |        filemap_map_pages(vmf=0xffffd26ac050fde8, start_pgoff=0xc4, end_pgoff=0xca) {
 0)   0.150 us    |          __rcu_read_lock();
 0)   0.200 us    |          next_uptodate_folio(xas=0xffffd26ac050fcf0, mapping=0xffff8f3081b607b0, end_pgoff=0xca);
 0)               |          pte_offset_map_lock(mm=0xffff8f3081b4db00, pmd=0xffff8f30838b4df0, addr=0x7f4937dd0000, ptlp=0xffffd26ac050fe48) {
 0)               |            __pte_offset_map(pmd=0xffff8f30838b4df0, addr=0x7f4937dd0000, pmdvalp=0xffffd26ac050fc38) {
 0)   0.160 us    |              __rcu_read_lock();
 0)   0.491 us    |            }
 0)   0.161 us    |            _raw_spin_lock(lock=0xfffff2a1000d3fe8);
 0)   1.153 us    |          }
 0)               |          set_pte_range(vmf=0xffffd26ac050fde8, folio=0xfffff2a100fb5680, page=0xfffff2a100fb5680, nr=0x1, addr=0x7f4937dd0000) {
 0)   0.160 us    |            folio_add_file_rmap_ptes(folio=0xfffff2a100fb5680, page=0xfffff2a100fb5680, nr_pages=1, vma=0xffff8f30840b0e40);
 0)   0.531 us    |          }
 0)   0.160 us    |          next_uptodate_folio(xas=0xffffd26ac050fcf0, mapping=0xffff8f3081b607b0, end_pgoff=0xca);
 0)               |          set_pte_range(vmf=0xffffd26ac050fde8, folio=0xfffff2a100fb56c0, page=0xfffff2a100fb56c0, nr=0x1, addr=0x7f4937dd1000) {
 0)   0.160 us    |            folio_add_file_rmap_ptes(folio=0xfffff2a100fb56c0, page=0xfffff2a100fb56c0, nr_pages=1, vma=0xffff8f30840b0e40);
 0)   0.521 us    |          }
 0)   0.160 us    |          next_uptodate_folio(xas=0xffffd26ac050fcf0, mapping=0xffff8f3081b607b0, end_pgoff=0xca);
 0)               |          set_pte_range(vmf=0xffffd26ac050fde8, folio=0xfffff2a100fb5700, page=0xfffff2a100fb5700, nr=0x1, addr=0x7f4937dd2000) {
 0)   0.160 us    |            folio_add_file_rmap_ptes(folio=0xfffff2a100fb5700, page=0xfffff2a100fb5700, nr_pages=1, vma=0xffff8f30840b0e40);
 0)   0.511 us    |          }
 0)   0.171 us    |          next_uptodate_folio(xas=0xffffd26ac050fcf0, mapping=0xffff8f3081b607b0, end_pgoff=0xca);
 0)               |          set_pte_range(vmf=0xffffd26ac050fde8, folio=0xfffff2a100fb5740, page=0xfffff2a100fb5740, nr=0x1, addr=0x7f4937dd3000) {
 0)   0.160 us    |            folio_add_file_rmap_ptes(folio=0xfffff2a100fb5740, page=0xfffff2a100fb5740, nr_pages=1, vma=0xffff8f30840b0e40);
 0)   0.501 us    |          }
 0)   0.161 us    |          next_uptodate_folio(xas=0xffffd26ac050fcf0, mapping=0xffff8f3081b607b0, end_pgoff=0xca);
 0)               |          set_pte_range(vmf=0xffffd26ac050fde8, folio=0xfffff2a100fb5780, page=0xfffff2a100fb5780, nr=0x1, addr=0x7f4937dd4000) {
 0)   0.161 us    |            folio_add_file_rmap_ptes(folio=0xfffff2a100fb5780, page=0xfffff2a100fb5780, nr_pages=1, vma=0xffff8f30840b0e40);
 0)   0.511 us    |          }
 0)   0.160 us    |          next_uptodate_folio(xas=0xffffd26ac050fcf0, mapping=0xffff8f3081b607b0, end_pgoff=0xca);
 0)               |          set_pte_range(vmf=0xffffd26ac050fde8, folio=0xfffff2a100fb57c0, page=0xfffff2a100fb57c0, nr=0x1, addr=0x7f4937dd5000) {
 0)   0.160 us    |            folio_add_file_rmap_ptes(folio=0xfffff2a100fb57c0, page=0xfffff2a100fb57c0, nr_pages=1, vma=0xffff8f30840b0e40);
 0)   0.501 us    |          }
 0)   0.160 us    |          next_uptodate_folio(xas=0xffffd26ac050fcf0, mapping=0xffff8f3081b607b0, end_pgoff=0xca);
 0)               |          set_pte_range(vmf=0xffffd26ac050fde8, folio=0xfffff2a100fb5800, page=0xfffff2a100fb5800, nr=0x1, addr=0x7f4937dd6000) {
 0)   0.161 us    |            folio_add_file_rmap_ptes(folio=0xfffff2a100fb5800, page=0xfffff2a100fb5800, nr_pages=1, vma=0xffff8f30840b0e40);
 0)   0.512 us    |          }
 0)   0.170 us    |          next_uptodate_folio(xas=0xffffd26ac050fcf0, mapping=0xffff8f3081b607b0, end_pgoff=0xca);
 0)   0.161 us    |          mm_trace_rss_stat(mm=0xffff8f3081b4db00, member=3);
 0)   0.160 us    |          _raw_spin_unlock(lock=0xfffff2a1000d3fe8);
 0)   0.150 us    |          __rcu_read_unlock();
 0)   0.421 us    |          __rcu_read_unlock();
 0) + 11.080 us   |        }
 0)   0.151 us    |        __rcu_read_unlock();
 0) + 12.263 us   |      }
 0) + 13.996 us   |    }
 0)   0.149 us    |    __rcu_read_lock();
 0)   0.150 us    |    mem_cgroup_from_task(p=0xffff8f308368c400);
 0)               |    count_memcg_events(memcg=0xffff8f3081341b00, idx=23 [PGFAULT], count=0x1) {
 0)   0.150 us    |      __css_rstat_updated(css=0xffff8f3081341b00, cpu=0);
 0)   0.501 us    |    }
 0)   0.160 us    |    __rcu_read_unlock();
 0) + 16.030 us   |  }
 0)               |  __x64_sys_arch_prctl(regs=0xffffd26ac050ff48) {
 0)   0.211 us    |    do_arch_prctl_64(task=0xffff8f308368c400, option=4098, arg2=0x7f4937e0a738);
 0)   0.551 us    |  }
 0)               |  __x64_sys_set_tid_address(regs=0xffffd26ac050ff48) {
 0)               |    __task_pid_nr_ns(task=0xffff8f308368c400, type=0 [PIDTYPE_PID], ns=0x0) {
 0)   0.150 us    |      __rcu_read_lock();
 0)   0.160 us    |      __rcu_read_unlock();
 0)   0.881 us    |    }
 0)   1.343 us    |  }
 0)               |  lock_vma_under_rcu(mm=0xffff8f3081b4db00, address=0x7f4937d0d000) {
 0)   0.151 us    |    __rcu_read_lock();
 0)   0.161 us    |    __rcu_read_unlock();
 0)   0.942 us    |  }
 0)               |  handle_mm_fault(vma=0xffff8f30840b0e40, address=0x7f4937d0d000, flags=0x1354, regs=0xffffd26ac050ff48) {
 0)               |    __handle_mm_fault(vma=0xffff8f30840b0e40, address=0x7f4937d0d000, flags=0x1354) {
 0)               |      pte_offset_map_rw_nolock(mm=0xffff8f3081b4db00, pmd=0xffff8f30838b4df0, addr=0x7f4937d0d000, pmdvalp=0xffffd26ac050fde0, ptlp=0xffffd26ac050fe48) {
 0)               |        __pte_offset_map(pmd=0xffff8f30838b4df0, addr=0x7f4937d0d000, pmdvalp=0xffffd26ac050fde0) {
 0)   0.151 us    |          __rcu_read_lock();
 0)   0.481 us    |        }
 0)   0.822 us    |      }
 0)   0.160 us    |      __rcu_read_unlock();
 0)               |      do_fault(vmf=0xffffd26ac050fde8) {
 0)   0.160 us    |        __rcu_read_lock();
 0)               |        filemap_map_pages(vmf=0xffffd26ac050fde8, start_pgoff=0x1, end_pgoff=0x10) {
 0)   0.150 us    |          __rcu_read_lock();
 0)   0.201 us    |          next_uptodate_folio(xas=0xffffd26ac050fcf0, mapping=0xffff8f3081b607b0, end_pgoff=0x10);
 0)               |          pte_offset_map_lock(mm=0xffff8f3081b4db00, pmd=0xffff8f30838b4df0, addr=0x7f4937d0d000, ptlp=0xffffd26ac050fe48) {
 0)               |            __pte_offset_map(pmd=0xffff8f30838b4df0, addr=0x7f4937d0d000, pmdvalp=0xffffd26ac050fc38) {
 0)   0.150 us    |              __rcu_read_lock();
 0)   0.481 us    |            }
 0)   0.150 us    |            _raw_spin_lock(lock=0xfffff2a1000d3fe8);
 0)   1.151 us    |          }
 0)               |          set_pte_range(vmf=0xffffd26ac050fde8, folio=0xfffff2a1007215c0, page=0xfffff2a1007215c0, nr=0x1, addr=0x7f4937d0d000) {
 0)   0.301 us    |            folio_add_file_rmap_ptes(folio=0xfffff2a1007215c0, page=0xfffff2a1007215c0, nr_pages=1, vma=0xffff8f30840b0e40);
 0)   0.671 us    |          }
 0)   0.160 us    |          next_uptodate_folio(xas=0xffffd26ac050fcf0, mapping=0xffff8f3081b607b0, end_pgoff=0x10);
 0)               |          set_pte_range(vmf=0xffffd26ac050fde8, folio=0xfffff2a100721600, page=0xfffff2a100721600, nr=0x1, addr=0x7f4937d0e000) {
 0)   0.160 us    |            folio_add_file_rmap_ptes(folio=0xfffff2a100721600, page=0xfffff2a100721600, nr_pages=1, vma=0xffff8f30840b0e40);
 0)   0.511 us    |          }
 0)   0.160 us    |          next_uptodate_folio(xas=0xffffd26ac050fcf0, mapping=0xffff8f3081b607b0, end_pgoff=0x10);
 0)               |          set_pte_range(vmf=0xffffd26ac050fde8, folio=0xfffff2a100721640, page=0xfffff2a100721640, nr=0x1, addr=0x7f4937d0f000) {
 0)   0.160 us    |            folio_add_file_rmap_ptes(folio=0xfffff2a100721640, page=0xfffff2a100721640, nr_pages=1, vma=0xffff8f30840b0e40);
 0)   0.511 us    |          }
 0)   0.160 us    |          next_uptodate_folio(xas=0xffffd26ac050fcf0, mapping=0xffff8f3081b607b0, end_pgoff=0x10);
 0)   0.170 us    |          next_uptodate_folio(xas=0xffffd26ac050fcf0, mapping=0xffff8f3081b607b0, end_pgoff=0x10);
 0)   0.161 us    |          next_uptodate_folio(xas=0xffffd26ac050fcf0, mapping=0xffff8f3081b607b0, end_pgoff=0x10);
 0)   0.151 us    |          next_uptodate_folio(xas=0xffffd26ac050fcf0, mapping=0xffff8f3081b607b0, end_pgoff=0x10);
 0)   0.160 us    |          next_uptodate_folio(xas=0xffffd26ac050fcf0, mapping=0xffff8f3081b607b0, end_pgoff=0x10);
 0)   0.160 us    |          next_uptodate_folio(xas=0xffffd26ac050fcf0, mapping=0xffff8f3081b607b0, end_pgoff=0x10);
 0)   0.160 us    |          next_uptodate_folio(xas=0xffffd26ac050fcf0, mapping=0xffff8f3081b607b0, end_pgoff=0x10);
 0)   0.160 us    |          next_uptodate_folio(xas=0xffffd26ac050fcf0, mapping=0xffff8f3081b607b0, end_pgoff=0x10);
 0)   0.160 us    |          next_uptodate_folio(xas=0xffffd26ac050fcf0, mapping=0xffff8f3081b607b0, end_pgoff=0x10);
 0)   0.161 us    |          next_uptodate_folio(xas=0xffffd26ac050fcf0, mapping=0xffff8f3081b607b0, end_pgoff=0x10);
 0)   0.161 us    |          next_uptodate_folio(xas=0xffffd26ac050fcf0, mapping=0xffff8f3081b607b0, end_pgoff=0x10);
 0)   0.160 us    |          next_uptodate_folio(xas=0xffffd26ac050fcf0, mapping=0xffff8f3081b607b0, end_pgoff=0x10);
 0)   0.150 us    |          next_uptodate_folio(xas=0xffffd26ac050fcf0, mapping=0xffff8f3081b607b0, end_pgoff=0x10);
 0)   0.170 us    |          next_uptodate_folio(xas=0xffffd26ac050fcf0, mapping=0xffff8f3081b607b0, end_pgoff=0x10);
 0)   5.180 us    |          mm_trace_rss_stat(mm=0xffff8f3081b4db00, member=3);
 0)   0.211 us    |          _raw_spin_unlock(lock=0xfffff2a1000d3fe8);
 0)   0.160 us    |          __rcu_read_unlock();
 0)   0.160 us    |          __rcu_read_unlock();
 0) + 16.491 us   |        }
 0)   0.150 us    |        __rcu_read_unlock();
 0) + 17.533 us   |      }
 0) + 19.297 us   |    }
 0)   0.150 us    |    __rcu_read_lock();
 0)   0.150 us    |    mem_cgroup_from_task(p=0xffff8f308368c400);
 0)               |    count_memcg_events(memcg=0xffff8f3081341b00, idx=23 [PGFAULT], count=0x1) {
 0)   0.160 us    |      __css_rstat_updated(css=0xffff8f3081341b00, cpu=0);
 0)   0.510 us    |    }
 0)   0.330 us    |    __rcu_read_unlock();
 0) + 21.540 us   |  }
 0)               |  lock_vma_under_rcu(mm=0xffff8f3081b4db00, address=0x7f4937df762a) {
 0)   0.160 us    |    __rcu_read_lock();
 0)   0.160 us    |    __rcu_read_unlock();
 0)   0.932 us    |  }
 0)               |  handle_mm_fault(vma=0xffff8f30831f8540, address=0x7f4937df762a, flags=0x1254, regs=0xffffd26ac050ff48) {
 0)               |    __handle_mm_fault(vma=0xffff8f30831f8540, address=0x7f4937df762a, flags=0x1254) {
 0)               |      pte_offset_map_rw_nolock(mm=0xffff8f3081b4db00, pmd=0xffff8f30838b4df0, addr=0x7f4937df7000, pmdvalp=0xffffd26ac050fde0, ptlp=0xffffd26ac050fe48) {
 0)               |        __pte_offset_map(pmd=0xffff8f30838b4df0, addr=0x7f4937df7000, pmdvalp=0xffffd26ac050fde0) {
 0)   0.149 us    |          __rcu_read_lock();
 0)   0.491 us    |        }
 0)   0.821 us    |      }
 0)   0.150 us    |      __rcu_read_unlock();
 0)               |      do_fault(vmf=0xffffd26ac050fde8) {
 0)   0.161 us    |        __rcu_read_lock();
 0)               |        filemap_map_pages(vmf=0xffffd26ac050fde8, start_pgoff=0xe4, end_pgoff=0xf3) {
 0)   0.150 us    |          __rcu_read_lock();
 0)   0.280 us    |          next_uptodate_folio(xas=0xffffd26ac050fcf0, mapping=0xffff8f3081b607b0, end_pgoff=0xf3);
 0)               |          pte_offset_map_lock(mm=0xffff8f3081b4db00, pmd=0xffff8f30838b4df0, addr=0x7f4937df0000, ptlp=0xffffd26ac050fe48) {
 0)               |            __pte_offset_map(pmd=0xffff8f30838b4df0, addr=0x7f4937df0000, pmdvalp=0xffffd26ac050fc38) {
 0)   0.150 us    |              __rcu_read_lock();
 0)   0.481 us    |            }
 0)   0.160 us    |            _raw_spin_lock(lock=0xfffff2a1000d3fe8);
 0)   1.163 us    |          }
 0)               |          set_pte_range(vmf=0xffffd26ac050fde8, folio=0xfffff2a100fb5e80, page=0xfffff2a100fb5e80, nr=0x1, addr=0x7f4937df0000) {
 0)   0.170 us    |            folio_add_file_rmap_ptes(folio=0xfffff2a100fb5e80, page=0xfffff2a100fb5e80, nr_pages=1, vma=0xffff8f30831f8540);
 0)   0.562 us    |          }
 0)   0.160 us    |          next_uptodate_folio(xas=0xffffd26ac050fcf0, mapping=0xffff8f3081b607b0, end_pgoff=0xf3);
 0)               |          set_pte_range(vmf=0xffffd26ac050fde8, folio=0xfffff2a100fb5ec0, page=0xfffff2a100fb5ec0, nr=0x1, addr=0x7f4937df1000) {
 0)   0.170 us    |            folio_add_file_rmap_ptes(folio=0xfffff2a100fb5ec0, page=0xfffff2a100fb5ec0, nr_pages=1, vma=0xffff8f30831f8540);
 0)   0.510 us    |          }
 0)   0.160 us    |          next_uptodate_folio(xas=0xffffd26ac050fcf0, mapping=0xffff8f3081b607b0, end_pgoff=0xf3);
 0)               |          set_pte_range(vmf=0xffffd26ac050fde8, folio=0xfffff2a100fb5f00, page=0xfffff2a100fb5f00, nr=0x1, addr=0x7f4937df2000) {
 0)   0.170 us    |            folio_add_file_rmap_ptes(folio=0xfffff2a100fb5f00, page=0xfffff2a100fb5f00, nr_pages=1, vma=0xffff8f30831f8540);
 0)   0.532 us    |          }
 0)   0.161 us    |          next_uptodate_folio(xas=0xffffd26ac050fcf0, mapping=0xffff8f3081b607b0, end_pgoff=0xf3);
 0)               |          set_pte_range(vmf=0xffffd26ac050fde8, folio=0xfffff2a100fb5f40, page=0xfffff2a100fb5f40, nr=0x1, addr=0x7f4937df3000) {
 0)   0.161 us    |            folio_add_file_rmap_ptes(folio=0xfffff2a100fb5f40, page=0xfffff2a100fb5f40, nr_pages=1, vma=0xffff8f30831f8540);
 0)   0.510 us    |          }
 0)   0.160 us    |          next_uptodate_folio(xas=0xffffd26ac050fcf0, mapping=0xffff8f3081b607b0, end_pgoff=0xf3);
 0)               |          set_pte_range(vmf=0xffffd26ac050fde8, folio=0xfffff2a100fb5f80, page=0xfffff2a100fb5f80, nr=0x1, addr=0x7f4937df4000) {
 0)   0.160 us    |            folio_add_file_rmap_ptes(folio=0xfffff2a100fb5f80, page=0xfffff2a100fb5f80, nr_pages=1, vma=0xffff8f30831f8540);
 0)   0.512 us    |          }
 0)   0.310 us    |          next_uptodate_folio(xas=0xffffd26ac050fcf0, mapping=0xffff8f3081b607b0, end_pgoff=0xf3);
 0)               |          set_pte_range(vmf=0xffffd26ac050fde8, folio=0xfffff2a100fb5fc0, page=0xfffff2a100fb5fc0, nr=0x1, addr=0x7f4937df5000) {
 0)   0.161 us    |            folio_add_file_rmap_ptes(folio=0xfffff2a100fb5fc0, page=0xfffff2a100fb5fc0, nr_pages=1, vma=0xffff8f30831f8540);
 0)   0.511 us    |          }
 0)   0.171 us    |          next_uptodate_folio(xas=0xffffd26ac050fcf0, mapping=0xffff8f3081b607b0, end_pgoff=0xf3);
 0)               |          set_pte_range(vmf=0xffffd26ac050fde8, folio=0xfffff2a100fb7000, page=0xfffff2a100fb7000, nr=0x1, addr=0x7f4937df6000) {
 0)   0.161 us    |            folio_add_file_rmap_ptes(folio=0xfffff2a100fb7000, page=0xfffff2a100fb7000, nr_pages=1, vma=0xffff8f30831f8540);
 0)   0.511 us    |          }
 0)   0.160 us    |          next_uptodate_folio(xas=0xffffd26ac050fcf0, mapping=0xffff8f3081b607b0, end_pgoff=0xf3);
 0)               |          set_pte_range(vmf=0xffffd26ac050fde8, folio=0xfffff2a100fb7040, page=0xfffff2a100fb7040, nr=0x1, addr=0x7f4937df7000) {
 0)   0.160 us    |            folio_add_file_rmap_ptes(folio=0xfffff2a100fb7040, page=0xfffff2a100fb7040, nr_pages=1, vma=0xffff8f30831f8540);
 0)   0.512 us    |          }
 0)   0.161 us    |          next_uptodate_folio(xas=0xffffd26ac050fcf0, mapping=0xffff8f3081b607b0, end_pgoff=0xf3);
 0)               |          set_pte_range(vmf=0xffffd26ac050fde8, folio=0xfffff2a100fb7080, page=0xfffff2a100fb7080, nr=0x1, addr=0x7f4937df8000) {
 0)   0.170 us    |            folio_add_file_rmap_ptes(folio=0xfffff2a100fb7080, page=0xfffff2a100fb7080, nr_pages=1, vma=0xffff8f30831f8540);
 0)   0.510 us    |          }
 0)   0.160 us    |          next_uptodate_folio(xas=0xffffd26ac050fcf0, mapping=0xffff8f3081b607b0, end_pgoff=0xf3);
 0)               |          set_pte_range(vmf=0xffffd26ac050fde8, folio=0xfffff2a100fb70c0, page=0xfffff2a100fb70c0, nr=0x1, addr=0x7f4937df9000) {
 0)   0.170 us    |            folio_add_file_rmap_ptes(folio=0xfffff2a100fb70c0, page=0xfffff2a100fb70c0, nr_pages=1, vma=0xffff8f30831f8540);
 0)   0.512 us    |          }
 0)   0.160 us    |          next_uptodate_folio(xas=0xffffd26ac050fcf0, mapping=0xffff8f3081b607b0, end_pgoff=0xf3);
 0)               |          set_pte_range(vmf=0xffffd26ac050fde8, folio=0xfffff2a100fb7100, page=0xfffff2a100fb7100, nr=0x1, addr=0x7f4937dfa000) {
 0)   0.160 us    |            folio_add_file_rmap_ptes(folio=0xfffff2a100fb7100, page=0xfffff2a100fb7100, nr_pages=1, vma=0xffff8f30831f8540);
 0)   0.510 us    |          }
 0)   0.160 us    |          next_uptodate_folio(xas=0xffffd26ac050fcf0, mapping=0xffff8f3081b607b0, end_pgoff=0xf3);
 0)               |          set_pte_range(vmf=0xffffd26ac050fde8, folio=0xfffff2a100fb7140, page=0xfffff2a100fb7140, nr=0x1, addr=0x7f4937dfb000) {
 0)   0.170 us    |            folio_add_file_rmap_ptes(folio=0xfffff2a100fb7140, page=0xfffff2a100fb7140, nr_pages=1, vma=0xffff8f30831f8540);
 0)   0.521 us    |          }
 0)   0.160 us    |          next_uptodate_folio(xas=0xffffd26ac050fcf0, mapping=0xffff8f3081b607b0, end_pgoff=0xf3);
 0)               |          set_pte_range(vmf=0xffffd26ac050fde8, folio=0xfffff2a100fb7180, page=0xfffff2a100fb7180, nr=0x1, addr=0x7f4937dfc000) {
 0)   0.160 us    |            folio_add_file_rmap_ptes(folio=0xfffff2a100fb7180, page=0xfffff2a100fb7180, nr_pages=1, vma=0xffff8f30831f8540);
 0)   0.510 us    |          }
 0)   0.161 us    |          next_uptodate_folio(xas=0xffffd26ac050fcf0, mapping=0xffff8f3081b607b0, end_pgoff=0xf3);
 0)               |          set_pte_range(vmf=0xffffd26ac050fde8, folio=0xfffff2a100fb71c0, page=0xfffff2a100fb71c0, nr=0x1, addr=0x7f4937dfd000) {
 0)   0.161 us    |            folio_add_file_rmap_ptes(folio=0xfffff2a100fb71c0, page=0xfffff2a100fb71c0, nr_pages=1, vma=0xffff8f30831f8540);
 0)   0.512 us    |          }
 0)   0.160 us    |          next_uptodate_folio(xas=0xffffd26ac050fcf0, mapping=0xffff8f3081b607b0, end_pgoff=0xf3);
 0)               |          set_pte_range(vmf=0xffffd26ac050fde8, folio=0xfffff2a100fb7200, page=0xfffff2a100fb7200, nr=0x1, addr=0x7f4937dfe000) {
 0)   0.160 us    |            folio_add_file_rmap_ptes(folio=0xfffff2a100fb7200, page=0xfffff2a100fb7200, nr_pages=1, vma=0xffff8f30831f8540);
 0)   0.510 us    |          }
 0)   0.161 us    |          next_uptodate_folio(xas=0xffffd26ac050fcf0, mapping=0xffff8f3081b607b0, end_pgoff=0xf3);
 0)               |          set_pte_range(vmf=0xffffd26ac050fde8, folio=0xfffff2a100fb7240, page=0xfffff2a100fb7240, nr=0x1, addr=0x7f4937dff000) {
 0)   0.301 us    |            folio_add_file_rmap_ptes(folio=0xfffff2a100fb7240, page=0xfffff2a100fb7240, nr_pages=1, vma=0xffff8f30831f8540);
 0)   0.641 us    |          }
 0)   0.170 us    |          next_uptodate_folio(xas=0xffffd26ac050fcf0, mapping=0xffff8f3081b607b0, end_pgoff=0xf3);
 0)   0.161 us    |          _raw_spin_lock_irqsave(lock=0xffff8f3081b4e000);
 0)   0.160 us    |          _raw_spin_unlock_irqrestore(lock=0xffff8f3081b4e000, flags=0x296);
 0)   0.160 us    |          mm_trace_rss_stat(mm=0xffff8f3081b4db00, member=3);
 0)   0.160 us    |          _raw_spin_unlock(lock=0xfffff2a1000d3fe8);
 0)   0.160 us    |          __rcu_read_unlock();
 0)   0.160 us    |          __rcu_read_unlock();
 0) + 21.300 us   |        }
 0)   0.161 us    |        __rcu_read_unlock();
 0) + 22.322 us   |      }
 0) + 24.094 us   |    }
 0)   0.150 us    |    __rcu_read_lock();
 0)   0.151 us    |    mem_cgroup_from_task(p=0xffff8f308368c400);
 0)               |    count_memcg_events(memcg=0xffff8f3081341b00, idx=23 [PGFAULT], count=0x1) {
 0)   0.161 us    |      __css_rstat_updated(css=0xffff8f3081341b00, cpu=0);
 0)   0.511 us    |    }
 0)   0.160 us    |    __rcu_read_unlock();
 0) + 26.169 us   |  }
 0)               |  lock_vma_under_rcu(mm=0xffff8f3081b4db00, address=0x7f4937deee60) {
 0)   0.151 us    |    __rcu_read_lock();
 0)   0.151 us    |    __rcu_read_unlock();
 0)   0.922 us    |  }
 0)               |  handle_mm_fault(vma=0xffff8f30831f8540, address=0x7f4937deee60, flags=0x1254, regs=0xffffd26ac050ff48) {
 0)               |    __handle_mm_fault(vma=0xffff8f30831f8540, address=0x7f4937deee60, flags=0x1254) {
 0)               |      pte_offset_map_rw_nolock(mm=0xffff8f3081b4db00, pmd=0xffff8f30838b4df0, addr=0x7f4937dee000, pmdvalp=0xffffd26ac050fde0, ptlp=0xffffd26ac050fe48) {
 0)               |        __pte_offset_map(pmd=0xffff8f30838b4df0, addr=0x7f4937dee000, pmdvalp=0xffffd26ac050fde0) {
 0)   0.161 us    |          __rcu_read_lock();
 0)   0.490 us    |        }
 0)   0.821 us    |      }
 0)   0.160 us    |      __rcu_read_unlock();
 0)               |      do_fault(vmf=0xffffd26ac050fde8) {
 0)   0.160 us    |        __rcu_read_lock();
 0)               |        filemap_map_pages(vmf=0xffffd26ac050fde8, start_pgoff=0xd4, end_pgoff=0xe3) {
 0)   0.150 us    |          __rcu_read_lock();
 0)   0.190 us    |          next_uptodate_folio(xas=0xffffd26ac050fcf0, mapping=0xffff8f3081b607b0, end_pgoff=0xe3);
 0)               |          pte_offset_map_lock(mm=0xffff8f3081b4db00, pmd=0xffff8f30838b4df0, addr=0x7f4937de0000, ptlp=0xffffd26ac050fe48) {
 0)               |            __pte_offset_map(pmd=0xffff8f30838b4df0, addr=0x7f4937de0000, pmdvalp=0xffffd26ac050fc38) {
 0)   0.150 us    |              __rcu_read_lock();
 0)   0.490 us    |            }
 0)   0.160 us    |            _raw_spin_lock(lock=0xfffff2a1000d3fe8);
 0)   1.282 us    |          }
 0)               |          set_pte_range(vmf=0xffffd26ac050fde8, folio=0xfffff2a100fb5a80, page=0xfffff2a100fb5a80, nr=0x1, addr=0x7f4937de0000) {
 0)   0.169 us    |            folio_add_file_rmap_ptes(folio=0xfffff2a100fb5a80, page=0xfffff2a100fb5a80, nr_pages=1, vma=0xffff8f30831f8540);
 0)   0.551 us    |          }
 0)   0.160 us    |          next_uptodate_folio(xas=0xffffd26ac050fcf0, mapping=0xffff8f3081b607b0, end_pgoff=0xe3);
 0)               |          set_pte_range(vmf=0xffffd26ac050fde8, folio=0xfffff2a100fb5ac0, page=0xfffff2a100fb5ac0, nr=0x1, addr=0x7f4937de1000) {
 0)   0.160 us    |            folio_add_file_rmap_ptes(folio=0xfffff2a100fb5ac0, page=0xfffff2a100fb5ac0, nr_pages=1, vma=0xffff8f30831f8540);
 0)   0.521 us    |          }
 0)   0.160 us    |          next_uptodate_folio(xas=0xffffd26ac050fcf0, mapping=0xffff8f3081b607b0, end_pgoff=0xe3);
 0)               |          set_pte_range(vmf=0xffffd26ac050fde8, folio=0xfffff2a100fb5b00, page=0xfffff2a100fb5b00, nr=0x1, addr=0x7f4937de2000) {
 0)   0.171 us    |            folio_add_file_rmap_ptes(folio=0xfffff2a100fb5b00, page=0xfffff2a100fb5b00, nr_pages=1, vma=0xffff8f30831f8540);
 0)   0.511 us    |          }
 0)   0.161 us    |          next_uptodate_folio(xas=0xffffd26ac050fcf0, mapping=0xffff8f3081b607b0, end_pgoff=0xe3);
 0)               |          set_pte_range(vmf=0xffffd26ac050fde8, folio=0xfffff2a100fb5b40, page=0xfffff2a100fb5b40, nr=0x1, addr=0x7f4937de3000) {
 0)   0.160 us    |            folio_add_file_rmap_ptes(folio=0xfffff2a100fb5b40, page=0xfffff2a100fb5b40, nr_pages=1, vma=0xffff8f30831f8540);
 0)   0.511 us    |          }
 0)   0.160 us    |          next_uptodate_folio(xas=0xffffd26ac050fcf0, mapping=0xffff8f3081b607b0, end_pgoff=0xe3);
 0)               |          set_pte_range(vmf=0xffffd26ac050fde8, folio=0xfffff2a100fb5b80, page=0xfffff2a100fb5b80, nr=0x1, addr=0x7f4937de4000) {
 0)   0.161 us    |            folio_add_file_rmap_ptes(folio=0xfffff2a100fb5b80, page=0xfffff2a100fb5b80, nr_pages=1, vma=0xffff8f30831f8540);
 0)   0.521 us    |          }
 0)   0.160 us    |          next_uptodate_folio(xas=0xffffd26ac050fcf0, mapping=0xffff8f3081b607b0, end_pgoff=0xe3);
 0)               |          set_pte_range(vmf=0xffffd26ac050fde8, folio=0xfffff2a100fb5bc0, page=0xfffff2a100fb5bc0, nr=0x1, addr=0x7f4937de5000) {
 0)   0.160 us    |            folio_add_file_rmap_ptes(folio=0xfffff2a100fb5bc0, page=0xfffff2a100fb5bc0, nr_pages=1, vma=0xffff8f30831f8540);
 0)   0.512 us    |          }
 0)   0.241 us    |          next_uptodate_folio(xas=0xffffd26ac050fcf0, mapping=0xffff8f3081b607b0, end_pgoff=0xe3);
 0)               |          set_pte_range(vmf=0xffffd26ac050fde8, folio=0xfffff2a100fb5c00, page=0xfffff2a100fb5c00, nr=0x1, addr=0x7f4937de6000) {
 0)   0.161 us    |            folio_add_file_rmap_ptes(folio=0xfffff2a100fb5c00, page=0xfffff2a100fb5c00, nr_pages=1, vma=0xffff8f30831f8540);
 0)   0.510 us    |          }
 0)   0.160 us    |          next_uptodate_folio(xas=0xffffd26ac050fcf0, mapping=0xffff8f3081b607b0, end_pgoff=0xe3);
 0)               |          set_pte_range(vmf=0xffffd26ac050fde8, folio=0xfffff2a100fb5c40, page=0xfffff2a100fb5c40, nr=0x1, addr=0x7f4937de7000) {
 0)   0.160 us    |            folio_add_file_rmap_ptes(folio=0xfffff2a100fb5c40, page=0xfffff2a100fb5c40, nr_pages=1, vma=0xffff8f30831f8540);
 0)   0.512 us    |          }
 0)   0.161 us    |          next_uptodate_folio(xas=0xffffd26ac050fcf0, mapping=0xffff8f3081b607b0, end_pgoff=0xe3);
 0)               |          set_pte_range(vmf=0xffffd26ac050fde8, folio=0xfffff2a100fb5c80, page=0xfffff2a100fb5c80, nr=0x1, addr=0x7f4937de8000) {
 0)   0.161 us    |            folio_add_file_rmap_ptes(folio=0xfffff2a100fb5c80, page=0xfffff2a100fb5c80, nr_pages=1, vma=0xffff8f30831f8540);
 0)   0.510 us    |          }
 0)   0.160 us    |          next_uptodate_folio(xas=0xffffd26ac050fcf0, mapping=0xffff8f3081b607b0, end_pgoff=0xe3);
 0)               |          set_pte_range(vmf=0xffffd26ac050fde8, folio=0xfffff2a100fb5cc0, page=0xfffff2a100fb5cc0, nr=0x1, addr=0x7f4937de9000) {
 0)   0.170 us    |            folio_add_file_rmap_ptes(folio=0xfffff2a100fb5cc0, page=0xfffff2a100fb5cc0, nr_pages=1, vma=0xffff8f30831f8540);
 0)   0.521 us    |          }
 0)   0.160 us    |          next_uptodate_folio(xas=0xffffd26ac050fcf0, mapping=0xffff8f3081b607b0, end_pgoff=0xe3);
 0)               |          set_pte_range(vmf=0xffffd26ac050fde8, folio=0xfffff2a100fb5d00, page=0xfffff2a100fb5d00, nr=0x1, addr=0x7f4937dea000) {
 0)   0.290 us    |            folio_add_file_rmap_ptes(folio=0xfffff2a100fb5d00, page=0xfffff2a100fb5d00, nr_pages=1, vma=0xffff8f30831f8540);
 0)   0.652 us    |          }
 0)   0.161 us    |          next_uptodate_folio(xas=0xffffd26ac050fcf0, mapping=0xffff8f3081b607b0, end_pgoff=0xe3);
 0)               |          set_pte_range(vmf=0xffffd26ac050fde8, folio=0xfffff2a100fb5d40, page=0xfffff2a100fb5d40, nr=0x1, addr=0x7f4937deb000) {
 0)   0.160 us    |            folio_add_file_rmap_ptes(folio=0xfffff2a100fb5d40, page=0xfffff2a100fb5d40, nr_pages=1, vma=0xffff8f30831f8540);
 0)   0.521 us    |          }
 0)   0.161 us    |          next_uptodate_folio(xas=0xffffd26ac050fcf0, mapping=0xffff8f3081b607b0, end_pgoff=0xe3);
 0)               |          set_pte_range(vmf=0xffffd26ac050fde8, folio=0xfffff2a100fb5d80, page=0xfffff2a100fb5d80, nr=0x1, addr=0x7f4937dec000) {
 0)   0.170 us    |            folio_add_file_rmap_ptes(folio=0xfffff2a100fb5d80, page=0xfffff2a100fb5d80, nr_pages=1, vma=0xffff8f30831f8540);
 0)   0.510 us    |          }
 0)   0.160 us    |          next_uptodate_folio(xas=0xffffd26ac050fcf0, mapping=0xffff8f3081b607b0, end_pgoff=0xe3);
 0)               |          set_pte_range(vmf=0xffffd26ac050fde8, folio=0xfffff2a100fb5dc0, page=0xfffff2a100fb5dc0, nr=0x1, addr=0x7f4937ded000) {
 0)   0.161 us    |            folio_add_file_rmap_ptes(folio=0xfffff2a100fb5dc0, page=0xfffff2a100fb5dc0, nr_pages=1, vma=0xffff8f30831f8540);
 0)   0.512 us    |          }
 0)   0.160 us    |          next_uptodate_folio(xas=0xffffd26ac050fcf0, mapping=0xffff8f3081b607b0, end_pgoff=0xe3);
 0)               |          set_pte_range(vmf=0xffffd26ac050fde8, folio=0xfffff2a100fb5e00, page=0xfffff2a100fb5e00, nr=0x1, addr=0x7f4937dee000) {
 0)   0.160 us    |            folio_add_file_rmap_ptes(folio=0xfffff2a100fb5e00, page=0xfffff2a100fb5e00, nr_pages=1, vma=0xffff8f30831f8540);
 0)   0.510 us    |          }
 0)   0.170 us    |          next_uptodate_folio(xas=0xffffd26ac050fcf0, mapping=0xffff8f3081b607b0, end_pgoff=0xe3);
 0)               |          set_pte_range(vmf=0xffffd26ac050fde8, folio=0xfffff2a100fb5e40, page=0xfffff2a100fb5e40, nr=0x1, addr=0x7f4937def000) {
 0)   0.160 us    |            folio_add_file_rmap_ptes(folio=0xfffff2a100fb5e40, page=0xfffff2a100fb5e40, nr_pages=1, vma=0xffff8f30831f8540);
 0)   0.510 us    |          }
 0)   0.160 us    |          next_uptodate_folio(xas=0xffffd26ac050fcf0, mapping=0xffff8f3081b607b0, end_pgoff=0xe3);
 0)   0.160 us    |          mm_trace_rss_stat(mm=0xffff8f3081b4db00, member=3);
 0)   0.171 us    |          _raw_spin_unlock(lock=0xfffff2a1000d3fe8);
 0)   0.160 us    |          __rcu_read_unlock();
 0)   0.160 us    |          __rcu_read_unlock();
 0) + 20.539 us   |        }
 0)   0.160 us    |        __rcu_read_unlock();
 0) + 21.551 us   |      }
 0) + 23.303 us   |    }
 0)   0.150 us    |    __rcu_read_lock();
 0)   0.150 us    |    mem_cgroup_from_task(p=0xffff8f308368c400);
 0)               |    count_memcg_events(memcg=0xffff8f3081341b00, idx=23 [PGFAULT], count=0x1) {
 0)   0.160 us    |      __css_rstat_updated(css=0xffff8f3081341b00, cpu=0);
 0)   0.511 us    |    }
 0)   0.150 us    |    __rcu_read_unlock();
 0) + 25.347 us   |  }
 0)               |  __do_sys_getuid(__unused=0xffffd26ac050ff48) {
 0)               |    from_kuid_munged(targ=0xffffffffaf84a580, kuid=(STRUCT)[0x0]) {
 0)   0.150 us    |      map_id_range_up(map=0xffffffffaf84a580, id=0x0, count=0x1);
 0)   0.501 us    |    }
 0)   0.942 us    |  }
 0)               |  lock_vma_under_rcu(mm=0xffff8f3081b4db00, address=0x7f4937d96ada) {
 0)   0.151 us    |    __rcu_read_lock();
 0)   0.150 us    |    __rcu_read_unlock();
 0)   0.962 us    |  }
 0)               |  handle_mm_fault(vma=0xffff8f30840b0e40, address=0x7f4937d96ada, flags=0x1354, regs=0xffffd26ac050ff48) {
 0)               |    __handle_mm_fault(vma=0xffff8f30840b0e40, address=0x7f4937d96ada, flags=0x1354) {
 0)               |      pte_offset_map_rw_nolock(mm=0xffff8f3081b4db00, pmd=0xffff8f30838b4df0, addr=0x7f4937d96000, pmdvalp=0xffffd26ac050fde0, ptlp=0xffffd26ac050fe48) {
 0)               |        __pte_offset_map(pmd=0xffff8f30838b4df0, addr=0x7f4937d96000, pmdvalp=0xffffd26ac050fde0) {
 0)   0.160 us    |          __rcu_read_lock();
 0)   0.491 us    |        }
 0)   0.831 us    |      }
 0)   0.161 us    |      __rcu_read_unlock();
 0)               |      do_fault(vmf=0xffffd26ac050fde8) {
 0)   0.160 us    |        __rcu_read_lock();
 0)               |        filemap_map_pages(vmf=0xffffd26ac050fde8, start_pgoff=0x84, end_pgoff=0x93) {
 0)   0.160 us    |          __rcu_read_lock();
 0)   0.280 us    |          next_uptodate_folio(xas=0xffffd26ac050fcf0, mapping=0xffff8f3081b607b0, end_pgoff=0x93);
 0)               |          pte_offset_map_lock(mm=0xffff8f3081b4db00, pmd=0xffff8f30838b4df0, addr=0x7f4937d90000, ptlp=0xffffd26ac050fe48) {
 0)               |            __pte_offset_map(pmd=0xffff8f30838b4df0, addr=0x7f4937d90000, pmdvalp=0xffffd26ac050fc38) {
 0)   0.160 us    |              __rcu_read_lock();
 0)   0.491 us    |            }
 0)   0.160 us    |            _raw_spin_lock(lock=0xfffff2a1000d3fe8);
 0)   1.162 us    |          }
 0)               |          set_pte_range(vmf=0xffffd26ac050fde8, folio=0xfffff2a100fb3680, page=0xfffff2a100fb3680, nr=0x1, addr=0x7f4937d90000) {
 0)   0.160 us    |            folio_add_file_rmap_ptes(folio=0xfffff2a100fb3680, page=0xfffff2a100fb3680, nr_pages=1, vma=0xffff8f30840b0e40);
 0)   0.541 us    |          }
 0)   0.160 us    |          next_uptodate_folio(xas=0xffffd26ac050fcf0, mapping=0xffff8f3081b607b0, end_pgoff=0x93);
 0)               |          set_pte_range(vmf=0xffffd26ac050fde8, folio=0xfffff2a100fb36c0, page=0xfffff2a100fb36c0, nr=0x1, addr=0x7f4937d91000) {
 0)   0.160 us    |            folio_add_file_rmap_ptes(folio=0xfffff2a100fb36c0, page=0xfffff2a100fb36c0, nr_pages=1, vma=0xffff8f30840b0e40);
 0)   0.512 us    |          }
 0)   0.160 us    |          next_uptodate_folio(xas=0xffffd26ac050fcf0, mapping=0xffff8f3081b607b0, end_pgoff=0x93);
 0)               |          set_pte_range(vmf=0xffffd26ac050fde8, folio=0xfffff2a100fb3700, page=0xfffff2a100fb3700, nr=0x1, addr=0x7f4937d92000) {
 0)   0.160 us    |            folio_add_file_rmap_ptes(folio=0xfffff2a100fb3700, page=0xfffff2a100fb3700, nr_pages=1, vma=0xffff8f30840b0e40);
 0)   0.512 us    |          }
 0)   0.160 us    |          next_uptodate_folio(xas=0xffffd26ac050fcf0, mapping=0xffff8f3081b607b0, end_pgoff=0x93);
 0)               |          set_pte_range(vmf=0xffffd26ac050fde8, folio=0xfffff2a100fb3740, page=0xfffff2a100fb3740, nr=0x1, addr=0x7f4937d93000) {
 0)   0.170 us    |            folio_add_file_rmap_ptes(folio=0xfffff2a100fb3740, page=0xfffff2a100fb3740, nr_pages=1, vma=0xffff8f30840b0e40);
 0)   0.521 us    |          }
 0)   0.160 us    |          next_uptodate_folio(xas=0xffffd26ac050fcf0, mapping=0xffff8f3081b607b0, end_pgoff=0x93);
 0)               |          set_pte_range(vmf=0xffffd26ac050fde8, folio=0xfffff2a100fb3780, page=0xfffff2a100fb3780, nr=0x1, addr=0x7f4937d94000) {
 0)   0.160 us    |            folio_add_file_rmap_ptes(folio=0xfffff2a100fb3780, page=0xfffff2a100fb3780, nr_pages=1, vma=0xffff8f30840b0e40);
 0)   0.510 us    |          }
 0)   0.161 us    |          next_uptodate_folio(xas=0xffffd26ac050fcf0, mapping=0xffff8f3081b607b0, end_pgoff=0x93);
 0)               |          set_pte_range(vmf=0xffffd26ac050fde8, folio=0xfffff2a100fb37c0, page=0xfffff2a100fb37c0, nr=0x1, addr=0x7f4937d95000) {
 0)   0.160 us    |            folio_add_file_rmap_ptes(folio=0xfffff2a100fb37c0, page=0xfffff2a100fb37c0, nr_pages=1, vma=0xffff8f30840b0e40);
 0)   0.652 us    |          }
 0)   0.160 us    |          next_uptodate_folio(xas=0xffffd26ac050fcf0, mapping=0xffff8f3081b607b0, end_pgoff=0x93);
 0)               |          set_pte_range(vmf=0xffffd26ac050fde8, folio=0xfffff2a100fb3800, page=0xfffff2a100fb3800, nr=0x1, addr=0x7f4937d96000) {
 0)   0.160 us    |            folio_add_file_rmap_ptes(folio=0xfffff2a100fb3800, page=0xfffff2a100fb3800, nr_pages=1, vma=0xffff8f30840b0e40);
 0)   0.510 us    |          }
 0)   0.160 us    |          next_uptodate_folio(xas=0xffffd26ac050fcf0, mapping=0xffff8f3081b607b0, end_pgoff=0x93);
 0)               |          set_pte_range(vmf=0xffffd26ac050fde8, folio=0xfffff2a100fb3840, page=0xfffff2a100fb3840, nr=0x1, addr=0x7f4937d97000) {
 0)   0.161 us    |            folio_add_file_rmap_ptes(folio=0xfffff2a100fb3840, page=0xfffff2a100fb3840, nr_pages=1, vma=0xffff8f30840b0e40);
 0)   0.512 us    |          }
 0)   0.160 us    |          next_uptodate_folio(xas=0xffffd26ac050fcf0, mapping=0xffff8f3081b607b0, end_pgoff=0x93);
 0)               |          set_pte_range(vmf=0xffffd26ac050fde8, folio=0xfffff2a100fb3880, page=0xfffff2a100fb3880, nr=0x1, addr=0x7f4937d98000) {
 0)   0.160 us    |            folio_add_file_rmap_ptes(folio=0xfffff2a100fb3880, page=0xfffff2a100fb3880, nr_pages=1, vma=0xffff8f30840b0e40);
 0)   0.510 us    |          }
 0)   0.161 us    |          next_uptodate_folio(xas=0xffffd26ac050fcf0, mapping=0xffff8f3081b607b0, end_pgoff=0x93);
 0)               |          set_pte_range(vmf=0xffffd26ac050fde8, folio=0xfffff2a100fb38c0, page=0xfffff2a100fb38c0, nr=0x1, addr=0x7f4937d99000) {
 0)   0.161 us    |            folio_add_file_rmap_ptes(folio=0xfffff2a100fb38c0, page=0xfffff2a100fb38c0, nr_pages=1, vma=0xffff8f30840b0e40);
 0)   0.511 us    |          }
 0)   0.160 us    |          next_uptodate_folio(xas=0xffffd26ac050fcf0, mapping=0xffff8f3081b607b0, end_pgoff=0x93);
 0)               |          set_pte_range(vmf=0xffffd26ac050fde8, folio=0xfffff2a100fb3900, page=0xfffff2a100fb3900, nr=0x1, addr=0x7f4937d9a000) {
 0)   0.160 us    |            folio_add_file_rmap_ptes(folio=0xfffff2a100fb3900, page=0xfffff2a100fb3900, nr_pages=1, vma=0xffff8f30840b0e40);
 0)   0.511 us    |          }
 0)   0.161 us    |          next_uptodate_folio(xas=0xffffd26ac050fcf0, mapping=0xffff8f3081b607b0, end_pgoff=0x93);
 0)               |          set_pte_range(vmf=0xffffd26ac050fde8, folio=0xfffff2a100fb3940, page=0xfffff2a100fb3940, nr=0x1, addr=0x7f4937d9b000) {
 0)   0.171 us    |            folio_add_file_rmap_ptes(folio=0xfffff2a100fb3940, page=0xfffff2a100fb3940, nr_pages=1, vma=0xffff8f30840b0e40);
 0)   0.511 us    |          }
 0)   0.160 us    |          next_uptodate_folio(xas=0xffffd26ac050fcf0, mapping=0xffff8f3081b607b0, end_pgoff=0x93);
 0)               |          set_pte_range(vmf=0xffffd26ac050fde8, folio=0xfffff2a100fb3980, page=0xfffff2a100fb3980, nr=0x1, addr=0x7f4937d9c000) {
 0)   0.171 us    |            folio_add_file_rmap_ptes(folio=0xfffff2a100fb3980, page=0xfffff2a100fb3980, nr_pages=1, vma=0xffff8f30840b0e40);
 0)   0.521 us    |          }
 0)   0.160 us    |          next_uptodate_folio(xas=0xffffd26ac050fcf0, mapping=0xffff8f3081b607b0, end_pgoff=0x93);
 0)               |          set_pte_range(vmf=0xffffd26ac050fde8, folio=0xfffff2a100fb39c0, page=0xfffff2a100fb39c0, nr=0x1, addr=0x7f4937d9d000) {
 0)   0.160 us    |            folio_add_file_rmap_ptes(folio=0xfffff2a100fb39c0, page=0xfffff2a100fb39c0, nr_pages=1, vma=0xffff8f30840b0e40);
 0)   0.511 us    |          }
 0)   0.160 us    |          next_uptodate_folio(xas=0xffffd26ac050fcf0, mapping=0xffff8f3081b607b0, end_pgoff=0x93);
 0)               |          set_pte_range(vmf=0xffffd26ac050fde8, folio=0xfffff2a100fb3a00, page=0xfffff2a100fb3a00, nr=0x1, addr=0x7f4937d9e000) {
 0)   0.160 us    |            folio_add_file_rmap_ptes(folio=0xfffff2a100fb3a00, page=0xfffff2a100fb3a00, nr_pages=1, vma=0xffff8f30840b0e40);
 0)   0.521 us    |          }
 0)   0.169 us    |          next_uptodate_folio(xas=0xffffd26ac050fcf0, mapping=0xffff8f3081b607b0, end_pgoff=0x93);
 0)               |          set_pte_range(vmf=0xffffd26ac050fde8, folio=0xfffff2a100fb3a40, page=0xfffff2a100fb3a40, nr=0x1, addr=0x7f4937d9f000) {
 0)   0.160 us    |            folio_add_file_rmap_ptes(folio=0xfffff2a100fb3a40, page=0xfffff2a100fb3a40, nr_pages=1, vma=0xffff8f30840b0e40);
 0)   0.511 us    |          }
 0)   0.171 us    |          next_uptodate_folio(xas=0xffffd26ac050fcf0, mapping=0xffff8f3081b607b0, end_pgoff=0x93);
 0)   0.160 us    |          _raw_spin_lock_irqsave(lock=0xffff8f3081b4e000);
 0)   0.160 us    |          _raw_spin_unlock_irqrestore(lock=0xffff8f3081b4e000, flags=0x296);
 0)   0.151 us    |          mm_trace_rss_stat(mm=0xffff8f3081b4db00, member=3);
 0)   0.161 us    |          _raw_spin_unlock(lock=0xfffff2a1000d3fe8);
 0)   0.150 us    |          __rcu_read_unlock();
 0)   0.160 us    |          __rcu_read_unlock();
 0) + 21.240 us   |        }
 0)   0.161 us    |        __rcu_read_unlock();
 0) + 22.262 us   |      }
 0) + 24.035 us   |    }
 0)   0.151 us    |    __rcu_read_lock();
 0)   0.160 us    |    mem_cgroup_from_task(p=0xffff8f308368c400);
 0)               |    count_memcg_events(memcg=0xffff8f3081341b00, idx=23 [PGFAULT], count=0x1) {
 0)   0.161 us    |      __css_rstat_updated(css=0xffff8f3081341b00, cpu=0);
 0)   0.521 us    |    }
 0)   0.150 us    |    __rcu_read_unlock();
 0) + 26.109 us   |  }
 0)               |  lock_vma_under_rcu(mm=0xffff8f3081b4db00, address=0x7f4937db8dad) {
 0)   0.151 us    |    __rcu_read_lock();
 0)   0.150 us    |    __rcu_read_unlock();
 0)   0.872 us    |  }
 0)               |  handle_mm_fault(vma=0xffff8f30840b0e40, address=0x7f4937db8dad, flags=0x1354, regs=0xffffd26ac050ff48) {
 0)               |    __handle_mm_fault(vma=0xffff8f30840b0e40, address=0x7f4937db8dad, flags=0x1354) {
 0)               |      pte_offset_map_rw_nolock(mm=0xffff8f3081b4db00, pmd=0xffff8f30838b4df0, addr=0x7f4937db8000, pmdvalp=0xffffd26ac050fde0, ptlp=0xffffd26ac050fe48) {
 0)               |        __pte_offset_map(pmd=0xffff8f30838b4df0, addr=0x7f4937db8000, pmdvalp=0xffffd26ac050fde0) {
 0)   0.150 us    |          __rcu_read_lock();
 0)   0.491 us    |        }
 0)   0.821 us    |      }
 0)   0.151 us    |      __rcu_read_unlock();
 0)               |      do_fault(vmf=0xffffd26ac050fde8) {
 0)   0.161 us    |        __rcu_read_lock();
 0)               |        filemap_map_pages(vmf=0xffffd26ac050fde8, start_pgoff=0xa4, end_pgoff=0xb3) {
 0)   0.160 us    |          __rcu_read_lock();
 0)   0.181 us    |          next_uptodate_folio(xas=0xffffd26ac050fcf0, mapping=0xffff8f3081b607b0, end_pgoff=0xb3);
 0)               |          pte_offset_map_lock(mm=0xffff8f3081b4db00, pmd=0xffff8f30838b4df0, addr=0x7f4937db0000, ptlp=0xffffd26ac050fe48) {
 0)               |            __pte_offset_map(pmd=0xffff8f30838b4df0, addr=0x7f4937db0000, pmdvalp=0xffffd26ac050fc38) {
 0)   0.151 us    |              __rcu_read_lock();
 0)   0.480 us    |            }
 0)   0.150 us    |            _raw_spin_lock(lock=0xfffff2a1000d3fe8);
 0)   1.142 us    |          }
 0)               |          set_pte_range(vmf=0xffffd26ac050fde8, folio=0xfffff2a100fb3e80, page=0xfffff2a100fb3e80, nr=0x1, addr=0x7f4937db0000) {
 0)   0.170 us    |            folio_add_file_rmap_ptes(folio=0xfffff2a100fb3e80, page=0xfffff2a100fb3e80, nr_pages=1, vma=0xffff8f30840b0e40);
 0)   0.672 us    |          }
 0)   0.161 us    |          next_uptodate_folio(xas=0xffffd26ac050fcf0, mapping=0xffff8f3081b607b0, end_pgoff=0xb3);
 0)               |          set_pte_range(vmf=0xffffd26ac050fde8, folio=0xfffff2a100fb3ec0, page=0xfffff2a100fb3ec0, nr=0x1, addr=0x7f4937db1000) {
 0)   0.161 us    |            folio_add_file_rmap_ptes(folio=0xfffff2a100fb3ec0, page=0xfffff2a100fb3ec0, nr_pages=1, vma=0xffff8f30840b0e40);
 0)   0.510 us    |          }
 0)   0.160 us    |          next_uptodate_folio(xas=0xffffd26ac050fcf0, mapping=0xffff8f3081b607b0, end_pgoff=0xb3);
 0)               |          set_pte_range(vmf=0xffffd26ac050fde8, folio=0xfffff2a100fb3f00, page=0xfffff2a100fb3f00, nr=0x1, addr=0x7f4937db2000) {
 0)   0.160 us    |            folio_add_file_rmap_ptes(folio=0xfffff2a100fb3f00, page=0xfffff2a100fb3f00, nr_pages=1, vma=0xffff8f30840b0e40);
 0)   0.512 us    |          }
 0)   0.160 us    |          next_uptodate_folio(xas=0xffffd26ac050fcf0, mapping=0xffff8f3081b607b0, end_pgoff=0xb3);
 0)               |          set_pte_range(vmf=0xffffd26ac050fde8, folio=0xfffff2a100fb3f40, page=0xfffff2a100fb3f40, nr=0x1, addr=0x7f4937db3000) {
 0)   0.160 us    |            folio_add_file_rmap_ptes(folio=0xfffff2a100fb3f40, page=0xfffff2a100fb3f40, nr_pages=1, vma=0xffff8f30840b0e40);
 0)   0.510 us    |          }
 0)   0.160 us    |          next_uptodate_folio(xas=0xffffd26ac050fcf0, mapping=0xffff8f3081b607b0, end_pgoff=0xb3);
 0)               |          set_pte_range(vmf=0xffffd26ac050fde8, folio=0xfffff2a100fb3f80, page=0xfffff2a100fb3f80, nr=0x1, addr=0x7f4937db4000) {
 0)   0.160 us    |            folio_add_file_rmap_ptes(folio=0xfffff2a100fb3f80, page=0xfffff2a100fb3f80, nr_pages=1, vma=0xffff8f30840b0e40);
 0)   0.512 us    |          }
 0)   0.160 us    |          next_uptodate_folio(xas=0xffffd26ac050fcf0, mapping=0xffff8f3081b607b0, end_pgoff=0xb3);
 0)               |          set_pte_range(vmf=0xffffd26ac050fde8, folio=0xfffff2a100fb3fc0, page=0xfffff2a100fb3fc0, nr=0x1, addr=0x7f4937db5000) {
 0)   0.160 us    |            folio_add_file_rmap_ptes(folio=0xfffff2a100fb3fc0, page=0xfffff2a100fb3fc0, nr_pages=1, vma=0xffff8f30840b0e40);
 0)   0.521 us    |          }
 0)   0.171 us    |          next_uptodate_folio(xas=0xffffd26ac050fcf0, mapping=0xffff8f3081b607b0, end_pgoff=0xb3);
 0)               |          set_pte_range(vmf=0xffffd26ac050fde8, folio=0xfffff2a100fb5000, page=0xfffff2a100fb5000, nr=0x1, addr=0x7f4937db6000) {
 0)   0.161 us    |            folio_add_file_rmap_ptes(folio=0xfffff2a100fb5000, page=0xfffff2a100fb5000, nr_pages=1, vma=0xffff8f30840b0e40);
 0)   0.510 us    |          }
 0)   0.161 us    |          next_uptodate_folio(xas=0xffffd26ac050fcf0, mapping=0xffff8f3081b607b0, end_pgoff=0xb3);
 0)               |          set_pte_range(vmf=0xffffd26ac050fde8, folio=0xfffff2a100fb5040, page=0xfffff2a100fb5040, nr=0x1, addr=0x7f4937db7000) {
 0)   0.160 us    |            folio_add_file_rmap_ptes(folio=0xfffff2a100fb5040, page=0xfffff2a100fb5040, nr_pages=1, vma=0xffff8f30840b0e40);
 0)   0.511 us    |          }
 0)   0.160 us    |          next_uptodate_folio(xas=0xffffd26ac050fcf0, mapping=0xffff8f3081b607b0, end_pgoff=0xb3);
 0)               |          set_pte_range(vmf=0xffffd26ac050fde8, folio=0xfffff2a100fb5080, page=0xfffff2a100fb5080, nr=0x1, addr=0x7f4937db8000) {
 0)   0.161 us    |            folio_add_file_rmap_ptes(folio=0xfffff2a100fb5080, page=0xfffff2a100fb5080, nr_pages=1, vma=0xffff8f30840b0e40);
 0)   0.511 us    |          }
 0)   0.161 us    |          next_uptodate_folio(xas=0xffffd26ac050fcf0, mapping=0xffff8f3081b607b0, end_pgoff=0xb3);
 0)               |          set_pte_range(vmf=0xffffd26ac050fde8, folio=0xfffff2a100fb50c0, page=0xfffff2a100fb50c0, nr=0x1, addr=0x7f4937db9000) {
 0)   0.170 us    |            folio_add_file_rmap_ptes(folio=0xfffff2a100fb50c0, page=0xfffff2a100fb50c0, nr_pages=1, vma=0xffff8f30840b0e40);
 0)   0.521 us    |          }
 0)   0.161 us    |          next_uptodate_folio(xas=0xffffd26ac050fcf0, mapping=0xffff8f3081b607b0, end_pgoff=0xb3);
 0)               |          set_pte_range(vmf=0xffffd26ac050fde8, folio=0xfffff2a100fb5100, page=0xfffff2a100fb5100, nr=0x1, addr=0x7f4937dba000) {
 0)   0.160 us    |            folio_add_file_rmap_ptes(folio=0xfffff2a100fb5100, page=0xfffff2a100fb5100, nr_pages=1, vma=0xffff8f30840b0e40);
 0)   0.511 us    |          }
 0)   0.170 us    |          next_uptodate_folio(xas=0xffffd26ac050fcf0, mapping=0xffff8f3081b607b0, end_pgoff=0xb3);
 0)               |          set_pte_range(vmf=0xffffd26ac050fde8, folio=0xfffff2a100fb5140, page=0xfffff2a100fb5140, nr=0x1, addr=0x7f4937dbb000) {
 0)   0.161 us    |            folio_add_file_rmap_ptes(folio=0xfffff2a100fb5140, page=0xfffff2a100fb5140, nr_pages=1, vma=0xffff8f30840b0e40);
 0)   0.511 us    |          }
 0)   0.160 us    |          next_uptodate_folio(xas=0xffffd26ac050fcf0, mapping=0xffff8f3081b607b0, end_pgoff=0xb3);
 0)               |          set_pte_range(vmf=0xffffd26ac050fde8, folio=0xfffff2a100fb5180, page=0xfffff2a100fb5180, nr=0x1, addr=0x7f4937dbc000) {
 0)   0.171 us    |            folio_add_file_rmap_ptes(folio=0xfffff2a100fb5180, page=0xfffff2a100fb5180, nr_pages=1, vma=0xffff8f30840b0e40);
 0)   0.511 us    |          }
 0)   0.160 us    |          next_uptodate_folio(xas=0xffffd26ac050fcf0, mapping=0xffff8f3081b607b0, end_pgoff=0xb3);
 0)               |          set_pte_range(vmf=0xffffd26ac050fde8, folio=0xfffff2a100fb51c0, page=0xfffff2a100fb51c0, nr=0x1, addr=0x7f4937dbd000) {
 0)   0.160 us    |            folio_add_file_rmap_ptes(folio=0xfffff2a100fb51c0, page=0xfffff2a100fb51c0, nr_pages=1, vma=0xffff8f30840b0e40);
 0)   0.511 us    |          }
 0)   0.160 us    |          next_uptodate_folio(xas=0xffffd26ac050fcf0, mapping=0xffff8f3081b607b0, end_pgoff=0xb3);
 0)               |          set_pte_range(vmf=0xffffd26ac050fde8, folio=0xfffff2a100fb5200, page=0xfffff2a100fb5200, nr=0x1, addr=0x7f4937dbe000) {
 0)   0.160 us    |            folio_add_file_rmap_ptes(folio=0xfffff2a100fb5200, page=0xfffff2a100fb5200, nr_pages=1, vma=0xffff8f30840b0e40);
 0)   0.511 us    |          }
 0)   0.160 us    |          next_uptodate_folio(xas=0xffffd26ac050fcf0, mapping=0xffff8f3081b607b0, end_pgoff=0xb3);
 0)               |          set_pte_range(vmf=0xffffd26ac050fde8, folio=0xfffff2a100fb5240, page=0xfffff2a100fb5240, nr=0x1, addr=0x7f4937dbf000) {
 0)   0.160 us    |            folio_add_file_rmap_ptes(folio=0xfffff2a100fb5240, page=0xfffff2a100fb5240, nr_pages=1, vma=0xffff8f30840b0e40);
 0)   0.511 us    |          }
 0)   0.171 us    |          next_uptodate_folio(xas=0xffffd26ac050fcf0, mapping=0xffff8f3081b607b0, end_pgoff=0xb3);
 0)   0.150 us    |          mm_trace_rss_stat(mm=0xffff8f3081b4db00, member=3);
 0)   0.160 us    |          _raw_spin_unlock(lock=0xfffff2a1000d3fe8);
 0)   0.160 us    |          __rcu_read_unlock();
 0)   0.150 us    |          __rcu_read_unlock();
 0) + 20.309 us   |        }
 0)   0.150 us    |        __rcu_read_unlock();
 0) + 21.309 us   |      }
 0) + 23.023 us   |    }
 0)   0.150 us    |    __rcu_read_lock();
 0)   0.150 us    |    mem_cgroup_from_task(p=0xffff8f308368c400);
 0)               |    count_memcg_events(memcg=0xffff8f3081341b00, idx=23 [PGFAULT], count=0x1) {
 0)   0.151 us    |      __css_rstat_updated(css=0xffff8f3081341b00, cpu=0);
 0)   0.491 us    |    }
 0)   0.149 us    |    __rcu_read_unlock();
 0) + 25.017 us   |  }
 0)               |  lock_vma_under_rcu(mm=0xffff8f3081b4db00, address=0x7f4937e03f6d) {
 0)   0.161 us    |    __rcu_read_lock();
 0)   0.160 us    |    __rcu_read_unlock();
 0)   0.871 us    |  }
 0)               |  handle_mm_fault(vma=0xffff8f30831f8540, address=0x7f4937e03f6d, flags=0x1254, regs=0xffffd26ac050ff48) {
 0)               |    __handle_mm_fault(vma=0xffff8f30831f8540, address=0x7f4937e03f6d, flags=0x1254) {
 0)               |      pte_offset_map_rw_nolock(mm=0xffff8f3081b4db00, pmd=0xffff8f30838b4df8, addr=0x7f4937e03000, pmdvalp=0xffffd26ac050fde0, ptlp=0xffffd26ac050fe48) {
 0)               |        __pte_offset_map(pmd=0xffff8f30838b4df8, addr=0x7f4937e03000, pmdvalp=0xffffd26ac050fde0) {
 0)   0.161 us    |          __rcu_read_lock();
 0)   0.492 us    |        }
 0)   0.832 us    |      }
 0)   0.149 us    |      __rcu_read_unlock();
 0)               |      do_fault(vmf=0xffffd26ac050fde8) {
 0)   0.149 us    |        __rcu_read_lock();
 0)               |        filemap_map_pages(vmf=0xffffd26ac050fde8, start_pgoff=0xf4, end_pgoff=0xf9) {
 0)   0.151 us    |          __rcu_read_lock();
 0)   0.200 us    |          next_uptodate_folio(xas=0xffffd26ac050fcf0, mapping=0xffff8f3081b607b0, end_pgoff=0xf9);
 0)               |          pte_offset_map_lock(mm=0xffff8f3081b4db00, pmd=0xffff8f30838b4df8, addr=0x7f4937e00000, ptlp=0xffffd26ac050fe48) {
 0)               |            __pte_offset_map(pmd=0xffff8f30838b4df8, addr=0x7f4937e00000, pmdvalp=0xffffd26ac050fc38) {
 0)   0.151 us    |              __rcu_read_lock();
 0)   0.481 us    |            }
 0)   0.150 us    |            _raw_spin_lock(lock=0xfffff2a1000e2de8);
 0)   1.162 us    |          }
 0)               |          set_pte_range(vmf=0xffffd26ac050fde8, folio=0xfffff2a100fb7280, page=0xfffff2a100fb7280, nr=0x1, addr=0x7f4937e00000) {
 0)   0.170 us    |            folio_add_file_rmap_ptes(folio=0xfffff2a100fb7280, page=0xfffff2a100fb7280, nr_pages=1, vma=0xffff8f30831f8540);
 0)   0.541 us    |          }
 0)   0.160 us    |          next_uptodate_folio(xas=0xffffd26ac050fcf0, mapping=0xffff8f3081b607b0, end_pgoff=0xf9);
 0)               |          set_pte_range(vmf=0xffffd26ac050fde8, folio=0xfffff2a100fb72c0, page=0xfffff2a100fb72c0, nr=0x1, addr=0x7f4937e01000) {
 0)   0.160 us    |            folio_add_file_rmap_ptes(folio=0xfffff2a100fb72c0, page=0xfffff2a100fb72c0, nr_pages=1, vma=0xffff8f30831f8540);
 0)   0.511 us    |          }
 0)   0.160 us    |          next_uptodate_folio(xas=0xffffd26ac050fcf0, mapping=0xffff8f3081b607b0, end_pgoff=0xf9);
 0)               |          set_pte_range(vmf=0xffffd26ac050fde8, folio=0xfffff2a100fb7300, page=0xfffff2a100fb7300, nr=0x1, addr=0x7f4937e02000) {
 0)   0.171 us    |            folio_add_file_rmap_ptes(folio=0xfffff2a100fb7300, page=0xfffff2a100fb7300, nr_pages=1, vma=0xffff8f30831f8540);
 0)   0.511 us    |          }
 0)   0.160 us    |          next_uptodate_folio(xas=0xffffd26ac050fcf0, mapping=0xffff8f3081b607b0, end_pgoff=0xf9);
 0)               |          set_pte_range(vmf=0xffffd26ac050fde8, folio=0xfffff2a100fb7340, page=0xfffff2a100fb7340, nr=0x1, addr=0x7f4937e03000) {
 0)   0.169 us    |            folio_add_file_rmap_ptes(folio=0xfffff2a100fb7340, page=0xfffff2a100fb7340, nr_pages=1, vma=0xffff8f30831f8540);
 0)   0.511 us    |          }
 0)   0.160 us    |          next_uptodate_folio(xas=0xffffd26ac050fcf0, mapping=0xffff8f3081b607b0, end_pgoff=0xf9);
 0)               |          set_pte_range(vmf=0xffffd26ac050fde8, folio=0xfffff2a100fb7380, page=0xfffff2a100fb7380, nr=0x1, addr=0x7f4937e04000) {
 0)   0.160 us    |            folio_add_file_rmap_ptes(folio=0xfffff2a100fb7380, page=0xfffff2a100fb7380, nr_pages=1, vma=0xffff8f30831f8540);
 0)   0.511 us    |          }
 0)   0.161 us    |          next_uptodate_folio(xas=0xffffd26ac050fcf0, mapping=0xffff8f3081b607b0, end_pgoff=0xf9);
 0)               |          set_pte_range(vmf=0xffffd26ac050fde8, folio=0xfffff2a100fb73c0, page=0xfffff2a100fb73c0, nr=0x1, addr=0x7f4937e05000) {
 0)   0.161 us    |            folio_add_file_rmap_ptes(folio=0xfffff2a100fb73c0, page=0xfffff2a100fb73c0, nr_pages=1, vma=0xffff8f30831f8540);
 0)   0.511 us    |          }
 0)   0.171 us    |          next_uptodate_folio(xas=0xffffd26ac050fcf0, mapping=0xffff8f3081b607b0, end_pgoff=0xf9);
 0)   0.160 us    |          mm_trace_rss_stat(mm=0xffff8f3081b4db00, member=3);
 0)   0.220 us    |          _raw_spin_unlock(lock=0xfffff2a1000e2de8);
 0)   0.150 us    |          __rcu_read_unlock();
 0)   0.150 us    |          __rcu_read_unlock();
 0)   9.858 us    |        }
 0)   0.160 us    |        __rcu_read_unlock();
 0) + 10.871 us   |      }
 0) + 12.733 us   |    }
 0)   0.150 us    |    __rcu_read_lock();
 0)   0.150 us    |    mem_cgroup_from_task(p=0xffff8f308368c400);
 0)               |    count_memcg_events(memcg=0xffff8f3081341b00, idx=23 [PGFAULT], count=0x1) {
 0)   0.151 us    |      __css_rstat_updated(css=0xffff8f3081341b00, cpu=0);
 0)   0.511 us    |    }
 0)   0.150 us    |    __rcu_read_unlock();
 0) + 14.757 us   |  }
 0)               |  __x64_sys_open(regs=0xffffd26ac050ff48) {
 0)               |    do_sys_openat2(dfd=4294967196, filename=0x7fff1ea04f9c, how=0xffffd26ac050fb98) {
 0)               |      getname_flags(filename=0x7fff1ea04f9c, flags=0) {
 0)               |        do_getname(filename=0x7fff1ea04f9c, flags=0, incomplete=0x0) {
 0)   0.211 us    |          kmem_cache_alloc_noprof(s=0xffff8f308127fc00, gfpflags=0xcc0);
 0)               |          __check_object_size(ptr=0xffff8f30819c89d8, n=0xa8, to_user=0x0) {
 0)   0.161 us    |            check_stack_object(obj=0xffff8f30819c89d8, len=0xa8);
 0)   0.161 us    |            is_vmalloc_addr(x=0xffff8f30819c89d8);
 0)   0.160 us    |            __virt_addr_valid(x=0xffff8f30819c89d8);
 0)   0.171 us    |            __check_heap_object(ptr=0xffff8f30819c89d8, n=0xa8, slab=0xfffff2a100067200, to_user=0x0);
 0)   1.572 us    |          }
 0)   2.365 us    |        }
 0)   2.735 us    |      }
 0)               |      get_unused_fd_flags(flags=0x8000) {
 0)               |        alloc_fd(start=0x0, end=0x400, flags=0x8000) {
 0)   0.171 us    |          _raw_spin_lock(lock=0xffff8f3081b6ec80);
 0)   0.161 us    |          _raw_spin_unlock(lock=0xffff8f3081b6ec80);
 0)   0.862 us    |        }
 0)   1.203 us    |      }
 0)               |      do_file_open(dfd=4294967196, pathname=0xffff8f30819c89c0, op=0xffffd26ac050fb54) {
 0)               |        path_openat(nd=0xffffd26ac050fa20, op=0xffffd26ac050fb54, flags=0x101) {
 0)               |          alloc_empty_file(flags=32768, cred=0xffff8f30875040c0) {
 0)   0.190 us    |            kmem_cache_alloc_noprof(s=0xffff8f308127f800, gfpflags=0xcc0);
 0)               |            init_file(f=0xffff8f30819dbcc0, flags=32768, cred=0xffff8f30875040c0) {
 0)               |              security_file_alloc(file=0xffff8f30819dbcc0) {
 0)   0.200 us    |                kmem_cache_alloc_noprof(s=0xffff8f3081274b00, gfpflags=0xdc0);
 0)   0.160 us    |                hook_file_alloc_security(file=0xffff8f30819dbcc0);
 0)   0.160 us    |                bpf_lsm_file_alloc_security(file=0xffff8f30819dbcc0);
 0)   1.283 us    |              }
 0)   0.151 us    |              mutex_init_generic(lock=0xffff8f30819dbd10);
 0)   2.134 us    |            }
 0)   2.915 us    |          }
 0)               |          path_init() {
 0)   0.149 us    |            __rcu_read_lock();
 0)               |            nd_jump_root(nd=0xffffd26ac050fa20) {
 0)   0.189 us    |              set_root(nd=0xffffd26ac050fa20);
 0)   0.541 us    |            }
 0)   1.242 us    |          }
 0)               |          link_path_walk(name=0xffff8f30819c89d8, nd=0xffffd26ac050fa20) {
 0)               |            security_inode_permission(inode=0xffff8f30813062b8, mask=129) {
 0)   0.160 us    |              bpf_lsm_inode_permission(inode=0xffff8f30813062b8, mask=129);
 0)   0.511 us    |            }
 0)               |            lookup_fast(nd=0xffffd26ac050fa20) {
 0)   0.541 us    |              __d_lookup_rcu(parent=0xffff8f3081406e40, name=0xffffd26ac050fa30, seqp=0xffffd26ac050fa64);
 0)   0.901 us    |            }
 0)               |            step_into_slowpath(nd=0xffffd26ac050fa20, flags=2, dentry=0xffff8f308162d480) {
 0)   0.390 us    |              __lookup_mnt(mnt=0xffff8f30812be1a0, dentry=0xffff8f308162d480);
 0)   0.982 us    |            }
 0)               |            inode_permission(idmap=0xffffffffaf99cd80, inode=0xffff8f308175c558, mask=129) {
 0)   0.530 us    |              generic_permission(idmap=0xffffffffaf99cd80, inode=0xffff8f308175c558, mask=129);
 0)               |              security_inode_permission(inode=0xffff8f308175c558, mask=129) {
 0)   0.161 us    |                bpf_lsm_inode_permission(inode=0xffff8f308175c558, mask=129);
 0)   0.481 us    |              }
 0)   1.543 us    |            }
 0)   0.149 us    |            make_vfsuid(idmap=0xffffffffaf99cd80, fs_userns=0xffffffffaf84a580, kuid=(STRUCT)[0x0]);
 0)   5.541 us    |          }
 0)               |          lookup_fast(nd=0xffffd26ac050fa20) {
 0)   0.581 us    |            __d_lookup_rcu(parent=0xffff8f3081426d80, name=0xffffd26ac050fa30, seqp=0xffffd26ac050fa64);
 0)   0.161 us    |            proc_misc_d_revalidate(dir=0xffff8f308175c558, name=0xffffd26ac050fa30, dentry=0xffff8f30816abf00, flags=0x10101);
 0)               |            try_to_unlazy_next(nd=0xffffd26ac050fa20, dentry=0xffff8f30816abf00) {
 0)   0.170 us    |              __legitimize_mnt(bastard=0xffff8f30812bdb20, seq=0x1c);
 0)               |              __legitimize_path(path=0xffffd26ac050fa40, seq=0x2, mseq=0x1c) {
 0)   0.149 us    |                __legitimize_mnt(bastard=0xffff8f30812be1a0, seq=0x1c);
 0)   0.501 us    |              }
 0)   0.160 us    |              __rcu_read_unlock();
 0)   1.684 us    |            }
 0)   0.501 us    |            proc_misc_d_revalidate(dir=0xffff8f308175c558, name=0xffffd26ac050fa30, dentry=0xffff8f30816abf00, flags=0x10001);
 0)   4.308 us    |          }
 0)               |          step_into_slowpath(nd=0xffffd26ac050fa20, flags=1, dentry=0xffff8f30816abf00) {
 0)               |            dput(dentry=0xffff8f3081426d80) {
 0)               |              dput.part.0() {
 0)   0.150 us    |                __rcu_read_lock();
 0)   0.149 us    |                __rcu_read_unlock();
 0)   0.821 us    |              }
 0)   1.142 us    |            }
 0)   1.493 us    |          }
 0)   0.161 us    |          complete_walk(nd=0xffffd26ac050fa20);
 0)               |          may_open(idmap=0xffffffffaf99cd80, path=0xffffd26ac050fa20, acc_mode=4, flag=32768) {
 0)               |            inode_permission(idmap=0xffffffffaf99cd80, inode=0xffff8f30815ff2e8, mask=36) {
 0)   0.220 us    |              generic_permission(idmap=0xffffffffaf99cd80, inode=0xffff8f30815ff2e8, mask=36);
 0)               |              security_inode_permission(inode=0xffff8f30815ff2e8, mask=36) {
 0)   0.161 us    |                bpf_lsm_inode_permission(inode=0xffff8f30815ff2e8, mask=36);
 0)   0.481 us    |              }
 0)   1.222 us    |            }
 0)   1.553 us    |          }
 0)               |          vfs_open(path=0xffffd26ac050fa20, file=0xffff8f30819dbcc0) {
 0)               |            do_dentry_open(f=0xffff8f30819dbcc0, open=0x0) {
 0)               |              path_get(path=0xffff8f30819dbd00) {
 0)   0.160 us    |                mntget(mnt=0xffff8f30812bdb20);
 0)   0.531 us    |              }
 0)   0.180 us    |              try_module_get(module=0x0);
 0)               |              security_file_open(file=0xffff8f30819dbcc0) {
 0)   0.201 us    |                hook_file_open(file=0xffff8f30819dbcc0);
 0)   0.150 us    |                bpf_lsm_file_open(file=0xffff8f30819dbcc0);
 0)   0.911 us    |              }
 0)   0.230 us    |              fsnotify_open_perm_and_set_mode(file=0xffff8f30819dbcc0);
 0)               |              proc_reg_open(inode=0xffff8f30815ff2e8, file=0xffff8f30819dbcc0) {
 0)               |                proc_single_open() {
 0)               |                  single_open(file=0xffff8f30819dbcc0, show=0xffffffffad8a4590, data=0x0) {
 0)   0.631 us    |                    __kmalloc_cache_noprof(s=0xffff8f3081044d00, gfpflags=0x400cc0, size=0x20);
 0)   0.492 us    |                    kmem_cache_alloc_noprof(s=0xffff8f308127fd00, gfpflags=0xdc0);
 0)   0.160 us    |                    mutex_init_generic(lock=0xffff8f30836821f8);
 0)   2.035 us    |                  }
 0)   2.385 us    |                }
 0)   2.805 us    |              }
 0)               |              file_ra_state_init(ra=0xffff8f30819dbd48, mapping=0xffff8f30815ff450) {
 0)   0.230 us    |                inode_to_bdi(inode=0xffff8f30815ff2e8);
 0)   0.601 us    |              }
 0)   7.173 us    |            }
 0)   7.544 us    |          }
 0)               |          security_file_post_open(file=0xffff8f30819dbcc0, mask=4) {
 0)   0.160 us    |            bpf_lsm_file_post_open(file=0xffff8f30819dbcc0, mask=4);
 0)   0.500 us    |          }
 0)               |          terminate_walk(nd=0xffffd26ac050fa20) {
 0)               |            dput(dentry=0xffff8f30816abf00) {
 0)               |              dput.part.0() {
 0)   0.151 us    |                __rcu_read_lock();
 0)   0.151 us    |                __rcu_read_unlock();
 0)   0.822 us    |              }
 0)   1.151 us    |            }
 0)               |            mntput(mnt=0xffff8f30812bdb20) {
 0)   0.149 us    |              __rcu_read_lock();
 0)   0.151 us    |              __rcu_read_unlock();
 0)   0.982 us    |            }
 0)               |            dput(dentry=0xffff8f3081406e40) {
 0)               |              dput.part.0() {
 0)   0.150 us    |                __rcu_read_lock();
 0)   0.150 us    |                __rcu_read_unlock();
 0)   0.812 us    |              }
 0)   1.142 us    |            }
 0)               |            mntput(mnt=0xffff8f30812be1a0) {
 0)   0.151 us    |              __rcu_read_lock();
 0)   0.150 us    |              __rcu_read_unlock();
 0)   0.811 us    |            }
 0)   5.109 us    |          }
 0) + 32.651 us   |        }
 0) + 33.022 us   |      }
 0)   0.171 us    |      fd_install(fd=0x3, file=0xffff8f30819dbcc0);
 0)               |      putname(name=0xffff8f30819c89c0) {
 0)   0.161 us    |        kmem_cache_free(s=0xffff8f308127fc00, x=0xffff8f30819c89c0);
 0)   0.500 us    |      }
 0) + 38.862 us   |    }
 0) + 39.294 us   |  }
 0)               |  __x64_sys_sendfile64(regs=0xffffd26ac050ff48) {
 0)               |    do_sendfile(out_fd=1, in_fd=3, ppos=0x0, count=0x1000000, max=0) {
 0)   0.180 us    |      fdget(fd=0x3);
 0)               |      rw_verify_area(read_write=0, file=0xffff8f30819dbcc0, ppos=0xffffd26ac050fcc8, count=0x1000000) {
 0)               |        security_file_permission(file=0xffff8f30819dbcc0, mask=4) {
 0)   0.160 us    |          bpf_lsm_file_permission(file=0xffff8f30819dbcc0, mask=4);
 0)   0.521 us    |        }
 0)   0.852 us    |      }
 0)   0.170 us    |      fdget(fd=0x1);
 0)   0.171 us    |      get_pipe_info(file=0xffff8f3082e2b9c0, for_splice=0x1);
 0)               |      rw_verify_area(read_write=1, file=0xffff8f3082e2b9c0, ppos=0xffffd26ac050fcd0, count=0x1000000) {
 0)               |        security_file_permission(file=0xffff8f3082e2b9c0, mask=2) {
 0)   0.160 us    |          bpf_lsm_file_permission(file=0xffff8f3082e2b9c0, mask=2);
 0)   0.492 us    |        }
 0)   0.822 us    |      }
 0)               |      do_splice_direct(in=0xffff8f30819dbcc0, ppos=0xffffd26ac050fcc8, out=0xffff8f3082e2b9c0, opos=0xffffd26ac050fcd0, len=0x1000000, flags=0x0) {
 0)               |        splice_direct_to_actor(in=0xffff8f30819dbcc0, sd=0xffffd26ac050fc58, actor=0xffffffffad813bb0) {
 0)               |          alloc_pipe_info() {
 0)   0.631 us    |            __kmalloc_cache_noprof(s=0xffff8f3081044a00, gfpflags=0x400dc0, size=0xb0);
 0)   0.602 us    |            __kmalloc_noprof(size=0x280, flags=0x400dc0);
 0)   0.151 us    |            __init_waitqueue_head(wq_head=0xffff8f30819f0558, name=0xffffffffaef3a928, key=0xffffffffb061f1c8);
 0)   0.160 us    |            __init_waitqueue_head(wq_head=0xffff8f30819f0570, name=0xffffffffaef3a937, key=0xffffffffb061f1c8);
 0)   0.161 us    |            mutex_init_generic(lock=0xffff8f30819f0540);
 0)   3.115 us    |          }
 0)               |          do_splice_read(in=0xffff8f30819dbcc0, ppos=0xffffd26ac050fc10, pipe=0xffff8f30819f0540, len=0x1000000, flags=0x0) {
 0)               |            copy_splice_read(in=0xffff8f30819dbcc0, ppos=0xffffd26ac050fc10, pipe=0xffff8f30819f0540, len=0x10000, flags=0x0) {
 0)   0.230 us    |              __kmalloc_noprof(size=0x180, flags=0xdc0);
 0)               |              alloc_pages_bulk_noprof(gfp=0x100cc0, preferred_nid=0, nodemask=0x0, nr_pages=16, page_array=0xffff8f308358cf00) {
 0)   0.170 us    |                _raw_spin_trylock(lock=0xffff8f30bec38e80);
 0)   0.521 us    |                kernel_init_pages(page=0xfffff2a1000a8f80, numpages=1);
 0)   0.391 us    |                kernel_init_pages(page=0xfffff2a1000cfac0, numpages=1);
 0)   0.641 us    |                kernel_init_pages(page=0xfffff2a1000da0c0, numpages=1);
 0)   0.431 us    |                kernel_init_pages(page=0xfffff2a1000cf8c0, numpages=1);
 0)   0.500 us    |                kernel_init_pages(page=0xfffff2a1000e6f00, numpages=1);
 0)   0.401 us    |                kernel_init_pages(page=0xfffff2a1000e6980, numpages=1);
 0)   0.471 us    |                kernel_init_pages(page=0xfffff2a1000e6b00, numpages=1);
 0)   0.490 us    |                kernel_init_pages(page=0xfffff2a100102400, numpages=1);
 0)   0.421 us    |                kernel_init_pages(page=0xfffff2a100102d00, numpages=1);
 0)   0.632 us    |                kernel_init_pages(page=0xfffff2a100102dc0, numpages=1);
 0)   0.410 us    |                kernel_init_pages(page=0xfffff2a1000c9d80, numpages=1);
 0)   0.531 us    |                kernel_init_pages(page=0xfffff2a1000eaac0, numpages=1);
 0)   0.301 us    |                kernel_init_pages(page=0xfffff2a1000eab80, numpages=1);
 0)   0.370 us    |                kernel_init_pages(page=0xfffff2a1000eaa40, numpages=1);
 0)   0.361 us    |                kernel_init_pages(page=0xfffff2a1000eacc0, numpages=1);
 0)   0.551 us    |                kernel_init_pages(page=0xfffff2a1000eac00, numpages=1);
 0)   0.161 us    |                _raw_spin_unlock(lock=0xffff8f30bec38e80);
 0) + 15.179 us   |              }
 0)               |              proc_reg_read_iter(iocb=0xffffd26ac050fb80, iter=0xffffd26ac050fb58) {
 0)               |                seq_read_iter(iocb=0xffffd26ac050fb80, iter=0xffffd26ac050fb58) {
 0)   0.171 us    |                  mutex_lock(lock=0xffff8f30836821f8);
 0)   0.832 us    |                  __kvmalloc_node_noprof(size=0x1000, b=0x0, align=0x1, flags=0x400cc0, node=4294967295);
 0)   0.160 us    |                  single_start(p=0xffff8f30836821c0, pos=0xffff8f30836821e8);
 0)               |                  version_proc_show(m=0xffff8f30836821c0, v=0x1) {
 0)   1.353 us    |                    seq_printf(m=0xffff8f30836821c0, f=0xffffffffae600b40, =?0xffffffffafa7f340);
 0)   1.704 us    |                  }
 0)   0.160 us    |                  single_next(p=0xffff8f30836821c0, v=0x1, pos=0xffff8f30836821e8);
 0)   0.160 us    |                  single_stop(p=0xffff8f30836821c0, v=0x0);
 0)               |                  __check_object_size(ptr=0xffff8f3083018000, n=0x9d, to_user=0x1) {
 0)   0.160 us    |                    check_stack_object(obj=0xffff8f3083018000, len=0x9d);
 0)   0.161 us    |                    is_vmalloc_addr(x=0xffff8f3083018000);
 0)   0.161 us    |                    __virt_addr_valid(x=0xffff8f3083018000);
 0)   0.261 us    |                    __check_heap_object(ptr=0xffff8f3083018000, n=0x9d, slab=0xfffff2a1000c0600, to_user=0x1);
 0)   2.034 us    |                  }
 0)   0.189 us    |                  mutex_unlock(lock=0xffff8f30836821f8);
 0)   7.414 us    |                }
 0)   7.874 us    |              }
 0)               |              release_pages(arg=(UNION)[0xffff8f308358cf08], nr=15) {
 0)               |                folios_put_refs(folios=0xffffd26ac050fa28, refs=0xffffd26ac050f9ac) {
 0)               |                  __mem_cgroup_uncharge_folios(folios=0xffffd26ac050fa28) {
 0)   0.160 us    |                    uncharge_folio(folio=0xfffff2a1000cfac0, ug=0xffffd26ac050f910);
 0)   0.160 us    |                    uncharge_folio(folio=0xfffff2a1000da0c0, ug=0xffffd26ac050f910);
 0)   0.160 us    |                    uncharge_folio(folio=0xfffff2a1000cf8c0, ug=0xffffd26ac050f910);
 0)   0.160 us    |                    uncharge_folio(folio=0xfffff2a1000e6f00, ug=0xffffd26ac050f910);
 0)   0.161 us    |                    uncharge_folio(folio=0xfffff2a1000e6980, ug=0xffffd26ac050f910);
 0)   0.151 us    |                    uncharge_folio(folio=0xfffff2a1000e6b00, ug=0xffffd26ac050f910);
 0)   0.150 us    |                    uncharge_folio(folio=0xfffff2a100102400, ug=0xffffd26ac050f910);
 0)   0.161 us    |                    uncharge_folio(folio=0xfffff2a100102d00, ug=0xffffd26ac050f910);
 0)   0.151 us    |                    uncharge_folio(folio=0xfffff2a100102dc0, ug=0xffffd26ac050f910);
 0)   0.150 us    |                    uncharge_folio(folio=0xfffff2a1000c9d80, ug=0xffffd26ac050f910);
 0)   0.160 us    |                    uncharge_folio(folio=0xfffff2a1000eaac0, ug=0xffffd26ac050f910);
 0)   0.151 us    |                    uncharge_folio(folio=0xfffff2a1000eab80, ug=0xffffd26ac050f910);
 0)   0.150 us    |                    uncharge_folio(folio=0xfffff2a1000eaa40, ug=0xffffd26ac050f910);
 0)   0.151 us    |                    uncharge_folio(folio=0xfffff2a1000eacc0, ug=0xffffd26ac050f910);
 0)   0.150 us    |                    uncharge_folio(folio=0xfffff2a1000eac00, ug=0xffffd26ac050f910);
 0)   5.230 us    |                  }
 0)               |                  free_unref_folios(folios=0xffffd26ac050fa28) {
 0)   0.151 us    |                    _raw_spin_trylock(lock=0xffff8f30bec38e80);
 0)   0.171 us    |                    free_frozen_page_commit(zone=0xffff8f30bfeba6c0, pcp=0xffff8f30bec38e80, page=0xfffff2a1000cfac0, migratetype=0, order=0x0, fpi_flags=0);
 0)   0.160 us    |                    free_frozen_page_commit(zone=0xffff8f30bfeba6c0, pcp=0xffff8f30bec38e80, page=0xfffff2a1000da0c0, migratetype=0, order=0x0, fpi_flags=0);
 0)   0.160 us    |                    free_frozen_page_commit(zone=0xffff8f30bfeba6c0, pcp=0xffff8f30bec38e80, page=0xfffff2a1000cf8c0, migratetype=0, order=0x0, fpi_flags=0);
 0)   0.161 us    |                    free_frozen_page_commit(zone=0xffff8f30bfeba6c0, pcp=0xffff8f30bec38e80, page=0xfffff2a1000e6f00, migratetype=0, order=0x0, fpi_flags=0);
 0)   0.160 us    |                    free_frozen_page_commit(zone=0xffff8f30bfeba6c0, pcp=0xffff8f30bec38e80, page=0xfffff2a1000e6980, migratetype=0, order=0x0, fpi_flags=0);
 0)   0.160 us    |                    free_frozen_page_commit(zone=0xffff8f30bfeba6c0, pcp=0xffff8f30bec38e80, page=0xfffff2a1000e6b00, migratetype=0, order=0x0, fpi_flags=0);
 0)   0.161 us    |                    free_frozen_page_commit(zone=0xffff8f30bfeba6c0, pcp=0xffff8f30bec38e80, page=0xfffff2a100102400, migratetype=0, order=0x0, fpi_flags=0);
 0)   0.160 us    |                    free_frozen_page_commit(zone=0xffff8f30bfeba6c0, pcp=0xffff8f30bec38e80, page=0xfffff2a100102d00, migratetype=0, order=0x0, fpi_flags=0);
 0)   0.161 us    |                    free_frozen_page_commit(zone=0xffff8f30bfeba6c0, pcp=0xffff8f30bec38e80, page=0xfffff2a100102dc0, migratetype=0, order=0x0, fpi_flags=0);
 0)   0.160 us    |                    free_frozen_page_commit(zone=0xffff8f30bfeba6c0, pcp=0xffff8f30bec38e80, page=0xfffff2a1000c9d80, migratetype=0, order=0x0, fpi_flags=0);
 0)   0.220 us    |                    free_frozen_page_commit(zone=0xffff8f30bfeba6c0, pcp=0xffff8f30bec38e80, page=0xfffff2a1000eaac0, migratetype=0, order=0x0, fpi_flags=0);
 0)   0.160 us    |                    free_frozen_page_commit(zone=0xffff8f30bfeba6c0, pcp=0xffff8f30bec38e80, page=0xfffff2a1000eab80, migratetype=0, order=0x0, fpi_flags=0);
 0)   0.160 us    |                    free_frozen_page_commit(zone=0xffff8f30bfeba6c0, pcp=0xffff8f30bec38e80, page=0xfffff2a1000eaa40, migratetype=0, order=0x0, fpi_flags=0);
 0)   0.161 us    |                    free_frozen_page_commit(zone=0xffff8f30bfeba6c0, pcp=0xffff8f30bec38e80, page=0xfffff2a1000eacc0, migratetype=0, order=0x0, fpi_flags=0);
 0)   0.160 us    |                    free_frozen_page_commit(zone=0xffff8f30bfeba6c0, pcp=0xffff8f30bec38e80, page=0xfffff2a1000eac00, migratetype=0, order=0x0, fpi_flags=0);
 0)   0.160 us    |                    _raw_spin_unlock(lock=0xffff8f30bec38e80);
 0)   6.191 us    |                  }
 0) + 12.093 us   |                }
 0) + 12.514 us   |              }
 0)   0.180 us    |              kfree(object=0xffff8f308358ce00);
 0) + 37.360 us   |            }
 0) + 37.811 us   |          }
 0)               |          direct_splice_actor(pipe=0xffff8f30819f0540, sd=0xffffd26ac050fc58) {
 0)               |            splice_write_null(pipe=0xffff8f30819f0540, out=0xffff8f3082e2b9c0, ppos=0xffffd26ac050fcd0, len=0x9d, flags=0x4) {
 0)               |              splice_from_pipe(pipe=0xffff8f30819f0540, out=0xffff8f3082e2b9c0, ppos=0xffffd26ac050fcd0, len=0x9d, flags=0x4, actor=0xffffffffadf50310) {
 0)   0.160 us    |                pipe_lock(pipe=0xffff8f30819f0540);
 0)               |                __splice_from_pipe(pipe=0xffff8f30819f0540, sd=0xffffd26ac050fb68, actor=0xffffffffadf50310) {
 0)   0.160 us    |                  splice_from_pipe_next(pipe=0xffff8f30819f0540, sd=0xffffd26ac050fb68);
 0)   0.160 us    |                  pipe_to_null(info=0xffff8f30819f0540, buf=0xffff8f3082b39000, sd=0xffffd26ac050fb68);
 0)               |                  generic_pipe_buf_release(pipe=0xffff8f30819f0540, buf=0xffff8f3082b39000) {
 0)               |                    __folio_put(folio=0xfffff2a1000a8f80) {
 0)   0.161 us    |                      __mem_cgroup_uncharge(folio=0xfffff2a1000a8f80);
 0)               |                      free_frozen_pages(page=0xfffff2a1000a8f80, order=0x0) {
 0)               |                        __free_frozen_pages(page=0xfffff2a1000a8f80, order=0x0, fpi_flags=0) {
 0)   0.160 us    |                          __get_pfnblock_flags_mask.isra.0();
 0)   0.150 us    |                          _raw_spin_trylock(lock=0xffff8f30bec38e80);
 0)   0.149 us    |                          free_frozen_page_commit(zone=0xffff8f30bfeba6c0, pcp=0xffff8f30bec38e80, page=0xfffff2a1000a8f80, migratetype=0, order=0x0, fpi_flags=0);
 0)   0.160 us    |                          _raw_spin_unlock(lock=0xffff8f30bec38e80);
 0)   1.573 us    |                        }
 0)   1.923 us    |                      }
 0)   2.705 us    |                    }
 0)   3.036 us    |                  }
 0)   4.379 us    |                }
 0)   0.161 us    |                pipe_unlock(pipe=0xffff8f30819f0540);
 0)   5.510 us    |              }
 0)   6.181 us    |            }
 0)   6.683 us    |          }
 0)               |          do_splice_read(in=0xffff8f30819dbcc0, ppos=0xffffd26ac050fc10, pipe=0xffff8f30819f0540, len=0xffff63, flags=0x0) {
 0)               |            copy_splice_read(in=0xffff8f30819dbcc0, ppos=0xffffd26ac050fc10, pipe=0xffff8f30819f0540, len=0x10000, flags=0x0) {
 0)   0.180 us    |              __kmalloc_noprof(size=0x180, flags=0xdc0);
 0)               |              alloc_pages_bulk_noprof(gfp=0x100cc0, preferred_nid=0, nodemask=0x0, nr_pages=16, page_array=0xffff8f308358cf00) {
 0)   0.160 us    |                _raw_spin_trylock(lock=0xffff8f30bec38e80);
 0)   0.191 us    |                kernel_init_pages(page=0xfffff2a1000a8f80, numpages=1);
 0)   0.180 us    |                kernel_init_pages(page=0xfffff2a1000eac00, numpages=1);
 0)   0.240 us    |                kernel_init_pages(page=0xfffff2a1000eacc0, numpages=1);
 0)   0.181 us    |                kernel_init_pages(page=0xfffff2a1000eaa40, numpages=1);
 0)   0.180 us    |                kernel_init_pages(page=0xfffff2a1000eab80, numpages=1);
 0)   0.180 us    |                kernel_init_pages(page=0xfffff2a1000eaac0, numpages=1);
 0)   0.181 us    |                kernel_init_pages(page=0xfffff2a1000c9d80, numpages=1);
 0)   0.181 us    |                kernel_init_pages(page=0xfffff2a100102dc0, numpages=1);
 0)   0.180 us    |                kernel_init_pages(page=0xfffff2a100102d00, numpages=1);
 0)   0.180 us    |                kernel_init_pages(page=0xfffff2a100102400, numpages=1);
 0)   0.180 us    |                kernel_init_pages(page=0xfffff2a1000e6b00, numpages=1);
 0)   0.181 us    |                kernel_init_pages(page=0xfffff2a1000e6980, numpages=1);
 0)   0.181 us    |                kernel_init_pages(page=0xfffff2a1000e6f00, numpages=1);
 0)   0.180 us    |                kernel_init_pages(page=0xfffff2a1000cf8c0, numpages=1);
 0)   0.180 us    |                kernel_init_pages(page=0xfffff2a1000da0c0, numpages=1);
 0)   0.180 us    |                kernel_init_pages(page=0xfffff2a1000cfac0, numpages=1);
 0)   0.160 us    |                _raw_spin_unlock(lock=0xffff8f30bec38e80);
 0)   6.863 us    |              }
 0)               |              proc_reg_read_iter(iocb=0xffffd26ac050fb80, iter=0xffffd26ac050fb58) {
 0)               |                seq_read_iter(iocb=0xffffd26ac050fb80, iter=0xffffd26ac050fb58) {
 0)   0.161 us    |                  mutex_lock(lock=0xffff8f30836821f8);
 0)   0.150 us    |                  single_start(p=0xffff8f30836821c0, pos=0xffff8f30836821e8);
 0)   0.160 us    |                  single_stop(p=0xffff8f30836821c0, v=0x0);
 0)   0.151 us    |                  mutex_unlock(lock=0xffff8f30836821f8);
 0)   1.543 us    |                }
 0)   1.894 us    |              }
 0)               |              release_pages(arg=(UNION)[0xffff8f308358cf00], nr=16) {
 0)               |                folios_put_refs(folios=0xffffd26ac050fa28, refs=0xffffd26ac050f9ac) {
 0)               |                  __mem_cgroup_uncharge_folios(folios=0xffffd26ac050fa28) {
 0)   0.151 us    |                    uncharge_folio(folio=0xfffff2a1000a8f80, ug=0xffffd26ac050f910);
 0)   0.151 us    |                    uncharge_folio(folio=0xfffff2a1000eac00, ug=0xffffd26ac050f910);
 0)   0.150 us    |                    uncharge_folio(folio=0xfffff2a1000eacc0, ug=0xffffd26ac050f910);
 0)   0.161 us    |                    uncharge_folio(folio=0xfffff2a1000eaa40, ug=0xffffd26ac050f910);
 0)   0.151 us    |                    uncharge_folio(folio=0xfffff2a1000eab80, ug=0xffffd26ac050f910);
 0)   0.150 us    |                    uncharge_folio(folio=0xfffff2a1000eaac0, ug=0xffffd26ac050f910);
 0)   0.151 us    |                    uncharge_folio(folio=0xfffff2a1000c9d80, ug=0xffffd26ac050f910);
 0)   0.150 us    |                    uncharge_folio(folio=0xfffff2a100102dc0, ug=0xffffd26ac050f910);
 0)   0.151 us    |                    uncharge_folio(folio=0xfffff2a100102d00, ug=0xffffd26ac050f910);
 0)   0.160 us    |                    uncharge_folio(folio=0xfffff2a100102400, ug=0xffffd26ac050f910);
 0)   0.150 us    |                    uncharge_folio(folio=0xfffff2a1000e6b00, ug=0xffffd26ac050f910);
 0)   0.151 us    |                    uncharge_folio(folio=0xfffff2a1000e6980, ug=0xffffd26ac050f910);
 0)   0.150 us    |                    uncharge_folio(folio=0xfffff2a1000e6f00, ug=0xffffd26ac050f910);
 0)   0.150 us    |                    uncharge_folio(folio=0xfffff2a1000cf8c0, ug=0xffffd26ac050f910);
 0)   0.160 us    |                    uncharge_folio(folio=0xfffff2a1000da0c0, ug=0xffffd26ac050f910);
 0)   0.160 us    |                    uncharge_folio(folio=0xfffff2a1000cfac0, ug=0xffffd26ac050f910);
 0)   5.550 us    |                  }
 0)               |                  free_unref_folios(folios=0xffffd26ac050fa28) {
 0)   0.150 us    |                    _raw_spin_trylock(lock=0xffff8f30bec38e80);
 0)   0.171 us    |                    free_frozen_page_commit(zone=0xffff8f30bfeba6c0, pcp=0xffff8f30bec38e80, page=0xfffff2a1000a8f80, migratetype=0, order=0x0, fpi_flags=0);
 0)   0.160 us    |                    free_frozen_page_commit(zone=0xffff8f30bfeba6c0, pcp=0xffff8f30bec38e80, page=0xfffff2a1000eac00, migratetype=0, order=0x0, fpi_flags=0);
 0)   0.160 us    |                    free_frozen_page_commit(zone=0xffff8f30bfeba6c0, pcp=0xffff8f30bec38e80, page=0xfffff2a1000eacc0, migratetype=0, order=0x0, fpi_flags=0);
 0)   0.160 us    |                    free_frozen_page_commit(zone=0xffff8f30bfeba6c0, pcp=0xffff8f30bec38e80, page=0xfffff2a1000eaa40, migratetype=0, order=0x0, fpi_flags=0);
 0)   0.161 us    |                    free_frozen_page_commit(zone=0xffff8f30bfeba6c0, pcp=0xffff8f30bec38e80, page=0xfffff2a1000eab80, migratetype=0, order=0x0, fpi_flags=0);
 0)   0.160 us    |                    free_frozen_page_commit(zone=0xffff8f30bfeba6c0, pcp=0xffff8f30bec38e80, page=0xfffff2a1000eaac0, migratetype=0, order=0x0, fpi_flags=0);
 0)   0.160 us    |                    free_frozen_page_commit(zone=0xffff8f30bfeba6c0, pcp=0xffff8f30bec38e80, page=0xfffff2a1000c9d80, migratetype=0, order=0x0, fpi_flags=0);
 0)   0.161 us    |                    free_frozen_page_commit(zone=0xffff8f30bfeba6c0, pcp=0xffff8f30bec38e80, page=0xfffff2a100102dc0, migratetype=0, order=0x0, fpi_flags=0);
 0)   0.160 us    |                    free_frozen_page_commit(zone=0xffff8f30bfeba6c0, pcp=0xffff8f30bec38e80, page=0xfffff2a100102d00, migratetype=0, order=0x0, fpi_flags=0);
 0)   0.160 us    |                    free_frozen_page_commit(zone=0xffff8f30bfeba6c0, pcp=0xffff8f30bec38e80, page=0xfffff2a100102400, migratetype=0, order=0x0, fpi_flags=0);
 0)   0.161 us    |                    free_frozen_page_commit(zone=0xffff8f30bfeba6c0, pcp=0xffff8f30bec38e80, page=0xfffff2a1000e6b00, migratetype=0, order=0x0, fpi_flags=0);
 0)   0.160 us    |                    free_frozen_page_commit(zone=0xffff8f30bfeba6c0, pcp=0xffff8f30bec38e80, page=0xfffff2a1000e6980, migratetype=0, order=0x0, fpi_flags=0);
 0)   0.160 us    |                    free_frozen_page_commit(zone=0xffff8f30bfeba6c0, pcp=0xffff8f30bec38e80, page=0xfffff2a1000e6f00, migratetype=0, order=0x0, fpi_flags=0);
 0)   0.161 us    |                    free_frozen_page_commit(zone=0xffff8f30bfeba6c0, pcp=0xffff8f30bec38e80, page=0xfffff2a1000cf8c0, migratetype=0, order=0x0, fpi_flags=0);
 0)   0.150 us    |                    free_frozen_page_commit(zone=0xffff8f30bfeba6c0, pcp=0xffff8f30bec38e80, page=0xfffff2a1000da0c0, migratetype=0, order=0x0, fpi_flags=0);
 0)   0.150 us    |                    free_frozen_page_commit(zone=0xffff8f30bfeba6c0, pcp=0xffff8f30bec38e80, page=0xfffff2a1000cfac0, migratetype=0, order=0x0, fpi_flags=0);
 0)   0.160 us    |                    _raw_spin_unlock(lock=0xffff8f30bec38e80);
 0)   6.402 us    |                  }
 0) + 12.504 us   |                }
 0) + 12.895 us   |              }
 0)   0.160 us    |              kfree(object=0xffff8f308358ce00);
 0) + 23.133 us   |            }
 0) + 23.474 us   |          }
 0)               |          touch_atime(path=0xffff8f30819dbd00) {
 0)               |            atime_needs_update(path=0xffff8f30819dbd00, inode=0xffff8f30815ff2e8) {
 0)   0.161 us    |              make_vfsuid(idmap=0xffffffffaf99cd80, fs_userns=0xffffffffaf84a580, kuid=(STRUCT)[0x0]);
 0)   0.220 us    |              make_vfsgid(idmap=0xffffffffaf99cd80, fs_userns=0xffffffffaf84a580, kgid=(STRUCT)[0x0]);
 0)               |              current_time(inode=0xffff8f30815ff2e8) {
 0)   0.170 us    |                ktime_get_coarse_real_ts64_mg(ts=0xffffd26ac050fb68);
 0)   0.532 us    |              }
 0)   1.664 us    |            }
 0)   1.993 us    |          }
 0) + 74.470 us   |        }
 0) + 74.901 us   |      }
 0) + 79.058 us   |    }
 0) + 79.569 us   |  }
 0)               |  __x64_sys_sendfile64(regs=0xffffd26ac050ff48) {
 0)               |    do_sendfile(out_fd=1, in_fd=3, ppos=0x0, count=0x1000000, max=0) {
 0)   0.161 us    |      fdget(fd=0x3);
 0)               |      rw_verify_area(read_write=0, file=0xffff8f30819dbcc0, ppos=0xffffd26ac050fe48, count=0x1000000) {
 0)               |        security_file_permission(file=0xffff8f30819dbcc0, mask=4) {
 0)   0.160 us    |          bpf_lsm_file_permission(file=0xffff8f30819dbcc0, mask=4);
 0)   0.501 us    |        }
 0)   0.851 us    |      }
 0)   0.160 us    |      fdget(fd=0x1);
 0)   0.160 us    |      get_pipe_info(file=0xffff8f3082e2b9c0, for_splice=0x1);
 0)               |      rw_verify_area(read_write=1, file=0xffff8f3082e2b9c0, ppos=0xffffd26ac050fe50, count=0x1000000) {
 0)               |        security_file_permission(file=0xffff8f3082e2b9c0, mask=2) {
 0)   0.160 us    |          bpf_lsm_file_permission(file=0xffff8f3082e2b9c0, mask=2);
 0)   0.491 us    |        }
 0)   0.822 us    |      }
 0)               |      do_splice_direct(in=0xffff8f30819dbcc0, ppos=0xffffd26ac050fe48, out=0xffff8f3082e2b9c0, opos=0xffffd26ac050fe50, len=0x1000000, flags=0x0) {
 0)               |        splice_direct_to_actor(in=0xffff8f30819dbcc0, sd=0xffffd26ac050fdd8, actor=0xffffffffad813bb0) {
 0)               |          do_splice_read(in=0xffff8f30819dbcc0, ppos=0xffffd26ac050fd90, pipe=0xffff8f30819f0540, len=0x1000000, flags=0x0) {
 0)               |            copy_splice_read(in=0xffff8f30819dbcc0, ppos=0xffffd26ac050fd90, pipe=0xffff8f30819f0540, len=0x10000, flags=0x0) {
 0)   0.190 us    |              __kmalloc_noprof(size=0x180, flags=0xdc0);
 0)               |              alloc_pages_bulk_noprof(gfp=0x100cc0, preferred_nid=0, nodemask=0x0, nr_pages=16, page_array=0xffff8f308358cf00) {
 0)   0.160 us    |                _raw_spin_trylock(lock=0xffff8f30bec38e80);
 0)   0.201 us    |                kernel_init_pages(page=0xfffff2a1000cfac0, numpages=1);
 0)   0.180 us    |                kernel_init_pages(page=0xfffff2a1000da0c0, numpages=1);
 0)   0.190 us    |                kernel_init_pages(page=0xfffff2a1000cf8c0, numpages=1);
 0)   0.180 us    |                kernel_init_pages(page=0xfffff2a1000e6f00, numpages=1);
 0)   0.190 us    |                kernel_init_pages(page=0xfffff2a1000e6980, numpages=1);
 0)   0.180 us    |                kernel_init_pages(page=0xfffff2a1000e6b00, numpages=1);
 0)   0.180 us    |                kernel_init_pages(page=0xfffff2a100102400, numpages=1);
 0)   0.181 us    |                kernel_init_pages(page=0xfffff2a100102d00, numpages=1);
 0)   0.181 us    |                kernel_init_pages(page=0xfffff2a100102dc0, numpages=1);
 0)   0.180 us    |                kernel_init_pages(page=0xfffff2a1000c9d80, numpages=1);
 0)   0.181 us    |                kernel_init_pages(page=0xfffff2a1000eaac0, numpages=1);
 0)   0.241 us    |                kernel_init_pages(page=0xfffff2a1000eab80, numpages=1);
 0)   0.181 us    |                kernel_init_pages(page=0xfffff2a1000eaa40, numpages=1);
 0)   0.180 us    |                kernel_init_pages(page=0xfffff2a1000eacc0, numpages=1);
 0)   0.191 us    |                kernel_init_pages(page=0xfffff2a1000eac00, numpages=1);
 0)   0.181 us    |                kernel_init_pages(page=0xfffff2a1000a8f80, numpages=1);
 0)   0.160 us    |                _raw_spin_unlock(lock=0xffff8f30bec38e80);
 0)   6.864 us    |              }
 0)               |              proc_reg_read_iter(iocb=0xffffd26ac050fd00, iter=0xffffd26ac050fcd8) {
 0)               |                seq_read_iter(iocb=0xffffd26ac050fd00, iter=0xffffd26ac050fcd8) {
 0)   0.151 us    |                  mutex_lock(lock=0xffff8f30836821f8);
 0)   0.160 us    |                  single_start(p=0xffff8f30836821c0, pos=0xffff8f30836821e8);
 0)   0.160 us    |                  single_stop(p=0xffff8f30836821c0, v=0x0);
 0)   0.161 us    |                  mutex_unlock(lock=0xffff8f30836821f8);
 0)   1.543 us    |                }
 0)   1.884 us    |              }
 0)               |              release_pages(arg=(UNION)[0xffff8f308358cf00], nr=16) {
 0)               |                folios_put_refs(folios=0xffffd26ac050fba8, refs=0xffffd26ac050fb2c) {
 0)               |                  __mem_cgroup_uncharge_folios(folios=0xffffd26ac050fba8) {
 0)   0.160 us    |                    uncharge_folio(folio=0xfffff2a1000cfac0, ug=0xffffd26ac050fa90);
 0)   0.161 us    |                    uncharge_folio(folio=0xfffff2a1000da0c0, ug=0xffffd26ac050fa90);
 0)   0.150 us    |                    uncharge_folio(folio=0xfffff2a1000cf8c0, ug=0xffffd26ac050fa90);
 0)   0.150 us    |                    uncharge_folio(folio=0xfffff2a1000e6f00, ug=0xffffd26ac050fa90);
 0)   0.149 us    |                    uncharge_folio(folio=0xfffff2a1000e6980, ug=0xffffd26ac050fa90);
 0)   0.151 us    |                    uncharge_folio(folio=0xfffff2a1000e6b00, ug=0xffffd26ac050fa90);
 0)   0.160 us    |                    uncharge_folio(folio=0xfffff2a100102400, ug=0xffffd26ac050fa90);
 0)   0.160 us    |                    uncharge_folio(folio=0xfffff2a100102d00, ug=0xffffd26ac050fa90);
 0)   0.160 us    |                    uncharge_folio(folio=0xfffff2a100102dc0, ug=0xffffd26ac050fa90);
 0)   0.151 us    |                    uncharge_folio(folio=0xfffff2a1000c9d80, ug=0xffffd26ac050fa90);
 0)   0.150 us    |                    uncharge_folio(folio=0xfffff2a1000eaac0, ug=0xffffd26ac050fa90);
 0)   0.151 us    |                    uncharge_folio(folio=0xfffff2a1000eab80, ug=0xffffd26ac050fa90);
 0)   0.160 us    |                    uncharge_folio(folio=0xfffff2a1000eaa40, ug=0xffffd26ac050fa90);
 0)   0.160 us    |                    uncharge_folio(folio=0xfffff2a1000eacc0, ug=0xffffd26ac050fa90);
 0)   0.160 us    |                    uncharge_folio(folio=0xfffff2a1000eac00, ug=0xffffd26ac050fa90);
 0)   0.160 us    |                    uncharge_folio(folio=0xfffff2a1000a8f80, ug=0xffffd26ac050fa90);
 0)   5.460 us    |                  }
 0)               |                  free_unref_folios(folios=0xffffd26ac050fba8) {
 0)   0.160 us    |                    _raw_spin_trylock(lock=0xffff8f30bec38e80);
 0)   0.161 us    |                    free_frozen_page_commit(zone=0xffff8f30bfeba6c0, pcp=0xffff8f30bec38e80, page=0xfffff2a1000cfac0, migratetype=0, order=0x0, fpi_flags=0);
 0)   0.160 us    |                    free_frozen_page_commit(zone=0xffff8f30bfeba6c0, pcp=0xffff8f30bec38e80, page=0xfffff2a1000da0c0, migratetype=0, order=0x0, fpi_flags=0);
 0)   0.160 us    |                    free_frozen_page_commit(zone=0xffff8f30bfeba6c0, pcp=0xffff8f30bec38e80, page=0xfffff2a1000cf8c0, migratetype=0, order=0x0, fpi_flags=0);
 0)   0.160 us    |                    free_frozen_page_commit(zone=0xffff8f30bfeba6c0, pcp=0xffff8f30bec38e80, page=0xfffff2a1000e6f00, migratetype=0, order=0x0, fpi_flags=0);
 0)   0.161 us    |                    free_frozen_page_commit(zone=0xffff8f30bfeba6c0, pcp=0xffff8f30bec38e80, page=0xfffff2a1000e6980, migratetype=0, order=0x0, fpi_flags=0);
 0)   0.160 us    |                    free_frozen_page_commit(zone=0xffff8f30bfeba6c0, pcp=0xffff8f30bec38e80, page=0xfffff2a1000e6b00, migratetype=0, order=0x0, fpi_flags=0);
 0)   0.160 us    |                    free_frozen_page_commit(zone=0xffff8f30bfeba6c0, pcp=0xffff8f30bec38e80, page=0xfffff2a100102400, migratetype=0, order=0x0, fpi_flags=0);
 0)   0.161 us    |                    free_frozen_page_commit(zone=0xffff8f30bfeba6c0, pcp=0xffff8f30bec38e80, page=0xfffff2a100102d00, migratetype=0, order=0x0, fpi_flags=0);
 0)   0.150 us    |                    free_frozen_page_commit(zone=0xffff8f30bfeba6c0, pcp=0xffff8f30bec38e80, page=0xfffff2a100102dc0, migratetype=0, order=0x0, fpi_flags=0);
 0)   0.160 us    |                    free_frozen_page_commit(zone=0xffff8f30bfeba6c0, pcp=0xffff8f30bec38e80, page=0xfffff2a1000c9d80, migratetype=0, order=0x0, fpi_flags=0);
 0)   0.150 us    |                    free_frozen_page_commit(zone=0xffff8f30bfeba6c0, pcp=0xffff8f30bec38e80, page=0xfffff2a1000eaac0, migratetype=0, order=0x0, fpi_flags=0);
 0)   0.150 us    |                    free_frozen_page_commit(zone=0xffff8f30bfeba6c0, pcp=0xffff8f30bec38e80, page=0xfffff2a1000eab80, migratetype=0, order=0x0, fpi_flags=0);
 0)   0.160 us    |                    free_frozen_page_commit(zone=0xffff8f30bfeba6c0, pcp=0xffff8f30bec38e80, page=0xfffff2a1000eaa40, migratetype=0, order=0x0, fpi_flags=0);
 0)   0.160 us    |                    free_frozen_page_commit(zone=0xffff8f30bfeba6c0, pcp=0xffff8f30bec38e80, page=0xfffff2a1000eacc0, migratetype=0, order=0x0, fpi_flags=0);
 0)   0.161 us    |                    free_frozen_page_commit(zone=0xffff8f30bfeba6c0, pcp=0xffff8f30bec38e80, page=0xfffff2a1000eac00, migratetype=0, order=0x0, fpi_flags=0);
 0)   0.160 us    |                    free_frozen_page_commit(zone=0xffff8f30bfeba6c0, pcp=0xffff8f30bec38e80, page=0xfffff2a1000a8f80, migratetype=0, order=0x0, fpi_flags=0);
 0)   0.160 us    |                    _raw_spin_unlock(lock=0xffff8f30bec38e80);
 0)   6.502 us    |                  }
 0) + 12.533 us   |                }
 0) + 12.914 us   |              }
 0)   0.160 us    |              kfree(object=0xffff8f308358ce00);
 0) + 23.163 us   |            }
 0) + 23.494 us   |          }
 0)               |          touch_atime(path=0xffff8f30819dbd00) {
 0)               |            atime_needs_update(path=0xffff8f30819dbd00, inode=0xffff8f30815ff2e8) {
 0)   0.160 us    |              make_vfsuid(idmap=0xffffffffaf99cd80, fs_userns=0xffffffffaf84a580, kuid=(STRUCT)[0x0]);
 0)   0.150 us    |              make_vfsgid(idmap=0xffffffffaf99cd80, fs_userns=0xffffffffaf84a580, kgid=(STRUCT)[0x0]);
 0)               |              current_time(inode=0xffff8f30815ff2e8) {
 0)   0.161 us    |                ktime_get_coarse_real_ts64_mg(ts=0xffffd26ac050fce8);
 0)   0.501 us    |              }
 0)   1.533 us    |            }
 0)   1.874 us    |          }
 0) + 25.959 us   |        }
 0) + 26.299 us   |      }
 0) + 29.735 us   |    }
 0) + 30.137 us   |  }
 0)               |  __x64_sys_close(regs=0xffffd26ac050ff48) {
 0)               |    file_close_fd(fd=0x3) {
 0)   0.160 us    |      _raw_spin_lock(lock=0xffff8f3081b6ec80);
 0)   0.171 us    |      file_close_fd_locked(files=0xffff8f3081b6ec00, fd=0x3);
 0)   0.160 us    |      _raw_spin_unlock(lock=0xffff8f3081b6ec80);
 0)   1.272 us    |    }
 0)               |    filp_flush(filp=0xffff8f30819dbcc0, id=0xffff8f3081b6ec00) {
 0)   0.160 us    |      dnotify_flush(filp=0xffff8f30819dbcc0, id=0xffff8f3081b6ec00);
 0)   0.171 us    |      locks_remove_posix(filp=0xffff8f30819dbcc0, owner=0xffff8f3081b6ec00);
 0)   0.902 us    |    }
 0)               |    fput_close_sync(file=0xffff8f30819dbcc0) {
 0)               |        irq_enter_rcu() {
 0)   0.230 us    |          irqtime_account_irq(curr=0xffff8f308368c400, offset=0x10000);
 0)   0.621 us    |        }
 0)               |        __sysvec_apic_timer_interrupt(regs=0xffffd26ac050f8b8) {
 0)               |          hrtimer_interrupt(dev=0xffff8f30bec1cac0) {
 0)   0.160 us    |            _raw_spin_lock_irqsave(lock=0xffff8f30bec217c0);
 0)   0.231 us    |            ktime_get_update_offsets_now(cwsseq=0xffff8f30bec217cc, offs_real=0xffff8f30bec218b8, offs_boot=0xffff8f30bec218f8, offs_tai=0xffff8f30bec21938);
 0)               |            __hrtimer_run_queues(cpu_base=0xffff8f30bec217c0, now=8223002701, flags=0x86, active_mask=0xf) {
 0)   0.200 us    |              __remove_hrtimer(timer=0xffff8f30bec21df8, base=0xffff8f30bec21840, newstate=0x0, reprogram=0x0);
 0)   0.180 us    |              _raw_spin_unlock_irqrestore(lock=0xffff8f30bec217c0, flags=0x86);
 0)               |              tick_nohz_handler(timer=0xffff8f30bec21df8) {
 0)   0.190 us    |                ktime_get();
 0)               |                tick_do_update_jiffies64(now=8223004253) {
 0)   0.161 us    |                  _raw_spin_lock(lock=0xffffffffaf807ac0);
 0)   0.151 us    |                  calc_global_load();
 0)   0.160 us    |                  _raw_spin_unlock(lock=0xffffffffaf807ac0);
 0)               |                  update_wall_time() {
 0)   0.160 us    |                    _raw_spin_lock_irqsave(lock=0xffffffffb05819e8);
 0)               |                    __timekeeping_advance(tkd=0xffffffffb0581780, mode=0 [TK_ADV_TICK]) {
 0)   0.160 us    |                      ntp_tick_length(tkid=0x0);
 0)   0.161 us    |                      ntp_tick_length(tkid=0x0);
 0)               |                      timekeeping_update_from_shadow(tkd=0xffffffffb0581780, action=0x0) {
 0)   0.161 us    |                        ntp_get_next_leap(tkid=0x0);
 0)   0.211 us    |                        update_vsyscall(tk=0xffffffffb05818b8);
 0)               |                        raw_notifier_call_chain(nh=0xffffffffb0581728, val=0x0, v=0xffffffffb05818b8) {
 0)   0.180 us    |                          notifier_call_chain(nl=0xffffffffb0581728, val=0x0, v=0xffffffffb05818b8, nr_to_call=4294967295, nr_calls=0x0);
 0)   0.511 us    |                        }
 0)   0.171 us    |                        update_fast_timekeeper(tkr=0xffffffffb05818b8, tkf=0xffffffffaf943f80);
 0)   0.150 us    |                        update_fast_timekeeper(tkr=0xffffffffb0581930, tkf=0xffffffffaf943f00);
 0)   2.334 us    |                      }
 0)   3.456 us    |                    }
 0)   0.160 us    |                    _raw_spin_unlock_irqrestore(lock=0xffffffffb05819e8, flags=0x86);
 0)   4.478 us    |                  }
 0)   5.841 us    |                }
 0)               |                update_process_times(user_tick=0) {
 0)               |                  account_process_tick(p=0xffff8f308368c400, user_tick=0) {
 0)               |                    irqtime_account_process_tick(p=0xffff8f308368c400, user_tick=0, ticks=1) {
 0)   0.160 us    |                      kvm_steal_clock(cpu=0);
 0)               |                      account_system_index_time(p=0xffff8f308368c400, cputime=0xe6305, index=2 [CPUTIME_SYSTEM]) {
 0)   0.161 us    |                        cpuacct_account_field(tsk=0xffff8f308368c400, index=2, val=0xe6305);
 0)   0.151 us    |                        acct_account_cputime(tsk=0xffff8f308368c400);
 0)   0.912 us    |                      }
 0)   1.603 us    |                    }
 0)   2.004 us    |                  }
 0)   0.160 us    |                  hrtimer_run_queues();
 0)               |                  tmigr_requires_handle_remote() {
 0)   0.161 us    |                    get_jiffies_update(basej=0xffffd26ac0003ed8);
 0)   0.541 us    |                  }
 0)               |                  rcu_sched_clock_irq(user=0) {
 0)   0.160 us    |                    rcu_segcblist_ready_cbs(rsclp=0xffff8f30bec34280);
 0)   0.571 us    |                  }
 0)               |                  sched_tick() {
 0)   0.180 us    |                    arch_scale_freq_tick();
 0)               |                    raw_spin_rq_lock_nested(rq=0xffff8f30bec32f40, subclass=0) {
 0)   0.150 us    |                      _raw_spin_lock(lock=0xffff8f30bec32f88);
 0)   0.512 us    |                    }
 0)               |                    psi_account_irqtime(rq=0xffff8f30bec32f40, curr=0xffff8f308368c400, prev=0x0) {
 0)   0.171 us    |                      record_times(groupc=0xffff8f30bec1d1c0, now=0x1eb24fa52);
 0)   0.601 us    |                    }
 0)               |                    update_rq_clock(rq=0xffff8f30bec32f40) {
 0)   0.160 us    |                      kvm_steal_clock(cpu=0);
 0)               |                      update_irq_load_avg(rq=0xffff8f30bec32f40, running=0x7392) {
 0)   0.150 us    |                        arch_scale_cpu_capacity(cpu=0);
 0)   0.541 us    |                      }
 0)   0.150 us    |                      arch_scale_cpu_capacity(cpu=0);
 0)   1.583 us    |                    }
 0)               |                    task_tick_fair(rq=0xffff8f30bec32f40, curr=0xffff8f308368c400, queued=0) {
 0)               |                      update_curr(cfs_rq=0xffff8f30bec33040) {
 0)               |                        update_se(rq=0xffff8f30bec32f40, se=0xffff8f308368c480) {
 0)   0.171 us    |                          cpuacct_charge(tsk=0xffff8f308368c400, cputime=0xe6604);
 0)   0.521 us    |                        }
 0)               |                        dl_server_update(dl_se=0xffff8f30bec33bc8, delta_exec=943620) {
 0)   0.171 us    |                          update_curr_dl_se(rq=0xffff8f30bec32f40, dl_se=0xffff8f30bec33bc8, delta_exec=943620);
 0)   0.511 us    |                        }
 0)               |                        resched_curr_lazy(rq=0xffff8f30bec32f40) {
 0)   0.170 us    |                          __resched_curr(rq=0xffff8f30bec32f40, tif=4);
 0)   0.530 us    |                        }
 0)   2.344 us    |                      }
 0)   0.190 us    |                      __update_load_avg_se(now=0x1e9237956, cfs_rq=0xffff8f30bec33040, se=0xffff8f308368c480);
 0)   0.180 us    |                      __update_load_avg_cfs_rq(now=0x1e9237956, cfs_rq=0xffff8f30bec33040);
 0)   0.150 us    |                      update_cfs_group(se=0xffff8f308368c480);
 0)   3.957 us    |                    }
 0)   0.151 us    |                    calc_global_load_tick(this_rq=0xffff8f30bec32f40);
 0)   0.160 us    |                    scx_tick(rq=0xffff8f30bec32f40);
 0)   0.160 us    |                    _raw_spin_unlock(lock=0xffff8f30bec32f88);
 0)               |                    perf_event_task_tick() {
 0)   0.160 us    |                      perf_adjust_freq_unthr_context(ctx=0xffff8f30bec2cbe0, unthrottle=0x0);
 0)   0.151 us    |                      __rcu_read_lock();
 0)   0.160 us    |                      __rcu_read_unlock();
 0)   1.202 us    |                    }
 0)   0.149 us    |                    idle_cpu(cpu=0);
 0)               |                    sched_balance_trigger(rq=0xffff8f30bec32f40) {
 0)   0.160 us    |                      nohz_balance_exit_idle(rq=0xffff8f30bec32f40);
 0)   0.551 us    |                    }
 0) + 11.591 us   |                  }
 0)   0.161 us    |                  run_posix_cpu_timers();
 0) + 16.440 us   |                }
 0)               |                profile_tick(type=1) {
 0)   0.161 us    |                  profile_pc(regs=0xffffd26ac050f8b8);
 0)   0.532 us    |                }
 0)   0.151 us    |                hrtimer_forward(timer=0xffff8f30bec21df8, now=8223004253, interval=1000000);
 0) + 24.295 us   |              }
 0)   0.150 us    |              _raw_spin_lock_irq(lock=0xffff8f30bec217c0);
 0)   0.211 us    |              enqueue_hrtimer(timer=0xffff8f30bec21df8, base=0xffff8f30bec21840, mode=0 [HRTIMER_MODE_ABS], was_armed=0x0);
 0) + 26.169 us   |            }
 0)   0.191 us    |            ktime_get_update_offsets_now(cwsseq=0xffff8f30bec217cc, offs_real=0xffff8f30bec218b8, offs_boot=0xffff8f30bec218f8, offs_tai=0xffff8f30bec21938);
 0)               |            hrtimer_update_next_event(cpu_base=0xffff8f30bec217c0) {
 0)   0.160 us    |              hrtimer_bases_first(cpu_base=0xffff8f30bec217c0, active=0x1, expires_next=0xffffd26ac0003f70, next_timer=0xffffd26ac0003f68);
 0)   0.512 us    |            }
 0)   0.160 us    |            _raw_spin_unlock_irqrestore(lock=0xffff8f30bec217c0, flags=0x86);
 0) + 28.734 us   |          }
 0) + 29.154 us   |        }
 0)               |        irq_exit_rcu() {
 0)   0.189 us    |          irqtime_account_irq(curr=0xffff8f308368c400, offset=0x0);
 0)   0.170 us    |          sched_core_idle_cpu(cpu=0);
 0)   0.922 us    |        }
 0)   0.180 us    |        raw_irqentry_exit_cond_resched();
 0)               |        __hrtimer_rearm_deferred() {
 0)   0.161 us    |          _raw_spin_lock(lock=0xffff8f30bec217c0);
 0)               |          tick_program_event(expires=8223159099, force=1) {
 0)               |            clockevents_program_event(dev=0xffff8f30bec1cac0, expires=8223159099, force=0x1) {
 0)   0.160 us    |              ktime_expiry_to_cycles(id=4 [CSID_X86_TSC], expires_ns=8223159099, cycles=0xffffd26ac050f868);
 0)   0.181 us    |              ktime_get();
 0)   1.303 us    |              lapic_next_deadline(delta=0x10031, evt=0xffff8f30bec1cac0);
 0)   2.515 us    |            }
 0)   2.885 us    |          }
 0)   0.161 us    |          _raw_spin_unlock(lock=0xffff8f30bec217c0);
 0)   3.907 us    |        }
 0)               |      __fput(file=0xffff8f30819dbcc0) {
 0)   0.190 us    |        rcu_note_context_switch(preempt=0x1);
 0)   0.160 us    |        migrate_disable_switch.isra.0();
 0)               |        raw_spin_rq_lock_nested(rq=0xffff8f30bec32f40, subclass=0) {
 0)   0.161 us    |          _raw_spin_lock(lock=0xffff8f30bec32f88);
 0)   0.492 us    |        }
 0)               |        update_rq_clock(rq=0xffff8f30bec32f40) {
 0)   0.161 us    |          kvm_steal_clock(cpu=0);
 0)               |          update_irq_load_avg(rq=0xffff8f30bec32f40, running=0x53ac) {
 0)   0.150 us    |            arch_scale_cpu_capacity(cpu=0);
 0)   0.510 us    |          }
 0)   0.151 us    |          arch_scale_cpu_capacity(cpu=0);
 0)   1.554 us    |        }
 0)               |        pick_next_task_fair(rq=0xffff8f30bec32f40, prev=0xffff8f308368c400, rf=0xffffd26ac050f910) {
 0)               |          pick_task_fair(rq=0xffff8f30bec32f40, rf=0xffffd26ac050f910) {
 0)               |            update_curr(cfs_rq=0xffff8f30bec33040) {
 0)   0.171 us    |              update_se(rq=0xffff8f30bec32f40, se=0xffff8f308368c480);
 0)   0.501 us    |            }
 0)               |            pick_eevdf(cfs_rq=0xffff8f30bec33040, protect=0x1) {
 0)   0.169 us    |              vruntime_eligible(cfs_rq=0xffff8f30bec33040, vruntime=0x21cee7a6);
 0)   0.150 us    |              vruntime_eligible(cfs_rq=0xffff8f30bec33040, vruntime=0x21c081a2);
 0)   0.892 us    |            }
 0)   1.953 us    |          }
 0)               |          put_prev_entity(cfs_rq=0xffff8f30bec33040, prev=0xffff8f308368c480) {
 0)               |            update_curr(cfs_rq=0xffff8f30bec33040) {
 0)   0.151 us    |              update_se(rq=0xffff8f30bec32f40, se=0xffff8f308368c480);
 0)   0.491 us    |            }
 0)   0.240 us    |            __enqueue_entity(cfs_rq=0xffff8f30bec33040, se=0xffff8f308368c480);
 0)   0.170 us    |            __update_load_avg_se(now=0x1e9237956, cfs_rq=0xffff8f30bec33040, se=0xffff8f308368c480);
 0)   0.170 us    |            __update_load_avg_cfs_rq(now=0x1e9237956, cfs_rq=0xffff8f30bec33040);
 0)   2.004 us    |          }
 0)               |          set_next_entity(cfs_rq=0xffff8f30bec33040, se=0xffff8f3081382280, first=0x1) {
 0)   0.190 us    |            __dequeue_entity(cfs_rq=0xffff8f30bec33040, se=0xffff8f3081382280);
 0)   0.180 us    |            __update_load_avg_se(now=0x1e9237956, cfs_rq=0xffff8f30bec33040, se=0xffff8f3081382280);
 0)   0.149 us    |            __update_load_avg_cfs_rq(now=0x1e9237956, cfs_rq=0xffff8f30bec33040);
 0)   1.282 us    |          }
 0)               |          __set_next_task_fair.part.0() {
 0)               |            hrtick_start_fair(rq=0xffff8f30bec32f40, p=0xffff8f3081382200) {
 0)   0.161 us    |              hrtick_start(rq=0xffff8f30bec32f40, delay=0x202b2b);
 0)   0.642 us    |            }
 0)   0.991 us    |          }
 0)   7.244 us    |        }
 0)   0.170 us    |        psi_account_irqtime(rq=0xffff8f30bec32f40, curr=0xffff8f308368c400, prev=0xffff8f3081382200);
 0)               |        psi_task_switch(prev=0xffff8f308368c400, next=0xffff8f3081382200, sleep=0x0) {
 0)   0.151 us    |          psi_flags_change(task=0xffff8f3081382200, clear=0, set=16);
 0)   0.150 us    |          psi_flags_change(task=0xffff8f308368c400, clear=16, set=0);
 0)   0.933 us    |        }
 0)   0.751 us    |        __traceiter_sched_switch(__data=0xffffffffaf954600, preempt=0x1, prev=0xffff8f308368c400, next=0xffff8f3081382200, prev_state=0x0);
 0)               |        finish_task_switch.isra.0() {
 0)   0.180 us    |          _raw_spin_unlock(lock=0xffff8f30bec32f88);
 0)   0.601 us    |        }
 0)   0.180 us    |        locks_remove_file(filp=0xffff8f30819dbcc0);
 0)               |        security_file_release(file=0xffff8f30819dbcc0) {
 0)   0.160 us    |          bpf_lsm_file_release(file=0xffff8f30819dbcc0);
 0)   0.521 us    |        }
 0)               |        proc_reg_release(inode=0xffff8f30815ff2e8, file=0xffff8f30819dbcc0) {
 0)               |          single_release(inode=0xffff8f30815ff2e8, file=0xffff8f30819dbcc0) {
 0)               |            kvfree(addr=0xffff8f3083018000) {
 0)   0.161 us    |              is_vmalloc_addr(x=0xffff8f3083018000);
 0)   0.160 us    |              kfree(object=0xffff8f3083018000);
 0)   0.862 us    |            }
 0)   0.231 us    |            kmem_cache_free(s=0xffff8f308127fd00, x=0xffff8f30836821c0);
 0)   0.180 us    |            kfree(object=0xffff8f30830addc0);
 0)   2.003 us    |          }
 0)   2.455 us    |        }
 0)   0.161 us    |        module_put(module=0x0);
 0)   0.160 us    |        file_f_owner_release(file=0xffff8f30819dbcc0);
 0)               |        dput(dentry=0xffff8f30816abf00) {
 0)               |          dput.part.0() {
 0)   0.150 us    |            __rcu_read_lock();
 0)   0.150 us    |            _raw_spin_lock(lock=0xffff8f30816abf80);
 0)   0.160 us    |            proc_misc_d_delete(dentry=0xffff8f30816abf00);
 0)   0.151 us    |            _raw_spin_unlock(lock=0xffff8f30816abf80);
 0)   0.150 us    |            __rcu_read_unlock();
 0)   1.904 us    |          }
 0)   2.233 us    |        }
 0)               |        mntput(mnt=0xffff8f30812bdb20) {
 0)   0.151 us    |          __rcu_read_lock();
 0)   0.160 us    |          __rcu_read_unlock();
 0)   0.832 us    |        }
 0)               |        security_file_free(file=0xffff8f30819dbcc0) {
 0)               |          hook_file_free_security(file=0xffff8f30819dbcc0) {
 0)   0.310 us    |            put_pid(pid=0x0);
 0)   0.160 us    |            landlock_put_ruleset_deferred(ruleset=0x0);
 0)   1.011 us    |          }
 0)   0.161 us    |          bpf_lsm_file_free_security(file=0xffff8f30819dbcc0);
 0)   0.160 us    |          kmem_cache_free(s=0xffff8f3081274b00, x=0xffff8f3082e4e160);
 0)   2.024 us    |        }
 0)   0.151 us    |        kmem_cache_free(s=0xffff8f308127f800, x=0xffff8f30819dbcc0);
 0) + 72.696 us   |      }
 0) + 73.057 us   |    }
 0) + 76.072 us   |  }
 0)   0.180 us    |  switch_fpu_return();
 0)               |  __x64_sys_exit_group(regs=0xffffd26ac050ff48) {
 0)               |    do_group_exit(exit_code=0) {
 0)   0.180 us    |      _raw_spin_lock_irq(lock=0xffff8f3083974a40);
 0)   0.170 us    |      zap_other_threads(p=0xffff8f308368c400);
 0)   0.170 us    |      _raw_spin_unlock_irq(lock=0xffff8f3083974a40);
 0)               |      do_exit(code=0) {
 0)   0.161 us    |        _raw_spin_lock_irq(lock=0xffff8f3083974a40);
 0)   0.160 us    |        _raw_spin_unlock_irq(lock=0xffff8f3083974a40);
 0)               |        sched_mm_cid_exit(t=0xffff8f308368c400) {
 0)   0.151 us    |          mutex_lock(lock=0xffff8f3081b4dc18);
 0)   0.151 us    |          _raw_spin_lock_irq(lock=0xffff8f3081b4dc10);
 0)               |          sched_mm_cid_remove_user(t=0xffff8f308368c400) {
 0)   0.161 us    |            mm_update_max_cids(mm=0xffff8f3081b4db00);
 0)   0.481 us    |          }
 0)   0.160 us    |          _raw_spin_unlock_irq(lock=0xffff8f3081b4dc10);
 0)   0.150 us    |          mutex_unlock(lock=0xffff8f3081b4dc18);
 0)               |          cancel_work_sync(work=0xffff8f3081b4dbf0) {
 0)               |            __cancel_work(work=0xffff8f3081b4dbf0, cflags=0x2) {
 0)   0.161 us    |              try_to_grab_pending(work=0xffff8f3081b4dbf0, cflags=0x2, irq_flags=0xffffd26ac050fcd8);
 0)   0.510 us    |            }
 0)               |            __flush_work(work=0xffff8f3081b4dbf0, from_cancel=0x1) {
 0)   0.160 us    |              __rcu_read_lock();
 0)   0.160 us    |              __rcu_read_unlock();
 0)   0.861 us    |            }
 0)               |            enable_work(work=0xffff8f3081b4dbf0) {
 0)   0.149 us    |              try_to_grab_pending(work=0xffff8f3081b4dbf0, cflags=0x0, irq_flags=0xffffd26ac050fce0);
 0)   0.501 us    |            }
 0)   2.604 us    |          }
 0)   5.060 us    |        }
 0)   0.350 us    |        exit_signals(tsk=0xffff8f308368c400);
 0)   0.160 us    |        seccomp_filter_release(tsk=0xffff8f308368c400);
 0)               |        acct_update_integrals(tsk=0xffff8f308368c400) {
 0)   0.151 us    |          task_cputime(t=0xffff8f308368c400, utime=0xffffd26ac050fce8, stime=0xffffd26ac050fcf0);
 0)   0.581 us    |        }
 0)               |        hrtimer_cancel(timer=0xffff8f3083989b98) {
 0)   0.180 us    |          hrtimer_active(timer=0xffff8f3083989b98);
 0)   0.521 us    |        }
 0)   0.160 us    |        exit_itimers(tsk=0xffff8f308368c400);
 0)               |        acct_collect(exitcode=0, group_dead=1) {
 0)   0.191 us    |          down_read(sem=0xffff8f3081b4dc90);
 0)   0.161 us    |          up_read(sem=0xffff8f3081b4dc90);
 0)   0.160 us    |          _raw_spin_lock_irq(lock=0xffff8f3083974a40);
 0)   0.161 us    |          task_cputime(t=0xffff8f308368c400, utime=0xffffd26ac050fc70, stime=0xffffd26ac050fc78);
 0)   0.161 us    |          _raw_spin_unlock_irq(lock=0xffff8f3083974a40);
 0)   2.225 us    |        }
 0)   0.169 us    |        tty_audit_exit();
 0)   0.571 us    |        taskstats_exit(tsk=0xffff8f308368c400, group_dead=1);
 0)               |        perf_event_exit_task(task=0xffff8f308368c400) {
 0)   0.160 us    |          mutex_lock(lock=0xffff8f308368d438);
 0)   0.160 us    |          mutex_unlock(lock=0xffff8f308368d438);
 0)               |          perf_event_exit_task_context(task=0xffff8f308368c400, exit=0x1) {
 0)               |            perf_lock_task_context(task=0xffff8f308368c400, flags=0xffffd26ac050fc60) {
 0)   0.151 us    |              __rcu_read_lock();
 0)   0.160 us    |              __rcu_read_unlock();
 0)   0.831 us    |            }
 0)   1.202 us    |          }
 0)   0.181 us    |          perf_event_task(task=0xffff8f308368c400, task_ctx=0x0, new=0);
 0)               |          detach_task_ctx_data(p=0xffff8f308368c400) {
 0)   0.151 us    |            __rcu_read_lock();
 0)   0.150 us    |            __rcu_read_unlock();
 0)   0.811 us    |          }
 0)   3.707 us    |        }
 0)   0.149 us    |        unwind_deferred_task_exit(task=0xffff8f308368c400);
 0)               |        exit_mm_release(tsk=0xffff8f308368c400, mm=0xffff8f3081b4db00) {
 0)               |          futex_exit_release(tsk=0xffff8f308368c400) {
 0)   0.151 us    |            mutex_lock(lock=0xffff8f308368d410);
 0)   0.160 us    |            _raw_spin_lock_irq(lock=0xffff8f308368d264);
 0)   0.160 us    |            _raw_spin_unlock_irq(lock=0xffff8f308368d264);
 0)   0.161 us    |            futex_cleanup(tsk=0xffff8f308368c400);
 0)   0.150 us    |            mutex_unlock(lock=0xffff8f308368d410);
 0)   1.853 us    |          }
 0)               |          mm_release(tsk=0xffff8f308368c400, mm=0xffff8f3081b4db00) {
 0)   0.171 us    |            uprobe_free_utask(t=0xffff8f308368c400);
 0)   0.160 us    |            shstk_free(tsk=0xffff8f308368c400);
 0)   1.073 us    |          }
 0)   3.487 us    |        }
 0)   0.151 us    |        down_read(sem=0xffff8f3081b4dc90);
 0)   0.160 us    |        _raw_spin_lock(lock=0xffff8f308368d260);
 0)   0.170 us    |        membarrier_update_current_mm(next_mm=0x0);
 0)   0.161 us    |        _raw_spin_unlock(lock=0xffff8f308368d260);
 0)   0.160 us    |        up_read(sem=0xffff8f3081b4dc90);
 0)   0.171 us    |        mm_update_next_owner(mm=0xffff8f3081b4db00);
 0)               |        mmput(mm=0xffff8f3081b4db00) {
 0)               |          uprobe_clear_state(mm=0xffff8f3081b4db00) {
 0)   0.150 us    |            mutex_lock(lock=0xffffffffb05953d0);
 0)   0.171 us    |            delayed_uprobe_remove.part.0();
 0)   0.149 us    |            mutex_unlock(lock=0xffffffffb05953d0);
 0)   0.160 us    |            arch_uprobe_clear_state(mm=0xffff8f3081b4db00);
 0)   1.563 us    |          }
 0)   0.171 us    |          exit_aio(mm=0xffff8f3081b4db00);
 0)               |          exit_mmap(mm=0xffff8f3081b4db00) {
 0)   0.150 us    |            down_read(sem=0xffff8f3081b4dc90);
 0)               |            ldt_arch_exit_mmap(mm=0xffff8f3081b4db00) {
 0)   0.171 us    |              free_ldt_pgtables(mm=0xffff8f3081b4db00);
 0)   0.510 us    |            }
 0)   0.170 us    |            tlb_gather_mmu_fullmm(tlb=0xffffd26ac050fc50, mm=0xffff8f3081b4db00);
 0)               |            unmap_vmas(tlb=0xffffd26ac050fc50, unmap=0xffffd26ac050fbb0) {
 0)               |              __zap_vma_range(tlb=0xffffd26ac050fc50, vma=0xffff8f308308b300, start=0x7f4937d04000, end=0x7f4937d08000, details=0xffffd26ac050fb50) {
 0)               |                pte_offset_map_lock(mm=0xffff8f3081b4db00, pmd=0xffff8f30838b4df0, addr=0x7f4937d04000, ptlp=0xffffd26ac050fad8) {
 0)               |                  __pte_offset_map(pmd=0xffff8f30838b4df0, addr=0x7f4937d04000, pmdvalp=0xffffd26ac050f9f0) {
 0)   0.151 us    |                    __rcu_read_lock();
 0)   0.491 us    |                  }
 0)   0.161 us    |                  _raw_spin_lock(lock=0xfffff2a1000d3fe8);
 0)   1.173 us    |                }
 0)   0.161 us    |                flush_tlb_batched_pending(mm=0xffff8f3081b4db00);
 0)   0.170 us    |                _raw_spin_unlock(lock=0xfffff2a1000d3fe8);
 0)   0.160 us    |                __rcu_read_unlock();
 0)   2.765 us    |              }
 0)               |              __zap_vma_range(tlb=0xffffd26ac050fc50, vma=0xffff8f3083259cc0, start=0x7f4937d08000, end=0x7f4937d0a000, details=0xffffd26ac050fb50) {
 0)               |                pte_offset_map_lock(mm=0xffff8f3081b4db00, pmd=0xffff8f30838b4df0, addr=0x7f4937d08000, ptlp=0xffffd26ac050fad8) {
 0)               |                  __pte_offset_map(pmd=0xffff8f30838b4df0, addr=0x7f4937d08000, pmdvalp=0xffffd26ac050f9f0) {
 0)   0.151 us    |                    __rcu_read_lock();
 0)   0.621 us    |                  }
 0)   0.150 us    |                  _raw_spin_lock(lock=0xfffff2a1000d3fe8);
 0)   1.292 us    |                }
 0)   0.160 us    |                flush_tlb_batched_pending(mm=0xffff8f3081b4db00);
 0)   0.161 us    |                _raw_spin_unlock(lock=0xfffff2a1000d3fe8);
 0)   0.161 us    |                __rcu_read_unlock();
 0)   2.676 us    |              }
 0)               |              __zap_vma_range(tlb=0xffffd26ac050fc50, vma=0xffff8f30831f8e40, start=0x7f4937d0a000, end=0x7f4937d0c000, details=0xffffd26ac050fb50) {
 0)               |                pte_offset_map_lock(mm=0xffff8f3081b4db00, pmd=0xffff8f30838b4df0, addr=0x7f4937d0a000, ptlp=0xffffd26ac050fad8) {
 0)               |                  __pte_offset_map(pmd=0xffff8f30838b4df0, addr=0x7f4937d0a000, pmdvalp=0xffffd26ac050f9f0) {
 0)   0.150 us    |                    __rcu_read_lock();
 0)   0.501 us    |                  }
 0)   0.150 us    |                  _raw_spin_lock(lock=0xfffff2a1000d3fe8);
 0)   1.162 us    |                }
 0)   0.151 us    |                flush_tlb_batched_pending(mm=0xffff8f3081b4db00);
 0)   0.160 us    |                _raw_spin_unlock(lock=0xfffff2a1000d3fe8);
 0)   0.150 us    |                __rcu_read_unlock();
 0)   2.515 us    |              }
 0)               |              __zap_vma_range(tlb=0xffffd26ac050fc50, vma=0xffff8f30831f8480, start=0x7f4937d0c000, end=0x7f4937d0d000, details=0xffffd26ac050fb50) {
 0)   0.160 us    |                uprobe_munmap(vma=0xffff8f30831f8480, start=0x7f4937d0c000, end=0x7f4937d0d000);
 0)               |                pte_offset_map_lock(mm=0xffff8f3081b4db00, pmd=0xffff8f30838b4df0, addr=0x7f4937d0c000, ptlp=0xffffd26ac050fad8) {
 0)               |                  __pte_offset_map(pmd=0xffff8f30838b4df0, addr=0x7f4937d0c000, pmdvalp=0xffffd26ac050f9f0) {
 0)   0.150 us    |                    __rcu_read_lock();
 0)   0.490 us    |                  }
 0)   0.150 us    |                  _raw_spin_lock(lock=0xfffff2a1000d3fe8);
 0)   1.163 us    |                }
 0)   0.150 us    |                flush_tlb_batched_pending(mm=0xffff8f3081b4db00);
 0)   0.180 us    |                vm_normal_page(vma=0xffff8f30831f8480, addr=0x7f4937d0c000, pte=(STRUCT)[0x800000001c856025]);
 0)   0.180 us    |                folio_mark_accessed(folio=0xfffff2a100721580);
 0)   0.160 us    |                arch_check_zapped_pte(vma=0xffff8f30831f8480, pte=(STRUCT)[0x800000001c856025]);
 0)   0.180 us    |                folio_remove_rmap_ptes(folio=0xfffff2a100721580, page=0xfffff2a100721580, nr_pages=1, vma=0xffff8f30831f8480);
 0)   0.161 us    |                __tlb_remove_folio_pages(tlb=0xffffd26ac050fc50, page=0xfffff2a100721580, nr_pages=0x1, delay_rmap=0x0);
 0)   0.160 us    |                _raw_spin_unlock(lock=0xfffff2a1000d3fe8);
 0)   0.151 us    |                __rcu_read_unlock();
 0)   4.739 us    |              }
 0)               |              __zap_vma_range(tlb=0xffffd26ac050fc50, vma=0xffff8f30840b0e40, start=0x7f4937d0d000, end=0x7f4937dd7000, details=0xffffd26ac050fb50) {
 0)   0.150 us    |                uprobe_munmap(vma=0xffff8f30840b0e40, start=0x7f4937d0d000, end=0x7f4937dd7000);
 0)               |                pte_offset_map_lock(mm=0xffff8f3081b4db00, pmd=0xffff8f30838b4df0, addr=0x7f4937d0d000, ptlp=0xffffd26ac050fad8) {
 0)               |                  __pte_offset_map(pmd=0xffff8f30838b4df0, addr=0x7f4937d0d000, pmdvalp=0xffffd26ac050f9f0) {
 0)   0.151 us    |                    __rcu_read_lock();
 0)   0.481 us    |                  }
 0)   0.481 us    |                  _raw_spin_lock(lock=0xfffff2a1000d3fe8);
 0)   1.523 us    |                }
 0)   0.161 us    |                flush_tlb_batched_pending(mm=0xffff8f3081b4db00);
 0)   0.160 us    |                vm_normal_page(vma=0xffff8f30840b0e40, addr=0x7f4937d0d000, pte=(STRUCT)[0x1c857025]);
 0)   0.160 us    |                folio_mark_accessed(folio=0xfffff2a1007215c0);
 0)   0.161 us    |                arch_check_zapped_pte(vma=0xffff8f30840b0e40, pte=(STRUCT)[0x1c857025]);
 0)   0.151 us    |                folio_remove_rmap_ptes(folio=0xfffff2a1007215c0, page=0xfffff2a1007215c0, nr_pages=1, vma=0xffff8f30840b0e40);
 0)   0.150 us    |                __tlb_remove_folio_pages(tlb=0xffffd26ac050fc50, page=0xfffff2a1007215c0, nr_pages=0x1, delay_rmap=0x0);
 0)   0.161 us    |                vm_normal_page(vma=0xffff8f30840b0e40, addr=0x7f4937d0e000, pte=(STRUCT)[0x1c858025]);
 0)   0.151 us    |                folio_mark_accessed(folio=0xfffff2a100721600);
 0)   0.160 us    |                arch_check_zapped_pte(vma=0xffff8f30840b0e40, pte=(STRUCT)[0x1c858025]);
 0)   0.160 us    |                folio_remove_rmap_ptes(folio=0xfffff2a100721600, page=0xfffff2a100721600, nr_pages=1, vma=0xffff8f30840b0e40);
 0)   0.150 us    |                __tlb_remove_folio_pages(tlb=0xffffd26ac050fc50, page=0xfffff2a100721600, nr_pages=0x1, delay_rmap=0x0);
 0)   0.160 us    |                vm_normal_page(vma=0xffff8f30840b0e40, addr=0x7f4937d0f000, pte=(STRUCT)[0x1c859025]);
 0)   0.161 us    |                folio_mark_accessed(folio=0xfffff2a100721640);
 0)   0.150 us    |                arch_check_zapped_pte(vma=0xffff8f30840b0e40, pte=(STRUCT)[0x1c859025]);
 0)   0.151 us    |                folio_remove_rmap_ptes(folio=0xfffff2a100721640, page=0xfffff2a100721640, nr_pages=1, vma=0xffff8f30840b0e40);
 0)   0.161 us    |                __tlb_remove_folio_pages(tlb=0xffffd26ac050fc50, page=0xfffff2a100721640, nr_pages=0x1, delay_rmap=0x0);
 0)   0.160 us    |                vm_normal_page(vma=0xffff8f30840b0e40, addr=0x7f4937d10000, pte=(STRUCT)[0x1c85a025]);
 0)   0.149 us    |                folio_mark_accessed(folio=0xfffff2a100721680);
 0)   0.160 us    |                arch_check_zapped_pte(vma=0xffff8f30840b0e40, pte=(STRUCT)[0x1c85a025]);
 0)   0.160 us    |                folio_remove_rmap_ptes(folio=0xfffff2a100721680, page=0xfffff2a100721680, nr_pages=1, vma=0xffff8f30840b0e40);
 0)   0.160 us    |                __tlb_remove_folio_pages(tlb=0xffffd26ac050fc50, page=0xfffff2a100721680, nr_pages=0x1, delay_rmap=0x0);
 0)   0.160 us    |                vm_normal_page(vma=0xffff8f30840b0e40, addr=0x7f4937d11000, pte=(STRUCT)[0x1c85b025]);
 0)   0.151 us    |                folio_mark_accessed(folio=0xfffff2a1007216c0);
 0)   0.150 us    |                arch_check_zapped_pte(vma=0xffff8f30840b0e40, pte=(STRUCT)[0x1c85b025]);
 0)   0.160 us    |                folio_remove_rmap_ptes(folio=0xfffff2a1007216c0, page=0xfffff2a1007216c0, nr_pages=1, vma=0xffff8f30840b0e40);
 0)   0.160 us    |                __tlb_remove_folio_pages(tlb=0xffffd26ac050fc50, page=0xfffff2a1007216c0, nr_pages=0x1, delay_rmap=0x0);
 0)   0.171 us    |                vm_normal_page(vma=0xffff8f30840b0e40, addr=0x7f4937d12000, pte=(STRUCT)[0x1c85c025]);
 0)   0.150 us    |                folio_mark_accessed(folio=0xfffff2a100721700);
 0)   0.151 us    |                arch_check_zapped_pte(vma=0xffff8f30840b0e40, pte=(STRUCT)[0x1c85c025]);
 0)   0.150 us    |                folio_remove_rmap_ptes(folio=0xfffff2a100721700, page=0xfffff2a100721700, nr_pages=1, vma=0xffff8f30840b0e40);
 0)               |                __tlb_remove_folio_pages(tlb=0xffffd26ac050fc50, page=0xfffff2a100721700, nr_pages=0x1, delay_rmap=0x0) {
 0)               |                  tlb_next_batch(tlb=0xffffd26ac050fc50) {
 0)               |                    get_free_pages_noprof(gfp_mask=0x2800, order=0x0) {
 0)               |                      alloc_pages_noprof(gfp=0x2800, order=0x0) {
 0)               |                        alloc_pages_mpol(gfp=0x2800, order=0x0, pol=0xffffffffb05b36a0, ilx=0xffffffffffffffff, nid=0) {
 0)   0.181 us    |                          policy_nodemask(gfp=0x2800, pol=0xffffffffb05b36a0, ilx=0xffffffffffffffff, nid=0xffffd26ac050f9d4);
 0)               |                          __alloc_frozen_pages_noprof(gfp=0x2800, order=0x0, preferred_nid=0, nodemask=0x0) {
 0)               |                            get_page_from_freelist(gfp_mask=0x2800, order=0x0, alloc_flags=2049, ac=0xffffd26ac050f970) {
 0)   0.161 us    |                              _raw_spin_trylock(lock=0xffff8f30bec38e80);
 0)   0.161 us    |                              _raw_spin_unlock(lock=0xffff8f30bec38e80);
 0)   0.200 us    |                              kernel_init_pages(page=0xfffff2a1000a8f80, numpages=1);
 0)   1.282 us    |                            }
 0)   1.643 us    |                          }
 0)   2.365 us    |                        }
 0)   2.715 us    |                      }
 0)   3.066 us    |                    }
 0)   3.417 us    |                  }
 0)   3.918 us    |                }
 0)   0.161 us    |                vm_normal_page(vma=0xffff8f30840b0e40, addr=0x7f4937d13000, pte=(STRUCT)[0x1c85d025]);
 0)   0.160 us    |                folio_mark_accessed(folio=0xfffff2a100721740);
 0)   0.150 us    |                arch_check_zapped_pte(vma=0xffff8f30840b0e40, pte=(STRUCT)[0x1c85d025]);
 0)   0.151 us    |                folio_remove_rmap_ptes(folio=0xfffff2a100721740, page=0xfffff2a100721740, nr_pages=1, vma=0xffff8f30840b0e40);
 0)   0.160 us    |                __tlb_remove_folio_pages(tlb=0xffffd26ac050fc50, page=0xfffff2a100721740, nr_pages=0x1, delay_rmap=0x0);
 0)   0.160 us    |                vm_normal_page(vma=0xffff8f30840b0e40, addr=0x7f4937d14000, pte=(STRUCT)[0x1c85e025]);
 0)   0.161 us    |                folio_mark_accessed(folio=0xfffff2a100721780);
 0)   0.150 us    |                arch_check_zapped_pte(vma=0xffff8f30840b0e40, pte=(STRUCT)[0x1c85e025]);
 0)   0.151 us    |                folio_remove_rmap_ptes(folio=0xfffff2a100721780, page=0xfffff2a100721780, nr_pages=1, vma=0xffff8f30840b0e40);
 0)   0.150 us    |                __tlb_remove_folio_pages(tlb=0xffffd26ac050fc50, page=0xfffff2a100721780, nr_pages=0x1, delay_rmap=0x0);
 0)   0.161 us    |                vm_normal_page(vma=0xffff8f30840b0e40, addr=0x7f4937d15000, pte=(STRUCT)[0x1c85f025]);
 0)   0.151 us    |                folio_mark_accessed(folio=0xfffff2a1007217c0);
 0)   0.160 us    |                arch_check_zapped_pte(vma=0xffff8f30840b0e40, pte=(STRUCT)[0x1c85f025]);
 0)   0.160 us    |                folio_remove_rmap_ptes(folio=0xfffff2a1007217c0, page=0xfffff2a1007217c0, nr_pages=1, vma=0xffff8f30840b0e40);
 0)   0.151 us    |                __tlb_remove_folio_pages(tlb=0xffffd26ac050fc50, page=0xfffff2a1007217c0, nr_pages=0x1, delay_rmap=0x0);
 0)   0.160 us    |                vm_normal_page(vma=0xffff8f30840b0e40, addr=0x7f4937d16000, pte=(STRUCT)[0x1c860025]);
 0)   0.149 us    |                folio_mark_accessed(folio=0xfffff2a100721800);
 0)   0.150 us    |                arch_check_zapped_pte(vma=0xffff8f30840b0e40, pte=(STRUCT)[0x1c860025]);
 0)   0.160 us    |                folio_remove_rmap_ptes(folio=0xfffff2a100721800, page=0xfffff2a100721800, nr_pages=1, vma=0xffff8f30840b0e40);
 0)   0.160 us    |                __tlb_remove_folio_pages(tlb=0xffffd26ac050fc50, page=0xfffff2a100721800, nr_pages=0x1, delay_rmap=0x0);
 0)   0.170 us    |                vm_normal_page(vma=0xffff8f30840b0e40, addr=0x7f4937d17000, pte=(STRUCT)[0x1c861025]);
 0)   0.160 us    |                folio_mark_accessed(folio=0xfffff2a100721840);
 0)   0.149 us    |                arch_check_zapped_pte(vma=0xffff8f30840b0e40, pte=(STRUCT)[0x1c861025]);
 0)   0.150 us    |                folio_remove_rmap_ptes(folio=0xfffff2a100721840, page=0xfffff2a100721840, nr_pages=1, vma=0xffff8f30840b0e40);
 0)   0.151 us    |                __tlb_remove_folio_pages(tlb=0xffffd26ac050fc50, page=0xfffff2a100721840, nr_pages=0x1, delay_rmap=0x0);
 0)   0.161 us    |                vm_normal_page(vma=0xffff8f30840b0e40, addr=0x7f4937d18000, pte=(STRUCT)[0x1c862025]);
 0)   0.150 us    |                folio_mark_accessed(folio=0xfffff2a100721880);
 0)   0.160 us    |                arch_check_zapped_pte(vma=0xffff8f30840b0e40, pte=(STRUCT)[0x1c862025]);
 0)   0.150 us    |                folio_remove_rmap_ptes(folio=0xfffff2a100721880, page=0xfffff2a100721880, nr_pages=1, vma=0xffff8f30840b0e40);
 0)   0.151 us    |                __tlb_remove_folio_pages(tlb=0xffffd26ac050fc50, page=0xfffff2a100721880, nr_pages=0x1, delay_rmap=0x0);
 0)   0.160 us    |                vm_normal_page(vma=0xffff8f30840b0e40, addr=0x7f4937d19000, pte=(STRUCT)[0x1c863025]);
 0)   0.161 us    |                folio_mark_accessed(folio=0xfffff2a1007218c0);
 0)   0.150 us    |                arch_check_zapped_pte(vma=0xffff8f30840b0e40, pte=(STRUCT)[0x1c863025]);
 0)   0.151 us    |                folio_remove_rmap_ptes(folio=0xfffff2a1007218c0, page=0xfffff2a1007218c0, nr_pages=1, vma=0xffff8f30840b0e40);
 0)   0.150 us    |                __tlb_remove_folio_pages(tlb=0xffffd26ac050fc50, page=0xfffff2a1007218c0, nr_pages=0x1, delay_rmap=0x0);
 0)   0.161 us    |                vm_normal_page(vma=0xffff8f30840b0e40, addr=0x7f4937d1a000, pte=(STRUCT)[0x1c864025]);
 0)   0.160 us    |                folio_mark_accessed(folio=0xfffff2a100721900);
 0)   0.150 us    |                arch_check_zapped_pte(vma=0xffff8f30840b0e40, pte=(STRUCT)[0x1c864025]);
 0)   0.149 us    |                folio_remove_rmap_ptes(folio=0xfffff2a100721900, page=0xfffff2a100721900, nr_pages=1, vma=0xffff8f30840b0e40);
 0)   0.151 us    |                __tlb_remove_folio_pages(tlb=0xffffd26ac050fc50, page=0xfffff2a100721900, nr_pages=0x1, delay_rmap=0x0);
 0)   0.160 us    |                vm_normal_page(vma=0xffff8f30840b0e40, addr=0x7f4937d1b000, pte=(STRUCT)[0x1c865025]);
 0)   0.161 us    |                folio_mark_accessed(folio=0xfffff2a100721940);
 0)   0.150 us    |                arch_check_zapped_pte(vma=0xffff8f30840b0e40, pte=(STRUCT)[0x1c865025]);
 0)   0.151 us    |                folio_remove_rmap_ptes(folio=0xfffff2a100721940, page=0xfffff2a100721940, nr_pages=1, vma=0xffff8f30840b0e40);
 0)   0.150 us    |                __tlb_remove_folio_pages(tlb=0xffffd26ac050fc50, page=0xfffff2a100721940, nr_pages=0x1, delay_rmap=0x0);
 0)   0.170 us    |                vm_normal_page(vma=0xffff8f30840b0e40, addr=0x7f4937d1c000, pte=(STRUCT)[0x1c866025]);
 0)   0.160 us    |                folio_mark_accessed(folio=0xfffff2a100721980);
 0)   0.151 us    |                arch_check_zapped_pte(vma=0xffff8f30840b0e40, pte=(STRUCT)[0x1c866025]);
 0)   0.150 us    |                folio_remove_rmap_ptes(folio=0xfffff2a100721980, page=0xfffff2a100721980, nr_pages=1, vma=0xffff8f30840b0e40);
 0)   0.160 us    |                __tlb_remove_folio_pages(tlb=0xffffd26ac050fc50, page=0xfffff2a100721980, nr_pages=0x1, delay_rmap=0x0);
 0)   0.170 us    |                vm_normal_page(vma=0xffff8f30840b0e40, addr=0x7f4937d1d000, pte=(STRUCT)[0x1c867025]);
 0)   0.151 us    |                folio_mark_accessed(folio=0xfffff2a1007219c0);
 0)   0.290 us    |                arch_check_zapped_pte(vma=0xffff8f30840b0e40, pte=(STRUCT)[0x1c867025]);
 0)   0.160 us    |                folio_remove_rmap_ptes(folio=0xfffff2a1007219c0, page=0xfffff2a1007219c0, nr_pages=1, vma=0xffff8f30840b0e40);
 0)   0.160 us    |                __tlb_remove_folio_pages(tlb=0xffffd26ac050fc50, page=0xfffff2a1007219c0, nr_pages=0x1, delay_rmap=0x0);
 0)   0.171 us    |                vm_normal_page(vma=0xffff8f30840b0e40, addr=0x7f4937d1e000, pte=(STRUCT)[0x1c868025]);
 0)   0.160 us    |                folio_mark_accessed(folio=0xfffff2a100721a00);
 0)   0.161 us    |                arch_check_zapped_pte(vma=0xffff8f30840b0e40, pte=(STRUCT)[0x1c868025]);
 0)   0.151 us    |                folio_remove_rmap_ptes(folio=0xfffff2a100721a00, page=0xfffff2a100721a00, nr_pages=1, vma=0xffff8f30840b0e40);
 0)   0.150 us    |                __tlb_remove_folio_pages(tlb=0xffffd26ac050fc50, page=0xfffff2a100721a00, nr_pages=0x1, delay_rmap=0x0);
 0)   0.161 us    |                vm_normal_page(vma=0xffff8f30840b0e40, addr=0x7f4937d1f000, pte=(STRUCT)[0x1c869025]);
 0)   0.150 us    |                folio_mark_accessed(folio=0xfffff2a100721a40);
 0)   0.161 us    |                arch_check_zapped_pte(vma=0xffff8f30840b0e40, pte=(STRUCT)[0x1c869025]);
 0)   0.160 us    |                folio_remove_rmap_ptes(folio=0xfffff2a100721a40, page=0xfffff2a100721a40, nr_pages=1, vma=0xffff8f30840b0e40);
 0)   0.160 us    |                __tlb_remove_folio_pages(tlb=0xffffd26ac050fc50, page=0xfffff2a100721a40, nr_pages=0x1, delay_rmap=0x0);
 0)   0.161 us    |                vm_normal_page(vma=0xffff8f30840b0e40, addr=0x7f4937d20000, pte=(STRUCT)[0x1c86a025]);
 0)   0.151 us    |                folio_mark_accessed(folio=0xfffff2a100721a80);
 0)   0.150 us    |                arch_check_zapped_pte(vma=0xffff8f30840b0e40, pte=(STRUCT)[0x1c86a025]);
 0)   0.151 us    |                folio_remove_rmap_ptes(folio=0xfffff2a100721a80, page=0xfffff2a100721a80, nr_pages=1, vma=0xffff8f30840b0e40);
 0)   0.150 us    |                __tlb_remove_folio_pages(tlb=0xffffd26ac050fc50, page=0xfffff2a100721a80, nr_pages=0x1, delay_rmap=0x0);
 0)   0.161 us    |                vm_normal_page(vma=0xffff8f30840b0e40, addr=0x7f4937d21000, pte=(STRUCT)[0x1c86b025]);
 0)   0.160 us    |                folio_mark_accessed(folio=0xfffff2a100721ac0);
 0)   0.151 us    |                arch_check_zapped_pte(vma=0xffff8f30840b0e40, pte=(STRUCT)[0x1c86b025]);
 0)   0.150 us    |                folio_remove_rmap_ptes(folio=0xfffff2a100721ac0, page=0xfffff2a100721ac0, nr_pages=1, vma=0xffff8f30840b0e40);
 0)   0.151 us    |                __tlb_remove_folio_pages(tlb=0xffffd26ac050fc50, page=0xfffff2a100721ac0, nr_pages=0x1, delay_rmap=0x0);
 0)   0.160 us    |                vm_normal_page(vma=0xffff8f30840b0e40, addr=0x7f4937d22000, pte=(STRUCT)[0x1c86c025]);
 0)   0.160 us    |                folio_mark_accessed(folio=0xfffff2a100721b00);
 0)               |                  irq_enter_rcu() {
 0)   0.221 us    |                    irqtime_account_irq(curr=0xffff8f308368c400, offset=0x10000);
 0)   0.591 us    |                  }
 0)               |                  __sysvec_apic_timer_interrupt(regs=0xffffd26ac050f808) {
 0)               |                    hrtimer_interrupt(dev=0xffff8f30bec1cac0) {
 0)   0.160 us    |                      _raw_spin_lock_irqsave(lock=0xffff8f30bec217c0);
 0)   0.200 us    |                      ktime_get_update_offsets_now(cwsseq=0xffff8f30bec217cc, offs_real=0xffff8f30bec218b8, offs_boot=0xffff8f30bec218f8, offs_tai=0xffff8f30bec21938);
 0)   0.180 us    |                      __hrtimer_run_queues(cpu_base=0xffff8f30bec217c0, now=8223161880, flags=0x86, active_mask=0xf);
 0)   0.191 us    |                      ktime_get_update_offsets_now(cwsseq=0xffff8f30bec217cc, offs_real=0xffff8f30bec218b8, offs_boot=0xffff8f30bec218f8, offs_tai=0xffff8f30bec21938);
 0)               |                      hrtimer_update_next_event(cpu_base=0xffff8f30bec217c0) {
 0)   0.150 us    |                        hrtimer_bases_first(cpu_base=0xffff8f30bec217c0, active=0x1, expires_next=0xffffd26ac0003f70, next_timer=0xffffd26ac0003f68);
 0)   0.501 us    |                      }
 0)   0.170 us    |                      _raw_spin_unlock_irqrestore(lock=0xffff8f30bec217c0, flags=0x86);
 0)   2.805 us    |                    }
 0)   3.157 us    |                  }
 0)               |                  irq_exit_rcu() {
 0)   0.191 us    |                    irqtime_account_irq(curr=0xffff8f308368c400, offset=0x0);
 0)   0.161 us    |                    sched_core_idle_cpu(cpu=0);
 0)   0.902 us    |                  }
 0)   0.170 us    |                  raw_irqentry_exit_cond_resched();
 0)               |                  __hrtimer_rearm_deferred() {
 0)   0.171 us    |                    _raw_spin_lock(lock=0xffff8f30bec217c0);
 0)               |                    tick_program_event(expires=8224000000, force=1) {
 0)               |                      clockevents_program_event(dev=0xffff8f30bec1cac0, expires=8224000000, force=0x1) {
 0)   0.160 us    |                        ktime_expiry_to_cycles(id=4 [CSID_X86_TSC], expires_ns=8224000000, cycles=0xffffd26ac050f7b8);
 0)   0.180 us    |                        ktime_get();
 0)   1.092 us    |                        lapic_next_deadline(delta=0x6a8aa, evt=0xffff8f30bec1cac0);
 0)   2.194 us    |                      }
 0)   2.536 us    |                    }
 0)   0.170 us    |                    _raw_spin_unlock(lock=0xffff8f30bec217c0);
 0)   3.598 us    |                  }
 0)   0.160 us    |                arch_check_zapped_pte(vma=0xffff8f30840b0e40, pte=(STRUCT)[0x1c86c025]);
 0)   0.169 us    |                folio_remove_rmap_ptes(folio=0xfffff2a100721b00, page=0xfffff2a100721b00, nr_pages=1, vma=0xffff8f30840b0e40);
 0)   0.171 us    |                __tlb_remove_folio_pages(tlb=0xffffd26ac050fc50, page=0xfffff2a100721b00, nr_pages=0x1, delay_rmap=0x0);
 0)   0.170 us    |                vm_normal_page(vma=0xffff8f30840b0e40, addr=0x7f4937d23000, pte=(STRUCT)[0x1c86d025]);
 0)   0.160 us    |                folio_mark_accessed(folio=0xfffff2a100721b40);
 0)   0.151 us    |                arch_check_zapped_pte(vma=0xffff8f30840b0e40, pte=(STRUCT)[0x1c86d025]);
 0)   0.160 us    |                folio_remove_rmap_ptes(folio=0xfffff2a100721b40, page=0xfffff2a100721b40, nr_pages=1, vma=0xffff8f30840b0e40);
 0)   0.160 us    |                __tlb_remove_folio_pages(tlb=0xffffd26ac050fc50, page=0xfffff2a100721b40, nr_pages=0x1, delay_rmap=0x0);
 0)   0.160 us    |                vm_normal_page(vma=0xffff8f30840b0e40, addr=0x7f4937d24000, pte=(STRUCT)[0x1c86e025]);
 0)   0.161 us    |                folio_mark_accessed(folio=0xfffff2a100721b80);
 0)   0.151 us    |                arch_check_zapped_pte(vma=0xffff8f30840b0e40, pte=(STRUCT)[0x1c86e025]);
 0)   0.150 us    |                folio_remove_rmap_ptes(folio=0xfffff2a100721b80, page=0xfffff2a100721b80, nr_pages=1, vma=0xffff8f30840b0e40);
 0)   0.151 us    |                __tlb_remove_folio_pages(tlb=0xffffd26ac050fc50, page=0xfffff2a100721b80, nr_pages=0x1, delay_rmap=0x0);
 0)   0.161 us    |                vm_normal_page(vma=0xffff8f30840b0e40, addr=0x7f4937d25000, pte=(STRUCT)[0x1c86f025]);
 0)   0.160 us    |                folio_mark_accessed(folio=0xfffff2a100721bc0);
 0)   0.149 us    |                arch_check_zapped_pte(vma=0xffff8f30840b0e40, pte=(STRUCT)[0x1c86f025]);
 0)   0.160 us    |                folio_remove_rmap_ptes(folio=0xfffff2a100721bc0, page=0xfffff2a100721bc0, nr_pages=1, vma=0xffff8f30840b0e40);
 0)   0.160 us    |                __tlb_remove_folio_pages(tlb=0xffffd26ac050fc50, page=0xfffff2a100721bc0, nr_pages=0x1, delay_rmap=0x0);
 0)   0.160 us    |                vm_normal_page(vma=0xffff8f30840b0e40, addr=0x7f4937d26000, pte=(STRUCT)[0x1c870025]);
 0)   0.150 us    |                folio_mark_accessed(folio=0xfffff2a100721c00);
 0)   0.161 us    |                arch_check_zapped_pte(vma=0xffff8f30840b0e40, pte=(STRUCT)[0x1c870025]);
 0)   0.151 us    |                folio_remove_rmap_ptes(folio=0xfffff2a100721c00, page=0xfffff2a100721c00, nr_pages=1, vma=0xffff8f30840b0e40);
 0)   0.160 us    |                __tlb_remove_folio_pages(tlb=0xffffd26ac050fc50, page=0xfffff2a100721c00, nr_pages=0x1, delay_rmap=0x0);
 0)   0.171 us    |                vm_normal_page(vma=0xffff8f30840b0e40, addr=0x7f4937d27000, pte=(STRUCT)[0x1c871025]);
 0)   0.150 us    |                folio_mark_accessed(folio=0xfffff2a100721c40);
 0)   0.151 us    |                arch_check_zapped_pte(vma=0xffff8f30840b0e40, pte=(STRUCT)[0x1c871025]);
 0)   0.160 us    |                folio_remove_rmap_ptes(folio=0xfffff2a100721c40, page=0xfffff2a100721c40, nr_pages=1, vma=0xffff8f30840b0e40);
 0)   0.150 us    |                __tlb_remove_folio_pages(tlb=0xffffd26ac050fc50, page=0xfffff2a100721c40, nr_pages=0x1, delay_rmap=0x0);
 0)   0.161 us    |                vm_normal_page(vma=0xffff8f30840b0e40, addr=0x7f4937d28000, pte=(STRUCT)[0x1c872025]);
 0)   0.151 us    |                folio_mark_accessed(folio=0xfffff2a100721c80);
 0)   0.160 us    |                arch_check_zapped_pte(vma=0xffff8f30840b0e40, pte=(STRUCT)[0x1c872025]);
 0)   0.150 us    |                folio_remove_rmap_ptes(folio=0xfffff2a100721c80, page=0xfffff2a100721c80, nr_pages=1, vma=0xffff8f30840b0e40);
 0)   0.151 us    |                __tlb_remove_folio_pages(tlb=0xffffd26ac050fc50, page=0xfffff2a100721c80, nr_pages=0x1, delay_rmap=0x0);
 0)   0.160 us    |                vm_normal_page(vma=0xffff8f30840b0e40, addr=0x7f4937d29000, pte=(STRUCT)[0x1c873025]);
 0)   0.151 us    |                folio_mark_accessed(folio=0xfffff2a100721cc0);
 0)   0.150 us    |                arch_check_zapped_pte(vma=0xffff8f30840b0e40, pte=(STRUCT)[0x1c873025]);
 0)   0.161 us    |                folio_remove_rmap_ptes(folio=0xfffff2a100721cc0, page=0xfffff2a100721cc0, nr_pages=1, vma=0xffff8f30840b0e40);
 0)   0.161 us    |                __tlb_remove_folio_pages(tlb=0xffffd26ac050fc50, page=0xfffff2a100721cc0, nr_pages=0x1, delay_rmap=0x0);
 0)   0.160 us    |                vm_normal_page(vma=0xffff8f30840b0e40, addr=0x7f4937d2a000, pte=(STRUCT)[0x1c874025]);
 0)   0.150 us    |                folio_mark_accessed(folio=0xfffff2a100721d00);
 0)   0.160 us    |                arch_check_zapped_pte(vma=0xffff8f30840b0e40, pte=(STRUCT)[0x1c874025]);
 0)   0.160 us    |                folio_remove_rmap_ptes(folio=0xfffff2a100721d00, page=0xfffff2a100721d00, nr_pages=1, vma=0xffff8f30840b0e40);
 0)   0.149 us    |                __tlb_remove_folio_pages(tlb=0xffffd26ac050fc50, page=0xfffff2a100721d00, nr_pages=0x1, delay_rmap=0x0);
 0)   0.160 us    |                vm_normal_page(vma=0xffff8f30840b0e40, addr=0x7f4937d2b000, pte=(STRUCT)[0x1c875025]);
 0)   0.151 us    |                folio_mark_accessed(folio=0xfffff2a100721d40);
 0)   0.160 us    |                arch_check_zapped_pte(vma=0xffff8f30840b0e40, pte=(STRUCT)[0x1c875025]);
 0)   0.160 us    |                folio_remove_rmap_ptes(folio=0xfffff2a100721d40, page=0xfffff2a100721d40, nr_pages=1, vma=0xffff8f30840b0e40);
 0)   0.310 us    |                __tlb_remove_folio_pages(tlb=0xffffd26ac050fc50, page=0xfffff2a100721d40, nr_pages=0x1, delay_rmap=0x0);
 0)   0.169 us    |                vm_normal_page(vma=0xffff8f30840b0e40, addr=0x7f4937d2c000, pte=(STRUCT)[0x1c876025]);
 0)   0.151 us    |                folio_mark_accessed(folio=0xfffff2a100721d80);
 0)   0.150 us    |                arch_check_zapped_pte(vma=0xffff8f30840b0e40, pte=(STRUCT)[0x1c876025]);
 0)   0.160 us    |                folio_remove_rmap_ptes(folio=0xfffff2a100721d80, page=0xfffff2a100721d80, nr_pages=1, vma=0xffff8f30840b0e40);
 0)   0.150 us    |                __tlb_remove_folio_pages(tlb=0xffffd26ac050fc50, page=0xfffff2a100721d80, nr_pages=0x1, delay_rmap=0x0);
 0)   0.160 us    |                vm_normal_page(vma=0xffff8f30840b0e40, addr=0x7f4937d2d000, pte=(STRUCT)[0x1c877025]);
 0)   0.150 us    |                folio_mark_accessed(folio=0xfffff2a100721dc0);
 0)   0.150 us    |                arch_check_zapped_pte(vma=0xffff8f30840b0e40, pte=(STRUCT)[0x1c877025]);
 0)   0.160 us    |                folio_remove_rmap_ptes(folio=0xfffff2a100721dc0, page=0xfffff2a100721dc0, nr_pages=1, vma=0xffff8f30840b0e40);
 0)   0.160 us    |                __tlb_remove_folio_pages(tlb=0xffffd26ac050fc50, page=0xfffff2a100721dc0, nr_pages=0x1, delay_rmap=0x0);
 0)   0.170 us    |                vm_normal_page(vma=0xffff8f30840b0e40, addr=0x7f4937d2e000, pte=(STRUCT)[0x1c878025]);
 0)   0.160 us    |                folio_mark_accessed(folio=0xfffff2a100721e00);
 0)   0.161 us    |                arch_check_zapped_pte(vma=0xffff8f30840b0e40, pte=(STRUCT)[0x1c878025]);
 0)   0.161 us    |                folio_remove_rmap_ptes(folio=0xfffff2a100721e00, page=0xfffff2a100721e00, nr_pages=1, vma=0xffff8f30840b0e40);
 0)   0.161 us    |                __tlb_remove_folio_pages(tlb=0xffffd26ac050fc50, page=0xfffff2a100721e00, nr_pages=0x1, delay_rmap=0x0);
 0)   0.160 us    |                vm_normal_page(vma=0xffff8f30840b0e40, addr=0x7f4937d2f000, pte=(STRUCT)[0x1c879025]);
 0)   0.150 us    |                folio_mark_accessed(folio=0xfffff2a100721e40);
 0)   0.151 us    |                arch_check_zapped_pte(vma=0xffff8f30840b0e40, pte=(STRUCT)[0x1c879025]);
 0)   0.150 us    |                folio_remove_rmap_ptes(folio=0xfffff2a100721e40, page=0xfffff2a100721e40, nr_pages=1, vma=0xffff8f30840b0e40);
 0)   0.151 us    |                __tlb_remove_folio_pages(tlb=0xffffd26ac050fc50, page=0xfffff2a100721e40, nr_pages=0x1, delay_rmap=0x0);
 0)   0.170 us    |                vm_normal_page(vma=0xffff8f30840b0e40, addr=0x7f4937d90000, pte=(STRUCT)[0x3ecda025]);
 0)   0.161 us    |                folio_mark_accessed(folio=0xfffff2a100fb3680);
 0)   0.151 us    |                arch_check_zapped_pte(vma=0xffff8f30840b0e40, pte=(STRUCT)[0x3ecda025]);
 0)   0.150 us    |                folio_remove_rmap_ptes(folio=0xfffff2a100fb3680, page=0xfffff2a100fb3680, nr_pages=1, vma=0xffff8f30840b0e40);
 0)   0.151 us    |                __tlb_remove_folio_pages(tlb=0xffffd26ac050fc50, page=0xfffff2a100fb3680, nr_pages=0x1, delay_rmap=0x0);
 0)   0.170 us    |                vm_normal_page(vma=0xffff8f30840b0e40, addr=0x7f4937d91000, pte=(STRUCT)[0x3ecdb025]);
 0)   0.150 us    |                folio_mark_accessed(folio=0xfffff2a100fb36c0);
 0)   0.150 us    |                arch_check_zapped_pte(vma=0xffff8f30840b0e40, pte=(STRUCT)[0x3ecdb025]);
 0)   0.151 us    |                folio_remove_rmap_ptes(folio=0xfffff2a100fb36c0, page=0xfffff2a100fb36c0, nr_pages=1, vma=0xffff8f30840b0e40);
 0)   0.150 us    |                __tlb_remove_folio_pages(tlb=0xffffd26ac050fc50, page=0xfffff2a100fb36c0, nr_pages=0x1, delay_rmap=0x0);
 0)   0.160 us    |                vm_normal_page(vma=0xffff8f30840b0e40, addr=0x7f4937d92000, pte=(STRUCT)[0x3ecdc025]);
 0)   0.150 us    |                folio_mark_accessed(folio=0xfffff2a100fb3700);
 0)   0.160 us    |                arch_check_zapped_pte(vma=0xffff8f30840b0e40, pte=(STRUCT)[0x3ecdc025]);
 0)   0.160 us    |                folio_remove_rmap_ptes(folio=0xfffff2a100fb3700, page=0xfffff2a100fb3700, nr_pages=1, vma=0xffff8f30840b0e40);
 0)   0.150 us    |                __tlb_remove_folio_pages(tlb=0xffffd26ac050fc50, page=0xfffff2a100fb3700, nr_pages=0x1, delay_rmap=0x0);
 0)   0.160 us    |                vm_normal_page(vma=0xffff8f30840b0e40, addr=0x7f4937d93000, pte=(STRUCT)[0x3ecdd025]);
 0)   0.151 us    |                folio_mark_accessed(folio=0xfffff2a100fb3740);
 0)   0.150 us    |                arch_check_zapped_pte(vma=0xffff8f30840b0e40, pte=(STRUCT)[0x3ecdd025]);
 0)   0.161 us    |                folio_remove_rmap_ptes(folio=0xfffff2a100fb3740, page=0xfffff2a100fb3740, nr_pages=1, vma=0xffff8f30840b0e40);
 0)   0.161 us    |                __tlb_remove_folio_pages(tlb=0xffffd26ac050fc50, page=0xfffff2a100fb3740, nr_pages=0x1, delay_rmap=0x0);
 0)   0.170 us    |                vm_normal_page(vma=0xffff8f30840b0e40, addr=0x7f4937d94000, pte=(STRUCT)[0x3ecde025]);
 0)   0.160 us    |                folio_mark_accessed(folio=0xfffff2a100fb3780);
 0)   0.161 us    |                arch_check_zapped_pte(vma=0xffff8f30840b0e40, pte=(STRUCT)[0x3ecde025]);
 0)   0.160 us    |                folio_remove_rmap_ptes(folio=0xfffff2a100fb3780, page=0xfffff2a100fb3780, nr_pages=1, vma=0xffff8f30840b0e40);
 0)   0.160 us    |                __tlb_remove_folio_pages(tlb=0xffffd26ac050fc50, page=0xfffff2a100fb3780, nr_pages=0x1, delay_rmap=0x0);
 0)   0.161 us    |                vm_normal_page(vma=0xffff8f30840b0e40, addr=0x7f4937d95000, pte=(STRUCT)[0x3ecdf025]);
 0)   0.160 us    |                folio_mark_accessed(folio=0xfffff2a100fb37c0);
 0)   0.151 us    |                arch_check_zapped_pte(vma=0xffff8f30840b0e40, pte=(STRUCT)[0x3ecdf025]);
 0)   0.161 us    |                folio_remove_rmap_ptes(folio=0xfffff2a100fb37c0, page=0xfffff2a100fb37c0, nr_pages=1, vma=0xffff8f30840b0e40);
 0)   0.160 us    |                __tlb_remove_folio_pages(tlb=0xffffd26ac050fc50, page=0xfffff2a100fb37c0, nr_pages=0x1, delay_rmap=0x0);
 0)   0.169 us    |                vm_normal_page(vma=0xffff8f30840b0e40, addr=0x7f4937d96000, pte=(STRUCT)[0x3ece0025]);
 0)   0.160 us    |                folio_mark_accessed(folio=0xfffff2a100fb3800);
 0)   0.161 us    |                arch_check_zapped_pte(vma=0xffff8f30840b0e40, pte=(STRUCT)[0x3ece0025]);
 0)   0.160 us    |                folio_remove_rmap_ptes(folio=0xfffff2a100fb3800, page=0xfffff2a100fb3800, nr_pages=1, vma=0xffff8f30840b0e40);
 0)   0.160 us    |                __tlb_remove_folio_pages(tlb=0xffffd26ac050fc50, page=0xfffff2a100fb3800, nr_pages=0x1, delay_rmap=0x0);
 0)   0.171 us    |                vm_normal_page(vma=0xffff8f30840b0e40, addr=0x7f4937d97000, pte=(STRUCT)[0x3ece1025]);
 0)   0.161 us    |                folio_mark_accessed(folio=0xfffff2a100fb3840);
 0)   0.160 us    |                arch_check_zapped_pte(vma=0xffff8f30840b0e40, pte=(STRUCT)[0x3ece1025]);
 0)   0.160 us    |                folio_remove_rmap_ptes(folio=0xfffff2a100fb3840, page=0xfffff2a100fb3840, nr_pages=1, vma=0xffff8f30840b0e40);
 0)   0.161 us    |                __tlb_remove_folio_pages(tlb=0xffffd26ac050fc50, page=0xfffff2a100fb3840, nr_pages=0x1, delay_rmap=0x0);
 0)   0.160 us    |                vm_normal_page(vma=0xffff8f30840b0e40, addr=0x7f4937d98000, pte=(STRUCT)[0x3ece2025]);
 0)   0.160 us    |                folio_mark_accessed(folio=0xfffff2a100fb3880);
 0)   0.300 us    |                arch_check_zapped_pte(vma=0xffff8f30840b0e40, pte=(STRUCT)[0x3ece2025]);
 0)   0.160 us    |                folio_remove_rmap_ptes(folio=0xfffff2a100fb3880, page=0xfffff2a100fb3880, nr_pages=1, vma=0xffff8f30840b0e40);
 0)   0.161 us    |                __tlb_remove_folio_pages(tlb=0xffffd26ac050fc50, page=0xfffff2a100fb3880, nr_pages=0x1, delay_rmap=0x0);
 0)   0.160 us    |                vm_normal_page(vma=0xffff8f30840b0e40, addr=0x7f4937d99000, pte=(STRUCT)[0x3ece3025]);
 0)   0.160 us    |                folio_mark_accessed(folio=0xfffff2a100fb38c0);
 0)   0.161 us    |                arch_check_zapped_pte(vma=0xffff8f30840b0e40, pte=(STRUCT)[0x3ece3025]);
 0)   0.161 us    |                folio_remove_rmap_ptes(folio=0xfffff2a100fb38c0, page=0xfffff2a100fb38c0, nr_pages=1, vma=0xffff8f30840b0e40);
 0)   0.150 us    |                __tlb_remove_folio_pages(tlb=0xffffd26ac050fc50, page=0xfffff2a100fb38c0, nr_pages=0x1, delay_rmap=0x0);
 0)   0.160 us    |                vm_normal_page(vma=0xffff8f30840b0e40, addr=0x7f4937d9a000, pte=(STRUCT)[0x3ece4025]);
 0)   0.150 us    |                folio_mark_accessed(folio=0xfffff2a100fb3900);
 0)   0.151 us    |                arch_check_zapped_pte(vma=0xffff8f30840b0e40, pte=(STRUCT)[0x3ece4025]);
 0)   0.161 us    |                folio_remove_rmap_ptes(folio=0xfffff2a100fb3900, page=0xfffff2a100fb3900, nr_pages=1, vma=0xffff8f30840b0e40);
 0)   0.160 us    |                __tlb_remove_folio_pages(tlb=0xffffd26ac050fc50, page=0xfffff2a100fb3900, nr_pages=0x1, delay_rmap=0x0);
 0)   0.170 us    |                vm_normal_page(vma=0xffff8f30840b0e40, addr=0x7f4937d9b000, pte=(STRUCT)[0x3ece5025]);
 0)   0.160 us    |                folio_mark_accessed(folio=0xfffff2a100fb3940);
 0)   0.150 us    |                arch_check_zapped_pte(vma=0xffff8f30840b0e40, pte=(STRUCT)[0x3ece5025]);
 0)   0.149 us    |                folio_remove_rmap_ptes(folio=0xfffff2a100fb3940, page=0xfffff2a100fb3940, nr_pages=1, vma=0xffff8f30840b0e40);
 0)   0.151 us    |                __tlb_remove_folio_pages(tlb=0xffffd26ac050fc50, page=0xfffff2a100fb3940, nr_pages=0x1, delay_rmap=0x0);
 0)   0.160 us    |                vm_normal_page(vma=0xffff8f30840b0e40, addr=0x7f4937d9c000, pte=(STRUCT)[0x3ece6025]);
 0)   0.160 us    |                folio_mark_accessed(folio=0xfffff2a100fb3980);
 0)   0.150 us    |                arch_check_zapped_pte(vma=0xffff8f30840b0e40, pte=(STRUCT)[0x3ece6025]);
 0)   0.151 us    |                folio_remove_rmap_ptes(folio=0xfffff2a100fb3980, page=0xfffff2a100fb3980, nr_pages=1, vma=0xffff8f30840b0e40);
 0)   0.150 us    |                __tlb_remove_folio_pages(tlb=0xffffd26ac050fc50, page=0xfffff2a100fb3980, nr_pages=0x1, delay_rmap=0x0);
 0)   0.160 us    |                vm_normal_page(vma=0xffff8f30840b0e40, addr=0x7f4937d9d000, pte=(STRUCT)[0x3ece7025]);
 0)   0.160 us    |                folio_mark_accessed(folio=0xfffff2a100fb39c0);
 0)   0.151 us    |                arch_check_zapped_pte(vma=0xffff8f30840b0e40, pte=(STRUCT)[0x3ece7025]);
 0)   0.150 us    |                folio_remove_rmap_ptes(folio=0xfffff2a100fb39c0, page=0xfffff2a100fb39c0, nr_pages=1, vma=0xffff8f30840b0e40);
 0)   0.151 us    |                __tlb_remove_folio_pages(tlb=0xffffd26ac050fc50, page=0xfffff2a100fb39c0, nr_pages=0x1, delay_rmap=0x0);
 0)   0.160 us    |                vm_normal_page(vma=0xffff8f30840b0e40, addr=0x7f4937d9e000, pte=(STRUCT)[0x3ece8025]);
 0)   0.150 us    |                folio_mark_accessed(folio=0xfffff2a100fb3a00);
 0)   0.160 us    |                arch_check_zapped_pte(vma=0xffff8f30840b0e40, pte=(STRUCT)[0x3ece8025]);
 0)   0.160 us    |                folio_remove_rmap_ptes(folio=0xfffff2a100fb3a00, page=0xfffff2a100fb3a00, nr_pages=1, vma=0xffff8f30840b0e40);
 0)   0.151 us    |                __tlb_remove_folio_pages(tlb=0xffffd26ac050fc50, page=0xfffff2a100fb3a00, nr_pages=0x1, delay_rmap=0x0);
 0)   0.160 us    |                vm_normal_page(vma=0xffff8f30840b0e40, addr=0x7f4937d9f000, pte=(STRUCT)[0x3ece9025]);
 0)   0.150 us    |                folio_mark_accessed(folio=0xfffff2a100fb3a40);
 0)   0.160 us    |                arch_check_zapped_pte(vma=0xffff8f30840b0e40, pte=(STRUCT)[0x3ece9025]);
 0)   0.150 us    |                folio_remove_rmap_ptes(folio=0xfffff2a100fb3a40, page=0xfffff2a100fb3a40, nr_pages=1, vma=0xffff8f30840b0e40);
 0)   0.151 us    |                __tlb_remove_folio_pages(tlb=0xffffd26ac050fc50, page=0xfffff2a100fb3a40, nr_pages=0x1, delay_rmap=0x0);
 0)   0.171 us    |                vm_normal_page(vma=0xffff8f30840b0e40, addr=0x7f4937db0000, pte=(STRUCT)[0x3ecfa025]);
 0)   0.150 us    |                folio_mark_accessed(folio=0xfffff2a100fb3e80);
 0)   0.151 us    |                arch_check_zapped_pte(vma=0xffff8f30840b0e40, pte=(STRUCT)[0x3ecfa025]);
 0)   0.150 us    |                folio_remove_rmap_ptes(folio=0xfffff2a100fb3e80, page=0xfffff2a100fb3e80, nr_pages=1, vma=0xffff8f30840b0e40);
 0)   0.160 us    |                __tlb_remove_folio_pages(tlb=0xffffd26ac050fc50, page=0xfffff2a100fb3e80, nr_pages=0x1, delay_rmap=0x0);
 0)   0.170 us    |                vm_normal_page(vma=0xffff8f30840b0e40, addr=0x7f4937db1000, pte=(STRUCT)[0x3ecfb025]);
 0)   0.160 us    |                folio_mark_accessed(folio=0xfffff2a100fb3ec0);
 0)   0.150 us    |                arch_check_zapped_pte(vma=0xffff8f30840b0e40, pte=(STRUCT)[0x3ecfb025]);
 0)   0.149 us    |                folio_remove_rmap_ptes(folio=0xfffff2a100fb3ec0, page=0xfffff2a100fb3ec0, nr_pages=1, vma=0xffff8f30840b0e40);
 0)   0.151 us    |                __tlb_remove_folio_pages(tlb=0xffffd26ac050fc50, page=0xfffff2a100fb3ec0, nr_pages=0x1, delay_rmap=0x0);
 0)   0.160 us    |                vm_normal_page(vma=0xffff8f30840b0e40, addr=0x7f4937db2000, pte=(STRUCT)[0x3ecfc025]);
 0)   0.161 us    |                folio_mark_accessed(folio=0xfffff2a100fb3f00);
 0)   0.150 us    |                arch_check_zapped_pte(vma=0xffff8f30840b0e40, pte=(STRUCT)[0x3ecfc025]);
 0)   0.151 us    |                folio_remove_rmap_ptes(folio=0xfffff2a100fb3f00, page=0xfffff2a100fb3f00, nr_pages=1, vma=0xffff8f30840b0e40);
 0)   0.150 us    |                __tlb_remove_folio_pages(tlb=0xffffd26ac050fc50, page=0xfffff2a100fb3f00, nr_pages=0x1, delay_rmap=0x0);
 0)   0.160 us    |                vm_normal_page(vma=0xffff8f30840b0e40, addr=0x7f4937db3000, pte=(STRUCT)[0x3ecfd025]);
 0)   0.160 us    |                folio_mark_accessed(folio=0xfffff2a100fb3f40);
 0)   0.151 us    |                arch_check_zapped_pte(vma=0xffff8f30840b0e40, pte=(STRUCT)[0x3ecfd025]);
 0)   0.150 us    |                folio_remove_rmap_ptes(folio=0xfffff2a100fb3f40, page=0xfffff2a100fb3f40, nr_pages=1, vma=0xffff8f30840b0e40);
 0)   0.151 us    |                __tlb_remove_folio_pages(tlb=0xffffd26ac050fc50, page=0xfffff2a100fb3f40, nr_pages=0x1, delay_rmap=0x0);
 0)   0.160 us    |                vm_normal_page(vma=0xffff8f30840b0e40, addr=0x7f4937db4000, pte=(STRUCT)[0x3ecfe025]);
 0)   0.160 us    |                folio_mark_accessed(folio=0xfffff2a100fb3f80);
 0)   0.150 us    |                arch_check_zapped_pte(vma=0xffff8f30840b0e40, pte=(STRUCT)[0x3ecfe025]);
 0)   0.150 us    |                folio_remove_rmap_ptes(folio=0xfffff2a100fb3f80, page=0xfffff2a100fb3f80, nr_pages=1, vma=0xffff8f30840b0e40);
 0)   0.149 us    |                __tlb_remove_folio_pages(tlb=0xffffd26ac050fc50, page=0xfffff2a100fb3f80, nr_pages=0x1, delay_rmap=0x0);
 0)   0.300 us    |                vm_normal_page(vma=0xffff8f30840b0e40, addr=0x7f4937db5000, pte=(STRUCT)[0x3ecff025]);
 0)   0.160 us    |                folio_mark_accessed(folio=0xfffff2a100fb3fc0);
 0)   0.151 us    |                arch_check_zapped_pte(vma=0xffff8f30840b0e40, pte=(STRUCT)[0x3ecff025]);
 0)   0.150 us    |                folio_remove_rmap_ptes(folio=0xfffff2a100fb3fc0, page=0xfffff2a100fb3fc0, nr_pages=1, vma=0xffff8f30840b0e40);
 0)   0.150 us    |                __tlb_remove_folio_pages(tlb=0xffffd26ac050fc50, page=0xfffff2a100fb3fc0, nr_pages=0x1, delay_rmap=0x0);
 0)   0.170 us    |                vm_normal_page(vma=0xffff8f30840b0e40, addr=0x7f4937db6000, pte=(STRUCT)[0x3ed40025]);
 0)   0.161 us    |                folio_mark_accessed(folio=0xfffff2a100fb5000);
 0)   0.150 us    |                arch_check_zapped_pte(vma=0xffff8f30840b0e40, pte=(STRUCT)[0x3ed40025]);
 0)   0.151 us    |                folio_remove_rmap_ptes(folio=0xfffff2a100fb5000, page=0xfffff2a100fb5000, nr_pages=1, vma=0xffff8f30840b0e40);
 0)   0.150 us    |                __tlb_remove_folio_pages(tlb=0xffffd26ac050fc50, page=0xfffff2a100fb5000, nr_pages=0x1, delay_rmap=0x0);
 0)   0.161 us    |                vm_normal_page(vma=0xffff8f30840b0e40, addr=0x7f4937db7000, pte=(STRUCT)[0x3ed41025]);
 0)   0.160 us    |                folio_mark_accessed(folio=0xfffff2a100fb5040);
 0)   0.160 us    |                arch_check_zapped_pte(vma=0xffff8f30840b0e40, pte=(STRUCT)[0x3ed41025]);
 0)   0.161 us    |                folio_remove_rmap_ptes(folio=0xfffff2a100fb5040, page=0xfffff2a100fb5040, nr_pages=1, vma=0xffff8f30840b0e40);
 0)   0.151 us    |                __tlb_remove_folio_pages(tlb=0xffffd26ac050fc50, page=0xfffff2a100fb5040, nr_pages=0x1, delay_rmap=0x0);
 0)   0.160 us    |                vm_normal_page(vma=0xffff8f30840b0e40, addr=0x7f4937db8000, pte=(STRUCT)[0x3ed42025]);
 0)   0.160 us    |                folio_mark_accessed(folio=0xfffff2a100fb5080);
 0)   0.150 us    |                arch_check_zapped_pte(vma=0xffff8f30840b0e40, pte=(STRUCT)[0x3ed42025]);
 0)   0.151 us    |                folio_remove_rmap_ptes(folio=0xfffff2a100fb5080, page=0xfffff2a100fb5080, nr_pages=1, vma=0xffff8f30840b0e40);
 0)   0.150 us    |                __tlb_remove_folio_pages(tlb=0xffffd26ac050fc50, page=0xfffff2a100fb5080, nr_pages=0x1, delay_rmap=0x0);
 0)   0.160 us    |                vm_normal_page(vma=0xffff8f30840b0e40, addr=0x7f4937db9000, pte=(STRUCT)[0x3ed43025]);
 0)   0.161 us    |                folio_mark_accessed(folio=0xfffff2a100fb50c0);
 0)   0.151 us    |                arch_check_zapped_pte(vma=0xffff8f30840b0e40, pte=(STRUCT)[0x3ed43025]);
 0)   0.150 us    |                folio_remove_rmap_ptes(folio=0xfffff2a100fb50c0, page=0xfffff2a100fb50c0, nr_pages=1, vma=0xffff8f30840b0e40);
 0)   0.151 us    |                __tlb_remove_folio_pages(tlb=0xffffd26ac050fc50, page=0xfffff2a100fb50c0, nr_pages=0x1, delay_rmap=0x0);
 0)   0.161 us    |                vm_normal_page(vma=0xffff8f30840b0e40, addr=0x7f4937dba000, pte=(STRUCT)[0x3ed44025]);
 0)   0.160 us    |                folio_mark_accessed(folio=0xfffff2a100fb5100);
 0)   0.149 us    |                arch_check_zapped_pte(vma=0xffff8f30840b0e40, pte=(STRUCT)[0x3ed44025]);
 0)   0.150 us    |                folio_remove_rmap_ptes(folio=0xfffff2a100fb5100, page=0xfffff2a100fb5100, nr_pages=1, vma=0xffff8f30840b0e40);
 0)   0.150 us    |                __tlb_remove_folio_pages(tlb=0xffffd26ac050fc50, page=0xfffff2a100fb5100, nr_pages=0x1, delay_rmap=0x0);
 0)   0.160 us    |                vm_normal_page(vma=0xffff8f30840b0e40, addr=0x7f4937dbb000, pte=(STRUCT)[0x3ed45025]);
 0)   0.160 us    |                folio_mark_accessed(folio=0xfffff2a100fb5140);
 0)   0.161 us    |                arch_check_zapped_pte(vma=0xffff8f30840b0e40, pte=(STRUCT)[0x3ed45025]);
 0)   0.160 us    |                folio_remove_rmap_ptes(folio=0xfffff2a100fb5140, page=0xfffff2a100fb5140, nr_pages=1, vma=0xffff8f30840b0e40);
 0)   0.150 us    |                __tlb_remove_folio_pages(tlb=0xffffd26ac050fc50, page=0xfffff2a100fb5140, nr_pages=0x1, delay_rmap=0x0);
 0)   0.171 us    |                vm_normal_page(vma=0xffff8f30840b0e40, addr=0x7f4937dbc000, pte=(STRUCT)[0x3ed46025]);
 0)   0.150 us    |                folio_mark_accessed(folio=0xfffff2a100fb5180);
 0)   0.150 us    |                arch_check_zapped_pte(vma=0xffff8f30840b0e40, pte=(STRUCT)[0x3ed46025]);
 0)   0.151 us    |                folio_remove_rmap_ptes(folio=0xfffff2a100fb5180, page=0xfffff2a100fb5180, nr_pages=1, vma=0xffff8f30840b0e40);
 0)   0.150 us    |                __tlb_remove_folio_pages(tlb=0xffffd26ac050fc50, page=0xfffff2a100fb5180, nr_pages=0x1, delay_rmap=0x0);
 0)   0.161 us    |                vm_normal_page(vma=0xffff8f30840b0e40, addr=0x7f4937dbd000, pte=(STRUCT)[0x3ed47025]);
 0)   0.160 us    |                folio_mark_accessed(folio=0xfffff2a100fb51c0);
 0)   0.151 us    |                arch_check_zapped_pte(vma=0xffff8f30840b0e40, pte=(STRUCT)[0x3ed47025]);
 0)   0.150 us    |                folio_remove_rmap_ptes(folio=0xfffff2a100fb51c0, page=0xfffff2a100fb51c0, nr_pages=1, vma=0xffff8f30840b0e40);
 0)   0.160 us    |                __tlb_remove_folio_pages(tlb=0xffffd26ac050fc50, page=0xfffff2a100fb51c0, nr_pages=0x1, delay_rmap=0x0);
 0)   0.170 us    |                vm_normal_page(vma=0xffff8f30840b0e40, addr=0x7f4937dbe000, pte=(STRUCT)[0x3ed48025]);
 0)   0.151 us    |                folio_mark_accessed(folio=0xfffff2a100fb5200);
 0)   0.150 us    |                arch_check_zapped_pte(vma=0xffff8f30840b0e40, pte=(STRUCT)[0x3ed48025]);
 0)   0.160 us    |                folio_remove_rmap_ptes(folio=0xfffff2a100fb5200, page=0xfffff2a100fb5200, nr_pages=1, vma=0xffff8f30840b0e40);
 0)   0.160 us    |                __tlb_remove_folio_pages(tlb=0xffffd26ac050fc50, page=0xfffff2a100fb5200, nr_pages=0x1, delay_rmap=0x0);
 0)   0.171 us    |                vm_normal_page(vma=0xffff8f30840b0e40, addr=0x7f4937dbf000, pte=(STRUCT)[0x3ed49025]);
 0)   0.150 us    |                folio_mark_accessed(folio=0xfffff2a100fb5240);
 0)   0.151 us    |                arch_check_zapped_pte(vma=0xffff8f30840b0e40, pte=(STRUCT)[0x3ed49025]);
 0)   0.160 us    |                folio_remove_rmap_ptes(folio=0xfffff2a100fb5240, page=0xfffff2a100fb5240, nr_pages=1, vma=0xffff8f30840b0e40);
 0)   0.161 us    |                __tlb_remove_folio_pages(tlb=0xffffd26ac050fc50, page=0xfffff2a100fb5240, nr_pages=0x1, delay_rmap=0x0);
 0)   0.170 us    |                vm_normal_page(vma=0xffff8f30840b0e40, addr=0x7f4937dc0000, pte=(STRUCT)[0x3ed4a025]);
 0)   0.150 us    |                folio_mark_accessed(folio=0xfffff2a100fb5280);
 0)   0.149 us    |                arch_check_zapped_pte(vma=0xffff8f30840b0e40, pte=(STRUCT)[0x3ed4a025]);
 0)   0.160 us    |                folio_remove_rmap_ptes(folio=0xfffff2a100fb5280, page=0xfffff2a100fb5280, nr_pages=1, vma=0xffff8f30840b0e40);
 0)   0.160 us    |                __tlb_remove_folio_pages(tlb=0xffffd26ac050fc50, page=0xfffff2a100fb5280, nr_pages=0x1, delay_rmap=0x0);
 0)   0.171 us    |                vm_normal_page(vma=0xffff8f30840b0e40, addr=0x7f4937dc1000, pte=(STRUCT)[0x3ed4b025]);
 0)   0.150 us    |                folio_mark_accessed(folio=0xfffff2a100fb52c0);
 0)   0.151 us    |                arch_check_zapped_pte(vma=0xffff8f30840b0e40, pte=(STRUCT)[0x3ed4b025]);
 0)   0.290 us    |                folio_remove_rmap_ptes(folio=0xfffff2a100fb52c0, page=0xfffff2a100fb52c0, nr_pages=1, vma=0xffff8f30840b0e40);
 0)   0.151 us    |                __tlb_remove_folio_pages(tlb=0xffffd26ac050fc50, page=0xfffff2a100fb52c0, nr_pages=0x1, delay_rmap=0x0);
 0)   0.160 us    |                vm_normal_page(vma=0xffff8f30840b0e40, addr=0x7f4937dc2000, pte=(STRUCT)[0x3ed4c025]);
 0)   0.151 us    |                folio_mark_accessed(folio=0xfffff2a100fb5300);
 0)   0.151 us    |                arch_check_zapped_pte(vma=0xffff8f30840b0e40, pte=(STRUCT)[0x3ed4c025]);
 0)   0.160 us    |                folio_remove_rmap_ptes(folio=0xfffff2a100fb5300, page=0xfffff2a100fb5300, nr_pages=1, vma=0xffff8f30840b0e40);
 0)   0.160 us    |                __tlb_remove_folio_pages(tlb=0xffffd26ac050fc50, page=0xfffff2a100fb5300, nr_pages=0x1, delay_rmap=0x0);
 0)   0.160 us    |                vm_normal_page(vma=0xffff8f30840b0e40, addr=0x7f4937dc3000, pte=(STRUCT)[0x3ed4d025]);
 0)   0.160 us    |                folio_mark_accessed(folio=0xfffff2a100fb5340);
 0)   0.150 us    |                arch_check_zapped_pte(vma=0xffff8f30840b0e40, pte=(STRUCT)[0x3ed4d025]);
 0)   0.150 us    |                folio_remove_rmap_ptes(folio=0xfffff2a100fb5340, page=0xfffff2a100fb5340, nr_pages=1, vma=0xffff8f30840b0e40);
 0)   0.149 us    |                __tlb_remove_folio_pages(tlb=0xffffd26ac050fc50, page=0xfffff2a100fb5340, nr_pages=0x1, delay_rmap=0x0);
 0)   0.160 us    |                vm_normal_page(vma=0xffff8f30840b0e40, addr=0x7f4937dc4000, pte=(STRUCT)[0x3ed4e025]);
 0)   0.161 us    |                folio_mark_accessed(folio=0xfffff2a100fb5380);
 0)   0.161 us    |                arch_check_zapped_pte(vma=0xffff8f30840b0e40, pte=(STRUCT)[0x3ed4e025]);
 0)   0.160 us    |                folio_remove_rmap_ptes(folio=0xfffff2a100fb5380, page=0xfffff2a100fb5380, nr_pages=1, vma=0xffff8f30840b0e40);
 0)   0.151 us    |                __tlb_remove_folio_pages(tlb=0xffffd26ac050fc50, page=0xfffff2a100fb5380, nr_pages=0x1, delay_rmap=0x0);
 0)   0.161 us    |                vm_normal_page(vma=0xffff8f30840b0e40, addr=0x7f4937dc5000, pte=(STRUCT)[0x3ed4f025]);
 0)   0.150 us    |                folio_mark_accessed(folio=0xfffff2a100fb53c0);
 0)   0.151 us    |                arch_check_zapped_pte(vma=0xffff8f30840b0e40, pte=(STRUCT)[0x3ed4f025]);
 0)   0.150 us    |                folio_remove_rmap_ptes(folio=0xfffff2a100fb53c0, page=0xfffff2a100fb53c0, nr_pages=1, vma=0xffff8f30840b0e40);
 0)   0.151 us    |                __tlb_remove_folio_pages(tlb=0xffffd26ac050fc50, page=0xfffff2a100fb53c0, nr_pages=0x1, delay_rmap=0x0);
 0)   0.161 us    |                vm_normal_page(vma=0xffff8f30840b0e40, addr=0x7f4937dc6000, pte=(STRUCT)[0x3ed50025]);
 0)   0.160 us    |                folio_mark_accessed(folio=0xfffff2a100fb5400);
 0)   0.150 us    |                arch_check_zapped_pte(vma=0xffff8f30840b0e40, pte=(STRUCT)[0x3ed50025]);
 0)   0.151 us    |                folio_remove_rmap_ptes(folio=0xfffff2a100fb5400, page=0xfffff2a100fb5400, nr_pages=1, vma=0xffff8f30840b0e40);
 0)   0.150 us    |                __tlb_remove_folio_pages(tlb=0xffffd26ac050fc50, page=0xfffff2a100fb5400, nr_pages=0x1, delay_rmap=0x0);
 0)   0.160 us    |                vm_normal_page(vma=0xffff8f30840b0e40, addr=0x7f4937dc7000, pte=(STRUCT)[0x3ed51025]);
 0)   0.151 us    |                folio_mark_accessed(folio=0xfffff2a100fb5440);
 0)   0.160 us    |                arch_check_zapped_pte(vma=0xffff8f30840b0e40, pte=(STRUCT)[0x3ed51025]);
 0)   0.160 us    |                folio_remove_rmap_ptes(folio=0xfffff2a100fb5440, page=0xfffff2a100fb5440, nr_pages=1, vma=0xffff8f30840b0e40);
 0)   0.160 us    |                __tlb_remove_folio_pages(tlb=0xffffd26ac050fc50, page=0xfffff2a100fb5440, nr_pages=0x1, delay_rmap=0x0);
 0)   0.160 us    |                vm_normal_page(vma=0xffff8f30840b0e40, addr=0x7f4937dc8000, pte=(STRUCT)[0x3ed52025]);
 0)   0.151 us    |                folio_mark_accessed(folio=0xfffff2a100fb5480);
 0)   0.161 us    |                arch_check_zapped_pte(vma=0xffff8f30840b0e40, pte=(STRUCT)[0x3ed52025]);
 0)   0.161 us    |                folio_remove_rmap_ptes(folio=0xfffff2a100fb5480, page=0xfffff2a100fb5480, nr_pages=1, vma=0xffff8f30840b0e40);
 0)   0.151 us    |                __tlb_remove_folio_pages(tlb=0xffffd26ac050fc50, page=0xfffff2a100fb5480, nr_pages=0x1, delay_rmap=0x0);
 0)   0.160 us    |                vm_normal_page(vma=0xffff8f30840b0e40, addr=0x7f4937dc9000, pte=(STRUCT)[0x3ed53025]);
 0)   0.151 us    |                folio_mark_accessed(folio=0xfffff2a100fb54c0);
 0)   0.161 us    |                arch_check_zapped_pte(vma=0xffff8f30840b0e40, pte=(STRUCT)[0x3ed53025]);
 0)   0.160 us    |                folio_remove_rmap_ptes(folio=0xfffff2a100fb54c0, page=0xfffff2a100fb54c0, nr_pages=1, vma=0xffff8f30840b0e40);
 0)   0.151 us    |                __tlb_remove_folio_pages(tlb=0xffffd26ac050fc50, page=0xfffff2a100fb54c0, nr_pages=0x1, delay_rmap=0x0);
 0)   0.161 us    |                vm_normal_page(vma=0xffff8f30840b0e40, addr=0x7f4937dca000, pte=(STRUCT)[0x3ed54025]);
 0)   0.150 us    |                folio_mark_accessed(folio=0xfffff2a100fb5500);
 0)   0.160 us    |                arch_check_zapped_pte(vma=0xffff8f30840b0e40, pte=(STRUCT)[0x3ed54025]);
 0)   0.151 us    |                folio_remove_rmap_ptes(folio=0xfffff2a100fb5500, page=0xfffff2a100fb5500, nr_pages=1, vma=0xffff8f30840b0e40);
 0)   0.150 us    |                __tlb_remove_folio_pages(tlb=0xffffd26ac050fc50, page=0xfffff2a100fb5500, nr_pages=0x1, delay_rmap=0x0);
 0)   0.160 us    |                vm_normal_page(vma=0xffff8f30840b0e40, addr=0x7f4937dcb000, pte=(STRUCT)[0x3ed55025]);
 0)   0.160 us    |                folio_mark_accessed(folio=0xfffff2a100fb5540);
 0)   0.160 us    |                arch_check_zapped_pte(vma=0xffff8f30840b0e40, pte=(STRUCT)[0x3ed55025]);
 0)   0.150 us    |                folio_remove_rmap_ptes(folio=0xfffff2a100fb5540, page=0xfffff2a100fb5540, nr_pages=1, vma=0xffff8f30840b0e40);
 0)   0.150 us    |                __tlb_remove_folio_pages(tlb=0xffffd26ac050fc50, page=0xfffff2a100fb5540, nr_pages=0x1, delay_rmap=0x0);
 0)   0.160 us    |                vm_normal_page(vma=0xffff8f30840b0e40, addr=0x7f4937dcc000, pte=(STRUCT)[0x3ed56025]);
 0)   0.161 us    |                folio_mark_accessed(folio=0xfffff2a100fb5580);
 0)   0.150 us    |                arch_check_zapped_pte(vma=0xffff8f30840b0e40, pte=(STRUCT)[0x3ed56025]);
 0)   0.151 us    |                folio_remove_rmap_ptes(folio=0xfffff2a100fb5580, page=0xfffff2a100fb5580, nr_pages=1, vma=0xffff8f30840b0e40);
 0)   0.150 us    |                __tlb_remove_folio_pages(tlb=0xffffd26ac050fc50, page=0xfffff2a100fb5580, nr_pages=0x1, delay_rmap=0x0);
 0)   0.161 us    |                vm_normal_page(vma=0xffff8f30840b0e40, addr=0x7f4937dcd000, pte=(STRUCT)[0x3ed57025]);
 0)   0.160 us    |                folio_mark_accessed(folio=0xfffff2a100fb55c0);
 0)   0.150 us    |                arch_check_zapped_pte(vma=0xffff8f30840b0e40, pte=(STRUCT)[0x3ed57025]);
 0)   0.149 us    |                folio_remove_rmap_ptes(folio=0xfffff2a100fb55c0, page=0xfffff2a100fb55c0, nr_pages=1, vma=0xffff8f30840b0e40);
 0)   0.151 us    |                __tlb_remove_folio_pages(tlb=0xffffd26ac050fc50, page=0xfffff2a100fb55c0, nr_pages=0x1, delay_rmap=0x0);
 0)   0.170 us    |                vm_normal_page(vma=0xffff8f30840b0e40, addr=0x7f4937dce000, pte=(STRUCT)[0x3ed58025]);
 0)   0.220 us    |                folio_mark_accessed(folio=0xfffff2a100fb5600);
 0)   0.151 us    |                arch_check_zapped_pte(vma=0xffff8f30840b0e40, pte=(STRUCT)[0x3ed58025]);
 0)   0.160 us    |                folio_remove_rmap_ptes(folio=0xfffff2a100fb5600, page=0xfffff2a100fb5600, nr_pages=1, vma=0xffff8f30840b0e40);
 0)   0.149 us    |                __tlb_remove_folio_pages(tlb=0xffffd26ac050fc50, page=0xfffff2a100fb5600, nr_pages=0x1, delay_rmap=0x0);
 0)   0.160 us    |                vm_normal_page(vma=0xffff8f30840b0e40, addr=0x7f4937dcf000, pte=(STRUCT)[0x3ed59025]);
 0)   0.160 us    |                folio_mark_accessed(folio=0xfffff2a100fb5640);
 0)   0.150 us    |                arch_check_zapped_pte(vma=0xffff8f30840b0e40, pte=(STRUCT)[0x3ed59025]);
 0)   0.150 us    |                folio_remove_rmap_ptes(folio=0xfffff2a100fb5640, page=0xfffff2a100fb5640, nr_pages=1, vma=0xffff8f30840b0e40);
 0)   0.150 us    |                __tlb_remove_folio_pages(tlb=0xffffd26ac050fc50, page=0xfffff2a100fb5640, nr_pages=0x1, delay_rmap=0x0);
 0)   0.160 us    |                vm_normal_page(vma=0xffff8f30840b0e40, addr=0x7f4937dd0000, pte=(STRUCT)[0x3ed5a025]);
 0)   0.161 us    |                folio_mark_accessed(folio=0xfffff2a100fb5680);
 0)   0.151 us    |                arch_check_zapped_pte(vma=0xffff8f30840b0e40, pte=(STRUCT)[0x3ed5a025]);
 0)   0.150 us    |                folio_remove_rmap_ptes(folio=0xfffff2a100fb5680, page=0xfffff2a100fb5680, nr_pages=1, vma=0xffff8f30840b0e40);
 0)   0.151 us    |                __tlb_remove_folio_pages(tlb=0xffffd26ac050fc50, page=0xfffff2a100fb5680, nr_pages=0x1, delay_rmap=0x0);
 0)   0.161 us    |                vm_normal_page(vma=0xffff8f30840b0e40, addr=0x7f4937dd1000, pte=(STRUCT)[0x3ed5b025]);
 0)   0.160 us    |                folio_mark_accessed(folio=0xfffff2a100fb56c0);
 0)   0.161 us    |                arch_check_zapped_pte(vma=0xffff8f30840b0e40, pte=(STRUCT)[0x3ed5b025]);
 0)   0.161 us    |                folio_remove_rmap_ptes(folio=0xfffff2a100fb56c0, page=0xfffff2a100fb56c0, nr_pages=1, vma=0xffff8f30840b0e40);
 0)   0.150 us    |                __tlb_remove_folio_pages(tlb=0xffffd26ac050fc50, page=0xfffff2a100fb56c0, nr_pages=0x1, delay_rmap=0x0);
 0)   0.160 us    |                vm_normal_page(vma=0xffff8f30840b0e40, addr=0x7f4937dd2000, pte=(STRUCT)[0x3ed5c025]);
 0)   0.160 us    |                folio_mark_accessed(folio=0xfffff2a100fb5700);
 0)   0.151 us    |                arch_check_zapped_pte(vma=0xffff8f30840b0e40, pte=(STRUCT)[0x3ed5c025]);
 0)   0.150 us    |                folio_remove_rmap_ptes(folio=0xfffff2a100fb5700, page=0xfffff2a100fb5700, nr_pages=1, vma=0xffff8f30840b0e40);
 0)   0.150 us    |                __tlb_remove_folio_pages(tlb=0xffffd26ac050fc50, page=0xfffff2a100fb5700, nr_pages=0x1, delay_rmap=0x0);
 0)   0.160 us    |                vm_normal_page(vma=0xffff8f30840b0e40, addr=0x7f4937dd3000, pte=(STRUCT)[0x3ed5d025]);
 0)   0.151 us    |                folio_mark_accessed(folio=0xfffff2a100fb5740);
 0)   0.160 us    |                arch_check_zapped_pte(vma=0xffff8f30840b0e40, pte=(STRUCT)[0x3ed5d025]);
 0)   0.160 us    |                folio_remove_rmap_ptes(folio=0xfffff2a100fb5740, page=0xfffff2a100fb5740, nr_pages=1, vma=0xffff8f30840b0e40);
 0)   0.161 us    |                __tlb_remove_folio_pages(tlb=0xffffd26ac050fc50, page=0xfffff2a100fb5740, nr_pages=0x1, delay_rmap=0x0);
 0)   0.160 us    |                vm_normal_page(vma=0xffff8f30840b0e40, addr=0x7f4937dd4000, pte=(STRUCT)[0x3ed5e025]);
 0)   0.149 us    |                folio_mark_accessed(folio=0xfffff2a100fb5780);
 0)   0.150 us    |                arch_check_zapped_pte(vma=0xffff8f30840b0e40, pte=(STRUCT)[0x3ed5e025]);
 0)   0.150 us    |                folio_remove_rmap_ptes(folio=0xfffff2a100fb5780, page=0xfffff2a100fb5780, nr_pages=1, vma=0xffff8f30840b0e40);
 0)   0.160 us    |                __tlb_remove_folio_pages(tlb=0xffffd26ac050fc50, page=0xfffff2a100fb5780, nr_pages=0x1, delay_rmap=0x0);
 0)   0.160 us    |                vm_normal_page(vma=0xffff8f30840b0e40, addr=0x7f4937dd5000, pte=(STRUCT)[0x3ed5f025]);
 0)   0.171 us    |                folio_mark_accessed(folio=0xfffff2a100fb57c0);
 0)   0.150 us    |                arch_check_zapped_pte(vma=0xffff8f30840b0e40, pte=(STRUCT)[0x3ed5f025]);
 0)   0.150 us    |                folio_remove_rmap_ptes(folio=0xfffff2a100fb57c0, page=0xfffff2a100fb57c0, nr_pages=1, vma=0xffff8f30840b0e40);
 0)   0.149 us    |                __tlb_remove_folio_pages(tlb=0xffffd26ac050fc50, page=0xfffff2a100fb57c0, nr_pages=0x1, delay_rmap=0x0);
 0)   0.160 us    |                vm_normal_page(vma=0xffff8f30840b0e40, addr=0x7f4937dd6000, pte=(STRUCT)[0x3ed60025]);
 0)   0.161 us    |                folio_mark_accessed(folio=0xfffff2a100fb5800);
 0)   0.151 us    |                arch_check_zapped_pte(vma=0xffff8f30840b0e40, pte=(STRUCT)[0x3ed60025]);
 0)   0.150 us    |                folio_remove_rmap_ptes(folio=0xfffff2a100fb5800, page=0xfffff2a100fb5800, nr_pages=1, vma=0xffff8f30840b0e40);
 0)   0.151 us    |                __tlb_remove_folio_pages(tlb=0xffffd26ac050fc50, page=0xfffff2a100fb5800, nr_pages=0x1, delay_rmap=0x0);
 0)   0.160 us    |                _raw_spin_lock_irqsave(lock=0xffff8f3081b4e000);
 0)   0.160 us    |                _raw_spin_unlock_irqrestore(lock=0xffff8f3081b4e000, flags=0x282);
 0)   0.161 us    |                _raw_spin_unlock(lock=0xfffff2a1000d3fe8);
 0)   0.161 us    |                __rcu_read_unlock();
 0) ! 173.515 us  |              }
 0)               |              __zap_vma_range(tlb=0xffffd26ac050fc50, vma=0xffff8f30831f8540, start=0x7f4937dd7000, end=0x7f4937e06000, details=0xffffd26ac050fb50) {
 0)   0.161 us    |                uprobe_munmap(vma=0xffff8f30831f8540, start=0x7f4937dd7000, end=0x7f4937e06000);
 0)               |                pte_offset_map_lock(mm=0xffff8f3081b4db00, pmd=0xffff8f30838b4df0, addr=0x7f4937dd7000, ptlp=0xffffd26ac050fad8) {
 0)               |                  __pte_offset_map(pmd=0xffff8f30838b4df0, addr=0x7f4937dd7000, pmdvalp=0xffffd26ac050f9f0) {
 0)   0.160 us    |                    __rcu_read_lock();
 0)   0.490 us    |                  }
 0)   0.160 us    |                  _raw_spin_lock(lock=0xfffff2a1000d3fe8);
 0)   1.172 us    |                }
 0)   0.160 us    |                flush_tlb_batched_pending(mm=0xffff8f3081b4db00);
 0)   0.171 us    |                vm_normal_page(vma=0xffff8f30831f8540, addr=0x7f4937de0000, pte=(STRUCT)[0x800000003ed6a025]);
 0)   0.161 us    |                folio_mark_accessed(folio=0xfffff2a100fb5a80);
 0)   0.201 us    |                arch_check_zapped_pte(vma=0xffff8f30831f8540, pte=(STRUCT)[0x800000003ed6a025]);
 0)   0.181 us    |                folio_remove_rmap_ptes(folio=0xfffff2a100fb5a80, page=0xfffff2a100fb5a80, nr_pages=1, vma=0xffff8f30831f8540);
 0)   0.180 us    |                __tlb_remove_folio_pages(tlb=0xffffd26ac050fc50, page=0xfffff2a100fb5a80, nr_pages=0x1, delay_rmap=0x0);
 0)   0.191 us    |                vm_normal_page(vma=0xffff8f30831f8540, addr=0x7f4937de1000, pte=(STRUCT)[0x800000003ed6b025]);
 0)   0.189 us    |                folio_mark_accessed(folio=0xfffff2a100fb5ac0);
 0)   0.191 us    |                arch_check_zapped_pte(vma=0xffff8f30831f8540, pte=(STRUCT)[0x800000003ed6b025]);
 0)   0.661 us    |                folio_remove_rmap_ptes(folio=0xfffff2a100fb5ac0, page=0xfffff2a100fb5ac0, nr_pages=1, vma=0xffff8f30831f8540);
 0)   0.191 us    |                __tlb_remove_folio_pages(tlb=0xffffd26ac050fc50, page=0xfffff2a100fb5ac0, nr_pages=0x1, delay_rmap=0x0);
 0)   0.231 us    |                vm_normal_page(vma=0xffff8f30831f8540, addr=0x7f4937de2000, pte=(STRUCT)[0x800000003ed6c025]);
 0)   0.189 us    |                folio_mark_accessed(folio=0xfffff2a100fb5b00);
 0)   0.180 us    |                arch_check_zapped_pte(vma=0xffff8f30831f8540, pte=(STRUCT)[0x800000003ed6c025]);
 0)   0.180 us    |                folio_remove_rmap_ptes(folio=0xfffff2a100fb5b00, page=0xfffff2a100fb5b00, nr_pages=1, vma=0xffff8f30831f8540);
 0)   0.211 us    |                __tlb_remove_folio_pages(tlb=0xffffd26ac050fc50, page=0xfffff2a100fb5b00, nr_pages=0x1, delay_rmap=0x0);
 0)   0.431 us    |                vm_normal_page(vma=0xffff8f30831f8540, addr=0x7f4937de3000, pte=(STRUCT)[0x800000003ed6d025]);
 0)   0.220 us    |                folio_mark_accessed(folio=0xfffff2a100fb5b40);
 0)   0.191 us    |                arch_check_zapped_pte(vma=0xffff8f30831f8540, pte=(STRUCT)[0x800000003ed6d025]);
 0)   0.220 us    |                folio_remove_rmap_ptes(folio=0xfffff2a100fb5b40, page=0xfffff2a100fb5b40, nr_pages=1, vma=0xffff8f30831f8540);
 0)   0.180 us    |                __tlb_remove_folio_pages(tlb=0xffffd26ac050fc50, page=0xfffff2a100fb5b40, nr_pages=0x1, delay_rmap=0x0);
 0)   0.200 us    |                vm_normal_page(vma=0xffff8f30831f8540, addr=0x7f4937de4000, pte=(STRUCT)[0x800000003ed6e025]);
 0)   0.190 us    |                folio_mark_accessed(folio=0xfffff2a100fb5b80);
 0)   0.191 us    |                arch_check_zapped_pte(vma=0xffff8f30831f8540, pte=(STRUCT)[0x800000003ed6e025]);
 0)   0.191 us    |                folio_remove_rmap_ptes(folio=0xfffff2a100fb5b80, page=0xfffff2a100fb5b80, nr_pages=1, vma=0xffff8f30831f8540);
 0)   0.170 us    |                __tlb_remove_folio_pages(tlb=0xffffd26ac050fc50, page=0xfffff2a100fb5b80, nr_pages=0x1, delay_rmap=0x0);
 0)   0.190 us    |                vm_normal_page(vma=0xffff8f30831f8540, addr=0x7f4937de5000, pte=(STRUCT)[0x800000003ed6f025]);
 0)   0.211 us    |                folio_mark_accessed(folio=0xfffff2a100fb5bc0);
 0)   0.211 us    |                arch_check_zapped_pte(vma=0xffff8f30831f8540, pte=(STRUCT)[0x800000003ed6f025]);
 0)   0.190 us    |                folio_remove_rmap_ptes(folio=0xfffff2a100fb5bc0, page=0xfffff2a100fb5bc0, nr_pages=1, vma=0xffff8f30831f8540);
 0)   0.191 us    |                __tlb_remove_folio_pages(tlb=0xffffd26ac050fc50, page=0xfffff2a100fb5bc0, nr_pages=0x1, delay_rmap=0x0);
 0)   0.231 us    |                vm_normal_page(vma=0xffff8f30831f8540, addr=0x7f4937de6000, pte=(STRUCT)[0x800000003ed70025]);
 0)   0.191 us    |                folio_mark_accessed(folio=0xfffff2a100fb5c00);
 0)   0.180 us    |                arch_check_zapped_pte(vma=0xffff8f30831f8540, pte=(STRUCT)[0x800000003ed70025]);
 0)   0.190 us    |                folio_remove_rmap_ptes(folio=0xfffff2a100fb5c00, page=0xfffff2a100fb5c00, nr_pages=1, vma=0xffff8f30831f8540);
 0)   0.200 us    |                __tlb_remove_folio_pages(tlb=0xffffd26ac050fc50, page=0xfffff2a100fb5c00, nr_pages=0x1, delay_rmap=0x0);
 0)   0.220 us    |                vm_normal_page(vma=0xffff8f30831f8540, addr=0x7f4937de7000, pte=(STRUCT)[0x800000003ed71025]);
 0)   0.201 us    |                folio_mark_accessed(folio=0xfffff2a100fb5c40);
 0)   0.190 us    |                arch_check_zapped_pte(vma=0xffff8f30831f8540, pte=(STRUCT)[0x800000003ed71025]);
 0)   0.190 us    |                folio_remove_rmap_ptes(folio=0xfffff2a100fb5c40, page=0xfffff2a100fb5c40, nr_pages=1, vma=0xffff8f30831f8540);
 0)   0.190 us    |                __tlb_remove_folio_pages(tlb=0xffffd26ac050fc50, page=0xfffff2a100fb5c40, nr_pages=0x1, delay_rmap=0x0);
 0)   0.231 us    |                vm_normal_page(vma=0xffff8f30831f8540, addr=0x7f4937de8000, pte=(STRUCT)[0x800000003ed72025]);
 0)   0.210 us    |                folio_mark_accessed(folio=0xfffff2a100fb5c80);
 0)   0.190 us    |                arch_check_zapped_pte(vma=0xffff8f30831f8540, pte=(STRUCT)[0x800000003ed72025]);
 0)   0.201 us    |                folio_remove_rmap_ptes(folio=0xfffff2a100fb5c80, page=0xfffff2a100fb5c80, nr_pages=1, vma=0xffff8f30831f8540);
 0)   0.191 us    |                __tlb_remove_folio_pages(tlb=0xffffd26ac050fc50, page=0xfffff2a100fb5c80, nr_pages=0x1, delay_rmap=0x0);
 0)   0.211 us    |                vm_normal_page(vma=0xffff8f30831f8540, addr=0x7f4937de9000, pte=(STRUCT)[0x800000003ed73025]);
 0)   0.190 us    |                folio_mark_accessed(folio=0xfffff2a100fb5cc0);
 0)   0.180 us    |                arch_check_zapped_pte(vma=0xffff8f30831f8540, pte=(STRUCT)[0x800000003ed73025]);
 0)   0.191 us    |                folio_remove_rmap_ptes(folio=0xfffff2a100fb5cc0, page=0xfffff2a100fb5cc0, nr_pages=1, vma=0xffff8f30831f8540);
 0)   0.180 us    |                __tlb_remove_folio_pages(tlb=0xffffd26ac050fc50, page=0xfffff2a100fb5cc0, nr_pages=0x1, delay_rmap=0x0);
 0)   0.161 us    |                vm_normal_page(vma=0xffff8f30831f8540, addr=0x7f4937dea000, pte=(STRUCT)[0x800000003ed74025]);
 0)   0.150 us    |                folio_mark_accessed(folio=0xfffff2a100fb5d00);
 0)   0.151 us    |                arch_check_zapped_pte(vma=0xffff8f30831f8540, pte=(STRUCT)[0x800000003ed74025]);
 0)   0.191 us    |                folio_remove_rmap_ptes(folio=0xfffff2a100fb5d00, page=0xfffff2a100fb5d00, nr_pages=1, vma=0xffff8f30831f8540);
 0)   0.191 us    |                __tlb_remove_folio_pages(tlb=0xffffd26ac050fc50, page=0xfffff2a100fb5d00, nr_pages=0x1, delay_rmap=0x0);
 0)   0.231 us    |                vm_normal_page(vma=0xffff8f30831f8540, addr=0x7f4937deb000, pte=(STRUCT)[0x800000003ed75025]);
 0)   0.191 us    |                folio_mark_accessed(folio=0xfffff2a100fb5d40);
 0)   0.190 us    |                arch_check_zapped_pte(vma=0xffff8f30831f8540, pte=(STRUCT)[0x800000003ed75025]);
 0)   0.190 us    |                folio_remove_rmap_ptes(folio=0xfffff2a100fb5d40, page=0xfffff2a100fb5d40, nr_pages=1, vma=0xffff8f30831f8540);
 0)   0.189 us    |                __tlb_remove_folio_pages(tlb=0xffffd26ac050fc50, page=0xfffff2a100fb5d40, nr_pages=0x1, delay_rmap=0x0);
 0)   0.201 us    |                vm_normal_page(vma=0xffff8f30831f8540, addr=0x7f4937dec000, pte=(STRUCT)[0x800000003ed76025]);
 0)   0.180 us    |                folio_mark_accessed(folio=0xfffff2a100fb5d80);
 0)   0.190 us    |                arch_check_zapped_pte(vma=0xffff8f30831f8540, pte=(STRUCT)[0x800000003ed76025]);
 0)   0.181 us    |                folio_remove_rmap_ptes(folio=0xfffff2a100fb5d80, page=0xfffff2a100fb5d80, nr_pages=1, vma=0xffff8f30831f8540);
 0)   0.189 us    |                __tlb_remove_folio_pages(tlb=0xffffd26ac050fc50, page=0xfffff2a100fb5d80, nr_pages=0x1, delay_rmap=0x0);
 0)   0.201 us    |                vm_normal_page(vma=0xffff8f30831f8540, addr=0x7f4937ded000, pte=(STRUCT)[0x800000003ed77025]);
 0)   0.191 us    |                folio_mark_accessed(folio=0xfffff2a100fb5dc0);
 0)   0.220 us    |                arch_check_zapped_pte(vma=0xffff8f30831f8540, pte=(STRUCT)[0x800000003ed77025]);
 0)   0.201 us    |                folio_remove_rmap_ptes(folio=0xfffff2a100fb5dc0, page=0xfffff2a100fb5dc0, nr_pages=1, vma=0xffff8f30831f8540);
 0)   0.200 us    |                __tlb_remove_folio_pages(tlb=0xffffd26ac050fc50, page=0xfffff2a100fb5dc0, nr_pages=0x1, delay_rmap=0x0);
 0)   0.209 us    |                vm_normal_page(vma=0xffff8f30831f8540, addr=0x7f4937dee000, pte=(STRUCT)[0x800000003ed78025]);
 0)   0.311 us    |                folio_mark_accessed(folio=0xfffff2a100fb5e00);
 0)   0.191 us    |                arch_check_zapped_pte(vma=0xffff8f30831f8540, pte=(STRUCT)[0x800000003ed78025]);
 0)   0.200 us    |                folio_remove_rmap_ptes(folio=0xfffff2a100fb5e00, page=0xfffff2a100fb5e00, nr_pages=1, vma=0xffff8f30831f8540);
 0)   0.200 us    |                __tlb_remove_folio_pages(tlb=0xffffd26ac050fc50, page=0xfffff2a100fb5e00, nr_pages=0x1, delay_rmap=0x0);
 0)   0.201 us    |                vm_normal_page(vma=0xffff8f30831f8540, addr=0x7f4937def000, pte=(STRUCT)[0x800000003ed79025]);
 0)   0.191 us    |                folio_mark_accessed(folio=0xfffff2a100fb5e40);
 0)   0.180 us    |                arch_check_zapped_pte(vma=0xffff8f30831f8540, pte=(STRUCT)[0x800000003ed79025]);
 0)   0.201 us    |                folio_remove_rmap_ptes(folio=0xfffff2a100fb5e40, page=0xfffff2a100fb5e40, nr_pages=1, vma=0xffff8f30831f8540);
 0)   0.200 us    |                __tlb_remove_folio_pages(tlb=0xffffd26ac050fc50, page=0xfffff2a100fb5e40, nr_pages=0x1, delay_rmap=0x0);
 0)   0.200 us    |                vm_normal_page(vma=0xffff8f30831f8540, addr=0x7f4937df0000, pte=(STRUCT)[0x800000003ed7a025]);
 0)   0.189 us    |                folio_mark_accessed(folio=0xfffff2a100fb5e80);
 0)   0.180 us    |                arch_check_zapped_pte(vma=0xffff8f30831f8540, pte=(STRUCT)[0x800000003ed7a025]);
 0)   0.231 us    |                folio_remove_rmap_ptes(folio=0xfffff2a100fb5e80, page=0xfffff2a100fb5e80, nr_pages=1, vma=0xffff8f30831f8540);
 0)   0.150 us    |                __tlb_remove_folio_pages(tlb=0xffffd26ac050fc50, page=0xfffff2a100fb5e80, nr_pages=0x1, delay_rmap=0x0);
 0)   0.171 us    |                vm_normal_page(vma=0xffff8f30831f8540, addr=0x7f4937df1000, pte=(STRUCT)[0x800000003ed7b025]);
 0)   0.150 us    |                folio_mark_accessed(folio=0xfffff2a100fb5ec0);
 0)   0.151 us    |                arch_check_zapped_pte(vma=0xffff8f30831f8540, pte=(STRUCT)[0x800000003ed7b025]);
 0)   0.161 us    |                folio_remove_rmap_ptes(folio=0xfffff2a100fb5ec0, page=0xfffff2a100fb5ec0, nr_pages=1, vma=0xffff8f30831f8540);
 0)   0.160 us    |                __tlb_remove_folio_pages(tlb=0xffffd26ac050fc50, page=0xfffff2a100fb5ec0, nr_pages=0x1, delay_rmap=0x0);
 0)   0.169 us    |                vm_normal_page(vma=0xffff8f30831f8540, addr=0x7f4937df2000, pte=(STRUCT)[0x800000003ed7c025]);
 0)   0.151 us    |                folio_mark_accessed(folio=0xfffff2a100fb5f00);
 0)   0.150 us    |                arch_check_zapped_pte(vma=0xffff8f30831f8540, pte=(STRUCT)[0x800000003ed7c025]);
 0)   0.151 us    |                folio_remove_rmap_ptes(folio=0xfffff2a100fb5f00, page=0xfffff2a100fb5f00, nr_pages=1, vma=0xffff8f30831f8540);
 0)   0.150 us    |                __tlb_remove_folio_pages(tlb=0xffffd26ac050fc50, page=0xfffff2a100fb5f00, nr_pages=0x1, delay_rmap=0x0);
 0)   0.161 us    |                vm_normal_page(vma=0xffff8f30831f8540, addr=0x7f4937df3000, pte=(STRUCT)[0x800000003ed7d025]);
 0)   0.151 us    |                folio_mark_accessed(folio=0xfffff2a100fb5f40);
 0)   0.150 us    |                arch_check_zapped_pte(vma=0xffff8f30831f8540, pte=(STRUCT)[0x800000003ed7d025]);
 0)   0.151 us    |                folio_remove_rmap_ptes(folio=0xfffff2a100fb5f40, page=0xfffff2a100fb5f40, nr_pages=1, vma=0xffff8f30831f8540);
 0)   0.150 us    |                __tlb_remove_folio_pages(tlb=0xffffd26ac050fc50, page=0xfffff2a100fb5f40, nr_pages=0x1, delay_rmap=0x0);
 0)   0.161 us    |                vm_normal_page(vma=0xffff8f30831f8540, addr=0x7f4937df4000, pte=(STRUCT)[0x800000003ed7e025]);
 0)   0.160 us    |                folio_mark_accessed(folio=0xfffff2a100fb5f80);
 0)   0.150 us    |                arch_check_zapped_pte(vma=0xffff8f30831f8540, pte=(STRUCT)[0x800000003ed7e025]);
 0)   0.150 us    |                folio_remove_rmap_ptes(folio=0xfffff2a100fb5f80, page=0xfffff2a100fb5f80, nr_pages=1, vma=0xffff8f30831f8540);
 0)   0.151 us    |                __tlb_remove_folio_pages(tlb=0xffffd26ac050fc50, page=0xfffff2a100fb5f80, nr_pages=0x1, delay_rmap=0x0);
 0)   0.160 us    |                vm_normal_page(vma=0xffff8f30831f8540, addr=0x7f4937df5000, pte=(STRUCT)[0x800000003ed7f025]);
 0)   0.151 us    |                folio_mark_accessed(folio=0xfffff2a100fb5fc0);
 0)   0.149 us    |                arch_check_zapped_pte(vma=0xffff8f30831f8540, pte=(STRUCT)[0x800000003ed7f025]);
 0)   0.160 us    |                folio_remove_rmap_ptes(folio=0xfffff2a100fb5fc0, page=0xfffff2a100fb5fc0, nr_pages=1, vma=0xffff8f30831f8540);
 0)   0.160 us    |                __tlb_remove_folio_pages(tlb=0xffffd26ac050fc50, page=0xfffff2a100fb5fc0, nr_pages=0x1, delay_rmap=0x0);
 0)   0.161 us    |                vm_normal_page(vma=0xffff8f30831f8540, addr=0x7f4937df6000, pte=(STRUCT)[0x800000003edc0025]);
 0)   0.150 us    |                folio_mark_accessed(folio=0xfffff2a100fb7000);
 0)   0.150 us    |                arch_check_zapped_pte(vma=0xffff8f30831f8540, pte=(STRUCT)[0x800000003edc0025]);
 0)   0.151 us    |                folio_remove_rmap_ptes(folio=0xfffff2a100fb7000, page=0xfffff2a100fb7000, nr_pages=1, vma=0xffff8f30831f8540);
 0)   0.150 us    |                __tlb_remove_folio_pages(tlb=0xffffd26ac050fc50, page=0xfffff2a100fb7000, nr_pages=0x1, delay_rmap=0x0);
 0)   0.160 us    |                vm_normal_page(vma=0xffff8f30831f8540, addr=0x7f4937df7000, pte=(STRUCT)[0x800000003edc1025]);
 0)   0.151 us    |                folio_mark_accessed(folio=0xfffff2a100fb7040);
 0)   0.160 us    |                arch_check_zapped_pte(vma=0xffff8f30831f8540, pte=(STRUCT)[0x800000003edc1025]);
 0)   0.160 us    |                folio_remove_rmap_ptes(folio=0xfffff2a100fb7040, page=0xfffff2a100fb7040, nr_pages=1, vma=0xffff8f30831f8540);
 0)   0.160 us    |                __tlb_remove_folio_pages(tlb=0xffffd26ac050fc50, page=0xfffff2a100fb7040, nr_pages=0x1, delay_rmap=0x0);
 0)   0.171 us    |                vm_normal_page(vma=0xffff8f30831f8540, addr=0x7f4937df8000, pte=(STRUCT)[0x800000003edc2025]);
 0)   0.150 us    |                folio_mark_accessed(folio=0xfffff2a100fb7080);
 0)   0.150 us    |                arch_check_zapped_pte(vma=0xffff8f30831f8540, pte=(STRUCT)[0x800000003edc2025]);
 0)   0.149 us    |                folio_remove_rmap_ptes(folio=0xfffff2a100fb7080, page=0xfffff2a100fb7080, nr_pages=1, vma=0xffff8f30831f8540);
 0)   0.151 us    |                __tlb_remove_folio_pages(tlb=0xffffd26ac050fc50, page=0xfffff2a100fb7080, nr_pages=0x1, delay_rmap=0x0);
 0)   0.160 us    |                vm_normal_page(vma=0xffff8f30831f8540, addr=0x7f4937df9000, pte=(STRUCT)[0x800000003edc3025]);
 0)   0.161 us    |                folio_mark_accessed(folio=0xfffff2a100fb70c0);
 0)   0.160 us    |                arch_check_zapped_pte(vma=0xffff8f30831f8540, pte=(STRUCT)[0x800000003edc3025]);
 0)   0.160 us    |                folio_remove_rmap_ptes(folio=0xfffff2a100fb70c0, page=0xfffff2a100fb70c0, nr_pages=1, vma=0xffff8f30831f8540);
 0)   0.160 us    |                __tlb_remove_folio_pages(tlb=0xffffd26ac050fc50, page=0xfffff2a100fb70c0, nr_pages=0x1, delay_rmap=0x0);
 0)   0.170 us    |                vm_normal_page(vma=0xffff8f30831f8540, addr=0x7f4937dfa000, pte=(STRUCT)[0x800000003edc4025]);
 0)   0.151 us    |                folio_mark_accessed(folio=0xfffff2a100fb7100);
 0)   0.150 us    |                arch_check_zapped_pte(vma=0xffff8f30831f8540, pte=(STRUCT)[0x800000003edc4025]);
 0)   0.151 us    |                folio_remove_rmap_ptes(folio=0xfffff2a100fb7100, page=0xfffff2a100fb7100, nr_pages=1, vma=0xffff8f30831f8540);
 0)   0.281 us    |                __tlb_remove_folio_pages(tlb=0xffffd26ac050fc50, page=0xfffff2a100fb7100, nr_pages=0x1, delay_rmap=0x0);
 0)   0.161 us    |                vm_normal_page(vma=0xffff8f30831f8540, addr=0x7f4937dfb000, pte=(STRUCT)[0x800000003edc5025]);
 0)   0.160 us    |                folio_mark_accessed(folio=0xfffff2a100fb7140);
 0)   0.160 us    |                arch_check_zapped_pte(vma=0xffff8f30831f8540, pte=(STRUCT)[0x800000003edc5025]);
 0)   0.151 us    |                folio_remove_rmap_ptes(folio=0xfffff2a100fb7140, page=0xfffff2a100fb7140, nr_pages=1, vma=0xffff8f30831f8540);
 0)   0.150 us    |                __tlb_remove_folio_pages(tlb=0xffffd26ac050fc50, page=0xfffff2a100fb7140, nr_pages=0x1, delay_rmap=0x0);
 0)   0.160 us    |                vm_normal_page(vma=0xffff8f30831f8540, addr=0x7f4937dfc000, pte=(STRUCT)[0x800000003edc6025]);
 0)   0.150 us    |                folio_mark_accessed(folio=0xfffff2a100fb7180);
 0)   0.150 us    |                arch_check_zapped_pte(vma=0xffff8f30831f8540, pte=(STRUCT)[0x800000003edc6025]);
 0)   0.151 us    |                folio_remove_rmap_ptes(folio=0xfffff2a100fb7180, page=0xfffff2a100fb7180, nr_pages=1, vma=0xffff8f30831f8540);
 0)   0.150 us    |                __tlb_remove_folio_pages(tlb=0xffffd26ac050fc50, page=0xfffff2a100fb7180, nr_pages=0x1, delay_rmap=0x0);
 0)   0.160 us    |                vm_normal_page(vma=0xffff8f30831f8540, addr=0x7f4937dfd000, pte=(STRUCT)[0x800000003edc7025]);
 0)   0.160 us    |                folio_mark_accessed(folio=0xfffff2a100fb71c0);
 0)   0.160 us    |                arch_check_zapped_pte(vma=0xffff8f30831f8540, pte=(STRUCT)[0x800000003edc7025]);
 0)   0.160 us    |                folio_remove_rmap_ptes(folio=0xfffff2a100fb71c0, page=0xfffff2a100fb71c0, nr_pages=1, vma=0xffff8f30831f8540);
 0)   0.150 us    |                __tlb_remove_folio_pages(tlb=0xffffd26ac050fc50, page=0xfffff2a100fb71c0, nr_pages=0x1, delay_rmap=0x0);
 0)   0.161 us    |                vm_normal_page(vma=0xffff8f30831f8540, addr=0x7f4937dfe000, pte=(STRUCT)[0x800000003edc8025]);
 0)   0.160 us    |                folio_mark_accessed(folio=0xfffff2a100fb7200);
 0)   0.160 us    |                arch_check_zapped_pte(vma=0xffff8f30831f8540, pte=(STRUCT)[0x800000003edc8025]);
 0)   0.160 us    |                folio_remove_rmap_ptes(folio=0xfffff2a100fb7200, page=0xfffff2a100fb7200, nr_pages=1, vma=0xffff8f30831f8540);
 0)   0.161 us    |                __tlb_remove_folio_pages(tlb=0xffffd26ac050fc50, page=0xfffff2a100fb7200, nr_pages=0x1, delay_rmap=0x0);
 0)   0.171 us    |                vm_normal_page(vma=0xffff8f30831f8540, addr=0x7f4937dff000, pte=(STRUCT)[0x800000003edc9025]);
 0)   0.160 us    |                folio_mark_accessed(folio=0xfffff2a100fb7240);
 0)   0.150 us    |                arch_check_zapped_pte(vma=0xffff8f30831f8540, pte=(STRUCT)[0x800000003edc9025]);
 0)   0.161 us    |                folio_remove_rmap_ptes(folio=0xfffff2a100fb7240, page=0xfffff2a100fb7240, nr_pages=1, vma=0xffff8f30831f8540);
 0)   0.161 us    |                __tlb_remove_folio_pages(tlb=0xffffd26ac050fc50, page=0xfffff2a100fb7240, nr_pages=0x1, delay_rmap=0x0);
 0)   0.170 us    |                _raw_spin_lock_irqsave(lock=0xffff8f3081b4e000);
 0)   0.171 us    |                _raw_spin_unlock_irqrestore(lock=0xffff8f3081b4e000, flags=0x282);
 0)   0.171 us    |                _raw_spin_unlock(lock=0xfffff2a1000d3fe8);
 0)   0.160 us    |                __rcu_read_unlock();
 0)               |                pte_offset_map_lock(mm=0xffff8f3081b4db00, pmd=0xffff8f30838b4df8, addr=0x7f4937e00000, ptlp=0xffffd26ac050fad8) {
 0)               |                  __pte_offset_map(pmd=0xffff8f30838b4df8, addr=0x7f4937e00000, pmdvalp=0xffffd26ac050f9f0) {
 0)   0.161 us    |                    __rcu_read_lock();
 0)   0.651 us    |                  }
 0)   0.160 us    |                  _raw_spin_lock(lock=0xfffff2a1000e2de8);
 0)   1.352 us    |                }
 0)   0.161 us    |                flush_tlb_batched_pending(mm=0xffff8f3081b4db00);
 0)   0.170 us    |                vm_normal_page(vma=0xffff8f30831f8540, addr=0x7f4937e00000, pte=(STRUCT)[0x800000003edca025]);
 0)   0.160 us    |                folio_mark_accessed(folio=0xfffff2a100fb7280);
 0)   0.160 us    |                arch_check_zapped_pte(vma=0xffff8f30831f8540, pte=(STRUCT)[0x800000003edca025]);
 0)   0.160 us    |                folio_remove_rmap_ptes(folio=0xfffff2a100fb7280, page=0xfffff2a100fb7280, nr_pages=1, vma=0xffff8f30831f8540);
 0)   0.150 us    |                __tlb_remove_folio_pages(tlb=0xffffd26ac050fc50, page=0xfffff2a100fb7280, nr_pages=0x1, delay_rmap=0x0);
 0)   0.160 us    |                vm_normal_page(vma=0xffff8f30831f8540, addr=0x7f4937e01000, pte=(STRUCT)[0x800000003edcb025]);
 0)   0.150 us    |                folio_mark_accessed(folio=0xfffff2a100fb72c0);
 0)   0.151 us    |                arch_check_zapped_pte(vma=0xffff8f30831f8540, pte=(STRUCT)[0x800000003edcb025]);
 0)   0.150 us    |                folio_remove_rmap_ptes(folio=0xfffff2a100fb72c0, page=0xfffff2a100fb72c0, nr_pages=1, vma=0xffff8f30831f8540);
 0)   0.150 us    |                __tlb_remove_folio_pages(tlb=0xffffd26ac050fc50, page=0xfffff2a100fb72c0, nr_pages=0x1, delay_rmap=0x0);
 0)   0.160 us    |                vm_normal_page(vma=0xffff8f30831f8540, addr=0x7f4937e02000, pte=(STRUCT)[0x800000003edcc025]);
 0)   0.161 us    |                folio_mark_accessed(folio=0xfffff2a100fb7300);
 0)   0.161 us    |                arch_check_zapped_pte(vma=0xffff8f30831f8540, pte=(STRUCT)[0x800000003edcc025]);
 0)   0.160 us    |                folio_remove_rmap_ptes(folio=0xfffff2a100fb7300, page=0xfffff2a100fb7300, nr_pages=1, vma=0xffff8f30831f8540);
 0)   0.160 us    |                __tlb_remove_folio_pages(tlb=0xffffd26ac050fc50, page=0xfffff2a100fb7300, nr_pages=0x1, delay_rmap=0x0);
 0)   0.170 us    |                vm_normal_page(vma=0xffff8f30831f8540, addr=0x7f4937e03000, pte=(STRUCT)[0x800000003edcd025]);
 0)   0.151 us    |                folio_mark_accessed(folio=0xfffff2a100fb7340);
 0)   0.150 us    |                arch_check_zapped_pte(vma=0xffff8f30831f8540, pte=(STRUCT)[0x800000003edcd025]);
 0)   0.151 us    |                folio_remove_rmap_ptes(folio=0xfffff2a100fb7340, page=0xfffff2a100fb7340, nr_pages=1, vma=0xffff8f30831f8540);
 0)   0.150 us    |                __tlb_remove_folio_pages(tlb=0xffffd26ac050fc50, page=0xfffff2a100fb7340, nr_pages=0x1, delay_rmap=0x0);
 0)   0.161 us    |                vm_normal_page(vma=0xffff8f30831f8540, addr=0x7f4937e04000, pte=(STRUCT)[0x800000003edce025]);
 0)   0.160 us    |                folio_mark_accessed(folio=0xfffff2a100fb7380);
 0)   0.160 us    |                arch_check_zapped_pte(vma=0xffff8f30831f8540, pte=(STRUCT)[0x800000003edce025]);
 0)   0.161 us    |                folio_remove_rmap_ptes(folio=0xfffff2a100fb7380, page=0xfffff2a100fb7380, nr_pages=1, vma=0xffff8f30831f8540);
 0)   0.161 us    |                __tlb_remove_folio_pages(tlb=0xffffd26ac050fc50, page=0xfffff2a100fb7380, nr_pages=0x1, delay_rmap=0x0);
 0)   0.170 us    |                vm_normal_page(vma=0xffff8f30831f8540, addr=0x7f4937e05000, pte=(STRUCT)[0x800000003edcf025]);
 0)   0.149 us    |                folio_mark_accessed(folio=0xfffff2a100fb73c0);
 0)   0.151 us    |                arch_check_zapped_pte(vma=0xffff8f30831f8540, pte=(STRUCT)[0x800000003edcf025]);
 0)   0.150 us    |                folio_remove_rmap_ptes(folio=0xfffff2a100fb73c0, page=0xfffff2a100fb73c0, nr_pages=1, vma=0xffff8f30831f8540);
 0)   0.151 us    |                __tlb_remove_folio_pages(tlb=0xffffd26ac050fc50, page=0xfffff2a100fb73c0, nr_pages=0x1, delay_rmap=0x0);
 0)   0.161 us    |                _raw_spin_unlock(lock=0xfffff2a1000e2de8);
 0)   0.161 us    |                __rcu_read_unlock();
 0) + 79.529 us   |              }
 0)               |              __zap_vma_range(tlb=0xffffd26ac050fc50, vma=0xffff8f30831f80c0, start=0x7f4937e06000, end=0x7f4937e0a000, details=0xffffd26ac050fb50) {
 0)   0.161 us    |                uprobe_munmap(vma=0xffff8f30831f80c0, start=0x7f4937e06000, end=0x7f4937e0a000);
 0)               |                pte_offset_map_lock(mm=0xffff8f3081b4db00, pmd=0xffff8f30838b4df8, addr=0x7f4937e06000, ptlp=0xffffd26ac050fad8) {
 0)               |                  __pte_offset_map(pmd=0xffff8f30838b4df8, addr=0x7f4937e06000, pmdvalp=0xffffd26ac050f9f0) {
 0)   0.160 us    |                    __rcu_read_lock();
 0)   0.501 us    |                  }
 0)   0.161 us    |                  _raw_spin_lock(lock=0xfffff2a1000e2de8);
 0)   1.172 us    |                }
 0)   0.161 us    |                flush_tlb_batched_pending(mm=0xffff8f3081b4db00);
 0)   0.171 us    |                vm_normal_page(vma=0xffff8f30831f80c0, addr=0x7f4937e06000, pte=(STRUCT)[0x800000001b5de867]);
 0)   0.150 us    |                arch_check_zapped_pte(vma=0xffff8f30831f80c0, pte=(STRUCT)[0x800000001b5de867]);
 0)               |                folio_remove_rmap_ptes(folio=0xfffff2a1006d7780, page=0xfffff2a1006d7780, nr_pages=1, vma=0xffff8f30831f80c0) {
 0)               |                  lruvec_stat_mod_folio(folio=0xfffff2a1006d7780, idx=17 [NR_ANON_MAPPED], val=4294967295) {
 0)   0.150 us    |                    __rcu_read_lock();
 0)   0.171 us    |                    mod_node_page_state(pgdat=0xffff8f30bfeb9f80, item=17 [NR_ANON_MAPPED], delta=-1);
 0)               |                    __mod_memcg_lruvec_state(pn=0xffff8f3081351e00, idx=17 [NR_ANON_MAPPED], val=-1) {
 0)   0.170 us    |                      memcg_state_val_in_pages(idx=17, val=-1);
 0)   0.160 us    |                      __css_rstat_updated(css=0xffff8f3081341b00, cpu=0);
 0)   0.933 us    |                    }
 0)   0.170 us    |                    __rcu_read_unlock();
 0)   2.375 us    |                  }
 0)   2.725 us    |                }
 0)   0.150 us    |                __tlb_remove_folio_pages(tlb=0xffffd26ac050fc50, page=0xfffff2a1006d7780, nr_pages=0x1, delay_rmap=0x0);
 0)   0.171 us    |                vm_normal_page(vma=0xffff8f30831f80c0, addr=0x7f4937e07000, pte=(STRUCT)[0x8000000018cef867]);
 0)   0.149 us    |                arch_check_zapped_pte(vma=0xffff8f30831f80c0, pte=(STRUCT)[0x8000000018cef867]);
 0)               |                folio_remove_rmap_ptes(folio=0xfffff2a100633bc0, page=0xfffff2a100633bc0, nr_pages=1, vma=0xffff8f30831f80c0) {
 0)               |                  lruvec_stat_mod_folio(folio=0xfffff2a100633bc0, idx=17 [NR_ANON_MAPPED], val=4294967295) {
 0)   0.161 us    |                    __rcu_read_lock();
 0)   0.160 us    |                    mod_node_page_state(pgdat=0xffff8f30bfeb9f80, item=17 [NR_ANON_MAPPED], delta=-1);
 0)               |                    __mod_memcg_lruvec_state(pn=0xffff8f3081351e00, idx=17 [NR_ANON_MAPPED], val=-1) {
 0)   0.161 us    |                      memcg_state_val_in_pages(idx=17, val=-1);
 0)   0.160 us    |                      __css_rstat_updated(css=0xffff8f3081341b00, cpu=0);
 0)   0.831 us    |                    }
 0)   0.160 us    |                    __rcu_read_unlock();
 0)   2.164 us    |                  }
 0)   2.495 us    |                }
 0)   0.230 us    |                __tlb_remove_folio_pages(tlb=0xffffd26ac050fc50, page=0xfffff2a100633bc0, nr_pages=0x1, delay_rmap=0x0);
 0)   0.171 us    |                vm_normal_page(vma=0xffff8f30831f80c0, addr=0x7f4937e08000, pte=(STRUCT)[0x8000000018d0a867]);
 0)   0.151 us    |                arch_check_zapped_pte(vma=0xffff8f30831f80c0, pte=(STRUCT)[0x8000000018d0a867]);
 0)               |                folio_remove_rmap_ptes(folio=0xfffff2a100634280, page=0xfffff2a100634280, nr_pages=1, vma=0xffff8f30831f80c0) {
 0)               |                  lruvec_stat_mod_folio(folio=0xfffff2a100634280, idx=17 [NR_ANON_MAPPED], val=4294967295) {
 0)   0.150 us    |                    __rcu_read_lock();
 0)   0.160 us    |                    mod_node_page_state(pgdat=0xffff8f30bfeb9f80, item=17 [NR_ANON_MAPPED], delta=-1);
 0)               |                    __mod_memcg_lruvec_state(pn=0xffff8f3081351e00, idx=17 [NR_ANON_MAPPED], val=-1) {
 0)   0.149 us    |                      memcg_state_val_in_pages(idx=17, val=-1);
 0)   0.170 us    |                      __css_rstat_updated(css=0xffff8f3081341b00, cpu=0);
 0)   0.842 us    |                    }
 0)   0.150 us    |                    __rcu_read_unlock();
 0)   2.184 us    |                  }
 0)   2.505 us    |                }
 0)   0.161 us    |                __tlb_remove_folio_pages(tlb=0xffffd26ac050fc50, page=0xfffff2a100634280, nr_pages=0x1, delay_rmap=0x0);
 0)   0.160 us    |                vm_normal_page(vma=0xffff8f30831f80c0, addr=0x7f4937e09000, pte=(STRUCT)[0x8000000018cdc867]);
 0)   0.149 us    |                arch_check_zapped_pte(vma=0xffff8f30831f80c0, pte=(STRUCT)[0x8000000018cdc867]);
 0)               |                folio_remove_rmap_ptes(folio=0xfffff2a100633700, page=0xfffff2a100633700, nr_pages=1, vma=0xffff8f30831f80c0) {
 0)               |                  lruvec_stat_mod_folio(folio=0xfffff2a100633700, idx=17 [NR_ANON_MAPPED], val=4294967295) {
 0)   0.161 us    |                    __rcu_read_lock();
 0)   0.161 us    |                    mod_node_page_state(pgdat=0xffff8f30bfeb9f80, item=17 [NR_ANON_MAPPED], delta=-1);
 0)               |                    __mod_memcg_lruvec_state(pn=0xffff8f3081351e00, idx=17 [NR_ANON_MAPPED], val=-1) {
 0)   0.151 us    |                      memcg_state_val_in_pages(idx=17, val=-1);
 0)   0.150 us    |                      __css_rstat_updated(css=0xffff8f3081341b00, cpu=0);
 0)   0.811 us    |                    }
 0)   0.151 us    |                    __rcu_read_unlock();
 0)   2.144 us    |                  }
 0)   2.464 us    |                }
 0)   0.150 us    |                __tlb_remove_folio_pages(tlb=0xffffd26ac050fc50, page=0xfffff2a100633700, nr_pages=0x1, delay_rmap=0x0);
 0)   0.160 us    |                _raw_spin_unlock(lock=0xfffff2a1000e2de8);
 0)   0.160 us    |                __rcu_read_unlock();
 0) + 18.144 us   |              }
 0)               |              __zap_vma_range(tlb=0xffffd26ac050fc50, vma=0xffff8f30831f8780, start=0x7f4937e0a000, end=0x7f4937e0c000, details=0xffffd26ac050fb50) {
 0)               |                pte_offset_map_lock(mm=0xffff8f3081b4db00, pmd=0xffff8f30838b4df8, addr=0x7f4937e0a000, ptlp=0xffffd26ac050fad8) {
 0)               |                  __pte_offset_map(pmd=0xffff8f30838b4df8, addr=0x7f4937e0a000, pmdvalp=0xffffd26ac050f9f0) {
 0)   0.151 us    |                    __rcu_read_lock();
 0)   0.481 us    |                  }
 0)   0.160 us    |                  _raw_spin_lock(lock=0xfffff2a1000e2de8);
 0)   1.162 us    |                }
 0)   0.160 us    |                flush_tlb_batched_pending(mm=0xffff8f3081b4db00);
 0)   0.160 us    |                vm_normal_page(vma=0xffff8f30831f8780, addr=0x7f4937e0a000, pte=(STRUCT)[0x8000000004e4e867]);
 0)   0.151 us    |                arch_check_zapped_pte(vma=0xffff8f30831f8780, pte=(STRUCT)[0x8000000004e4e867]);
 0)               |                folio_remove_rmap_ptes(folio=0xfffff2a100139380, page=0xfffff2a100139380, nr_pages=1, vma=0xffff8f30831f8780) {
 0)               |                  lruvec_stat_mod_folio(folio=0xfffff2a100139380, idx=17 [NR_ANON_MAPPED], val=4294967295) {
 0)   0.160 us    |                    __rcu_read_lock();
 0)   0.161 us    |                    mod_node_page_state(pgdat=0xffff8f30bfeb9f80, item=17 [NR_ANON_MAPPED], delta=-1);
 0)               |                    __mod_memcg_lruvec_state(pn=0xffff8f3081351e00, idx=17 [NR_ANON_MAPPED], val=-1) {
 0)   0.149 us    |                      memcg_state_val_in_pages(idx=17, val=-1);
 0)   0.161 us    |                      __css_rstat_updated(css=0xffff8f3081341b00, cpu=0);
 0)   0.821 us    |                    }
 0)   0.160 us    |                    __rcu_read_unlock();
 0)   2.164 us    |                  }
 0)   2.485 us    |                }
 0)   0.150 us    |                __tlb_remove_folio_pages(tlb=0xffffd26ac050fc50, page=0xfffff2a100139380, nr_pages=0x1, delay_rmap=0x0);
 0)   0.160 us    |                vm_normal_page(vma=0xffff8f30831f8780, addr=0x7f4937e0b000, pte=(STRUCT)[0x8000000018cda867]);
 0)   0.151 us    |                arch_check_zapped_pte(vma=0xffff8f30831f8780, pte=(STRUCT)[0x8000000018cda867]);
 0)               |                folio_remove_rmap_ptes(folio=0xfffff2a100633680, page=0xfffff2a100633680, nr_pages=1, vma=0xffff8f30831f8780) {
 0)               |                  lruvec_stat_mod_folio(folio=0xfffff2a100633680, idx=17 [NR_ANON_MAPPED], val=4294967295) {
 0)   0.150 us    |                    __rcu_read_lock();
 0)   0.149 us    |                    mod_node_page_state(pgdat=0xffff8f30bfeb9f80, item=17 [NR_ANON_MAPPED], delta=-1);
 0)               |                    __mod_memcg_lruvec_state(pn=0xffff8f3081351e00, idx=17 [NR_ANON_MAPPED], val=-1) {
 0)   0.160 us    |                      memcg_state_val_in_pages(idx=17, val=-1);
 0)   0.160 us    |                      __css_rstat_updated(css=0xffff8f3081341b00, cpu=0);
 0)   0.821 us    |                    }
 0)   0.160 us    |                    __rcu_read_unlock();
 0)   2.144 us    |                  }
 0)   2.475 us    |                }
 0)   0.151 us    |                __tlb_remove_folio_pages(tlb=0xffffd26ac050fc50, page=0xfffff2a100633680, nr_pages=0x1, delay_rmap=0x0);
 0)   0.160 us    |                _raw_spin_unlock(lock=0xfffff2a1000e2de8);
 0)   0.149 us    |                __rcu_read_unlock();
 0)   9.989 us    |              }
 0)               |              __zap_vma_range(tlb=0xffffd26ac050fc50, vma=0xffff8f3083259b40, start=0x7fff1e9e4000, end=0x7fff1ea05000, details=0xffffd26ac050fb50) {
 0)               |                pte_offset_map_lock(mm=0xffff8f3081b4db00, pmd=0xffff8f3083af77a8, addr=0x7fff1ea00000, ptlp=0xffffd26ac050fad8) {
 0)               |                  __pte_offset_map(pmd=0xffff8f3083af77a8, addr=0x7fff1ea00000, pmdvalp=0xffffd26ac050f9f0) {
 0)   0.150 us    |                    __rcu_read_lock();
 0)   0.481 us    |                  }
 0)   0.161 us    |                  _raw_spin_lock(lock=0xfffff2a100067ee8);
 0)   1.152 us    |                }
 0)   0.160 us    |                flush_tlb_batched_pending(mm=0xffff8f3081b4db00);
 0)   0.170 us    |                vm_normal_page(vma=0xffff8f3083259b40, addr=0x7fff1ea03000, pte=(STRUCT)[0x800000001c7c1867]);
 0)   0.150 us    |                arch_check_zapped_pte(vma=0xffff8f3083259b40, pte=(STRUCT)[0x800000001c7c1867]);
 0)               |                folio_remove_rmap_ptes(folio=0xfffff2a10071f040, page=0xfffff2a10071f040, nr_pages=1, vma=0xffff8f3083259b40) {
 0)               |                  lruvec_stat_mod_folio(folio=0xfffff2a10071f040, idx=17 [NR_ANON_MAPPED], val=4294967295) {
 0)   0.151 us    |                    __rcu_read_lock();
 0)   0.150 us    |                    mod_node_page_state(pgdat=0xffff8f30bfeb9f80, item=17 [NR_ANON_MAPPED], delta=-1);
 0)               |                    __mod_memcg_lruvec_state(pn=0xffff8f3081351e00, idx=17 [NR_ANON_MAPPED], val=-1) {
 0)   0.160 us    |                      memcg_state_val_in_pages(idx=17, val=-1);
 0)   0.149 us    |                      __css_rstat_updated(css=0xffff8f3081341b00, cpu=0);
 0)   0.822 us    |                    }
 0)   0.160 us    |                    __rcu_read_unlock();
 0)   2.144 us    |                  }
 0)   2.545 us    |                }
 0)   0.151 us    |                __tlb_remove_folio_pages(tlb=0xffffd26ac050fc50, page=0xfffff2a10071f040, nr_pages=0x1, delay_rmap=0x0);
 0)   0.160 us    |                vm_normal_page(vma=0xffff8f3083259b40, addr=0x7fff1ea04000, pte=(STRUCT)[0x800000001b5c6867]);
 0)   0.160 us    |                arch_check_zapped_pte(vma=0xffff8f3083259b40, pte=(STRUCT)[0x800000001b5c6867]);
 0)               |                folio_remove_rmap_ptes(folio=0xfffff2a1006d7180, page=0xfffff2a1006d7180, nr_pages=1, vma=0xffff8f3083259b40) {
 0)               |                  lruvec_stat_mod_folio(folio=0xfffff2a1006d7180, idx=17 [NR_ANON_MAPPED], val=4294967295) {
 0)   0.151 us    |                    __rcu_read_lock();
 0)   0.150 us    |                    mod_node_page_state(pgdat=0xffff8f30bfeb9f80, item=17 [NR_ANON_MAPPED], delta=-1);
 0)               |                    __mod_memcg_lruvec_state(pn=0xffff8f3081351e00, idx=17 [NR_ANON_MAPPED], val=-1) {
 0)   0.160 us    |                      memcg_state_val_in_pages(idx=17, val=-1);
 0)   0.149 us    |                      __css_rstat_updated(css=0xffff8f3081341b00, cpu=0);
 0)   0.822 us    |                    }
 0)   0.160 us    |                    __rcu_read_unlock();
 0)   2.134 us    |                  }
 0)   2.494 us    |                }
 0)   0.151 us    |                __tlb_remove_folio_pages(tlb=0xffffd26ac050fc50, page=0xfffff2a1006d7180, nr_pages=0x1, delay_rmap=0x0);
 0)   0.161 us    |                _raw_spin_unlock(lock=0xfffff2a100067ee8);
 0)   0.160 us    |                __rcu_read_unlock();
 0) + 10.099 us   |              }
 0) ! 306.084 us  |            }
 0)   0.160 us    |            up_read(sem=0xffff8f3081b4dc90);
 0)   0.160 us    |            down_write(sem=0xffff8f3081b4dc90);
 0)               |            free_pgtables(tlb=0xffffd26ac050fc50, unmap=0xffffd26ac050fbb0) {
 0)               |              __vma_start_write(vma=0xffff8f308308b300, state=2) {
 0)               |                __vma_start_exclude_readers(ves=0xffffd26ac050faf0) {
 0)   0.160 us    |                  finish_rcuwait(w=0xffff8f3081b4dcc0);
 0)   0.532 us    |                }
 0)   0.891 us    |              }
 0)   0.170 us    |              unlink_anon_vmas(vma=0xffff8f308308b300);
 0)   0.160 us    |              unlink_file_vma_batch_init(vb=0xffffd26ac050fb28);
 0)   0.160 us    |              unlink_file_vma_batch_add(vb=0xffffd26ac050fb28, vma=0xffff8f308308b300);
 0)               |              __vma_start_write(vma=0xffff8f3083259cc0, state=2) {
 0)               |                __vma_start_exclude_readers(ves=0xffffd26ac050faf0) {
 0)   0.150 us    |                  finish_rcuwait(w=0xffff8f3081b4dcc0);
 0)   0.501 us    |                }
 0)   0.902 us    |              }
 0)   0.161 us    |              unlink_anon_vmas(vma=0xffff8f3083259cc0);
 0)   0.160 us    |              unlink_file_vma_batch_add(vb=0xffffd26ac050fb28, vma=0xffff8f3083259cc0);
 0)               |              __vma_start_write(vma=0xffff8f30831f8e40, state=2) {
 0)               |                __vma_start_exclude_readers(ves=0xffffd26ac050faf0) {
 0)   0.151 us    |                  finish_rcuwait(w=0xffff8f3081b4dcc0);
 0)   0.501 us    |                }
 0)   0.832 us    |              }
 0)   0.149 us    |              unlink_anon_vmas(vma=0xffff8f30831f8e40);
 0)   0.151 us    |              unlink_file_vma_batch_add(vb=0xffffd26ac050fb28, vma=0xffff8f30831f8e40);
 0)               |              __vma_start_write(vma=0xffff8f30831f8480, state=2) {
 0)               |                __vma_start_exclude_readers(ves=0xffffd26ac050faf0) {
 0)   0.160 us    |                  finish_rcuwait(w=0xffff8f3081b4dcc0);
 0)   0.491 us    |                }
 0)   0.822 us    |              }
 0)   0.151 us    |              unlink_anon_vmas(vma=0xffff8f30831f8480);
 0)   0.170 us    |              unlink_file_vma_batch_add(vb=0xffffd26ac050fb28, vma=0xffff8f30831f8480);
 0)               |              __vma_start_write(vma=0xffff8f30840b0e40, state=2) {
 0)               |                __vma_start_exclude_readers(ves=0xffffd26ac050faf0) {
 0)   0.151 us    |                  finish_rcuwait(w=0xffff8f3081b4dcc0);
 0)   0.491 us    |                }
 0)   0.822 us    |              }
 0)   0.161 us    |              unlink_anon_vmas(vma=0xffff8f30840b0e40);
 0)   0.160 us    |              unlink_file_vma_batch_add(vb=0xffffd26ac050fb28, vma=0xffff8f30840b0e40);
 0)               |              __vma_start_write(vma=0xffff8f30831f8540, state=2) {
 0)               |                __vma_start_exclude_readers(ves=0xffffd26ac050faf0) {
 0)   0.150 us    |                  finish_rcuwait(w=0xffff8f3081b4dcc0);
 0)   0.490 us    |                }
 0)   0.821 us    |              }
 0)   0.160 us    |              unlink_anon_vmas(vma=0xffff8f30831f8540);
 0)   0.161 us    |              unlink_file_vma_batch_add(vb=0xffffd26ac050fb28, vma=0xffff8f30831f8540);
 0)               |              __vma_start_write(vma=0xffff8f30831f80c0, state=2) {
 0)               |                __vma_start_exclude_readers(ves=0xffffd26ac050faf0) {
 0)   0.150 us    |                  finish_rcuwait(w=0xffff8f3081b4dcc0);
 0)   0.492 us    |                }
 0)   0.832 us    |              }
 0)               |              unlink_anon_vmas(vma=0xffff8f30831f80c0) {
 0)   0.160 us    |                down_write(sem=0xffff8f3083275ea8);
 0)   0.190 us    |                anon_vma_interval_tree_remove(node=0xffff8f30812a3900, root=0xffff8f3083275ee8);
 0)   0.160 us    |                up_write(sem=0xffff8f3083275ea8);
 0)               |                __put_anon_vma(anon_vma=0xffff8f3083275ea0) {
 0)   0.211 us    |                  kmem_cache_free(s=0xffff8f3081274800, x=0xffff8f3083275ea0);
 0)   0.612 us    |                }
 0)   0.190 us    |                kmem_cache_free(s=0xffff8f3081274700, x=0xffff8f30812a3900);
 0)   2.445 us    |              }
 0)   0.150 us    |              unlink_file_vma_batch_add(vb=0xffffd26ac050fb28, vma=0xffff8f30831f80c0);
 0)               |              __vma_start_write(vma=0xffff8f30831f8780, state=2) {
 0)               |                __vma_start_exclude_readers(ves=0xffffd26ac050faf0) {
 0)   0.160 us    |                  finish_rcuwait(w=0xffff8f3081b4dcc0);
 0)   0.491 us    |                }
 0)   0.822 us    |              }
 0)               |              unlink_anon_vmas(vma=0xffff8f30831f8780) {
 0)   0.150 us    |                down_write(sem=0xffff8f3083274908);
 0)   0.181 us    |                anon_vma_interval_tree_remove(node=0xffff8f30840c6980, root=0xffff8f3083274948);
 0)   0.161 us    |                up_write(sem=0xffff8f3083274908);
 0)               |                __put_anon_vma(anon_vma=0xffff8f3083274900) {
 0)   0.160 us    |                  kmem_cache_free(s=0xffff8f3081274800, x=0xffff8f3083274900);
 0)   0.490 us    |                }
 0)   0.160 us    |                kmem_cache_free(s=0xffff8f3081274700, x=0xffff8f30840c6980);
 0)   2.213 us    |              }
 0)   0.160 us    |              unlink_file_vma_batch_add(vb=0xffffd26ac050fb28, vma=0xffff8f30831f8780);
 0)               |              unlink_file_vma_batch_final(vb=0xffffd26ac050fb28) {
 0)               |                unlink_file_vma_batch_process(vb=0xffffd26ac050fb28) {
 0)   0.180 us    |                  down_write(sem=0xffff8f3081b60830);
 0)   0.200 us    |                  vma_interval_tree_remove(node=0xffff8f30831f8480, root=0xffff8f3081b607f8);
 0)   0.181 us    |                  vma_interval_tree_remove(node=0xffff8f30840b0e40, root=0xffff8f3081b607f8);
 0)   0.171 us    |                  vma_interval_tree_remove(node=0xffff8f30831f8540, root=0xffff8f3081b607f8);
 0)   0.161 us    |                  vma_interval_tree_remove(node=0xffff8f30831f80c0, root=0xffff8f3081b607f8);
 0)   0.160 us    |                  up_write(sem=0xffff8f3081b60830);
 0)   2.315 us    |                }
 0)   2.665 us    |              }
 0)               |              free_pgd_range(tlb=0xffffd26ac050fc50, addr=0x7f4937d04000, end=0x7f4937e0c000, floor=0x0, ceiling=0x7fff1e9e4000) {
 0)               |                ___pte_free_tlb(tlb=0xffffd26ac050fc50, pte=0xfffff2a1000d3fc0) {
 0)               |                  tlb_remove_table(tlb=0xffffd26ac050fc50, table=0xfffff2a1000d3fc0) {
 0)               |                    get_free_pages_noprof(gfp_mask=0x2800, order=0x0) {
 0)               |                      alloc_pages_noprof(gfp=0x2800, order=0x0) {
 0)               |                        alloc_pages_mpol(gfp=0x2800, order=0x0, pol=0xffffffffb05b36a0, ilx=0xffffffffffffffff, nid=0) {
 0)   0.200 us    |                          policy_nodemask(gfp=0x2800, pol=0xffffffffb05b36a0, ilx=0xffffffffffffffff, nid=0xffffd26ac050fa04);
 0)               |                          __alloc_frozen_pages_noprof(gfp=0x2800, order=0x0, preferred_nid=0, nodemask=0x0) {
 0)               |                            get_page_from_freelist(gfp_mask=0x2800, order=0x0, alloc_flags=2049, ac=0xffffd26ac050f9a0) {
 0)   0.160 us    |                              _raw_spin_trylock(lock=0xffff8f30bec38e80);
 0)   0.170 us    |                              _raw_spin_unlock(lock=0xffff8f30bec38e80);
 0)   0.191 us    |                              kernel_init_pages(page=0xfffff2a1000eac00, numpages=1);
 0)   1.392 us    |                            }
 0)   1.764 us    |                          }
 0)   2.495 us    |                        }
 0)   2.866 us    |                      }
 0)   3.206 us    |                    }
 0)   3.557 us    |                  }
 0)   3.898 us    |                }
 0)               |                ___pte_free_tlb(tlb=0xffffd26ac050fc50, pte=0xfffff2a1000e2dc0) {
 0)   0.170 us    |                  tlb_remove_table(tlb=0xffffd26ac050fc50, table=0xfffff2a1000e2dc0);
 0)   0.491 us    |                }
 0)               |                ___pmd_free_tlb(tlb=0xffffd26ac050fc50, pmd=0xffff8f30838b4000) {
 0)   0.160 us    |                  tlb_remove_table(tlb=0xffffd26ac050fc50, table=0xfffff2a1000e2d00);
 0)   0.490 us    |                }
 0)               |                ___pud_free_tlb(tlb=0xffffd26ac050fc50, pud=0xffff8f30833e5000) {
 0)   0.150 us    |                  tlb_remove_table(tlb=0xffffd26ac050fc50, table=0xfffff2a1000cf940);
 0)   0.481 us    |                }
 0)   6.492 us    |              }
 0)               |              __vma_start_write(vma=0xffff8f3083259b40, state=2) {
 0)               |                __vma_start_exclude_readers(ves=0xffffd26ac050faf0) {
 0)   0.160 us    |                  finish_rcuwait(w=0xffff8f3081b4dcc0);
 0)   0.481 us    |                }
 0)   0.821 us    |              }
 0)               |              unlink_anon_vmas(vma=0xffff8f3083259b40) {
 0)   0.160 us    |                down_write(sem=0xffff8f3083274de8);
 0)   0.170 us    |                anon_vma_interval_tree_remove(node=0xffff8f308322d340, root=0xffff8f3083274e28);
 0)   0.160 us    |                up_write(sem=0xffff8f3083274de8);
 0)               |                __put_anon_vma(anon_vma=0xffff8f3083274de0) {
 0)   0.161 us    |                  kmem_cache_free(s=0xffff8f3081274800, x=0xffff8f3083274de0);
 0)   0.491 us    |                }
 0)   0.161 us    |                kmem_cache_free(s=0xffff8f3081274700, x=0xffff8f308322d340);
 0)   2.244 us    |              }
 0)   0.160 us    |              unlink_file_vma_batch_init(vb=0xffffd26ac050fb28);
 0)   0.151 us    |              unlink_file_vma_batch_add(vb=0xffffd26ac050fb28, vma=0xffff8f3083259b40);
 0)   0.160 us    |              unlink_file_vma_batch_final(vb=0xffffd26ac050fb28);
 0)               |              free_pgd_range(tlb=0xffffd26ac050fc50, addr=0x7fff1e9e4000, end=0x7fff1ea05000, floor=0x0, ceiling=0x0) {
 0)               |                ___pte_free_tlb(tlb=0xffffd26ac050fc50, pte=0xfffff2a100067ec0) {
 0)   0.161 us    |                  tlb_remove_table(tlb=0xffffd26ac050fc50, table=0xfffff2a100067ec0);
 0)   0.480 us    |                }
 0)               |                ___pmd_free_tlb(tlb=0xffffd26ac050fc50, pmd=0xffff8f3083af7000) {
 0)   0.160 us    |                  tlb_remove_table(tlb=0xffffd26ac050fc50, table=0xfffff2a1000ebdc0);
 0)   0.481 us    |                }
 0)               |                ___pud_free_tlb(tlb=0xffffd26ac050fc50, pud=0xffff8f30834fb000) {
 0)   0.150 us    |                  tlb_remove_table(tlb=0xffffd26ac050fc50, table=0xfffff2a1000d3ec0);
 0)   0.481 us    |                }
 0)   2.244 us    |              }
 0) + 35.155 us   |            }
 0)               |            tlb_finish_mmu(tlb=0xffffd26ac050fc50) {
 0)               |              flush_tlb_mm_range(mm=0xffff8f3081b4db00, start=0x0, end=0xffffffffffffffff, stride_shift=0xc, freed_tables=0x1) {
 0)               |                flush_tlb_func(info=0xffff8f30bec32200) {
 0)   0.250 us    |                  mm_needs_global_asid(mm=0xffff8f3081b4db00, asid=0x0);
 0)               |                  switch_mm_irqs_off(unused=0x0, next=0xffffffffaf97cc80, tsk=0x0) {
 0)   0.160 us    |                    choose_new_asid(next=0xffffffffaf97cc80, next_tlb_gen=0x0);
 0)   0.150 us    |                    switch_ldt(prev=0xffff8f3081b4db00, next=0xffffffffaf97cc80);
 0)   1.303 us    |                  }
 0)   2.093 us    |                }
 0)   2.525 us    |              }
 0)               |              call_rcu(head=0xffff8f3083ab0000, func=0xffffffffad6d6110) {
 0)               |                __call_rcu_common(head=0xffff8f3083ab0000, func=0xffffffffad6d6110, lazy_in=0x1) {
 0)   0.160 us    |                  rcu_async_should_hurry();
 0)   0.200 us    |                  rcu_segcblist_enqueue(rsclp=0xffff8f30bec34280, rhp=0xffff8f3083ab0000);
 0)   0.931 us    |                }
 0)   1.272 us    |              }
 0)               |              __tlb_batch_free_encoded_pages(batch=0xffffd26ac050fc80) {
 0)               |                free_pages_and_swap_cache(pages=0xffffd26ac050fc90, nr=7) {
 0)   0.160 us    |                  free_swap_cache(folio=0xfffff2a100721580);
 0)   0.160 us    |                  free_swap_cache(folio=0xfffff2a1007215c0);
 0)   0.150 us    |                  free_swap_cache(folio=0xfffff2a100721600);
 0)   0.160 us    |                  free_swap_cache(folio=0xfffff2a100721640);
 0)   0.160 us    |                  free_swap_cache(folio=0xfffff2a100721680);
 0)   0.150 us    |                  free_swap_cache(folio=0xfffff2a1007216c0);
 0)   0.151 us    |                  free_swap_cache(folio=0xfffff2a100721700);
 0)   0.221 us    |                  folios_put_refs(folios=0xffffd26ac050fa38, refs=0xffffd26ac050f9bc);
 0)   2.975 us    |                }
 0)   3.336 us    |              }
 0)               |              __tlb_batch_free_encoded_pages(batch=0xffff8f3082a3e000) {
 0)               |                free_pages_and_swap_cache(pages=0xffff8f3082a3e010, nr=130) {
 0)   0.160 us    |                  free_swap_cache(folio=0xfffff2a100721740);
 0)   0.150 us    |                  free_swap_cache(folio=0xfffff2a100721780);
 0)   0.150 us    |                  free_swap_cache(folio=0xfffff2a1007217c0);
 0)   0.151 us    |                  free_swap_cache(folio=0xfffff2a100721800);
 0)   0.150 us    |                  free_swap_cache(folio=0xfffff2a100721840);
 0)   0.161 us    |                  free_swap_cache(folio=0xfffff2a100721880);
 0)   0.151 us    |                  free_swap_cache(folio=0xfffff2a1007218c0);
 0)   0.160 us    |                  free_swap_cache(folio=0xfffff2a100721900);
 0)   0.160 us    |                  free_swap_cache(folio=0xfffff2a100721940);
 0)   0.151 us    |                  free_swap_cache(folio=0xfffff2a100721980);
 0)   0.150 us    |                  free_swap_cache(folio=0xfffff2a1007219c0);
 0)   0.160 us    |                  free_swap_cache(folio=0xfffff2a100721a00);
 0)   0.151 us    |                  free_swap_cache(folio=0xfffff2a100721a40);
 0)   0.160 us    |                  free_swap_cache(folio=0xfffff2a100721a80);
 0)   0.160 us    |                  free_swap_cache(folio=0xfffff2a100721ac0);
 0)   0.161 us    |                  free_swap_cache(folio=0xfffff2a100721b00);
 0)   0.160 us    |                  free_swap_cache(folio=0xfffff2a100721b40);
 0)   0.160 us    |                  free_swap_cache(folio=0xfffff2a100721b80);
 0)   0.160 us    |                  free_swap_cache(folio=0xfffff2a100721bc0);
 0)   0.160 us    |                  free_swap_cache(folio=0xfffff2a100721c00);
 0)   0.161 us    |                  free_swap_cache(folio=0xfffff2a100721c40);
 0)   0.160 us    |                  free_swap_cache(folio=0xfffff2a100721c80);
 0)   0.160 us    |                  free_swap_cache(folio=0xfffff2a100721cc0);
 0)   0.150 us    |                  free_swap_cache(folio=0xfffff2a100721d00);
 0)   0.150 us    |                  free_swap_cache(folio=0xfffff2a100721d40);
 0)   0.149 us    |                  free_swap_cache(folio=0xfffff2a100721d80);
 0)   0.150 us    |                  free_swap_cache(folio=0xfffff2a100721dc0);
 0)   0.150 us    |                  free_swap_cache(folio=0xfffff2a100721e00);
 0)   0.160 us    |                  free_swap_cache(folio=0xfffff2a100721e40);
 0)   0.160 us    |                  free_swap_cache(folio=0xfffff2a100fb3680);
 0)   0.160 us    |                  free_swap_cache(folio=0xfffff2a100fb36c0);
 0)   0.200 us    |                  folios_put_refs(folios=0xffffd26ac050fa38, refs=0xffffd26ac050f9bc);
 0)   0.161 us    |                  free_swap_cache(folio=0xfffff2a100fb3700);
 0)   0.151 us    |                  free_swap_cache(folio=0xfffff2a100fb3740);
 0)   0.160 us    |                  free_swap_cache(folio=0xfffff2a100fb3780);
 0)   0.160 us    |                  free_swap_cache(folio=0xfffff2a100fb37c0);
 0)   0.161 us    |                  free_swap_cache(folio=0xfffff2a100fb3800);
 0)   0.160 us    |                  free_swap_cache(folio=0xfffff2a100fb3840);
 0)   0.160 us    |                  free_swap_cache(folio=0xfffff2a100fb3880);
 0)   0.161 us    |                  free_swap_cache(folio=0xfffff2a100fb38c0);
 0)   0.160 us    |                  free_swap_cache(folio=0xfffff2a100fb3900);
 0)   0.161 us    |                  free_swap_cache(folio=0xfffff2a100fb3940);
 0)   0.151 us    |                  free_swap_cache(folio=0xfffff2a100fb3980);
 0)   0.401 us    |                  free_swap_cache(folio=0xfffff2a100fb39c0);
 0)   0.151 us    |                  free_swap_cache(folio=0xfffff2a100fb3a00);
 0)   0.150 us    |                  free_swap_cache(folio=0xfffff2a100fb3a40);
 0)   0.161 us    |                  free_swap_cache(folio=0xfffff2a100fb3e80);
 0)   0.151 us    |                  free_swap_cache(folio=0xfffff2a100fb3ec0);
 0)   0.150 us    |                  free_swap_cache(folio=0xfffff2a100fb3f00);
 0)   0.160 us    |                  free_swap_cache(folio=0xfffff2a100fb3f40);
 0)   0.150 us    |                  free_swap_cache(folio=0xfffff2a100fb3f80);
 0)   0.151 us    |                  free_swap_cache(folio=0xfffff2a100fb3fc0);
 0)   0.160 us    |                  free_swap_cache(folio=0xfffff2a100fb5000);
 0)   0.150 us    |                  free_swap_cache(folio=0xfffff2a100fb5040);
 0)   0.151 us    |                  free_swap_cache(folio=0xfffff2a100fb5080);
 0)   0.151 us    |                  free_swap_cache(folio=0xfffff2a100fb50c0);
 0)   0.160 us    |                  free_swap_cache(folio=0xfffff2a100fb5100);
 0)   0.149 us    |                  free_swap_cache(folio=0xfffff2a100fb5140);
 0)   0.151 us    |                  free_swap_cache(folio=0xfffff2a100fb5180);
 0)   0.150 us    |                  free_swap_cache(folio=0xfffff2a100fb51c0);
 0)   0.160 us    |                  free_swap_cache(folio=0xfffff2a100fb5200);
 0)   0.150 us    |                  free_swap_cache(folio=0xfffff2a100fb5240);
 0)   0.150 us    |                  free_swap_cache(folio=0xfffff2a100fb5280);
 0)   0.190 us    |                  folios_put_refs(folios=0xffffd26ac050fa38, refs=0xffffd26ac050f9bc);
 0)   0.160 us    |                  free_swap_cache(folio=0xfffff2a100fb52c0);
 0)   0.160 us    |                  free_swap_cache(folio=0xfffff2a100fb5300);
 0)   0.150 us    |                  free_swap_cache(folio=0xfffff2a100fb5340);
 0)   0.150 us    |                  free_swap_cache(folio=0xfffff2a100fb5380);
 0)   0.149 us    |                  free_swap_cache(folio=0xfffff2a100fb53c0);
 0)   0.160 us    |                  free_swap_cache(folio=0xfffff2a100fb5400);
 0)   0.151 us    |                  free_swap_cache(folio=0xfffff2a100fb5440);
 0)   0.150 us    |                  free_swap_cache(folio=0xfffff2a100fb5480);
 0)   0.150 us    |                  free_swap_cache(folio=0xfffff2a100fb54c0);
 0)   0.160 us    |                  free_swap_cache(folio=0xfffff2a100fb5500);
 0)   0.160 us    |                  free_swap_cache(folio=0xfffff2a100fb5540);
 0)   0.150 us    |                  free_swap_cache(folio=0xfffff2a100fb5580);
 0)   0.160 us    |                  free_swap_cache(folio=0xfffff2a100fb55c0);
 0)   0.150 us    |                  free_swap_cache(folio=0xfffff2a100fb5600);
 0)   0.150 us    |                  free_swap_cache(folio=0xfffff2a100fb5640);
 0)   0.149 us    |                  free_swap_cache(folio=0xfffff2a100fb5680);
 0)   0.160 us    |                  free_swap_cache(folio=0xfffff2a100fb56c0);
 0)   0.151 us    |                  free_swap_cache(folio=0xfffff2a100fb5700);
 0)   0.150 us    |                  free_swap_cache(folio=0xfffff2a100fb5740);
 0)   0.150 us    |                  free_swap_cache(folio=0xfffff2a100fb5780);
 0)   0.160 us    |                  free_swap_cache(folio=0xfffff2a100fb57c0);
 0)   0.160 us    |                  free_swap_cache(folio=0xfffff2a100fb5800);
 0)   0.150 us    |                  free_swap_cache(folio=0xfffff2a100fb5a80);
 0)   0.149 us    |                  free_swap_cache(folio=0xfffff2a100fb5ac0);
 0)   0.160 us    |                  free_swap_cache(folio=0xfffff2a100fb5b00);
 0)   0.151 us    |                  free_swap_cache(folio=0xfffff2a100fb5b40);
 0)   0.150 us    |                  free_swap_cache(folio=0xfffff2a100fb5b80);
 0)   0.160 us    |                  free_swap_cache(folio=0xfffff2a100fb5bc0);
 0)   0.151 us    |                  free_swap_cache(folio=0xfffff2a100fb5c00);
 0)   0.150 us    |                  free_swap_cache(folio=0xfffff2a100fb5c40);
 0)   0.150 us    |                  free_swap_cache(folio=0xfffff2a100fb5c80);
 0)   0.201 us    |                  folios_put_refs(folios=0xffffd26ac050fa38, refs=0xffffd26ac050f9bc);
 0)   0.151 us    |                  free_swap_cache(folio=0xfffff2a100fb5cc0);
 0)   0.150 us    |                  free_swap_cache(folio=0xfffff2a100fb5d00);
 0)   0.160 us    |                  free_swap_cache(folio=0xfffff2a100fb5d40);
 0)   0.160 us    |                  free_swap_cache(folio=0xfffff2a100fb5d80);
 0)   0.150 us    |                  free_swap_cache(folio=0xfffff2a100fb5dc0);
 0)   0.151 us    |                  free_swap_cache(folio=0xfffff2a100fb5e00);
 0)   0.160 us    |                  free_swap_cache(folio=0xfffff2a100fb5e40);
 0)   0.161 us    |                  free_swap_cache(folio=0xfffff2a100fb5e80);
 0)   0.151 us    |                  free_swap_cache(folio=0xfffff2a100fb5ec0);
 0)   0.150 us    |                  free_swap_cache(folio=0xfffff2a100fb5f00);
 0)   0.211 us    |                  free_swap_cache(folio=0xfffff2a100fb5f40);
 0)   0.150 us    |                  free_swap_cache(folio=0xfffff2a100fb5f80);
 0)   0.161 us    |                  free_swap_cache(folio=0xfffff2a100fb5fc0);
 0)   0.151 us    |                  free_swap_cache(folio=0xfffff2a100fb7000);
 0)   0.150 us    |                  free_swap_cache(folio=0xfffff2a100fb7040);
 0)   0.161 us    |                  free_swap_cache(folio=0xfffff2a100fb7080);
 0)   0.151 us    |                  free_swap_cache(folio=0xfffff2a100fb70c0);
 0)   0.150 us    |                  free_swap_cache(folio=0xfffff2a100fb7100);
 0)   0.151 us    |                  free_swap_cache(folio=0xfffff2a100fb7140);
 0)   0.161 us    |                  free_swap_cache(folio=0xfffff2a100fb7180);
 0)   0.150 us    |                  free_swap_cache(folio=0xfffff2a100fb71c0);
 0)   0.151 us    |                  free_swap_cache(folio=0xfffff2a100fb7200);
 0)   0.160 us    |                  free_swap_cache(folio=0xfffff2a100fb7240);
 0)   0.150 us    |                  free_swap_cache(folio=0xfffff2a100fb7280);
 0)   0.151 us    |                  free_swap_cache(folio=0xfffff2a100fb72c0);
 0)   0.150 us    |                  free_swap_cache(folio=0xfffff2a100fb7300);
 0)   0.161 us    |                  free_swap_cache(folio=0xfffff2a100fb7340);
 0)   0.151 us    |                  free_swap_cache(folio=0xfffff2a100fb7380);
 0)   0.150 us    |                  free_swap_cache(folio=0xfffff2a100fb73c0);
 0)   0.160 us    |                  free_swap_cache(folio=0xfffff2a1006d7780);
 0)   0.150 us    |                  free_swap_cache(folio=0xfffff2a100633bc0);
 0)   0.200 us    |                  folios_put_refs(folios=0xffffd26ac050fa38, refs=0xffffd26ac050f9bc);
 0)   0.149 us    |                  free_swap_cache(folio=0xfffff2a100634280);
 0)   0.150 us    |                  free_swap_cache(folio=0xfffff2a100633700);
 0)   0.151 us    |                  free_swap_cache(folio=0xfffff2a100139380);
 0)   0.150 us    |                  free_swap_cache(folio=0xfffff2a100633680);
 0)   0.160 us    |                  free_swap_cache(folio=0xfffff2a10071f040);
 0)   0.151 us    |                  free_swap_cache(folio=0xfffff2a1006d7180);
 0)   0.170 us    |                  folios_put_refs(folios=0xffffd26ac050fa38, refs=0xffffd26ac050f9bc);
 0) + 46.176 us   |                }
 0) + 46.517 us   |              }
 0)               |              free_pages(addr=0xffff8f3082a3e000, order=0x0) {
 0)               |                ___free_pages(page=0xfffff2a1000a8f80, order=0x0, fpi_flags=0) {
 0)               |                  __free_frozen_pages(page=0xfffff2a1000a8f80, order=0x0, fpi_flags=0) {
 0)   0.240 us    |                    __get_pfnblock_flags_mask.isra.0();
 0)   0.160 us    |                    _raw_spin_trylock(lock=0xffff8f30bec38e80);
 0)   0.171 us    |                    free_frozen_page_commit(zone=0xffff8f30bfeba6c0, pcp=0xffff8f30bec38e80, page=0xfffff2a1000a8f80, migratetype=0, order=0x0, fpi_flags=0);
 0)   0.161 us    |                    _raw_spin_unlock(lock=0xffff8f30bec38e80);
 0)   1.663 us    |                  }
 0)   2.035 us    |                }
 0)   2.374 us    |              }
 0) + 57.247 us   |            }
 0)               |            tear_down_vmas(mm=0xffff8f3081b4db00, vmi=0xffffd26ac050fbf8, vma=0xffff8f308308b300, end=0xffffffffffffffff) {
 0)               |              remove_vma(vma=0xffff8f308308b300) {
 0)   0.200 us    |                special_mapping_close(vma=0xffff8f308308b300);
 0)               |                vm_area_free(vma=0xffff8f308308b300) {
 0)   0.161 us    |                  kfree(object=0x0);
 0)   0.230 us    |                  kmem_cache_free(s=0xffff8f3081274a00, x=0xffff8f308308b300);
 0)   0.932 us    |                }
 0)   1.733 us    |              }
 0)               |              remove_vma(vma=0xffff8f3083259cc0) {
 0)   0.170 us    |                special_mapping_close(vma=0xffff8f3083259cc0);
 0)               |                vm_area_free(vma=0xffff8f3083259cc0) {
 0)   0.150 us    |                  kfree(object=0x0);
 0)   0.161 us    |                  kmem_cache_free(s=0xffff8f3081274a00, x=0xffff8f3083259cc0);
 0)   0.821 us    |                }
 0)   1.503 us    |              }
 0)               |              remove_vma(vma=0xffff8f30831f8e40) {
 0)   0.151 us    |                special_mapping_close(vma=0xffff8f30831f8e40);
 0)               |                vm_area_free(vma=0xffff8f30831f8e40) {
 0)   0.160 us    |                  kfree(object=0x0);
 0)   0.160 us    |                  kmem_cache_free(s=0xffff8f3081274a00, x=0xffff8f30831f8e40);
 0)   0.811 us    |                }
 0)   1.482 us    |              }
 0)               |              remove_vma(vma=0xffff8f30831f8480) {
 0)   0.160 us    |                fput(file=0xffff8f30819db480);
 0)               |                vm_area_free(vma=0xffff8f30831f8480) {
 0)   0.161 us    |                  kfree(object=0x0);
 0)   0.160 us    |                  kmem_cache_free(s=0xffff8f3081274a00, x=0xffff8f30831f8480);
 0)   0.812 us    |                }
 0)   1.503 us    |              }
 0)               |              remove_vma(vma=0xffff8f30840b0e40) {
 0)   0.160 us    |                fput(file=0xffff8f30819db480);
 0)               |                vm_area_free(vma=0xffff8f30840b0e40) {
 0)   0.151 us    |                  kfree(object=0x0);
 0)   0.230 us    |                  kmem_cache_free(s=0xffff8f3081274a00, x=0xffff8f30840b0e40);
 0)   0.901 us    |                }
 0)   1.553 us    |              }
 0)               |              remove_vma(vma=0xffff8f30831f8540) {
 0)   0.220 us    |                fput(file=0xffff8f30819db480);
 0)               |                vm_area_free(vma=0xffff8f30831f8540) {
 0)   0.150 us    |                  kfree(object=0x0);
 0)   0.160 us    |                  kmem_cache_free(s=0xffff8f3081274a00, x=0xffff8f30831f8540);
 0)   0.822 us    |                }
 0)   1.533 us    |              }
 0)               |              remove_vma(vma=0xffff8f30831f80c0) {
 0)   0.171 us    |                fput(file=0xffff8f30819db480);
 0)               |                vm_area_free(vma=0xffff8f30831f80c0) {
 0)   0.150 us    |                  kfree(object=0x0);
 0)   0.150 us    |                  kmem_cache_free(s=0xffff8f3081274a00, x=0xffff8f30831f80c0);
 0)   0.822 us    |                }
 0)   1.483 us    |              }
 0)               |              remove_vma(vma=0xffff8f30831f8780) {
 0)               |                vm_area_free(vma=0xffff8f30831f8780) {
 0)   0.160 us    |                  kfree(object=0x0);
 0)   0.160 us    |                  kmem_cache_free(s=0xffff8f3081274a00, x=0xffff8f30831f8780);
 0)   0.812 us    |                }
 0)   1.142 us    |              }
 0)               |              remove_vma(vma=0xffff8f3083259b40) {
 0)               |                vm_area_free(vma=0xffff8f3083259b40) {
 0)   0.160 us    |                  kfree(object=0x0);
 0)   0.161 us    |                  kmem_cache_free(s=0xffff8f3081274a00, x=0xffff8f3083259b40);
 0)   0.812 us    |                }
 0)   1.153 us    |              }
 0) + 15.089 us   |            }
 0)   0.211 us    |            kfree(object=0xffff8f3082e2dc00);
 0)   0.160 us    |            up_write(sem=0xffff8f3081b4dc90);
 0) ! 417.463 us  |          }
 0)   0.160 us    |          mm_put_huge_zero_folio(mm=0xffff8f3081b4db00);
 0)               |          fput(file=0xffff8f30819db480) {
 0)   0.160 us    |            __file_ref_put(ref=0xffff8f30819db528, cnt=0xffffffffffffffff);
 0)               |            __fput_deferred(file=0xffff8f30819db480) {
 0)               |              task_work_add(task=0xffff8f308368c400, work=0xffff8f30819db508, notify=1 [TWA_RESUME]) {
 0)   0.171 us    |                kick_process(p=0xffff8f308368c400);
 0)   0.531 us    |              }
 0)   0.911 us    |            }
 0)   1.623 us    |          }
 0)   0.160 us    |          module_put(module=0x0);
 0)               |          lru_gen_del_mm(mm=0xffff8f3081b4db00) {
 0)   0.161 us    |            _raw_spin_lock(lock=0xffff8f3081342168);
 0)   0.160 us    |            _raw_spin_unlock(lock=0xffff8f3081342168);
 0)   0.952 us    |          }
 0)               |          futex_hash_free(mm=0xffff8f3081b4db00) {
 0)   0.171 us    |            free_percpu(ptr=0x0);
 0)               |            kvfree(addr=0x0) {
 0)   0.180 us    |              is_vmalloc_addr(x=0x0);
 0)   0.151 us    |              kfree(object=0x0);
 0)   0.932 us    |            }
 0)   1.663 us    |          }
 0) ! 425.548 us  |        }
 0)               |        acct_process() {
 0)   0.180 us    |          task_active_pid_ns(tsk=0xffff8f308368c400);
 0)   0.581 us    |        }
 0)   0.169 us    |        exit_sem(tsk=0xffff8f308368c400);
 0)               |        exit_shm(task=0xffff8f308368c400) {
 0)   0.160 us    |          _raw_spin_lock(lock=0xffff8f308368d260);
 0)   0.160 us    |          _raw_spin_unlock(lock=0xffff8f308368d260);
 0)   0.832 us    |        }
 0)               |        exit_files(tsk=0xffff8f308368c400) {
 0)   0.161 us    |          _raw_spin_lock(lock=0xffff8f308368d260);
 0)   0.160 us    |          _raw_spin_unlock(lock=0xffff8f308368d260);
 0)               |          put_files_struct.part.0() {
 0)               |            filp_close(filp=0xffff8f3082e2b840, id=0xffff8f3081b6ec00) {
 0)               |              filp_flush(filp=0xffff8f3082e2b840, id=0xffff8f3081b6ec00) {
 0)   0.421 us    |                dnotify_flush(filp=0xffff8f3082e2b840, id=0xffff8f3081b6ec00);
 0)   0.180 us    |                locks_remove_posix(filp=0xffff8f3082e2b840, owner=0xffff8f3081b6ec00);
 0)   1.452 us    |              }
 0)   0.171 us    |              fput_close(file=0xffff8f3082e2b840);
 0)   2.154 us    |            }
 0)               |            filp_close(filp=0xffff8f3082e2b9c0, id=0xffff8f3081b6ec00) {
 0)               |              filp_flush(filp=0xffff8f3082e2b9c0, id=0xffff8f3081b6ec00) {
 0)   0.150 us    |                dnotify_flush(filp=0xffff8f3082e2b9c0, id=0xffff8f3081b6ec00);
 0)   0.170 us    |                locks_remove_posix(filp=0xffff8f3082e2b9c0, owner=0xffff8f3081b6ec00);
 0)   0.862 us    |              }
 0)   0.160 us    |              fput_close(file=0xffff8f3082e2b9c0);
 0)   1.532 us    |            }
 0)               |            filp_close(filp=0xffff8f30831f0f00, id=0xffff8f3081b6ec00) {
 0)               |              filp_flush(filp=0xffff8f30831f0f00, id=0xffff8f3081b6ec00) {
 0)   0.171 us    |                dnotify_flush(filp=0xffff8f30831f0f00, id=0xffff8f3081b6ec00);
 0)   0.160 us    |                locks_remove_posix(filp=0xffff8f30831f0f00, owner=0xffff8f3081b6ec00);
 0)   0.871 us    |              }
 0)   0.161 us    |              fput_close(file=0xffff8f30831f0f00);
 0)   1.533 us    |            }
 0)   0.340 us    |            kmem_cache_free(s=0xffff8f3081274600, x=0xffff8f3081b6ec00);
 0)   6.462 us    |          }
 0)   7.494 us    |        }
 0)               |        exit_fs(tsk=0xffff8f308368c400) {
 0)   0.180 us    |          _raw_spin_lock(lock=0xffff8f308368d260);
 0)   0.211 us    |          _raw_spin_lock(lock=0xffff8f30831f9648);
 0)   0.160 us    |          _raw_spin_unlock(lock=0xffff8f30831f9648);
 0)   0.160 us    |          _raw_spin_unlock(lock=0xffff8f308368d260);
 0)               |          path_put(path=0xffff8f30831f9658) {
 0)               |            dput(dentry=0xffff8f3081406e40) {
 0)               |              dput.part.0() {
 0)   0.151 us    |                __rcu_read_lock();
 0)   0.161 us    |                __rcu_read_unlock();
 0)   0.862 us    |              }
 0)   1.202 us    |            }
 0)               |            mntput(mnt=0xffff8f30812be1a0) {
 0)   0.160 us    |              __rcu_read_lock();
 0)   0.160 us    |              __rcu_read_unlock();
 0)   0.841 us    |            }
 0)   2.575 us    |          }
 0)               |          path_put(path=0xffff8f30831f9668) {
 0)               |            dput(dentry=0xffff8f308162a300) {
 0)               |              dput.part.0() {
 0)   0.150 us    |                __rcu_read_lock();
 0)   0.150 us    |                __rcu_read_unlock();
 0)   0.842 us    |              }
 0)   1.173 us    |            }
 0)               |            mntput(mnt=0xffff8f30812bd0a0) {
 0)   0.151 us    |              __rcu_read_lock();
 0)   0.161 us    |              __rcu_read_unlock();
 0)   0.841 us    |            }
 0)   2.505 us    |          }
 0)   0.151 us    |          kmem_cache_free(s=0xffff8f3081274700, x=0xffff8f30831f9640);
 0)   7.394 us    |        }
 0)   0.160 us    |        disassociate_ctty(on_exit=1);
 0)               |        exit_nsproxy_namespaces(p=0xffff8f308368c400) {
 0)               |          switch_task_namespaces(p=0xffff8f308368c400, new=0x0) {
 0)   0.150 us    |            _raw_spin_lock(lock=0xffff8f308368d260);
 0)   0.160 us    |            _raw_spin_unlock(lock=0xffff8f308368d260);
 0)   0.841 us    |          }
 0)   1.192 us    |        }
 0)               |        task_work_run() {
 0)   0.150 us    |          _raw_spin_lock_irq(lock=0xffff8f308368d264);
 0)   0.160 us    |          _raw_spin_unlock_irq(lock=0xffff8f308368d264);
 0)               |          ____fput(work=0xffff8f30819db508) {
 0)               |            __fput(file=0xffff8f30819db480) {
 0)   0.161 us    |              locks_remove_file(filp=0xffff8f30819db480);
 0)               |              security_file_release(file=0xffff8f30819db480) {
 0)   0.161 us    |                bpf_lsm_file_release(file=0xffff8f30819db480);
 0)   0.521 us    |              }
 0)   0.160 us    |              module_put(module=0x0);
 0)   0.170 us    |              file_f_owner_release(file=0xffff8f30819db480);
 0)               |              dput(dentry=0xffff8f308162e300) {
 0)               |                dput.part.0() {
 0)   0.160 us    |                  __rcu_read_lock();
 0)   0.160 us    |                  __rcu_read_unlock();
 0)   0.822 us    |                }
 0)   1.142 us    |              }
 0)               |              mntput(mnt=0xffff8f30812be1a0) {
 0)   0.151 us    |                __rcu_read_lock();
 0)   0.150 us    |                __rcu_read_unlock();
 0)   0.811 us    |              }
 0)               |              security_file_free(file=0xffff8f30819db480) {
 0)               |                hook_file_free_security(file=0xffff8f30819db480) {
 0)   0.160 us    |                  put_pid(pid=0x0);
 0)   0.160 us    |                  landlock_put_ruleset_deferred(ruleset=0x0);
 0)   0.942 us    |                }
 0)   0.160 us    |                bpf_lsm_file_free_security(file=0xffff8f30819db480);
 0)   0.170 us    |                kmem_cache_free(s=0xffff8f3081274b00, x=0xffff8f3082e4e7a0);
 0)   1.974 us    |              }
 0)               |              __put_cred(cred=0xffff8f3083232840) {
 0)               |                call_rcu(head=0xffff8f30832328e8, func=0xffffffffad3b0d20) {
 0)               |                  __call_rcu_common(head=0xffff8f30832328e8, func=0xffffffffad3b0d20, lazy_in=0x1) {
 0)   0.160 us    |                    rcu_async_should_hurry();
 0)   0.161 us    |                    rcu_segcblist_enqueue(rsclp=0xffff8f30bec34280, rhp=0xffff8f30832328e8);
 0)   0.842 us    |                  }
 0)   1.162 us    |                }
 0)   1.513 us    |              }
 0)   0.161 us    |              kmem_cache_free(s=0xffff8f308127f800, x=0xffff8f30819db480);
 0)   8.666 us    |            }
 0)   8.987 us    |          }
 0) + 10.039 us   |        }
 0)               |        exit_thread(tsk=0xffff8f308368c400) {
 0)   0.160 us    |          shstk_free(tsk=0xffff8f308368c400);
 0)   0.160 us    |          fpu__drop(tsk=0xffff8f308368c400);
 0)   0.872 us    |        }
 0)               |        sched_autogroup_exit_task(p=0xffff8f308368c400) {
 0)               |          sched_move_task(tsk=0xffff8f308368c400, for_autogroup=0x1) {
 0)               |            _task_rq_lock(p=0xffff8f308368c400, rf=0xffffd26ac050fcd0) {
 0)   0.161 us    |              _raw_spin_lock_irqsave(lock=0xffff8f308368d264);
 0)               |              raw_spin_rq_lock_nested(rq=0xffff8f30bec32f40, subclass=0) {
 0)   0.151 us    |                _raw_spin_lock(lock=0xffff8f30bec32f88);
 0)   0.492 us    |              }
 0)   1.192 us    |            }
 0)               |            sched_change_begin(p=0xffff8f308368c400, flags=0x6) {
 0)               |              update_rq_clock(rq=0xffff8f30bec32f40) {
 0)   0.161 us    |                kvm_steal_clock(cpu=0);
 0)               |                update_irq_load_avg(rq=0xffff8f30bec32f40, running=0xff7) {
 0)   0.149 us    |                  arch_scale_cpu_capacity(cpu=0);
 0)   0.551 us    |                }
 0)   0.151 us    |                arch_scale_cpu_capacity(cpu=0);
 0)   1.694 us    |              }
 0)               |              dequeue_task_fair(rq=0xffff8f30bec32f40, p=0xffff8f308368c400, flags=14) {
 0)               |                dequeue_entities(rq=0xffff8f30bec32f40, se=0xffff8f308368c480, flags=14) {
 0)               |                  update_curr(cfs_rq=0xffff8f30bec33040) {
 0)               |                    update_se(rq=0xffff8f30bec32f40, se=0xffff8f308368c480) {
 0)   0.170 us    |                      cpuacct_charge(tsk=0xffff8f308368c400, cputime=0x7922b);
 0)   0.561 us    |                    }
 0)   0.170 us    |                    avg_vruntime(cfs_rq=0xffff8f30bec33040);
 0)               |                    dl_server_update(dl_se=0xffff8f30bec33bc8, delta_exec=496171) {
 0)   0.190 us    |                      update_curr_dl_se(rq=0xffff8f30bec32f40, dl_se=0xffff8f30bec33bc8, delta_exec=496171);
 0)   0.541 us    |                    }
 0)   2.044 us    |                  }
 0)   0.180 us    |                  __update_load_avg_se(now=0x1e92b2a11, cfs_rq=0xffff8f30bec33040, se=0xffff8f308368c480);
 0)   0.171 us    |                  __update_load_avg_cfs_rq(now=0x1e92b2a11, cfs_rq=0xffff8f30bec33040);
 0)   0.160 us    |                  avg_vruntime(cfs_rq=0xffff8f30bec33040);
 0)   0.161 us    |                  entity_lag.isra.0();
 0)   0.160 us    |                  update_cfs_group(se=0xffff8f308368c480);
 0)   4.388 us    |                }
 0)   4.749 us    |              }
 0)               |              put_prev_task_fair(rq=0xffff8f30bec32f40, prev=0xffff8f308368c400, next=0x0) {
 0)   0.151 us    |                put_prev_entity(cfs_rq=0xffff8f30bec33040, prev=0xffff8f308368c480);
 0)   0.501 us    |              }
 0)   7.804 us    |            }
 0)   0.160 us    |            task_wants_autogroup(p=0xffff8f308368c400, tg=0xffffffffb055b280);
 0)               |            task_change_group_fair(p=0xffff8f308368c400) {
 0)   0.170 us    |              __update_load_avg_se(now=0x1e92b2a11, cfs_rq=0xffff8f30bec33040, se=0xffff8f308368c480);
 0)   0.160 us    |              __update_load_avg_cfs_rq(now=0x1e92b2a11, cfs_rq=0xffff8f30bec33040);
 0)   0.180 us    |              detach_entity_load_avg(cfs_rq=0xffff8f30bec33040, se=0xffff8f308368c480);
 0)   0.211 us    |              propagate_entity_cfs_rq(se=0xffff8f308368c480);
 0)               |              attach_entity_cfs_rq(se=0xffff8f308368c480) {
 0)   0.161 us    |                __update_load_avg_cfs_rq(now=0x1e92b2a11, cfs_rq=0xffff8f30bec33040);
 0)   0.191 us    |                attach_entity_load_avg(cfs_rq=0xffff8f30bec33040, se=0xffff8f308368c480);
 0)   0.170 us    |                propagate_entity_cfs_rq(se=0xffff8f308368c480);
 0)   1.233 us    |              }
 0)   3.076 us    |            }
 0)               |            sched_change_end(ctx=0xffff8f30bec1cf00) {
 0)               |              enqueue_task(rq=0xffff8f30bec32f40, p=0xffff8f308368c400, flags=14) {
 0)               |                enqueue_task_fair(rq=0xffff8f30bec32f40, p=0xffff8f308368c400, flags=14) {
 0)   0.160 us    |                  update_curr(cfs_rq=0xffff8f30bec33040);
 0)   0.161 us    |                  __update_load_avg_se(now=0x1e92b2a11, cfs_rq=0xffff8f30bec33040, se=0xffff8f308368c480);
 0)   0.150 us    |                  __update_load_avg_cfs_rq(now=0x1e92b2a11, cfs_rq=0xffff8f30bec33040);
 0)   0.161 us    |                  update_cfs_group(se=0xffff8f308368c480);
 0)               |                  place_entity(cfs_rq=0xffff8f30bec33040, se=0xffff8f308368c480, flags=14) {
 0)   0.191 us    |                    avg_vruntime(cfs_rq=0xffff8f30bec33040);
 0)   0.541 us    |                  }
 0)   0.191 us    |                  __enqueue_entity(cfs_rq=0xffff8f30bec33040, se=0xffff8f308368c480);
 0)   0.160 us    |                  dl_server_start(dl_se=0xffff8f30bec33bc8);
 0)   0.160 us    |                  hrtimer_active(timer=0xffff8f30bec33f40);
 0)   3.517 us    |                }
 0)   3.858 us    |              }
 0)               |              set_next_task_fair(rq=0xffff8f30bec32f40, p=0xffff8f308368c400, first=0x0) {
 0)               |                set_next_entity(cfs_rq=0xffff8f30bec33040, se=0xffff8f308368c480, first=0x0) {
 0)   0.191 us    |                  __dequeue_entity(cfs_rq=0xffff8f30bec33040, se=0xffff8f308368c480);
 0)   0.160 us    |                  __update_load_avg_se(now=0x1e92b2a11, cfs_rq=0xffff8f30bec33040, se=0xffff8f308368c480);
 0)   0.149 us    |                  __update_load_avg_cfs_rq(now=0x1e92b2a11, cfs_rq=0xffff8f30bec33040);
 0)   1.242 us    |                }
 0)   1.592 us    |              }
 0)   0.160 us    |              prio_changed_fair(rq=0xffff8f30bec32f40, p=0xffff8f308368c400, oldprio=0x78);
 0)   6.372 us    |            }
 0)   0.180 us    |            __resched_curr(rq=0xffff8f30bec32f40, tif=4);
 0)   0.160 us    |            __balance_callbacks(rq=0xffff8f30bec32f40, rf=0xffffd26ac050fcb0);
 0)   0.161 us    |            _raw_spin_unlock(lock=0xffff8f30bec32f88);
 0)               |            _raw_spin_unlock_irqrestore(lock=0xffff8f308368d264, flags=0x296) {
 0)   0.180 us    |              rcu_note_context_switch(preempt=0x1);
 0)   0.160 us    |              migrate_disable_switch.isra.0();
 0)               |              raw_spin_rq_lock_nested(rq=0xffff8f30bec32f40, subclass=0) {
 0)   0.150 us    |                _raw_spin_lock(lock=0xffff8f30bec32f88);
 0)   0.492 us    |              }
 0)               |              update_rq_clock(rq=0xffff8f30bec32f40) {
 0)   0.160 us    |                kvm_steal_clock(cpu=0);
 0)   0.160 us    |                arch_scale_cpu_capacity(cpu=0);
 0)   0.862 us    |              }
 0)               |              pick_next_task_fair(rq=0xffff8f30bec32f40, prev=0xffff8f308368c400, rf=0xffffd26ac050fbe0) {
 0)               |                pick_task_fair(rq=0xffff8f30bec32f40, rf=0xffffd26ac050fbe0) {
 0)               |                  update_curr(cfs_rq=0xffff8f30bec33040) {
 0)               |                    update_se(rq=0xffff8f30bec32f40, se=0xffff8f308368c480) {
 0)   0.161 us    |                      cpuacct_charge(tsk=0xffff8f308368c400, cputime=0x5103);
 0)   0.500 us    |                    }
 0)               |                    dl_server_update(dl_se=0xffff8f30bec33bc8, delta_exec=20739) {
 0)   0.221 us    |                      update_curr_dl_se(rq=0xffff8f30bec32f40, dl_se=0xffff8f30bec33bc8, delta_exec=20739);
 0)   0.551 us    |                    }
 0)   1.583 us    |                  }
 0)   0.191 us    |                  pick_eevdf(cfs_rq=0xffff8f30bec33040, protect=0x1);
 0)   2.304 us    |                }
 0)   2.676 us    |              }
 0)   0.171 us    |              _raw_spin_unlock(lock=0xffff8f30bec32f88);
 0)   5.971 us    |            }
 0) + 27.081 us   |          }
 0) + 27.511 us   |        }
 0)               |        cgroup_task_exit(tsk=0xffff8f308368c400) {
 0)   0.170 us    |          blkcg_exit(tsk=0xffff8f308368c400);
 0)   0.190 us    |          mem_cgroup_exit(task=0xffff8f308368c400);
 0)   1.613 us    |        }
 0)               |        flush_ptrace_hw_breakpoint(tsk=0xffff8f308368c400) {
 0)   0.170 us    |          unregister_hw_breakpoint(bp=0x0);
 0)   0.160 us    |          unregister_hw_breakpoint(bp=0x0);
 0)   0.160 us    |          unregister_hw_breakpoint(bp=0x0);
 0)   0.161 us    |          unregister_hw_breakpoint(bp=0x0);
 0)   1.543 us    |        }
 0)               |        exit_tasks_rcu_start() {
 0)   0.221 us    |          _raw_spin_lock_irqsave(lock=0xffff8f30bec1ddb8);
 0)   0.171 us    |          _raw_spin_unlock_irqrestore(lock=0xffff8f30bec1ddb8, flags=0x286);
 0)   1.083 us    |        }
 0)   0.171 us    |        _raw_write_lock_irq(lock=0xffffffffaf806080);
 0)   0.160 us    |        task_active_pid_ns(tsk=0xffff8f308368c400);
 0)   0.221 us    |        kill_orphaned_pgrp(tsk=0xffff8f308368c400, parent=0x0);
 0)               |        do_notify_parent(tsk=0xffff8f308368c400, sig=17) {
 0)               |          __wake_up(wq_head=0xffff8f30812a5598, mode=0x3, nr_exclusive=0, key=0x41) {
 0)   0.151 us    |            _raw_spin_lock_irqsave(lock=0xffff8f30812a5598);
 0)   0.161 us    |            __wake_up_common(wq_head=0xffff8f30812a5598, mode=0x3, nr_exclusive=0, wake_flags=0, key=0x41);
 0)   0.160 us    |            _raw_spin_unlock_irqrestore(lock=0xffff8f30812a5598, flags=0x96);
 0)   1.202 us    |          }
 0)   0.151 us    |          __rcu_read_lock();
 0)   0.190 us    |          task_active_pid_ns(tsk=0xffff8f3083460000);
 0)               |          __task_pid_nr_ns(task=0xffff8f308368c400, type=0 [PIDTYPE_PID], ns=0xffffffffaf850f80) {
 0)   0.151 us    |            __rcu_read_lock();
 0)   0.160 us    |            __rcu_read_unlock();
 0)   0.852 us    |          }
 0)   0.150 us    |          __rcu_read_lock();
 0)   0.161 us    |          __rcu_read_unlock();
 0)   0.221 us    |          __rcu_read_lock();
 0)   0.151 us    |          __rcu_read_unlock();
 0)               |          from_kuid_munged(targ=0xffffffffaf84a580, kuid=(STRUCT)[0x0]) {
 0)   0.181 us    |            map_id_range_up(map=0xffffffffaf84a580, id=0x0, count=0x1);
 0)   0.541 us    |          }
 0)   0.161 us    |          __rcu_read_unlock();
 0)   0.160 us    |          task_cputime(t=0xffff8f308368c400, utime=0xffffd26ac050fca0, stime=0xffffd26ac050fca8);
 0)   0.150 us    |          nsec_to_clock_t(x=0x0);
 0)   0.160 us    |          nsec_to_clock_t(x=0x3b70c8);
 0)   0.250 us    |          _raw_spin_lock_irqsave(lock=0xffff8f308208e300);
 0)               |          __send_signal_locked(sig=17, info=0xffffd26ac050fcb0, t=0xffff8f3083460000, type=1 [PIDTYPE_TGID], force=0x0) {
 0)   0.201 us    |            prepare_signal(sig=17, p=0xffff8f3083460000, force=0x0);
 0)               |            sig_get_ucounts(t=0xffff8f3083460000, sig=17, override_rlimit=1) {
 0)   0.161 us    |              __rcu_read_lock();
 0)   0.151 us    |              __rcu_read_lock();
 0)   0.160 us    |              __rcu_read_unlock();
 0)   0.270 us    |              inc_rlimit_get_ucounts(ucounts=0xffffffffaf854080, type=2 [UCOUNT_RLIMIT_SIGPENDING], override_rlimit=0x1);
 0)   0.160 us    |              __rcu_read_unlock();
 0)   1.983 us    |            }
 0)   0.451 us    |            kmem_cache_alloc_noprof(s=0xffff8f308127fa00, gfpflags=0x820);
 0)               |            complete_signal(sig=17, p=0xffff8f3083460000, type=1 [PIDTYPE_TGID]) {
 0)               |              wake_up_state(p=0xffff8f3083460000, state=0x1) {
 0)               |                try_to_wake_up(p=0xffff8f3083460000, state=0x1, wake_flags=0) {
 0)   0.160 us    |                  _raw_spin_lock_irqsave(lock=0xffff8f3083460e64);
 0)   0.321 us    |                  __traceiter_sched_waking(__data=0xffffffffaf954600, p=0xffff8f3083460000);
 0)               |                  select_task_rq_fair(p=0xffff8f3083460000, prev_cpu=3, wake_flags=8) {
 0)   0.181 us    |                    choose_idle_cpu(cpu=3, p=0xffff8f3083460000);
 0)   0.761 us    |                  }
 0)               |                  ttwu_queue_wakelist(p=0xffff8f3083460000, cpu=3, wake_flags=136) {
 0)   0.160 us    |                    scx_allow_ttwu_queue(p=0xffff8f3083460000);
 0)               |                    __smp_call_single_queue(cpu=3, node=0xffff8f3083460038) {
 0)   0.190 us    |                      call_function_single_prep_ipi(cpu=3);
 0)               |                      native_send_call_func_single_ipi(cpu=3) {
 0)   2.094 us    |                        x2apic_send_IPI();
 0)   2.505 us    |                      }
 0)   3.297 us    |                    }
 0)   4.097 us    |                  }
 0)   0.171 us    |                  _raw_spin_unlock_irqrestore(lock=0xffff8f3083460e64, flags=0x82);
 0)   6.762 us    |                }
 0)   7.123 us    |              }
 0)   7.534 us    |            }
 0) + 11.742 us   |          }
 0)               |          __wake_up_parent(p=0xffff8f308368c400, parent=0xffff8f3083460000) {
 0)               |            __wake_up_sync_key(wq_head=0xffff8f308213c820, mode=0x1, key=0xffff8f308368c400) {
 0)   0.151 us    |              _raw_spin_lock_irqsave(lock=0xffff8f308213c820);
 0)               |              __wake_up_common(wq_head=0xffff8f308213c820, mode=0x1, nr_exclusive=1, wake_flags=16, key=0xffff8f308368c400) {
 0)               |                child_wait_callback(wait=0xffffd26ac0407b00, mode=0x1, sync=16, key=0xffff8f308368c400) {
 0)               |                  default_wake_function(curr=0xffffd26ac0407b00, mode=0x1, wake_flags=16, key=0xffff8f308368c400) {
 0)               |                    try_to_wake_up(p=0xffff8f3083460000, state=0x1, wake_flags=16) {
 0)   0.149 us    |                      _raw_spin_lock_irqsave(lock=0xffff8f3083460e64);
 0)   0.160 us    |                      _raw_spin_unlock_irqrestore(lock=0xffff8f3083460e64, flags=0x96);
 0)   0.842 us    |                    }
 0)   1.163 us    |                  }
 0)   1.513 us    |                }
 0)   1.974 us    |              }
 0)   0.160 us    |              _raw_spin_unlock_irqrestore(lock=0xffff8f308213c820, flags=0x82);
 0)   2.985 us    |            }
 0)   3.317 us    |          }
 0)   0.161 us    |          _raw_spin_unlock_irqrestore(lock=0xffff8f308208e300, flags=0x96);
 0) + 23.535 us   |        }
 0)   0.160 us    |        _raw_write_unlock_irq(lock=0xffffffffaf806080);
 0)   0.190 us    |        proc_exit_connector(task=0xffff8f308368c400);
 0)               |        mpol_put_task_policy(task=0xffff8f308368c400) {
 0)   0.151 us    |          _raw_spin_lock(lock=0xffff8f308368d260);
 0)   0.161 us    |          _raw_spin_unlock(lock=0xffff8f308368d260);
 0)   0.842 us    |        }
 0)               |        free_pipe_info(pipe=0xffff8f30819f0540) {
 0)   0.200 us    |          free_uid(up=0xffffffffaf84a4c0);
 0)   0.361 us    |          kfree(object=0xffff8f3082b39000);
 0)   0.281 us    |          kfree(object=0xffff8f30819f0540);
 0)   1.693 us    |        }
 0)               |        exit_task_stack_account(tsk=0xffff8f308368c400) {
 0)               |          lruvec_stat_mod_folio(folio=0xfffff2a1000c8100, idx=37 [NR_KERNEL_STACK_KB], val=4294967292) {
 0)   0.151 us    |            __rcu_read_lock();
 0)   0.151 us    |            __rcu_read_unlock();
 0)   0.160 us    |            mod_node_page_state(pgdat=0xffff8f30bfeb9f80, item=37 [NR_KERNEL_STACK_KB], delta=-4);
 0)   1.162 us    |          }
 0)               |          lruvec_stat_mod_folio(folio=0xfffff2a1000c8140, idx=37 [NR_KERNEL_STACK_KB], val=4294967292) {
 0)   0.150 us    |            __rcu_read_lock();
 0)   0.150 us    |            __rcu_read_unlock();
 0)   0.151 us    |            mod_node_page_state(pgdat=0xffff8f30bfeb9f80, item=37 [NR_KERNEL_STACK_KB], delta=-4);
 0)   1.153 us    |          }
 0)               |          lruvec_stat_mod_folio(folio=0xfffff2a1000c8180, idx=37 [NR_KERNEL_STACK_KB], val=4294967292) {
 0)   0.160 us    |            __rcu_read_lock();
 0)   0.160 us    |            __rcu_read_unlock();
 0)   0.160 us    |            mod_node_page_state(pgdat=0xffff8f30bfeb9f80, item=37 [NR_KERNEL_STACK_KB], delta=-4);
 0)   1.202 us    |          }
 0)               |          lruvec_stat_mod_folio(folio=0xfffff2a1000c81c0, idx=37 [NR_KERNEL_STACK_KB], val=4294967292) {
 0)   0.150 us    |            __rcu_read_lock();
 0)   0.151 us    |            __rcu_read_unlock();
 0)   0.151 us    |            mod_node_page_state(pgdat=0xffff8f30bfeb9f80, item=37 [NR_KERNEL_STACK_KB], delta=-4);
 0)   1.152 us    |          }
 0)   5.782 us    |        }
 0)   0.161 us    |        exit_rcu();
 0)               |        exit_tasks_rcu_finish() {
 0)   0.161 us    |          _raw_spin_lock_irqsave(lock=0xffff8f30bec1ddb8);
 0)   0.171 us    |          _raw_spin_unlock_irqrestore(lock=0xffff8f30bec1ddb8, flags=0x292);
 0)   0.831 us    |        }
 0)               |        do_task_dead() {
 0)   0.161 us    |          _raw_spin_lock_irqsave(lock=0xffff8f308368d264);
 0)   0.160 us    |          _raw_spin_unlock_irqrestore(lock=0xffff8f308368d264, flags=0x292);
 0)   0.180 us    |          rcu_note_context_switch(preempt=0x0);
 0)   0.170 us    |          migrate_disable_switch.isra.0();
 0)               |          raw_spin_rq_lock_nested(rq=0xffff8f30bec32f40, subclass=0) {
 0)   0.150 us    |            _raw_spin_lock(lock=0xffff8f30bec32f88);
 0)   0.491 us    |          }
 0)               |          update_rq_clock(rq=0xffff8f30bec32f40) {
 0)   0.150 us    |            kvm_steal_clock(cpu=0);
 0)   0.160 us    |            arch_scale_cpu_capacity(cpu=0);
 0)   0.872 us    |          }
 0)               |          dequeue_task_fair(rq=0xffff8f30bec32f40, p=0xffff8f308368c400, flags=65545) {
 0)               |            dequeue_entities(rq=0xffff8f30bec32f40, se=0xffff8f308368c480, flags=65545) {
 0)               |              update_curr(cfs_rq=0xffff8f30bec33040) {
 0)               |                update_se(rq=0xffff8f30bec32f40, se=0xffff8f308368c480) {
 0)   0.150 us    |                  cpuacct_charge(tsk=0xffff8f308368c400, cputime=0xbcf3);
 0)   0.521 us    |                }
 0)               |                dl_server_update(dl_se=0xffff8f30bec33bc8, delta_exec=48371) {
 0)   0.180 us    |                  update_curr_dl_se(rq=0xffff8f30bec32f40, dl_se=0xffff8f30bec33bc8, delta_exec=48371);
 0)   0.511 us    |                }
 0)   1.553 us    |              }
 0)   0.170 us    |              __update_load_avg_se(now=0x1e92c3807, cfs_rq=0xffff8f30bec33040, se=0xffff8f308368c480);
 0)   0.170 us    |              __update_load_avg_cfs_rq(now=0x1e92c3807, cfs_rq=0xffff8f30bec33040);
 0)   0.170 us    |              avg_vruntime(cfs_rq=0xffff8f30bec33040);
 0)   0.160 us    |              entity_lag.isra.0();
 0)   0.161 us    |              update_cfs_group(se=0xffff8f308368c480);
 0)   3.717 us    |            }
 0)   4.068 us    |          }
 0)               |          pick_next_task_fair(rq=0xffff8f30bec32f40, prev=0xffff8f308368c400, rf=0xffffd26ac050fca0) {
 0)   0.160 us    |            pick_task_fair(rq=0xffff8f30bec32f40, rf=0xffffd26ac050fca0);
 0)               |            __sched_balance_update_blocked_averages(rq=0xffff8f30bec32f40) {
 0)               |              update_other_load_avgs(rq=0xffff8f30bec32f40) {
 0)   0.181 us    |                update_rt_rq_load_avg(now=0x1e92c3807, rq=0xffff8f30bec32f40, running=0);
 0)   0.180 us    |                update_dl_rq_load_avg(now=0x1e92c3807, rq=0xffff8f30bec32f40, running=0);
 0)               |                update_irq_load_avg(rq=0xffff8f30bec32f40, running=0x0) {
 0)   0.161 us    |                  arch_scale_cpu_capacity(cpu=0);
 0)   0.501 us    |                }
 0)   1.593 us    |              }
 0)   0.160 us    |              __update_load_avg_cfs_rq(now=0x1e92c3807, cfs_rq=0xffff8f30bec33040);
 0)   2.324 us    |            }
 0)   0.160 us    |            _raw_spin_unlock(lock=0xffff8f30bec32f88);
 0)   0.161 us    |            __msecs_to_jiffies(m=0x8);
 0)               |            sched_balance_rq(this_cpu=0, this_rq=0xffff8f30bec32f40, sd=0xffff8f30812cbe00, idle=2 [CPU_NEWLY_IDLE], continue_balancing=0xffffd26ac050fbfc) {
 0)               |              sched_balance_find_src_group(env=0xffffd26ac050fb18) {
 0)               |                cpu_util(cpu=0, p=0x0, dst_cpu=4294967295, boost=0) {
 0)   0.149 us    |                  arch_scale_cpu_capacity(cpu=0);
 0)   0.501 us    |                }
 0)   0.160 us    |                idle_cpu(cpu=0);
 0)               |                cpu_util(cpu=1, p=0x0, dst_cpu=4294967295, boost=0) {
 0)   0.160 us    |                  arch_scale_cpu_capacity(cpu=1);
 0)   0.481 us    |                }
 0)   0.160 us    |                idle_cpu(cpu=1);
 0)               |                cpu_util(cpu=2, p=0x0, dst_cpu=4294967295, boost=0) {
 0)   0.151 us    |                  arch_scale_cpu_capacity(cpu=2);
 0)   0.481 us    |                }
 0)   0.151 us    |                idle_cpu(cpu=2);
 0)               |                cpu_util(cpu=3, p=0x0, dst_cpu=4294967295, boost=0) {
 0)   0.161 us    |                  arch_scale_cpu_capacity(cpu=3);
 0)   0.481 us    |                }
 0)   0.160 us    |                arch_scale_cpu_capacity(cpu=3);
 0)   0.161 us    |                sched_use_asym_prio.isra.0();
 0)   5.099 us    |              }
 0)   5.571 us    |            }
 0)               |            raw_spin_rq_lock_nested(rq=0xffff8f30bec32f40, subclass=0) {
 0)   0.161 us    |              _raw_spin_lock(lock=0xffff8f30bec32f88);
 0)   0.491 us    |            }
 0) + 10.400 us   |          }
 0)   0.160 us    |          pick_task_idle(rq=0xffff8f30bec32f40, rf=0xffffd26ac050fca0);
 0)               |          put_prev_task_fair(rq=0xffff8f30bec32f40, prev=0xffff8f308368c400, next=0xffffffffaf810a00) {
 0)   0.170 us    |            put_prev_entity(cfs_rq=0xffff8f30bec33040, prev=0xffff8f308368c480);
 0)   0.501 us    |          }
 0)   0.171 us    |          set_next_task_idle(rq=0xffff8f30bec32f40, next=0xffffffffaf810a00, first=0x1);
 0)   0.270 us    |          psi_account_irqtime(rq=0xffff8f30bec32f40, curr=0xffff8f308368c400, prev=0xffffffffaf810a00);
 0)               |          psi_task_switch(prev=0xffff8f308368c400, next=0xffffffffaf810a00, sleep=0x1) {
 0)   0.160 us    |            psi_flags_change(task=0xffff8f308368c400, clear=20, set=0);
 0)               |            psi_group_change(group=0xffffffffaf85b980, cpu=0, clear=0x14, set=0x0, now=0x1eb2e881d, wake_clock=0x1) {
 0)   0.170 us    |              record_times(groupc=0xffff8f30bec1d1c0, now=0x1eb2e881d);
 0)   0.561 us    |            }
 0)   1.433 us    |          }
 0)   0.621 us    |          __traceiter_sched_switch(__data=0xffffffffaf954600, preempt=0x0, prev=0xffff8f308368c400, next=0xffffffffaf810a00, prev_state=0x80);
