              sh-87      [003] .....    24.521466: mutex_unlock <-rb_simple_write
              sh-87      [003] .....    24.521467: __mutex_unlock_slowpath.isra.0 <-rb_simple_write
              sh-87      [003] .....    24.521467: _raw_spin_lock_irqsave <-__mutex_unlock_slowpath.isra.0
              sh-87      [003] d..1.    24.521467: _raw_spin_lock_irqsave <-__mutex_unlock_slowpath.isra.0
              sh-87      [003] d..2.    24.521468: _raw_spin_unlock_irqrestore <-__mutex_unlock_slowpath.isra.0
              sh-87      [003] d..1.    24.521468: wake_q_add <-__mutex_unlock_slowpath.isra.0
              sh-87      [003] d..2.    24.521468: _raw_spin_unlock_irqrestore <-__mutex_unlock_slowpath.isra.0
              sh-87      [003] ...1.    24.521468: wake_up_q <-__mutex_unlock_slowpath.isra.0
              sh-87      [003] ...1.    24.521468: try_to_wake_up <-wake_up_q
              sh-87      [003] ...2.    24.521469: _raw_spin_lock_irqsave <-try_to_wake_up
              sh-87      [003] d..3.    24.521469: select_task_rq_fair <-try_to_wake_up
              sh-87      [003] d..3.    24.521469: choose_idle_cpu <-select_task_rq_fair
              sh-87      [003] d..3.    24.521469: ttwu_queue_wakelist <-try_to_wake_up
              sh-87      [003] d..3.    24.521470: scx_allow_ttwu_queue <-ttwu_queue_wakelist
              sh-87      [003] d..3.    24.521470: __smp_call_single_queue <-ttwu_queue_wakelist
              sh-87      [003] d..3.    24.521470: call_function_single_prep_ipi <-__smp_call_single_queue
              sh-87      [003] d..3.    24.521470: native_send_call_func_single_ipi <-ttwu_queue_wakelist
              sh-87      [003] d..3.    24.521471: x2apic_send_IPI <-ttwu_queue_wakelist
              sh-87      [003] d..3.    24.521473: _raw_spin_unlock_irqrestore <-try_to_wake_up
              sh-87      [003] d....    24.521474: switch_fpu_return <-do_syscall_64
              sh-87      [003] .....    24.521477: __x64_sys_dup2 <-do_syscall_64
              sh-87      [003] .....    24.521477: ksys_dup3 <-__x64_sys_dup2
              sh-87      [003] .....    24.521477: _raw_spin_lock <-ksys_dup3
              sh-87      [003] ...1.    24.521477: expand_files <-ksys_dup3
              sh-87      [003] ...1.    24.521478: do_dup2 <-__x64_sys_dup2
              sh-87      [003] ...1.    24.521478: _raw_spin_unlock <-do_dup2
              sh-87      [003] .....    24.521478: filp_close <-do_dup2
              sh-87      [003] .....    24.521478: filp_flush <-filp_close
              sh-87      [003] .....    24.521478: dnotify_flush <-filp_flush
          <idle>-0       [000] d..1.    24.521479: irq_enter_rcu <-sysvec_call_function_single
              sh-87      [003] .....    24.521479: locks_remove_posix <-filp_flush
              sh-87      [003] .....    24.521479: fput_close <-filp_close
          <idle>-0       [000] d.h1.    24.521479: tick_irq_enter <-irq_enter_rcu
              sh-87      [003] .....    24.521479: __fput_deferred <-filp_close
          <idle>-0       [000] d.h1.    24.521479: tick_check_oneshot_broadcast_this_cpu <-tick_irq_enter
              sh-87      [003] .....    24.521479: task_work_add <-__fput_deferred
          <idle>-0       [000] d.h1.    24.521479: ktime_get <-tick_irq_enter
              sh-87      [003] .....    24.521479: kick_process <-task_work_add
          <idle>-0       [000] d.h1.    24.521480: tick_nohz_stop_idle <-tick_irq_enter
          <idle>-0       [000] d.h1.    24.521480: nr_iowait_cpu <-tick_nohz_stop_idle
              sh-87      [003] .....    24.521480: task_work_run <-exit_to_user_mode_loop
              sh-87      [003] .....    24.521480: _raw_spin_lock_irq <-task_work_run
          <idle>-0       [000] d.h1.    24.521480: irqtime_account_irq <-sysvec_call_function_single
              sh-87      [003] d..1.    24.521480: _raw_spin_unlock_irq <-task_work_run
          <idle>-0       [000] d.h1.    24.521480: __sysvec_call_function_single <-sysvec_call_function_single
              sh-87      [003] .....    24.521480: ____fput <-task_work_run
          <idle>-0       [000] d.h1.    24.521480: generic_smp_call_function_single_interrupt <-__sysvec_call_function_single
              sh-87      [003] .....    24.521480: __fput <-task_work_run
          <idle>-0       [000] d.h1.    24.521481: __flush_smp_call_function_queue <-__sysvec_call_function_single
              sh-87      [003] .....    24.521481: locks_remove_file <-__fput
              sh-87      [003] .....    24.521481: security_file_release <-__fput
          <idle>-0       [000] d.h1.    24.521481: sched_ttwu_pending <-__flush_smp_call_function_queue
          <idle>-0       [000] d.h1.    24.521481: raw_spin_rq_lock_nested <-_raw_spin_rq_lock_irqsave
              sh-87      [003] .....    24.521481: bpf_lsm_file_release <-security_file_release
          <idle>-0       [000] d.h2.    24.521481: _raw_spin_lock <-raw_spin_rq_lock_nested
              sh-87      [003] .....    24.521481: mutex_lock <-trace_array_put.part.0
          <idle>-0       [000] d.h2.    24.521481: update_rq_clock <-sched_ttwu_pending
              sh-87      [003] .....    24.521482: __mutex_lock_slowpath <-trace_array_put.part.0
          <idle>-0       [000] d.h2.    24.521482: kvm_steal_clock <-update_rq_clock
              sh-87      [003] .....    24.521482: __mutex_lock.constprop.0 <-trace_array_put.part.0
          <idle>-0       [000] d.h2.    24.521482: ttwu_do_activate <-sched_ttwu_pending
              sh-87      [003] .....    24.521482: mutex_unlock <-tracing_release_generic_tr
          <idle>-0       [000] d.h2.    24.521482: enqueue_task <-ttwu_do_activate
              sh-87      [003] .....    24.521482: __mutex_unlock_slowpath.isra.0 <-tracing_release_generic_tr
          <idle>-0       [000] d.h2.    24.521482: enqueue_task_fair <-enqueue_task
              sh-87      [003] .....    24.521482: _raw_spin_lock_irqsave <-__mutex_unlock_slowpath.isra.0
              sh-87      [003] d..1.    24.521482: _raw_spin_lock_irqsave <-__mutex_unlock_slowpath.isra.0
          <idle>-0       [000] d.h2.    24.521482: update_curr <-enqueue_task_fair
              sh-87      [003] d..2.    24.521483: _raw_spin_unlock_irqrestore <-__mutex_unlock_slowpath.isra.0
          <idle>-0       [000] d.h2.    24.521483: __update_load_avg_se <-update_load_avg
              sh-87      [003] d..1.    24.521483: wake_q_add <-__mutex_unlock_slowpath.isra.0
          <idle>-0       [000] d.h2.    24.521483: __update_load_avg_cfs_rq <-update_cfs_rq_load_avg
              sh-87      [003] d..2.    24.521483: _raw_spin_unlock_irqrestore <-__mutex_unlock_slowpath.isra.0
              sh-87      [003] ...1.    24.521483: wake_up_q <-__mutex_unlock_slowpath.isra.0
          <idle>-0       [000] d.h2.    24.521483: update_cfs_group <-enqueue_task_fair
              sh-87      [003] ...1.    24.521483: try_to_wake_up <-wake_up_q
          <idle>-0       [000] d.h2.    24.521483: place_entity <-enqueue_task_fair
              sh-87      [003] ...2.    24.521483: _raw_spin_lock_irqsave <-try_to_wake_up
          <idle>-0       [000] d.h2.    24.521484: avg_vruntime <-place_entity
              sh-87      [003] d..3.    24.521484: _raw_spin_unlock_irqrestore <-try_to_wake_up
          <idle>-0       [000] d.h2.    24.521484: __enqueue_entity <-enqueue_task_fair
              sh-87      [003] .....    24.521484: module_put <-__fput
              sh-87      [003] .....    24.521484: file_f_owner_release <-__fput
          <idle>-0       [000] d.h2.    24.521484: dl_server_start <-enqueue_task_fair
              sh-87      [003] .....    24.521484: mnt_put_write_access <-__fput
          <idle>-0       [000] d.h2.    24.521484: psi_task_change <-enqueue_task
              sh-87      [003] .....    24.521485: dput <-__fput
          <idle>-0       [000] d.h2.    24.521485: psi_flags_change <-psi_task_change
              sh-87      [003] .....    24.521485: dput.part.0 <-__fput
          <idle>-0       [000] d.h2.    24.521485: psi_group_change <-psi_task_change
              sh-87      [003] .....    24.521485: __rcu_read_lock <-dput.part.0
          <idle>-0       [000] d.h2.    24.521485: record_times <-psi_group_change
              sh-87      [003] .....    24.521485: __rcu_read_unlock <-__fput
          <idle>-0       [000] d.h2.    24.521485: wakeup_preempt <-ttwu_do_activate
              sh-87      [003] .....    24.521485: mntput <-__fput
          <idle>-0       [000] d.h2.    24.521485: wakeup_preempt_idle <-wakeup_preempt
              sh-87      [003] .....    24.521486: __rcu_read_lock <-mntput
          <idle>-0       [000] d.h2.    24.521486: resched_curr <-wakeup_preempt
              sh-87      [003] .....    24.521486: __rcu_read_unlock <-__fput
          <idle>-0       [000] d.h2.    24.521486: __resched_curr <-wakeup_preempt
              sh-87      [003] .....    24.521486: security_file_free <-__fput
          <idle>-0       [000] dNh2.    24.521486: __resched_curr <-wakeup_preempt
              sh-87      [003] .....    24.521486: hook_file_free_security <-security_file_free
              sh-87      [003] .....    24.521486: put_pid <-hook_file_free_security
          <idle>-0       [000] dNh2.    24.521486: _raw_spin_unlock <-sched_ttwu_pending
              sh-87      [003] .....    24.521486: landlock_put_ruleset_deferred <-security_file_free
              sh-87      [003] .....    24.521487: bpf_lsm_file_free_security <-security_file_free
          <idle>-0       [000] dNh1.    24.521487: irq_exit_rcu <-sysvec_call_function_single
          <idle>-0       [000] dNh1.    24.521487: irqtime_account_irq <-__irq_exit_rcu
              sh-87      [003] .....    24.521487: kmem_cache_free <-__fput
          <idle>-0       [000] dN.1.    24.521487: sched_core_idle_cpu <-__irq_exit_rcu
              sh-87      [003] .....    24.521487: kmem_cache_free <-task_work_run
              sh-87      [003] .....    24.521487: blkcg_maybe_throttle_current <-exit_to_user_mode_loop
          <idle>-0       [000] .N.1.    24.521488: tick_nohz_idle_got_tick <-do_idle
          <idle>-0       [000] .N.1.    24.521488: arch_cpu_idle_exit <-do_idle
          <idle>-0       [000] .N.1.    24.521488: tick_nohz_idle_exit <-do_idle
          <idle>-0       [000] .N.1.    24.521488: flush_smp_call_function_queue <-do_idle
              sh-87      [003] .....    24.521488: __x64_sys_close <-do_syscall_64
          <idle>-0       [000] .N.1.    24.521488: schedule_idle <-cpu_startup_entry
          <idle>-0       [000] dN.1.    24.521488: rcu_note_context_switch <-__schedule
              sh-87      [003] .....    24.521488: file_close_fd <-__x64_sys_close
          <idle>-0       [000] dN.1.    24.521489: migrate_disable_switch.isra.0 <-__schedule
              sh-87      [003] .....    24.521489: _raw_spin_lock <-file_close_fd
          <idle>-0       [000] dN.1.    24.521489: raw_spin_rq_lock_nested <-__schedule
              sh-87      [003] ...1.    24.521489: file_close_fd_locked <-file_close_fd
          <idle>-0       [000] dN.2.    24.521489: _raw_spin_lock <-raw_spin_rq_lock_nested
              sh-87      [003] ...1.    24.521489: _raw_spin_unlock <-file_close_fd
          <idle>-0       [000] dN.2.    24.521489: update_rq_clock <-__schedule
              sh-87      [003] .....    24.521489: filp_flush <-__x64_sys_close
          <idle>-0       [000] dN.2.    24.521489: pick_next_task_fair <-__schedule
              sh-87      [003] .....    24.521489: dnotify_flush <-filp_flush
          <idle>-0       [000] dN.2.    24.521489: pick_task_fair <-pick_next_task_fair
              sh-87      [003] .....    24.521490: locks_remove_posix <-filp_flush
          <idle>-0       [000] dN.2.    24.521490: pick_eevdf <-pick_task_fair
              sh-87      [003] .....    24.521490: fput_close_sync <-__x64_sys_close
          <idle>-0       [000] dN.2.    24.521490: put_prev_task_idle <-pick_next_task_fair
          <idle>-0       [000] dN.2.    24.521490: update_curr_idle <-put_prev_task_idle
          <idle>-0       [000] dN.2.    24.521490: update_curr_dl_se <-update_curr_idle
          <idle>-0       [000] dN.2.    24.521490: update_rq_avg_idle <-pick_next_task_fair
          <idle>-0       [000] dN.2.    24.521491: set_next_task_fair <-pick_next_task_fair
          <idle>-0       [000] dN.2.    24.521491: set_next_entity <-set_next_task_fair
          <idle>-0       [000] dN.2.    24.521491: __dequeue_entity <-set_next_entity
          <idle>-0       [000] dN.2.    24.521491: __update_load_avg_se <-update_load_avg
          <idle>-0       [000] dN.2.    24.521491: __update_load_avg_cfs_rq <-update_cfs_rq_load_avg
          <idle>-0       [000] dN.2.    24.521492: __set_next_task_fair.part.0 <-pick_next_task_fair
          <idle>-0       [000] dN.2.    24.521492: hrtick_start_fair <-__set_next_task_fair.part.0
          <idle>-0       [000] d..2.    24.521492: psi_account_irqtime <-__schedule
          <idle>-0       [000] d..2.    24.521492: psi_task_switch <-__schedule
          <idle>-0       [000] d..2.    24.521492: psi_flags_change <-psi_task_switch
          <idle>-0       [000] d..2.    24.521493: psi_group_change <-psi_task_switch
          <idle>-0       [000] d..2.    24.521493: record_times <-psi_group_change
          <idle>-0       [000] d..2.    24.521493: switch_mm_irqs_off <-__schedule
          <idle>-0       [000] d..2.    24.521493: mm_needs_global_asid <-switch_mm_irqs_off
             cat-467     [000] d..2.    24.521494: finish_task_switch.isra.0 <-__schedule
             cat-467     [000] d..2.    24.521494: _raw_spin_unlock <-finish_task_switch.isra.0
             cat-467     [000] ...1.    24.521494: _raw_spin_lock_irqsave <-__mutex_lock.constprop.0
             cat-467     [000] d..2.    24.521495: _raw_spin_lock <-__mutex_lock.constprop.0
             cat-467     [000] d..3.    24.521495: _raw_spin_unlock <-__mutex_lock.constprop.0
             cat-467     [000] d..2.    24.521495: __mutex_remove_waiter <-__mutex_lock.constprop.0
             cat-467     [000] d..3.    24.521495: _raw_spin_unlock_irqrestore <-__mutex_lock.constprop.0
             cat-467     [000] ...2.    24.521495: wake_up_q <-__mutex_lock.constprop.0
             cat-467     [000] .....    24.521496: mutex_unlock <-trace_array_get
             cat-467     [000] .....    24.521496: mutex_lock <-tracing_open_pipe
              sh-87      [003] .....    24.521496: __x64_sys_open <-do_syscall_64
             cat-467     [000] .....    24.521496: __kmalloc_large_noprof <-tracing_open_pipe
             cat-467     [000] .....    24.521496: ___kmalloc_large_node <-__kmalloc_large_noprof
              sh-87      [003] .....    24.521496: do_sys_openat2 <-__x64_sys_open
             cat-467     [000] .....    24.521497: alloc_frozen_pages_noprof <-___kmalloc_large_node
              sh-87      [003] .....    24.521497: getname_flags <-do_sys_openat2
             cat-467     [000] .....    24.521497: alloc_pages_mpol <-___kmalloc_large_node
              sh-87      [003] .....    24.521497: do_getname <-do_sys_openat2
             cat-467     [000] .....    24.521497: policy_nodemask <-alloc_pages_mpol
              sh-87      [003] .....    24.521497: kmem_cache_alloc_noprof <-do_getname
             cat-467     [000] .....    24.521497: __alloc_frozen_pages_noprof <-alloc_pages_mpol
              sh-87      [003] .....    24.521497: __check_object_size <-strncpy_from_user
             cat-467     [000] .....    24.521498: get_page_from_freelist <-__alloc_frozen_pages_noprof
              sh-87      [003] .....    24.521498: check_stack_object <-__check_object_size
             cat-467     [000] .....    24.521498: __zone_watermark_ok <-get_page_from_freelist
              sh-87      [003] .....    24.521498: is_vmalloc_addr <-__check_object_size
             cat-467     [000] ...1.    24.521498: _raw_spin_trylock <-get_page_from_freelist
              sh-87      [003] .....    24.521498: __virt_addr_valid <-__check_object_size
              sh-87      [003] .....    24.521498: __check_heap_object <-__check_object_size
             cat-467     [000] ...2.    24.521499: _raw_spin_unlock <-get_page_from_freelist
              sh-87      [003] .....    24.521499: get_unused_fd_flags <-do_sys_openat2
             cat-467     [000] .....    24.521499: kernel_init_pages <-get_page_from_freelist
              sh-87      [003] .....    24.521499: alloc_fd <-do_sys_openat2
              sh-87      [003] .....    24.521499: _raw_spin_lock <-alloc_fd
              sh-87      [003] ...1.    24.521499: _raw_spin_unlock <-alloc_fd
              sh-87      [003] .....    24.521500: do_file_open <-do_sys_openat2
              sh-87      [003] .....    24.521500: path_openat <-do_file_open
              sh-87      [003] .....    24.521500: alloc_empty_file <-path_openat
              sh-87      [003] .....    24.521500: kmem_cache_alloc_noprof <-alloc_empty_file
             cat-467     [000] .....    24.521500: lruvec_stat_mod_folio <-___kmalloc_large_node
             cat-467     [000] .....    24.521500: __rcu_read_lock <-lruvec_stat_mod_folio
              sh-87      [003] .....    24.521500: init_file <-alloc_empty_file
             cat-467     [000] .....    24.521501: __rcu_read_unlock <-lruvec_stat_mod_folio
              sh-87      [003] .....    24.521501: security_file_alloc <-init_file
             cat-467     [000] .....    24.521501: mod_node_page_state <-___kmalloc_large_node
              sh-87      [003] .....    24.521501: kmem_cache_alloc_noprof <-security_file_alloc
              sh-87      [003] .....    24.521501: hook_file_alloc_security <-security_file_alloc
             cat-467     [000] .....    24.521501: __kmalloc_node_noprof <-alloc_cpumask_var_node
              sh-87      [003] .....    24.521501: bpf_lsm_file_alloc_security <-security_file_alloc
              sh-87      [003] .....    24.521501: mutex_init_generic <-init_file
              sh-87      [003] .....    24.521502: path_init <-path_openat
             cat-467     [000] .....    24.521502: mutex_init_generic <-tracing_open_pipe
              sh-87      [003] .....    24.521502: __rcu_read_lock <-path_init
             cat-467     [000] .....    24.521502: nonseekable_open <-tracing_open_pipe
              sh-87      [003] .....    24.521502: nd_jump_root <-path_init
             cat-467     [000] .....    24.521502: mutex_unlock <-tracing_open_pipe
              sh-87      [003] .....    24.521502: set_root <-nd_jump_root
             cat-467     [000] .....    24.521502: file_ra_state_init <-do_dentry_open
              sh-87      [003] .....    24.521502: link_path_walk <-path_openat
             cat-467     [000] .....    24.521503: inode_to_bdi <-file_ra_state_init
              sh-87      [003] .....    24.521503: security_inode_permission <-link_path_walk
              sh-87      [003] .....    24.521503: bpf_lsm_inode_permission <-security_inode_permission
              sh-87      [003] .....    24.521503: lookup_fast <-link_path_walk
             cat-467     [000] .....    24.521503: security_file_post_open <-path_openat
              sh-87      [003] .....    24.521503: __d_lookup_rcu <-lookup_fast
             cat-467     [000] .....    24.521503: bpf_lsm_file_post_open <-security_file_post_open
             cat-467     [000] .....    24.521504: terminate_walk <-path_openat
              sh-87      [003] .....    24.521504: security_inode_permission <-link_path_walk
              sh-87      [003] .....    24.521504: bpf_lsm_inode_permission <-security_inode_permission
             cat-467     [000] .....    24.521504: dput <-terminate_walk
             cat-467     [000] .....    24.521504: dput.part.0 <-terminate_walk
              sh-87      [003] .....    24.521504: make_vfsuid <-link_path_walk
             cat-467     [000] .....    24.521504: __rcu_read_lock <-dput.part.0
              sh-87      [003] .....    24.521504: lookup_fast <-path_openat
             cat-467     [000] .....    24.521504: __rcu_read_unlock <-terminate_walk
              sh-87      [003] .....    24.521504: __d_lookup_rcu <-lookup_fast
             cat-467     [000] .....    24.521504: mntput <-terminate_walk
              sh-87      [003] .....    24.521505: complete_walk <-path_openat
             cat-467     [000] .....    24.521505: __rcu_read_lock <-mntput
              sh-87      [003] .....    24.521505: try_to_unlazy <-complete_walk
             cat-467     [000] .....    24.521505: __rcu_read_unlock <-terminate_walk
              sh-87      [003] .....    24.521505: __legitimize_path <-try_to_unlazy
              sh-87      [003] .....    24.521505: __legitimize_mnt <-__legitimize_path
             cat-467     [000] .....    24.521505: fd_install <-do_sys_openat2
              sh-87      [003] .....    24.521505: __rcu_read_unlock <-try_to_unlazy
             cat-467     [000] .....    24.521505: putname <-do_sys_openat2
             cat-467     [000] .....    24.521506: kmem_cache_free <-do_sys_openat2
              sh-87      [003] .....    24.521506: may_open <-path_openat
              sh-87      [003] .....    24.521506: inode_permission <-may_open
             cat-467     [000] d....    24.521506: switch_fpu_return <-do_syscall_64
              sh-87      [003] .....    24.521506: make_vfsuid <-inode_permission
              sh-87      [003] .....    24.521506: make_vfsgid <-inode_permission
              sh-87      [003] .....    24.521506: generic_permission <-inode_permission
              sh-87      [003] .....    24.521507: make_vfsuid <-generic_permission
              sh-87      [003] .....    24.521507: security_inode_permission <-may_open
              sh-87      [003] .....    24.521507: bpf_lsm_inode_permission <-security_inode_permission
              sh-87      [003] .....    24.521507: vfs_open <-path_openat
              sh-87      [003] .....    24.521507: do_dentry_open <-vfs_open
              sh-87      [003] .....    24.521507: path_get <-do_dentry_open
              sh-87      [003] .....    24.521508: mntget <-path_get
             cat-467     [000] .....    24.521508: __x64_sys_sendfile64 <-do_syscall_64
              sh-87      [003] .....    24.521508: mnt_get_write_access <-do_dentry_open
             cat-467     [000] .....    24.521508: do_sendfile <-__x64_sys_sendfile64
              sh-87      [003] .....    24.521508: try_module_get <-do_dentry_open
             cat-467     [000] .....    24.521508: fdget <-do_sendfile
              sh-87      [003] .....    24.521508: security_file_open <-do_dentry_open
             cat-467     [000] .....    24.521508: rw_verify_area <-do_sendfile
              sh-87      [003] .....    24.521509: hook_file_open <-security_file_open
             cat-467     [000] .....    24.521509: security_file_permission <-rw_verify_area
              sh-87      [003] .....    24.521509: bpf_lsm_file_open <-security_file_open
             cat-467     [000] .....    24.521509: bpf_lsm_file_permission <-security_file_permission
              sh-87      [003] .....    24.521509: fsnotify_open_perm_and_set_mode <-do_dentry_open
             cat-467     [000] .....    24.521509: fdget <-do_sendfile
             cat-467     [000] .....    24.521509: get_pipe_info <-do_sendfile
              sh-87      [003] .....    24.521509: shmem_file_open <-do_dentry_open
             cat-467     [000] .....    24.521509: rw_verify_area <-do_sendfile
             cat-467     [000] .....    24.521510: security_file_permission <-rw_verify_area
             cat-467     [000] .....    24.521510: bpf_lsm_file_permission <-security_file_permission
             cat-467     [000] .....    24.521510: do_splice_direct <-do_sendfile
             cat-467     [000] .....    24.521510: splice_direct_to_actor <-do_splice_direct
             cat-467     [000] .....    24.521511: __x64_sys_mmap <-do_syscall_64
             cat-467     [000] .....    24.521511: ksys_mmap_pgoff <-do_syscall_64
             cat-467     [000] .....    24.521512: vm_mmap_pgoff <-do_syscall_64
             cat-467     [000] .....    24.521512: security_mmap_file <-vm_mmap_pgoff
             cat-467     [000] .....    24.521512: bpf_lsm_mmap_file <-security_mmap_file
             cat-467     [000] .....    24.521512: down_write_killable <-vm_mmap_pgoff
             cat-467     [000] .....    24.521512: do_mmap <-vm_mmap_pgoff
             cat-467     [000] .....    24.521513: __get_unmapped_area <-do_mmap
             cat-467     [000] .....    24.521513: mm_get_unmapped_area_vmflags <-__get_unmapped_area
             cat-467     [000] .....    24.521513: arch_get_unmapped_area_topdown <-__get_unmapped_area
             cat-467     [000] .....    24.521513: get_mmap_base <-arch_get_unmapped_area_topdown
             cat-467     [000] .....    24.521513: vm_unmapped_area <-arch_get_unmapped_area_topdown
             cat-467     [000] .....    24.521513: unmapped_area_topdown <-vm_unmapped_area
             cat-467     [000] .....    24.521514: security_mmap_addr <-__get_unmapped_area
             cat-467     [000] .....    24.521515: cap_mmap_addr <-security_mmap_addr
             cat-467     [000] .....    24.521515: bpf_lsm_mmap_addr <-security_mmap_addr
             cat-467     [000] .....    24.521515: mmap_region <-do_mmap
          <idle>-0       [001] .N.1.    24.521837: tick_nohz_idle_got_tick <-do_idle
          <idle>-0       [001] .N.1.    24.521838: arch_cpu_idle_exit <-do_idle
          <idle>-0       [001] .N.1.    24.521838: tick_nohz_idle_exit <-do_idle
          <idle>-0       [001] dN.1.    24.521838: ktime_get <-tick_nohz_idle_exit
          <idle>-0       [001] dN.1.    24.521838: tick_nohz_stop_idle <-tick_nohz_idle_exit
          <idle>-0       [001] dN.1.    24.521839: nr_iowait_cpu <-tick_nohz_stop_idle
          <idle>-0       [001] dN.1.    24.521839: tick_nohz_restart_sched_tick <-tick_nohz_idle_exit
          <idle>-0       [001] dN.1.    24.521839: tick_do_update_jiffies64 <-tick_nohz_restart_sched_tick
          <idle>-0       [001] dN.1.    24.521839: timer_clear_idle <-tick_nohz_restart_sched_tick
          <idle>-0       [001] dN.1.    24.521839: tmigr_cpu_activate <-tick_nohz_restart_sched_tick
          <idle>-0       [001] dN.1.    24.521839: _raw_spin_lock <-tmigr_cpu_activate
          <idle>-0       [001] dN.2.    24.521840: __tmigr_cpu_activate <-tmigr_cpu_activate
          <idle>-0       [001] dN.2.    24.521840: tmigr_active_up <-__tmigr_cpu_activate
          <idle>-0       [001] dN.2.    24.521840: _raw_spin_unlock <-tick_nohz_restart_sched_tick
          <idle>-0       [001] dN.1.    24.521840: calc_load_nohz_stop <-tick_nohz_restart_sched_tick
          <idle>-0       [001] dN.1.    24.521840: hrtimer_start_range_ns <-tick_nohz_restart_sched_tick
          <idle>-0       [001] dN.1.    24.521840: _raw_spin_lock_irqsave <-hrtimer_start_range_ns
          <idle>-0       [001] dN.2.    24.521841: hrtimer_update_next_event <-hrtimer_start_range_ns
          <idle>-0       [001] dN.2.    24.521841: hrtimer_bases_first <-hrtimer_update_next_event
          <idle>-0       [001] dN.2.    24.521841: __hrtimer_reprogram.part.0 <-hrtimer_start_range_ns
          <idle>-0       [001] dN.2.    24.521841: tick_program_event <-hrtimer_start_range_ns
          <idle>-0       [001] dN.2.    24.521841: clockevents_program_event <-hrtimer_start_range_ns
          <idle>-0       [001] dN.2.    24.521841: ktime_expiry_to_cycles <-clockevents_program_event
          <idle>-0       [001] dN.2.    24.521842: ktime_get <-clockevents_program_event
          <idle>-0       [001] dN.2.    24.521842: lapic_next_deadline <-clockevents_program_event
          <idle>-0       [001] dN.2.    24.521843: _raw_spin_unlock_irqrestore <-tick_nohz_restart_sched_tick
          <idle>-0       [001] dN.1.    24.521844: tick_nohz_account_idle_time <-tick_nohz_idle_exit
          <idle>-0       [001] dN.1.    24.521844: account_idle_ticks <-tick_nohz_idle_exit
          <idle>-0       [001] dN.1.    24.521844: irqtime_account_process_tick <-tick_nohz_idle_exit
          <idle>-0       [001] dN.1.    24.521844: kvm_steal_clock <-irqtime_account_process_tick
          <idle>-0       [001] .N.1.    24.521844: flush_smp_call_function_queue <-do_idle
          <idle>-0       [001] .N.1.    24.521844: schedule_idle <-cpu_startup_entry
          <idle>-0       [001] dN.1.    24.521845: rcu_note_context_switch <-__schedule
          <idle>-0       [001] dN.1.    24.521845: migrate_disable_switch.isra.0 <-__schedule
          <idle>-0       [001] dN.1.    24.521845: raw_spin_rq_lock_nested <-__schedule
          <idle>-0       [001] dN.2.    24.521845: _raw_spin_lock <-raw_spin_rq_lock_nested
          <idle>-0       [001] dN.2.    24.521845: update_rq_clock <-__schedule
          <idle>-0       [001] dN.2.    24.521845: pick_next_task_fair <-__schedule
          <idle>-0       [001] dN.2.    24.521846: pick_task_fair <-pick_next_task_fair
          <idle>-0       [001] dN.2.    24.521846: pick_eevdf <-pick_task_fair
          <idle>-0       [001] dN.2.    24.521846: put_prev_task_idle <-pick_next_task_fair
          <idle>-0       [001] dN.2.    24.521846: update_curr_idle <-put_prev_task_idle
          <idle>-0       [001] dN.2.    24.521846: update_curr_dl_se <-update_curr_idle
          <idle>-0       [001] dN.2.    24.521847: hrtimer_try_to_cancel <-update_curr_dl_se
          <idle>-0       [001] dN.2.    24.521847: hrtimer_active <-hrtimer_try_to_cancel
          <idle>-0       [001] dN.2.    24.521847: hrtimer_try_to_cancel.part.0 <-update_curr_dl_se
          <idle>-0       [001] dN.2.    24.521847: _raw_spin_lock_irqsave <-hrtimer_try_to_cancel.part.0
          <idle>-0       [001] dN.3.    24.521847: __remove_hrtimer <-hrtimer_try_to_cancel.part.0
          <idle>-0       [001] dN.3.    24.521847: _raw_spin_unlock_irqrestore <-hrtimer_try_to_cancel.part.0
          <idle>-0       [001] dN.2.    24.521848: start_dl_timer <-update_curr_dl_se
          <idle>-0       [001] dN.2.    24.521848: ktime_get <-start_dl_timer
          <idle>-0       [001] dN.2.    24.521848: hrtimer_start_range_ns <-start_dl_timer
          <idle>-0       [001] dN.2.    24.521848: _raw_spin_lock_irqsave <-hrtimer_start_range_ns
          <idle>-0       [001] dN.3.    24.521848: tick_nohz_tick_stopped <-hrtimer_start_range_ns
          <idle>-0       [001] dN.3.    24.521849: _raw_spin_unlock_irqrestore <-start_dl_timer
          <idle>-0       [001] dN.2.    24.521849: update_rq_avg_idle <-pick_next_task_fair
          <idle>-0       [001] dN.2.    24.521849: set_next_task_fair <-pick_next_task_fair
          <idle>-0       [001] dN.2.    24.521849: set_next_entity <-set_next_task_fair
          <idle>-0       [001] dN.2.    24.521849: __dequeue_entity <-set_next_entity
          <idle>-0       [001] dN.2.    24.521849: __update_load_avg_se <-update_load_avg
          <idle>-0       [001] dN.2.    24.521850: __update_load_avg_cfs_rq <-update_cfs_rq_load_avg
          <idle>-0       [001] dN.2.    24.521850: __set_next_task_fair.part.0 <-pick_next_task_fair
          <idle>-0       [001] dN.2.    24.521850: hrtick_start_fair <-__set_next_task_fair.part.0
          <idle>-0       [001] d..2.    24.521850: psi_account_irqtime <-__schedule
          <idle>-0       [001] d..2.    24.521850: psi_task_switch <-__schedule
          <idle>-0       [001] d..2.    24.521850: psi_flags_change <-psi_task_switch
          <idle>-0       [001] d..2.    24.521851: psi_group_change <-psi_task_switch
          <idle>-0       [001] d..2.    24.521851: record_times <-psi_group_change
          <idle>-0       [001] d..2.    24.521851: switch_mm_irqs_off <-__schedule
          <idle>-0       [001] d..2.    24.521852: choose_new_asid <-switch_mm_irqs_off
          <idle>-0       [001] d..2.    24.521852: switch_ldt <-__schedule
       multitask-468     [001] d..2.    24.521852: ret_from_fork <-ret_from_fork_asm
       multitask-468     [001] d..2.    24.521853: schedule_tail <-ret_from_fork
       multitask-468     [001] d..2.    24.521853: finish_task_switch.isra.0 <-schedule_tail
       multitask-468     [001] d..2.    24.521853: _raw_spin_unlock <-finish_task_switch.isra.0
       multitask-468     [001] ...1.    24.521853: __mmdrop <-finish_task_switch.isra.0
       multitask-468     [001] ...1.    24.521853: pgd_free <-__mmdrop
       multitask-468     [001] ...1.    24.521853: _raw_spin_lock <-pgd_free
       multitask-468     [001] ...2.    24.521854: _raw_spin_unlock <-pgd_free
       multitask-468     [001] ...1.    24.521854: lruvec_stat_mod_folio <-pgd_free
       multitask-468     [001] ...1.    24.521854: __rcu_read_lock <-lruvec_stat_mod_folio
       multitask-468     [001] ...1.    24.521854: __rcu_read_unlock <-lruvec_stat_mod_folio
       multitask-468     [001] ...1.    24.521854: mod_node_page_state <-pgd_free
       multitask-468     [001] ...1.    24.521855: __free_pages <-__mmdrop
       multitask-468     [001] ...1.    24.521855: ___free_pages <-__mmdrop
       multitask-468     [001] ...1.    24.521855: __free_frozen_pages <-__mmdrop
       multitask-468     [001] ...1.    24.521855: __get_pfnblock_flags_mask.isra.0 <-__free_frozen_pages
       multitask-468     [001] ...2.    24.521855: _raw_spin_trylock <-__free_frozen_pages
       multitask-468     [001] ...3.    24.521856: free_frozen_page_commit <-__free_frozen_pages
       multitask-468     [001] ...3.    24.521856: _raw_spin_unlock <-__free_frozen_pages
       multitask-468     [001] ...1.    24.521856: _raw_spin_lock_irqsave <-ida_free
       multitask-468     [001] d..2.    24.521856: _raw_spin_unlock_irqrestore <-ida_free
       multitask-468     [001] ...1.    24.521857: destroy_context_ldt <-__mmdrop
       multitask-468     [001] ...1.    24.521857: mm_free_global_asid <-__mmdrop
       multitask-468     [001] ...1.    24.521857: _raw_spin_lock_irqsave <-__percpu_counter_sum
       multitask-468     [001] d..2.    24.521857: _raw_spin_unlock_irqrestore <-__percpu_counter_sum
       multitask-468     [001] ...1.    24.521857: _raw_spin_lock_irqsave <-__percpu_counter_sum
       multitask-468     [001] d..2.    24.521858: _raw_spin_unlock_irqrestore <-__percpu_counter_sum
       multitask-468     [001] ...1.    24.521858: _raw_spin_lock_irqsave <-__percpu_counter_sum
       multitask-468     [001] d..2.    24.521858: _raw_spin_unlock_irqrestore <-__percpu_counter_sum
       multitask-468     [001] ...1.    24.521858: _raw_spin_lock_irqsave <-__percpu_counter_sum
       multitask-468     [001] d..2.    24.521858: _raw_spin_unlock_irqrestore <-__percpu_counter_sum
       multitask-468     [001] ...1.    24.521858: mm_pasid_drop <-__mmdrop
       multitask-468     [001] ...1.    24.521859: free_percpu <-__mmdrop
       multitask-468     [001] ...1.    24.521859: vmalloc_to_page <-free_percpu
       multitask-468     [001] ...1.    24.521859: _raw_spin_lock_irqsave <-free_percpu
       multitask-468     [001] d..2.    24.521859: pcpu_free_area <-free_percpu
       multitask-468     [001] d..2.    24.521860: pcpu_chunk_slot <-pcpu_free_area
       multitask-468     [001] d..2.    24.521860: pcpu_block_update <-pcpu_free_area
       multitask-468     [001] d..2.    24.521860: pcpu_block_update <-pcpu_free_area
       multitask-468     [001] d..2.    24.521860: pcpu_chunk_relocate <-pcpu_free_area
       multitask-468     [001] d..2.    24.521861: _raw_spin_unlock_irqrestore <-free_percpu
       multitask-468     [001] ...1.    24.521861: _raw_spin_lock_irqsave <-percpu_counter_destroy_many
       multitask-468     [001] d..2.    24.521861: _raw_spin_unlock_irqrestore <-percpu_counter_destroy_many
       multitask-468     [001] ...1.    24.521861: free_percpu <-percpu_counter_destroy_many
       multitask-468     [001] ...1.    24.521861: vmalloc_to_page <-free_percpu
       multitask-468     [001] ...1.    24.521862: _raw_spin_lock_irqsave <-free_percpu
       multitask-468     [001] d..2.    24.521862: pcpu_free_area <-free_percpu
       multitask-468     [001] d..2.    24.521862: pcpu_chunk_slot <-pcpu_free_area
       multitask-468     [001] d..2.    24.521862: pcpu_block_update <-pcpu_free_area
       multitask-468     [001] d..2.    24.521862: pcpu_block_update <-pcpu_free_area
       multitask-468     [001] d..2.    24.521862: pcpu_chunk_relocate <-pcpu_free_area
       multitask-468     [001] d..2.    24.521863: _raw_spin_unlock_irqrestore <-free_percpu
       multitask-468     [001] ...1.    24.521863: kmem_cache_free <-finish_task_switch.isra.0
       multitask-468     [001] .....    24.521863: calculate_sigpending <-ret_from_fork
       multitask-468     [001] .....    24.521863: _raw_spin_lock_irq <-calculate_sigpending
       multitask-468     [001] d..1.    24.521864: recalc_sigpending <-calculate_sigpending
       multitask-468     [001] d..1.    24.521864: _raw_spin_unlock_irq <-ret_from_fork
       multitask-468     [001] d....    24.521864: switch_fpu_return <-ret_from_fork
       multitask-468     [001] d....    24.521864: restore_fpregs_from_fpstate <-switch_fpu_return
       multitask-468     [001] .....    24.521865: lock_vma_under_rcu <-do_user_addr_fault
       multitask-468     [001] .....    24.521866: __rcu_read_lock <-lock_vma_under_rcu
       multitask-468     [001] .....    24.521866: __rcu_read_unlock <-lock_vma_under_rcu
       multitask-468     [001] .....    24.521866: handle_mm_fault <-do_user_addr_fault
       multitask-468     [001] .....    24.521866: __handle_mm_fault <-handle_mm_fault
       multitask-468     [001] .....    24.521867: pte_offset_map_rw_nolock <-__handle_mm_fault
       multitask-468     [001] .....    24.521867: __pte_offset_map <-pte_offset_map_rw_nolock
       multitask-468     [001] .....    24.521867: __rcu_read_lock <-__pte_offset_map
       multitask-468     [001] .....    24.521867: __rcu_read_unlock <-__handle_mm_fault
       multitask-468     [001] .....    24.521868: do_fault <-__handle_mm_fault
       multitask-468     [001] .....    24.521868: __rcu_read_lock <-do_fault
       multitask-468     [001] .....    24.521868: filemap_map_pages <-do_fault
       multitask-468     [001] .....    24.521868: __rcu_read_lock <-filemap_map_pages
       multitask-468     [001] .....    24.521868: next_uptodate_folio <-filemap_map_pages
       multitask-468     [001] .....    24.521869: pte_offset_map_lock <-filemap_map_pages
CPU:3 [LOST 1885 EVENTS]
          <idle>-0       [003] d.s2.    24.522407: _raw_spin_unlock <-rq_unlock_irqrestore
          <idle>-0       [003] ..s1.    24.522407: sched_balance_domains <-handle_softirqs
          <idle>-0       [003] ..s1.    24.522407: __rcu_read_lock <-sched_balance_domains
          <idle>-0       [003] ..s1.    24.522407: __msecs_to_jiffies <-sched_balance_domains
          <idle>-0       [003] ..s1.    24.522407: sched_balance_rq <-sched_balance_domains
          <idle>-0       [003] ..s1.    24.522408: idle_cpu <-sched_balance_rq
          <idle>-0       [003] ..s1.    24.522408: sched_balance_find_src_group <-sched_balance_rq
          <idle>-0       [003] ..s1.    24.522408: update_group_capacity <-update_sd_lb_stats.constprop.0
          <idle>-0       [003] ..s1.    24.522408: __msecs_to_jiffies <-update_group_capacity
          <idle>-0       [003] ..s1.    24.522408: arch_scale_cpu_capacity <-update_group_capacity
          <idle>-0       [003] ..s1.    24.522408: cpu_util <-update_sd_lb_stats.constprop.0
          <idle>-0       [003] ..s1.    24.522408: arch_scale_cpu_capacity <-cpu_util
          <idle>-0       [003] ..s1.    24.522409: idle_cpu <-update_sd_lb_stats.constprop.0
          <idle>-0       [003] ..s1.    24.522409: cpu_util <-update_sd_lb_stats.constprop.0
          <idle>-0       [003] ..s1.    24.522409: arch_scale_cpu_capacity <-cpu_util
          <idle>-0       [003] ..s1.    24.522409: arch_scale_cpu_capacity <-update_sd_lb_stats.constprop.0
          <idle>-0       [003] ..s1.    24.522409: sched_use_asym_prio.isra.0 <-update_sd_lb_stats.constprop.0
          <idle>-0       [003] ..s1.    24.522409: cpu_util <-update_sd_lb_stats.constprop.0
          <idle>-0       [003] ..s1.    24.522410: arch_scale_cpu_capacity <-cpu_util
          <idle>-0       [003] ..s1.    24.522410: arch_scale_cpu_capacity <-update_sd_lb_stats.constprop.0
          <idle>-0       [003] ..s1.    24.522410: sched_use_asym_prio.isra.0 <-update_sd_lb_stats.constprop.0
          <idle>-0       [003] ..s1.    24.522410: cpu_util <-update_sd_lb_stats.constprop.0
          <idle>-0       [003] ..s1.    24.522410: arch_scale_cpu_capacity <-cpu_util
          <idle>-0       [003] ..s1.    24.522410: idle_cpu <-update_sd_lb_stats.constprop.0
          <idle>-0       [003] ..s1.    24.522410: __msecs_to_jiffies <-sched_balance_domains
          <idle>-0       [003] ..s1.    24.522411: __rcu_read_unlock <-sched_balance_domains
          <idle>-0       [002] d..1.    24.522411: irq_enter_rcu <-sysvec_call_function_single
          <idle>-0       [003] ..s1.    24.522411: rcu_core_si <-handle_softirqs
          <idle>-0       [003] ..s1.    24.522411: rcu_core <-handle_softirqs
          <idle>-0       [003] ..s1.    24.522411: note_gp_changes <-rcu_core
          <idle>-0       [002] d.h1.    24.522411: tick_irq_enter <-irq_enter_rcu
          <idle>-0       [003] d.s1.    24.522411: _raw_spin_trylock <-note_gp_changes
          <idle>-0       [003] d.s2.    24.522411: __note_gp_changes <-note_gp_changes
          <idle>-0       [002] d.h1.    24.522411: tick_check_oneshot_broadcast_this_cpu <-tick_irq_enter
          <idle>-0       [003] d.s2.    24.522411: rcu_segcblist_pend_cbs <-__note_gp_changes
          <idle>-0       [002] d.h1.    24.522411: ktime_get <-tick_irq_enter
          <idle>-0       [003] d.s2.    24.522412: _raw_spin_unlock_irqrestore <-note_gp_changes
          <idle>-0       [003] ..s1.    24.522412: rcu_segcblist_ready_cbs <-rcu_core
          <idle>-0       [002] d.h1.    24.522412: tick_nohz_stop_idle <-tick_irq_enter
          <idle>-0       [003] ..s1.    24.522412: do_nocb_deferred_wakeup.isra.0 <-rcu_core
          <idle>-0       [002] d.h1.    24.522412: nr_iowait_cpu <-tick_nohz_stop_idle
          <idle>-0       [003] d.s1.    24.522412: irqtime_account_irq <-handle_softirqs
          <idle>-0       [002] d.h1.    24.522412: tick_do_update_jiffies64 <-tick_irq_enter
          <idle>-0       [003] d..1.    24.522412: sched_core_idle_cpu <-__irq_exit_rcu
          <idle>-0       [002] d.h1.    24.522412: irqtime_account_irq <-sysvec_call_function_single
          <idle>-0       [003] d..1.    24.522412: tick_nohz_irq_exit <-sysvec_apic_timer_interrupt
          <idle>-0       [003] d..1.    24.522412: ktime_get <-tick_nohz_irq_exit
          <idle>-0       [002] d.h1.    24.522412: __sysvec_call_function_single <-sysvec_call_function_single
          <idle>-0       [002] d.h1.    24.522413: generic_smp_call_function_single_interrupt <-__sysvec_call_function_single
          <idle>-0       [003] ...1.    24.522413: tick_nohz_idle_got_tick <-do_idle
          <idle>-0       [003] ...1.    24.522413: arch_cpu_idle_exit <-do_idle
          <idle>-0       [002] d.h1.    24.522413: __flush_smp_call_function_queue <-__sysvec_call_function_single
          <idle>-0       [003] d..1.    24.522413: arch_cpu_idle_enter <-do_idle
          <idle>-0       [003] d..1.    24.522413: tsc_verify_tsc_adjust <-arch_cpu_idle_enter
          <idle>-0       [002] d.h1.    24.522413: nohz_csd_func <-__flush_smp_call_function_queue
          <idle>-0       [003] d..1.    24.522413: local_touch_nmi <-do_idle
          <idle>-0       [003] d..1.    24.522413: rcu_nocb_flush_deferred_wakeup <-do_idle
          <idle>-0       [002] d.h1.    24.522413: idle_cpu <-nohz_csd_func
          <idle>-0       [003] d..1.    24.522414: cpuidle_get_cpu_driver <-do_idle
          <idle>-0       [002] d.h1.    24.522414: __raise_softirq_irqoff <-__flush_smp_call_function_queue
          <idle>-0       [003] d..1.    24.522414: cpuidle_not_available <-do_idle
          <idle>-0       [002] d.h1.    24.522414: irq_exit_rcu <-sysvec_call_function_single
          <idle>-0       [003] d..1.    24.522414: tick_nohz_idle_stop_tick <-do_idle
          <idle>-0       [002] d.h1.    24.522414: irqtime_account_irq <-__irq_exit_rcu
          <idle>-0       [003] d..1.    24.522414: can_stop_idle_tick <-tick_nohz_idle_stop_tick
          <idle>-0       [002] d..1.    24.522414: handle_softirqs <-__irq_exit_rcu
          <idle>-0       [003] d..1.    24.522414: tick_nohz_next_event <-tick_nohz_idle_stop_tick
          <idle>-0       [002] d.s1.    24.522414: irqtime_account_irq <-handle_softirqs
          <idle>-0       [003] d..1.    24.522414: rcu_needs_cpu <-tick_nohz_next_event
          <idle>-0       [003] d..1.    24.522414: get_next_timer_interrupt <-tick_nohz_next_event
          <idle>-0       [002] ..s1.    24.522414: sched_balance_softirq <-handle_softirqs
          <idle>-0       [002] ..s1.    24.522415: _nohz_idle_balance.isra.0 <-handle_softirqs
          <idle>-0       [003] d..1.    24.522415: _raw_spin_lock <-__get_next_timer_interrupt
          <idle>-0       [003] d..2.    24.522415: _raw_spin_lock <-__get_next_timer_interrupt
          <idle>-0       [002] ..s1.    24.522415: idle_cpu <-_nohz_idle_balance.isra.0
          <idle>-0       [003] d..3.    24.522415: fetch_next_timer_interrupt <-__get_next_timer_interrupt
          <idle>-0       [002] ..s1.    24.522415: idle_cpu <-_nohz_idle_balance.isra.0
          <idle>-0       [003] d..3.    24.522415: tmigr_quick_check <-__get_next_timer_interrupt
          <idle>-0       [002] ..s1.    24.522415: idle_cpu <-_nohz_idle_balance.isra.0
          <idle>-0       [003] d..3.    24.522415: _raw_spin_unlock <-__get_next_timer_interrupt
          <idle>-0       [002] ..s1.    24.522415: idle_cpu <-_nohz_idle_balance.isra.0
          <idle>-0       [003] d..2.    24.522415: _raw_spin_unlock <-__get_next_timer_interrupt
          <idle>-0       [002] ..s1.    24.522415: sched_balance_update_blocked_averages <-_nohz_idle_balance.isra.0
          <idle>-0       [003] d..1.    24.522415: hrtimer_get_next_event <-__get_next_timer_interrupt
          <idle>-0       [002] d.s1.    24.522415: raw_spin_rq_lock_nested <-_raw_spin_rq_lock_irqsave
          <idle>-0       [003] d..1.    24.522415: _raw_spin_lock_irqsave <-hrtimer_get_next_event
          <idle>-0       [002] d.s2.    24.522416: _raw_spin_lock <-raw_spin_rq_lock_nested
          <idle>-0       [003] d..2.    24.522416: _raw_spin_unlock_irqrestore <-hrtimer_get_next_event
          <idle>-0       [002] d.s2.    24.522416: update_rq_clock <-sched_balance_update_blocked_averages
          <idle>-0       [003] d..1.    24.522416: timekeeping_max_deferment <-tick_nohz_next_event
          <idle>-0       [003] d..1.    24.522416: tick_nohz_stop_tick <-tick_nohz_idle_stop_tick
          <idle>-0       [002] d.s2.    24.522416: kvm_steal_clock <-update_rq_clock
          <idle>-0       [003] d..1.    24.522416: timer_base_try_to_set_idle <-tick_nohz_stop_tick
          <idle>-0       [002] d.s2.    24.522416: update_irq_load_avg <-update_rq_clock
          <idle>-0       [003] d..1.    24.522416: _raw_spin_lock <-__get_next_timer_interrupt
          <idle>-0       [002] d.s2.    24.522416: arch_scale_cpu_capacity <-update_irq_load_avg
          <idle>-0       [003] d..2.    24.522416: _raw_spin_lock <-__get_next_timer_interrupt
          <idle>-0       [003] d..3.    24.522416: fetch_next_timer_interrupt <-__get_next_timer_interrupt
          <idle>-0       [002] d.s2.    24.522416: __sched_balance_update_blocked_averages <-sched_balance_update_blocked_averages
          <idle>-0       [003] d..3.    24.522416: tmigr_cpu_deactivate <-__get_next_timer_interrupt
          <idle>-0       [002] d.s2.    24.522416: update_other_load_avgs <-__sched_balance_update_blocked_averages
          <idle>-0       [003] d..3.    24.522417: _raw_spin_lock <-tmigr_cpu_deactivate
          <idle>-0       [002] d.s2.    24.522417: update_rt_rq_load_avg <-update_other_load_avgs
          <idle>-0       [003] d..4.    24.522417: tmigr_inactive_up <-tmigr_cpu_deactivate
          <idle>-0       [002] d.s2.    24.522417: update_dl_rq_load_avg <-update_other_load_avgs
          <idle>-0       [003] d..4.    24.522417: tmigr_update_events <-tmigr_inactive_up
          <idle>-0       [002] d.s2.    24.522417: update_irq_load_avg <-update_other_load_avgs
          <idle>-0       [003] d..4.    24.522417: _raw_spin_lock <-tmigr_update_events
          <idle>-0       [002] d.s2.    24.522417: arch_scale_cpu_capacity <-update_irq_load_avg
          <idle>-0       [003] d..5.    24.522417: _raw_spin_unlock <-tmigr_update_events
          <idle>-0       [002] d.s2.    24.522417: __update_load_avg_cfs_rq <-update_cfs_rq_load_avg
          <idle>-0       [003] d..4.    24.522417: _raw_spin_unlock <-tmigr_cpu_deactivate
          <idle>-0       [003] d..3.    24.522417: _raw_spin_unlock <-__get_next_timer_interrupt
          <idle>-0       [002] d.s2.    24.522417: _raw_spin_unlock <-rq_unlock_irqrestore
          <idle>-0       [003] d..2.    24.522417: _raw_spin_unlock <-__get_next_timer_interrupt
          <idle>-0       [002] d.s1.    24.522418: raw_spin_rq_lock_nested <-_raw_spin_rq_lock_irqsave
          <idle>-0       [003] d..1.    24.522418: hrtimer_get_next_event <-__get_next_timer_interrupt
          <idle>-0       [002] d.s2.    24.522418: _raw_spin_lock <-raw_spin_rq_lock_nested
          <idle>-0       [003] d..1.    24.522418: _raw_spin_lock_irqsave <-hrtimer_get_next_event
          <idle>-0       [002] d.s2.    24.522418: update_rq_clock <-_nohz_idle_balance.isra.0
          <idle>-0       [003] d..2.    24.522418: _raw_spin_unlock_irqrestore <-hrtimer_get_next_event
          <idle>-0       [002] d.s2.    24.522418: kvm_steal_clock <-update_rq_clock
          <idle>-0       [003] d..1.    24.522418: calc_load_nohz_start <-tick_nohz_stop_tick
          <idle>-0       [002] d.s2.    24.522418: _raw_spin_unlock <-rq_unlock_irqrestore
          <idle>-0       [003] d..1.    24.522418: quiet_vmstat <-tick_nohz_stop_tick
          <idle>-0       [002] ..s1.    24.522418: sched_balance_domains <-_nohz_idle_balance.isra.0
          <idle>-0       [003] d..1.    24.522418: need_update <-quiet_vmstat
          <idle>-0       [002] ..s1.    24.522418: __rcu_read_lock <-sched_balance_domains
          <idle>-0       [003] d..1.    24.522418: first_online_pgdat <-need_update
          <idle>-0       [002] ..s1.    24.522419: __msecs_to_jiffies <-sched_balance_domains
          <idle>-0       [003] d..1.    24.522419: refresh_cpu_vm_stats <-tick_nohz_stop_tick
          <idle>-0       [002] ..s1.    24.522419: sched_balance_rq <-sched_balance_domains
          <idle>-0       [003] d..1.    24.522419: first_online_pgdat <-refresh_cpu_vm_stats
          <idle>-0       [002] ..s1.    24.522419: idle_cpu <-sched_balance_rq
          <idle>-0       [003] d..1.    24.522419: next_zone <-refresh_cpu_vm_stats
          <idle>-0       [002] ..s1.    24.522419: sched_balance_find_src_group <-sched_balance_rq
          <idle>-0       [003] d..1.    24.522419: next_zone <-refresh_cpu_vm_stats
          <idle>-0       [003] d..1.    24.522419: next_zone <-refresh_cpu_vm_stats
          <idle>-0       [002] ..s1.    24.522419: update_group_capacity <-update_sd_lb_stats.constprop.0
          <idle>-0       [003] d..1.    24.522419: next_zone <-refresh_cpu_vm_stats
          <idle>-0       [002] ..s1.    24.522419: __msecs_to_jiffies <-update_group_capacity
          <idle>-0       [003] d..1.    24.522419: next_zone <-refresh_cpu_vm_stats
          <idle>-0       [002] ..s1.    24.522420: arch_scale_cpu_capacity <-update_group_capacity
          <idle>-0       [003] d..1.    24.522420: first_online_pgdat <-refresh_cpu_vm_stats
          <idle>-0       [002] ..s1.    24.522420: cpu_util <-update_sd_lb_stats.constprop.0
          <idle>-0       [002] ..s1.    24.522420: arch_scale_cpu_capacity <-cpu_util
          <idle>-0       [003] d..1.    24.522420: next_online_pgdat <-refresh_cpu_vm_stats
          <idle>-0       [002] ..s1.    24.522420: idle_cpu <-update_sd_lb_stats.constprop.0
          <idle>-0       [002] ..s1.    24.522420: cpu_util <-update_sd_lb_stats.constprop.0
          <idle>-0       [003] d..1.    24.522420: hrtimer_start_range_ns <-tick_nohz_stop_tick
          <idle>-0       [002] ..s1.    24.522420: arch_scale_cpu_capacity <-cpu_util
          <idle>-0       [003] d..1.    24.522420: _raw_spin_lock_irqsave <-hrtimer_start_range_ns
          <idle>-0       [002] ..s1.    24.522421: idle_cpu <-update_sd_lb_stats.constprop.0
          <idle>-0       [003] d..2.    24.522421: hrtimer_update_next_event <-hrtimer_start_range_ns
          <idle>-0       [002] ..s1.    24.522421: cpu_util <-update_sd_lb_stats.constprop.0
          <idle>-0       [003] d..2.    24.522421: hrtimer_bases_first <-hrtimer_update_next_event
          <idle>-0       [002] ..s1.    24.522421: arch_scale_cpu_capacity <-cpu_util
          <idle>-0       [003] d..2.    24.522421: __hrtimer_reprogram.part.0 <-hrtimer_start_range_ns
          <idle>-0       [002] ..s1.    24.522421: arch_scale_cpu_capacity <-update_sd_lb_stats.constprop.0
          <idle>-0       [003] d..2.    24.522421: tick_program_event <-hrtimer_start_range_ns
          <idle>-0       [002] ..s1.    24.522421: sched_use_asym_prio.isra.0 <-update_sd_lb_stats.constprop.0
          <idle>-0       [003] d..2.    24.522421: clockevents_program_event <-hrtimer_start_range_ns
          <idle>-0       [003] d..2.    24.522421: ktime_expiry_to_cycles <-clockevents_program_event
          <idle>-0       [002] ..s1.    24.522421: cpu_util <-update_sd_lb_stats.constprop.0
          <idle>-0       [003] d..2.    24.522421: ktime_get <-clockevents_program_event
          <idle>-0       [002] ..s1.    24.522421: arch_scale_cpu_capacity <-cpu_util
          <idle>-0       [003] d..2.    24.522422: lapic_next_deadline <-clockevents_program_event
          <idle>-0       [002] ..s1.    24.522422: arch_scale_cpu_capacity <-update_sd_lb_stats.constprop.0
          <idle>-0       [002] ..s1.    24.522422: sched_use_asym_prio.isra.0 <-update_sd_lb_stats.constprop.0
          <idle>-0       [002] ..s1.    24.522422: __msecs_to_jiffies <-sched_balance_domains
          <idle>-0       [002] ..s1.    24.522422: __rcu_read_unlock <-sched_balance_domains
          <idle>-0       [002] d.s1.    24.522422: irqtime_account_irq <-handle_softirqs
          <idle>-0       [002] d..1.    24.522423: sched_core_idle_cpu <-__irq_exit_rcu
          <idle>-0       [002] d..1.    24.522423: tick_nohz_irq_exit <-sysvec_call_function_single
          <idle>-0       [003] d..2.    24.522423: _raw_spin_unlock_irqrestore <-tick_nohz_stop_tick
          <idle>-0       [002] d..1.    24.522423: ktime_get <-tick_nohz_irq_exit
          <idle>-0       [003] d..1.    24.522423: nohz_balance_enter_idle <-do_idle
          <idle>-0       [002] ...1.    24.522423: tick_nohz_idle_got_tick <-do_idle
          <idle>-0       [002] ...1.    24.522423: arch_cpu_idle_exit <-do_idle
          <idle>-0       [002] d..1.    24.522424: arch_cpu_idle_enter <-do_idle
          <idle>-0       [002] d..1.    24.522424: tsc_verify_tsc_adjust <-arch_cpu_idle_enter
          <idle>-0       [002] d..1.    24.522424: local_touch_nmi <-do_idle
          <idle>-0       [002] d..1.    24.522424: rcu_nocb_flush_deferred_wakeup <-do_idle
          <idle>-0       [002] d..1.    24.522424: cpuidle_get_cpu_driver <-do_idle
          <idle>-0       [002] d..1.    24.522424: cpuidle_not_available <-do_idle
          <idle>-0       [002] d..1.    24.522425: tick_nohz_tick_stopped <-do_idle
          <idle>-0       [002] d..1.    24.522425: tick_nohz_idle_stop_tick <-do_idle
          <idle>-0       [002] d..1.    24.522425: can_stop_idle_tick <-tick_nohz_idle_stop_tick
          <idle>-0       [002] d..1.    24.522425: tick_nohz_next_event <-tick_nohz_idle_stop_tick
          <idle>-0       [002] d..1.    24.522425: rcu_needs_cpu <-tick_nohz_next_event
          <idle>-0       [002] d..1.    24.522425: get_next_timer_interrupt <-tick_nohz_next_event
          <idle>-0       [002] d..1.    24.522425: _raw_spin_lock <-__get_next_timer_interrupt
          <idle>-0       [002] d..2.    24.522426: _raw_spin_lock <-__get_next_timer_interrupt
          <idle>-0       [002] d..3.    24.522426: fetch_next_timer_interrupt <-__get_next_timer_interrupt
          <idle>-0       [002] d..3.    24.522426: tmigr_cpu_new_timer <-__get_next_timer_interrupt
          <idle>-0       [002] d..3.    24.522426: _raw_spin_lock <-tmigr_cpu_new_timer
          <idle>-0       [002] d..4.    24.522426: _raw_spin_unlock <-tmigr_cpu_new_timer
          <idle>-0       [002] d..3.    24.522426: _raw_spin_unlock <-__get_next_timer_interrupt
          <idle>-0       [002] d..2.    24.522426: _raw_spin_unlock <-__get_next_timer_interrupt
          <idle>-0       [002] d..1.    24.522427: hrtimer_get_next_event <-__get_next_timer_interrupt
          <idle>-0       [002] d..1.    24.522427: _raw_spin_lock_irqsave <-hrtimer_get_next_event
          <idle>-0       [002] d..2.    24.522427: _raw_spin_unlock_irqrestore <-hrtimer_get_next_event
          <idle>-0       [002] d..1.    24.522427: timekeeping_max_deferment <-tick_nohz_next_event
          <idle>-0       [002] d..1.    24.522427: tick_nohz_stop_tick <-tick_nohz_idle_stop_tick
          <idle>-0       [002] d..1.    24.522427: timer_base_try_to_set_idle <-tick_nohz_stop_tick
          <idle>-0       [002] .N.1.    24.523219: tick_nohz_idle_got_tick <-do_idle
          <idle>-0       [002] .N.1.    24.523219: arch_cpu_idle_exit <-do_idle
          <idle>-0       [002] .N.1.    24.523219: tick_nohz_idle_exit <-do_idle
          <idle>-0       [002] dN.1.    24.523220: ktime_get <-tick_nohz_idle_exit
          <idle>-0       [002] dN.1.    24.523220: tick_nohz_stop_idle <-tick_nohz_idle_exit
          <idle>-0       [002] dN.1.    24.523220: nr_iowait_cpu <-tick_nohz_stop_idle
          <idle>-0       [002] dN.1.    24.523220: tick_nohz_restart_sched_tick <-tick_nohz_idle_exit
          <idle>-0       [002] dN.1.    24.523220: tick_do_update_jiffies64 <-tick_nohz_restart_sched_tick
          <idle>-0       [002] dN.1.    24.523220: timer_clear_idle <-tick_nohz_restart_sched_tick
          <idle>-0       [002] dN.1.    24.523220: tmigr_cpu_activate <-tick_nohz_restart_sched_tick
          <idle>-0       [002] dN.1.    24.523220: _raw_spin_lock <-tmigr_cpu_activate
          <idle>-0       [002] dN.2.    24.523220: __tmigr_cpu_activate <-tmigr_cpu_activate
          <idle>-0       [002] dN.2.    24.523221: tmigr_active_up <-__tmigr_cpu_activate
          <idle>-0       [002] dN.2.    24.523221: _raw_spin_unlock <-tick_nohz_restart_sched_tick
          <idle>-0       [002] dN.1.    24.523221: calc_load_nohz_stop <-tick_nohz_restart_sched_tick
          <idle>-0       [002] dN.1.    24.523221: hrtimer_start_range_ns <-tick_nohz_restart_sched_tick
          <idle>-0       [002] dN.1.    24.523221: _raw_spin_lock_irqsave <-hrtimer_start_range_ns
          <idle>-0       [002] dN.2.    24.523222: hrtimer_reprogram.constprop.0 <-hrtimer_start_range_ns
          <idle>-0       [002] dN.2.    24.523222: __hrtimer_reprogram.part.0 <-hrtimer_start_range_ns
          <idle>-0       [002] dN.2.    24.523222: tick_program_event <-hrtimer_start_range_ns
          <idle>-0       [002] dN.2.    24.523222: clockevents_program_event <-hrtimer_start_range_ns
          <idle>-0       [002] dN.2.    24.523222: ktime_expiry_to_cycles <-clockevents_program_event
          <idle>-0       [002] dN.2.    24.523222: ktime_get <-clockevents_program_event
          <idle>-0       [002] dN.2.    24.523222: lapic_next_deadline <-clockevents_program_event
          <idle>-0       [002] dN.2.    24.523224: _raw_spin_unlock_irqrestore <-tick_nohz_restart_sched_tick
          <idle>-0       [002] dN.1.    24.523224: tick_nohz_account_idle_time <-tick_nohz_idle_exit
          <idle>-0       [002] dN.1.    24.523224: account_idle_ticks <-tick_nohz_idle_exit
          <idle>-0       [002] dN.1.    24.523224: irqtime_account_process_tick <-tick_nohz_idle_exit
          <idle>-0       [002] dN.1.    24.523224: kvm_steal_clock <-irqtime_account_process_tick
          <idle>-0       [002] .N.1.    24.523225: flush_smp_call_function_queue <-do_idle
          <idle>-0       [002] .N.1.    24.523225: schedule_idle <-cpu_startup_entry
          <idle>-0       [002] dN.1.    24.523225: rcu_note_context_switch <-__schedule
          <idle>-0       [002] dN.1.    24.523225: migrate_disable_switch.isra.0 <-__schedule
          <idle>-0       [002] dN.1.    24.523225: raw_spin_rq_lock_nested <-__schedule
          <idle>-0       [002] dN.2.    24.523225: _raw_spin_lock <-raw_spin_rq_lock_nested
          <idle>-0       [002] dN.2.    24.523225: update_rq_clock <-__schedule
          <idle>-0       [002] dN.2.    24.523226: pick_next_task_fair <-__schedule
          <idle>-0       [002] dN.2.    24.523226: pick_task_fair <-pick_next_task_fair
          <idle>-0       [002] dN.2.    24.523226: pick_eevdf <-pick_task_fair
          <idle>-0       [002] dN.2.    24.523226: put_prev_task_idle <-pick_next_task_fair
          <idle>-0       [002] dN.2.    24.523226: update_curr_idle <-put_prev_task_idle
          <idle>-0       [002] dN.2.    24.523226: update_curr_dl_se <-update_curr_idle
          <idle>-0       [002] dN.2.    24.523227: hrtimer_try_to_cancel <-update_curr_dl_se
          <idle>-0       [002] dN.2.    24.523227: hrtimer_active <-hrtimer_try_to_cancel
          <idle>-0       [003] d..1.    24.523413: irq_enter_rcu <-sysvec_call_function_single
          <idle>-0       [003] d.h1.    24.523413: tick_irq_enter <-irq_enter_rcu
          <idle>-0       [003] d.h1.    24.523414: tick_check_oneshot_broadcast_this_cpu <-tick_irq_enter
          <idle>-0       [003] d.h1.    24.523414: ktime_get <-tick_irq_enter
          <idle>-0       [003] d.h1.    24.523414: tick_nohz_stop_idle <-tick_irq_enter
          <idle>-0       [003] d.h1.    24.523414: nr_iowait_cpu <-tick_nohz_stop_idle
          <idle>-0       [003] d.h1.    24.523414: tick_do_update_jiffies64 <-tick_irq_enter
          <idle>-0       [003] d.h1.    24.523414: irqtime_account_irq <-sysvec_call_function_single
          <idle>-0       [003] d.h1.    24.523414: __sysvec_call_function_single <-sysvec_call_function_single
          <idle>-0       [003] d.h1.    24.523415: generic_smp_call_function_single_interrupt <-__sysvec_call_function_single
          <idle>-0       [003] d.h1.    24.523415: __flush_smp_call_function_queue <-__sysvec_call_function_single
          <idle>-0       [003] d.h1.    24.523415: sched_ttwu_pending <-__flush_smp_call_function_queue
          <idle>-0       [003] d.h1.    24.523415: raw_spin_rq_lock_nested <-_raw_spin_rq_lock_irqsave
          <idle>-0       [003] d.h2.    24.523415: _raw_spin_lock <-raw_spin_rq_lock_nested
          <idle>-0       [003] d.h2.    24.523415: update_rq_clock <-sched_ttwu_pending
          <idle>-0       [003] d.h2.    24.523415: kvm_steal_clock <-update_rq_clock
          <idle>-0       [003] d.h2.    24.523416: update_irq_load_avg <-update_rq_clock
          <idle>-0       [003] d.h2.    24.523416: arch_scale_cpu_capacity <-update_irq_load_avg
          <idle>-0       [003] d.h2.    24.523416: ttwu_do_activate <-sched_ttwu_pending
          <idle>-0       [003] d.h2.    24.523416: enqueue_task <-ttwu_do_activate
          <idle>-0       [003] d.h2.    24.523416: enqueue_task_fair <-enqueue_task
          <idle>-0       [003] d.h2.    24.523416: update_curr <-enqueue_task_fair
          <idle>-0       [003] d.h2.    24.523416: __update_load_avg_cfs_rq <-update_cfs_rq_load_avg
          <idle>-0       [003] d.h2.    24.523416: attach_entity_load_avg <-update_load_avg
          <idle>-0       [003] d.h2.    24.523417: update_cfs_group <-enqueue_task_fair
          <idle>-0       [003] d.h2.    24.523417: place_entity <-enqueue_task_fair
          <idle>-0       [003] d.h2.    24.523417: avg_vruntime <-place_entity
          <idle>-0       [003] d.h2.    24.523417: __enqueue_entity <-enqueue_task_fair
          <idle>-0       [003] d.h2.    24.523417: dl_server_start <-enqueue_task_fair
          <idle>-0       [003] d.h2.    24.523417: psi_task_change <-enqueue_task
          <idle>-0       [003] d.h2.    24.523417: psi_flags_change <-psi_task_change
          <idle>-0       [003] d.h2.    24.523418: psi_group_change <-psi_task_change
          <idle>-0       [003] d.h2.    24.523418: record_times <-psi_group_change
          <idle>-0       [003] d.h2.    24.523418: wakeup_preempt <-ttwu_do_activate
          <idle>-0       [003] d.h2.    24.523418: wakeup_preempt_idle <-wakeup_preempt
          <idle>-0       [003] d.h2.    24.523418: resched_curr <-wakeup_preempt
          <idle>-0       [003] d.h2.    24.523418: __resched_curr <-wakeup_preempt
          <idle>-0       [003] dNh2.    24.523418: __resched_curr <-wakeup_preempt
          <idle>-0       [003] dNh2.    24.523419: _raw_spin_unlock <-sched_ttwu_pending
          <idle>-0       [003] dNh1.    24.523419: irq_exit_rcu <-sysvec_call_function_single
          <idle>-0       [003] dNh1.    24.523419: irqtime_account_irq <-__irq_exit_rcu
CPU:0 [LOST 8990 EVENTS]
             cat-467     [000] .....    24.523558: static_key_count <-security_vm_enough_memory_mm
             cat-467     [000] .....    24.523558: static_key_count <-security_vm_enough_memory_mm
             cat-467     [000] .....    24.523558: static_key_count <-security_vm_enough_memory_mm
             cat-467     [000] .....    24.523558: __vm_enough_memory <-shmem_inode_acct_blocks
             cat-467     [000] .....    24.523558: __dquot_alloc_space <-shmem_inode_acct_blocks
             cat-467     [000] .....    24.523559: inode_add_bytes <-__dquot_alloc_space
             cat-467     [000] .....    24.523559: _raw_spin_lock <-inode_add_bytes
             cat-467     [000] ...1.    24.523559: _raw_spin_unlock <-__dquot_alloc_space
             cat-467     [000] .....    24.523559: shmem_recalc_inode <-shmem_alloc_and_add_folio
             cat-467     [000] .....    24.523559: _raw_spin_lock <-shmem_recalc_inode
             cat-467     [000] ...1.    24.523559: _raw_spin_unlock <-shmem_recalc_inode
             cat-467     [000] .....    24.523559: folio_add_lru <-shmem_alloc_and_add_folio
             cat-467     [000] .....    24.523559: __folio_batch_add_and_move <-shmem_alloc_and_add_folio
             cat-467     [000] .....    24.523560: shmem_write_end <-generic_perform_write
             cat-467     [000] .....    24.523560: folio_mark_dirty <-shmem_write_end
             cat-467     [000] .....    24.523560: folio_mapping <-folio_mark_dirty
             cat-467     [000] .....    24.523560: noop_dirty_folio <-shmem_write_end
             cat-467     [000] .....    24.523560: folio_unlock <-shmem_write_end
             cat-467     [000] .....    24.523560: up_write <-shmem_file_write_iter
             cat-467     [000] .....    24.523561: __x64_sys_read <-do_syscall_64
             cat-467     [000] .....    24.523561: ksys_read <-do_syscall_64
             cat-467     [000] .....    24.523561: fdget_pos <-ksys_read
             cat-467     [000] .....    24.523561: vfs_read <-ksys_read
             cat-467     [000] .....    24.523562: rw_verify_area <-vfs_read
             cat-467     [000] .....    24.523562: security_file_permission <-rw_verify_area
             cat-467     [000] .....    24.523562: bpf_lsm_file_permission <-security_file_permission
             cat-467     [000] .....    24.523562: mutex_lock <-tracing_read_pipe
             cat-467     [000] d....    24.523562: _raw_spin_lock <-ring_buffer_empty_cpu.part.0.isra.0
             cat-467     [000] d..1.    24.523562: _raw_spin_unlock <-ring_buffer_empty_cpu.part.0.isra.0
             cat-467     [000] d....    24.523563: _raw_spin_lock <-ring_buffer_empty_cpu.part.0.isra.0
             cat-467     [000] d..1.    24.523563: _raw_spin_unlock <-ring_buffer_empty_cpu.part.0.isra.0
             cat-467     [000] .....    24.523563: down_read <-tracing_read_pipe
             cat-467     [000] .....    24.523563: down_write <-tracing_read_pipe
             cat-467     [000] d....    24.523563: _raw_spin_lock <-ring_buffer_empty_cpu.part.0.isra.0
             cat-467     [000] d..1.    24.523563: _raw_spin_unlock <-ring_buffer_empty_cpu.part.0.isra.0
             cat-467     [000] d....    24.523563: _raw_spin_lock <-ring_buffer_peek
             cat-467     [000] d..1.    24.523564: _raw_spin_unlock <-ring_buffer_peek
             cat-467     [000] d....    24.523564: _raw_spin_lock <-ring_buffer_empty_cpu.part.0.isra.0
             cat-467     [000] d..1.    24.523564: _raw_spin_unlock <-ring_buffer_empty_cpu.part.0.isra.0
             cat-467     [000] d....    24.523564: _raw_spin_lock <-ring_buffer_peek
             cat-467     [000] d..1.    24.523564: _raw_spin_unlock <-ring_buffer_peek
             cat-467     [000] d....    24.523564: _raw_spin_lock <-ring_buffer_empty_cpu.part.0.isra.0
             cat-467     [000] d..1.    24.523564: _raw_spin_unlock <-ring_buffer_empty_cpu.part.0.isra.0
             cat-467     [000] d....    24.523564: _raw_spin_lock <-ring_buffer_peek
             cat-467     [000] d..1.    24.523565: _raw_spin_unlock <-ring_buffer_peek
             cat-467     [000] d....    24.523565: _raw_spin_lock <-ring_buffer_empty_cpu.part.0.isra.0
             cat-467     [000] d..1.    24.523565: _raw_spin_unlock <-ring_buffer_empty_cpu.part.0.isra.0
             cat-467     [000] d....    24.523565: _raw_spin_lock <-ring_buffer_peek
             cat-467     [000] d..1.    24.523565: _raw_spin_unlock <-ring_buffer_peek
             cat-467     [000] .....    24.523566: kallsyms_lookup <-trace_seq_print_sym
             cat-467     [000] .....    24.523566: kallsyms_lookup_buildid <-kallsyms_lookup
             cat-467     [000] .....    24.523566: get_symbol_pos <-kallsyms_lookup_buildid
             cat-467     [000] .....    24.523567: get_symbol_offset <-kallsyms_lookup_buildid
             cat-467     [000] .....    24.523567: kallsyms_expand_symbol.constprop.0 <-kallsyms_lookup_buildid
             cat-467     [000] .....    24.523567: kallsyms_lookup <-trace_seq_print_sym
             cat-467     [000] .....    24.523567: kallsyms_lookup_buildid <-kallsyms_lookup
             cat-467     [000] .....    24.523567: get_symbol_pos <-kallsyms_lookup_buildid
             cat-467     [000] .....    24.523567: get_symbol_offset <-kallsyms_lookup_buildid
             cat-467     [000] .....    24.523568: kallsyms_expand_symbol.constprop.0 <-kallsyms_lookup_buildid
             cat-467     [000] d..1.    24.523568: _raw_spin_lock <-ring_buffer_consume
             cat-467     [000] d..2.    24.523568: _raw_spin_unlock <-ring_buffer_consume
             cat-467     [000] d....    24.523568: _raw_spin_lock <-ring_buffer_empty_cpu.part.0.isra.0
             cat-467     [000] d..1.    24.523568: _raw_spin_unlock <-ring_buffer_empty_cpu.part.0.isra.0
             cat-467     [000] d....    24.523569: _raw_spin_lock <-ring_buffer_peek
             cat-467     [000] d..1.    24.523569: _raw_spin_unlock <-ring_buffer_peek
             cat-467     [000] d....    24.523569: _raw_spin_lock <-ring_buffer_empty_cpu.part.0.isra.0
             cat-467     [000] d..1.    24.523569: _raw_spin_unlock <-ring_buffer_empty_cpu.part.0.isra.0
             cat-467     [000] d....    24.523569: _raw_spin_lock <-ring_buffer_peek
             cat-467     [000] d..1.    24.523569: _raw_spin_unlock <-ring_buffer_peek
             cat-467     [000] d....    24.523569: _raw_spin_lock <-ring_buffer_empty_cpu.part.0.isra.0
             cat-467     [000] d..1.    24.523569: _raw_spin_unlock <-ring_buffer_empty_cpu.part.0.isra.0
             cat-467     [000] d....    24.523570: _raw_spin_lock <-ring_buffer_peek
             cat-467     [000] d..1.    24.523570: _raw_spin_unlock <-ring_buffer_peek
             cat-467     [000] d....    24.523570: _raw_spin_lock <-ring_buffer_empty_cpu.part.0.isra.0
             cat-467     [000] d..1.    24.523570: _raw_spin_unlock <-ring_buffer_empty_cpu.part.0.isra.0
             cat-467     [000] d....    24.523570: _raw_spin_lock <-ring_buffer_peek
             cat-467     [000] d..1.    24.523570: _raw_spin_unlock <-ring_buffer_peek
             cat-467     [000] .....    24.523571: kallsyms_lookup <-trace_seq_print_sym
             cat-467     [000] .....    24.523571: kallsyms_lookup_buildid <-kallsyms_lookup
             cat-467     [000] .....    24.523571: get_symbol_pos <-kallsyms_lookup_buildid
             cat-467     [000] .....    24.523571: get_symbol_offset <-kallsyms_lookup_buildid
             cat-467     [000] .....    24.523572: kallsyms_expand_symbol.constprop.0 <-kallsyms_lookup_buildid
             cat-467     [000] .....    24.523572: kallsyms_lookup <-trace_seq_print_sym
             cat-467     [000] .....    24.523572: kallsyms_lookup_buildid <-kallsyms_lookup
             cat-467     [000] .....    24.523572: get_symbol_pos <-kallsyms_lookup_buildid
             cat-467     [000] .....    24.523572: get_symbol_offset <-kallsyms_lookup_buildid
             cat-467     [000] .....    24.523572: kallsyms_expand_symbol.constprop.0 <-kallsyms_lookup_buildid
             cat-467     [000] d..1.    24.523573: _raw_spin_lock <-ring_buffer_consume
             cat-467     [000] d..2.    24.523573: _raw_spin_unlock <-ring_buffer_consume
             cat-467     [000] d....    24.523573: _raw_spin_lock <-ring_buffer_empty_cpu.part.0.isra.0
             cat-467     [000] d..1.    24.523573: _raw_spin_unlock <-ring_buffer_empty_cpu.part.0.isra.0
             cat-467     [000] d....    24.523573: _raw_spin_lock <-ring_buffer_peek
             cat-467     [000] d..1.    24.523573: _raw_spin_unlock <-ring_buffer_peek
             cat-467     [000] d....    24.523573: _raw_spin_lock <-ring_buffer_empty_cpu.part.0.isra.0
             cat-467     [000] d..1.    24.523574: _raw_spin_unlock <-ring_buffer_empty_cpu.part.0.isra.0
             cat-467     [000] d....    24.523574: _raw_spin_lock <-ring_buffer_peek
             cat-467     [000] d..1.    24.523574: _raw_spin_unlock <-ring_buffer_peek
             cat-467     [000] d....    24.523574: _raw_spin_lock <-ring_buffer_empty_cpu.part.0.isra.0
             cat-467     [000] d..1.    24.523574: _raw_spin_unlock <-ring_buffer_empty_cpu.part.0.isra.0
             cat-467     [000] d....    24.523574: _raw_spin_lock <-ring_buffer_peek
             cat-467     [000] d..1.    24.523574: _raw_spin_unlock <-ring_buffer_peek
             cat-467     [000] d....    24.523574: _raw_spin_lock <-ring_buffer_empty_cpu.part.0.isra.0
             cat-467     [000] d..1.    24.523575: _raw_spin_unlock <-ring_buffer_empty_cpu.part.0.isra.0
             cat-467     [000] d....    24.523575: _raw_spin_lock <-ring_buffer_peek
             cat-467     [000] d..1.    24.523575: _raw_spin_unlock <-ring_buffer_peek
             cat-467     [000] .....    24.523575: kallsyms_lookup <-trace_seq_print_sym
             cat-467     [000] .....    24.523576: kallsyms_lookup_buildid <-kallsyms_lookup
             cat-467     [000] .....    24.523576: get_symbol_pos <-kallsyms_lookup_buildid
             cat-467     [000] .....    24.523576: get_symbol_offset <-kallsyms_lookup_buildid
             cat-467     [000] .....    24.523576: kallsyms_expand_symbol.constprop.0 <-kallsyms_lookup_buildid
             cat-467     [000] .....    24.523576: kallsyms_lookup <-trace_seq_print_sym
             cat-467     [000] .....    24.523577: kallsyms_lookup_buildid <-kallsyms_lookup
             cat-467     [000] .....    24.523577: get_symbol_pos <-kallsyms_lookup_buildid
             cat-467     [000] .....    24.523577: get_symbol_offset <-kallsyms_lookup_buildid
             cat-467     [000] .....    24.523577: kallsyms_expand_symbol.constprop.0 <-kallsyms_lookup_buildid
             cat-467     [000] d..1.    24.523577: _raw_spin_lock <-ring_buffer_consume
             cat-467     [000] d..2.    24.523577: _raw_spin_unlock <-ring_buffer_consume
             cat-467     [000] d....    24.523577: _raw_spin_lock <-ring_buffer_empty_cpu.part.0.isra.0
             cat-467     [000] d..1.    24.523578: _raw_spin_unlock <-ring_buffer_empty_cpu.part.0.isra.0
             cat-467     [000] d....    24.523578: _raw_spin_lock <-ring_buffer_peek
             cat-467     [000] d..1.    24.523578: _raw_spin_unlock <-ring_buffer_peek
             cat-467     [000] d....    24.523578: _raw_spin_lock <-ring_buffer_empty_cpu.part.0.isra.0
             cat-467     [000] d..1.    24.523578: _raw_spin_unlock <-ring_buffer_empty_cpu.part.0.isra.0
             cat-467     [000] d....    24.523578: _raw_spin_lock <-ring_buffer_peek
             cat-467     [000] d..1.    24.523578: _raw_spin_unlock <-ring_buffer_peek
             cat-467     [000] d....    24.523578: _raw_spin_lock <-ring_buffer_empty_cpu.part.0.isra.0
             cat-467     [000] d..1.    24.523579: _raw_spin_unlock <-ring_buffer_empty_cpu.part.0.isra.0
             cat-467     [000] d....    24.523579: _raw_spin_lock <-ring_buffer_peek
             cat-467     [000] d..1.    24.523579: _raw_spin_unlock <-ring_buffer_peek
             cat-467     [000] d....    24.523579: _raw_spin_lock <-ring_buffer_empty_cpu.part.0.isra.0
             cat-467     [000] d..1.    24.523579: _raw_spin_unlock <-ring_buffer_empty_cpu.part.0.isra.0
             cat-467     [000] d....    24.523579: _raw_spin_lock <-ring_buffer_peek
             cat-467     [000] d..1.    24.523579: _raw_spin_unlock <-ring_buffer_peek
             cat-467     [000] .....    24.523580: kallsyms_lookup <-trace_seq_print_sym
             cat-467     [000] .....    24.523580: kallsyms_lookup_buildid <-kallsyms_lookup
             cat-467     [000] .....    24.523580: get_symbol_pos <-kallsyms_lookup_buildid
             cat-467     [000] .....    24.523580: get_symbol_offset <-kallsyms_lookup_buildid
             cat-467     [000] .....    24.523581: kallsyms_expand_symbol.constprop.0 <-kallsyms_lookup_buildid
             cat-467     [000] .....    24.523581: kallsyms_lookup <-trace_seq_print_sym
             cat-467     [000] .....    24.523581: kallsyms_lookup_buildid <-kallsyms_lookup
             cat-467     [000] .....    24.523581: get_symbol_pos <-kallsyms_lookup_buildid
             cat-467     [000] .....    24.523581: get_symbol_offset <-kallsyms_lookup_buildid
             cat-467     [000] .....    24.523582: kallsyms_expand_symbol.constprop.0 <-kallsyms_lookup_buildid
             cat-467     [000] d..1.    24.523582: _raw_spin_lock <-ring_buffer_consume
             cat-467     [000] d..2.    24.523582: _raw_spin_unlock <-ring_buffer_consume
CPU:1 [LOST 37120 EVENTS]
          md5sum-474     [001] .....    24.527695: sched_autogroup_exit_task <-do_exit
          md5sum-474     [001] .....    24.527695: sched_move_task <-do_exit
          md5sum-474     [001] .....    24.527695: _task_rq_lock <-sched_move_task
          md5sum-474     [001] .....    24.527696: _raw_spin_lock_irqsave <-_task_rq_lock
          md5sum-474     [001] d..1.    24.527696: raw_spin_rq_lock_nested <-_task_rq_lock
          md5sum-474     [001] d..2.    24.527696: _raw_spin_lock <-raw_spin_rq_lock_nested
          md5sum-474     [001] d..2.    24.527696: sched_change_begin <-sched_move_task
          md5sum-474     [001] d..2.    24.527696: update_rq_clock <-sched_change_begin
          md5sum-474     [001] d..2.    24.527696: kvm_steal_clock <-update_rq_clock
          md5sum-474     [001] d..2.    24.527696: update_irq_load_avg <-update_rq_clock
          md5sum-474     [001] d..2.    24.527696: arch_scale_cpu_capacity <-update_irq_load_avg
          md5sum-474     [001] d..2.    24.527697: arch_scale_cpu_capacity <-update_rq_clock
          md5sum-474     [001] d..2.    24.527697: dequeue_task_fair <-sched_change_begin
          md5sum-474     [001] d..2.    24.527697: dequeue_entities <-dequeue_task_fair
          md5sum-474     [001] d..2.    24.527697: update_curr <-dequeue_entities
          md5sum-474     [001] d..2.    24.527697: update_se <-update_curr
          md5sum-474     [001] d..2.    24.527697: cpuacct_charge <-update_se
          md5sum-474     [001] d..2.    24.527697: dl_server_update <-update_curr
          md5sum-474     [001] d..2.    24.527697: update_curr_dl_se <-update_curr
          md5sum-474     [001] d..2.    24.527698: __update_load_avg_se <-update_load_avg
          md5sum-474     [001] d..2.    24.527698: __update_load_avg_cfs_rq <-update_cfs_rq_load_avg
          md5sum-474     [001] d..2.    24.527698: avg_vruntime <-dequeue_entities
          md5sum-474     [001] d..2.    24.527698: entity_lag.isra.0 <-dequeue_entities
          md5sum-474     [001] d..2.    24.527698: update_cfs_group <-dequeue_entities
          md5sum-474     [001] d..2.    24.527698: put_prev_task_fair <-sched_change_begin
          md5sum-474     [001] d..2.    24.527698: put_prev_entity <-put_prev_task_fair
          md5sum-474     [001] d..2.    24.527699: task_wants_autogroup <-sched_move_task
          md5sum-474     [001] d..2.    24.527699: task_change_group_fair <-sched_move_task
          md5sum-474     [001] d..2.    24.527699: __update_load_avg_se <-task_change_group_fair
          md5sum-474     [001] d..2.    24.527699: __update_load_avg_cfs_rq <-update_cfs_rq_load_avg
          md5sum-474     [001] d..2.    24.527699: detach_entity_load_avg <-task_change_group_fair
          md5sum-474     [001] d..2.    24.527699: propagate_entity_cfs_rq <-task_change_group_fair
          md5sum-474     [001] d..2.    24.527699: attach_entity_cfs_rq <-sched_move_task
          md5sum-474     [001] d..2.    24.527699: __update_load_avg_cfs_rq <-update_cfs_rq_load_avg
          md5sum-474     [001] d..2.    24.527700: attach_entity_load_avg <-attach_entity_cfs_rq
          md5sum-474     [001] d..2.    24.527700: propagate_entity_cfs_rq <-sched_move_task
          md5sum-474     [001] d..2.    24.527700: sched_change_end <-sched_move_task
          md5sum-474     [001] d..2.    24.527700: enqueue_task <-sched_change_end
          md5sum-474     [001] d..2.    24.527700: enqueue_task_fair <-enqueue_task
          md5sum-474     [001] d..2.    24.527700: update_curr <-enqueue_task_fair
          md5sum-474     [001] d..2.    24.527700: __update_load_avg_se <-update_load_avg
          md5sum-474     [001] d..2.    24.527700: __update_load_avg_cfs_rq <-update_cfs_rq_load_avg
          md5sum-474     [001] d..2.    24.527700: update_cfs_group <-enqueue_task_fair
          md5sum-474     [001] d..2.    24.527701: place_entity <-enqueue_task_fair
          md5sum-474     [001] d..2.    24.527701: avg_vruntime <-place_entity
          md5sum-474     [001] d..2.    24.527701: __enqueue_entity <-enqueue_task_fair
          md5sum-474     [001] d..2.    24.527701: hrtimer_active <-enqueue_task_fair
          md5sum-474     [001] d..2.    24.527701: set_next_task_fair <-sched_change_end
          md5sum-474     [001] d..2.    24.527701: set_next_entity <-set_next_task_fair
          md5sum-474     [001] d..2.    24.527701: __dequeue_entity <-set_next_entity
          md5sum-474     [001] d..2.    24.527701: __update_load_avg_se <-update_load_avg
          md5sum-474     [001] d..2.    24.527702: __update_load_avg_cfs_rq <-update_cfs_rq_load_avg
          md5sum-474     [001] d..2.    24.527702: prio_changed_fair <-sched_move_task
          md5sum-474     [001] d..2.    24.527702: __resched_curr <-sched_move_task
          md5sum-474     [001] dN.2.    24.527702: __balance_callbacks <-sched_move_task
          md5sum-474     [001] dN.2.    24.527702: _raw_spin_unlock <-sched_move_task
          md5sum-474     [001] dN.1.    24.527702: _raw_spin_unlock_irqrestore <-sched_move_task
          md5sum-474     [001] dN.1.    24.527703: rcu_note_context_switch <-__schedule
          md5sum-474     [001] dN.1.    24.527703: migrate_disable_switch.isra.0 <-__schedule
          md5sum-474     [001] dN.1.    24.527703: raw_spin_rq_lock_nested <-__schedule
          md5sum-474     [001] dN.2.    24.527703: _raw_spin_lock <-raw_spin_rq_lock_nested
          md5sum-474     [001] dN.2.    24.527703: update_rq_clock <-__schedule
          md5sum-474     [001] dN.2.    24.527703: kvm_steal_clock <-update_rq_clock
          md5sum-474     [001] dN.2.    24.527703: arch_scale_cpu_capacity <-update_rq_clock
          md5sum-474     [001] dN.2.    24.527703: pick_next_task_fair <-__schedule
          md5sum-474     [001] dN.2.    24.527703: pick_task_fair <-pick_next_task_fair
          md5sum-474     [001] dN.2.    24.527704: update_curr <-pick_task_fair
          md5sum-474     [001] dN.2.    24.527704: update_se <-update_curr
          md5sum-474     [001] dN.2.    24.527704: cpuacct_charge <-update_se
          md5sum-474     [001] dN.2.    24.527704: dl_server_update <-update_curr
          md5sum-474     [001] dN.2.    24.527704: update_curr_dl_se <-update_curr
          md5sum-474     [001] dN.2.    24.527704: pick_eevdf <-pick_task_fair
          md5sum-474     [001] dN.2.    24.527704: vruntime_eligible <-pick_eevdf
          md5sum-474     [001] d..2.    24.527704: _raw_spin_unlock <-__schedule
          md5sum-474     [001] .....    24.527705: cgroup_task_exit <-do_exit
          md5sum-474     [001] .....    24.527705: blkcg_exit <-cgroup_task_exit
          md5sum-474     [001] .....    24.527705: mem_cgroup_exit <-cgroup_task_exit
          md5sum-474     [001] .....    24.527705: flush_ptrace_hw_breakpoint <-do_exit
          md5sum-474     [001] .....    24.527705: unregister_hw_breakpoint <-flush_ptrace_hw_breakpoint
          md5sum-474     [001] .....    24.527705: unregister_hw_breakpoint <-flush_ptrace_hw_breakpoint
          md5sum-474     [001] .....    24.527706: unregister_hw_breakpoint <-flush_ptrace_hw_breakpoint
          md5sum-474     [001] .....    24.527706: unregister_hw_breakpoint <-flush_ptrace_hw_breakpoint
          md5sum-474     [001] .....    24.527706: exit_tasks_rcu_start <-do_exit
          md5sum-474     [001] ...1.    24.527706: _raw_spin_lock_irqsave <-exit_tasks_rcu_start
          md5sum-474     [001] d..2.    24.527706: _raw_spin_unlock_irqrestore <-exit_tasks_rcu_start
          md5sum-474     [001] .....    24.527706: _raw_write_lock_irq <-do_exit
          md5sum-474     [001] d..1.    24.527706: task_active_pid_ns <-do_exit
          md5sum-474     [001] d..1.    24.527707: kill_orphaned_pgrp <-do_exit
          md5sum-474     [001] d..1.    24.527707: do_notify_parent <-do_exit
          md5sum-474     [001] d..1.    24.527707: __wake_up <-do_notify_parent
          md5sum-474     [001] d..1.    24.527707: _raw_spin_lock_irqsave <-__wake_up
          md5sum-474     [001] d..2.    24.527707: __wake_up_common <-__wake_up
          md5sum-474     [001] d..2.    24.527707: _raw_spin_unlock_irqrestore <-__wake_up
          md5sum-474     [001] d..1.    24.527707: __rcu_read_lock <-do_notify_parent
          md5sum-474     [001] d..1.    24.527708: task_active_pid_ns <-do_notify_parent
          md5sum-474     [001] d..1.    24.527708: __task_pid_nr_ns <-do_notify_parent
          md5sum-474     [001] d..1.    24.527708: __rcu_read_lock <-__task_pid_nr_ns
          md5sum-474     [001] d..1.    24.527708: __rcu_read_unlock <-__task_pid_nr_ns
          md5sum-474     [001] d..1.    24.527708: __rcu_read_lock <-do_notify_parent
          md5sum-474     [001] d..1.    24.527708: __rcu_read_unlock <-do_notify_parent
          md5sum-474     [001] d..1.    24.527708: __rcu_read_lock <-do_notify_parent
          md5sum-474     [001] d..1.    24.527708: __rcu_read_unlock <-do_notify_parent
          md5sum-474     [001] d..1.    24.527708: from_kuid_munged <-do_notify_parent
          md5sum-474     [001] d..1.    24.527709: map_id_range_up <-from_kuid_munged
          md5sum-474     [001] d..1.    24.527709: __rcu_read_unlock <-do_notify_parent
          md5sum-474     [001] d..1.    24.527709: task_cputime <-do_notify_parent
          md5sum-474     [001] d..1.    24.527709: nsec_to_clock_t <-do_notify_parent
          md5sum-474     [001] d..1.    24.527709: nsec_to_clock_t <-do_notify_parent
          md5sum-474     [001] d..1.    24.527709: _raw_spin_lock_irqsave <-do_notify_parent
          md5sum-474     [001] d..2.    24.527709: __send_signal_locked <-do_notify_parent
          md5sum-474     [001] d..2.    24.527709: prepare_signal <-__send_signal_locked
          md5sum-474     [001] d..2.    24.527710: sig_get_ucounts <-__send_signal_locked
          md5sum-474     [001] d..2.    24.527710: __rcu_read_lock <-sig_get_ucounts
          md5sum-474     [001] d..2.    24.527710: __rcu_read_lock <-sig_get_ucounts
          md5sum-474     [001] d..2.    24.527710: __rcu_read_unlock <-sig_get_ucounts
          md5sum-474     [001] d..2.    24.527710: inc_rlimit_get_ucounts <-sig_get_ucounts
          md5sum-474     [001] d..2.    24.527710: __rcu_read_unlock <-sig_get_ucounts
          md5sum-474     [001] d..2.    24.527710: kmem_cache_alloc_noprof <-__send_signal_locked
          md5sum-474     [001] d..2.    24.527711: complete_signal <-__send_signal_locked
          md5sum-474     [001] d..2.    24.527711: wake_up_state <-complete_signal
          md5sum-474     [001] d..2.    24.527711: try_to_wake_up <-complete_signal
          md5sum-474     [001] d..3.    24.527711: _raw_spin_lock_irqsave <-try_to_wake_up
          md5sum-474     [001] d..4.    24.527711: select_task_rq_fair <-try_to_wake_up
          md5sum-474     [001] d..4.    24.527711: task_h_load <-select_task_rq_fair
          md5sum-474     [001] d..4.    24.527712: choose_idle_cpu <-select_task_rq_fair
          md5sum-474     [001] d..4.    24.527712: cpus_share_cache <-select_task_rq_fair
          md5sum-474     [001] d..4.    24.527712: choose_idle_cpu <-select_task_rq_fair
          md5sum-474     [001] d..4.    24.527712: ttwu_queue_wakelist <-try_to_wake_up
          md5sum-474     [001] d..4.    24.527712: scx_allow_ttwu_queue <-ttwu_queue_wakelist
          md5sum-474     [001] d..4.    24.527712: raw_spin_rq_lock_nested <-try_to_wake_up
          md5sum-474     [001] d..5.    24.527712: _raw_spin_lock <-raw_spin_rq_lock_nested
          md5sum-474     [001] d..5.    24.527713: update_rq_clock <-try_to_wake_up
          md5sum-474     [001] d..5.    24.527713: kvm_steal_clock <-update_rq_clock
          md5sum-474     [001] d..5.    24.527713: arch_scale_cpu_capacity <-update_rq_clock
          md5sum-474     [001] d..5.    24.527713: ttwu_do_activate <-try_to_wake_up
          md5sum-474     [001] d..5.    24.527713: enqueue_task <-ttwu_do_activate
          md5sum-474     [001] d..5.    24.527713: enqueue_task_fair <-enqueue_task
          md5sum-474     [001] d..5.    24.527713: update_curr <-enqueue_task_fair
          md5sum-474     [001] d..5.    24.527713: update_se <-update_curr
          md5sum-474     [001] d..5.    24.527714: cpuacct_charge <-update_se
          md5sum-474     [001] d..5.    24.527714: dl_server_update <-update_curr
          md5sum-474     [001] d..5.    24.527714: update_curr_dl_se <-update_curr
          md5sum-474     [001] d..5.    24.527714: __update_load_avg_se <-update_load_avg
          md5sum-474     [001] d..5.    24.527714: __update_load_avg_cfs_rq <-update_cfs_rq_load_avg
          md5sum-474     [001] d..5.    24.527714: update_cfs_group <-enqueue_task_fair
CPU:2 [LOST 43210 EVENTS]
            head-483     [002] .....    24.529134: kfree <-vm_area_free
            head-483     [002] .....    24.529134: kmem_cache_free <-tear_down_vmas
            head-483     [002] .....    24.529134: remove_vma <-tear_down_vmas
            head-483     [002] .....    24.529134: vm_area_free <-tear_down_vmas
            head-483     [002] .....    24.529134: kfree <-vm_area_free
            head-483     [002] .....    24.529134: kmem_cache_free <-tear_down_vmas
            head-483     [002] .....    24.529135: kfree <-__mt_destroy
            head-483     [002] .....    24.529135: up_write <-exit_mmap
            head-483     [002] .....    24.529135: mm_put_huge_zero_folio <-__mmput
            head-483     [002] .....    24.529135: fput <-__mmput
            head-483     [002] ...1.    24.529135: __file_ref_put <-fput
            head-483     [002] .....    24.529135: __fput_deferred <-__mmput
            head-483     [002] .....    24.529135: task_work_add <-__fput_deferred
            head-483     [002] .....    24.529136: kick_process <-task_work_add
            head-483     [002] .....    24.529136: module_put <-__mmput
            head-483     [002] .....    24.529136: lru_gen_del_mm <-__mmput
            head-483     [002] .....    24.529136: _raw_spin_lock <-lru_gen_del_mm
            head-483     [002] ...1.    24.529136: _raw_spin_unlock <-lru_gen_del_mm
            head-483     [002] .....    24.529136: futex_hash_free <-__mmput
            head-483     [002] .....    24.529136: free_percpu <-futex_hash_free
            head-483     [002] .....    24.529136: kvfree <-futex_hash_free
            head-483     [002] .....    24.529137: is_vmalloc_addr <-kvfree
            head-483     [002] .....    24.529137: kfree <-futex_hash_free
            head-483     [002] .....    24.529137: acct_process <-do_exit
            head-483     [002] .....    24.529137: task_active_pid_ns <-acct_process
            head-483     [002] .....    24.529137: exit_sem <-do_exit
            head-483     [002] .....    24.529137: exit_shm <-do_exit
            head-483     [002] .....    24.529137: _raw_spin_lock <-exit_shm
            head-483     [002] ...1.    24.529137: _raw_spin_unlock <-do_exit
            head-483     [002] .....    24.529138: exit_files <-do_exit
            head-483     [002] .....    24.529138: _raw_spin_lock <-exit_files
            head-483     [002] ...1.    24.529138: _raw_spin_unlock <-exit_files
            head-483     [002] .....    24.529138: put_files_struct.part.0 <-do_exit
            head-483     [002] .....    24.529138: filp_close <-put_files_struct.part.0
            head-483     [002] .....    24.529138: filp_flush <-filp_close
            head-483     [002] .....    24.529138: dnotify_flush <-filp_flush
            head-483     [002] .....    24.529138: locks_remove_posix <-filp_flush
            head-483     [002] .....    24.529139: fput_close <-filp_close
            head-483     [002] .....    24.529139: filp_close <-put_files_struct.part.0
            head-483     [002] .....    24.529139: filp_flush <-filp_close
            head-483     [002] .....    24.529139: dnotify_flush <-filp_flush
            head-483     [002] .....    24.529139: locks_remove_posix <-filp_flush
            head-483     [002] .....    24.529139: fput_close <-filp_close
            head-483     [002] .....    24.529139: __fput_deferred <-filp_close
            head-483     [002] .....    24.529139: task_work_add <-__fput_deferred
            head-483     [002] .....    24.529139: filp_close <-put_files_struct.part.0
            head-483     [002] .....    24.529140: filp_flush <-filp_close
            head-483     [002] .....    24.529140: dnotify_flush <-filp_flush
            head-483     [002] .....    24.529140: locks_remove_posix <-filp_flush
            head-483     [002] .....    24.529140: fput_close <-filp_close
            head-483     [002] .....    24.529140: kmem_cache_free <-do_exit
            head-483     [002] .....    24.529140: exit_fs <-do_exit
            head-483     [002] .....    24.529140: _raw_spin_lock <-exit_fs
            head-483     [002] ...1.    24.529140: _raw_spin_lock <-exit_fs
            head-483     [002] ...2.    24.529140: _raw_spin_unlock <-exit_fs
            head-483     [002] ...1.    24.529141: _raw_spin_unlock <-exit_fs
            head-483     [002] .....    24.529141: path_put <-exit_fs
            head-483     [002] .....    24.529141: dput <-path_put
            head-483     [002] .....    24.529141: dput.part.0 <-path_put
            head-483     [002] .....    24.529141: __rcu_read_lock <-dput.part.0
            head-483     [002] .....    24.529141: __rcu_read_unlock <-path_put
            head-483     [002] .....    24.529141: mntput <-exit_fs
            head-483     [002] .....    24.529141: __rcu_read_lock <-mntput
            head-483     [002] .....    24.529141: __rcu_read_unlock <-exit_fs
            head-483     [002] .....    24.529142: path_put <-exit_fs
            head-483     [002] .....    24.529142: dput <-path_put
            head-483     [002] .....    24.529142: dput.part.0 <-path_put
            head-483     [002] .....    24.529142: __rcu_read_lock <-dput.part.0
            head-483     [002] .....    24.529142: __rcu_read_unlock <-path_put
            head-483     [002] .....    24.529142: mntput <-exit_fs
            head-483     [002] .....    24.529142: __rcu_read_lock <-mntput
            head-483     [002] .....    24.529142: __rcu_read_unlock <-exit_fs
            head-483     [002] .....    24.529142: kmem_cache_free <-do_exit
            head-483     [002] .....    24.529143: disassociate_ctty <-do_exit
            head-483     [002] .....    24.529143: exit_nsproxy_namespaces <-do_exit
            head-483     [002] .....    24.529143: switch_task_namespaces <-do_exit
            head-483     [002] .....    24.529143: _raw_spin_lock <-switch_task_namespaces
            head-483     [002] ...1.    24.529143: _raw_spin_unlock <-switch_task_namespaces
            head-483     [002] .....    24.529143: task_work_run <-do_exit
            head-483     [002] .....    24.529143: _raw_spin_lock_irq <-task_work_run
            head-483     [002] d..1.    24.529143: _raw_spin_unlock_irq <-task_work_run
            head-483     [002] .....    24.529143: ____fput <-task_work_run
            head-483     [002] .....    24.529144: __fput <-task_work_run
            head-483     [002] .....    24.529144: locks_remove_file <-__fput
            head-483     [002] .....    24.529144: security_file_release <-__fput
            head-483     [002] .....    24.529144: bpf_lsm_file_release <-security_file_release
            head-483     [002] .....    24.529144: pipe_release <-__fput
            head-483     [002] .....    24.529144: mutex_lock <-pipe_release
            head-483     [002] .....    24.529144: __wake_up <-pipe_release
            head-483     [002] .....    24.529144: _raw_spin_lock_irqsave <-__wake_up
            head-483     [002] d..1.    24.529144: __wake_up_common <-__wake_up
            head-483     [002] d..1.    24.529145: _raw_spin_unlock_irqrestore <-__wake_up
            head-483     [002] .....    24.529145: __wake_up <-pipe_release
            head-483     [002] .....    24.529145: _raw_spin_lock_irqsave <-__wake_up
            head-483     [002] d..1.    24.529145: __wake_up_common <-__wake_up
            head-483     [002] d..1.    24.529145: _raw_spin_unlock_irqrestore <-__wake_up
            head-483     [002] .....    24.529145: kill_fasync <-pipe_release
            head-483     [002] .....    24.529145: kill_fasync <-pipe_release
            head-483     [002] .....    24.529145: mutex_unlock <-pipe_release
            head-483     [002] .....    24.529145: _raw_spin_lock <-pipe_release
            head-483     [002] ...1.    24.529146: _raw_spin_unlock <-pipe_release
            head-483     [002] .....    24.529146: module_put <-__fput
            head-483     [002] .....    24.529146: file_f_owner_release <-__fput
            head-483     [002] .....    24.529146: dput <-__fput
            head-483     [002] .....    24.529146: dput.part.0 <-__fput
            head-483     [002] .....    24.529146: __rcu_read_lock <-dput.part.0
            head-483     [002] .....    24.529146: __rcu_read_unlock <-__fput
            head-483     [002] .....    24.529146: mntput <-__fput
            head-483     [002] .....    24.529146: __rcu_read_lock <-mntput
            head-483     [002] .....    24.529147: __rcu_read_unlock <-__fput
            head-483     [002] .....    24.529147: security_file_free <-__fput
            head-483     [002] .....    24.529147: hook_file_free_security <-security_file_free
            head-483     [002] .....    24.529147: put_pid <-hook_file_free_security
            head-483     [002] .....    24.529147: landlock_put_ruleset_deferred <-security_file_free
            head-483     [002] .....    24.529147: bpf_lsm_file_free_security <-security_file_free
            head-483     [002] .....    24.529147: kmem_cache_free <-__fput
            head-483     [002] .....    24.529147: kmem_cache_free <-task_work_run
            head-483     [002] .....    24.529147: ____fput <-task_work_run
            head-483     [002] .....    24.529148: __fput <-task_work_run
            head-483     [002] .....    24.529148: locks_remove_file <-__fput
            head-483     [002] .....    24.529148: security_file_release <-__fput
            head-483     [002] .....    24.529148: bpf_lsm_file_release <-security_file_release
            head-483     [002] .....    24.529148: module_put <-__fput
            head-483     [002] .....    24.529148: file_f_owner_release <-__fput
            head-483     [002] .....    24.529148: dput <-__fput
            head-483     [002] .....    24.529148: dput.part.0 <-__fput
            head-483     [002] .....    24.529148: __rcu_read_lock <-dput.part.0
            head-483     [002] .....    24.529149: __rcu_read_unlock <-__fput
            head-483     [002] .....    24.529149: mntput <-__fput
            head-483     [002] .....    24.529149: __rcu_read_lock <-mntput
            head-483     [002] .....    24.529149: __rcu_read_unlock <-__fput
            head-483     [002] .....    24.529149: security_file_free <-__fput
            head-483     [002] .....    24.529149: hook_file_free_security <-security_file_free
            head-483     [002] .....    24.529149: put_pid <-hook_file_free_security
            head-483     [002] .....    24.529149: landlock_put_ruleset_deferred <-security_file_free
            head-483     [002] .....    24.529149: bpf_lsm_file_free_security <-security_file_free
            head-483     [002] .....    24.529150: kmem_cache_free <-__fput
            head-483     [002] .....    24.529150: __put_cred <-__fput
            head-483     [002] .....    24.529150: call_rcu <-__fput
            head-483     [002] .....    24.529150: __call_rcu_common <-__fput
            head-483     [002] d....    24.529150: rcu_async_should_hurry <-__call_rcu_common
            head-483     [002] d....    24.529150: rcu_segcblist_enqueue <-__call_rcu_common
            head-483     [002] .....    24.529150: kmem_cache_free <-task_work_run
            head-483     [002] .....    24.529150: exit_thread <-do_exit
            head-483     [002] .....    24.529150: shstk_free <-exit_thread
CPU:3 [LOST 43500 EVENTS]
          md5sum-485     [003] .....    24.529365: folios_put_refs <-free_pages_and_swap_cache
          md5sum-485     [003] .....    24.529365: __page_cache_release.part.0 <-folios_put_refs
          md5sum-485     [003] .....    24.529365: folio_lruvec_lock_irqsave <-__page_cache_release.part.0
          md5sum-485     [003] .....    24.529365: __rcu_read_lock <-folio_lruvec_lock_irqsave
          md5sum-485     [003] .....    24.529365: _raw_spin_lock_irqsave <-folio_lruvec_lock_irqsave
          md5sum-485     [003] d..1.    24.529366: mod_lruvec_state <-lru_gen_del_folio.constprop.0
          md5sum-485     [003] d..1.    24.529366: mod_node_page_state <-mod_lruvec_state
          md5sum-485     [003] d..1.    24.529366: __mod_memcg_lruvec_state <-lru_gen_del_folio.constprop.0
          md5sum-485     [003] d..2.    24.529366: memcg_state_val_in_pages <-__mod_memcg_lruvec_state
          md5sum-485     [003] d..2.    24.529366: __css_rstat_updated <-__mod_memcg_lruvec_state
          md5sum-485     [003] d..1.    24.529366: __mod_zone_page_state <-lru_gen_del_folio.constprop.0
          md5sum-485     [003] d..1.    24.529366: __page_cache_release.part.0 <-folios_put_refs
          md5sum-485     [003] d..1.    24.529366: mod_lruvec_state <-lru_gen_del_folio.constprop.0
          md5sum-485     [003] d..1.    24.529367: mod_node_page_state <-mod_lruvec_state
          md5sum-485     [003] d..1.    24.529367: __mod_memcg_lruvec_state <-lru_gen_del_folio.constprop.0
          md5sum-485     [003] d..2.    24.529367: memcg_state_val_in_pages <-__mod_memcg_lruvec_state
          md5sum-485     [003] d..2.    24.529367: __css_rstat_updated <-__mod_memcg_lruvec_state
          md5sum-485     [003] d..1.    24.529367: __mod_zone_page_state <-lru_gen_del_folio.constprop.0
          md5sum-485     [003] d..1.    24.529367: __page_cache_release.part.0 <-folios_put_refs
          md5sum-485     [003] d..1.    24.529367: mod_lruvec_state <-lru_gen_del_folio.constprop.0
          md5sum-485     [003] d..1.    24.529367: mod_node_page_state <-mod_lruvec_state
          md5sum-485     [003] d..1.    24.529367: __mod_memcg_lruvec_state <-lru_gen_del_folio.constprop.0
          md5sum-485     [003] d..2.    24.529367: memcg_state_val_in_pages <-__mod_memcg_lruvec_state
          md5sum-485     [003] d..2.    24.529368: __css_rstat_updated <-__mod_memcg_lruvec_state
          md5sum-485     [003] d..1.    24.529368: __mod_zone_page_state <-lru_gen_del_folio.constprop.0
          md5sum-485     [003] d..1.    24.529368: __page_cache_release.part.0 <-folios_put_refs
          md5sum-485     [003] d..1.    24.529368: mod_lruvec_state <-lru_gen_del_folio.constprop.0
          md5sum-485     [003] d..1.    24.529368: mod_node_page_state <-mod_lruvec_state
          md5sum-485     [003] d..1.    24.529368: __mod_memcg_lruvec_state <-lru_gen_del_folio.constprop.0
          md5sum-485     [003] d..2.    24.529368: memcg_state_val_in_pages <-__mod_memcg_lruvec_state
          md5sum-485     [003] d..2.    24.529368: __css_rstat_updated <-__mod_memcg_lruvec_state
          md5sum-485     [003] d..1.    24.529368: __mod_zone_page_state <-lru_gen_del_folio.constprop.0
          md5sum-485     [003] d..1.    24.529369: __page_cache_release.part.0 <-folios_put_refs
          md5sum-485     [003] d..1.    24.529369: mod_lruvec_state <-lru_gen_del_folio.constprop.0
          md5sum-485     [003] d..1.    24.529369: mod_node_page_state <-mod_lruvec_state
          md5sum-485     [003] d..1.    24.529369: __mod_memcg_lruvec_state <-lru_gen_del_folio.constprop.0
          md5sum-485     [003] d..2.    24.529369: memcg_state_val_in_pages <-__mod_memcg_lruvec_state
          md5sum-485     [003] d..2.    24.529369: __css_rstat_updated <-__mod_memcg_lruvec_state
          md5sum-485     [003] d..1.    24.529369: __mod_zone_page_state <-lru_gen_del_folio.constprop.0
          md5sum-485     [003] d..1.    24.529369: __page_cache_release.part.0 <-folios_put_refs
          md5sum-485     [003] d..1.    24.529369: mod_lruvec_state <-lru_gen_del_folio.constprop.0
          md5sum-485     [003] d..1.    24.529369: mod_node_page_state <-mod_lruvec_state
          md5sum-485     [003] d..1.    24.529370: __mod_memcg_lruvec_state <-lru_gen_del_folio.constprop.0
          md5sum-485     [003] d..2.    24.529370: memcg_state_val_in_pages <-__mod_memcg_lruvec_state
          md5sum-485     [003] d..2.    24.529370: __css_rstat_updated <-__mod_memcg_lruvec_state
          md5sum-485     [003] d..1.    24.529370: __mod_zone_page_state <-lru_gen_del_folio.constprop.0
          md5sum-485     [003] d..1.    24.529370: __page_cache_release.part.0 <-folios_put_refs
          md5sum-485     [003] d..1.    24.529370: mod_lruvec_state <-lru_gen_del_folio.constprop.0
          md5sum-485     [003] d..1.    24.529370: mod_node_page_state <-mod_lruvec_state
          md5sum-485     [003] d..1.    24.529370: __mod_memcg_lruvec_state <-lru_gen_del_folio.constprop.0
          md5sum-485     [003] d..2.    24.529370: memcg_state_val_in_pages <-__mod_memcg_lruvec_state
          md5sum-485     [003] d..2.    24.529371: __css_rstat_updated <-__mod_memcg_lruvec_state
          md5sum-485     [003] d..1.    24.529371: __mod_zone_page_state <-lru_gen_del_folio.constprop.0
          md5sum-485     [003] d..1.    24.529371: _raw_spin_unlock_irqrestore <-folios_put_refs
          md5sum-485     [003] .....    24.529371: __rcu_read_unlock <-folios_put_refs
          md5sum-485     [003] .....    24.529371: __mem_cgroup_uncharge_folios <-folios_put_refs
          md5sum-485     [003] .....    24.529371: uncharge_folio <-__mem_cgroup_uncharge_folios
          md5sum-485     [003] .....    24.529371: uncharge_folio <-__mem_cgroup_uncharge_folios
          md5sum-485     [003] .....    24.529371: uncharge_folio <-__mem_cgroup_uncharge_folios
          md5sum-485     [003] .....    24.529371: uncharge_folio <-__mem_cgroup_uncharge_folios
          md5sum-485     [003] .....    24.529372: uncharge_folio <-__mem_cgroup_uncharge_folios
          md5sum-485     [003] .....    24.529372: uncharge_folio <-__mem_cgroup_uncharge_folios
          md5sum-485     [003] .....    24.529372: uncharge_folio <-__mem_cgroup_uncharge_folios
          md5sum-485     [003] .....    24.529372: uncharge_batch <-__mem_cgroup_uncharge_folios
          md5sum-485     [003] .....    24.529372: __rcu_read_lock <-uncharge_batch
          md5sum-485     [003] .....    24.529372: __rcu_read_unlock <-uncharge_batch
          md5sum-485     [003] .....    24.529372: free_unref_folios <-folios_put_refs
          md5sum-485     [003] ...1.    24.529372: _raw_spin_trylock <-free_unref_folios
          md5sum-485     [003] ...2.    24.529372: free_frozen_page_commit <-free_unref_folios
          md5sum-485     [003] ...2.    24.529373: free_frozen_page_commit <-free_unref_folios
          md5sum-485     [003] ...2.    24.529373: free_frozen_page_commit <-free_unref_folios
          md5sum-485     [003] ...2.    24.529373: free_frozen_page_commit <-free_unref_folios
          md5sum-485     [003] ...2.    24.529373: free_frozen_page_commit <-free_unref_folios
          md5sum-485     [003] ...2.    24.529373: free_frozen_page_commit <-free_unref_folios
          md5sum-485     [003] ...2.    24.529373: free_frozen_page_commit <-free_unref_folios
          md5sum-485     [003] ...2.    24.529373: _raw_spin_unlock <-free_unref_folios
          md5sum-485     [003] .....    24.529373: __tlb_batch_free_encoded_pages <-tlb_finish_mmu
          md5sum-485     [003] .....    24.529373: free_pages_and_swap_cache <-__tlb_batch_free_encoded_pages
          md5sum-485     [003] .....    24.529374: free_swap_cache <-free_pages_and_swap_cache
          md5sum-485     [003] .....    24.529374: free_swap_cache <-free_pages_and_swap_cache
          md5sum-485     [003] .....    24.529374: free_swap_cache <-free_pages_and_swap_cache
          md5sum-485     [003] .....    24.529374: free_swap_cache <-free_pages_and_swap_cache
          md5sum-485     [003] .....    24.529374: free_swap_cache <-free_pages_and_swap_cache
          md5sum-485     [003] .....    24.529374: free_swap_cache <-free_pages_and_swap_cache
          md5sum-485     [003] .....    24.529374: free_swap_cache <-free_pages_and_swap_cache
          md5sum-485     [003] .....    24.529374: free_swap_cache <-free_pages_and_swap_cache
          md5sum-485     [003] .....    24.529374: free_swap_cache <-free_pages_and_swap_cache
          md5sum-485     [003] .....    24.529375: free_swap_cache <-free_pages_and_swap_cache
          md5sum-485     [003] .....    24.529375: free_swap_cache <-free_pages_and_swap_cache
          md5sum-485     [003] .....    24.529375: free_swap_cache <-free_pages_and_swap_cache
          md5sum-485     [003] .....    24.529375: free_swap_cache <-free_pages_and_swap_cache
          md5sum-485     [003] .....    24.529375: free_swap_cache <-free_pages_and_swap_cache
          md5sum-485     [003] .....    24.529375: free_swap_cache <-free_pages_and_swap_cache
          md5sum-485     [003] .....    24.529375: free_swap_cache <-free_pages_and_swap_cache
          md5sum-485     [003] .....    24.529375: free_swap_cache <-free_pages_and_swap_cache
          md5sum-485     [003] .....    24.529375: free_swap_cache <-free_pages_and_swap_cache
          md5sum-485     [003] .....    24.529375: free_swap_cache <-free_pages_and_swap_cache
          md5sum-485     [003] .....    24.529376: free_swap_cache <-free_pages_and_swap_cache
          md5sum-485     [003] .....    24.529376: free_swap_cache <-free_pages_and_swap_cache
          md5sum-485     [003] .....    24.529376: free_swap_cache <-free_pages_and_swap_cache
          md5sum-485     [003] .....    24.529376: free_swap_cache <-free_pages_and_swap_cache
          md5sum-485     [003] .....    24.529376: free_swap_cache <-free_pages_and_swap_cache
          md5sum-485     [003] .....    24.529376: free_swap_cache <-free_pages_and_swap_cache
          md5sum-485     [003] .....    24.529376: free_swap_cache <-free_pages_and_swap_cache
          md5sum-485     [003] .....    24.529376: free_swap_cache <-free_pages_and_swap_cache
          md5sum-485     [003] .....    24.529376: free_swap_cache <-free_pages_and_swap_cache
          md5sum-485     [003] .....    24.529377: free_swap_cache <-free_pages_and_swap_cache
          md5sum-485     [003] .....    24.529377: free_swap_cache <-free_pages_and_swap_cache
          md5sum-485     [003] .....    24.529377: free_swap_cache <-free_pages_and_swap_cache
          md5sum-485     [003] .....    24.529377: folios_put_refs <-free_pages_and_swap_cache
          md5sum-485     [003] .....    24.529377: __page_cache_release.part.0 <-folios_put_refs
          md5sum-485     [003] .....    24.529377: folio_lruvec_lock_irqsave <-__page_cache_release.part.0
          md5sum-485     [003] .....    24.529377: __rcu_read_lock <-folio_lruvec_lock_irqsave
          md5sum-485     [003] .....    24.529377: _raw_spin_lock_irqsave <-folio_lruvec_lock_irqsave
          md5sum-485     [003] d..1.    24.529377: mod_lruvec_state <-lru_gen_del_folio.constprop.0
          md5sum-485     [003] d..1.    24.529377: mod_node_page_state <-mod_lruvec_state
          md5sum-485     [003] d..1.    24.529378: __mod_memcg_lruvec_state <-lru_gen_del_folio.constprop.0
          md5sum-485     [003] d..2.    24.529378: memcg_state_val_in_pages <-__mod_memcg_lruvec_state
          md5sum-485     [003] d..2.    24.529378: __css_rstat_updated <-__mod_memcg_lruvec_state
          md5sum-485     [003] d..1.    24.529378: __mod_zone_page_state <-lru_gen_del_folio.constprop.0
          md5sum-485     [003] d..1.    24.529378: __page_cache_release.part.0 <-folios_put_refs
          md5sum-485     [003] d..1.    24.529378: mod_lruvec_state <-lru_gen_del_folio.constprop.0
          md5sum-485     [003] d..1.    24.529378: mod_node_page_state <-mod_lruvec_state
          md5sum-485     [003] d..1.    24.529378: __mod_memcg_lruvec_state <-lru_gen_del_folio.constprop.0
          md5sum-485     [003] d..2.    24.529378: memcg_state_val_in_pages <-__mod_memcg_lruvec_state
          md5sum-485     [003] d..2.    24.529379: __css_rstat_updated <-__mod_memcg_lruvec_state
          md5sum-485     [003] d..1.    24.529379: __mod_zone_page_state <-lru_gen_del_folio.constprop.0
          md5sum-485     [003] d..1.    24.529379: _raw_spin_unlock_irqrestore <-folios_put_refs
          md5sum-485     [003] .....    24.529379: __rcu_read_unlock <-folios_put_refs
          md5sum-485     [003] .....    24.529379: __mem_cgroup_uncharge_folios <-folios_put_refs
          md5sum-485     [003] .....    24.529379: uncharge_folio <-__mem_cgroup_uncharge_folios
          md5sum-485     [003] .....    24.529379: uncharge_folio <-__mem_cgroup_uncharge_folios
          md5sum-485     [003] .....    24.529379: uncharge_batch <-__mem_cgroup_uncharge_folios
          md5sum-485     [003] .....    24.529380: __rcu_read_lock <-uncharge_batch
          md5sum-485     [003] .....    24.529380: __rcu_read_unlock <-uncharge_batch
          md5sum-485     [003] .....    24.529380: free_unref_folios <-folios_put_refs
          md5sum-485     [003] ...1.    24.529380: _raw_spin_trylock <-free_unref_folios
          md5sum-485     [003] ...2.    24.529380: free_frozen_page_commit <-free_unref_folios
          md5sum-485     [003] ...2.    24.529380: free_frozen_page_commit <-free_unref_folios
          md5sum-485     [003] ...2.    24.529380: _raw_spin_unlock <-free_unref_folios
          md5sum-485     [003] .....    24.529380: free_swap_cache <-free_pages_and_swap_cache
          md5sum-485     [003] .....    24.529380: free_swap_cache <-free_pages_and_swap_cache
          md5sum-485     [003] .....    24.529381: free_swap_cache <-free_pages_and_swap_cache
          md5sum-485     [003] .....    24.529381: free_swap_cache <-free_pages_and_swap_cache
          md5sum-485     [003] .....    24.529381: free_swap_cache <-free_pages_and_swap_cache
CPU:0 [LOST 53795 EVENTS]
             cat-467     [000] d..1.    24.531450: _raw_spin_unlock <-ring_buffer_peek
             cat-467     [000] d....    24.531450: _raw_spin_lock <-ring_buffer_empty_cpu.part.0.isra.0
             cat-467     [000] d..1.    24.531450: _raw_spin_unlock <-ring_buffer_empty_cpu.part.0.isra.0
             cat-467     [000] d....    24.531450: _raw_spin_lock <-ring_buffer_peek
             cat-467     [000] d..1.    24.531450: _raw_spin_unlock <-ring_buffer_peek
             cat-467     [000] d....    24.531451: _raw_spin_lock <-ring_buffer_empty_cpu.part.0.isra.0
             cat-467     [000] d..1.    24.531451: _raw_spin_unlock <-ring_buffer_empty_cpu.part.0.isra.0
             cat-467     [000] d....    24.531451: _raw_spin_lock <-ring_buffer_peek
             cat-467     [000] d..1.    24.531451: _raw_spin_unlock <-ring_buffer_peek
             cat-467     [000] .....    24.531452: kallsyms_lookup <-trace_seq_print_sym
             cat-467     [000] .....    24.531452: kallsyms_lookup_buildid <-kallsyms_lookup
             cat-467     [000] .....    24.531452: get_symbol_pos <-kallsyms_lookup_buildid
             cat-467     [000] .....    24.531452: get_symbol_offset <-kallsyms_lookup_buildid
             cat-467     [000] .....    24.531452: kallsyms_expand_symbol.constprop.0 <-kallsyms_lookup_buildid
             cat-467     [000] .....    24.531452: kallsyms_lookup <-trace_seq_print_sym
             cat-467     [000] .....    24.531453: kallsyms_lookup_buildid <-kallsyms_lookup
             cat-467     [000] .....    24.531453: get_symbol_pos <-kallsyms_lookup_buildid
             cat-467     [000] .....    24.531453: get_symbol_offset <-kallsyms_lookup_buildid
             cat-467     [000] .....    24.531453: kallsyms_expand_symbol.constprop.0 <-kallsyms_lookup_buildid
             cat-467     [000] d..1.    24.531453: _raw_spin_lock <-ring_buffer_consume
             cat-467     [000] d..2.    24.531453: _raw_spin_unlock <-ring_buffer_consume
             cat-467     [000] d....    24.531454: _raw_spin_lock <-ring_buffer_empty_cpu.part.0.isra.0
             cat-467     [000] d..1.    24.531454: _raw_spin_unlock <-ring_buffer_empty_cpu.part.0.isra.0
             cat-467     [000] d....    24.531454: _raw_spin_lock <-ring_buffer_peek
             cat-467     [000] d..1.    24.531454: _raw_spin_unlock <-ring_buffer_peek
             cat-467     [000] d....    24.531454: _raw_spin_lock <-ring_buffer_empty_cpu.part.0.isra.0
             cat-467     [000] d..1.    24.531454: _raw_spin_unlock <-ring_buffer_empty_cpu.part.0.isra.0
             cat-467     [000] d....    24.531454: _raw_spin_lock <-ring_buffer_peek
             cat-467     [000] d..1.    24.531454: _raw_spin_unlock <-ring_buffer_peek
             cat-467     [000] d....    24.531455: _raw_spin_lock <-ring_buffer_empty_cpu.part.0.isra.0
             cat-467     [000] d..1.    24.531455: _raw_spin_unlock <-ring_buffer_empty_cpu.part.0.isra.0
             cat-467     [000] d....    24.531455: _raw_spin_lock <-ring_buffer_peek
             cat-467     [000] d..1.    24.531455: _raw_spin_unlock <-ring_buffer_peek
             cat-467     [000] d....    24.531455: _raw_spin_lock <-ring_buffer_empty_cpu.part.0.isra.0
             cat-467     [000] d..1.    24.531455: _raw_spin_unlock <-ring_buffer_empty_cpu.part.0.isra.0
             cat-467     [000] d....    24.531455: _raw_spin_lock <-ring_buffer_peek
             cat-467     [000] d..1.    24.531455: _raw_spin_unlock <-ring_buffer_peek
             cat-467     [000] .....    24.531456: kallsyms_lookup <-trace_seq_print_sym
             cat-467     [000] .....    24.531456: kallsyms_lookup_buildid <-kallsyms_lookup
             cat-467     [000] .....    24.531456: get_symbol_pos <-kallsyms_lookup_buildid
             cat-467     [000] .....    24.531456: get_symbol_offset <-kallsyms_lookup_buildid
             cat-467     [000] .....    24.531457: kallsyms_expand_symbol.constprop.0 <-kallsyms_lookup_buildid
             cat-467     [000] .....    24.531457: kallsyms_lookup <-trace_seq_print_sym
             cat-467     [000] .....    24.531457: kallsyms_lookup_buildid <-kallsyms_lookup
             cat-467     [000] .....    24.531457: get_symbol_pos <-kallsyms_lookup_buildid
             cat-467     [000] .....    24.531457: get_symbol_offset <-kallsyms_lookup_buildid
             cat-467     [000] .....    24.531458: kallsyms_expand_symbol.constprop.0 <-kallsyms_lookup_buildid
             cat-467     [000] d..1.    24.531458: _raw_spin_lock <-ring_buffer_consume
             cat-467     [000] d..2.    24.531458: _raw_spin_unlock <-ring_buffer_consume
             cat-467     [000] d....    24.531458: _raw_spin_lock <-ring_buffer_empty_cpu.part.0.isra.0
             cat-467     [000] d..1.    24.531458: _raw_spin_unlock <-ring_buffer_empty_cpu.part.0.isra.0
             cat-467     [000] d....    24.531458: _raw_spin_lock <-ring_buffer_peek
             cat-467     [000] d..1.    24.531458: _raw_spin_unlock <-ring_buffer_peek
             cat-467     [000] d....    24.531459: _raw_spin_lock <-ring_buffer_empty_cpu.part.0.isra.0
             cat-467     [000] d..1.    24.531459: _raw_spin_unlock <-ring_buffer_empty_cpu.part.0.isra.0
             cat-467     [000] d....    24.531459: _raw_spin_lock <-ring_buffer_peek
             cat-467     [000] d..1.    24.531459: _raw_spin_unlock <-ring_buffer_peek
             cat-467     [000] d....    24.531459: _raw_spin_lock <-ring_buffer_empty_cpu.part.0.isra.0
             cat-467     [000] d..1.    24.531459: _raw_spin_unlock <-ring_buffer_empty_cpu.part.0.isra.0
             cat-467     [000] d....    24.531459: _raw_spin_lock <-ring_buffer_peek
             cat-467     [000] d..1.    24.531459: _raw_spin_unlock <-ring_buffer_peek
             cat-467     [000] d....    24.531460: _raw_spin_lock <-ring_buffer_empty_cpu.part.0.isra.0
             cat-467     [000] d..1.    24.531460: _raw_spin_unlock <-ring_buffer_empty_cpu.part.0.isra.0
             cat-467     [000] d....    24.531460: _raw_spin_lock <-ring_buffer_peek
             cat-467     [000] d..1.    24.531460: _raw_spin_unlock <-ring_buffer_peek
             cat-467     [000] .....    24.531461: kallsyms_lookup <-trace_seq_print_sym
             cat-467     [000] .....    24.531461: kallsyms_lookup_buildid <-kallsyms_lookup
             cat-467     [000] .....    24.531461: get_symbol_pos <-kallsyms_lookup_buildid
             cat-467     [000] .....    24.531461: get_symbol_offset <-kallsyms_lookup_buildid
             cat-467     [000] .....    24.531461: kallsyms_expand_symbol.constprop.0 <-kallsyms_lookup_buildid
             cat-467     [000] .....    24.531461: kallsyms_lookup <-trace_seq_print_sym
             cat-467     [000] .....    24.531462: kallsyms_lookup_buildid <-kallsyms_lookup
             cat-467     [000] .....    24.531462: get_symbol_pos <-kallsyms_lookup_buildid
             cat-467     [000] .....    24.531462: get_symbol_offset <-kallsyms_lookup_buildid
             cat-467     [000] .....    24.531462: kallsyms_expand_symbol.constprop.0 <-kallsyms_lookup_buildid
             cat-467     [000] d..1.    24.531462: _raw_spin_lock <-ring_buffer_consume
             cat-467     [000] d..2.    24.531462: _raw_spin_unlock <-ring_buffer_consume
             cat-467     [000] d....    24.531463: _raw_spin_lock <-ring_buffer_empty_cpu.part.0.isra.0
             cat-467     [000] d..1.    24.531463: _raw_spin_unlock <-ring_buffer_empty_cpu.part.0.isra.0
             cat-467     [000] d....    24.531463: _raw_spin_lock <-ring_buffer_peek
             cat-467     [000] d..1.    24.531463: _raw_spin_unlock <-ring_buffer_peek
             cat-467     [000] d....    24.531463: _raw_spin_lock <-ring_buffer_empty_cpu.part.0.isra.0
             cat-467     [000] d..1.    24.531463: _raw_spin_unlock <-ring_buffer_empty_cpu.part.0.isra.0
             cat-467     [000] d....    24.531463: _raw_spin_lock <-ring_buffer_peek
             cat-467     [000] d..1.    24.531463: _raw_spin_unlock <-ring_buffer_peek
             cat-467     [000] d....    24.531464: _raw_spin_lock <-ring_buffer_empty_cpu.part.0.isra.0
             cat-467     [000] d..1.    24.531464: _raw_spin_unlock <-ring_buffer_empty_cpu.part.0.isra.0
             cat-467     [000] d....    24.531464: _raw_spin_lock <-ring_buffer_peek
             cat-467     [000] d..1.    24.531464: _raw_spin_unlock <-ring_buffer_peek
             cat-467     [000] d....    24.531464: _raw_spin_lock <-ring_buffer_empty_cpu.part.0.isra.0
             cat-467     [000] d..1.    24.531464: _raw_spin_unlock <-ring_buffer_empty_cpu.part.0.isra.0
             cat-467     [000] d....    24.531464: _raw_spin_lock <-ring_buffer_peek
             cat-467     [000] d..1.    24.531464: _raw_spin_unlock <-ring_buffer_peek
             cat-467     [000] .....    24.531465: kallsyms_lookup <-trace_seq_print_sym
             cat-467     [000] .....    24.531465: kallsyms_lookup_buildid <-kallsyms_lookup
             cat-467     [000] .....    24.531465: get_symbol_pos <-kallsyms_lookup_buildid
             cat-467     [000] .....    24.531465: get_symbol_offset <-kallsyms_lookup_buildid
             cat-467     [000] .....    24.531466: kallsyms_expand_symbol.constprop.0 <-kallsyms_lookup_buildid
             cat-467     [000] .....    24.531466: kallsyms_lookup <-trace_seq_print_sym
             cat-467     [000] .....    24.531466: kallsyms_lookup_buildid <-kallsyms_lookup
             cat-467     [000] .....    24.531466: get_symbol_pos <-kallsyms_lookup_buildid
             cat-467     [000] .....    24.531466: get_symbol_offset <-kallsyms_lookup_buildid
             cat-467     [000] .....    24.531466: kallsyms_expand_symbol.constprop.0 <-kallsyms_lookup_buildid
             cat-467     [000] d..1.    24.531467: _raw_spin_lock <-ring_buffer_consume
             cat-467     [000] d..2.    24.531467: _raw_spin_unlock <-ring_buffer_consume
             cat-467     [000] d....    24.531467: _raw_spin_lock <-ring_buffer_empty_cpu.part.0.isra.0
             cat-467     [000] d..1.    24.531467: _raw_spin_unlock <-ring_buffer_empty_cpu.part.0.isra.0
             cat-467     [000] d....    24.531467: _raw_spin_lock <-ring_buffer_peek
             cat-467     [000] d..1.    24.531467: _raw_spin_unlock <-ring_buffer_peek
             cat-467     [000] d....    24.531467: _raw_spin_lock <-ring_buffer_empty_cpu.part.0.isra.0
             cat-467     [000] d..1.    24.531468: _raw_spin_unlock <-ring_buffer_empty_cpu.part.0.isra.0
             cat-467     [000] d....    24.531468: _raw_spin_lock <-ring_buffer_peek
             cat-467     [000] d..1.    24.531468: _raw_spin_unlock <-ring_buffer_peek
             cat-467     [000] d....    24.531468: _raw_spin_lock <-ring_buffer_empty_cpu.part.0.isra.0
             cat-467     [000] d..1.    24.531468: _raw_spin_unlock <-ring_buffer_empty_cpu.part.0.isra.0
             cat-467     [000] d....    24.531468: _raw_spin_lock <-ring_buffer_peek
             cat-467     [000] d..1.    24.531468: _raw_spin_unlock <-ring_buffer_peek
             cat-467     [000] d....    24.531468: _raw_spin_lock <-ring_buffer_empty_cpu.part.0.isra.0
             cat-467     [000] d..1.    24.531469: _raw_spin_unlock <-ring_buffer_empty_cpu.part.0.isra.0
             cat-467     [000] d....    24.531469: _raw_spin_lock <-ring_buffer_peek
             cat-467     [000] d..1.    24.531469: _raw_spin_unlock <-ring_buffer_peek
             cat-467     [000] .....    24.531469: kallsyms_lookup <-trace_seq_print_sym
             cat-467     [000] .....    24.531470: kallsyms_lookup_buildid <-kallsyms_lookup
             cat-467     [000] .....    24.531470: get_symbol_pos <-kallsyms_lookup_buildid
             cat-467     [000] .....    24.531470: get_symbol_offset <-kallsyms_lookup_buildid
             cat-467     [000] .....    24.531470: kallsyms_expand_symbol.constprop.0 <-kallsyms_lookup_buildid
             cat-467     [000] .....    24.531470: kallsyms_lookup <-trace_seq_print_sym
             cat-467     [000] .....    24.531470: kallsyms_lookup_buildid <-kallsyms_lookup
             cat-467     [000] .....    24.531470: get_symbol_pos <-kallsyms_lookup_buildid
             cat-467     [000] .....    24.531471: get_symbol_offset <-kallsyms_lookup_buildid
             cat-467     [000] .....    24.531471: kallsyms_expand_symbol.constprop.0 <-kallsyms_lookup_buildid
             cat-467     [000] d..1.    24.531471: _raw_spin_lock <-ring_buffer_consume
             cat-467     [000] d..2.    24.531471: _raw_spin_unlock <-ring_buffer_consume
             cat-467     [000] d....    24.531471: _raw_spin_lock <-ring_buffer_empty_cpu.part.0.isra.0
             cat-467     [000] d..1.    24.531471: _raw_spin_unlock <-ring_buffer_empty_cpu.part.0.isra.0
             cat-467     [000] d....    24.531472: _raw_spin_lock <-ring_buffer_peek
             cat-467     [000] d..1.    24.531472: _raw_spin_unlock <-ring_buffer_peek
             cat-467     [000] d....    24.531472: _raw_spin_lock <-ring_buffer_empty_cpu.part.0.isra.0
             cat-467     [000] d..1.    24.531472: _raw_spin_unlock <-ring_buffer_empty_cpu.part.0.isra.0
             cat-467     [000] d....    24.531472: _raw_spin_lock <-ring_buffer_peek
             cat-467     [000] d..1.    24.531472: _raw_spin_unlock <-ring_buffer_peek
             cat-467     [000] d....    24.531472: _raw_spin_lock <-ring_buffer_empty_cpu.part.0.isra.0
             cat-467     [000] d..1.    24.531472: _raw_spin_unlock <-ring_buffer_empty_cpu.part.0.isra.0
             cat-467     [000] d....    24.531473: _raw_spin_lock <-ring_buffer_peek
             cat-467     [000] d..1.    24.531473: _raw_spin_unlock <-ring_buffer_peek
CPU:1 [LOST 28710 EVENTS]
             cat-494     [001] .....    24.532189: bpf_lsm_file_release <-security_file_release
             cat-494     [001] .....    24.532189: pipe_release <-__fput
             cat-494     [001] .....    24.532189: mutex_lock <-pipe_release
             cat-494     [001] .....    24.532190: mutex_unlock <-pipe_release
             cat-494     [001] .....    24.532190: _raw_spin_lock <-pipe_release
             cat-494     [001] ...1.    24.532190: _raw_spin_unlock <-pipe_release
             cat-494     [001] .....    24.532190: free_pipe_info <-pipe_release
             cat-494     [001] .....    24.532190: free_uid <-free_pipe_info
             cat-494     [001] .....    24.532190: __free_pages <-free_pipe_info
             cat-494     [001] .....    24.532190: ___free_pages <-free_pipe_info
             cat-494     [001] .....    24.532190: __free_frozen_pages <-free_pipe_info
             cat-494     [001] .....    24.532191: __get_pfnblock_flags_mask.isra.0 <-__free_frozen_pages
             cat-494     [001] ...1.    24.532191: _raw_spin_trylock <-__free_frozen_pages
             cat-494     [001] ...2.    24.532191: free_frozen_page_commit <-__free_frozen_pages
             cat-494     [001] ...2.    24.532191: _raw_spin_unlock <-__free_frozen_pages
             cat-494     [001] .....    24.532191: kfree <-free_pipe_info
             cat-494     [001] .....    24.532191: kfree <-pipe_release
             cat-494     [001] .....    24.532191: module_put <-__fput
             cat-494     [001] .....    24.532191: file_f_owner_release <-__fput
             cat-494     [001] .....    24.532192: dput <-__fput
             cat-494     [001] .....    24.532192: dput.part.0 <-__fput
             cat-494     [001] .....    24.532192: __rcu_read_lock <-dput.part.0
             cat-494     [001] .....    24.532192: _raw_spin_lock <-dput.part.0
             cat-494     [001] ...1.    24.532192: finish_dput <-__fput
             cat-494     [001] ...1.    24.532192: lock_for_kill <-finish_dput
             cat-494     [001] ...1.    24.532192: _raw_spin_trylock <-lock_for_kill
             cat-494     [001] ...2.    24.532192: __rcu_read_unlock <-finish_dput
             cat-494     [001] ...2.    24.532192: __dentry_kill <-finish_dput
             cat-494     [001] ...2.    24.532193: dentry_unlink_inode <-__dentry_kill
             cat-494     [001] ...2.    24.532193: _raw_spin_unlock <-dentry_unlink_inode
             cat-494     [001] ...1.    24.532193: _raw_spin_unlock <-dentry_unlink_inode
             cat-494     [001] .....    24.532193: iput <-__dentry_kill
             cat-494     [001] .....    24.532193: sync_lazytime <-iput
             cat-494     [001] .....    24.532193: _raw_spin_lock <-iput
             cat-494     [001] ...1.    24.532193: _raw_spin_unlock <-iput
             cat-494     [001] .....    24.532194: evict <-__dentry_kill
             cat-494     [001] .....    24.532194: inode_io_list_del <-evict
             cat-494     [001] .....    24.532194: _raw_spin_lock <-evict
             cat-494     [001] ...1.    24.532194: inode_wait_for_writeback <-evict
             cat-494     [001] ...1.    24.532194: _raw_spin_unlock <-evict
             cat-494     [001] .....    24.532194: truncate_inode_pages_final <-evict
             cat-494     [001] .....    24.532194: truncate_inode_pages_range <-evict
             cat-494     [001] .....    24.532195: clear_inode <-evict
             cat-494     [001] .....    24.532195: _raw_spin_lock_irq <-clear_inode
             cat-494     [001] d..1.    24.532195: _raw_spin_unlock_irq <-clear_inode
             cat-494     [001] .....    24.532195: wake_up_var <-evict
             cat-494     [001] .....    24.532195: destroy_inode <-__dentry_kill
             cat-494     [001] .....    24.532195: __destroy_inode <-destroy_inode
             cat-494     [001] .....    24.532195: security_inode_free <-__destroy_inode
             cat-494     [001] .....    24.532195: bpf_lsm_inode_free_security <-security_inode_free
             cat-494     [001] .....    24.532196: bpf_inode_storage_free <-security_inode_free
             cat-494     [001] ....1    24.532196: __rcu_read_lock <-bpf_inode_storage_free
             cat-494     [001] ....1    24.532196: __rcu_read_unlock <-bpf_inode_storage_free
             cat-494     [001] .....    24.532196: call_rcu <-__destroy_inode
             cat-494     [001] .....    24.532196: __call_rcu_common <-__destroy_inode
             cat-494     [001] d....    24.532196: rcu_async_should_hurry <-__call_rcu_common
             cat-494     [001] d....    24.532196: rcu_segcblist_enqueue <-__call_rcu_common
             cat-494     [001] .....    24.532196: __fsnotify_inode_delete <-__destroy_inode
             cat-494     [001] .....    24.532196: fsnotify_destroy_marks <-__destroy_inode
             cat-494     [001] .....    24.532197: fsnotify_grab_connector <-fsnotify_destroy_marks
             cat-494     [001] .....    24.532197: __srcu_read_lock <-fsnotify_grab_connector
             cat-494     [001] .....    24.532197: __srcu_read_unlock <-fsnotify_grab_connector
             cat-494     [001] .....    24.532197: locks_free_lock_context <-__destroy_inode
             cat-494     [001] .....    24.532197: free_inode_nonrcu <-destroy_inode
             cat-494     [001] .....    24.532197: kmem_cache_free <-destroy_inode
             cat-494     [001] .....    24.532197: _raw_spin_lock <-__dentry_kill
             cat-494     [001] ...1.    24.532197: _raw_spin_unlock <-__dentry_kill
             cat-494     [001] .....    24.532198: dentry_free <-__dentry_kill
             cat-494     [001] .....    24.532198: kmem_cache_free <-__dentry_kill
             cat-494     [001] .....    24.532198: mntput <-__fput
             cat-494     [001] .....    24.532198: __rcu_read_lock <-mntput
             cat-494     [001] .....    24.532198: __rcu_read_unlock <-__fput
             cat-494     [001] .....    24.532198: security_file_free <-__fput
             cat-494     [001] .....    24.532198: hook_file_free_security <-security_file_free
             cat-494     [001] .....    24.532198: put_pid <-hook_file_free_security
             cat-494     [001] .....    24.532198: landlock_put_ruleset_deferred <-security_file_free
             cat-494     [001] .....    24.532199: bpf_lsm_file_free_security <-security_file_free
             cat-494     [001] .....    24.532199: kmem_cache_free <-__fput
             cat-494     [001] .....    24.532199: kmem_cache_free <-task_work_run
             cat-494     [001] .....    24.532199: ____fput <-task_work_run
             cat-494     [001] .....    24.532199: __fput <-task_work_run
             cat-494     [001] .....    24.532199: locks_remove_file <-__fput
             cat-494     [001] .....    24.532199: security_file_release <-__fput
             cat-494     [001] .....    24.532199: bpf_lsm_file_release <-security_file_release
             cat-494     [001] .....    24.532199: module_put <-__fput
             cat-494     [001] .....    24.532200: file_f_owner_release <-__fput
             cat-494     [001] .....    24.532200: dput <-__fput
             cat-494     [001] .....    24.532200: dput.part.0 <-__fput
             cat-494     [001] .....    24.532200: __rcu_read_lock <-dput.part.0
             cat-494     [001] .....    24.532200: __rcu_read_unlock <-__fput
             cat-494     [001] .....    24.532200: mntput <-__fput
             cat-494     [001] .....    24.532200: __rcu_read_lock <-mntput
             cat-494     [001] .....    24.532200: __rcu_read_unlock <-__fput
             cat-494     [001] .....    24.532200: security_file_free <-__fput
             cat-494     [001] .....    24.532201: hook_file_free_security <-security_file_free
             cat-494     [001] .....    24.532201: put_pid <-hook_file_free_security
             cat-494     [001] .....    24.532201: landlock_put_ruleset_deferred <-security_file_free
             cat-494     [001] .....    24.532201: bpf_lsm_file_free_security <-security_file_free
             cat-494     [001] .....    24.532201: kmem_cache_free <-__fput
             cat-494     [001] .....    24.532201: __put_cred <-__fput
             cat-494     [001] .....    24.532201: call_rcu <-__fput
             cat-494     [001] .....    24.532201: __call_rcu_common <-__fput
             cat-494     [001] d....    24.532201: rcu_async_should_hurry <-__call_rcu_common
             cat-494     [001] d....    24.532201: rcu_segcblist_enqueue <-__call_rcu_common
             cat-494     [001] .....    24.532202: kmem_cache_free <-task_work_run
             cat-494     [001] .....    24.532202: exit_thread <-do_exit
             cat-494     [001] .....    24.532202: shstk_free <-exit_thread
             cat-494     [001] .....    24.532202: fpu__drop <-do_exit
             cat-494     [001] .....    24.532202: sched_autogroup_exit_task <-do_exit
             cat-494     [001] .....    24.532202: sched_move_task <-do_exit
             cat-494     [001] .....    24.532202: _task_rq_lock <-sched_move_task
             cat-494     [001] .....    24.532202: _raw_spin_lock_irqsave <-_task_rq_lock
             cat-494     [001] d..1.    24.532203: raw_spin_rq_lock_nested <-_task_rq_lock
             cat-494     [001] d..2.    24.532203: _raw_spin_lock <-raw_spin_rq_lock_nested
             cat-494     [001] d..2.    24.532203: sched_change_begin <-sched_move_task
             cat-494     [001] d..2.    24.532203: update_rq_clock <-sched_change_begin
             cat-494     [001] d..2.    24.532203: kvm_steal_clock <-update_rq_clock
             cat-494     [001] d..2.    24.532203: update_irq_load_avg <-update_rq_clock
             cat-494     [001] d..2.    24.532203: arch_scale_cpu_capacity <-update_irq_load_avg
             cat-494     [001] d..2.    24.532204: arch_scale_cpu_capacity <-update_rq_clock
             cat-494     [001] d..2.    24.532204: dequeue_task_fair <-sched_change_begin
             cat-494     [001] d..2.    24.532204: dequeue_entities <-dequeue_task_fair
             cat-494     [001] d..2.    24.532204: update_curr <-dequeue_entities
             cat-494     [001] d..2.    24.532204: update_se <-update_curr
             cat-494     [001] d..2.    24.532204: cpuacct_charge <-update_se
             cat-494     [001] d..2.    24.532204: dl_server_update <-update_curr
             cat-494     [001] d..2.    24.532205: update_curr_dl_se <-update_curr
             cat-494     [001] d..2.    24.532205: __update_load_avg_se <-update_load_avg
             cat-494     [001] d..2.    24.532205: __update_load_avg_cfs_rq <-update_cfs_rq_load_avg
             cat-494     [001] d..2.    24.532205: avg_vruntime <-dequeue_entities
             cat-494     [001] d..2.    24.532205: entity_lag.isra.0 <-dequeue_entities
             cat-494     [001] d..2.    24.532205: update_cfs_group <-dequeue_entities
             cat-494     [001] d..2.    24.532206: put_prev_task_fair <-sched_change_begin
             cat-494     [001] d..2.    24.532206: put_prev_entity <-put_prev_task_fair
             cat-494     [001] d..2.    24.532206: task_wants_autogroup <-sched_move_task
             cat-494     [001] d..2.    24.532206: task_change_group_fair <-sched_move_task
             cat-494     [001] d..2.    24.532206: __update_load_avg_se <-task_change_group_fair
             cat-494     [001] d..2.    24.532206: __update_load_avg_cfs_rq <-update_cfs_rq_load_avg
             cat-494     [001] d..2.    24.532206: detach_entity_load_avg <-task_change_group_fair
             cat-494     [001] d..2.    24.532206: propagate_entity_cfs_rq <-task_change_group_fair
             cat-494     [001] d..2.    24.532207: attach_entity_cfs_rq <-sched_move_task
             cat-494     [001] d..2.    24.532207: __update_load_avg_cfs_rq <-update_cfs_rq_load_avg
             cat-494     [001] d..2.    24.532207: attach_entity_load_avg <-attach_entity_cfs_rq
             cat-494     [001] d..2.    24.532207: propagate_entity_cfs_rq <-sched_move_task
             cat-494     [001] d..2.    24.532207: sched_change_end <-sched_move_task
CPU:2 [LOST 23780 EVENTS]
              ls-469     [002] .....    24.533170: verify_dirent_name <-filldir64
              ls-469     [002] .....    24.533171: find_positive_dentry <-offset_readdir
              ls-469     [002] .....    24.533171: _raw_spin_lock <-find_positive_dentry
              ls-469     [002] ...1.    24.533171: _raw_spin_lock <-find_positive_dentry
              ls-469     [002] ...2.    24.533171: _raw_spin_unlock <-find_positive_dentry
              ls-469     [002] ...1.    24.533171: _raw_spin_unlock <-find_positive_dentry
              ls-469     [002] .....    24.533171: dput <-offset_readdir
              ls-469     [002] .....    24.533171: dput.part.0 <-offset_readdir
              ls-469     [002] .....    24.533171: __rcu_read_lock <-dput.part.0
              ls-469     [002] .....    24.533172: __rcu_read_unlock <-offset_readdir
              ls-469     [002] .....    24.533172: fs_umode_to_dtype <-offset_readdir
              ls-469     [002] .....    24.533172: filldir64 <-offset_readdir
              ls-469     [002] .....    24.533172: verify_dirent_name <-filldir64
              ls-469     [002] .....    24.533172: find_positive_dentry <-offset_readdir
              ls-469     [002] .....    24.533172: _raw_spin_lock <-find_positive_dentry
              ls-469     [002] ...1.    24.533172: _raw_spin_lock <-find_positive_dentry
              ls-469     [002] ...2.    24.533173: _raw_spin_unlock <-find_positive_dentry
              ls-469     [002] ...1.    24.533173: _raw_spin_unlock <-find_positive_dentry
              ls-469     [002] .....    24.533173: dput <-offset_readdir
              ls-469     [002] .....    24.533173: dput.part.0 <-offset_readdir
              ls-469     [002] .....    24.533173: __rcu_read_lock <-dput.part.0
              ls-469     [002] .....    24.533173: __rcu_read_unlock <-offset_readdir
              ls-469     [002] .....    24.533173: fs_umode_to_dtype <-offset_readdir
              ls-469     [002] .....    24.533174: filldir64 <-offset_readdir
              ls-469     [002] .....    24.533174: verify_dirent_name <-filldir64
              ls-469     [002] .....    24.533174: find_positive_dentry <-offset_readdir
              ls-469     [002] .....    24.533174: _raw_spin_lock <-find_positive_dentry
              ls-469     [002] ...1.    24.533174: _raw_spin_lock <-find_positive_dentry
              ls-469     [002] ...2.    24.533174: _raw_spin_unlock <-find_positive_dentry
              ls-469     [002] ...1.    24.533174: _raw_spin_unlock <-find_positive_dentry
              ls-469     [002] .....    24.533175: dput <-offset_readdir
              ls-469     [002] .....    24.533175: dput.part.0 <-offset_readdir
              ls-469     [002] .....    24.533175: __rcu_read_lock <-dput.part.0
              ls-469     [002] .....    24.533175: __rcu_read_unlock <-offset_readdir
              ls-469     [002] .....    24.533175: fs_umode_to_dtype <-offset_readdir
              ls-469     [002] .....    24.533175: filldir64 <-offset_readdir
              ls-469     [002] .....    24.533175: verify_dirent_name <-filldir64
              ls-469     [002] .....    24.533175: find_positive_dentry <-offset_readdir
              ls-469     [002] .....    24.533175: _raw_spin_lock <-find_positive_dentry
              ls-469     [002] ...1.    24.533176: _raw_spin_lock <-find_positive_dentry
              ls-469     [002] ...2.    24.533176: _raw_spin_unlock <-find_positive_dentry
              ls-469     [002] ...1.    24.533176: _raw_spin_unlock <-find_positive_dentry
              ls-469     [002] .....    24.533176: dput <-offset_readdir
              ls-469     [002] .....    24.533176: dput.part.0 <-offset_readdir
              ls-469     [002] .....    24.533176: __rcu_read_lock <-dput.part.0
              ls-469     [002] .....    24.533176: __rcu_read_unlock <-offset_readdir
              ls-469     [002] .....    24.533176: fs_umode_to_dtype <-offset_readdir
              ls-469     [002] .....    24.533176: filldir64 <-offset_readdir
              ls-469     [002] .....    24.533177: verify_dirent_name <-filldir64
              ls-469     [002] .....    24.533177: find_positive_dentry <-offset_readdir
              ls-469     [002] .....    24.533177: _raw_spin_lock <-find_positive_dentry
              ls-469     [002] ...1.    24.533177: _raw_spin_lock <-find_positive_dentry
              ls-469     [002] ...2.    24.533177: _raw_spin_unlock <-find_positive_dentry
              ls-469     [002] ...1.    24.533177: _raw_spin_unlock <-find_positive_dentry
              ls-469     [002] .....    24.533177: dput <-offset_readdir
              ls-469     [002] .....    24.533177: dput.part.0 <-offset_readdir
              ls-469     [002] .....    24.533177: __rcu_read_lock <-dput.part.0
              ls-469     [002] .....    24.533178: __rcu_read_unlock <-offset_readdir
              ls-469     [002] .....    24.533178: fs_umode_to_dtype <-offset_readdir
              ls-469     [002] .....    24.533178: filldir64 <-offset_readdir
              ls-469     [002] .....    24.533178: verify_dirent_name <-filldir64
              ls-469     [002] .....    24.533178: find_positive_dentry <-offset_readdir
              ls-469     [002] .....    24.533178: _raw_spin_lock <-find_positive_dentry
              ls-469     [002] ...1.    24.533178: _raw_spin_lock <-find_positive_dentry
              ls-469     [002] ...2.    24.533178: _raw_spin_unlock <-find_positive_dentry
              ls-469     [002] ...1.    24.533179: _raw_spin_unlock <-find_positive_dentry
              ls-469     [002] .....    24.533179: dput <-offset_readdir
              ls-469     [002] .....    24.533179: dput.part.0 <-offset_readdir
              ls-469     [002] .....    24.533179: __rcu_read_lock <-dput.part.0
              ls-469     [002] .....    24.533179: __rcu_read_unlock <-offset_readdir
              ls-469     [002] .....    24.533179: fs_umode_to_dtype <-offset_readdir
              ls-469     [002] .....    24.533179: filldir64 <-offset_readdir
              ls-469     [002] .....    24.533179: verify_dirent_name <-filldir64
              ls-469     [002] .....    24.533179: find_positive_dentry <-offset_readdir
              ls-469     [002] .....    24.533180: _raw_spin_lock <-find_positive_dentry
              ls-469     [002] ...1.    24.533180: _raw_spin_lock <-find_positive_dentry
              ls-469     [002] ...2.    24.533180: _raw_spin_unlock <-find_positive_dentry
              ls-469     [002] ...1.    24.533180: _raw_spin_unlock <-find_positive_dentry
              ls-469     [002] .....    24.533180: dput <-offset_readdir
              ls-469     [002] .....    24.533180: dput.part.0 <-offset_readdir
              ls-469     [002] .....    24.533180: __rcu_read_lock <-dput.part.0
              ls-469     [002] .....    24.533180: __rcu_read_unlock <-offset_readdir
              ls-469     [002] .....    24.533180: fs_umode_to_dtype <-offset_readdir
              ls-469     [002] .....    24.533181: filldir64 <-offset_readdir
              ls-469     [002] .....    24.533181: verify_dirent_name <-filldir64
              ls-469     [002] .....    24.533181: find_positive_dentry <-offset_readdir
              ls-469     [002] .....    24.533181: _raw_spin_lock <-find_positive_dentry
              ls-469     [002] ...1.    24.533181: _raw_spin_lock <-find_positive_dentry
              ls-469     [002] ...2.    24.533181: _raw_spin_unlock <-find_positive_dentry
              ls-469     [002] ...1.    24.533181: _raw_spin_unlock <-find_positive_dentry
              ls-469     [002] .....    24.533181: dput <-offset_readdir
              ls-469     [002] .....    24.533182: dput.part.0 <-offset_readdir
              ls-469     [002] .....    24.533182: __rcu_read_lock <-dput.part.0
              ls-469     [002] .....    24.533182: __rcu_read_unlock <-offset_readdir
              ls-469     [002] .....    24.533182: fs_umode_to_dtype <-offset_readdir
              ls-469     [002] .....    24.533182: filldir64 <-offset_readdir
              ls-469     [002] .....    24.533182: verify_dirent_name <-filldir64
              ls-469     [002] .....    24.533182: find_positive_dentry <-offset_readdir
              ls-469     [002] .....    24.533182: _raw_spin_lock <-find_positive_dentry
              ls-469     [002] ...1.    24.533183: _raw_spin_lock <-find_positive_dentry
              ls-469     [002] ...2.    24.533183: _raw_spin_unlock <-find_positive_dentry
              ls-469     [002] ...1.    24.533183: _raw_spin_unlock <-find_positive_dentry
              ls-469     [002] .....    24.533183: dput <-offset_readdir
              ls-469     [002] .....    24.533183: dput.part.0 <-offset_readdir
              ls-469     [002] .....    24.533183: __rcu_read_lock <-dput.part.0
              ls-469     [002] .....    24.533183: __rcu_read_unlock <-offset_readdir
              ls-469     [002] .....    24.533184: fs_umode_to_dtype <-offset_readdir
              ls-469     [002] .....    24.533184: filldir64 <-offset_readdir
              ls-469     [002] .....    24.533184: verify_dirent_name <-filldir64
              ls-469     [002] .....    24.533184: find_positive_dentry <-offset_readdir
              ls-469     [002] .....    24.533184: _raw_spin_lock <-find_positive_dentry
              ls-469     [002] ...1.    24.533184: _raw_spin_lock <-find_positive_dentry
              ls-469     [002] ...2.    24.533184: _raw_spin_unlock <-find_positive_dentry
              ls-469     [002] ...1.    24.533184: _raw_spin_unlock <-find_positive_dentry
              ls-469     [002] .....    24.533185: dput <-offset_readdir
              ls-469     [002] .....    24.533185: dput.part.0 <-offset_readdir
              ls-469     [002] .....    24.533185: __rcu_read_lock <-dput.part.0
              ls-469     [002] .....    24.533185: __rcu_read_unlock <-offset_readdir
              ls-469     [002] .....    24.533185: fs_umode_to_dtype <-offset_readdir
              ls-469     [002] .....    24.533185: filldir64 <-offset_readdir
              ls-469     [002] .....    24.533185: verify_dirent_name <-filldir64
              ls-469     [002] .....    24.533185: find_positive_dentry <-offset_readdir
              ls-469     [002] .....    24.533185: _raw_spin_lock <-find_positive_dentry
              ls-469     [002] ...1.    24.533186: _raw_spin_lock <-find_positive_dentry
              ls-469     [002] ...2.    24.533186: _raw_spin_unlock <-find_positive_dentry
              ls-469     [002] ...1.    24.533186: _raw_spin_unlock <-find_positive_dentry
              ls-469     [002] .....    24.533186: dput <-offset_readdir
              ls-469     [002] .....    24.533186: dput.part.0 <-offset_readdir
              ls-469     [002] .....    24.533186: __rcu_read_lock <-dput.part.0
              ls-469     [002] .....    24.533186: __rcu_read_unlock <-offset_readdir
              ls-469     [002] .....    24.533186: fs_umode_to_dtype <-offset_readdir
              ls-469     [002] .....    24.533187: filldir64 <-offset_readdir
              ls-469     [002] .....    24.533187: verify_dirent_name <-filldir64
              ls-469     [002] .....    24.533187: find_positive_dentry <-offset_readdir
              ls-469     [002] .....    24.533187: _raw_spin_lock <-find_positive_dentry
              ls-469     [002] ...1.    24.533187: _raw_spin_lock <-find_positive_dentry
              ls-469     [002] ...2.    24.533187: _raw_spin_unlock <-find_positive_dentry
              ls-469     [002] ...1.    24.533187: _raw_spin_unlock <-find_positive_dentry
              ls-469     [002] .....    24.533187: dput <-offset_readdir
              ls-469     [002] .....    24.533187: dput.part.0 <-offset_readdir
              ls-469     [002] .....    24.533188: __rcu_read_lock <-dput.part.0
              ls-469     [002] .....    24.533188: __rcu_read_unlock <-offset_readdir
              ls-469     [002] .....    24.533188: fs_umode_to_dtype <-offset_readdir
              ls-469     [002] .....    24.533188: filldir64 <-offset_readdir
              ls-469     [002] .....    24.533188: verify_dirent_name <-filldir64
CPU:3 [LOST 40745 EVENTS]
             cat-499     [003] .....    24.535990: __zap_vma_range <-unmap_vmas
             cat-499     [003] .....    24.535990: pte_offset_map_lock <-__zap_vma_range
             cat-499     [003] .....    24.535990: __pte_offset_map <-pte_offset_map_lock
             cat-499     [003] .....    24.535990: __rcu_read_lock <-__pte_offset_map
             cat-499     [003] .....    24.535990: _raw_spin_lock <-pte_offset_map_lock
             cat-499     [003] ...1.    24.535990: flush_tlb_batched_pending <-__zap_vma_range
             cat-499     [003] ...1.    24.535990: vm_normal_page <-__zap_vma_range
             cat-499     [003] ...1.    24.535990: arch_check_zapped_pte <-__zap_vma_range
             cat-499     [003] ...1.    24.535990: folio_remove_rmap_ptes <-__zap_vma_range
             cat-499     [003] ...1.    24.535991: lruvec_stat_mod_folio <-folio_remove_rmap_ptes
             cat-499     [003] ...1.    24.535991: __rcu_read_lock <-lruvec_stat_mod_folio
             cat-499     [003] ...1.    24.535991: mod_node_page_state <-lruvec_stat_mod_folio
             cat-499     [003] ...1.    24.535991: __mod_memcg_lruvec_state <-lruvec_stat_mod_folio
             cat-499     [003] ...2.    24.535991: memcg_state_val_in_pages <-__mod_memcg_lruvec_state
             cat-499     [003] ...2.    24.535991: __css_rstat_updated <-__mod_memcg_lruvec_state
             cat-499     [003] ...1.    24.535991: __rcu_read_unlock <-folio_remove_rmap_ptes
             cat-499     [003] ...1.    24.535991: __tlb_remove_folio_pages <-__zap_vma_range
             cat-499     [003] ...1.    24.535991: vm_normal_page <-__zap_vma_range
             cat-499     [003] ...1.    24.535992: arch_check_zapped_pte <-__zap_vma_range
             cat-499     [003] ...1.    24.535992: folio_remove_rmap_ptes <-__zap_vma_range
             cat-499     [003] ...1.    24.535992: lruvec_stat_mod_folio <-folio_remove_rmap_ptes
             cat-499     [003] ...1.    24.535992: __rcu_read_lock <-lruvec_stat_mod_folio
             cat-499     [003] ...1.    24.535992: mod_node_page_state <-lruvec_stat_mod_folio
             cat-499     [003] ...1.    24.535992: __mod_memcg_lruvec_state <-lruvec_stat_mod_folio
             cat-499     [003] ...2.    24.535992: memcg_state_val_in_pages <-__mod_memcg_lruvec_state
             cat-499     [003] ...2.    24.535992: __css_rstat_updated <-__mod_memcg_lruvec_state
             cat-499     [003] ...1.    24.535992: __rcu_read_unlock <-folio_remove_rmap_ptes
             cat-499     [003] ...1.    24.535992: __tlb_remove_folio_pages <-__zap_vma_range
             cat-499     [003] ...1.    24.535993: _raw_spin_unlock <-__zap_vma_range
             cat-499     [003] .....    24.535993: __rcu_read_unlock <-__zap_vma_range
             cat-499     [003] .....    24.535993: __zap_vma_range <-unmap_vmas
             cat-499     [003] .....    24.535993: pte_offset_map_lock <-__zap_vma_range
             cat-499     [003] .....    24.535993: __pte_offset_map <-pte_offset_map_lock
             cat-499     [003] .....    24.535993: __rcu_read_lock <-__pte_offset_map
             cat-499     [003] .....    24.535993: _raw_spin_lock <-pte_offset_map_lock
             cat-499     [003] ...1.    24.535993: flush_tlb_batched_pending <-__zap_vma_range
             cat-499     [003] ...1.    24.535994: vm_normal_page <-__zap_vma_range
             cat-499     [003] ...1.    24.535994: arch_check_zapped_pte <-__zap_vma_range
             cat-499     [003] ...1.    24.535994: folio_remove_rmap_ptes <-__zap_vma_range
             cat-499     [003] ...1.    24.535994: lruvec_stat_mod_folio <-folio_remove_rmap_ptes
             cat-499     [003] ...1.    24.535994: __rcu_read_lock <-lruvec_stat_mod_folio
             cat-499     [003] ...1.    24.535994: mod_node_page_state <-lruvec_stat_mod_folio
             cat-499     [003] ...1.    24.535994: __mod_memcg_lruvec_state <-lruvec_stat_mod_folio
             cat-499     [003] ...2.    24.535994: memcg_state_val_in_pages <-__mod_memcg_lruvec_state
             cat-499     [003] ...2.    24.535994: __css_rstat_updated <-__mod_memcg_lruvec_state
             cat-499     [003] ...1.    24.535994: __rcu_read_unlock <-folio_remove_rmap_ptes
             cat-499     [003] ...1.    24.535995: __tlb_remove_folio_pages <-__zap_vma_range
             cat-499     [003] ...1.    24.535995: vm_normal_page <-__zap_vma_range
             cat-499     [003] ...1.    24.535995: arch_check_zapped_pte <-__zap_vma_range
             cat-499     [003] ...1.    24.535995: folio_remove_rmap_ptes <-__zap_vma_range
             cat-499     [003] ...1.    24.535995: lruvec_stat_mod_folio <-folio_remove_rmap_ptes
             cat-499     [003] ...1.    24.535995: __rcu_read_lock <-lruvec_stat_mod_folio
             cat-499     [003] ...1.    24.535995: mod_node_page_state <-lruvec_stat_mod_folio
             cat-499     [003] ...1.    24.535995: __mod_memcg_lruvec_state <-lruvec_stat_mod_folio
             cat-499     [003] ...2.    24.535995: memcg_state_val_in_pages <-__mod_memcg_lruvec_state
             cat-499     [003] ...2.    24.535995: __css_rstat_updated <-__mod_memcg_lruvec_state
             cat-499     [003] ...1.    24.535996: __rcu_read_unlock <-folio_remove_rmap_ptes
             cat-499     [003] ...1.    24.535996: __tlb_remove_folio_pages <-__zap_vma_range
             cat-499     [003] ...1.    24.535996: _raw_spin_unlock <-__zap_vma_range
             cat-499     [003] .....    24.535996: __rcu_read_unlock <-__zap_vma_range
             cat-499     [003] .....    24.535996: up_read <-exit_mmap
             cat-499     [003] .....    24.535996: down_write <-exit_mmap
             cat-499     [003] .....    24.535996: free_pgtables <-exit_mmap
             cat-499     [003] .....    24.535996: __vma_start_write <-free_pgtables
             cat-499     [003] .....    24.535997: __vma_start_exclude_readers <-__vma_start_write
             cat-499     [003] .....    24.535997: finish_rcuwait <-__vma_start_exclude_readers
             cat-499     [003] .....    24.535997: unlink_anon_vmas <-free_pgtables
             cat-499     [003] .....    24.535997: unlink_file_vma_batch_init <-free_pgtables
             cat-499     [003] .....    24.535997: unlink_file_vma_batch_add <-free_pgtables
             cat-499     [003] .....    24.535997: __vma_start_write <-free_pgtables
             cat-499     [003] .....    24.535997: __vma_start_exclude_readers <-__vma_start_write
             cat-499     [003] .....    24.535997: finish_rcuwait <-__vma_start_exclude_readers
             cat-499     [003] .....    24.535997: unlink_anon_vmas <-free_pgtables
             cat-499     [003] .....    24.535998: unlink_file_vma_batch_add <-free_pgtables
             cat-499     [003] .....    24.535998: __vma_start_write <-free_pgtables
             cat-499     [003] .....    24.535998: __vma_start_exclude_readers <-__vma_start_write
             cat-499     [003] .....    24.535998: finish_rcuwait <-__vma_start_exclude_readers
             cat-499     [003] .....    24.535998: unlink_anon_vmas <-free_pgtables
             cat-499     [003] .....    24.535998: unlink_file_vma_batch_add <-free_pgtables
             cat-499     [003] .....    24.535998: __vma_start_write <-free_pgtables
             cat-499     [003] .....    24.535998: __vma_start_exclude_readers <-__vma_start_write
             cat-499     [003] .....    24.535998: finish_rcuwait <-__vma_start_exclude_readers
             cat-499     [003] .....    24.535999: unlink_anon_vmas <-free_pgtables
             cat-499     [003] .....    24.535999: unlink_file_vma_batch_add <-free_pgtables
             cat-499     [003] .....    24.535999: __vma_start_write <-free_pgtables
             cat-499     [003] .....    24.535999: __vma_start_exclude_readers <-__vma_start_write
             cat-499     [003] .....    24.535999: finish_rcuwait <-__vma_start_exclude_readers
             cat-499     [003] .....    24.535999: unlink_anon_vmas <-free_pgtables
             cat-499     [003] .....    24.535999: unlink_file_vma_batch_add <-free_pgtables
             cat-499     [003] .....    24.535999: __vma_start_write <-free_pgtables
             cat-499     [003] .....    24.535999: __vma_start_exclude_readers <-__vma_start_write
             cat-499     [003] .....    24.535999: finish_rcuwait <-__vma_start_exclude_readers
             cat-499     [003] .....    24.536000: unlink_anon_vmas <-free_pgtables
             cat-499     [003] .....    24.536000: unlink_file_vma_batch_add <-free_pgtables
             cat-499     [003] .....    24.536000: __vma_start_write <-free_pgtables
             cat-499     [003] .....    24.536000: __vma_start_exclude_readers <-__vma_start_write
             cat-499     [003] .....    24.536000: finish_rcuwait <-__vma_start_exclude_readers
             cat-499     [003] .....    24.536000: unlink_anon_vmas <-free_pgtables
             cat-499     [003] .....    24.536000: down_write <-unlink_anon_vmas
             cat-499     [003] .....    24.536000: anon_vma_interval_tree_remove <-unlink_anon_vmas
             cat-499     [003] .....    24.536001: up_write <-unlink_anon_vmas
             cat-499     [003] .....    24.536001: __put_anon_vma <-unlink_anon_vmas
             cat-499     [003] .....    24.536001: kmem_cache_free <-__put_anon_vma
             cat-499     [003] .....    24.536001: kmem_cache_free <-unlink_anon_vmas
             cat-499     [003] .....    24.536001: unlink_file_vma_batch_add <-free_pgtables
             cat-499     [003] .....    24.536001: __vma_start_write <-free_pgtables
             cat-499     [003] .....    24.536001: __vma_start_exclude_readers <-__vma_start_write
             cat-499     [003] .....    24.536001: finish_rcuwait <-__vma_start_exclude_readers
             cat-499     [003] .....    24.536001: unlink_anon_vmas <-free_pgtables
             cat-499     [003] .....    24.536001: down_write <-unlink_anon_vmas
             cat-499     [003] .....    24.536002: anon_vma_interval_tree_remove <-unlink_anon_vmas
             cat-499     [003] .....    24.536002: up_write <-unlink_anon_vmas
             cat-499     [003] .....    24.536002: __put_anon_vma <-unlink_anon_vmas
             cat-499     [003] .....    24.536002: kmem_cache_free <-__put_anon_vma
             cat-499     [003] ...1.    24.536002: __pcs_replace_full_main <-kmem_cache_free
             cat-499     [003] .....    24.536002: kmem_cache_free <-unlink_anon_vmas
             cat-499     [003] .....    24.536002: unlink_file_vma_batch_add <-free_pgtables
             cat-499     [003] .....    24.536002: unlink_file_vma_batch_final <-free_pgtables
             cat-499     [003] .....    24.536002: unlink_file_vma_batch_process <-free_pgtables
             cat-499     [003] .....    24.536003: down_write <-unlink_file_vma_batch_process
             cat-499     [003] .....    24.536003: vma_interval_tree_remove <-unlink_file_vma_batch_process
             cat-499     [003] .....    24.536003: vma_interval_tree_remove <-unlink_file_vma_batch_process
             cat-499     [003] .....    24.536003: vma_interval_tree_remove <-unlink_file_vma_batch_process
             cat-499     [003] .....    24.536003: vma_interval_tree_remove <-unlink_file_vma_batch_process
             cat-499     [003] .....    24.536003: up_write <-unlink_file_vma_batch_process
             cat-499     [003] .....    24.536003: free_pgd_range <-free_pgtables
             cat-499     [003] .....    24.536004: ___pte_free_tlb <-free_pgd_range
             cat-499     [003] .....    24.536004: tlb_remove_table <-free_pgd_range
             cat-499     [003] .....    24.536004: get_free_pages_noprof <-tlb_remove_table
             cat-499     [003] .....    24.536004: alloc_pages_noprof <-get_free_pages_noprof
             cat-499     [003] .....    24.536004: alloc_pages_mpol <-alloc_pages_noprof
             cat-499     [003] .....    24.536004: policy_nodemask <-alloc_pages_mpol
             cat-499     [003] .....    24.536004: __alloc_frozen_pages_noprof <-alloc_pages_mpol
             cat-499     [003] .....    24.536004: get_page_from_freelist <-__alloc_frozen_pages_noprof
             cat-499     [003] ...1.    24.536004: _raw_spin_trylock <-get_page_from_freelist
             cat-499     [003] ...2.    24.536005: _raw_spin_unlock <-get_page_from_freelist
             cat-499     [003] .....    24.536005: kernel_init_pages <-get_page_from_freelist
             cat-499     [003] .....    24.536005: ___pmd_free_tlb <-free_pgd_range
             cat-499     [003] .....    24.536005: tlb_remove_table <-free_pgd_range
             cat-499     [003] .....    24.536005: ___pud_free_tlb <-free_pgd_range
             cat-499     [003] .....    24.536005: tlb_remove_table <-free_pgd_range
             cat-499     [003] .....    24.536005: __vma_start_write <-free_pgtables
             cat-499     [003] .....    24.536005: __vma_start_exclude_readers <-__vma_start_write
             cat-499     [003] .....    24.536006: finish_rcuwait <-__vma_start_exclude_readers
             cat-499     [003] .....    24.536006: unlink_anon_vmas <-free_pgtables
CPU:0 [LOST 37120 EVENTS]
             cat-467     [000] .....    24.536723: get_symbol_offset <-kallsyms_lookup_buildid
             cat-467     [000] .....    24.536723: kallsyms_expand_symbol.constprop.0 <-kallsyms_lookup_buildid
             cat-467     [000] d..1.    24.536724: _raw_spin_lock <-ring_buffer_consume
             cat-467     [000] d..2.    24.536724: _raw_spin_unlock <-ring_buffer_consume
             cat-467     [000] d....    24.536724: _raw_spin_lock <-ring_buffer_empty_cpu.part.0.isra.0
             cat-467     [000] d..1.    24.536724: _raw_spin_unlock <-ring_buffer_empty_cpu.part.0.isra.0
             cat-467     [000] d....    24.536724: _raw_spin_lock <-ring_buffer_peek
             cat-467     [000] d..1.    24.536724: _raw_spin_unlock <-ring_buffer_peek
             cat-467     [000] d....    24.536724: _raw_spin_lock <-ring_buffer_empty_cpu.part.0.isra.0
             cat-467     [000] d..1.    24.536724: _raw_spin_unlock <-ring_buffer_empty_cpu.part.0.isra.0
             cat-467     [000] d....    24.536725: _raw_spin_lock <-ring_buffer_peek
             cat-467     [000] d..1.    24.536725: _raw_spin_unlock <-ring_buffer_peek
             cat-467     [000] d....    24.536725: _raw_spin_lock <-ring_buffer_empty_cpu.part.0.isra.0
             cat-467     [000] d..1.    24.536725: _raw_spin_unlock <-ring_buffer_empty_cpu.part.0.isra.0
             cat-467     [000] d....    24.536725: _raw_spin_lock <-ring_buffer_peek
             cat-467     [000] d..1.    24.536725: _raw_spin_unlock <-ring_buffer_peek
             cat-467     [000] d....    24.536725: _raw_spin_lock <-ring_buffer_empty_cpu.part.0.isra.0
             cat-467     [000] d..1.    24.536725: _raw_spin_unlock <-ring_buffer_empty_cpu.part.0.isra.0
             cat-467     [000] d....    24.536725: _raw_spin_lock <-ring_buffer_peek
             cat-467     [000] d..1.    24.536726: _raw_spin_unlock <-ring_buffer_peek
             cat-467     [000] .....    24.536726: kallsyms_lookup <-trace_seq_print_sym
             cat-467     [000] .....    24.536726: kallsyms_lookup_buildid <-kallsyms_lookup
             cat-467     [000] .....    24.536726: get_symbol_pos <-kallsyms_lookup_buildid
             cat-467     [000] .....    24.536727: get_symbol_offset <-kallsyms_lookup_buildid
             cat-467     [000] .....    24.536727: kallsyms_expand_symbol.constprop.0 <-kallsyms_lookup_buildid
             cat-467     [000] .....    24.536727: kallsyms_lookup <-trace_seq_print_sym
             cat-467     [000] .....    24.536727: kallsyms_lookup_buildid <-kallsyms_lookup
             cat-467     [000] .....    24.536727: get_symbol_pos <-kallsyms_lookup_buildid
             cat-467     [000] .....    24.536728: get_symbol_offset <-kallsyms_lookup_buildid
             cat-467     [000] .....    24.536728: kallsyms_expand_symbol.constprop.0 <-kallsyms_lookup_buildid
             cat-467     [000] d..1.    24.536728: _raw_spin_lock <-ring_buffer_consume
             cat-467     [000] d..2.    24.536728: _raw_spin_unlock <-ring_buffer_consume
             cat-467     [000] d....    24.536728: _raw_spin_lock <-ring_buffer_empty_cpu.part.0.isra.0
             cat-467     [000] d..1.    24.536728: _raw_spin_unlock <-ring_buffer_empty_cpu.part.0.isra.0
             cat-467     [000] d....    24.536729: _raw_spin_lock <-ring_buffer_peek
             cat-467     [000] d..1.    24.536729: _raw_spin_unlock <-ring_buffer_peek
             cat-467     [000] d....    24.536729: _raw_spin_lock <-ring_buffer_empty_cpu.part.0.isra.0
             cat-467     [000] d..1.    24.536729: _raw_spin_unlock <-ring_buffer_empty_cpu.part.0.isra.0
             cat-467     [000] d....    24.536729: _raw_spin_lock <-ring_buffer_peek
             cat-467     [000] d..1.    24.536729: _raw_spin_unlock <-ring_buffer_peek
             cat-467     [000] d....    24.536729: _raw_spin_lock <-ring_buffer_empty_cpu.part.0.isra.0
             cat-467     [000] d..1.    24.536729: _raw_spin_unlock <-ring_buffer_empty_cpu.part.0.isra.0
             cat-467     [000] d....    24.536730: _raw_spin_lock <-ring_buffer_peek
             cat-467     [000] d..1.    24.536730: _raw_spin_unlock <-ring_buffer_peek
             cat-467     [000] d....    24.536730: _raw_spin_lock <-ring_buffer_empty_cpu.part.0.isra.0
             cat-467     [000] d..1.    24.536730: _raw_spin_unlock <-ring_buffer_empty_cpu.part.0.isra.0
             cat-467     [000] d....    24.536730: _raw_spin_lock <-ring_buffer_peek
             cat-467     [000] d..1.    24.536730: _raw_spin_unlock <-ring_buffer_peek
             cat-467     [000] .....    24.536731: kallsyms_lookup <-trace_seq_print_sym
             cat-467     [000] .....    24.536731: kallsyms_lookup_buildid <-kallsyms_lookup
             cat-467     [000] .....    24.536731: get_symbol_pos <-kallsyms_lookup_buildid
             cat-467     [000] .....    24.536731: get_symbol_offset <-kallsyms_lookup_buildid
             cat-467     [000] .....    24.536731: kallsyms_expand_symbol.constprop.0 <-kallsyms_lookup_buildid
             cat-467     [000] .....    24.536732: kallsyms_lookup <-trace_seq_print_sym
             cat-467     [000] .....    24.536732: kallsyms_lookup_buildid <-kallsyms_lookup
             cat-467     [000] .....    24.536732: get_symbol_pos <-kallsyms_lookup_buildid
             cat-467     [000] .....    24.536732: get_symbol_offset <-kallsyms_lookup_buildid
             cat-467     [000] .....    24.536732: kallsyms_expand_symbol.constprop.0 <-kallsyms_lookup_buildid
             cat-467     [000] d..1.    24.536733: _raw_spin_lock <-ring_buffer_consume
             cat-467     [000] d..2.    24.536733: _raw_spin_unlock <-ring_buffer_consume
             cat-467     [000] d....    24.536733: _raw_spin_lock <-ring_buffer_empty_cpu.part.0.isra.0
             cat-467     [000] d..1.    24.536733: _raw_spin_unlock <-ring_buffer_empty_cpu.part.0.isra.0
             cat-467     [000] d....    24.536733: _raw_spin_lock <-ring_buffer_peek
             cat-467     [000] d..1.    24.536733: _raw_spin_unlock <-ring_buffer_peek
             cat-467     [000] d....    24.536733: _raw_spin_lock <-ring_buffer_empty_cpu.part.0.isra.0
             cat-467     [000] d..1.    24.536733: _raw_spin_unlock <-ring_buffer_empty_cpu.part.0.isra.0
             cat-467     [000] d....    24.536733: _raw_spin_lock <-ring_buffer_peek
             cat-467     [000] d..1.    24.536734: _raw_spin_unlock <-ring_buffer_peek
             cat-467     [000] d....    24.536734: _raw_spin_lock <-ring_buffer_empty_cpu.part.0.isra.0
             cat-467     [000] d..1.    24.536734: _raw_spin_unlock <-ring_buffer_empty_cpu.part.0.isra.0
             cat-467     [000] d....    24.536734: _raw_spin_lock <-ring_buffer_peek
             cat-467     [000] d..1.    24.536734: _raw_spin_unlock <-ring_buffer_peek
             cat-467     [000] d....    24.536734: _raw_spin_lock <-ring_buffer_empty_cpu.part.0.isra.0
             cat-467     [000] d..1.    24.536734: _raw_spin_unlock <-ring_buffer_empty_cpu.part.0.isra.0
             cat-467     [000] d....    24.536734: _raw_spin_lock <-ring_buffer_peek
             cat-467     [000] d..1.    24.536735: _raw_spin_unlock <-ring_buffer_peek
             cat-467     [000] .....    24.536735: kallsyms_lookup <-trace_seq_print_sym
             cat-467     [000] .....    24.536735: kallsyms_lookup_buildid <-kallsyms_lookup
             cat-467     [000] .....    24.536735: get_symbol_pos <-kallsyms_lookup_buildid
             cat-467     [000] .....    24.536736: get_symbol_offset <-kallsyms_lookup_buildid
             cat-467     [000] .....    24.536736: kallsyms_expand_symbol.constprop.0 <-kallsyms_lookup_buildid
             cat-467     [000] .....    24.536736: kallsyms_lookup <-trace_seq_print_sym
             cat-467     [000] .....    24.536736: kallsyms_lookup_buildid <-kallsyms_lookup
             cat-467     [000] .....    24.536736: get_symbol_pos <-kallsyms_lookup_buildid
             cat-467     [000] .....    24.536736: get_symbol_offset <-kallsyms_lookup_buildid
             cat-467     [000] .....    24.536737: kallsyms_expand_symbol.constprop.0 <-kallsyms_lookup_buildid
             cat-467     [000] d..1.    24.536737: _raw_spin_lock <-ring_buffer_consume
             cat-467     [000] d..2.    24.536737: _raw_spin_unlock <-ring_buffer_consume
             cat-467     [000] d....    24.536737: _raw_spin_lock <-ring_buffer_empty_cpu.part.0.isra.0
             cat-467     [000] d..1.    24.536737: _raw_spin_unlock <-ring_buffer_empty_cpu.part.0.isra.0
             cat-467     [000] d....    24.536737: _raw_spin_lock <-ring_buffer_peek
             cat-467     [000] d..1.    24.536738: _raw_spin_unlock <-ring_buffer_peek
             cat-467     [000] d....    24.536738: _raw_spin_lock <-ring_buffer_empty_cpu.part.0.isra.0
             cat-467     [000] d..1.    24.536738: _raw_spin_unlock <-ring_buffer_empty_cpu.part.0.isra.0
             cat-467     [000] d....    24.536738: _raw_spin_lock <-ring_buffer_peek
             cat-467     [000] d..1.    24.536738: _raw_spin_unlock <-ring_buffer_peek
             cat-467     [000] d....    24.536738: _raw_spin_lock <-ring_buffer_empty_cpu.part.0.isra.0
             cat-467     [000] d..1.    24.536738: _raw_spin_unlock <-ring_buffer_empty_cpu.part.0.isra.0
             cat-467     [000] d....    24.536738: _raw_spin_lock <-ring_buffer_peek
             cat-467     [000] d..1.    24.536739: _raw_spin_unlock <-ring_buffer_peek
             cat-467     [000] d....    24.536739: _raw_spin_lock <-ring_buffer_empty_cpu.part.0.isra.0
             cat-467     [000] d..1.    24.536739: _raw_spin_unlock <-ring_buffer_empty_cpu.part.0.isra.0
             cat-467     [000] d....    24.536739: _raw_spin_lock <-ring_buffer_peek
             cat-467     [000] d..1.    24.536739: _raw_spin_unlock <-ring_buffer_peek
             cat-467     [000] .....    24.536740: kallsyms_lookup <-trace_seq_print_sym
             cat-467     [000] .....    24.536740: kallsyms_lookup_buildid <-kallsyms_lookup
             cat-467     [000] .....    24.536740: get_symbol_pos <-kallsyms_lookup_buildid
             cat-467     [000] .....    24.536740: get_symbol_offset <-kallsyms_lookup_buildid
             cat-467     [000] .....    24.536740: kallsyms_expand_symbol.constprop.0 <-kallsyms_lookup_buildid
             cat-467     [000] .....    24.536741: kallsyms_lookup <-trace_seq_print_sym
             cat-467     [000] .....    24.536741: kallsyms_lookup_buildid <-kallsyms_lookup
             cat-467     [000] .....    24.536741: get_symbol_pos <-kallsyms_lookup_buildid
             cat-467     [000] .....    24.536741: get_symbol_offset <-kallsyms_lookup_buildid
             cat-467     [000] .....    24.536741: kallsyms_expand_symbol.constprop.0 <-kallsyms_lookup_buildid
             cat-467     [000] d..1.    24.536741: _raw_spin_lock <-ring_buffer_consume
             cat-467     [000] d..2.    24.536742: _raw_spin_unlock <-ring_buffer_consume
             cat-467     [000] d....    24.536742: _raw_spin_lock <-ring_buffer_empty_cpu.part.0.isra.0
             cat-467     [000] d..1.    24.536742: _raw_spin_unlock <-ring_buffer_empty_cpu.part.0.isra.0
             cat-467     [000] d....    24.536742: _raw_spin_lock <-ring_buffer_peek
             cat-467     [000] d..1.    24.536742: _raw_spin_unlock <-ring_buffer_peek
             cat-467     [000] d....    24.536742: _raw_spin_lock <-ring_buffer_empty_cpu.part.0.isra.0
             cat-467     [000] d..1.    24.536742: _raw_spin_unlock <-ring_buffer_empty_cpu.part.0.isra.0
             cat-467     [000] d....    24.536742: _raw_spin_lock <-ring_buffer_peek
             cat-467     [000] d..1.    24.536743: _raw_spin_unlock <-ring_buffer_peek
             cat-467     [000] d....    24.536743: _raw_spin_lock <-ring_buffer_empty_cpu.part.0.isra.0
             cat-467     [000] d..1.    24.536743: _raw_spin_unlock <-ring_buffer_empty_cpu.part.0.isra.0
             cat-467     [000] d....    24.536743: _raw_spin_lock <-ring_buffer_peek
             cat-467     [000] d..1.    24.536743: _raw_spin_unlock <-ring_buffer_peek
             cat-467     [000] d....    24.536743: _raw_spin_lock <-ring_buffer_empty_cpu.part.0.isra.0
             cat-467     [000] d..1.    24.536743: _raw_spin_unlock <-ring_buffer_empty_cpu.part.0.isra.0
             cat-467     [000] d....    24.536743: _raw_spin_lock <-ring_buffer_peek
             cat-467     [000] d..1.    24.536744: _raw_spin_unlock <-ring_buffer_peek
             cat-467     [000] .....    24.536744: kallsyms_lookup <-trace_seq_print_sym
             cat-467     [000] .....    24.536744: kallsyms_lookup_buildid <-kallsyms_lookup
             cat-467     [000] .....    24.536744: get_symbol_pos <-kallsyms_lookup_buildid
             cat-467     [000] .....    24.536745: get_symbol_offset <-kallsyms_lookup_buildid
             cat-467     [000] .....    24.536745: kallsyms_expand_symbol.constprop.0 <-kallsyms_lookup_buildid
             cat-467     [000] .....    24.536745: kallsyms_lookup <-trace_seq_print_sym
             cat-467     [000] .....    24.536745: kallsyms_lookup_buildid <-kallsyms_lookup
             cat-467     [000] .....    24.536745: get_symbol_pos <-kallsyms_lookup_buildid
             cat-467     [000] .....    24.536746: get_symbol_offset <-kallsyms_lookup_buildid
             cat-467     [000] .....    24.536746: kallsyms_expand_symbol.constprop.0 <-kallsyms_lookup_buildid
             cat-467     [000] d..1.    24.536746: _raw_spin_lock <-ring_buffer_consume
             cat-467     [000] d..2.    24.536746: _raw_spin_unlock <-ring_buffer_consume
             cat-467     [000] d....    24.536746: _raw_spin_lock <-ring_buffer_empty_cpu.part.0.isra.0
CPU:1 [LOST 37410 EVENTS]
             cat-506     [001] ...1.    24.537475: folio_remove_rmap_ptes <-__zap_vma_range
             cat-506     [001] ...1.    24.537475: __tlb_remove_folio_pages <-__zap_vma_range
             cat-506     [001] ...1.    24.537475: vm_normal_page <-__zap_vma_range
             cat-506     [001] ...1.    24.537475: folio_mark_accessed <-__zap_vma_range
             cat-506     [001] ...1.    24.537476: arch_check_zapped_pte <-__zap_vma_range
             cat-506     [001] ...1.    24.537476: folio_remove_rmap_ptes <-__zap_vma_range
             cat-506     [001] ...1.    24.537476: __tlb_remove_folio_pages <-__zap_vma_range
             cat-506     [001] ...1.    24.537476: vm_normal_page <-__zap_vma_range
             cat-506     [001] ...1.    24.537476: folio_mark_accessed <-__zap_vma_range
             cat-506     [001] ...1.    24.537476: arch_check_zapped_pte <-__zap_vma_range
             cat-506     [001] ...1.    24.537476: folio_remove_rmap_ptes <-__zap_vma_range
             cat-506     [001] ...1.    24.537476: __tlb_remove_folio_pages <-__zap_vma_range
             cat-506     [001] ...1.    24.537476: vm_normal_page <-__zap_vma_range
             cat-506     [001] ...1.    24.537477: folio_mark_accessed <-__zap_vma_range
             cat-506     [001] ...1.    24.537477: arch_check_zapped_pte <-__zap_vma_range
             cat-506     [001] ...1.    24.537477: folio_remove_rmap_ptes <-__zap_vma_range
             cat-506     [001] ...1.    24.537477: __tlb_remove_folio_pages <-__zap_vma_range
             cat-506     [001] ...1.    24.537477: vm_normal_page <-__zap_vma_range
             cat-506     [001] ...1.    24.537477: folio_mark_accessed <-__zap_vma_range
             cat-506     [001] ...1.    24.537477: arch_check_zapped_pte <-__zap_vma_range
             cat-506     [001] ...1.    24.537477: folio_remove_rmap_ptes <-__zap_vma_range
             cat-506     [001] ...1.    24.537477: __tlb_remove_folio_pages <-__zap_vma_range
             cat-506     [001] ...1.    24.537477: vm_normal_page <-__zap_vma_range
             cat-506     [001] ...1.    24.537478: folio_mark_accessed <-__zap_vma_range
             cat-506     [001] ...1.    24.537478: arch_check_zapped_pte <-__zap_vma_range
             cat-506     [001] ...1.    24.537478: folio_remove_rmap_ptes <-__zap_vma_range
             cat-506     [001] ...1.    24.537478: __tlb_remove_folio_pages <-__zap_vma_range
             cat-506     [001] ...1.    24.537478: vm_normal_page <-__zap_vma_range
             cat-506     [001] ...1.    24.537478: folio_mark_accessed <-__zap_vma_range
             cat-506     [001] ...1.    24.537478: arch_check_zapped_pte <-__zap_vma_range
             cat-506     [001] ...1.    24.537478: folio_remove_rmap_ptes <-__zap_vma_range
             cat-506     [001] ...1.    24.537478: __tlb_remove_folio_pages <-__zap_vma_range
             cat-506     [001] ...1.    24.537479: vm_normal_page <-__zap_vma_range
             cat-506     [001] ...1.    24.537479: folio_mark_accessed <-__zap_vma_range
             cat-506     [001] ...1.    24.537479: arch_check_zapped_pte <-__zap_vma_range
             cat-506     [001] ...1.    24.537479: folio_remove_rmap_ptes <-__zap_vma_range
             cat-506     [001] ...1.    24.537479: __tlb_remove_folio_pages <-__zap_vma_range
             cat-506     [001] ...1.    24.537479: vm_normal_page <-__zap_vma_range
             cat-506     [001] ...1.    24.537479: folio_mark_accessed <-__zap_vma_range
             cat-506     [001] ...1.    24.537479: arch_check_zapped_pte <-__zap_vma_range
             cat-506     [001] ...1.    24.537479: folio_remove_rmap_ptes <-__zap_vma_range
             cat-506     [001] ...1.    24.537480: __tlb_remove_folio_pages <-__zap_vma_range
             cat-506     [001] ...1.    24.537480: vm_normal_page <-__zap_vma_range
             cat-506     [001] ...1.    24.537480: folio_mark_accessed <-__zap_vma_range
             cat-506     [001] ...1.    24.537480: arch_check_zapped_pte <-__zap_vma_range
             cat-506     [001] ...1.    24.537480: folio_remove_rmap_ptes <-__zap_vma_range
             cat-506     [001] ...1.    24.537480: __tlb_remove_folio_pages <-__zap_vma_range
             cat-506     [001] ...1.    24.537480: vm_normal_page <-__zap_vma_range
             cat-506     [001] ...1.    24.537480: folio_mark_accessed <-__zap_vma_range
             cat-506     [001] ...1.    24.537480: arch_check_zapped_pte <-__zap_vma_range
             cat-506     [001] ...1.    24.537481: folio_remove_rmap_ptes <-__zap_vma_range
             cat-506     [001] ...1.    24.537481: __tlb_remove_folio_pages <-__zap_vma_range
             cat-506     [001] ...1.    24.537481: vm_normal_page <-__zap_vma_range
             cat-506     [001] ...1.    24.537481: folio_mark_accessed <-__zap_vma_range
             cat-506     [001] ...1.    24.537481: arch_check_zapped_pte <-__zap_vma_range
             cat-506     [001] ...1.    24.537481: folio_remove_rmap_ptes <-__zap_vma_range
             cat-506     [001] ...1.    24.537481: __tlb_remove_folio_pages <-__zap_vma_range
             cat-506     [001] ...1.    24.537481: vm_normal_page <-__zap_vma_range
             cat-506     [001] ...1.    24.537481: folio_mark_accessed <-__zap_vma_range
             cat-506     [001] ...1.    24.537481: arch_check_zapped_pte <-__zap_vma_range
             cat-506     [001] ...1.    24.537482: folio_remove_rmap_ptes <-__zap_vma_range
             cat-506     [001] ...1.    24.537482: __tlb_remove_folio_pages <-__zap_vma_range
             cat-506     [001] ...1.    24.537482: _raw_spin_unlock <-__zap_vma_range
             cat-506     [001] .....    24.537482: __rcu_read_unlock <-__zap_vma_range
             cat-506     [001] .....    24.537482: __zap_vma_range <-unmap_vmas
             cat-506     [001] .....    24.537482: uprobe_munmap <-__zap_vma_range
             cat-506     [001] .....    24.537482: pte_offset_map_lock <-__zap_vma_range
             cat-506     [001] .....    24.537482: __pte_offset_map <-pte_offset_map_lock
             cat-506     [001] .....    24.537482: __rcu_read_lock <-__pte_offset_map
             cat-506     [001] .....    24.537483: _raw_spin_lock <-pte_offset_map_lock
             cat-506     [001] ...1.    24.537483: flush_tlb_batched_pending <-__zap_vma_range
             cat-506     [001] ...1.    24.537483: vm_normal_page <-__zap_vma_range
             cat-506     [001] ...1.    24.537483: arch_check_zapped_pte <-__zap_vma_range
             cat-506     [001] ...1.    24.537483: folio_remove_rmap_ptes <-__zap_vma_range
             cat-506     [001] ...1.    24.537483: __tlb_remove_folio_pages <-__zap_vma_range
             cat-506     [001] ...1.    24.537483: vm_normal_page <-__zap_vma_range
             cat-506     [001] ...1.    24.537483: arch_check_zapped_pte <-__zap_vma_range
             cat-506     [001] ...1.    24.537483: folio_remove_rmap_ptes <-__zap_vma_range
             cat-506     [001] ...1.    24.537484: __tlb_remove_folio_pages <-__zap_vma_range
             cat-506     [001] ...1.    24.537484: vm_normal_page <-__zap_vma_range
             cat-506     [001] ...1.    24.537484: arch_check_zapped_pte <-__zap_vma_range
             cat-506     [001] ...1.    24.537484: folio_remove_rmap_ptes <-__zap_vma_range
             cat-506     [001] ...1.    24.537484: __tlb_remove_folio_pages <-__zap_vma_range
             cat-506     [001] ...1.    24.537484: vm_normal_page <-__zap_vma_range
             cat-506     [001] ...1.    24.537484: arch_check_zapped_pte <-__zap_vma_range
             cat-506     [001] ...1.    24.537484: folio_remove_rmap_ptes <-__zap_vma_range
             cat-506     [001] ...1.    24.537485: lruvec_stat_mod_folio <-folio_remove_rmap_ptes
             cat-506     [001] ...1.    24.537485: __rcu_read_lock <-lruvec_stat_mod_folio
             cat-506     [001] ...1.    24.537485: mod_node_page_state <-lruvec_stat_mod_folio
             cat-506     [001] ...1.    24.537485: __mod_memcg_lruvec_state <-lruvec_stat_mod_folio
             cat-506     [001] ...2.    24.537485: memcg_state_val_in_pages <-__mod_memcg_lruvec_state
             cat-506     [001] ...2.    24.537485: __css_rstat_updated <-__mod_memcg_lruvec_state
             cat-506     [001] ...1.    24.537485: __rcu_read_unlock <-folio_remove_rmap_ptes
             cat-506     [001] ...1.    24.537485: __tlb_remove_folio_pages <-__zap_vma_range
             cat-506     [001] ...1.    24.537485: _raw_spin_unlock <-__zap_vma_range
             cat-506     [001] .....    24.537485: __rcu_read_unlock <-__zap_vma_range
             cat-506     [001] .....    24.537486: __zap_vma_range <-unmap_vmas
             cat-506     [001] .....    24.537486: pte_offset_map_lock <-__zap_vma_range
             cat-506     [001] .....    24.537486: __pte_offset_map <-pte_offset_map_lock
             cat-506     [001] .....    24.537486: __rcu_read_lock <-__pte_offset_map
             cat-506     [001] .....    24.537486: _raw_spin_lock <-pte_offset_map_lock
             cat-506     [001] ...1.    24.537486: flush_tlb_batched_pending <-__zap_vma_range
             cat-506     [001] ...1.    24.537486: vm_normal_page <-__zap_vma_range
             cat-506     [001] ...1.    24.537486: arch_check_zapped_pte <-__zap_vma_range
             cat-506     [001] ...1.    24.537486: folio_remove_rmap_ptes <-__zap_vma_range
             cat-506     [001] ...1.    24.537487: lruvec_stat_mod_folio <-folio_remove_rmap_ptes
             cat-506     [001] ...1.    24.537487: __rcu_read_lock <-lruvec_stat_mod_folio
             cat-506     [001] ...1.    24.537487: mod_node_page_state <-lruvec_stat_mod_folio
             cat-506     [001] ...1.    24.537487: __mod_memcg_lruvec_state <-lruvec_stat_mod_folio
             cat-506     [001] ...2.    24.537487: memcg_state_val_in_pages <-__mod_memcg_lruvec_state
             cat-506     [001] ...2.    24.537487: __css_rstat_updated <-__mod_memcg_lruvec_state
             cat-506     [001] ...1.    24.537487: __rcu_read_unlock <-folio_remove_rmap_ptes
             cat-506     [001] ...1.    24.537487: __tlb_remove_folio_pages <-__zap_vma_range
             cat-506     [001] ...1.    24.537487: vm_normal_page <-__zap_vma_range
             cat-506     [001] ...1.    24.537487: arch_check_zapped_pte <-__zap_vma_range
             cat-506     [001] ...1.    24.537488: folio_remove_rmap_ptes <-__zap_vma_range
             cat-506     [001] ...1.    24.537488: lruvec_stat_mod_folio <-folio_remove_rmap_ptes
             cat-506     [001] ...1.    24.537488: __rcu_read_lock <-lruvec_stat_mod_folio
             cat-506     [001] ...1.    24.537488: mod_node_page_state <-lruvec_stat_mod_folio
             cat-506     [001] ...1.    24.537488: __mod_memcg_lruvec_state <-lruvec_stat_mod_folio
             cat-506     [001] ...2.    24.537488: memcg_state_val_in_pages <-__mod_memcg_lruvec_state
             cat-506     [001] ...2.    24.537488: __css_rstat_updated <-__mod_memcg_lruvec_state
             cat-506     [001] ...1.    24.537488: __rcu_read_unlock <-folio_remove_rmap_ptes
             cat-506     [001] ...1.    24.537488: __tlb_remove_folio_pages <-__zap_vma_range
             cat-506     [001] ...1.    24.537489: _raw_spin_unlock <-__zap_vma_range
             cat-506     [001] .....    24.537489: __rcu_read_unlock <-__zap_vma_range
             cat-506     [001] .....    24.537489: __zap_vma_range <-unmap_vmas
             cat-506     [001] .....    24.537489: pte_offset_map_lock <-__zap_vma_range
             cat-506     [001] .....    24.537489: __pte_offset_map <-pte_offset_map_lock
             cat-506     [001] .....    24.537489: __rcu_read_lock <-__pte_offset_map
             cat-506     [001] .....    24.537489: _raw_spin_lock <-pte_offset_map_lock
             cat-506     [001] ...1.    24.537489: flush_tlb_batched_pending <-__zap_vma_range
             cat-506     [001] ...1.    24.537490: vm_normal_page <-__zap_vma_range
             cat-506     [001] ...1.    24.537490: arch_check_zapped_pte <-__zap_vma_range
             cat-506     [001] ...1.    24.537490: folio_remove_rmap_ptes <-__zap_vma_range
             cat-506     [001] ...1.    24.537490: lruvec_stat_mod_folio <-folio_remove_rmap_ptes
             cat-506     [001] ...1.    24.537490: __rcu_read_lock <-lruvec_stat_mod_folio
             cat-506     [001] ...1.    24.537490: mod_node_page_state <-lruvec_stat_mod_folio
             cat-506     [001] ...1.    24.537490: __mod_memcg_lruvec_state <-lruvec_stat_mod_folio
             cat-506     [001] ...2.    24.537490: memcg_state_val_in_pages <-__mod_memcg_lruvec_state
             cat-506     [001] ...2.    24.537490: __css_rstat_updated <-__mod_memcg_lruvec_state
             cat-506     [001] ...1.    24.537490: __rcu_read_unlock <-folio_remove_rmap_ptes
             cat-506     [001] ...1.    24.537491: __tlb_remove_folio_pages <-__zap_vma_range
             cat-506     [001] ...1.    24.537491: vm_normal_page <-__zap_vma_range
             cat-506     [001] ...1.    24.537491: arch_check_zapped_pte <-__zap_vma_range
CPU:2 [LOST 52200 EVENTS]
              ls-481     [002] ...1.    24.539795: map_id_range_up <-from_kuid_munged
              ls-481     [002] ...1.    24.539795: _raw_read_unlock <-wait_consider_task
              ls-481     [002] .....    24.539795: thread_group_cputime_adjusted <-wait_consider_task
              ls-481     [002] .....    24.539795: thread_group_cputime <-thread_group_cputime_adjusted
              ls-481     [002] .....    24.539795: __rcu_read_lock <-thread_group_cputime
              ls-481     [002] .....    24.539795: task_cputime <-thread_group_cputime
              ls-481     [002] .....    24.539795: __rcu_read_unlock <-thread_group_cputime
              ls-481     [002] .....    24.539795: cputime_adjust <-thread_group_cputime_adjusted
              ls-481     [002] .....    24.539795: _raw_spin_lock_irqsave <-cputime_adjust
              ls-481     [002] d..1.    24.539796: _raw_spin_unlock_irqrestore <-thread_group_cputime_adjusted
              ls-481     [002] .....    24.539796: _raw_spin_lock_irq <-wait_consider_task
              ls-481     [002] d..1.    24.539796: task_gtime <-wait_consider_task
              ls-481     [002] d..1.    24.539796: _raw_spin_unlock_irq <-wait_consider_task
              ls-481     [002] .....    24.539796: release_task <-wait_consider_task
              ls-481     [002] .....    24.539796: __rcu_read_lock <-release_task
              ls-481     [002] .....    24.539796: __rcu_read_unlock <-release_task
              ls-481     [002] .....    24.539796: dec_rlimit_ucounts <-release_task
              ls-481     [002] .....    24.539796: pidfs_exit <-release_task
              ls-481     [002] .....    24.539796: _raw_spin_lock_irq <-pidfs_exit
              ls-481     [002] d..1.    24.539797: _raw_spin_unlock_irq <-release_task
              ls-481     [002] .....    24.539797: cgroup_task_release <-release_task
              ls-481     [002] .....    24.539797: pids_release <-cgroup_task_release
              ls-481     [002] .....    24.539797: _raw_write_lock_irq <-release_task
              ls-481     [002] d..1.    24.539797: _raw_spin_lock <-release_task
              ls-481     [002] d..2.    24.539797: posix_cpu_timers_exit <-release_task
              ls-481     [002] d..2.    24.539797: posix_cpu_timers_exit_group <-release_task
              ls-481     [002] d..2.    24.539797: task_cputime <-release_task
              ls-481     [002] d..2.    24.539798: _raw_spin_lock <-release_task
              ls-481     [002] d..3.    24.539798: task_gtime <-release_task
              ls-481     [002] d..3.    24.539798: detach_pid <-release_task
              ls-481     [002] d..3.    24.539798: __change_pid <-release_task
              ls-481     [002] d..3.    24.539798: __wake_up <-release_task
              ls-481     [002] d..3.    24.539798: _raw_spin_lock_irqsave <-__wake_up
              ls-481     [002] d..4.    24.539798: __wake_up_common <-__wake_up
              ls-481     [002] d..4.    24.539798: _raw_spin_unlock_irqrestore <-__wake_up
              ls-481     [002] d..3.    24.539798: detach_pid <-release_task
              ls-481     [002] d..3.    24.539799: __change_pid <-release_task
              ls-481     [002] d..3.    24.539799: detach_pid <-release_task
              ls-481     [002] d..3.    24.539799: __change_pid <-release_task
              ls-481     [002] d..3.    24.539799: detach_pid <-release_task
              ls-481     [002] d..3.    24.539799: __change_pid <-release_task
              ls-481     [002] d..3.    24.539799: _raw_spin_unlock <-release_task
              ls-481     [002] d..2.    24.539799: _raw_spin_unlock <-release_task
              ls-481     [002] d..1.    24.539799: __cleanup_sighand <-release_task
              ls-481     [002] d..1.    24.539799: signalfd_cleanup <-__cleanup_sighand
              ls-481     [002] d..1.    24.539800: kmem_cache_free <-release_task
              ls-481     [002] d..2.    24.539800: __pcs_replace_full_main <-kmem_cache_free
              ls-481     [002] d..1.    24.539800: tty_kref_put <-release_task
              ls-481     [002] d..1.    24.539800: _raw_write_unlock_irq <-release_task
              ls-481     [002] .....    24.539800: proc_flush_pid <-release_task
              ls-481     [002] .....    24.539800: proc_invalidate_siblings_dcache <-release_task
              ls-481     [002] .....    24.539800: __rcu_read_lock <-proc_invalidate_siblings_dcache
              ls-481     [002] .....    24.539800: __rcu_read_unlock <-release_task
              ls-481     [002] .....    24.539800: exit_cred_namespaces <-release_task
              ls-481     [002] .....    24.539801: __ns_ref_active_put <-release_task
              ls-481     [002] .....    24.539801: add_device_randomness <-release_task
              ls-481     [002] .....    24.539801: _raw_spin_lock_irqsave <-add_device_randomness
              ls-481     [002] d..1.    24.539801: blake2s_update <-add_device_randomness
              ls-481     [002] d..1.    24.539801: blake2s_update <-add_device_randomness
              ls-481     [002] d..1.    24.539801: _raw_spin_unlock_irqrestore <-add_device_randomness
              ls-481     [002] .....    24.539801: free_pids <-release_task
              ls-481     [002] .....    24.539801: free_pid <-free_pids
              ls-481     [002] .....    24.539802: __ns_ref_active_put <-free_pid
              ls-481     [002] .....    24.539802: _raw_spin_lock <-free_pid
              ls-481     [002] ...1.    24.539802: _raw_spin_unlock <-free_pid
              ls-481     [002] .....    24.539802: pidfs_remove_pid <-free_pid
              ls-481     [002] .....    24.539802: __rcu_read_lock <-pidfs_remove_pid
              ls-481     [002] .....    24.539802: __rcu_read_unlock <-free_pid
              ls-481     [002] .....    24.539802: call_rcu <-free_pids
              ls-481     [002] .....    24.539802: __call_rcu_common <-free_pids
              ls-481     [002] d....    24.539802: rcu_async_should_hurry <-__call_rcu_common
              ls-481     [002] d....    24.539803: rcu_segcblist_enqueue <-__call_rcu_common
              ls-481     [002] .....    24.539803: release_thread <-release_task
              ls-481     [002] .....    24.539803: flush_sigqueue <-release_task
              ls-481     [002] .....    24.539803: flush_sigqueue <-release_task
              ls-481     [002] .....    24.539803: put_task_struct_rcu_user <-release_task
              ls-481     [002] .....    24.539803: remove_wait_queue <-do_wait
              ls-481     [002] .....    24.539803: _raw_spin_lock_irqsave <-remove_wait_queue
              ls-481     [002] d..1.    24.539803: _raw_spin_unlock_irqrestore <-do_wait
              ls-481     [002] .....    24.539803: put_pid <-kernel_wait4
              ls-481     [002] .....    24.539804: arch_do_signal_or_restart <-exit_to_user_mode_loop
              ls-481     [002] .....    24.539804: get_signal <-arch_do_signal_or_restart
              ls-481     [002] .....    24.539804: uprobe_deny_signal <-get_signal
              ls-481     [002] .....    24.539804: _raw_spin_lock_irq <-get_signal
              ls-481     [002] d..1.    24.539804: dequeue_signal <-get_signal
              ls-481     [002] d..1.    24.539804: collect_signal <-dequeue_signal
              ls-481     [002] d..1.    24.539804: __sigqueue_free <-dequeue_signal
              ls-481     [002] d..1.    24.539804: dec_rlimit_put_ucounts <-__sigqueue_free
              ls-481     [002] d..1.    24.539804: kmem_cache_free <-dequeue_signal
              ls-481     [002] d..1.    24.539805: recalc_sigpending <-dequeue_signal
              ls-481     [002] d..1.    24.539805: _raw_spin_unlock_irq <-get_signal
              ls-481     [002] .....    24.539805: x64_setup_rt_frame <-arch_do_signal_or_restart
              ls-481     [002] .....    24.539805: get_sigframe <-x64_setup_rt_frame
              ls-481     [002] .....    24.539805: fpu__alloc_mathframe <-get_sigframe
              ls-481     [002] .....    24.539805: copy_fpstate_to_sigframe <-get_sigframe
              ls-481     [002] b....    24.539805: get_xsave_addr_user <-copy_fpstate_to_sigframe
              ls-481     [002] b....    24.539806: __local_bh_enable_ip <-copy_fpstate_to_sigframe
              ls-481     [002] .....    24.539806: setup_signal_shadow_stack <-x64_setup_rt_frame
              ls-481     [002] .....    24.539806: fpu__clear_user_states <-arch_do_signal_or_restart
              ls-481     [002] b....    24.539806: fpregs_mark_activate <-fpu__clear_user_states
              ls-481     [002] b....    24.539806: __local_bh_enable_ip <-arch_do_signal_or_restart
              ls-481     [002] .....    24.539806: signal_setup_done <-arch_do_signal_or_restart
              ls-481     [002] .....    24.539806: _raw_spin_lock_irq <-signal_setup_done
              ls-481     [002] d..1.    24.539807: __set_task_blocked <-signal_setup_done
              ls-481     [002] d..1.    24.539807: recalc_sigpending <-signal_setup_done
              ls-481     [002] d..1.    24.539807: _raw_spin_unlock_irq <-signal_setup_done
              ls-481     [002] .....    24.539807: __do_sys_rt_sigreturn <-do_syscall_64
              ls-481     [002] .....    24.539807: set_current_blocked <-__do_sys_rt_sigreturn
              ls-481     [002] .....    24.539808: _raw_spin_lock_irq <-set_current_blocked
              ls-481     [002] d..1.    24.539808: __set_task_blocked <-set_current_blocked
              ls-481     [002] d..1.    24.539808: recalc_sigpending <-set_current_blocked
              ls-481     [002] d..1.    24.539808: _raw_spin_unlock_irq <-__do_sys_rt_sigreturn
              ls-481     [002] .....    24.539808: restore_altstack <-__do_sys_rt_sigreturn
              ls-481     [002] .....    24.539808: do_sigaltstack.constprop.0 <-restore_altstack
              ls-481     [002] .....    24.539808: restore_sigcontext <-__do_sys_rt_sigreturn
              ls-481     [002] .....    24.539808: fpu__restore_sig <-restore_sigcontext
              ls-481     [002] .....    24.539809: __fpu_restore_sig <-fpu__restore_sig
              ls-481     [002] b....    24.539809: fpregs_mark_activate <-__fpu_restore_sig
              ls-481     [002] b....    24.539809: __local_bh_enable_ip <-__fpu_restore_sig
              ls-481     [002] .....    24.539809: restore_signal_shadow_stack <-__do_sys_rt_sigreturn
              ls-481     [002] .....    24.539810: __x64_sys_wait4 <-do_syscall_64
              ls-481     [002] .....    24.539810: kernel_wait4 <-__do_sys_wait4
              ls-481     [002] .....    24.539810: do_wait <-kernel_wait4
              ls-481     [002] .....    24.539810: add_wait_queue <-do_wait
              ls-481     [002] .....    24.539810: _raw_spin_lock_irqsave <-add_wait_queue
              ls-481     [002] d..1.    24.539810: _raw_spin_unlock_irqrestore <-do_wait
              ls-481     [002] .....    24.539810: __do_wait <-do_wait
              ls-481     [002] .....    24.539810: _raw_read_lock <-__do_wait
              ls-481     [002] ...1.    24.539810: wait_consider_task <-__do_wait
              ls-481     [002] ...1.    24.539811: _raw_read_unlock <-__do_wait
              ls-481     [002] .....    24.539811: schedule <-do_wait
              ls-481     [002] d..1.    24.539811: rcu_note_context_switch <-__schedule
              ls-481     [002] d..1.    24.539811: migrate_disable_switch.isra.0 <-__schedule
              ls-481     [002] d..1.    24.539811: raw_spin_rq_lock_nested <-__schedule
              ls-481     [002] d..2.    24.539811: _raw_spin_lock <-raw_spin_rq_lock_nested
              ls-481     [002] d..2.    24.539811: update_rq_clock <-__schedule
              ls-481     [002] d..2.    24.539811: kvm_steal_clock <-update_rq_clock
              ls-481     [002] d..2.    24.539812: arch_scale_cpu_capacity <-update_rq_clock
              ls-481     [002] d..2.    24.539812: dequeue_task_fair <-__schedule
              ls-481     [002] d..2.    24.539812: dequeue_entities <-dequeue_task_fair
              ls-481     [002] d..2.    24.539812: update_curr <-dequeue_entities
              ls-481     [002] d..2.    24.539812: update_se <-update_curr
              ls-481     [002] d..2.    24.539812: cpuacct_charge <-update_se
              ls-481     [002] d..2.    24.539812: dl_server_update <-update_curr
              ls-481     [002] d..2.    24.539812: update_curr_dl_se <-update_curr
CPU:3 [LOST 45530 EVENTS]
             cat-467     [003] .....    24.542522: kallsyms_expand_symbol.constprop.0 <-kallsyms_lookup_buildid
             cat-467     [003] d..1.    24.542522: _raw_spin_lock <-ring_buffer_consume
             cat-467     [003] d..2.    24.542523: _raw_spin_unlock <-ring_buffer_consume
             cat-467     [003] d....    24.542523: _raw_spin_lock <-ring_buffer_empty_cpu.part.0.isra.0
             cat-467     [003] d..1.    24.542523: _raw_spin_unlock <-ring_buffer_empty_cpu.part.0.isra.0
             cat-467     [003] d....    24.542523: _raw_spin_lock <-ring_buffer_peek
             cat-467     [003] d..1.    24.542523: _raw_spin_unlock <-ring_buffer_peek
             cat-467     [003] d....    24.542523: _raw_spin_lock <-ring_buffer_empty_cpu.part.0.isra.0
             cat-467     [003] d..1.    24.542523: _raw_spin_unlock <-ring_buffer_empty_cpu.part.0.isra.0
             cat-467     [003] d....    24.542523: _raw_spin_lock <-ring_buffer_peek
             cat-467     [003] d..1.    24.542523: _raw_spin_unlock <-ring_buffer_peek
             cat-467     [003] d....    24.542524: _raw_spin_lock <-ring_buffer_empty_cpu.part.0.isra.0
             cat-467     [003] d..1.    24.542524: _raw_spin_unlock <-ring_buffer_empty_cpu.part.0.isra.0
             cat-467     [003] d....    24.542524: _raw_spin_lock <-ring_buffer_peek
             cat-467     [003] d..1.    24.542524: _raw_spin_unlock <-ring_buffer_peek
             cat-467     [003] d....    24.542524: _raw_spin_lock <-ring_buffer_empty_cpu.part.0.isra.0
             cat-467     [003] d..1.    24.542524: _raw_spin_unlock <-ring_buffer_empty_cpu.part.0.isra.0
             cat-467     [003] d....    24.542524: _raw_spin_lock <-ring_buffer_peek
             cat-467     [003] d..1.    24.542524: _raw_spin_unlock <-ring_buffer_peek
             cat-467     [003] .....    24.542525: kallsyms_lookup <-trace_seq_print_sym
             cat-467     [003] .....    24.542525: kallsyms_lookup_buildid <-kallsyms_lookup
             cat-467     [003] .....    24.542525: get_symbol_pos <-kallsyms_lookup_buildid
             cat-467     [003] .....    24.542525: get_symbol_offset <-kallsyms_lookup_buildid
             cat-467     [003] .....    24.542526: kallsyms_expand_symbol.constprop.0 <-kallsyms_lookup_buildid
             cat-467     [003] .....    24.542526: kallsyms_lookup <-trace_seq_print_sym
             cat-467     [003] .....    24.542526: kallsyms_lookup_buildid <-kallsyms_lookup
             cat-467     [003] .....    24.542526: get_symbol_pos <-kallsyms_lookup_buildid
             cat-467     [003] .....    24.542526: get_symbol_offset <-kallsyms_lookup_buildid
             cat-467     [003] .....    24.542526: kallsyms_expand_symbol.constprop.0 <-kallsyms_lookup_buildid
             cat-467     [003] d..1.    24.542527: _raw_spin_lock <-ring_buffer_consume
             cat-467     [003] d..2.    24.542527: _raw_spin_unlock <-ring_buffer_consume
             cat-467     [003] d....    24.542527: _raw_spin_lock <-ring_buffer_empty_cpu.part.0.isra.0
             cat-467     [003] d..1.    24.542527: _raw_spin_unlock <-ring_buffer_empty_cpu.part.0.isra.0
             cat-467     [003] d....    24.542527: _raw_spin_lock <-ring_buffer_peek
             cat-467     [003] d..1.    24.542527: _raw_spin_unlock <-ring_buffer_peek
             cat-467     [003] d....    24.542527: _raw_spin_lock <-ring_buffer_empty_cpu.part.0.isra.0
             cat-467     [003] d..1.    24.542527: _raw_spin_unlock <-ring_buffer_empty_cpu.part.0.isra.0
             cat-467     [003] d....    24.542528: _raw_spin_lock <-ring_buffer_peek
             cat-467     [003] d..1.    24.542528: _raw_spin_unlock <-ring_buffer_peek
             cat-467     [003] d....    24.542528: _raw_spin_lock <-ring_buffer_empty_cpu.part.0.isra.0
             cat-467     [003] d..1.    24.542528: _raw_spin_unlock <-ring_buffer_empty_cpu.part.0.isra.0
             cat-467     [003] d....    24.542528: _raw_spin_lock <-ring_buffer_peek
             cat-467     [003] d..1.    24.542528: _raw_spin_unlock <-ring_buffer_peek
             cat-467     [003] d....    24.542528: _raw_spin_lock <-ring_buffer_empty_cpu.part.0.isra.0
             cat-467     [003] d..1.    24.542529: _raw_spin_unlock <-ring_buffer_empty_cpu.part.0.isra.0
             cat-467     [003] d....    24.542529: _raw_spin_lock <-ring_buffer_peek
             cat-467     [003] d..1.    24.542529: _raw_spin_unlock <-ring_buffer_peek
             cat-467     [003] .....    24.542529: kallsyms_lookup <-trace_seq_print_sym
             cat-467     [003] .....    24.542529: kallsyms_lookup_buildid <-kallsyms_lookup
             cat-467     [003] .....    24.542530: get_symbol_pos <-kallsyms_lookup_buildid
             cat-467     [003] .....    24.542530: get_symbol_offset <-kallsyms_lookup_buildid
             cat-467     [003] .....    24.542530: kallsyms_expand_symbol.constprop.0 <-kallsyms_lookup_buildid
             cat-467     [003] .....    24.542530: kallsyms_lookup <-trace_seq_print_sym
             cat-467     [003] .....    24.542530: kallsyms_lookup_buildid <-kallsyms_lookup
             cat-467     [003] .....    24.542530: get_symbol_pos <-kallsyms_lookup_buildid
             cat-467     [003] .....    24.542531: get_symbol_offset <-kallsyms_lookup_buildid
             cat-467     [003] .....    24.542531: kallsyms_expand_symbol.constprop.0 <-kallsyms_lookup_buildid
             cat-467     [003] d..1.    24.542531: _raw_spin_lock <-ring_buffer_consume
             cat-467     [003] d..2.    24.542531: _raw_spin_unlock <-ring_buffer_consume
             cat-467     [003] d....    24.542531: _raw_spin_lock <-ring_buffer_empty_cpu.part.0.isra.0
             cat-467     [003] d..1.    24.542531: _raw_spin_unlock <-ring_buffer_empty_cpu.part.0.isra.0
             cat-467     [003] d....    24.542531: _raw_spin_lock <-ring_buffer_peek
             cat-467     [003] d..1.    24.542532: _raw_spin_unlock <-ring_buffer_peek
             cat-467     [003] d....    24.542532: _raw_spin_lock <-ring_buffer_empty_cpu.part.0.isra.0
             cat-467     [003] d..1.    24.542532: _raw_spin_unlock <-ring_buffer_empty_cpu.part.0.isra.0
             cat-467     [003] d....    24.542532: _raw_spin_lock <-ring_buffer_peek
             cat-467     [003] d..1.    24.542532: _raw_spin_unlock <-ring_buffer_peek
             cat-467     [003] d....    24.542532: _raw_spin_lock <-ring_buffer_empty_cpu.part.0.isra.0
             cat-467     [003] d..1.    24.542532: _raw_spin_unlock <-ring_buffer_empty_cpu.part.0.isra.0
             cat-467     [003] d....    24.542532: _raw_spin_lock <-ring_buffer_peek
             cat-467     [003] d..1.    24.542533: _raw_spin_unlock <-ring_buffer_peek
             cat-467     [003] d....    24.542533: _raw_spin_lock <-ring_buffer_empty_cpu.part.0.isra.0
             cat-467     [003] d..1.    24.542533: _raw_spin_unlock <-ring_buffer_empty_cpu.part.0.isra.0
             cat-467     [003] d....    24.542533: _raw_spin_lock <-ring_buffer_peek
             cat-467     [003] d..1.    24.542533: _raw_spin_unlock <-ring_buffer_peek
             cat-467     [003] .....    24.542534: kallsyms_lookup <-trace_seq_print_sym
             cat-467     [003] .....    24.542534: kallsyms_lookup_buildid <-kallsyms_lookup
             cat-467     [003] .....    24.542534: get_symbol_pos <-kallsyms_lookup_buildid
             cat-467     [003] .....    24.542534: get_symbol_offset <-kallsyms_lookup_buildid
             cat-467     [003] .....    24.542534: kallsyms_expand_symbol.constprop.0 <-kallsyms_lookup_buildid
             cat-467     [003] .....    24.542534: kallsyms_lookup <-trace_seq_print_sym
             cat-467     [003] .....    24.542535: kallsyms_lookup_buildid <-kallsyms_lookup
             cat-467     [003] .....    24.542535: get_symbol_pos <-kallsyms_lookup_buildid
             cat-467     [003] .....    24.542535: get_symbol_offset <-kallsyms_lookup_buildid
             cat-467     [003] .....    24.542535: kallsyms_expand_symbol.constprop.0 <-kallsyms_lookup_buildid
             cat-467     [003] d..1.    24.542535: _raw_spin_lock <-ring_buffer_consume
             cat-467     [003] d..2.    24.542535: _raw_spin_unlock <-ring_buffer_consume
             cat-467     [003] d....    24.542535: _raw_spin_lock <-ring_buffer_empty_cpu.part.0.isra.0
             cat-467     [003] d..1.    24.542536: _raw_spin_unlock <-ring_buffer_empty_cpu.part.0.isra.0
             cat-467     [003] d....    24.542536: _raw_spin_lock <-ring_buffer_peek
             cat-467     [003] d..1.    24.542536: _raw_spin_unlock <-ring_buffer_peek
             cat-467     [003] d....    24.542536: _raw_spin_lock <-ring_buffer_empty_cpu.part.0.isra.0
             cat-467     [003] d..1.    24.542536: _raw_spin_unlock <-ring_buffer_empty_cpu.part.0.isra.0
             cat-467     [003] d....    24.542536: _raw_spin_lock <-ring_buffer_peek
             cat-467     [003] d..1.    24.542536: _raw_spin_unlock <-ring_buffer_peek
             cat-467     [003] d....    24.542536: _raw_spin_lock <-ring_buffer_empty_cpu.part.0.isra.0
             cat-467     [003] d..1.    24.542537: _raw_spin_unlock <-ring_buffer_empty_cpu.part.0.isra.0
             cat-467     [003] d....    24.542537: _raw_spin_lock <-ring_buffer_peek
             cat-467     [003] d..1.    24.542537: _raw_spin_unlock <-ring_buffer_peek
             cat-467     [003] d....    24.542537: _raw_spin_lock <-ring_buffer_empty_cpu.part.0.isra.0
             cat-467     [003] d..1.    24.542537: _raw_spin_unlock <-ring_buffer_empty_cpu.part.0.isra.0
             cat-467     [003] d....    24.542537: _raw_spin_lock <-ring_buffer_peek
             cat-467     [003] d..1.    24.542537: _raw_spin_unlock <-ring_buffer_peek
             cat-467     [003] .....    24.542538: kallsyms_lookup <-trace_seq_print_sym
             cat-467     [003] .....    24.542538: kallsyms_lookup_buildid <-kallsyms_lookup
             cat-467     [003] .....    24.542538: get_symbol_pos <-kallsyms_lookup_buildid
             cat-467     [003] .....    24.542539: get_symbol_offset <-kallsyms_lookup_buildid
             cat-467     [003] .....    24.542539: kallsyms_expand_symbol.constprop.0 <-kallsyms_lookup_buildid
             cat-467     [003] .....    24.542539: kallsyms_lookup <-trace_seq_print_sym
             cat-467     [003] .....    24.542539: kallsyms_lookup_buildid <-kallsyms_lookup
             cat-467     [003] .....    24.542539: get_symbol_pos <-kallsyms_lookup_buildid
             cat-467     [003] .....    24.542540: get_symbol_offset <-kallsyms_lookup_buildid
             cat-467     [003] .....    24.542540: kallsyms_expand_symbol.constprop.0 <-kallsyms_lookup_buildid
             cat-467     [003] d..1.    24.542540: _raw_spin_lock <-ring_buffer_consume
             cat-467     [003] d..2.    24.542540: _raw_spin_unlock <-ring_buffer_consume
             cat-467     [003] d....    24.542540: _raw_spin_lock <-ring_buffer_empty_cpu.part.0.isra.0
             cat-467     [003] d..1.    24.542540: _raw_spin_unlock <-ring_buffer_empty_cpu.part.0.isra.0
             cat-467     [003] d....    24.542540: _raw_spin_lock <-ring_buffer_peek
             cat-467     [003] d..1.    24.542541: _raw_spin_unlock <-ring_buffer_peek
             cat-467     [003] d....    24.542541: _raw_spin_lock <-ring_buffer_empty_cpu.part.0.isra.0
             cat-467     [003] d..1.    24.542541: _raw_spin_unlock <-ring_buffer_empty_cpu.part.0.isra.0
             cat-467     [003] d....    24.542541: _raw_spin_lock <-ring_buffer_peek
             cat-467     [003] d..1.    24.542541: _raw_spin_unlock <-ring_buffer_peek
             cat-467     [003] d....    24.542541: _raw_spin_lock <-ring_buffer_empty_cpu.part.0.isra.0
             cat-467     [003] d..1.    24.542541: _raw_spin_unlock <-ring_buffer_empty_cpu.part.0.isra.0
             cat-467     [003] d....    24.542541: _raw_spin_lock <-ring_buffer_peek
             cat-467     [003] d..1.    24.542542: _raw_spin_unlock <-ring_buffer_peek
             cat-467     [003] d....    24.542542: _raw_spin_lock <-ring_buffer_empty_cpu.part.0.isra.0
             cat-467     [003] d..1.    24.542542: _raw_spin_unlock <-ring_buffer_empty_cpu.part.0.isra.0
             cat-467     [003] d....    24.542542: _raw_spin_lock <-ring_buffer_peek
             cat-467     [003] d..1.    24.542542: _raw_spin_unlock <-ring_buffer_peek
             cat-467     [003] .....    24.542543: kallsyms_lookup <-trace_seq_print_sym
             cat-467     [003] .....    24.542543: kallsyms_lookup_buildid <-kallsyms_lookup
             cat-467     [003] .....    24.542543: get_symbol_pos <-kallsyms_lookup_buildid
             cat-467     [003] .....    24.542543: get_symbol_offset <-kallsyms_lookup_buildid
             cat-467     [003] .....    24.542543: kallsyms_expand_symbol.constprop.0 <-kallsyms_lookup_buildid
             cat-467     [003] .....    24.542544: kallsyms_lookup <-trace_seq_print_sym
             cat-467     [003] .....    24.542544: kallsyms_lookup_buildid <-kallsyms_lookup
             cat-467     [003] .....    24.542544: get_symbol_pos <-kallsyms_lookup_buildid
             cat-467     [003] .....    24.542544: get_symbol_offset <-kallsyms_lookup_buildid
             cat-467     [003] .....    24.542544: kallsyms_expand_symbol.constprop.0 <-kallsyms_lookup_buildid
             cat-467     [003] d..1.    24.542544: _raw_spin_lock <-ring_buffer_consume
             cat-467     [003] d..2.    24.542545: _raw_spin_unlock <-ring_buffer_consume
             cat-467     [003] d....    24.542545: _raw_spin_lock <-ring_buffer_empty_cpu.part.0.isra.0
             cat-467     [003] d..1.    24.542545: _raw_spin_unlock <-ring_buffer_empty_cpu.part.0.isra.0
CPU:0 [LOST 47995 EVENTS]
              ls-472     [000] ...1.    24.543283: __rcu_read_lock <-lruvec_stat_mod_folio
              ls-472     [000] ...1.    24.543283: mod_node_page_state <-lruvec_stat_mod_folio
              ls-472     [000] ...1.    24.543283: __mod_memcg_lruvec_state <-lruvec_stat_mod_folio
              ls-472     [000] ...2.    24.543283: memcg_state_val_in_pages <-__mod_memcg_lruvec_state
              ls-472     [000] ...2.    24.543284: __css_rstat_updated <-__mod_memcg_lruvec_state
              ls-472     [000] ...1.    24.543284: __rcu_read_unlock <-folio_remove_rmap_ptes
              ls-472     [000] ...1.    24.543284: __tlb_remove_folio_pages <-__zap_vma_range
              ls-472     [000] ...1.    24.543284: _raw_spin_unlock <-__zap_vma_range
              ls-472     [000] .....    24.543284: __rcu_read_unlock <-__zap_vma_range
              ls-472     [000] .....    24.543284: __zap_vma_range <-unmap_vmas
              ls-472     [000] .....    24.543284: pte_offset_map_lock <-__zap_vma_range
              ls-472     [000] .....    24.543284: __pte_offset_map <-pte_offset_map_lock
              ls-472     [000] .....    24.543285: __rcu_read_lock <-__pte_offset_map
              ls-472     [000] .....    24.543285: _raw_spin_lock <-pte_offset_map_lock
              ls-472     [000] ...1.    24.543285: flush_tlb_batched_pending <-__zap_vma_range
              ls-472     [000] ...1.    24.543285: vm_normal_page <-__zap_vma_range
              ls-472     [000] ...1.    24.543285: folio_mark_accessed <-__zap_vma_range
              ls-472     [000] ...1.    24.543285: arch_check_zapped_pte <-__zap_vma_range
              ls-472     [000] ...1.    24.543285: folio_remove_rmap_ptes <-__zap_vma_range
              ls-472     [000] ...1.    24.543285: __tlb_remove_folio_pages <-__zap_vma_range
              ls-472     [000] ...1.    24.543285: _raw_spin_unlock <-__zap_vma_range
              ls-472     [000] .....    24.543286: __rcu_read_unlock <-__zap_vma_range
              ls-472     [000] .....    24.543286: __zap_vma_range <-unmap_vmas
              ls-472     [000] .....    24.543286: pte_offset_map_lock <-__zap_vma_range
              ls-472     [000] .....    24.543286: __pte_offset_map <-pte_offset_map_lock
              ls-472     [000] .....    24.543286: __rcu_read_lock <-__pte_offset_map
              ls-472     [000] .....    24.543286: _raw_spin_lock <-pte_offset_map_lock
              ls-472     [000] ...1.    24.543286: flush_tlb_batched_pending <-__zap_vma_range
              ls-472     [000] ...1.    24.543286: vm_normal_page <-__zap_vma_range
              ls-472     [000] ...1.    24.543286: arch_check_zapped_pte <-__zap_vma_range
              ls-472     [000] ...1.    24.543287: _raw_spin_unlock <-__zap_vma_range
              ls-472     [000] .....    24.543287: __rcu_read_unlock <-__zap_vma_range
              ls-472     [000] .....    24.543287: __zap_vma_range <-unmap_vmas
              ls-472     [000] .....    24.543287: pte_offset_map_lock <-__zap_vma_range
              ls-472     [000] .....    24.543287: __pte_offset_map <-pte_offset_map_lock
              ls-472     [000] .....    24.543287: __rcu_read_lock <-__pte_offset_map
              ls-472     [000] .....    24.543287: _raw_spin_lock <-pte_offset_map_lock
              ls-472     [000] ...1.    24.543287: flush_tlb_batched_pending <-__zap_vma_range
              ls-472     [000] ...1.    24.543287: vm_normal_page <-__zap_vma_range
              ls-472     [000] ...1.    24.543288: folio_mark_accessed <-__zap_vma_range
              ls-472     [000] ...1.    24.543288: arch_check_zapped_pte <-__zap_vma_range
              ls-472     [000] ...1.    24.543288: folio_remove_rmap_ptes <-__zap_vma_range
              ls-472     [000] ...1.    24.543288: __tlb_remove_folio_pages <-__zap_vma_range
              ls-472     [000] ...1.    24.543288: _raw_spin_unlock <-__zap_vma_range
              ls-472     [000] .....    24.543288: __rcu_read_unlock <-__zap_vma_range
              ls-472     [000] .....    24.543288: __zap_vma_range <-unmap_vmas
              ls-472     [000] .....    24.543289: uprobe_munmap <-__zap_vma_range
              ls-472     [000] .....    24.543289: pte_offset_map_lock <-__zap_vma_range
              ls-472     [000] .....    24.543289: __pte_offset_map <-pte_offset_map_lock
              ls-472     [000] .....    24.543289: __rcu_read_lock <-__pte_offset_map
              ls-472     [000] .....    24.543289: _raw_spin_lock <-pte_offset_map_lock
              ls-472     [000] ...1.    24.543289: flush_tlb_batched_pending <-__zap_vma_range
              ls-472     [000] ...1.    24.543289: vm_normal_page <-__zap_vma_range
              ls-472     [000] ...1.    24.543289: folio_mark_accessed <-__zap_vma_range
              ls-472     [000] ...1.    24.543289: arch_check_zapped_pte <-__zap_vma_range
              ls-472     [000] ...1.    24.543289: folio_remove_rmap_ptes <-__zap_vma_range
              ls-472     [000] ...1.    24.543290: __tlb_remove_folio_pages <-__zap_vma_range
              ls-472     [000] ...1.    24.543290: _raw_spin_unlock <-__zap_vma_range
              ls-472     [000] .....    24.543290: __rcu_read_unlock <-__zap_vma_range
              ls-472     [000] .....    24.543290: __zap_vma_range <-unmap_vmas
              ls-472     [000] .....    24.543290: uprobe_munmap <-__zap_vma_range
              ls-472     [000] .....    24.543290: pte_offset_map_lock <-__zap_vma_range
              ls-472     [000] .....    24.543290: __pte_offset_map <-pte_offset_map_lock
              ls-472     [000] .....    24.543290: __rcu_read_lock <-__pte_offset_map
              ls-472     [000] .....    24.543290: _raw_spin_lock <-pte_offset_map_lock
              ls-472     [000] ...1.    24.543291: flush_tlb_batched_pending <-__zap_vma_range
              ls-472     [000] ...1.    24.543291: vm_normal_page <-__zap_vma_range
              ls-472     [000] ...1.    24.543291: folio_mark_accessed <-__zap_vma_range
              ls-472     [000] ...1.    24.543291: arch_check_zapped_pte <-__zap_vma_range
              ls-472     [000] ...1.    24.543291: folio_remove_rmap_ptes <-__zap_vma_range
              ls-472     [000] ...1.    24.543291: __tlb_remove_folio_pages <-__zap_vma_range
              ls-472     [000] ...1.    24.543291: vm_normal_page <-__zap_vma_range
              ls-472     [000] ...1.    24.543291: folio_mark_accessed <-__zap_vma_range
              ls-472     [000] ...1.    24.543291: arch_check_zapped_pte <-__zap_vma_range
              ls-472     [000] ...1.    24.543292: folio_remove_rmap_ptes <-__zap_vma_range
              ls-472     [000] ...1.    24.543292: __tlb_remove_folio_pages <-__zap_vma_range
              ls-472     [000] ...1.    24.543292: tlb_next_batch <-__tlb_remove_folio_pages
              ls-472     [000] ...1.    24.543292: get_free_pages_noprof <-tlb_next_batch
              ls-472     [000] ...1.    24.543292: alloc_pages_noprof <-get_free_pages_noprof
              ls-472     [000] ...1.    24.543292: alloc_pages_mpol <-alloc_pages_noprof
              ls-472     [000] ...1.    24.543292: policy_nodemask <-alloc_pages_mpol
              ls-472     [000] ...1.    24.543292: __alloc_frozen_pages_noprof <-alloc_pages_mpol
              ls-472     [000] ...1.    24.543292: get_page_from_freelist <-__alloc_frozen_pages_noprof
              ls-472     [000] ...2.    24.543293: _raw_spin_trylock <-get_page_from_freelist
              ls-472     [000] ...3.    24.543293: _raw_spin_unlock <-get_page_from_freelist
              ls-472     [000] ...1.    24.543293: kernel_init_pages <-get_page_from_freelist
              ls-472     [000] ...1.    24.543293: vm_normal_page <-__zap_vma_range
              ls-472     [000] ...1.    24.543293: folio_mark_accessed <-__zap_vma_range
              ls-472     [000] ...1.    24.543293: arch_check_zapped_pte <-__zap_vma_range
              ls-472     [000] ...1.    24.543293: folio_remove_rmap_ptes <-__zap_vma_range
              ls-472     [000] ...1.    24.543294: __tlb_remove_folio_pages <-__zap_vma_range
              ls-472     [000] ...1.    24.543294: vm_normal_page <-__zap_vma_range
              ls-472     [000] ...1.    24.543294: folio_mark_accessed <-__zap_vma_range
              ls-472     [000] ...1.    24.543294: arch_check_zapped_pte <-__zap_vma_range
              ls-472     [000] ...1.    24.543294: folio_remove_rmap_ptes <-__zap_vma_range
              ls-472     [000] ...1.    24.543294: __tlb_remove_folio_pages <-__zap_vma_range
              ls-472     [000] ...1.    24.543294: vm_normal_page <-__zap_vma_range
              ls-472     [000] ...1.    24.543294: folio_mark_accessed <-__zap_vma_range
              ls-472     [000] ...1.    24.543294: arch_check_zapped_pte <-__zap_vma_range
              ls-472     [000] ...1.    24.543295: folio_remove_rmap_ptes <-__zap_vma_range
              ls-472     [000] ...1.    24.543295: __tlb_remove_folio_pages <-__zap_vma_range
              ls-472     [000] ...1.    24.543295: vm_normal_page <-__zap_vma_range
              ls-472     [000] ...1.    24.543295: folio_mark_accessed <-__zap_vma_range
              ls-472     [000] ...1.    24.543295: arch_check_zapped_pte <-__zap_vma_range
              ls-472     [000] ...1.    24.543295: folio_remove_rmap_ptes <-__zap_vma_range
              ls-472     [000] ...1.    24.543295: __tlb_remove_folio_pages <-__zap_vma_range
              ls-472     [000] ...1.    24.543295: vm_normal_page <-__zap_vma_range
              ls-472     [000] ...1.    24.543295: folio_mark_accessed <-__zap_vma_range
              ls-472     [000] ...1.    24.543295: arch_check_zapped_pte <-__zap_vma_range
              ls-472     [000] ...1.    24.543296: folio_remove_rmap_ptes <-__zap_vma_range
              ls-472     [000] ...1.    24.543296: __tlb_remove_folio_pages <-__zap_vma_range
              ls-472     [000] ...1.    24.543296: vm_normal_page <-__zap_vma_range
              ls-472     [000] ...1.    24.543296: folio_mark_accessed <-__zap_vma_range
              ls-472     [000] ...1.    24.543296: arch_check_zapped_pte <-__zap_vma_range
              ls-472     [000] ...1.    24.543296: folio_remove_rmap_ptes <-__zap_vma_range
              ls-472     [000] ...1.    24.543296: __tlb_remove_folio_pages <-__zap_vma_range
              ls-472     [000] ...1.    24.543296: vm_normal_page <-__zap_vma_range
              ls-472     [000] ...1.    24.543296: folio_mark_accessed <-__zap_vma_range
              ls-472     [000] ...1.    24.543296: arch_check_zapped_pte <-__zap_vma_range
              ls-472     [000] ...1.    24.543297: folio_remove_rmap_ptes <-__zap_vma_range
              ls-472     [000] ...1.    24.543297: __tlb_remove_folio_pages <-__zap_vma_range
              ls-472     [000] ...1.    24.543297: vm_normal_page <-__zap_vma_range
              ls-472     [000] ...1.    24.543297: folio_mark_accessed <-__zap_vma_range
              ls-472     [000] ...1.    24.543297: arch_check_zapped_pte <-__zap_vma_range
              ls-472     [000] ...1.    24.543297: folio_remove_rmap_ptes <-__zap_vma_range
              ls-472     [000] ...1.    24.543297: __tlb_remove_folio_pages <-__zap_vma_range
              ls-472     [000] ...1.    24.543297: vm_normal_page <-__zap_vma_range
              ls-472     [000] ...1.    24.543297: folio_mark_accessed <-__zap_vma_range
              ls-472     [000] ...1.    24.543298: arch_check_zapped_pte <-__zap_vma_range
              ls-472     [000] ...1.    24.543298: folio_remove_rmap_ptes <-__zap_vma_range
              ls-472     [000] ...1.    24.543298: __tlb_remove_folio_pages <-__zap_vma_range
              ls-472     [000] ...1.    24.543298: vm_normal_page <-__zap_vma_range
              ls-472     [000] ...1.    24.543298: folio_mark_accessed <-__zap_vma_range
              ls-472     [000] ...1.    24.543298: arch_check_zapped_pte <-__zap_vma_range
              ls-472     [000] ...1.    24.543298: folio_remove_rmap_ptes <-__zap_vma_range
              ls-472     [000] ...1.    24.543298: __tlb_remove_folio_pages <-__zap_vma_range
              ls-472     [000] ...1.    24.543298: vm_normal_page <-__zap_vma_range
              ls-472     [000] ...1.    24.543299: folio_mark_accessed <-__zap_vma_range
              ls-472     [000] ...1.    24.543299: arch_check_zapped_pte <-__zap_vma_range
              ls-472     [000] ...1.    24.543299: folio_remove_rmap_ptes <-__zap_vma_range
              ls-472     [000] ...1.    24.543299: __tlb_remove_folio_pages <-__zap_vma_range
              ls-472     [000] ...1.    24.543299: vm_normal_page <-__zap_vma_range
              ls-472     [000] ...1.    24.543299: folio_mark_accessed <-__zap_vma_range
              ls-472     [000] ...1.    24.543299: arch_check_zapped_pte <-__zap_vma_range
              ls-472     [000] ...1.    24.543299: folio_remove_rmap_ptes <-__zap_vma_range
CPU:0 [LOST 1885 EVENTS]
          <idle>-0       [000] d..1.    24.543521: rcu_segcblist_enqueue <-__call_rcu_common
          <idle>-0       [000] ...1.    24.543521: put_task_struct_rcu_user <-__schedule
          <idle>-0       [000] ...1.    24.543521: do_idle <-cpu_startup_entry
          <idle>-0       [000] ...1.    24.543521: nohz_run_idle_balance <-do_idle
          <idle>-0       [000] ...1.    24.543521: tick_nohz_idle_enter <-do_idle
          <idle>-0       [000] d..1.    24.543521: ktime_get <-tick_nohz_idle_enter
          <idle>-0       [000] d..1.    24.543522: arch_cpu_idle_enter <-do_idle
          <idle>-0       [000] d..1.    24.543522: tsc_verify_tsc_adjust <-arch_cpu_idle_enter
          <idle>-0       [000] d..1.    24.543522: local_touch_nmi <-do_idle
          <idle>-0       [000] d..1.    24.543522: rcu_nocb_flush_deferred_wakeup <-do_idle
          <idle>-0       [000] d..1.    24.543522: cpuidle_get_cpu_driver <-do_idle
          <idle>-0       [000] d..1.    24.543522: cpuidle_not_available <-do_idle
          <idle>-0       [000] d..1.    24.543523: tick_nohz_tick_stopped <-do_idle
          <idle>-0       [000] d..1.    24.543523: tick_nohz_idle_retain_tick <-do_idle
CPU:1 [LOST 48575 EVENTS]
              ls-482     [001] d....    24.544048: rcu_async_should_hurry <-__call_rcu_common
              ls-482     [001] d....    24.544048: rcu_segcblist_enqueue <-__call_rcu_common
              ls-482     [001] .....    24.544048: kmem_cache_free <-task_work_run
              ls-482     [001] .....    24.544048: exit_thread <-do_exit
              ls-482     [001] .....    24.544048: shstk_free <-exit_thread
              ls-482     [001] .....    24.544048: fpu__drop <-do_exit
              ls-482     [001] .....    24.544048: sched_autogroup_exit_task <-do_exit
              ls-482     [001] .....    24.544048: sched_move_task <-do_exit
              ls-482     [001] .....    24.544049: _task_rq_lock <-sched_move_task
              ls-482     [001] .....    24.544049: _raw_spin_lock_irqsave <-_task_rq_lock
              ls-482     [001] d..1.    24.544049: raw_spin_rq_lock_nested <-_task_rq_lock
              ls-482     [001] d..2.    24.544049: _raw_spin_lock <-raw_spin_rq_lock_nested
              ls-482     [001] d..2.    24.544049: sched_change_begin <-sched_move_task
              ls-482     [001] d..2.    24.544049: update_rq_clock <-sched_change_begin
              ls-482     [001] d..2.    24.544049: kvm_steal_clock <-update_rq_clock
              ls-482     [001] d..2.    24.544049: arch_scale_cpu_capacity <-update_rq_clock
              ls-482     [001] d..2.    24.544050: dequeue_task_fair <-sched_change_begin
              ls-482     [001] d..2.    24.544050: dequeue_entities <-dequeue_task_fair
              ls-482     [001] d..2.    24.544050: update_curr <-dequeue_entities
              ls-482     [001] d..2.    24.544050: update_se <-update_curr
              ls-482     [001] d..2.    24.544050: cpuacct_charge <-update_se
              ls-482     [001] d..2.    24.544050: dl_server_update <-update_curr
              ls-482     [001] d..2.    24.544050: update_curr_dl_se <-update_curr
              ls-482     [001] d..2.    24.544050: __update_load_avg_se <-update_load_avg
              ls-482     [001] d..2.    24.544051: __update_load_avg_cfs_rq <-update_cfs_rq_load_avg
              ls-482     [001] d..2.    24.544051: avg_vruntime <-dequeue_entities
              ls-482     [001] d..2.    24.544051: entity_lag.isra.0 <-dequeue_entities
              ls-482     [001] d..2.    24.544051: update_cfs_group <-dequeue_entities
              ls-482     [001] d..2.    24.544051: put_prev_task_fair <-sched_change_begin
              ls-482     [001] d..2.    24.544051: put_prev_entity <-put_prev_task_fair
              ls-482     [001] d..2.    24.544051: task_wants_autogroup <-sched_move_task
              ls-482     [001] d..2.    24.544052: task_change_group_fair <-sched_move_task
              ls-482     [001] d..2.    24.544052: __update_load_avg_se <-task_change_group_fair
              ls-482     [001] d..2.    24.544052: __update_load_avg_cfs_rq <-update_cfs_rq_load_avg
              ls-482     [001] d..2.    24.544052: detach_entity_load_avg <-task_change_group_fair
              ls-482     [001] d..2.    24.544052: propagate_entity_cfs_rq <-task_change_group_fair
              ls-482     [001] d..2.    24.544052: attach_entity_cfs_rq <-sched_move_task
              ls-482     [001] d..2.    24.544052: __update_load_avg_cfs_rq <-update_cfs_rq_load_avg
              ls-482     [001] d..2.    24.544053: attach_entity_load_avg <-attach_entity_cfs_rq
              ls-482     [001] d..2.    24.544053: propagate_entity_cfs_rq <-sched_move_task
              ls-482     [001] d..2.    24.544053: sched_change_end <-sched_move_task
              ls-482     [001] d..2.    24.544053: enqueue_task <-sched_change_end
              ls-482     [001] d..2.    24.544053: enqueue_task_fair <-enqueue_task
              ls-482     [001] d..2.    24.544053: update_curr <-enqueue_task_fair
              ls-482     [001] d..2.    24.544053: __update_load_avg_se <-update_load_avg
              ls-482     [001] d..2.    24.544053: __update_load_avg_cfs_rq <-update_cfs_rq_load_avg
              ls-482     [001] d..2.    24.544053: update_cfs_group <-enqueue_task_fair
              ls-482     [001] d..2.    24.544054: place_entity <-enqueue_task_fair
              ls-482     [001] d..2.    24.544054: avg_vruntime <-place_entity
              ls-482     [001] d..2.    24.544054: __enqueue_entity <-enqueue_task_fair
              ls-482     [001] d..2.    24.544054: dl_server_start <-enqueue_task_fair
              ls-482     [001] d..2.    24.544054: hrtimer_active <-enqueue_task_fair
              ls-482     [001] d..2.    24.544054: set_next_task_fair <-sched_change_end
              ls-482     [001] d..2.    24.544054: set_next_entity <-set_next_task_fair
              ls-482     [001] d..2.    24.544055: __dequeue_entity <-set_next_entity
              ls-482     [001] d..2.    24.544055: __update_load_avg_se <-update_load_avg
              ls-482     [001] d..2.    24.544055: __update_load_avg_cfs_rq <-update_cfs_rq_load_avg
              ls-482     [001] d..2.    24.544055: prio_changed_fair <-sched_move_task
              ls-482     [001] d..2.    24.544055: __resched_curr <-sched_move_task
              ls-482     [001] dN.2.    24.544055: __balance_callbacks <-sched_move_task
              ls-482     [001] dN.2.    24.544055: _raw_spin_unlock <-sched_move_task
              ls-482     [001] dN.1.    24.544055: _raw_spin_unlock_irqrestore <-sched_move_task
              ls-482     [001] dN.1.    24.544056: rcu_note_context_switch <-__schedule
              ls-482     [001] dN.1.    24.544056: migrate_disable_switch.isra.0 <-__schedule
              ls-482     [001] dN.1.    24.544056: raw_spin_rq_lock_nested <-__schedule
              ls-482     [001] dN.2.    24.544056: _raw_spin_lock <-raw_spin_rq_lock_nested
              ls-482     [001] dN.2.    24.544056: update_rq_clock <-__schedule
              ls-482     [001] dN.2.    24.544056: kvm_steal_clock <-update_rq_clock
              ls-482     [001] dN.2.    24.544056: arch_scale_cpu_capacity <-update_rq_clock
              ls-482     [001] dN.2.    24.544056: pick_next_task_fair <-__schedule
              ls-482     [001] dN.2.    24.544057: pick_task_fair <-pick_next_task_fair
              ls-482     [001] dN.2.    24.544057: update_curr <-pick_task_fair
              ls-482     [001] dN.2.    24.544057: update_se <-update_curr
              ls-482     [001] dN.2.    24.544057: cpuacct_charge <-update_se
              ls-482     [001] dN.2.    24.544057: dl_server_update <-update_curr
              ls-482     [001] dN.2.    24.544057: update_curr_dl_se <-update_curr
              ls-482     [001] dN.2.    24.544057: pick_eevdf <-pick_task_fair
              ls-482     [001] d..2.    24.544057: _raw_spin_unlock <-__schedule
              ls-482     [001] .....    24.544058: cgroup_task_exit <-do_exit
              ls-482     [001] .....    24.544058: blkcg_exit <-cgroup_task_exit
              ls-482     [001] .....    24.544058: mem_cgroup_exit <-cgroup_task_exit
              ls-482     [001] .....    24.544058: flush_ptrace_hw_breakpoint <-do_exit
              ls-482     [001] .....    24.544058: unregister_hw_breakpoint <-flush_ptrace_hw_breakpoint
              ls-482     [001] .....    24.544058: unregister_hw_breakpoint <-flush_ptrace_hw_breakpoint
              ls-482     [001] .....    24.544058: unregister_hw_breakpoint <-flush_ptrace_hw_breakpoint
              ls-482     [001] .....    24.544059: unregister_hw_breakpoint <-flush_ptrace_hw_breakpoint
              ls-482     [001] .....    24.544059: exit_tasks_rcu_start <-do_exit
              ls-482     [001] ...1.    24.544059: _raw_spin_lock_irqsave <-exit_tasks_rcu_start
              ls-482     [001] d..2.    24.544059: _raw_spin_unlock_irqrestore <-exit_tasks_rcu_start
              ls-482     [001] .....    24.544059: _raw_write_lock_irq <-do_exit
              ls-482     [001] d..1.    24.544059: task_active_pid_ns <-do_exit
              ls-482     [001] d..1.    24.544059: kill_orphaned_pgrp <-do_exit
              ls-482     [001] d..1.    24.544059: do_notify_parent <-do_exit
              ls-482     [001] d..1.    24.544060: __wake_up <-do_notify_parent
              ls-482     [001] d..1.    24.544060: _raw_spin_lock_irqsave <-__wake_up
              ls-482     [001] d..2.    24.544060: __wake_up_common <-__wake_up
              ls-482     [001] d..2.    24.544060: _raw_spin_unlock_irqrestore <-__wake_up
              ls-482     [001] d..1.    24.544060: __rcu_read_lock <-do_notify_parent
              ls-482     [001] d..1.    24.544060: task_active_pid_ns <-do_notify_parent
              ls-482     [001] d..1.    24.544060: __task_pid_nr_ns <-do_notify_parent
              ls-482     [001] d..1.    24.544060: __rcu_read_lock <-__task_pid_nr_ns
              ls-482     [001] d..1.    24.544060: __rcu_read_unlock <-__task_pid_nr_ns
              ls-482     [001] d..1.    24.544061: __rcu_read_lock <-do_notify_parent
              ls-482     [001] d..1.    24.544061: __rcu_read_unlock <-do_notify_parent
              ls-482     [001] d..1.    24.544061: __rcu_read_lock <-do_notify_parent
              ls-482     [001] d..1.    24.544061: __rcu_read_unlock <-do_notify_parent
              ls-482     [001] d..1.    24.544061: from_kuid_munged <-do_notify_parent
              ls-482     [001] d..1.    24.544061: map_id_range_up <-from_kuid_munged
              ls-482     [001] d..1.    24.544061: __rcu_read_unlock <-do_notify_parent
              ls-482     [001] d..1.    24.544061: task_cputime <-do_notify_parent
              ls-482     [001] d..1.    24.544062: nsec_to_clock_t <-do_notify_parent
              ls-482     [001] d..1.    24.544062: nsec_to_clock_t <-do_notify_parent
              ls-482     [001] d..1.    24.544062: _raw_spin_lock_irqsave <-do_notify_parent
              ls-482     [001] d..2.    24.544062: __send_signal_locked <-do_notify_parent
              ls-482     [001] d..2.    24.544062: prepare_signal <-__send_signal_locked
              ls-482     [001] d..2.    24.544062: sig_get_ucounts <-__send_signal_locked
              ls-482     [001] d..2.    24.544062: __rcu_read_lock <-sig_get_ucounts
              ls-482     [001] d..2.    24.544062: __rcu_read_lock <-sig_get_ucounts
              ls-482     [001] d..2.    24.544063: __rcu_read_unlock <-sig_get_ucounts
              ls-482     [001] d..2.    24.544063: inc_rlimit_get_ucounts <-sig_get_ucounts
              ls-482     [001] d..2.    24.544063: __rcu_read_unlock <-sig_get_ucounts
              ls-482     [001] d..2.    24.544063: kmem_cache_alloc_noprof <-__send_signal_locked
              ls-482     [001] d..2.    24.544063: complete_signal <-__send_signal_locked
              ls-482     [001] d..2.    24.544063: wake_up_state <-complete_signal
              ls-482     [001] d..2.    24.544063: try_to_wake_up <-complete_signal
              ls-482     [001] d..3.    24.544063: _raw_spin_lock_irqsave <-try_to_wake_up
              ls-482     [001] d..4.    24.544064: select_task_rq_fair <-try_to_wake_up
              ls-482     [001] d..4.    24.544064: choose_idle_cpu <-select_task_rq_fair
              ls-482     [001] d..4.    24.544064: choose_idle_cpu <-select_task_rq_fair
              ls-482     [001] d..4.    24.544064: choose_idle_cpu <-select_task_rq_fair
              ls-482     [001] d..4.    24.544064: ttwu_queue_wakelist <-try_to_wake_up
              ls-482     [001] d..4.    24.544065: scx_allow_ttwu_queue <-ttwu_queue_wakelist
              ls-482     [001] d..4.    24.544065: raw_spin_rq_lock_nested <-try_to_wake_up
              ls-482     [001] d..5.    24.544065: _raw_spin_lock <-raw_spin_rq_lock_nested
              ls-482     [001] d..5.    24.544065: update_rq_clock <-try_to_wake_up
              ls-482     [001] d..5.    24.544065: kvm_steal_clock <-update_rq_clock
              ls-482     [001] d..5.    24.544065: arch_scale_cpu_capacity <-update_rq_clock
              ls-482     [001] d..5.    24.544065: ttwu_do_activate <-try_to_wake_up
              ls-482     [001] d..5.    24.544065: enqueue_task <-ttwu_do_activate
              ls-482     [001] d..5.    24.544065: enqueue_task_fair <-enqueue_task
              ls-482     [001] d..5.    24.544066: update_curr <-enqueue_task_fair
              ls-482     [001] d..5.    24.544066: update_se <-update_curr
              ls-482     [001] d..5.    24.544066: cpuacct_charge <-update_se
              ls-482     [001] d..5.    24.544066: dl_server_update <-update_curr
              ls-482     [001] d..5.    24.544066: update_curr_dl_se <-update_curr
          <idle>-0       [000] d..1.    24.544394: irq_enter_rcu <-sysvec_apic_timer_interrupt
          <idle>-0       [000] d.h1.    24.544394: tick_irq_enter <-irq_enter_rcu
          <idle>-0       [000] d.h1.    24.544394: tick_check_oneshot_broadcast_this_cpu <-tick_irq_enter
          <idle>-0       [000] d.h1.    24.544395: ktime_get <-tick_irq_enter
          <idle>-0       [000] d.h1.    24.544395: tick_nohz_stop_idle <-tick_irq_enter
          <idle>-0       [000] d.h1.    24.544395: nr_iowait_cpu <-tick_nohz_stop_idle
          <idle>-0       [000] d.h1.    24.544395: irqtime_account_irq <-sysvec_apic_timer_interrupt
          <idle>-0       [000] d.h1.    24.544395: __sysvec_apic_timer_interrupt <-sysvec_apic_timer_interrupt
          <idle>-0       [000] d.h1.    24.544395: hrtimer_interrupt <-__sysvec_apic_timer_interrupt
          <idle>-0       [000] d.h1.    24.544395: _raw_spin_lock_irqsave <-hrtimer_interrupt
          <idle>-0       [000] d.h2.    24.544396: ktime_get_update_offsets_now <-hrtimer_interrupt
          <idle>-0       [000] d.h2.    24.544396: __hrtimer_run_queues <-hrtimer_interrupt
          <idle>-0       [000] d.h2.    24.544396: __remove_hrtimer <-__hrtimer_run_queues
          <idle>-0       [000] d.h2.    24.544396: _raw_spin_unlock_irqrestore <-__hrtimer_run_queues
          <idle>-0       [000] d.h1.    24.544396: tick_nohz_handler <-__hrtimer_run_queues
          <idle>-0       [000] d.h1.    24.544396: ktime_get <-tick_nohz_handler
          <idle>-0       [000] d.h1.    24.544396: tick_do_update_jiffies64 <-tick_nohz_handler
          <idle>-0       [000] d.h1.    24.544397: _raw_spin_lock <-tick_do_update_jiffies64
          <idle>-0       [000] d.h2.    24.544397: calc_global_load <-tick_do_update_jiffies64
          <idle>-0       [000] d.h2.    24.544397: _raw_spin_unlock <-tick_do_update_jiffies64
          <idle>-0       [000] d.h1.    24.544397: update_wall_time <-tick_nohz_handler
          <idle>-0       [000] d.h1.    24.544397: _raw_spin_lock_irqsave <-update_wall_time
          <idle>-0       [000] d.h2.    24.544397: __timekeeping_advance <-update_wall_time
          <idle>-0       [000] d.h2.    24.544397: ntp_tick_length <-__timekeeping_advance
          <idle>-0       [000] d.h2.    24.544397: ntp_tick_length <-__timekeeping_advance
          <idle>-0       [000] d.h2.    24.544398: timekeeping_update_from_shadow <-__timekeeping_advance
          <idle>-0       [000] d.h2.    24.544398: ntp_get_next_leap <-timekeeping_update_from_shadow
          <idle>-0       [000] d.h2.    24.544398: update_vsyscall <-timekeeping_update_from_shadow
          <idle>-0       [000] d.h2.    24.544398: raw_notifier_call_chain <-timekeeping_update_from_shadow
          <idle>-0       [000] d.h2.    24.544398: notifier_call_chain <-timekeeping_update_from_shadow
          <idle>-0       [000] d.h2.    24.544398: update_fast_timekeeper <-timekeeping_update_from_shadow
          <idle>-0       [000] d.h2.    24.544398: update_fast_timekeeper <-timekeeping_update_from_shadow
          <idle>-0       [000] d.h2.    24.544398: _raw_spin_unlock_irqrestore <-update_wall_time
          <idle>-0       [000] d.h1.    24.544399: update_process_times <-tick_nohz_handler
          <idle>-0       [000] d.h1.    24.544399: account_process_tick <-update_process_times
          <idle>-0       [000] d.h1.    24.544399: irqtime_account_process_tick <-update_process_times
          <idle>-0       [000] d.h1.    24.544399: kvm_steal_clock <-irqtime_account_process_tick
          <idle>-0       [000] d.h1.    24.544399: hrtimer_run_queues <-update_process_times
          <idle>-0       [000] d.h1.    24.544399: tmigr_requires_handle_remote <-update_process_times
          <idle>-0       [000] d.h1.    24.544399: get_jiffies_update <-tmigr_requires_handle_remote
          <idle>-0       [000] d.h1.    24.544399: rcu_sched_clock_irq <-update_process_times
          <idle>-0       [000] d.h1.    24.544400: rcu_segcblist_ready_cbs <-rcu_sched_clock_irq
          <idle>-0       [000] d.h1.    24.544400: invoke_rcu_core <-rcu_sched_clock_irq
          <idle>-0       [000] d.h1.    24.544400: raise_softirq <-rcu_sched_clock_irq
          <idle>-0       [000] d.h1.    24.544400: sched_tick <-update_process_times
          <idle>-0       [000] d.h1.    24.544400: arch_scale_freq_tick <-sched_tick
          <idle>-0       [000] d.h1.    24.544400: raw_spin_rq_lock_nested <-sched_tick
          <idle>-0       [000] d.h2.    24.544400: _raw_spin_lock <-raw_spin_rq_lock_nested
          <idle>-0       [000] d.h2.    24.544400: psi_account_irqtime <-sched_tick
          <idle>-0       [000] d.h2.    24.544401: update_rq_clock <-sched_tick
          <idle>-0       [000] d.h2.    24.544401: kvm_steal_clock <-update_rq_clock
          <idle>-0       [000] d.h2.    24.544401: task_tick_idle <-sched_tick
          <idle>-0       [000] d.h2.    24.544401: update_curr_idle <-sched_tick
          <idle>-0       [000] d.h2.    24.544401: update_curr_dl_se <-update_curr_idle
          <idle>-0       [000] d.h2.    24.544401: calc_global_load_tick <-sched_tick
          <idle>-0       [000] d.h2.    24.544401: scx_tick <-sched_tick
          <idle>-0       [000] d.h2.    24.544402: _raw_spin_unlock <-sched_tick
          <idle>-0       [000] d.h1.    24.544402: perf_event_task_tick <-sched_tick
          <idle>-0       [000] d.h1.    24.544402: perf_adjust_freq_unthr_context <-perf_event_task_tick
          <idle>-0       [000] d.h1.    24.544402: __rcu_read_lock <-perf_event_task_tick
          <idle>-0       [000] d.h1.    24.544402: __rcu_read_unlock <-sched_tick
          <idle>-0       [000] d.h1.    24.544402: idle_cpu <-sched_tick
          <idle>-0       [000] d.h1.    24.544402: sched_balance_trigger <-update_process_times
          <idle>-0       [000] d.h1.    24.544402: raise_softirq <-sched_balance_trigger
          <idle>-0       [000] d.h1.    24.544403: run_posix_cpu_timers <-tick_nohz_handler
          <idle>-0       [000] d.h1.    24.544403: profile_tick <-tick_nohz_handler
          <idle>-0       [000] d.h1.    24.544403: profile_pc <-profile_tick
          <idle>-0       [000] d.h1.    24.544403: hrtimer_forward <-tick_nohz_handler
          <idle>-0       [000] d.h1.    24.544403: _raw_spin_lock_irq <-__hrtimer_run_queues
          <idle>-0       [000] d.h2.    24.544403: enqueue_hrtimer <-__hrtimer_run_queues
          <idle>-0       [000] d.h2.    24.544403: ktime_get_update_offsets_now <-hrtimer_interrupt
          <idle>-0       [000] d.h2.    24.544404: hrtimer_update_next_event <-hrtimer_interrupt
          <idle>-0       [000] d.h2.    24.544404: hrtimer_bases_first <-hrtimer_update_next_event
          <idle>-0       [000] d.h2.    24.544404: _raw_spin_unlock_irqrestore <-__sysvec_apic_timer_interrupt
          <idle>-0       [000] d.h1.    24.544404: irq_exit_rcu <-sysvec_apic_timer_interrupt
          <idle>-0       [000] d.h1.    24.544404: irqtime_account_irq <-__irq_exit_rcu
          <idle>-0       [000] d..1.    24.544404: __hrtimer_rearm_deferred <-__irq_exit_rcu
          <idle>-0       [000] d..1.    24.544404: _raw_spin_lock <-__hrtimer_rearm_deferred
          <idle>-0       [000] d..2.    24.544404: tick_program_event <-__hrtimer_rearm_deferred
          <idle>-0       [000] d..2.    24.544404: clockevents_program_event <-__hrtimer_rearm_deferred
          <idle>-0       [000] d..2.    24.544405: ktime_expiry_to_cycles <-clockevents_program_event
          <idle>-0       [000] d..2.    24.544405: ktime_get <-clockevents_program_event
          <idle>-0       [000] d..2.    24.544405: lapic_next_deadline <-clockevents_program_event
          <idle>-0       [000] d..2.    24.544406: _raw_spin_unlock <-__irq_exit_rcu
          <idle>-0       [000] d..1.    24.544406: handle_softirqs <-__irq_exit_rcu
          <idle>-0       [000] d.s1.    24.544406: irqtime_account_irq <-handle_softirqs
          <idle>-0       [000] ..s1.    24.544407: sched_balance_softirq <-handle_softirqs
          <idle>-0       [000] ..s1.    24.544407: sched_balance_update_blocked_averages <-sched_balance_softirq
          <idle>-0       [000] d.s1.    24.544407: raw_spin_rq_lock_nested <-_raw_spin_rq_lock_irqsave
          <idle>-0       [000] d.s2.    24.544407: _raw_spin_lock <-raw_spin_rq_lock_nested
          <idle>-0       [000] d.s2.    24.544407: update_rq_clock <-sched_balance_update_blocked_averages
          <idle>-0       [000] d.s2.    24.544407: kvm_steal_clock <-update_rq_clock
          <idle>-0       [000] d.s2.    24.544407: update_irq_load_avg <-update_rq_clock
          <idle>-0       [000] d.s2.    24.544407: arch_scale_cpu_capacity <-update_irq_load_avg
          <idle>-0       [000] d.s2.    24.544408: __sched_balance_update_blocked_averages <-sched_balance_update_blocked_averages
          <idle>-0       [000] d.s2.    24.544408: update_other_load_avgs <-__sched_balance_update_blocked_averages
          <idle>-0       [000] d.s2.    24.544408: update_rt_rq_load_avg <-update_other_load_avgs
          <idle>-0       [000] d.s2.    24.544408: update_dl_rq_load_avg <-update_other_load_avgs
          <idle>-0       [000] d.s2.    24.544408: update_irq_load_avg <-update_other_load_avgs
          <idle>-0       [000] d.s2.    24.544408: arch_scale_cpu_capacity <-update_irq_load_avg
          <idle>-0       [000] d.s2.    24.544408: _raw_spin_lock <-update_cfs_rq_load_avg
          <idle>-0       [000] d.s3.    24.544408: _raw_spin_unlock <-update_cfs_rq_load_avg
          <idle>-0       [000] d.s2.    24.544409: __update_load_avg_cfs_rq <-update_cfs_rq_load_avg
          <idle>-0       [000] d.s2.    24.544409: _raw_spin_unlock <-rq_unlock_irqrestore
          <idle>-0       [000] ..s1.    24.544409: sched_balance_domains <-handle_softirqs
          <idle>-0       [000] ..s1.    24.544409: __rcu_read_lock <-sched_balance_domains
          <idle>-0       [000] ..s1.    24.544409: __msecs_to_jiffies <-sched_balance_domains
          <idle>-0       [000] ..s1.    24.544409: sched_balance_rq <-sched_balance_domains
          <idle>-0       [000] ..s1.    24.544409: idle_cpu <-sched_balance_rq
          <idle>-0       [000] ..s1.    24.544410: sched_balance_find_src_group <-sched_balance_rq
          <idle>-0       [000] ..s1.    24.544410: update_group_capacity <-update_sd_lb_stats.constprop.0
          <idle>-0       [000] ..s1.    24.544410: __msecs_to_jiffies <-update_group_capacity
          <idle>-0       [000] ..s1.    24.544410: arch_scale_cpu_capacity <-update_group_capacity
          <idle>-0       [000] ..s1.    24.544410: cpu_util <-update_sd_lb_stats.constprop.0
          <idle>-0       [000] ..s1.    24.544410: arch_scale_cpu_capacity <-cpu_util
          <idle>-0       [000] ..s1.    24.544410: idle_cpu <-update_sd_lb_stats.constprop.0
          <idle>-0       [000] ..s1.    24.544411: cpu_util <-update_sd_lb_stats.constprop.0
          <idle>-0       [000] ..s1.    24.544411: arch_scale_cpu_capacity <-cpu_util
          <idle>-0       [000] ..s1.    24.544411: idle_cpu <-update_sd_lb_stats.constprop.0
          <idle>-0       [000] ..s1.    24.544411: cpu_util <-update_sd_lb_stats.constprop.0
          <idle>-0       [000] ..s1.    24.544411: arch_scale_cpu_capacity <-cpu_util
          <idle>-0       [000] ..s1.    24.544411: sched_use_asym_prio.isra.0 <-update_sd_lb_stats.constprop.0
          <idle>-0       [000] ..s1.    24.544411: cpu_util <-update_sd_lb_stats.constprop.0
          <idle>-0       [000] ..s1.    24.544412: arch_scale_cpu_capacity <-cpu_util
          <idle>-0       [000] ..s1.    24.544412: arch_scale_cpu_capacity <-update_sd_lb_stats.constprop.0
          <idle>-0       [000] ..s1.    24.544412: sched_use_asym_prio.isra.0 <-update_sd_lb_stats.constprop.0
          <idle>-0       [000] ..s1.    24.544412: __msecs_to_jiffies <-sched_balance_domains
          <idle>-0       [000] ..s1.    24.544412: __rcu_read_unlock <-sched_balance_domains
          <idle>-0       [000] ..s1.    24.544412: rcu_core_si <-handle_softirqs
          <idle>-0       [000] ..s1.    24.544412: rcu_core <-handle_softirqs
          <idle>-0       [000] ..s1.    24.544413: note_gp_changes <-rcu_core
CPU:1 [LOST 1015 EVENTS]
          <idle>-0       [001] ..s1.    24.544455: __free_frozen_pages <-tlb_remove_table_rcu
          <idle>-0       [001] ..s1.    24.544455: __get_pfnblock_flags_mask.isra.0 <-__free_frozen_pages
          <idle>-0       [001] ..s2.    24.544456: _raw_spin_trylock <-__free_frozen_pages
          <idle>-0       [001] ..s3.    24.544456: free_frozen_page_commit <-__free_frozen_pages
          <idle>-0       [001] ..s3.    24.544456: _raw_spin_unlock <-__free_frozen_pages
          <idle>-0       [001] ..s1.    24.544456: lruvec_stat_mod_folio <-tlb_remove_table_rcu
          <idle>-0       [001] ..s1.    24.544456: __rcu_read_lock <-lruvec_stat_mod_folio
          <idle>-0       [001] ..s1.    24.544456: __rcu_read_unlock <-lruvec_stat_mod_folio
          <idle>-0       [001] ..s1.    24.544456: mod_node_page_state <-tlb_remove_table_rcu
          <idle>-0       [001] ..s1.    24.544456: __free_pages <-tlb_remove_table_rcu
          <idle>-0       [001] ..s1.    24.544456: ___free_pages <-tlb_remove_table_rcu
          <idle>-0       [001] ..s1.    24.544456: __free_frozen_pages <-tlb_remove_table_rcu
          <idle>-0       [001] ..s1.    24.544457: __get_pfnblock_flags_mask.isra.0 <-__free_frozen_pages
          <idle>-0       [001] ..s2.    24.544457: _raw_spin_trylock <-__free_frozen_pages
          <idle>-0       [001] ..s3.    24.544457: free_frozen_page_commit <-__free_frozen_pages
          <idle>-0       [001] ..s3.    24.544457: _raw_spin_unlock <-__free_frozen_pages
          <idle>-0       [001] ..s1.    24.544457: lruvec_stat_mod_folio <-tlb_remove_table_rcu
          <idle>-0       [001] ..s1.    24.544457: __rcu_read_lock <-lruvec_stat_mod_folio
          <idle>-0       [001] ..s1.    24.544457: __rcu_read_unlock <-lruvec_stat_mod_folio
          <idle>-0       [001] ..s1.    24.544457: mod_node_page_state <-tlb_remove_table_rcu
          <idle>-0       [001] ..s1.    24.544457: __free_pages <-tlb_remove_table_rcu
          <idle>-0       [001] ..s1.    24.544457: ___free_pages <-tlb_remove_table_rcu
          <idle>-0       [001] ..s1.    24.544458: __free_frozen_pages <-tlb_remove_table_rcu
          <idle>-0       [001] ..s1.    24.544458: __get_pfnblock_flags_mask.isra.0 <-__free_frozen_pages
          <idle>-0       [001] ..s2.    24.544458: _raw_spin_trylock <-__free_frozen_pages
          <idle>-0       [001] ..s3.    24.544458: free_frozen_page_commit <-__free_frozen_pages
          <idle>-0       [001] ..s3.    24.544458: _raw_spin_unlock <-__free_frozen_pages
          <idle>-0       [001] ..s1.    24.544458: lruvec_stat_mod_folio <-tlb_remove_table_rcu
          <idle>-0       [001] ..s1.    24.544458: __rcu_read_lock <-lruvec_stat_mod_folio
          <idle>-0       [001] ..s1.    24.544458: __rcu_read_unlock <-lruvec_stat_mod_folio
          <idle>-0       [001] ..s1.    24.544458: mod_node_page_state <-tlb_remove_table_rcu
          <idle>-0       [001] ..s1.    24.544458: __free_pages <-tlb_remove_table_rcu
          <idle>-0       [001] ..s1.    24.544459: ___free_pages <-tlb_remove_table_rcu
          <idle>-0       [001] ..s1.    24.544459: __free_frozen_pages <-tlb_remove_table_rcu
          <idle>-0       [001] ..s1.    24.544459: __get_pfnblock_flags_mask.isra.0 <-__free_frozen_pages
          <idle>-0       [001] ..s2.    24.544459: _raw_spin_trylock <-__free_frozen_pages
          <idle>-0       [001] ..s3.    24.544459: free_frozen_page_commit <-__free_frozen_pages
          <idle>-0       [001] ..s3.    24.544459: _raw_spin_unlock <-__free_frozen_pages
          <idle>-0       [001] ..s1.    24.544459: lruvec_stat_mod_folio <-tlb_remove_table_rcu
          <idle>-0       [001] ..s1.    24.544459: __rcu_read_lock <-lruvec_stat_mod_folio
          <idle>-0       [001] ..s1.    24.544459: __rcu_read_unlock <-lruvec_stat_mod_folio
          <idle>-0       [001] ..s1.    24.544459: mod_node_page_state <-tlb_remove_table_rcu
          <idle>-0       [001] ..s1.    24.544460: __free_pages <-tlb_remove_table_rcu
          <idle>-0       [001] ..s1.    24.544460: ___free_pages <-tlb_remove_table_rcu
          <idle>-0       [001] ..s1.    24.544460: __free_frozen_pages <-tlb_remove_table_rcu
          <idle>-0       [001] ..s1.    24.544460: __get_pfnblock_flags_mask.isra.0 <-__free_frozen_pages
          <idle>-0       [001] ..s2.    24.544460: _raw_spin_trylock <-__free_frozen_pages
          <idle>-0       [001] ..s3.    24.544460: free_frozen_page_commit <-__free_frozen_pages
          <idle>-0       [001] ..s3.    24.544460: _raw_spin_unlock <-__free_frozen_pages
          <idle>-0       [001] ..s1.    24.544460: free_pages <-rcu_do_batch
          <idle>-0       [001] ..s1.    24.544460: ___free_pages <-rcu_do_batch
          <idle>-0       [001] ..s1.    24.544460: __free_frozen_pages <-rcu_do_batch
          <idle>-0       [001] ..s1.    24.544461: __get_pfnblock_flags_mask.isra.0 <-__free_frozen_pages
          <idle>-0       [001] ..s2.    24.544461: _raw_spin_trylock <-__free_frozen_pages
          <idle>-0       [001] ..s3.    24.544461: free_frozen_page_commit <-__free_frozen_pages
          <idle>-0       [001] ..s3.    24.544461: _raw_spin_unlock <-__free_frozen_pages
          <idle>-0       [001] ..s1.    24.544461: rcu_cblist_dequeue <-rcu_do_batch
          <idle>-0       [001] ..s1.    24.544461: tlb_remove_table_rcu <-rcu_do_batch
          <idle>-0       [001] ..s1.    24.544461: lruvec_stat_mod_folio <-tlb_remove_table_rcu
          <idle>-0       [001] ..s1.    24.544461: __rcu_read_lock <-lruvec_stat_mod_folio
          <idle>-0       [001] ..s1.    24.544461: __rcu_read_unlock <-lruvec_stat_mod_folio
          <idle>-0       [001] ..s1.    24.544461: mod_node_page_state <-tlb_remove_table_rcu
          <idle>-0       [001] ..s1.    24.544462: __free_pages <-tlb_remove_table_rcu
          <idle>-0       [001] ..s1.    24.544462: ___free_pages <-tlb_remove_table_rcu
          <idle>-0       [001] ..s1.    24.544462: __free_frozen_pages <-tlb_remove_table_rcu
          <idle>-0       [001] ..s1.    24.544462: __get_pfnblock_flags_mask.isra.0 <-__free_frozen_pages
          <idle>-0       [001] ..s2.    24.544462: _raw_spin_trylock <-__free_frozen_pages
          <idle>-0       [001] ..s3.    24.544462: free_frozen_page_commit <-__free_frozen_pages
          <idle>-0       [001] ..s3.    24.544462: _raw_spin_unlock <-__free_frozen_pages
          <idle>-0       [001] ..s1.    24.544462: lruvec_stat_mod_folio <-tlb_remove_table_rcu
          <idle>-0       [001] ..s1.    24.544462: __rcu_read_lock <-lruvec_stat_mod_folio
          <idle>-0       [001] ..s1.    24.544462: __rcu_read_unlock <-lruvec_stat_mod_folio
          <idle>-0       [001] ..s1.    24.544463: mod_node_page_state <-tlb_remove_table_rcu
          <idle>-0       [001] ..s1.    24.544463: __free_pages <-tlb_remove_table_rcu
          <idle>-0       [001] ..s1.    24.544463: ___free_pages <-tlb_remove_table_rcu
          <idle>-0       [001] ..s1.    24.544463: __free_frozen_pages <-tlb_remove_table_rcu
          <idle>-0       [001] ..s1.    24.544463: __get_pfnblock_flags_mask.isra.0 <-__free_frozen_pages
          <idle>-0       [001] ..s2.    24.544463: _raw_spin_trylock <-__free_frozen_pages
          <idle>-0       [001] ..s3.    24.544463: free_frozen_page_commit <-__free_frozen_pages
          <idle>-0       [001] ..s3.    24.544463: _raw_spin_unlock <-__free_frozen_pages
          <idle>-0       [001] ..s1.    24.544463: free_pages <-rcu_do_batch
          <idle>-0       [001] ..s1.    24.544463: ___free_pages <-rcu_do_batch
          <idle>-0       [001] ..s1.    24.544464: __free_frozen_pages <-rcu_do_batch
          <idle>-0       [001] ..s1.    24.544464: __get_pfnblock_flags_mask.isra.0 <-__free_frozen_pages
          <idle>-0       [001] ..s2.    24.544464: _raw_spin_trylock <-__free_frozen_pages
          <idle>-0       [001] ..s3.    24.544464: free_frozen_page_commit <-__free_frozen_pages
          <idle>-0       [001] ..s3.    24.544464: _raw_spin_unlock <-__free_frozen_pages
          <idle>-0       [001] ..s1.    24.544464: rcu_cblist_dequeue <-rcu_do_batch
          <idle>-0       [001] ..s1.    24.544464: rcu_free_sheaf <-rcu_do_batch
          <idle>-0       [001] ..s1.    24.544464: __rcu_free_sheaf_prepare <-rcu_free_sheaf
          <idle>-0       [001] ..s1.    24.544465: barn_put_full_sheaf <-rcu_do_batch
          <idle>-0       [001] ..s1.    24.544465: _raw_spin_lock_irqsave <-barn_put_full_sheaf
          <idle>-0       [001] d.s2.    24.544465: _raw_spin_unlock_irqrestore <-rcu_do_batch
          <idle>-0       [001] ..s1.    24.544465: rcu_cblist_dequeue <-rcu_do_batch
          <idle>-0       [001] ..s1.    24.544465: __put_task_struct_rcu_cb <-rcu_do_batch
          <idle>-0       [001] ..s1.    24.544465: __put_task_struct <-rcu_do_batch
          <idle>-0       [001] ..s1.    24.544465: unwind_task_free <-__put_task_struct
          <idle>-0       [001] ..s1.    24.544465: kfree <-unwind_task_free
          <idle>-0       [001] ..s1.    24.544466: task_work_cancel <-__put_task_struct
          <idle>-0       [001] ..s1.    24.544466: _raw_spin_lock_irqsave <-task_work_cancel
          <idle>-0       [001] d.s2.    24.544466: _raw_spin_unlock_irqrestore <-task_work_cancel
          <idle>-0       [001] ..s1.    24.544466: cgroup_task_free <-__put_task_struct
          <idle>-0       [001] ..s1.    24.544466: task_numa_free <-__put_task_struct
          <idle>-0       [001] ..s1.    24.544466: security_task_free <-__put_task_struct
          <idle>-0       [001] ..s1.    24.544466: yama_task_free <-security_task_free
          <idle>-0       [001] ..s1.    24.544466: yama_ptracer_del <-security_task_free
          <idle>-0       [001] ..s1.    24.544467: __rcu_read_lock <-yama_ptracer_del
          <idle>-0       [001] ..s1.    24.544467: __rcu_read_unlock <-security_task_free
          <idle>-0       [001] ..s1.    24.544467: bpf_lsm_task_free <-security_task_free
          <idle>-0       [001] ..s1.    24.544467: kfree <-security_task_free
          <idle>-0       [001] ..s1.    24.544467: exit_creds <-__put_task_struct
          <idle>-0       [001] ..s1.    24.544467: __put_cred <-exit_creds
          <idle>-0       [001] ..s1.    24.544467: call_rcu <-exit_creds
          <idle>-0       [001] ..s1.    24.544467: __call_rcu_common <-exit_creds
          <idle>-0       [001] d.s1.    24.544467: rcu_async_should_hurry <-__call_rcu_common
          <idle>-0       [001] d.s1.    24.544468: rcu_segcblist_enqueue <-__call_rcu_common
          <idle>-0       [001] ..s1.    24.544468: key_put <-exit_creds
          <idle>-0       [001] ..s1.    24.544468: sched_autogroup_exit <-__put_task_struct
          <idle>-0       [001] ..s1.    24.544468: kmem_cache_free <-__put_task_struct
          <idle>-0       [001] ..s1.    24.544468: sched_core_free <-__put_task_struct
          <idle>-0       [001] ..s1.    24.544468: free_task <-rcu_do_batch
          <idle>-0       [001] ..s1.    24.544468: release_user_cpus_ptr <-free_task
          <idle>-0       [001] ..s1.    24.544468: kfree <-free_task
          <idle>-0       [001] ..s1.    24.544469: arch_release_task_struct <-free_task
          <idle>-0       [001] ..s1.    24.544469: bpf_task_storage_free <-free_task
          <idle>-0       [001] ..s1.    24.544469: __rcu_read_lock <-bpf_task_storage_free
          <idle>-0       [001] ..s1.    24.544469: __rcu_read_unlock <-free_task
          <idle>-0       [001] ..s1.    24.544469: kmem_cache_free <-rcu_do_batch
          <idle>-0       [001] ..s1.    24.544469: rcu_cblist_dequeue <-rcu_do_batch
          <idle>-0       [001] ..s1.    24.544469: put_cred_rcu <-rcu_do_batch
          <idle>-0       [001] ..s1.    24.544469: security_cred_free <-put_cred_rcu
          <idle>-0       [001] ..s1.    24.544470: hook_cred_free <-security_cred_free
          <idle>-0       [001] ..s1.    24.544470: bpf_lsm_cred_free <-security_cred_free
          <idle>-0       [001] ..s1.    24.544470: kfree <-security_cred_free
          <idle>-0       [001] ..s1.    24.544470: key_put <-put_cred_rcu
          <idle>-0       [001] ..s1.    24.544470: key_put <-put_cred_rcu
          <idle>-0       [001] ..s1.    24.544470: key_put <-put_cred_rcu
          <idle>-0       [001] ..s1.    24.544470: key_put <-put_cred_rcu
          <idle>-0       [001] ..s1.    24.544470: free_uid <-put_cred_rcu
          <idle>-0       [001] ..s1.    24.544470: put_ucounts <-put_cred_rcu
          <idle>-0       [001] ..s1.    24.544471: kmem_cache_free <-rcu_do_batch
          <idle>-0       [001] ..s1.    24.544471: rcu_cblist_dequeue <-rcu_do_batch
          <idle>-0       [001] ..s1.    24.544471: put_cred_rcu <-rcu_do_batch
          <idle>-0       [001] ..s1.    24.544471: security_cred_free <-put_cred_rcu
          <idle>-0       [001] ..s1.    24.544471: hook_cred_free <-security_cred_free
CPU:2 [LOST 38860 EVENTS]
              ls-470     [002] .....    24.544883: __rcu_read_lock <-dput.part.0
              ls-470     [002] .....    24.544884: __rcu_read_unlock <-offset_readdir
              ls-470     [002] .....    24.544884: fs_umode_to_dtype <-offset_readdir
              ls-470     [002] .....    24.544884: filldir64 <-offset_readdir
              ls-470     [002] .....    24.544884: verify_dirent_name <-filldir64
              ls-470     [002] .....    24.544884: find_positive_dentry <-offset_readdir
              ls-470     [002] .....    24.544884: _raw_spin_lock <-find_positive_dentry
              ls-470     [002] ...1.    24.544884: _raw_spin_lock <-find_positive_dentry
              ls-470     [002] ...2.    24.544884: _raw_spin_unlock <-find_positive_dentry
              ls-470     [002] ...1.    24.544884: _raw_spin_unlock <-find_positive_dentry
              ls-470     [002] .....    24.544884: dput <-offset_readdir
              ls-470     [002] .....    24.544885: dput.part.0 <-offset_readdir
              ls-470     [002] .....    24.544885: __rcu_read_lock <-dput.part.0
              ls-470     [002] .....    24.544885: __rcu_read_unlock <-offset_readdir
              ls-470     [002] .....    24.544885: fs_umode_to_dtype <-offset_readdir
              ls-470     [002] .....    24.544885: filldir64 <-offset_readdir
              ls-470     [002] .....    24.544885: verify_dirent_name <-filldir64
              ls-470     [002] .....    24.544885: find_positive_dentry <-offset_readdir
              ls-470     [002] .....    24.544885: _raw_spin_lock <-find_positive_dentry
              ls-470     [002] ...1.    24.544885: _raw_spin_lock <-find_positive_dentry
              ls-470     [002] ...2.    24.544886: _raw_spin_unlock <-find_positive_dentry
              ls-470     [002] ...1.    24.544886: _raw_spin_unlock <-find_positive_dentry
              ls-470     [002] .....    24.544886: dput <-offset_readdir
              ls-470     [002] .....    24.544886: dput.part.0 <-offset_readdir
              ls-470     [002] .....    24.544886: __rcu_read_lock <-dput.part.0
              ls-470     [002] .....    24.544886: __rcu_read_unlock <-offset_readdir
              ls-470     [002] .....    24.544886: fs_umode_to_dtype <-offset_readdir
              ls-470     [002] .....    24.544886: filldir64 <-offset_readdir
              ls-470     [002] .....    24.544886: verify_dirent_name <-filldir64
              ls-470     [002] .....    24.544886: find_positive_dentry <-offset_readdir
              ls-470     [002] .....    24.544887: _raw_spin_lock <-find_positive_dentry
              ls-470     [002] ...1.    24.544887: _raw_spin_lock <-find_positive_dentry
              ls-470     [002] ...2.    24.544887: _raw_spin_unlock <-find_positive_dentry
              ls-470     [002] ...1.    24.544887: _raw_spin_unlock <-find_positive_dentry
              ls-470     [002] .....    24.544887: dput <-offset_readdir
              ls-470     [002] .....    24.544887: dput.part.0 <-offset_readdir
              ls-470     [002] .....    24.544887: __rcu_read_lock <-dput.part.0
              ls-470     [002] .....    24.544887: __rcu_read_unlock <-offset_readdir
              ls-470     [002] .....    24.544887: fs_umode_to_dtype <-offset_readdir
              ls-470     [002] .....    24.544888: filldir64 <-offset_readdir
              ls-470     [002] .....    24.544888: verify_dirent_name <-filldir64
              ls-470     [002] .....    24.544888: find_positive_dentry <-offset_readdir
              ls-470     [002] .....    24.544888: _raw_spin_lock <-find_positive_dentry
              ls-470     [002] ...1.    24.544888: _raw_spin_lock <-find_positive_dentry
              ls-470     [002] ...2.    24.544888: _raw_spin_unlock <-find_positive_dentry
              ls-470     [002] ...1.    24.544888: _raw_spin_unlock <-find_positive_dentry
              ls-470     [002] .....    24.544888: dput <-offset_readdir
              ls-470     [002] .....    24.544888: dput.part.0 <-offset_readdir
              ls-470     [002] .....    24.544888: __rcu_read_lock <-dput.part.0
              ls-470     [002] .....    24.544889: __rcu_read_unlock <-offset_readdir
              ls-470     [002] .....    24.544889: fs_umode_to_dtype <-offset_readdir
              ls-470     [002] .....    24.544889: filldir64 <-offset_readdir
              ls-470     [002] .....    24.544889: verify_dirent_name <-filldir64
              ls-470     [002] .....    24.544889: find_positive_dentry <-offset_readdir
              ls-470     [002] .....    24.544889: _raw_spin_lock <-find_positive_dentry
              ls-470     [002] ...1.    24.544889: _raw_spin_lock <-find_positive_dentry
              ls-470     [002] ...2.    24.544889: _raw_spin_unlock <-find_positive_dentry
              ls-470     [002] ...1.    24.544889: _raw_spin_unlock <-find_positive_dentry
              ls-470     [002] .....    24.544890: dput <-offset_readdir
              ls-470     [002] .....    24.544890: dput.part.0 <-offset_readdir
              ls-470     [002] .....    24.544890: __rcu_read_lock <-dput.part.0
              ls-470     [002] .....    24.544890: __rcu_read_unlock <-offset_readdir
              ls-470     [002] .....    24.544890: fs_umode_to_dtype <-offset_readdir
              ls-470     [002] .....    24.544890: filldir64 <-offset_readdir
              ls-470     [002] .....    24.544890: verify_dirent_name <-filldir64
              ls-470     [002] .....    24.544890: find_positive_dentry <-offset_readdir
              ls-470     [002] .....    24.544890: _raw_spin_lock <-find_positive_dentry
              ls-470     [002] ...1.    24.544891: _raw_spin_lock <-find_positive_dentry
              ls-470     [002] ...2.    24.544891: _raw_spin_unlock <-find_positive_dentry
              ls-470     [002] ...1.    24.544891: _raw_spin_unlock <-find_positive_dentry
              ls-470     [002] .....    24.544891: dput <-offset_readdir
              ls-470     [002] .....    24.544891: dput.part.0 <-offset_readdir
              ls-470     [002] .....    24.544891: __rcu_read_lock <-dput.part.0
              ls-470     [002] .....    24.544891: __rcu_read_unlock <-offset_readdir
              ls-470     [002] .....    24.544891: fs_umode_to_dtype <-offset_readdir
              ls-470     [002] .....    24.544891: filldir64 <-offset_readdir
              ls-470     [002] .....    24.544891: verify_dirent_name <-filldir64
              ls-470     [002] .....    24.544892: find_positive_dentry <-offset_readdir
              ls-470     [002] .....    24.544892: _raw_spin_lock <-find_positive_dentry
              ls-470     [002] ...1.    24.544892: _raw_spin_lock <-find_positive_dentry
              ls-470     [002] ...2.    24.544892: _raw_spin_unlock <-find_positive_dentry
              ls-470     [002] ...1.    24.544892: _raw_spin_unlock <-find_positive_dentry
              ls-470     [002] .....    24.544892: dput <-offset_readdir
              ls-470     [002] .....    24.544892: dput.part.0 <-offset_readdir
              ls-470     [002] .....    24.544892: __rcu_read_lock <-dput.part.0
              ls-470     [002] .....    24.544892: __rcu_read_unlock <-offset_readdir
              ls-470     [002] .....    24.544893: fs_umode_to_dtype <-offset_readdir
              ls-470     [002] .....    24.544893: filldir64 <-offset_readdir
              ls-470     [002] .....    24.544893: verify_dirent_name <-filldir64
              ls-470     [002] .....    24.544893: find_positive_dentry <-offset_readdir
              ls-470     [002] .....    24.544893: _raw_spin_lock <-find_positive_dentry
              ls-470     [002] ...1.    24.544893: _raw_spin_lock <-find_positive_dentry
              ls-470     [002] ...2.    24.544893: _raw_spin_unlock <-find_positive_dentry
              ls-470     [002] ...1.    24.544893: _raw_spin_unlock <-find_positive_dentry
              ls-470     [002] .....    24.544893: dput <-offset_readdir
              ls-470     [002] .....    24.544893: dput.part.0 <-offset_readdir
              ls-470     [002] .....    24.544894: __rcu_read_lock <-dput.part.0
              ls-470     [002] .....    24.544894: __rcu_read_unlock <-offset_readdir
              ls-470     [002] .....    24.544894: fs_umode_to_dtype <-offset_readdir
              ls-470     [002] .....    24.544894: filldir64 <-offset_readdir
              ls-470     [002] .....    24.544894: verify_dirent_name <-filldir64
              ls-470     [002] .....    24.544894: find_positive_dentry <-offset_readdir
              ls-470     [002] .....    24.544894: _raw_spin_lock <-find_positive_dentry
              ls-470     [002] ...1.    24.544894: _raw_spin_lock <-find_positive_dentry
              ls-470     [002] ...2.    24.544894: _raw_spin_unlock <-find_positive_dentry
              ls-470     [002] ...1.    24.544895: _raw_spin_unlock <-find_positive_dentry
              ls-470     [002] .....    24.544895: dput <-offset_readdir
              ls-470     [002] .....    24.544895: dput.part.0 <-offset_readdir
              ls-470     [002] .....    24.544895: __rcu_read_lock <-dput.part.0
              ls-470     [002] .....    24.544895: __rcu_read_unlock <-offset_readdir
              ls-470     [002] .....    24.544895: fs_umode_to_dtype <-offset_readdir
              ls-470     [002] .....    24.544895: filldir64 <-offset_readdir
              ls-470     [002] .....    24.544895: verify_dirent_name <-filldir64
              ls-470     [002] .....    24.544895: find_positive_dentry <-offset_readdir
              ls-470     [002] .....    24.544896: _raw_spin_lock <-find_positive_dentry
              ls-470     [002] ...1.    24.544896: _raw_spin_lock <-find_positive_dentry
              ls-470     [002] ...2.    24.544896: _raw_spin_unlock <-find_positive_dentry
              ls-470     [002] ...1.    24.544896: _raw_spin_unlock <-find_positive_dentry
              ls-470     [002] .....    24.544896: dput <-offset_readdir
              ls-470     [002] .....    24.544896: dput.part.0 <-offset_readdir
              ls-470     [002] .....    24.544896: __rcu_read_lock <-dput.part.0
              ls-470     [002] .....    24.544896: __rcu_read_unlock <-offset_readdir
              ls-470     [002] .....    24.544896: fs_umode_to_dtype <-offset_readdir
              ls-470     [002] .....    24.544896: filldir64 <-offset_readdir
              ls-470     [002] .....    24.544897: verify_dirent_name <-filldir64
              ls-470     [002] .....    24.544897: find_positive_dentry <-offset_readdir
              ls-470     [002] .....    24.544897: _raw_spin_lock <-find_positive_dentry
              ls-470     [002] ...1.    24.544897: _raw_spin_lock <-find_positive_dentry
              ls-470     [002] ...2.    24.544897: _raw_spin_unlock <-find_positive_dentry
              ls-470     [002] ...1.    24.544897: _raw_spin_unlock <-find_positive_dentry
              ls-470     [002] .....    24.544897: dput <-offset_readdir
              ls-470     [002] .....    24.544897: dput.part.0 <-offset_readdir
              ls-470     [002] .....    24.544897: __rcu_read_lock <-dput.part.0
              ls-470     [002] .....    24.544898: __rcu_read_unlock <-offset_readdir
              ls-470     [002] .....    24.544898: fs_umode_to_dtype <-offset_readdir
              ls-470     [002] .....    24.544898: filldir64 <-offset_readdir
              ls-470     [002] .....    24.544898: verify_dirent_name <-filldir64
              ls-470     [002] .....    24.544898: find_positive_dentry <-offset_readdir
              ls-470     [002] .....    24.544898: _raw_spin_lock <-find_positive_dentry
              ls-470     [002] ...1.    24.544898: _raw_spin_lock <-find_positive_dentry
              ls-470     [002] ...2.    24.544898: _raw_spin_unlock <-find_positive_dentry
              ls-470     [002] ...1.    24.544898: _raw_spin_unlock <-find_positive_dentry
              ls-470     [002] .....    24.544898: dput <-offset_readdir
              ls-470     [002] .....    24.544899: dput.part.0 <-offset_readdir
              ls-470     [002] .....    24.544899: __rcu_read_lock <-dput.part.0
CPU:0 [LOST 145 EVENTS]
          <idle>-0       [000] d..2.    24.545400: ktime_expiry_to_cycles <-clockevents_program_event
          <idle>-0       [000] d..2.    24.545400: ktime_get <-clockevents_program_event
          <idle>-0       [000] d..2.    24.545400: lapic_next_deadline <-clockevents_program_event
          <idle>-0       [000] d..2.    24.545401: _raw_spin_unlock <-__irq_exit_rcu
          <idle>-0       [000] d..1.    24.545401: handle_softirqs <-__irq_exit_rcu
          <idle>-0       [000] d.s1.    24.545402: irqtime_account_irq <-handle_softirqs
          <idle>-0       [000] ..s1.    24.545402: run_timer_softirq <-handle_softirqs
          <idle>-0       [000] ..s1.    24.545402: _raw_spin_lock_irq <-run_timer_softirq
          <idle>-0       [000] d.s2.    24.545402: timer_recalc_next_expiry <-__run_timers
          <idle>-0       [000] d.s2.    24.545402: _raw_spin_unlock_irq <-run_timer_softirq
          <idle>-0       [000] ..s1.    24.545402: tmigr_handle_remote <-handle_softirqs
          <idle>-0       [000] ..s1.    24.545402: get_jiffies_update <-tmigr_handle_remote
          <idle>-0       [000] ..s1.    24.545402: _raw_spin_lock_irq <-tmigr_handle_remote
          <idle>-0       [000] d.s2.    24.545403: _raw_spin_unlock_irq <-tmigr_handle_remote
          <idle>-0       [000] ..s1.    24.545403: _raw_spin_lock_irq <-tmigr_handle_remote
          <idle>-0       [000] d.s2.    24.545403: _raw_spin_unlock_irq <-tmigr_handle_remote
          <idle>-0       [000] d.s1.    24.545403: irqtime_account_irq <-handle_softirqs
          <idle>-0       [000] d..1.    24.545403: sched_core_idle_cpu <-__irq_exit_rcu
          <idle>-0       [000] d..1.    24.545403: tick_nohz_irq_exit <-sysvec_apic_timer_interrupt
          <idle>-0       [000] d..1.    24.545403: ktime_get <-tick_nohz_irq_exit
          <idle>-0       [000] ...1.    24.545404: tick_nohz_idle_got_tick <-do_idle
          <idle>-0       [000] ...1.    24.545404: arch_cpu_idle_exit <-do_idle
          <idle>-0       [000] d..1.    24.545404: arch_cpu_idle_enter <-do_idle
          <idle>-0       [000] d..1.    24.545404: tsc_verify_tsc_adjust <-arch_cpu_idle_enter
          <idle>-0       [000] d..1.    24.545404: local_touch_nmi <-do_idle
          <idle>-0       [000] d..1.    24.545404: rcu_nocb_flush_deferred_wakeup <-do_idle
          <idle>-0       [000] d..1.    24.545404: cpuidle_get_cpu_driver <-do_idle
          <idle>-0       [000] d..1.    24.545404: cpuidle_not_available <-do_idle
          <idle>-0       [000] d..1.    24.545405: tick_nohz_idle_stop_tick <-do_idle
          <idle>-0       [000] d..1.    24.545405: can_stop_idle_tick <-tick_nohz_idle_stop_tick
          <idle>-0       [000] d..1.    24.545405: tick_nohz_next_event <-tick_nohz_idle_stop_tick
          <idle>-0       [000] d..1.    24.545405: rcu_needs_cpu <-tick_nohz_next_event
CPU:3 [LOST 19575 EVENTS]
             cat-467     [003] d..1.    24.545589: _raw_spin_unlock <-ring_buffer_peek
             cat-467     [003] d....    24.545589: _raw_spin_lock <-ring_buffer_empty_cpu.part.0.isra.0
             cat-467     [003] d..1.    24.545589: _raw_spin_unlock <-ring_buffer_empty_cpu.part.0.isra.0
             cat-467     [003] d....    24.545589: _raw_spin_lock <-ring_buffer_peek
             cat-467     [003] d..1.    24.545589: _raw_spin_unlock <-ring_buffer_peek
             cat-467     [003] .....    24.545590: kallsyms_lookup <-trace_seq_print_sym
             cat-467     [003] .....    24.545590: kallsyms_lookup_buildid <-kallsyms_lookup
             cat-467     [003] .....    24.545590: get_symbol_pos <-kallsyms_lookup_buildid
             cat-467     [003] .....    24.545590: get_symbol_offset <-kallsyms_lookup_buildid
             cat-467     [003] .....    24.545590: kallsyms_expand_symbol.constprop.0 <-kallsyms_lookup_buildid
             cat-467     [003] .....    24.545591: kallsyms_lookup <-trace_seq_print_sym
             cat-467     [003] .....    24.545591: kallsyms_lookup_buildid <-kallsyms_lookup
             cat-467     [003] .....    24.545591: get_symbol_pos <-kallsyms_lookup_buildid
             cat-467     [003] .....    24.545591: get_symbol_offset <-kallsyms_lookup_buildid
             cat-467     [003] .....    24.545591: kallsyms_expand_symbol.constprop.0 <-kallsyms_lookup_buildid
             cat-467     [003] d..1.    24.545591: _raw_spin_lock <-ring_buffer_consume
             cat-467     [003] d..2.    24.545591: _raw_spin_unlock <-ring_buffer_consume
             cat-467     [003] d....    24.545592: _raw_spin_lock <-ring_buffer_empty_cpu.part.0.isra.0
             cat-467     [003] d..1.    24.545592: _raw_spin_unlock <-ring_buffer_empty_cpu.part.0.isra.0
             cat-467     [003] d....    24.545592: _raw_spin_lock <-ring_buffer_peek
             cat-467     [003] d..1.    24.545592: _raw_spin_unlock <-ring_buffer_peek
             cat-467     [003] d....    24.545592: _raw_spin_lock <-ring_buffer_empty_cpu.part.0.isra.0
             cat-467     [003] d..1.    24.545592: _raw_spin_unlock <-ring_buffer_empty_cpu.part.0.isra.0
             cat-467     [003] d....    24.545592: _raw_spin_lock <-ring_buffer_peek
             cat-467     [003] d..1.    24.545592: _raw_spin_unlock <-ring_buffer_peek
             cat-467     [003] d....    24.545592: _raw_spin_lock <-ring_buffer_empty_cpu.part.0.isra.0
             cat-467     [003] d..1.    24.545593: _raw_spin_unlock <-ring_buffer_empty_cpu.part.0.isra.0
             cat-467     [003] d....    24.545593: _raw_spin_lock <-ring_buffer_peek
             cat-467     [003] d..1.    24.545593: _raw_spin_unlock <-ring_buffer_peek
             cat-467     [003] d....    24.545593: _raw_spin_lock <-ring_buffer_empty_cpu.part.0.isra.0
             cat-467     [003] d..1.    24.545593: _raw_spin_unlock <-ring_buffer_empty_cpu.part.0.isra.0
             cat-467     [003] d....    24.545593: _raw_spin_lock <-ring_buffer_peek
             cat-467     [003] d..1.    24.545593: _raw_spin_unlock <-ring_buffer_peek
             cat-467     [003] .....    24.545594: kallsyms_lookup <-trace_seq_print_sym
             cat-467     [003] .....    24.545594: kallsyms_lookup_buildid <-kallsyms_lookup
             cat-467     [003] .....    24.545594: get_symbol_pos <-kallsyms_lookup_buildid
             cat-467     [003] .....    24.545594: get_symbol_offset <-kallsyms_lookup_buildid
             cat-467     [003] .....    24.545595: kallsyms_expand_symbol.constprop.0 <-kallsyms_lookup_buildid
             cat-467     [003] .....    24.545595: kallsyms_lookup <-trace_seq_print_sym
             cat-467     [003] .....    24.545595: kallsyms_lookup_buildid <-kallsyms_lookup
             cat-467     [003] .....    24.545595: get_symbol_pos <-kallsyms_lookup_buildid
             cat-467     [003] .....    24.545595: get_symbol_offset <-kallsyms_lookup_buildid
             cat-467     [003] .....    24.545595: kallsyms_expand_symbol.constprop.0 <-kallsyms_lookup_buildid
             cat-467     [003] d..1.    24.545596: _raw_spin_lock <-ring_buffer_consume
             cat-467     [003] d..2.    24.545596: _raw_spin_unlock <-ring_buffer_consume
             cat-467     [003] d....    24.545596: _raw_spin_lock <-ring_buffer_empty_cpu.part.0.isra.0
             cat-467     [003] d..1.    24.545596: _raw_spin_unlock <-ring_buffer_empty_cpu.part.0.isra.0
             cat-467     [003] d....    24.545596: _raw_spin_lock <-ring_buffer_peek
             cat-467     [003] d..1.    24.545596: _raw_spin_unlock <-ring_buffer_peek
             cat-467     [003] d....    24.545596: _raw_spin_lock <-ring_buffer_empty_cpu.part.0.isra.0
             cat-467     [003] d..1.    24.545596: _raw_spin_unlock <-ring_buffer_empty_cpu.part.0.isra.0
             cat-467     [003] d....    24.545597: _raw_spin_lock <-ring_buffer_peek
             cat-467     [003] d..1.    24.545597: _raw_spin_unlock <-ring_buffer_peek
             cat-467     [003] d....    24.545597: _raw_spin_lock <-ring_buffer_empty_cpu.part.0.isra.0
             cat-467     [003] d..1.    24.545597: _raw_spin_unlock <-ring_buffer_empty_cpu.part.0.isra.0
             cat-467     [003] d....    24.545597: _raw_spin_lock <-ring_buffer_peek
             cat-467     [003] d..1.    24.545597: _raw_spin_unlock <-ring_buffer_peek
             cat-467     [003] d....    24.545597: _raw_spin_lock <-ring_buffer_empty_cpu.part.0.isra.0
             cat-467     [003] d..1.    24.545597: _raw_spin_unlock <-ring_buffer_empty_cpu.part.0.isra.0
             cat-467     [003] d....    24.545598: _raw_spin_lock <-ring_buffer_peek
             cat-467     [003] d..1.    24.545598: _raw_spin_unlock <-ring_buffer_peek
             cat-467     [003] .....    24.545598: kallsyms_lookup <-trace_seq_print_sym
             cat-467     [003] .....    24.545598: kallsyms_lookup_buildid <-kallsyms_lookup
             cat-467     [003] .....    24.545598: get_symbol_pos <-kallsyms_lookup_buildid
             cat-467     [003] .....    24.545599: get_symbol_offset <-kallsyms_lookup_buildid
             cat-467     [003] .....    24.545599: kallsyms_expand_symbol.constprop.0 <-kallsyms_lookup_buildid
             cat-467     [003] .....    24.545599: kallsyms_lookup <-trace_seq_print_sym
             cat-467     [003] .....    24.545599: kallsyms_lookup_buildid <-kallsyms_lookup
             cat-467     [003] .....    24.545599: get_symbol_pos <-kallsyms_lookup_buildid
             cat-467     [003] .....    24.545599: get_symbol_offset <-kallsyms_lookup_buildid
             cat-467     [003] .....    24.545600: kallsyms_expand_symbol.constprop.0 <-kallsyms_lookup_buildid
             cat-467     [003] d..1.    24.545600: _raw_spin_lock <-ring_buffer_consume
             cat-467     [003] d..2.    24.545600: _raw_spin_unlock <-ring_buffer_consume
             cat-467     [003] d....    24.545600: _raw_spin_lock <-ring_buffer_empty_cpu.part.0.isra.0
             cat-467     [003] d..1.    24.545600: _raw_spin_unlock <-ring_buffer_empty_cpu.part.0.isra.0
             cat-467     [003] d....    24.545600: _raw_spin_lock <-ring_buffer_peek
             cat-467     [003] d..1.    24.545601: _raw_spin_unlock <-ring_buffer_peek
             cat-467     [003] d....    24.545601: _raw_spin_lock <-ring_buffer_empty_cpu.part.0.isra.0
             cat-467     [003] d..1.    24.545601: _raw_spin_unlock <-ring_buffer_empty_cpu.part.0.isra.0
             cat-467     [003] d....    24.545601: _raw_spin_lock <-ring_buffer_peek
             cat-467     [003] d..1.    24.545601: _raw_spin_unlock <-ring_buffer_peek
             cat-467     [003] d....    24.545601: _raw_spin_lock <-ring_buffer_empty_cpu.part.0.isra.0
             cat-467     [003] d..1.    24.545601: _raw_spin_unlock <-ring_buffer_empty_cpu.part.0.isra.0
             cat-467     [003] d....    24.545601: _raw_spin_lock <-ring_buffer_peek
             cat-467     [003] d..1.    24.545601: _raw_spin_unlock <-ring_buffer_peek
             cat-467     [003] d....    24.545602: _raw_spin_lock <-ring_buffer_empty_cpu.part.0.isra.0
             cat-467     [003] d..1.    24.545602: _raw_spin_unlock <-ring_buffer_empty_cpu.part.0.isra.0
             cat-467     [003] d....    24.545602: _raw_spin_lock <-ring_buffer_peek
             cat-467     [003] d..1.    24.545602: _raw_spin_unlock <-ring_buffer_peek
             cat-467     [003] .....    24.545603: kallsyms_lookup <-trace_seq_print_sym
             cat-467     [003] .....    24.545603: kallsyms_lookup_buildid <-kallsyms_lookup
             cat-467     [003] .....    24.545603: get_symbol_pos <-kallsyms_lookup_buildid
             cat-467     [003] .....    24.545603: get_symbol_offset <-kallsyms_lookup_buildid
             cat-467     [003] .....    24.545603: kallsyms_expand_symbol.constprop.0 <-kallsyms_lookup_buildid
             cat-467     [003] .....    24.545603: kallsyms_lookup <-trace_seq_print_sym
             cat-467     [003] .....    24.545603: kallsyms_lookup_buildid <-kallsyms_lookup
             cat-467     [003] .....    24.545604: get_symbol_pos <-kallsyms_lookup_buildid
             cat-467     [003] .....    24.545604: get_symbol_offset <-kallsyms_lookup_buildid
             cat-467     [003] .....    24.545604: kallsyms_expand_symbol.constprop.0 <-kallsyms_lookup_buildid
             cat-467     [003] d..1.    24.545604: _raw_spin_lock <-ring_buffer_consume
             cat-467     [003] d..2.    24.545604: _raw_spin_unlock <-ring_buffer_consume
             cat-467     [003] d....    24.545604: _raw_spin_lock <-ring_buffer_empty_cpu.part.0.isra.0
             cat-467     [003] d..1.    24.545605: _raw_spin_unlock <-ring_buffer_empty_cpu.part.0.isra.0
             cat-467     [003] d....    24.545605: _raw_spin_lock <-ring_buffer_peek
             cat-467     [003] d..1.    24.545605: _raw_spin_unlock <-ring_buffer_peek
             cat-467     [003] d....    24.545605: _raw_spin_lock <-ring_buffer_empty_cpu.part.0.isra.0
             cat-467     [003] d..1.    24.545605: _raw_spin_unlock <-ring_buffer_empty_cpu.part.0.isra.0
             cat-467     [003] d....    24.545605: _raw_spin_lock <-ring_buffer_peek
             cat-467     [003] d..1.    24.545605: _raw_spin_unlock <-ring_buffer_peek
             cat-467     [003] d....    24.545605: _raw_spin_lock <-ring_buffer_empty_cpu.part.0.isra.0
             cat-467     [003] d..1.    24.545606: _raw_spin_unlock <-ring_buffer_empty_cpu.part.0.isra.0
             cat-467     [003] d....    24.545606: _raw_spin_lock <-ring_buffer_peek
             cat-467     [003] d..1.    24.545606: _raw_spin_unlock <-ring_buffer_peek
             cat-467     [003] d....    24.545606: _raw_spin_lock <-ring_buffer_empty_cpu.part.0.isra.0
             cat-467     [003] d..1.    24.545606: _raw_spin_unlock <-ring_buffer_empty_cpu.part.0.isra.0
             cat-467     [003] d....    24.545606: _raw_spin_lock <-ring_buffer_peek
             cat-467     [003] d..1.    24.545606: _raw_spin_unlock <-ring_buffer_peek
             cat-467     [003] .....    24.545607: kallsyms_lookup <-trace_seq_print_sym
             cat-467     [003] .....    24.545607: kallsyms_lookup_buildid <-kallsyms_lookup
             cat-467     [003] .....    24.545607: get_symbol_pos <-kallsyms_lookup_buildid
             cat-467     [003] .....    24.545607: get_symbol_offset <-kallsyms_lookup_buildid
             cat-467     [003] .....    24.545607: kallsyms_expand_symbol.constprop.0 <-kallsyms_lookup_buildid
             cat-467     [003] .....    24.545608: kallsyms_lookup <-trace_seq_print_sym
             cat-467     [003] .....    24.545608: kallsyms_lookup_buildid <-kallsyms_lookup
             cat-467     [003] .....    24.545608: get_symbol_pos <-kallsyms_lookup_buildid
             cat-467     [003] .....    24.545608: get_symbol_offset <-kallsyms_lookup_buildid
             cat-467     [003] .....    24.545608: kallsyms_expand_symbol.constprop.0 <-kallsyms_lookup_buildid
             cat-467     [003] d..1.    24.545609: _raw_spin_lock <-ring_buffer_consume
             cat-467     [003] d..2.    24.545609: _raw_spin_unlock <-ring_buffer_consume
             cat-467     [003] d....    24.545609: _raw_spin_lock <-ring_buffer_empty_cpu.part.0.isra.0
             cat-467     [003] d..1.    24.545609: _raw_spin_unlock <-ring_buffer_empty_cpu.part.0.isra.0
             cat-467     [003] d....    24.545609: _raw_spin_lock <-ring_buffer_peek
             cat-467     [003] d..1.    24.545609: _raw_spin_unlock <-ring_buffer_peek
             cat-467     [003] d....    24.545609: _raw_spin_lock <-ring_buffer_empty_cpu.part.0.isra.0
             cat-467     [003] d..1.    24.545609: _raw_spin_unlock <-ring_buffer_empty_cpu.part.0.isra.0
             cat-467     [003] d....    24.545610: _raw_spin_lock <-ring_buffer_peek
             cat-467     [003] d..1.    24.545610: _raw_spin_unlock <-ring_buffer_peek
             cat-467     [003] d....    24.545610: _raw_spin_lock <-ring_buffer_empty_cpu.part.0.isra.0
             cat-467     [003] d..1.    24.545610: _raw_spin_unlock <-ring_buffer_empty_cpu.part.0.isra.0
             cat-467     [003] d....    24.545610: _raw_spin_lock <-ring_buffer_peek
             cat-467     [003] d..1.    24.545610: _raw_spin_unlock <-ring_buffer_peek
             cat-467     [003] d....    24.545610: _raw_spin_lock <-ring_buffer_empty_cpu.part.0.isra.0
             cat-467     [003] d..1.    24.545610: _raw_spin_unlock <-ring_buffer_empty_cpu.part.0.isra.0
             cat-467     [003] d....    24.545610: _raw_spin_lock <-ring_buffer_peek
             cat-467     [003] d..1.    24.545611: _raw_spin_unlock <-ring_buffer_peek
          <idle>-0       [000] d..1.    24.546390: irq_enter_rcu <-sysvec_apic_timer_interrupt
          <idle>-0       [000] d.h1.    24.546390: tick_irq_enter <-irq_enter_rcu
          <idle>-0       [000] d.h1.    24.546390: tick_check_oneshot_broadcast_this_cpu <-tick_irq_enter
          <idle>-0       [000] d.h1.    24.546391: ktime_get <-tick_irq_enter
          <idle>-0       [000] d.h1.    24.546391: tick_nohz_stop_idle <-tick_irq_enter
          <idle>-0       [000] d.h1.    24.546391: nr_iowait_cpu <-tick_nohz_stop_idle
          <idle>-0       [000] d.h1.    24.546391: irqtime_account_irq <-sysvec_apic_timer_interrupt
          <idle>-0       [000] d.h1.    24.546391: __sysvec_apic_timer_interrupt <-sysvec_apic_timer_interrupt
          <idle>-0       [000] d.h1.    24.546391: hrtimer_interrupt <-__sysvec_apic_timer_interrupt
          <idle>-0       [000] d.h1.    24.546391: _raw_spin_lock_irqsave <-hrtimer_interrupt
          <idle>-0       [000] d.h2.    24.546391: ktime_get_update_offsets_now <-hrtimer_interrupt
          <idle>-0       [000] d.h2.    24.546391: __hrtimer_run_queues <-hrtimer_interrupt
          <idle>-0       [000] d.h2.    24.546392: __remove_hrtimer <-__hrtimer_run_queues
          <idle>-0       [000] d.h2.    24.546392: _raw_spin_unlock_irqrestore <-__hrtimer_run_queues
          <idle>-0       [000] d.h1.    24.546392: tick_nohz_handler <-__hrtimer_run_queues
          <idle>-0       [000] d.h1.    24.546392: ktime_get <-tick_nohz_handler
          <idle>-0       [000] d.h1.    24.546392: tick_do_update_jiffies64 <-tick_nohz_handler
          <idle>-0       [000] d.h1.    24.546392: _raw_spin_lock <-tick_do_update_jiffies64
          <idle>-0       [000] d.h2.    24.546392: calc_global_load <-tick_do_update_jiffies64
          <idle>-0       [000] d.h2.    24.546392: _raw_spin_unlock <-tick_do_update_jiffies64
          <idle>-0       [000] d.h1.    24.546393: update_wall_time <-tick_nohz_handler
          <idle>-0       [000] d.h1.    24.546393: _raw_spin_lock_irqsave <-update_wall_time
          <idle>-0       [000] d.h2.    24.546393: __timekeeping_advance <-update_wall_time
          <idle>-0       [000] d.h2.    24.546393: ntp_tick_length <-__timekeeping_advance
          <idle>-0       [000] d.h2.    24.546393: ntp_tick_length <-__timekeeping_advance
          <idle>-0       [000] d.h2.    24.546393: timekeeping_update_from_shadow <-__timekeeping_advance
          <idle>-0       [000] d.h2.    24.546393: ntp_get_next_leap <-timekeeping_update_from_shadow
          <idle>-0       [000] d.h2.    24.546393: update_vsyscall <-timekeeping_update_from_shadow
          <idle>-0       [000] d.h2.    24.546393: raw_notifier_call_chain <-timekeeping_update_from_shadow
          <idle>-0       [000] d.h2.    24.546394: notifier_call_chain <-timekeeping_update_from_shadow
          <idle>-0       [000] d.h2.    24.546394: update_fast_timekeeper <-timekeeping_update_from_shadow
          <idle>-0       [000] d.h2.    24.546394: update_fast_timekeeper <-timekeeping_update_from_shadow
          <idle>-0       [000] d.h2.    24.546394: _raw_spin_unlock_irqrestore <-update_wall_time
          <idle>-0       [000] d.h1.    24.546394: update_process_times <-tick_nohz_handler
          <idle>-0       [000] d.h1.    24.546394: account_process_tick <-update_process_times
          <idle>-0       [000] d.h1.    24.546394: irqtime_account_process_tick <-update_process_times
          <idle>-0       [000] d.h1.    24.546394: kvm_steal_clock <-irqtime_account_process_tick
          <idle>-0       [000] d.h1.    24.546394: hrtimer_run_queues <-update_process_times
          <idle>-0       [000] d.h1.    24.546395: tmigr_requires_handle_remote <-update_process_times
          <idle>-0       [000] d.h1.    24.546395: get_jiffies_update <-tmigr_requires_handle_remote
          <idle>-0       [000] d.h1.    24.546395: rcu_sched_clock_irq <-update_process_times
          <idle>-0       [000] d.h1.    24.546395: rcu_segcblist_ready_cbs <-rcu_sched_clock_irq
          <idle>-0       [000] d.h1.    24.546395: sched_tick <-update_process_times
          <idle>-0       [000] d.h1.    24.546395: arch_scale_freq_tick <-sched_tick
          <idle>-0       [000] d.h1.    24.546395: raw_spin_rq_lock_nested <-sched_tick
          <idle>-0       [000] d.h2.    24.546395: _raw_spin_lock <-raw_spin_rq_lock_nested
          <idle>-0       [000] d.h2.    24.546395: psi_account_irqtime <-sched_tick
          <idle>-0       [000] d.h2.    24.546396: update_rq_clock <-sched_tick
          <idle>-0       [000] d.h2.    24.546396: kvm_steal_clock <-update_rq_clock
          <idle>-0       [000] d.h2.    24.546396: update_irq_load_avg <-update_rq_clock
          <idle>-0       [000] d.h2.    24.546396: arch_scale_cpu_capacity <-update_irq_load_avg
          <idle>-0       [000] d.h2.    24.546396: task_tick_idle <-sched_tick
          <idle>-0       [000] d.h2.    24.546396: update_curr_idle <-sched_tick
          <idle>-0       [000] d.h2.    24.546396: update_curr_dl_se <-update_curr_idle
          <idle>-0       [000] d.h2.    24.546396: calc_global_load_tick <-sched_tick
          <idle>-0       [000] d.h2.    24.546396: scx_tick <-sched_tick
          <idle>-0       [000] d.h2.    24.546397: _raw_spin_unlock <-sched_tick
          <idle>-0       [000] d.h1.    24.546397: perf_event_task_tick <-sched_tick
          <idle>-0       [000] d.h1.    24.546397: perf_adjust_freq_unthr_context <-perf_event_task_tick
          <idle>-0       [000] d.h1.    24.546397: __rcu_read_lock <-perf_event_task_tick
          <idle>-0       [000] d.h1.    24.546397: __rcu_read_unlock <-sched_tick
          <idle>-0       [000] d.h1.    24.546397: idle_cpu <-sched_tick
          <idle>-0       [000] d.h1.    24.546397: sched_balance_trigger <-update_process_times
          <idle>-0       [000] d.h1.    24.546397: run_posix_cpu_timers <-tick_nohz_handler
          <idle>-0       [000] d.h1.    24.546397: profile_tick <-tick_nohz_handler
          <idle>-0       [000] d.h1.    24.546397: profile_pc <-profile_tick
          <idle>-0       [000] d.h1.    24.546398: hrtimer_forward <-tick_nohz_handler
          <idle>-0       [000] d.h1.    24.546398: _raw_spin_lock_irq <-__hrtimer_run_queues
          <idle>-0       [000] d.h2.    24.546398: enqueue_hrtimer <-__hrtimer_run_queues
          <idle>-0       [000] d.h2.    24.546398: ktime_get_update_offsets_now <-hrtimer_interrupt
          <idle>-0       [000] d.h2.    24.546398: hrtimer_update_next_event <-hrtimer_interrupt
          <idle>-0       [000] d.h2.    24.546398: hrtimer_bases_first <-hrtimer_update_next_event
          <idle>-0       [000] d.h2.    24.546398: _raw_spin_unlock_irqrestore <-__sysvec_apic_timer_interrupt
          <idle>-0       [000] d.h1.    24.546398: irq_exit_rcu <-sysvec_apic_timer_interrupt
          <idle>-0       [000] d.h1.    24.546399: irqtime_account_irq <-__irq_exit_rcu
          <idle>-0       [000] d..1.    24.546399: sched_core_idle_cpu <-__irq_exit_rcu
          <idle>-0       [000] d..1.    24.546399: tick_nohz_irq_exit <-sysvec_apic_timer_interrupt
          <idle>-0       [000] d..1.    24.546399: ktime_get <-tick_nohz_irq_exit
          <idle>-0       [000] d..1.    24.546399: __hrtimer_rearm_deferred <-irqentry_exit
          <idle>-0       [000] d..1.    24.546399: _raw_spin_lock <-__hrtimer_rearm_deferred
          <idle>-0       [000] d..2.    24.546399: tick_program_event <-__hrtimer_rearm_deferred
          <idle>-0       [000] d..2.    24.546399: clockevents_program_event <-__hrtimer_rearm_deferred
          <idle>-0       [000] d..2.    24.546399: ktime_expiry_to_cycles <-clockevents_program_event
          <idle>-0       [000] d..2.    24.546400: ktime_get <-clockevents_program_event
          <idle>-0       [000] d..2.    24.546400: lapic_next_deadline <-clockevents_program_event
          <idle>-0       [000] d..2.    24.546401: _raw_spin_unlock <-irqentry_exit
          <idle>-0       [000] ...1.    24.546401: tick_nohz_idle_got_tick <-do_idle
          <idle>-0       [000] ...1.    24.546401: arch_cpu_idle_exit <-do_idle
          <idle>-0       [000] d..1.    24.546401: arch_cpu_idle_enter <-do_idle
          <idle>-0       [000] d..1.    24.546401: tsc_verify_tsc_adjust <-arch_cpu_idle_enter
          <idle>-0       [000] d..1.    24.546401: local_touch_nmi <-do_idle
          <idle>-0       [000] d..1.    24.546401: rcu_nocb_flush_deferred_wakeup <-do_idle
          <idle>-0       [000] d..1.    24.546402: cpuidle_get_cpu_driver <-do_idle
          <idle>-0       [000] d..1.    24.546402: cpuidle_not_available <-do_idle
          <idle>-0       [000] d..1.    24.546402: tick_nohz_idle_stop_tick <-do_idle
          <idle>-0       [000] d..1.    24.546402: can_stop_idle_tick <-tick_nohz_idle_stop_tick
          <idle>-0       [000] d..1.    24.546402: tick_nohz_next_event <-tick_nohz_idle_stop_tick
          <idle>-0       [000] d..1.    24.546402: rcu_needs_cpu <-tick_nohz_next_event
          <idle>-0       [000] d..1.    24.547390: irq_enter_rcu <-sysvec_apic_timer_interrupt
          <idle>-0       [000] d.h1.    24.547390: tick_irq_enter <-irq_enter_rcu
          <idle>-0       [000] d.h1.    24.547390: tick_check_oneshot_broadcast_this_cpu <-tick_irq_enter
          <idle>-0       [000] d.h1.    24.547390: ktime_get <-tick_irq_enter
          <idle>-0       [000] d.h1.    24.547390: tick_nohz_stop_idle <-tick_irq_enter
          <idle>-0       [000] d.h1.    24.547390: nr_iowait_cpu <-tick_nohz_stop_idle
          <idle>-0       [000] d.h1.    24.547391: irqtime_account_irq <-sysvec_apic_timer_interrupt
          <idle>-0       [000] d.h1.    24.547391: __sysvec_apic_timer_interrupt <-sysvec_apic_timer_interrupt
          <idle>-0       [000] d.h1.    24.547391: hrtimer_interrupt <-__sysvec_apic_timer_interrupt
          <idle>-0       [000] d.h1.    24.547391: _raw_spin_lock_irqsave <-hrtimer_interrupt
          <idle>-0       [000] d.h2.    24.547391: ktime_get_update_offsets_now <-hrtimer_interrupt
          <idle>-0       [000] d.h2.    24.547391: __hrtimer_run_queues <-hrtimer_interrupt
          <idle>-0       [000] d.h2.    24.547391: __remove_hrtimer <-__hrtimer_run_queues
          <idle>-0       [000] d.h2.    24.547391: _raw_spin_unlock_irqrestore <-__hrtimer_run_queues
          <idle>-0       [000] d.h1.    24.547391: tick_nohz_handler <-__hrtimer_run_queues
          <idle>-0       [000] d.h1.    24.547392: ktime_get <-tick_nohz_handler
          <idle>-0       [000] d.h1.    24.547392: tick_do_update_jiffies64 <-tick_nohz_handler
          <idle>-0       [000] d.h1.    24.547392: _raw_spin_lock <-tick_do_update_jiffies64
          <idle>-0       [000] d.h2.    24.547392: calc_global_load <-tick_do_update_jiffies64
          <idle>-0       [000] d.h2.    24.547392: _raw_spin_unlock <-tick_do_update_jiffies64
          <idle>-0       [000] d.h1.    24.547392: update_wall_time <-tick_nohz_handler
          <idle>-0       [000] d.h1.    24.547392: _raw_spin_lock_irqsave <-update_wall_time
          <idle>-0       [000] d.h2.    24.547393: __timekeeping_advance <-update_wall_time
          <idle>-0       [000] d.h2.    24.547393: ntp_tick_length <-__timekeeping_advance
          <idle>-0       [000] d.h2.    24.547393: ntp_tick_length <-__timekeeping_advance
          <idle>-0       [000] d.h2.    24.547393: timekeeping_update_from_shadow <-__timekeeping_advance
          <idle>-0       [000] d.h2.    24.547393: ntp_get_next_leap <-timekeeping_update_from_shadow
          <idle>-0       [000] d.h2.    24.547393: update_vsyscall <-timekeeping_update_from_shadow
          <idle>-0       [000] d.h2.    24.547393: raw_notifier_call_chain <-timekeeping_update_from_shadow
          <idle>-0       [000] d.h2.    24.547393: notifier_call_chain <-timekeeping_update_from_shadow
          <idle>-0       [000] d.h2.    24.547393: update_fast_timekeeper <-timekeeping_update_from_shadow
          <idle>-0       [000] d.h2.    24.547394: update_fast_timekeeper <-timekeeping_update_from_shadow
          <idle>-0       [000] d.h2.    24.547394: _raw_spin_unlock_irqrestore <-update_wall_time
          <idle>-0       [000] d.h1.    24.547394: update_process_times <-tick_nohz_handler
          <idle>-0       [000] d.h1.    24.547394: account_process_tick <-update_process_times
          <idle>-0       [000] d.h1.    24.547394: irqtime_account_process_tick <-update_process_times
          <idle>-0       [000] d.h1.    24.547394: kvm_steal_clock <-irqtime_account_process_tick
          <idle>-0       [000] d.h1.    24.547394: hrtimer_run_queues <-update_process_times
          <idle>-0       [000] d.h1.    24.547394: __raise_softirq_irqoff <-update_process_times
          <idle>-0       [000] d.h1.    24.547394: rcu_sched_clock_irq <-update_process_times
          <idle>-0       [000] d.h1.    24.547395: rcu_segcblist_ready_cbs <-rcu_sched_clock_irq
          <idle>-0       [000] d.h1.    24.547395: sched_tick <-update_process_times
          <idle>-0       [000] d.h1.    24.547395: arch_scale_freq_tick <-sched_tick
          <idle>-0       [000] d.h1.    24.547395: raw_spin_rq_lock_nested <-sched_tick
          <idle>-0       [000] d.h2.    24.547395: _raw_spin_lock <-raw_spin_rq_lock_nested
          <idle>-0       [000] d.h2.    24.547395: psi_account_irqtime <-sched_tick
          <idle>-0       [000] d.h2.    24.547395: update_rq_clock <-sched_tick
          <idle>-0       [000] d.h2.    24.547395: kvm_steal_clock <-update_rq_clock
          <idle>-0       [000] d.h2.    24.547396: update_irq_load_avg <-update_rq_clock
          <idle>-0       [000] d.h2.    24.547396: arch_scale_cpu_capacity <-update_irq_load_avg
          <idle>-0       [000] d.h2.    24.547396: task_tick_idle <-sched_tick
          <idle>-0       [000] d.h2.    24.547396: update_curr_idle <-sched_tick
          <idle>-0       [000] d.h2.    24.547396: update_curr_dl_se <-update_curr_idle
          <idle>-0       [000] d.h2.    24.547396: calc_global_load_tick <-sched_tick
          <idle>-0       [000] d.h2.    24.547396: scx_tick <-sched_tick
          <idle>-0       [000] d.h2.    24.547396: _raw_spin_unlock <-sched_tick
          <idle>-0       [000] d.h1.    24.547396: perf_event_task_tick <-sched_tick
          <idle>-0       [000] d.h1.    24.547397: perf_adjust_freq_unthr_context <-perf_event_task_tick
          <idle>-0       [000] d.h1.    24.547397: __rcu_read_lock <-perf_event_task_tick
          <idle>-0       [000] d.h1.    24.547397: __rcu_read_unlock <-sched_tick
          <idle>-0       [000] d.h1.    24.547397: idle_cpu <-sched_tick
          <idle>-0       [000] d.h1.    24.547397: sched_balance_trigger <-update_process_times
          <idle>-0       [000] d.h1.    24.547397: run_posix_cpu_timers <-tick_nohz_handler
          <idle>-0       [000] d.h1.    24.547397: profile_tick <-tick_nohz_handler
          <idle>-0       [000] d.h1.    24.547397: profile_pc <-profile_tick
          <idle>-0       [000] d.h1.    24.547397: hrtimer_forward <-tick_nohz_handler
          <idle>-0       [000] d.h1.    24.547398: _raw_spin_lock_irq <-__hrtimer_run_queues
          <idle>-0       [000] d.h2.    24.547398: enqueue_hrtimer <-__hrtimer_run_queues
          <idle>-0       [000] d.h2.    24.547398: ktime_get_update_offsets_now <-hrtimer_interrupt
          <idle>-0       [000] d.h2.    24.547398: hrtimer_update_next_event <-hrtimer_interrupt
          <idle>-0       [000] d.h2.    24.547398: hrtimer_bases_first <-hrtimer_update_next_event
          <idle>-0       [000] d.h2.    24.547398: _raw_spin_unlock_irqrestore <-__sysvec_apic_timer_interrupt
          <idle>-0       [000] d.h1.    24.547398: irq_exit_rcu <-sysvec_apic_timer_interrupt
          <idle>-0       [000] d.h1.    24.547398: irqtime_account_irq <-__irq_exit_rcu
          <idle>-0       [000] d..1.    24.547399: __hrtimer_rearm_deferred <-__irq_exit_rcu
          <idle>-0       [000] d..1.    24.547399: _raw_spin_lock <-__hrtimer_rearm_deferred
          <idle>-0       [000] d..2.    24.547399: tick_program_event <-__hrtimer_rearm_deferred
          <idle>-0       [000] d..2.    24.547399: clockevents_program_event <-__hrtimer_rearm_deferred
          <idle>-0       [000] d..2.    24.547399: ktime_expiry_to_cycles <-clockevents_program_event
          <idle>-0       [000] d..2.    24.547399: ktime_get <-clockevents_program_event
          <idle>-0       [000] d..2.    24.547399: lapic_next_deadline <-clockevents_program_event
          <idle>-0       [000] d..2.    24.547400: _raw_spin_unlock <-__irq_exit_rcu
          <idle>-0       [000] d..1.    24.547400: handle_softirqs <-__irq_exit_rcu
          <idle>-0       [000] d.s1.    24.547400: irqtime_account_irq <-handle_softirqs
          <idle>-0       [000] ..s1.    24.547401: run_timer_softirq <-handle_softirqs
          <idle>-0       [000] ..s1.    24.547401: _raw_spin_lock_irq <-run_timer_softirq
          <idle>-0       [000] d.s2.    24.547401: timer_recalc_next_expiry <-__run_timers
          <idle>-0       [000] d.s2.    24.547401: _raw_spin_unlock_irq <-__run_timers
          <idle>-0       [000] ..s1.    24.547401: call_timer_fn <-__run_timers
          <idle>-0       [000] ..s1.    24.547401: process_timeout <-call_timer_fn
          <idle>-0       [000] ..s1.    24.547401: wake_up_process <-call_timer_fn
          <idle>-0       [000] ..s1.    24.547402: try_to_wake_up <-call_timer_fn
          <idle>-0       [000] ..s2.    24.547402: _raw_spin_lock_irqsave <-try_to_wake_up
          <idle>-0       [000] d.s3.    24.547402: select_task_rq_rt <-try_to_wake_up
          <idle>-0       [000] d.s3.    24.547402: __rcu_read_lock <-select_task_rq_rt
          <idle>-0       [000] d.s3.    24.547402: __rcu_read_unlock <-select_task_rq_rt
          <idle>-0       [000] d.s3.    24.547402: kthread_is_per_cpu <-try_to_wake_up
          <idle>-0       [000] d.s3.    24.547402: ttwu_queue_wakelist <-try_to_wake_up
          <idle>-0       [000] d.s3.    24.547402: scx_allow_ttwu_queue <-ttwu_queue_wakelist
          <idle>-0       [000] d.s3.    24.547403: raw_spin_rq_lock_nested <-try_to_wake_up
          <idle>-0       [000] d.s4.    24.547403: _raw_spin_lock <-raw_spin_rq_lock_nested
          <idle>-0       [000] d.s4.    24.547403: update_rq_clock <-try_to_wake_up
          <idle>-0       [000] d.s4.    24.547403: kvm_steal_clock <-update_rq_clock
          <idle>-0       [000] d.s4.    24.547403: update_irq_load_avg <-update_rq_clock
          <idle>-0       [000] d.s4.    24.547403: arch_scale_cpu_capacity <-update_irq_load_avg
          <idle>-0       [000] d.s4.    24.547403: ttwu_do_activate <-try_to_wake_up
          <idle>-0       [000] d.s4.    24.547403: enqueue_task <-ttwu_do_activate
          <idle>-0       [000] d.s4.    24.547404: enqueue_task_rt <-enqueue_task
          <idle>-0       [000] d.s4.    24.547404: dequeue_rt_stack <-enqueue_task_rt
          <idle>-0       [000] d.s4.    24.547404: cpupri_set <-enqueue_task_rt
          <idle>-0       [000] d.s4.    24.547404: enqueue_pushable_task <-enqueue_task
          <idle>-0       [000] d.s4.    24.547404: psi_task_change <-enqueue_task
          <idle>-0       [000] d.s4.    24.547404: psi_flags_change <-psi_task_change
          <idle>-0       [000] d.s4.    24.547405: psi_group_change <-psi_task_change
          <idle>-0       [000] d.s4.    24.547405: record_times <-psi_group_change
          <idle>-0       [000] d.s4.    24.547405: wakeup_preempt <-ttwu_do_activate
          <idle>-0       [000] d.s4.    24.547405: wakeup_preempt_idle <-wakeup_preempt
          <idle>-0       [000] d.s4.    24.547405: resched_curr <-wakeup_preempt
          <idle>-0       [000] d.s4.    24.547405: __resched_curr <-wakeup_preempt
          <idle>-0       [000] dNs4.    24.547405: __resched_curr <-wakeup_preempt
          <idle>-0       [000] dNs4.    24.547406: task_woken_rt <-ttwu_do_activate
          <idle>-0       [000] dNs4.    24.547406: _raw_spin_unlock <-try_to_wake_up
          <idle>-0       [000] dNs3.    24.547406: _raw_spin_unlock_irqrestore <-try_to_wake_up
          <idle>-0       [000] .Ns1.    24.547406: _raw_spin_lock_irq <-__run_timers
          <idle>-0       [000] dNs2.    24.547406: _raw_spin_unlock_irq <-run_timer_softirq
          <idle>-0       [000] .Ns1.    24.547406: tmigr_handle_remote <-handle_softirqs
          <idle>-0       [000] .Ns1.    24.547407: get_jiffies_update <-tmigr_handle_remote
          <idle>-0       [000] .Ns1.    24.547407: _raw_spin_lock_irq <-tmigr_handle_remote
          <idle>-0       [000] dNs2.    24.547407: _raw_spin_unlock_irq <-tmigr_handle_remote
          <idle>-0       [000] .Ns1.    24.547407: _raw_spin_lock_irq <-tmigr_handle_remote
          <idle>-0       [000] dNs2.    24.547407: _raw_spin_unlock_irq <-tmigr_handle_remote
          <idle>-0       [000] dNs1.    24.547407: irqtime_account_irq <-handle_softirqs
          <idle>-0       [000] dN.1.    24.547407: sched_core_idle_cpu <-__irq_exit_rcu
          <idle>-0       [000] .N.1.    24.547408: tick_nohz_idle_got_tick <-do_idle
          <idle>-0       [000] .N.1.    24.547408: arch_cpu_idle_exit <-do_idle
          <idle>-0       [000] .N.1.    24.547408: tick_nohz_idle_exit <-do_idle
          <idle>-0       [000] .N.1.    24.547408: flush_smp_call_function_queue <-do_idle
          <idle>-0       [000] .N.1.    24.547408: schedule_idle <-cpu_startup_entry
          <idle>-0       [000] dN.1.    24.547408: rcu_note_context_switch <-__schedule
          <idle>-0       [000] dN.1.    24.547408: migrate_disable_switch.isra.0 <-__schedule
          <idle>-0       [000] dN.1.    24.547408: raw_spin_rq_lock_nested <-__schedule
          <idle>-0       [000] dN.2.    24.547409: _raw_spin_lock <-raw_spin_rq_lock_nested
          <idle>-0       [000] dN.2.    24.547409: update_rq_clock <-__schedule
          <idle>-0       [000] dN.2.    24.547409: pick_task_stop <-__pick_next_task.part.0
          <idle>-0       [000] dN.2.    24.547409: pick_task_dl <-__pick_next_task.part.0
          <idle>-0       [000] dN.2.    24.547409: pick_task_rt <-__pick_next_task.part.0
          <idle>-0       [000] dN.2.    24.547409: put_prev_task_idle <-__pick_next_task.part.0
          <idle>-0       [000] dN.2.    24.547409: update_curr_idle <-put_prev_task_idle
          <idle>-0       [000] dN.2.    24.547410: update_rq_avg_idle <-__pick_next_task.part.0
          <idle>-0       [000] dN.2.    24.547410: update_rt_rq_load_avg <-set_next_task_rt
          <idle>-0       [000] d..2.    24.547410: psi_account_irqtime <-__schedule
          <idle>-0       [000] d..2.    24.547410: psi_task_switch <-__schedule
          <idle>-0       [000] d..2.    24.547410: psi_flags_change <-psi_task_switch
          <idle>-0       [000] d..2.    24.547410: psi_group_change <-psi_task_switch
          <idle>-0       [000] d..2.    24.547410: record_times <-psi_group_change
     rcu_preempt-16      [000] d..2.    24.547411: finish_task_switch.isra.0 <-__schedule
     rcu_preempt-16      [000] d..2.    24.547411: _raw_spin_unlock <-finish_task_switch.isra.0
     rcu_preempt-16      [000] .....    24.547411: timer_delete_sync <-schedule_timeout
     rcu_preempt-16      [000] .....    24.547411: lock_timer_base <-timer_delete_sync
     rcu_preempt-16      [000] .....    24.547411: _raw_spin_lock_irqsave <-lock_timer_base
     rcu_preempt-16      [000] d..1.    24.547412: detach_if_pending <-timer_delete_sync
     rcu_preempt-16      [000] d..1.    24.547412: _raw_spin_unlock_irqrestore <-timer_delete_sync
     rcu_preempt-16      [000] .....    24.547412: prepare_to_swait_event <-rcu_gp_fqs_loop
     rcu_preempt-16      [000] .....    24.547412: _raw_spin_lock_irqsave <-prepare_to_swait_event
     rcu_preempt-16      [000] d..1.    24.547412: _raw_spin_unlock_irqrestore <-prepare_to_swait_event
     rcu_preempt-16      [000] .....    24.547412: finish_swait <-rcu_gp_fqs_loop
     rcu_preempt-16      [000] .....    24.547412: _raw_spin_lock_irqsave <-finish_swait
     rcu_preempt-16      [000] d..1.    24.547412: _raw_spin_unlock_irqrestore <-rcu_gp_fqs_loop
     rcu_preempt-16      [000] .....    24.547413: force_qs_rnp <-rcu_gp_fqs_loop
     rcu_preempt-16      [000] .....    24.547413: _raw_spin_lock_irqsave <-force_qs_rnp
     rcu_preempt-16      [000] d..1.    24.547413: rcu_watching_snap_save <-force_qs_rnp
     rcu_preempt-16      [000] d..1.    24.547413: rcu_disable_urgency_upon_qs <-force_qs_rnp
     rcu_preempt-16      [000] d..1.    24.547413: rcu_report_qs_rnp <-force_qs_rnp
     rcu_preempt-16      [000] d..1.    24.547413: _raw_spin_unlock_irqrestore <-rcu_report_qs_rnp
     rcu_preempt-16      [000] .....    24.547413: rcu_gp_kthread_wake <-force_qs_rnp
     rcu_preempt-16      [000] .....    24.547414: _raw_spin_lock_irq <-rcu_gp_fqs_loop
     rcu_preempt-16      [000] d..1.    24.547414: _raw_spin_unlock_irq <-rcu_gp_fqs_loop
     rcu_preempt-16      [000] .....    24.547414: rcu_gp_cleanup <-rcu_gp_kthread
     rcu_preempt-16      [000] .....    24.547414: _raw_spin_lock_irq <-rcu_gp_cleanup
     rcu_preempt-16      [000] d..1.    24.547414: _raw_spin_unlock_irq <-rcu_gp_cleanup
     rcu_preempt-16      [000] .....    24.547414: _raw_spin_lock_irq <-rcu_gp_cleanup
     rcu_preempt-16      [000] d..1.    24.547414: __note_gp_changes <-rcu_gp_cleanup
     rcu_preempt-16      [000] d..1.    24.547414: rcu_segcblist_pend_cbs <-__note_gp_changes
     rcu_preempt-16      [000] d..1.    24.547415: rcu_segcblist_advance <-__note_gp_changes
     rcu_preempt-16      [000] d..1.    24.547415: rcu_accelerate_cbs <-__note_gp_changes
     rcu_preempt-16      [000] d..1.    24.547415: rcu_segcblist_pend_cbs <-rcu_accelerate_cbs
     rcu_preempt-16      [000] d..1.    24.547415: rcu_segcblist_accelerate <-rcu_accelerate_cbs
     rcu_preempt-16      [000] d..1.    24.547415: rcu_start_this_gp <-rcu_accelerate_cbs
     rcu_preempt-16      [000] d..1.    24.547415: _raw_spin_unlock_irq <-rcu_gp_cleanup
     rcu_preempt-16      [000] .....    24.547415: swake_up_all <-rcu_gp_cleanup
     rcu_preempt-16      [000] .....    24.547415: _raw_spin_lock_irq <-swake_up_all
     rcu_preempt-16      [000] d..1.    24.547416: _raw_spin_unlock_irq <-swake_up_all
     rcu_preempt-16      [000] .....    24.547416: rcu_gp_slow <-rcu_gp_cleanup
     rcu_preempt-16      [000] .....    24.547416: _raw_spin_lock_irq <-rcu_gp_cleanup
     rcu_preempt-16      [000] d..1.    24.547416: rcu_accelerate_cbs <-rcu_gp_cleanup
     rcu_preempt-16      [000] d..1.    24.547416: rcu_segcblist_pend_cbs <-rcu_accelerate_cbs
     rcu_preempt-16      [000] d..1.    24.547416: rcu_segcblist_accelerate <-rcu_accelerate_cbs
     rcu_preempt-16      [000] d..1.    24.547416: rcu_start_this_gp <-rcu_accelerate_cbs
     rcu_preempt-16      [000] d..1.    24.547416: _raw_spin_unlock_irq <-rcu_gp_cleanup
     rcu_preempt-16      [000] .....    24.547417: rcu_gp_init <-rcu_gp_kthread
     rcu_preempt-16      [000] .....    24.547417: _raw_spin_lock_irq <-rcu_gp_init
     rcu_preempt-16      [000] d..1.    24.547417: _raw_spin_unlock_irq <-rcu_gp_init
     rcu_preempt-16      [000] d....    24.547417: _raw_spin_lock <-rcu_gp_init
     rcu_preempt-16      [000] d..1.    24.547417: _raw_spin_unlock <-rcu_gp_init
     rcu_preempt-16      [000] .....    24.547417: rcu_gp_slow <-rcu_gp_init
     rcu_preempt-16      [000] .....    24.547417: rcu_gp_slow <-rcu_gp_init
     rcu_preempt-16      [000] .....    24.547417: _raw_spin_lock_irqsave <-rcu_gp_init
     rcu_preempt-16      [000] d..1.    24.547417: __note_gp_changes <-rcu_gp_init
     rcu_preempt-16      [000] d..1.    24.547418: rcu_accelerate_cbs <-__note_gp_changes
     rcu_preempt-16      [000] d..1.    24.547418: rcu_segcblist_pend_cbs <-rcu_accelerate_cbs
     rcu_preempt-16      [000] d..1.    24.547418: rcu_segcblist_accelerate <-rcu_accelerate_cbs
     rcu_preempt-16      [000] d..1.    24.547418: _raw_spin_unlock_irq <-rcu_gp_init
     rcu_preempt-16      [000] ...1.    24.547418: rcu_report_qs_rdp <-rcu_gp_init
     rcu_preempt-16      [000] ...1.    24.547418: _raw_spin_lock_irqsave <-rcu_report_qs_rdp
     rcu_preempt-16      [000] d..2.    24.547418: rcu_accelerate_cbs <-rcu_report_qs_rdp
     rcu_preempt-16      [000] d..2.    24.547418: rcu_segcblist_pend_cbs <-rcu_accelerate_cbs
     rcu_preempt-16      [000] d..2.    24.547419: rcu_segcblist_accelerate <-rcu_accelerate_cbs
     rcu_preempt-16      [000] d..2.    24.547419: rcu_disable_urgency_upon_qs <-rcu_report_qs_rdp
     rcu_preempt-16      [000] d..2.    24.547419: rcu_report_qs_rnp <-rcu_gp_init
     rcu_preempt-16      [000] d..2.    24.547419: _raw_spin_unlock_irqrestore <-rcu_gp_init
     rcu_preempt-16      [000] .....    24.547419: rcu_gp_fqs_loop <-rcu_gp_kthread
     rcu_preempt-16      [000] .....    24.547419: prepare_to_swait_event <-rcu_gp_fqs_loop
     rcu_preempt-16      [000] .....    24.547419: _raw_spin_lock_irqsave <-prepare_to_swait_event
     rcu_preempt-16      [000] d..1.    24.547419: _raw_spin_unlock_irqrestore <-prepare_to_swait_event
     rcu_preempt-16      [000] .....    24.547420: schedule_timeout <-rcu_gp_fqs_loop
     rcu_preempt-16      [000] .....    24.547420: timer_init_key <-schedule_timeout
     rcu_preempt-16      [000] .....    24.547420: add_timer <-schedule_timeout
     rcu_preempt-16      [000] .....    24.547420: lock_timer_base <-__mod_timer
     rcu_preempt-16      [000] .....    24.547420: _raw_spin_lock_irqsave <-lock_timer_base
     rcu_preempt-16      [000] d..1.    24.547420: detach_if_pending <-__mod_timer
     rcu_preempt-16      [000] d..1.    24.547420: calc_wheel_index <-__mod_timer
     rcu_preempt-16      [000] d..1.    24.547420: enqueue_timer <-__mod_timer
     rcu_preempt-16      [000] d..1.    24.547420: _raw_spin_unlock_irqrestore <-__mod_timer
     rcu_preempt-16      [000] .....    24.547421: schedule <-schedule_timeout
     rcu_preempt-16      [000] d..1.    24.547421: rcu_note_context_switch <-__schedule
     rcu_preempt-16      [000] d..1.    24.547421: migrate_disable_switch.isra.0 <-__schedule
     rcu_preempt-16      [000] d..1.    24.547421: raw_spin_rq_lock_nested <-__schedule
     rcu_preempt-16      [000] d..2.    24.547421: _raw_spin_lock <-raw_spin_rq_lock_nested
     rcu_preempt-16      [000] d..2.    24.547421: update_rq_clock <-__schedule
     rcu_preempt-16      [000] d..2.    24.547421: kvm_steal_clock <-update_rq_clock
     rcu_preempt-16      [000] d..2.    24.547421: update_irq_load_avg <-update_rq_clock
     rcu_preempt-16      [000] d..2.    24.547421: arch_scale_cpu_capacity <-update_irq_load_avg
     rcu_preempt-16      [000] d..2.    24.547422: arch_scale_cpu_capacity <-update_rq_clock
     rcu_preempt-16      [000] d..2.    24.547422: dequeue_task_rt <-__schedule
     rcu_preempt-16      [000] d..2.    24.547422: update_curr_common <-dequeue_task_rt
     rcu_preempt-16      [000] d..2.    24.547422: update_se <-dequeue_task_rt
     rcu_preempt-16      [000] d..2.    24.547422: cpuacct_charge <-update_se
     rcu_preempt-16      [000] d..2.    24.547422: dequeue_rt_stack <-dequeue_task_rt
     rcu_preempt-16      [000] d..2.    24.547422: cpupri_set <-dequeue_rt_stack
     rcu_preempt-16      [000] d..2.    24.547423: balance_rt <-__pick_next_task.part.0
     rcu_preempt-16      [000] d..2.    24.547423: pull_rt_task <-balance_rt
     rcu_preempt-16      [000] d..2.    24.547423: pick_task_stop <-__pick_next_task.part.0
     rcu_preempt-16      [000] d..2.    24.547423: pick_task_dl <-__pick_next_task.part.0
     rcu_preempt-16      [000] d..2.    24.547423: pick_task_rt <-__pick_next_task.part.0
     rcu_preempt-16      [000] d..2.    24.547423: pick_next_task_fair <-__pick_next_task.part.0
     rcu_preempt-16      [000] d..2.    24.547423: pick_task_fair <-pick_next_task_fair
     rcu_preempt-16      [000] d..2.    24.547424: __sched_balance_update_blocked_averages <-pick_next_task_fair
     rcu_preempt-16      [000] d..2.    24.547424: update_other_load_avgs <-__sched_balance_update_blocked_averages
     rcu_preempt-16      [000] d..2.    24.547424: update_rt_rq_load_avg <-update_other_load_avgs
     rcu_preempt-16      [000] d..2.    24.547424: update_dl_rq_load_avg <-update_other_load_avgs
     rcu_preempt-16      [000] d..2.    24.547424: update_irq_load_avg <-update_other_load_avgs
     rcu_preempt-16      [000] d..2.    24.547424: arch_scale_cpu_capacity <-update_irq_load_avg
     rcu_preempt-16      [000] d..2.    24.547424: __update_load_avg_cfs_rq <-update_cfs_rq_load_avg
     rcu_preempt-16      [000] d..2.    24.547424: _raw_spin_unlock <-pick_next_task_fair
     rcu_preempt-16      [000] d..1.    24.547425: __msecs_to_jiffies <-pick_next_task_fair
     rcu_preempt-16      [000] d..1.    24.547425: raw_spin_rq_lock_nested <-pick_next_task_fair
     rcu_preempt-16      [000] d..2.    24.547425: _raw_spin_lock <-raw_spin_rq_lock_nested
     rcu_preempt-16      [000] d..2.    24.547425: pick_task_idle <-__pick_next_task.part.0
     rcu_preempt-16      [000] d..2.    24.547425: put_prev_task_rt <-__pick_next_task.part.0
     rcu_preempt-16      [000] d..2.    24.547425: update_curr_common <-put_prev_task_rt
     rcu_preempt-16      [000] d..2.    24.547425: update_se <-put_prev_task_rt
     rcu_preempt-16      [000] d..2.    24.547425: update_rt_rq_load_avg <-put_prev_task_rt
     rcu_preempt-16      [000] d..2.    24.547426: set_next_task_idle <-__pick_next_task.part.0
     rcu_preempt-16      [000] d..2.    24.547426: psi_account_irqtime <-__schedule
     rcu_preempt-16      [000] d..2.    24.547426: psi_task_switch <-__schedule
     rcu_preempt-16      [000] d..2.    24.547426: psi_flags_change <-psi_task_switch
     rcu_preempt-16      [000] d..2.    24.547426: psi_group_change <-psi_task_switch
     rcu_preempt-16      [000] d..2.    24.547426: record_times <-psi_group_change
          <idle>-0       [000] d..2.    24.547427: finish_task_switch.isra.0 <-__schedule
          <idle>-0       [000] d..2.    24.547427: _raw_spin_unlock <-finish_task_switch.isra.0
          <idle>-0       [000] ...1.    24.547427: do_idle <-cpu_startup_entry
          <idle>-0       [000] ...1.    24.547427: nohz_run_idle_balance <-do_idle
          <idle>-0       [000] ...1.    24.547427: tick_nohz_idle_enter <-do_idle
          <idle>-0       [000] d..1.    24.547427: ktime_get <-tick_nohz_idle_enter
          <idle>-0       [000] d..1.    24.547427: arch_cpu_idle_enter <-do_idle
          <idle>-0       [000] d..1.    24.547428: tsc_verify_tsc_adjust <-arch_cpu_idle_enter
          <idle>-0       [000] d..1.    24.547428: local_touch_nmi <-do_idle
          <idle>-0       [000] d..1.    24.547428: rcu_nocb_flush_deferred_wakeup <-do_idle
          <idle>-0       [000] d..1.    24.547428: cpuidle_get_cpu_driver <-do_idle
          <idle>-0       [000] d..1.    24.547428: cpuidle_not_available <-do_idle
          <idle>-0       [000] d..1.    24.547428: tick_nohz_tick_stopped <-do_idle
          <idle>-0       [000] d..1.    24.547428: tick_nohz_idle_retain_tick <-do_idle
          <idle>-0       [000] d..1.    24.548390: irq_enter_rcu <-sysvec_apic_timer_interrupt
          <idle>-0       [000] d.h1.    24.548390: tick_irq_enter <-irq_enter_rcu
          <idle>-0       [000] d.h1.    24.548390: tick_check_oneshot_broadcast_this_cpu <-tick_irq_enter
          <idle>-0       [000] d.h1.    24.548390: ktime_get <-tick_irq_enter
          <idle>-0       [000] d.h1.    24.548390: tick_nohz_stop_idle <-tick_irq_enter
          <idle>-0       [000] d.h1.    24.548390: nr_iowait_cpu <-tick_nohz_stop_idle
          <idle>-0       [000] d.h1.    24.548391: irqtime_account_irq <-sysvec_apic_timer_interrupt
          <idle>-0       [000] d.h1.    24.548391: __sysvec_apic_timer_interrupt <-sysvec_apic_timer_interrupt
          <idle>-0       [000] d.h1.    24.548391: hrtimer_interrupt <-__sysvec_apic_timer_interrupt
          <idle>-0       [000] d.h1.    24.548391: _raw_spin_lock_irqsave <-hrtimer_interrupt
          <idle>-0       [000] d.h2.    24.548391: ktime_get_update_offsets_now <-hrtimer_interrupt
          <idle>-0       [000] d.h2.    24.548391: __hrtimer_run_queues <-hrtimer_interrupt
          <idle>-0       [000] d.h2.    24.548391: __remove_hrtimer <-__hrtimer_run_queues
          <idle>-0       [000] d.h2.    24.548391: _raw_spin_unlock_irqrestore <-__hrtimer_run_queues
          <idle>-0       [000] d.h1.    24.548392: tick_nohz_handler <-__hrtimer_run_queues
          <idle>-0       [000] d.h1.    24.548392: ktime_get <-tick_nohz_handler
          <idle>-0       [000] d.h1.    24.548392: tick_do_update_jiffies64 <-tick_nohz_handler
          <idle>-0       [000] d.h1.    24.548392: _raw_spin_lock <-tick_do_update_jiffies64
          <idle>-0       [000] d.h2.    24.548392: calc_global_load <-tick_do_update_jiffies64
          <idle>-0       [000] d.h2.    24.548392: _raw_spin_unlock <-tick_do_update_jiffies64
          <idle>-0       [000] d.h1.    24.548392: update_wall_time <-tick_nohz_handler
          <idle>-0       [000] d.h1.    24.548392: _raw_spin_lock_irqsave <-update_wall_time
          <idle>-0       [000] d.h2.    24.548393: __timekeeping_advance <-update_wall_time
          <idle>-0       [000] d.h2.    24.548393: ntp_tick_length <-__timekeeping_advance
          <idle>-0       [000] d.h2.    24.548393: ntp_tick_length <-__timekeeping_advance
          <idle>-0       [000] d.h2.    24.548393: timekeeping_update_from_shadow <-__timekeeping_advance
          <idle>-0       [000] d.h2.    24.548393: ntp_get_next_leap <-timekeeping_update_from_shadow
          <idle>-0       [000] d.h2.    24.548393: update_vsyscall <-timekeeping_update_from_shadow
          <idle>-0       [000] d.h2.    24.548393: raw_notifier_call_chain <-timekeeping_update_from_shadow
          <idle>-0       [000] d.h2.    24.548393: notifier_call_chain <-timekeeping_update_from_shadow
          <idle>-0       [000] d.h2.    24.548393: update_fast_timekeeper <-timekeeping_update_from_shadow
          <idle>-0       [000] d.h2.    24.548394: update_fast_timekeeper <-timekeeping_update_from_shadow
          <idle>-0       [000] d.h2.    24.548394: _raw_spin_unlock_irqrestore <-update_wall_time
          <idle>-0       [000] d.h1.    24.548394: update_process_times <-tick_nohz_handler
          <idle>-0       [000] d.h1.    24.548394: account_process_tick <-update_process_times
          <idle>-0       [000] d.h1.    24.548394: irqtime_account_process_tick <-update_process_times
          <idle>-0       [000] d.h1.    24.548394: kvm_steal_clock <-irqtime_account_process_tick
          <idle>-0       [000] d.h1.    24.548394: hrtimer_run_queues <-update_process_times
          <idle>-0       [000] d.h1.    24.548394: tmigr_requires_handle_remote <-update_process_times
          <idle>-0       [000] d.h1.    24.548394: get_jiffies_update <-tmigr_requires_handle_remote
          <idle>-0       [000] d.h1.    24.548395: rcu_sched_clock_irq <-update_process_times
          <idle>-0       [000] d.h1.    24.548395: rcu_segcblist_ready_cbs <-rcu_sched_clock_irq
          <idle>-0       [000] d.h1.    24.548395: invoke_rcu_core <-rcu_sched_clock_irq
          <idle>-0       [000] d.h1.    24.548395: raise_softirq <-rcu_sched_clock_irq
          <idle>-0       [000] d.h1.    24.548395: sched_tick <-update_process_times
          <idle>-0       [000] d.h1.    24.548395: arch_scale_freq_tick <-sched_tick
          <idle>-0       [000] d.h1.    24.548395: raw_spin_rq_lock_nested <-sched_tick
          <idle>-0       [000] d.h2.    24.548395: _raw_spin_lock <-raw_spin_rq_lock_nested
          <idle>-0       [000] d.h2.    24.548396: psi_account_irqtime <-sched_tick
          <idle>-0       [000] d.h2.    24.548396: update_rq_clock <-sched_tick
          <idle>-0       [000] d.h2.    24.548396: kvm_steal_clock <-update_rq_clock
          <idle>-0       [000] d.h2.    24.548396: task_tick_idle <-sched_tick
          <idle>-0       [000] d.h2.    24.548396: update_curr_idle <-sched_tick
          <idle>-0       [000] d.h2.    24.548396: update_curr_dl_se <-update_curr_idle
          <idle>-0       [000] d.h2.    24.548396: calc_global_load_tick <-sched_tick
          <idle>-0       [000] d.h2.    24.548396: scx_tick <-sched_tick
          <idle>-0       [000] d.h2.    24.548396: _raw_spin_unlock <-sched_tick
          <idle>-0       [000] d.h1.    24.548397: perf_event_task_tick <-sched_tick
          <idle>-0       [000] d.h1.    24.548397: perf_adjust_freq_unthr_context <-perf_event_task_tick
          <idle>-0       [000] d.h1.    24.548397: __rcu_read_lock <-perf_event_task_tick
          <idle>-0       [000] d.h1.    24.548397: __rcu_read_unlock <-sched_tick
          <idle>-0       [000] d.h1.    24.548397: idle_cpu <-sched_tick
          <idle>-0       [000] d.h1.    24.548397: sched_balance_trigger <-update_process_times
          <idle>-0       [000] d.h1.    24.548397: run_posix_cpu_timers <-tick_nohz_handler
          <idle>-0       [000] d.h1.    24.548397: profile_tick <-tick_nohz_handler
          <idle>-0       [000] d.h1.    24.548397: profile_pc <-profile_tick
          <idle>-0       [000] d.h1.    24.548398: hrtimer_forward <-tick_nohz_handler
          <idle>-0       [000] d.h1.    24.548398: _raw_spin_lock_irq <-__hrtimer_run_queues
          <idle>-0       [000] d.h2.    24.548398: enqueue_hrtimer <-__hrtimer_run_queues
          <idle>-0       [000] d.h2.    24.548398: ktime_get_update_offsets_now <-hrtimer_interrupt
          <idle>-0       [000] d.h2.    24.548398: hrtimer_update_next_event <-hrtimer_interrupt
          <idle>-0       [000] d.h2.    24.548398: hrtimer_bases_first <-hrtimer_update_next_event
          <idle>-0       [000] d.h2.    24.548398: _raw_spin_unlock_irqrestore <-__sysvec_apic_timer_interrupt
          <idle>-0       [000] d.h1.    24.548398: irq_exit_rcu <-sysvec_apic_timer_interrupt
          <idle>-0       [000] d.h1.    24.548399: irqtime_account_irq <-__irq_exit_rcu
          <idle>-0       [000] d..1.    24.548399: __hrtimer_rearm_deferred <-__irq_exit_rcu
          <idle>-0       [000] d..1.    24.548399: _raw_spin_lock <-__hrtimer_rearm_deferred
          <idle>-0       [000] d..2.    24.548399: tick_program_event <-__hrtimer_rearm_deferred
          <idle>-0       [000] d..2.    24.548399: clockevents_program_event <-__hrtimer_rearm_deferred
          <idle>-0       [000] d..2.    24.548399: ktime_expiry_to_cycles <-clockevents_program_event
          <idle>-0       [000] d..2.    24.548399: ktime_get <-clockevents_program_event
          <idle>-0       [000] d..2.    24.548399: lapic_next_deadline <-clockevents_program_event
          <idle>-0       [000] d..2.    24.548400: _raw_spin_unlock <-__irq_exit_rcu
          <idle>-0       [000] d..1.    24.548400: handle_softirqs <-__irq_exit_rcu
          <idle>-0       [000] d.s1.    24.548401: irqtime_account_irq <-handle_softirqs
          <idle>-0       [000] ..s1.    24.548401: rcu_core_si <-handle_softirqs
          <idle>-0       [000] ..s1.    24.548401: rcu_core <-handle_softirqs
          <idle>-0       [000] ..s1.    24.548401: note_gp_changes <-rcu_core
          <idle>-0       [000] ..s1.    24.548401: rcu_segcblist_ready_cbs <-rcu_core
          <idle>-0       [000] ..s1.    24.548401: rcu_do_batch <-rcu_core
          <idle>-0       [000] ..s1.    24.548401: rcu_segcblist_ready_cbs <-rcu_do_batch
          <idle>-0       [000] d.s1.    24.548401: rcu_segcblist_get_seglen <-rcu_do_batch
          <idle>-0       [000] d.s1.    24.548402: local_clock <-rcu_do_batch
          <idle>-0       [000] d.s1.    24.548402: rcu_segcblist_extract_done_cbs <-rcu_do_batch
          <idle>-0       [000] d.s1.    24.548402: rcu_nocb_unlock_irqrestore.part.0 <-rcu_do_batch
          <idle>-0       [000] ..s1.    24.548402: rcu_cblist_dequeue <-rcu_do_batch
          <idle>-0       [000] ..s1.    24.548402: __put_task_struct_rcu_cb <-rcu_do_batch
          <idle>-0       [000] ..s1.    24.548402: __put_task_struct <-rcu_do_batch
          <idle>-0       [000] ..s1.    24.548402: unwind_task_free <-__put_task_struct
          <idle>-0       [000] ..s1.    24.548402: kfree <-unwind_task_free
          <idle>-0       [000] ..s1.    24.548402: task_work_cancel <-__put_task_struct
          <idle>-0       [000] ..s1.    24.548403: _raw_spin_lock_irqsave <-task_work_cancel
          <idle>-0       [000] d.s2.    24.548403: _raw_spin_unlock_irqrestore <-task_work_cancel
          <idle>-0       [000] ..s1.    24.548403: cgroup_task_free <-__put_task_struct
          <idle>-0       [000] ..s1.    24.548403: task_numa_free <-__put_task_struct
          <idle>-0       [000] ..s1.    24.548403: security_task_free <-__put_task_struct
          <idle>-0       [000] ..s1.    24.548403: yama_task_free <-security_task_free
          <idle>-0       [000] ..s1.    24.548403: yama_ptracer_del <-security_task_free
          <idle>-0       [000] ..s1.    24.548404: __rcu_read_lock <-yama_ptracer_del
          <idle>-0       [000] ..s1.    24.548404: __rcu_read_unlock <-security_task_free
          <idle>-0       [000] ..s1.    24.548404: bpf_lsm_task_free <-security_task_free
          <idle>-0       [000] ..s1.    24.548404: kfree <-security_task_free
          <idle>-0       [000] ..s1.    24.548404: exit_creds <-__put_task_struct
          <idle>-0       [000] ..s1.    24.548404: __put_cred <-exit_creds
          <idle>-0       [000] ..s1.    24.548404: call_rcu <-exit_creds
          <idle>-0       [000] ..s1.    24.548404: __call_rcu_common <-exit_creds
          <idle>-0       [000] d.s1.    24.548404: rcu_async_should_hurry <-__call_rcu_common
          <idle>-0       [000] d.s1.    24.548405: rcu_segcblist_enqueue <-__call_rcu_common
          <idle>-0       [000] ..s1.    24.548405: key_put <-exit_creds
          <idle>-0       [000] ..s1.    24.548405: sched_autogroup_exit <-__put_task_struct
          <idle>-0       [000] ..s1.    24.548405: kmem_cache_free <-__put_task_struct
          <idle>-0       [000] ..s1.    24.548405: sched_core_free <-__put_task_struct
          <idle>-0       [000] ..s1.    24.548405: free_task <-rcu_do_batch
          <idle>-0       [000] ..s1.    24.548406: release_user_cpus_ptr <-free_task
          <idle>-0       [000] ..s1.    24.548406: kfree <-free_task
          <idle>-0       [000] ..s1.    24.548406: arch_release_task_struct <-free_task
          <idle>-0       [000] ..s1.    24.548406: bpf_task_storage_free <-free_task
          <idle>-0       [000] ..s1.    24.548406: __rcu_read_lock <-bpf_task_storage_free
          <idle>-0       [000] ..s1.    24.548406: __rcu_read_unlock <-free_task
          <idle>-0       [000] ..s1.    24.548406: kmem_cache_free <-rcu_do_batch
          <idle>-0       [000] ..s2.    24.548407: __pcs_replace_full_main <-kmem_cache_free
          <idle>-0       [000] ..s2.    24.548407: barn_replace_full_sheaf.part.0 <-__pcs_replace_full_main
          <idle>-0       [000] ..s2.    24.548407: _raw_spin_lock_irqsave <-barn_replace_full_sheaf.part.0
          <idle>-0       [000] d.s3.    24.548407: _raw_spin_unlock_irqrestore <-barn_replace_full_sheaf.part.0
          <idle>-0       [000] ..s1.    24.548407: rcu_cblist_dequeue <-rcu_do_batch
          <idle>-0       [000] d.s1.    24.548407: rcu_segcblist_insert_done_cbs <-rcu_do_batch
          <idle>-0       [000] d.s1.    24.548407: rcu_segcblist_add_len <-rcu_do_batch
          <idle>-0       [000] d.s1.    24.548407: rcu_segcblist_n_segment_cbs <-rcu_do_batch
          <idle>-0       [000] d.s1.    24.548407: rcu_nocb_unlock_irqrestore.part.0 <-rcu_do_batch
          <idle>-0       [000] ..s1.    24.548408: rcu_segcblist_ready_cbs <-rcu_core
          <idle>-0       [000] ..s1.    24.548408: do_nocb_deferred_wakeup.isra.0 <-rcu_core
          <idle>-0       [000] d.s1.    24.548408: irqtime_account_irq <-handle_softirqs
          <idle>-0       [000] d..1.    24.548408: sched_core_idle_cpu <-__irq_exit_rcu
          <idle>-0       [000] d..1.    24.548408: tick_nohz_irq_exit <-sysvec_apic_timer_interrupt
          <idle>-0       [000] d..1.    24.548408: ktime_get <-tick_nohz_irq_exit
          <idle>-0       [000] ...1.    24.548409: tick_nohz_idle_got_tick <-do_idle
          <idle>-0       [000] ...1.    24.548409: arch_cpu_idle_exit <-do_idle
          <idle>-0       [000] d..1.    24.548409: arch_cpu_idle_enter <-do_idle
          <idle>-0       [000] d..1.    24.548409: tsc_verify_tsc_adjust <-arch_cpu_idle_enter
          <idle>-0       [000] d..1.    24.548409: local_touch_nmi <-do_idle
          <idle>-0       [000] d..1.    24.548409: rcu_nocb_flush_deferred_wakeup <-do_idle
          <idle>-0       [000] d..1.    24.548409: cpuidle_get_cpu_driver <-do_idle
          <idle>-0       [000] d..1.    24.548409: cpuidle_not_available <-do_idle
          <idle>-0       [000] d..1.    24.548409: tick_nohz_idle_stop_tick <-do_idle
          <idle>-0       [000] d..1.    24.548409: can_stop_idle_tick <-tick_nohz_idle_stop_tick
          <idle>-0       [000] d..1.    24.548410: tick_nohz_next_event <-tick_nohz_idle_stop_tick
          <idle>-0       [000] d..1.    24.548410: rcu_needs_cpu <-tick_nohz_next_event
CPU:1 [LOST 2610 EVENTS]
       multitask-468     [001] .....    24.548522: __rcu_read_unlock <-__fput
       multitask-468     [001] .....    24.548522: security_file_free <-__fput
       multitask-468     [001] .....    24.548522: hook_file_free_security <-security_file_free
       multitask-468     [001] .....    24.548522: put_pid <-hook_file_free_security
       multitask-468     [001] .....    24.548522: landlock_put_ruleset_deferred <-security_file_free
       multitask-468     [001] .....    24.548522: bpf_lsm_file_free_security <-security_file_free
       multitask-468     [001] .....    24.548522: kmem_cache_free <-__fput
       multitask-468     [001] .....    24.548522: __put_cred <-__fput
       multitask-468     [001] .....    24.548523: call_rcu <-__fput
       multitask-468     [001] .....    24.548523: __call_rcu_common <-__fput
       multitask-468     [001] d....    24.548523: rcu_async_should_hurry <-__call_rcu_common
       multitask-468     [001] d....    24.548523: rcu_segcblist_enqueue <-__call_rcu_common
       multitask-468     [001] .....    24.548523: kmem_cache_free <-task_work_run
       multitask-468     [001] .....    24.548523: exit_thread <-do_exit
       multitask-468     [001] .....    24.548523: shstk_free <-exit_thread
       multitask-468     [001] .....    24.548523: fpu__drop <-do_exit
       multitask-468     [001] .....    24.548524: sched_autogroup_exit_task <-do_exit
       multitask-468     [001] .....    24.548524: sched_move_task <-do_exit
       multitask-468     [001] .....    24.548524: _task_rq_lock <-sched_move_task
       multitask-468     [001] .....    24.548524: _raw_spin_lock_irqsave <-_task_rq_lock
       multitask-468     [001] d..1.    24.548524: raw_spin_rq_lock_nested <-_task_rq_lock
       multitask-468     [001] d..2.    24.548524: _raw_spin_lock <-raw_spin_rq_lock_nested
       multitask-468     [001] d..2.    24.548524: sched_change_begin <-sched_move_task
       multitask-468     [001] d..2.    24.548524: update_rq_clock <-sched_change_begin
       multitask-468     [001] d..2.    24.548524: kvm_steal_clock <-update_rq_clock
       multitask-468     [001] d..2.    24.548525: update_irq_load_avg <-update_rq_clock
       multitask-468     [001] d..2.    24.548525: arch_scale_cpu_capacity <-update_irq_load_avg
       multitask-468     [001] d..2.    24.548525: arch_scale_cpu_capacity <-update_rq_clock
       multitask-468     [001] d..2.    24.548525: dequeue_task_fair <-sched_change_begin
       multitask-468     [001] d..2.    24.548525: dequeue_entities <-dequeue_task_fair
       multitask-468     [001] d..2.    24.548525: update_curr <-dequeue_entities
       multitask-468     [001] d..2.    24.548525: update_se <-update_curr
       multitask-468     [001] d..2.    24.548525: cpuacct_charge <-update_se
       multitask-468     [001] d..2.    24.548526: dl_server_update <-update_curr
       multitask-468     [001] d..2.    24.548526: update_curr_dl_se <-update_curr
       multitask-468     [001] d..2.    24.548526: __update_load_avg_se <-update_load_avg
       multitask-468     [001] d..2.    24.548526: __update_load_avg_cfs_rq <-update_cfs_rq_load_avg
       multitask-468     [001] d..2.    24.548526: avg_vruntime <-dequeue_entities
       multitask-468     [001] d..2.    24.548526: entity_lag.isra.0 <-dequeue_entities
       multitask-468     [001] d..2.    24.548526: update_cfs_group <-dequeue_entities
       multitask-468     [001] d..2.    24.548527: put_prev_task_fair <-sched_change_begin
       multitask-468     [001] d..2.    24.548527: put_prev_entity <-put_prev_task_fair
       multitask-468     [001] d..2.    24.548527: task_wants_autogroup <-sched_move_task
       multitask-468     [001] d..2.    24.548527: task_change_group_fair <-sched_move_task
       multitask-468     [001] d..2.    24.548527: __update_load_avg_se <-task_change_group_fair
       multitask-468     [001] d..2.    24.548527: __update_load_avg_cfs_rq <-update_cfs_rq_load_avg
       multitask-468     [001] d..2.    24.548527: detach_entity_load_avg <-task_change_group_fair
       multitask-468     [001] d..2.    24.548528: propagate_entity_cfs_rq <-task_change_group_fair
       multitask-468     [001] d..2.    24.548528: attach_entity_cfs_rq <-sched_move_task
       multitask-468     [001] d..2.    24.548528: __update_load_avg_cfs_rq <-update_cfs_rq_load_avg
       multitask-468     [001] d..2.    24.548528: attach_entity_load_avg <-attach_entity_cfs_rq
       multitask-468     [001] d..2.    24.548528: propagate_entity_cfs_rq <-sched_move_task
       multitask-468     [001] d..2.    24.548528: sched_change_end <-sched_move_task
       multitask-468     [001] d..2.    24.548528: enqueue_task <-sched_change_end
       multitask-468     [001] d..2.    24.548528: enqueue_task_fair <-enqueue_task
       multitask-468     [001] d..2.    24.548529: update_curr <-enqueue_task_fair
       multitask-468     [001] d..2.    24.548529: __update_load_avg_se <-update_load_avg
       multitask-468     [001] d..2.    24.548529: __update_load_avg_cfs_rq <-update_cfs_rq_load_avg
       multitask-468     [001] d..2.    24.548529: update_cfs_group <-enqueue_task_fair
       multitask-468     [001] d..2.    24.548529: place_entity <-enqueue_task_fair
       multitask-468     [001] d..2.    24.548529: avg_vruntime <-place_entity
       multitask-468     [001] d..2.    24.548529: __enqueue_entity <-enqueue_task_fair
       multitask-468     [001] d..2.    24.548529: dl_server_start <-enqueue_task_fair
       multitask-468     [001] d..2.    24.548529: hrtimer_active <-enqueue_task_fair
       multitask-468     [001] d..2.    24.548530: hrtick_start_fair <-enqueue_task
       multitask-468     [001] d..2.    24.548530: set_next_task_fair <-sched_change_end
       multitask-468     [001] d..2.    24.548530: set_next_entity <-set_next_task_fair
       multitask-468     [001] d..2.    24.548530: __dequeue_entity <-set_next_entity
       multitask-468     [001] d..2.    24.548530: __update_load_avg_se <-update_load_avg
       multitask-468     [001] d..2.    24.548530: __update_load_avg_cfs_rq <-update_cfs_rq_load_avg
       multitask-468     [001] d..2.    24.548530: prio_changed_fair <-sched_move_task
       multitask-468     [001] d..2.    24.548530: __resched_curr <-sched_move_task
       multitask-468     [001] dN.2.    24.548531: __balance_callbacks <-sched_move_task
       multitask-468     [001] dN.2.    24.548531: _raw_spin_unlock <-sched_move_task
       multitask-468     [001] dN.1.    24.548531: _raw_spin_unlock_irqrestore <-sched_move_task
       multitask-468     [001] dN.1.    24.548531: rcu_note_context_switch <-__schedule
       multitask-468     [001] dN.1.    24.548531: migrate_disable_switch.isra.0 <-__schedule
       multitask-468     [001] dN.1.    24.548531: raw_spin_rq_lock_nested <-__schedule
       multitask-468     [001] dN.2.    24.548531: _raw_spin_lock <-raw_spin_rq_lock_nested
       multitask-468     [001] dN.2.    24.548531: update_rq_clock <-__schedule
       multitask-468     [001] dN.2.    24.548532: kvm_steal_clock <-update_rq_clock
       multitask-468     [001] dN.2.    24.548532: arch_scale_cpu_capacity <-update_rq_clock
       multitask-468     [001] dN.2.    24.548532: pick_next_task_fair <-__schedule
       multitask-468     [001] dN.2.    24.548532: pick_task_fair <-pick_next_task_fair
       multitask-468     [001] dN.2.    24.548532: update_curr <-pick_task_fair
       multitask-468     [001] dN.2.    24.548532: update_se <-update_curr
       multitask-468     [001] dN.2.    24.548532: cpuacct_charge <-update_se
       multitask-468     [001] dN.2.    24.548532: dl_server_update <-update_curr
       multitask-468     [001] dN.2.    24.548532: update_curr_dl_se <-update_curr
       multitask-468     [001] dN.2.    24.548533: pick_eevdf <-pick_task_fair
       multitask-468     [001] d..2.    24.548533: _raw_spin_unlock <-__schedule
       multitask-468     [001] .....    24.548533: cgroup_task_exit <-do_exit
       multitask-468     [001] .....    24.548533: blkcg_exit <-cgroup_task_exit
       multitask-468     [001] .....    24.548533: mem_cgroup_exit <-cgroup_task_exit
       multitask-468     [001] .....    24.548533: flush_ptrace_hw_breakpoint <-do_exit
       multitask-468     [001] .....    24.548534: unregister_hw_breakpoint <-flush_ptrace_hw_breakpoint
       multitask-468     [001] .....    24.548534: unregister_hw_breakpoint <-flush_ptrace_hw_breakpoint
       multitask-468     [001] .....    24.548534: unregister_hw_breakpoint <-flush_ptrace_hw_breakpoint
       multitask-468     [001] .....    24.548534: unregister_hw_breakpoint <-flush_ptrace_hw_breakpoint
       multitask-468     [001] .....    24.548534: exit_tasks_rcu_start <-do_exit
       multitask-468     [001] ...1.    24.548534: _raw_spin_lock_irqsave <-exit_tasks_rcu_start
       multitask-468     [001] d..2.    24.548534: _raw_spin_unlock_irqrestore <-exit_tasks_rcu_start
       multitask-468     [001] .....    24.548534: _raw_write_lock_irq <-do_exit
       multitask-468     [001] d..1.    24.548534: task_active_pid_ns <-do_exit
       multitask-468     [001] d..1.    24.548535: kill_orphaned_pgrp <-do_exit
       multitask-468     [001] d..1.    24.548535: do_notify_parent <-do_exit
       multitask-468     [001] d..1.    24.548535: __wake_up <-do_notify_parent
       multitask-468     [001] d..1.    24.548535: _raw_spin_lock_irqsave <-__wake_up
       multitask-468     [001] d..2.    24.548535: __wake_up_common <-__wake_up
       multitask-468     [001] d..2.    24.548535: _raw_spin_unlock_irqrestore <-__wake_up
       multitask-468     [001] d..1.    24.548535: __rcu_read_lock <-do_notify_parent
       multitask-468     [001] d..1.    24.548535: task_active_pid_ns <-do_notify_parent
       multitask-468     [001] d..1.    24.548536: __task_pid_nr_ns <-do_notify_parent
       multitask-468     [001] d..1.    24.548536: __rcu_read_lock <-__task_pid_nr_ns
       multitask-468     [001] d..1.    24.548536: __rcu_read_unlock <-__task_pid_nr_ns
       multitask-468     [001] d..1.    24.548536: __rcu_read_lock <-do_notify_parent
       multitask-468     [001] d..1.    24.548536: __rcu_read_unlock <-do_notify_parent
       multitask-468     [001] d..1.    24.548536: __rcu_read_lock <-do_notify_parent
       multitask-468     [001] d..1.    24.548536: __rcu_read_unlock <-do_notify_parent
       multitask-468     [001] d..1.    24.548536: from_kuid_munged <-do_notify_parent
       multitask-468     [001] d..1.    24.548537: map_id_range_up <-from_kuid_munged
       multitask-468     [001] d..1.    24.548537: __rcu_read_unlock <-do_notify_parent
       multitask-468     [001] d..1.    24.548537: task_cputime <-do_notify_parent
       multitask-468     [001] d..1.    24.548537: nsec_to_clock_t <-do_notify_parent
       multitask-468     [001] d..1.    24.548537: nsec_to_clock_t <-do_notify_parent
       multitask-468     [001] d..1.    24.548537: _raw_spin_lock_irqsave <-do_notify_parent
       multitask-468     [001] d..2.    24.548537: __send_signal_locked <-do_notify_parent
       multitask-468     [001] d..2.    24.548537: prepare_signal <-__send_signal_locked
       multitask-468     [001] d..2.    24.548538: sig_get_ucounts <-__send_signal_locked
       multitask-468     [001] d..2.    24.548538: __rcu_read_lock <-sig_get_ucounts
       multitask-468     [001] d..2.    24.548538: __rcu_read_lock <-sig_get_ucounts
       multitask-468     [001] d..2.    24.548538: __rcu_read_unlock <-sig_get_ucounts
       multitask-468     [001] d..2.    24.548538: inc_rlimit_get_ucounts <-sig_get_ucounts
       multitask-468     [001] d..2.    24.548538: __rcu_read_unlock <-sig_get_ucounts
       multitask-468     [001] d..2.    24.548538: kmem_cache_alloc_noprof <-__send_signal_locked
       multitask-468     [001] d..2.    24.548538: complete_signal <-__send_signal_locked
       multitask-468     [001] d..2.    24.548539: wake_up_state <-complete_signal
       multitask-468     [001] d..2.    24.548539: try_to_wake_up <-complete_signal
       multitask-468     [001] d..3.    24.548539: _raw_spin_lock_irqsave <-try_to_wake_up
       multitask-468     [001] d..4.    24.548539: select_task_rq_fair <-try_to_wake_up
       multitask-468     [001] d..4.    24.548539: task_h_load <-select_task_rq_fair
       multitask-468     [001] d..4.    24.548539: choose_idle_cpu <-select_task_rq_fair
       multitask-468     [001] d..4.    24.548539: cpus_share_cache <-select_task_rq_fair
       multitask-468     [001] d..4.    24.548540: choose_idle_cpu <-select_task_rq_fair
       multitask-468     [001] d..4.    24.548540: set_task_cpu <-try_to_wake_up
       multitask-468     [001] d..4.    24.548540: migrate_task_rq_fair <-set_task_cpu
       multitask-468     [001] d..4.    24.548540: remove_entity_load_avg <-migrate_task_rq_fair
       multitask-468     [001] d..4.    24.548540: __update_load_avg_blocked_se <-remove_entity_load_avg
       multitask-468     [001] d..4.    24.548540: _raw_spin_lock_irqsave <-remove_entity_load_avg
       multitask-468     [001] d..5.    24.548541: _raw_spin_unlock_irqrestore <-migrate_task_rq_fair
       multitask-468     [001] d..4.    24.548541: __rcu_read_lock <-migrate_task_rq_fair
       multitask-468     [001] d..4.    24.548541: __rcu_read_unlock <-migrate_task_rq_fair
       multitask-468     [001] d..4.    24.548541: set_task_rq_fair <-set_task_cpu
       multitask-468     [001] d..4.    24.548541: ttwu_queue_wakelist <-try_to_wake_up
       multitask-468     [001] d..4.    24.548541: scx_allow_ttwu_queue <-ttwu_queue_wakelist
       multitask-468     [001] d..4.    24.548541: __smp_call_single_queue <-ttwu_queue_wakelist
       multitask-468     [001] d..4.    24.548542: call_function_single_prep_ipi <-__smp_call_single_queue
       multitask-468     [001] d..4.    24.548542: native_send_call_func_single_ipi <-ttwu_queue_wakelist
       multitask-468     [001] d..4.    24.548542: x2apic_send_IPI <-ttwu_queue_wakelist
       multitask-468     [001] d..4.    24.548543: _raw_spin_unlock_irqrestore <-try_to_wake_up
       multitask-468     [001] d..2.    24.548544: __wake_up_parent <-do_notify_parent
       multitask-468     [001] d..2.    24.548544: __wake_up_sync_key <-do_notify_parent
       multitask-468     [001] d..2.    24.548544: _raw_spin_lock_irqsave <-__wake_up_sync_key
       multitask-468     [001] d..3.    24.548544: __wake_up_common <-__wake_up_sync_key
       multitask-468     [001] d..3.    24.548544: child_wait_callback <-__wake_up_common
       multitask-468     [001] d..3.    24.548544: default_wake_function <-__wake_up_common
       multitask-468     [001] d..3.    24.548544: try_to_wake_up <-__wake_up_common
       multitask-468     [001] d..4.    24.548544: _raw_spin_lock_irqsave <-try_to_wake_up
       multitask-468     [001] d..5.    24.548545: _raw_spin_unlock_irqrestore <-try_to_wake_up
       multitask-468     [001] d..3.    24.548545: _raw_spin_unlock_irqrestore <-do_notify_parent
       multitask-468     [001] d..2.    24.548545: _raw_spin_unlock_irqrestore <-do_notify_parent
       multitask-468     [001] d..1.    24.548545: _raw_write_unlock_irq <-do_exit
       multitask-468     [001] .....    24.548545: proc_exit_connector <-do_exit
       multitask-468     [001] .....    24.548545: mpol_put_task_policy <-do_exit
       multitask-468     [001] .....    24.548545: _raw_spin_lock <-mpol_put_task_policy
       multitask-468     [001] ...1.    24.548546: _raw_spin_unlock <-mpol_put_task_policy
       multitask-468     [001] .....    24.548546: exit_task_stack_account <-do_exit
       multitask-468     [001] .....    24.548546: lruvec_stat_mod_folio <-exit_task_stack_account
       multitask-468     [001] .....    24.548546: __rcu_read_lock <-lruvec_stat_mod_folio
       multitask-468     [001] .....    24.548546: __rcu_read_unlock <-lruvec_stat_mod_folio
       multitask-468     [001] .....    24.548546: mod_node_page_state <-exit_task_stack_account
       multitask-468     [001] .....    24.548546: lruvec_stat_mod_folio <-exit_task_stack_account
       multitask-468     [001] .....    24.548546: __rcu_read_lock <-lruvec_stat_mod_folio
       multitask-468     [001] .....    24.548546: __rcu_read_unlock <-lruvec_stat_mod_folio
       multitask-468     [001] .....    24.548547: mod_node_page_state <-exit_task_stack_account
       multitask-468     [001] .....    24.548547: lruvec_stat_mod_folio <-exit_task_stack_account
       multitask-468     [001] .....    24.548547: __rcu_read_lock <-lruvec_stat_mod_folio
       multitask-468     [001] .....    24.548547: __rcu_read_unlock <-lruvec_stat_mod_folio
       multitask-468     [001] .....    24.548547: mod_node_page_state <-exit_task_stack_account
       multitask-468     [001] .....    24.548547: lruvec_stat_mod_folio <-exit_task_stack_account
       multitask-468     [001] .....    24.548547: __rcu_read_lock <-lruvec_stat_mod_folio
       multitask-468     [001] .....    24.548547: __rcu_read_unlock <-lruvec_stat_mod_folio
       multitask-468     [001] .....    24.548547: mod_node_page_state <-exit_task_stack_account
       multitask-468     [001] ...1.    24.548547: exit_rcu <-do_exit
       multitask-468     [001] ...1.    24.548548: exit_tasks_rcu_finish <-do_exit
       multitask-468     [001] ...1.    24.548548: _raw_spin_lock_irqsave <-exit_tasks_rcu_finish
       multitask-468     [001] d..2.    24.548548: _raw_spin_unlock_irqrestore <-do_exit
       multitask-468     [001] ...1.    24.548548: do_task_dead <-do_exit
       multitask-468     [001] ...1.    24.548548: _raw_spin_lock_irqsave <-do_task_dead
       multitask-468     [001] d..2.    24.548548: _raw_spin_unlock_irqrestore <-do_task_dead
       multitask-468     [001] d..1.    24.548548: rcu_note_context_switch <-__schedule
       multitask-468     [001] d..1.    24.548549: migrate_disable_switch.isra.0 <-__schedule
       multitask-468     [001] d..1.    24.548549: raw_spin_rq_lock_nested <-__schedule
       multitask-468     [001] d..2.    24.548549: _raw_spin_lock <-raw_spin_rq_lock_nested
       multitask-468     [001] d..2.    24.548549: update_rq_clock <-__schedule
       multitask-468     [001] d..2.    24.548549: kvm_steal_clock <-update_rq_clock
       multitask-468     [001] d..2.    24.548549: arch_scale_cpu_capacity <-update_rq_clock
       multitask-468     [001] d..2.    24.548549: dequeue_task_fair <-__schedule
       multitask-468     [001] d..2.    24.548549: dequeue_entities <-dequeue_task_fair
       multitask-468     [001] d..2.    24.548552: update_curr <-dequeue_entities
       multitask-468     [001] d..2.    24.548553: update_se <-update_curr
       multitask-468     [001] d..2.    24.548553: cpuacct_charge <-update_se
       multitask-468     [001] d..2.    24.548553: dl_server_update <-update_curr
       multitask-468     [001] d..2.    24.548553: update_curr_dl_se <-update_curr
       multitask-468     [001] d..2.    24.548553: __update_load_avg_se <-update_load_avg
       multitask-468     [001] d..2.    24.548553: __update_load_avg_cfs_rq <-update_cfs_rq_load_avg
       multitask-468     [001] d..2.    24.548553: avg_vruntime <-dequeue_entities
       multitask-468     [001] d..2.    24.548553: entity_lag.isra.0 <-dequeue_entities
       multitask-468     [001] d..2.    24.548554: update_cfs_group <-dequeue_entities
       multitask-468     [001] d..2.    24.548554: pick_next_task_fair <-__schedule
       multitask-468     [001] d..2.    24.548554: pick_task_fair <-pick_next_task_fair
       multitask-468     [001] d..2.    24.548554: __sched_balance_update_blocked_averages <-pick_next_task_fair
       multitask-468     [001] d..2.    24.548554: update_other_load_avgs <-__sched_balance_update_blocked_averages
       multitask-468     [001] d..2.    24.548554: update_rt_rq_load_avg <-update_other_load_avgs
       multitask-468     [001] d..2.    24.548554: update_dl_rq_load_avg <-update_other_load_avgs
       multitask-468     [001] d..2.    24.548554: update_irq_load_avg <-update_other_load_avgs
       multitask-468     [001] d..2.    24.548555: arch_scale_cpu_capacity <-update_irq_load_avg
       multitask-468     [001] d..2.    24.548555: __update_load_avg_cfs_rq <-update_cfs_rq_load_avg
       multitask-468     [001] d..2.    24.548555: _raw_spin_unlock <-pick_next_task_fair
       multitask-468     [001] d..1.    24.548555: __msecs_to_jiffies <-pick_next_task_fair
       multitask-468     [001] d..1.    24.548555: sched_balance_rq <-pick_next_task_fair
       multitask-468     [001] d..1.    24.548555: sched_balance_find_src_group <-sched_balance_rq
       multitask-468     [001] d..1.    24.548556: update_group_capacity <-update_sd_lb_stats.constprop.0
       multitask-468     [001] d..1.    24.548556: __msecs_to_jiffies <-update_group_capacity
       multitask-468     [001] d..1.    24.548556: arch_scale_cpu_capacity <-update_group_capacity
       multitask-468     [001] d..1.    24.548556: cpu_util <-update_sd_lb_stats.constprop.0
       multitask-468     [001] d..1.    24.548556: arch_scale_cpu_capacity <-cpu_util
       multitask-468     [001] d..1.    24.548556: idle_cpu <-update_sd_lb_stats.constprop.0
       multitask-468     [001] d..1.    24.548556: cpu_util <-update_sd_lb_stats.constprop.0
       multitask-468     [001] d..1.    24.548556: arch_scale_cpu_capacity <-cpu_util
       multitask-468     [001] d..1.    24.548557: arch_scale_cpu_capacity <-update_sd_lb_stats.constprop.0
       multitask-468     [001] d..1.    24.548557: sched_use_asym_prio.isra.0 <-update_sd_lb_stats.constprop.0
       multitask-468     [001] d..1.    24.548557: cpu_util <-update_sd_lb_stats.constprop.0
       multitask-468     [001] d..1.    24.548557: arch_scale_cpu_capacity <-cpu_util
       multitask-468     [001] d..1.    24.548557: arch_scale_cpu_capacity <-update_sd_lb_stats.constprop.0
       multitask-468     [001] d..1.    24.548557: sched_use_asym_prio.isra.0 <-update_sd_lb_stats.constprop.0
       multitask-468     [001] d..1.    24.548557: cpu_util <-update_sd_lb_stats.constprop.0
       multitask-468     [001] d..1.    24.548557: arch_scale_cpu_capacity <-cpu_util
       multitask-468     [001] d..1.    24.548558: idle_cpu <-update_sd_lb_stats.constprop.0
       multitask-468     [001] d..1.    24.548558: raw_spin_rq_lock_nested <-pick_next_task_fair
       multitask-468     [001] d..2.    24.548558: _raw_spin_lock <-raw_spin_rq_lock_nested
       multitask-468     [001] d..2.    24.548558: pick_task_idle <-__schedule
       multitask-468     [001] d..2.    24.548558: put_prev_task_fair <-__schedule
       multitask-468     [001] d..2.    24.548558: put_prev_entity <-put_prev_task_fair
       multitask-468     [001] d..2.    24.548559: set_next_task_idle <-__schedule
       multitask-468     [001] d..2.    24.548559: psi_account_irqtime <-__schedule
       multitask-468     [001] d..2.    24.548559: psi_task_switch <-__schedule
       multitask-468     [001] d..2.    24.548559: psi_flags_change <-psi_task_switch
       multitask-468     [001] d..2.    24.548559: psi_group_change <-psi_task_switch
       multitask-468     [001] d..2.    24.548559: record_times <-psi_group_change
       multitask-468     [001] d..2.    24.548560: save_fpregs_to_fpstate <-__switch_to
          <idle>-0       [001] d..2.    24.548560: finish_task_switch.isra.0 <-__schedule
          <idle>-0       [001] d..2.    24.548560: _raw_spin_unlock <-finish_task_switch.isra.0
          <idle>-0       [001] ...1.    24.548560: task_dead_fair <-finish_task_switch.isra.0
          <idle>-0       [001] ...1.    24.548560: remove_entity_load_avg <-finish_task_switch.isra.0
          <idle>-0       [001] ...1.    24.548560: __update_load_avg_blocked_se <-remove_entity_load_avg
          <idle>-0       [001] ...1.    24.548560: _raw_spin_lock_irqsave <-remove_entity_load_avg
          <idle>-0       [001] d..2.    24.548561: _raw_spin_unlock_irqrestore <-finish_task_switch.isra.0
          <idle>-0       [001] ...1.    24.548561: sched_ext_dead <-finish_task_switch.isra.0
          <idle>-0       [001] ...1.    24.548561: _raw_spin_lock_irqsave <-sched_ext_dead
          <idle>-0       [001] d..2.    24.548561: _raw_spin_unlock_irqrestore <-sched_ext_dead
          <idle>-0       [001] ...1.    24.548561: cgroup_task_dead <-finish_task_switch.isra.0
          <idle>-0       [001] ...1.    24.548561: _raw_spin_lock_irqsave <-cgroup_task_dead
          <idle>-0       [001] d..2.    24.548561: css_set_move_task <-cgroup_task_dead
          <idle>-0       [001] d..2.    24.548562: _raw_spin_unlock_irqrestore <-finish_task_switch.isra.0
          <idle>-0       [001] ...1.    24.548562: put_task_stack <-finish_task_switch.isra.0
          <idle>-0       [001] ...1.    24.548562: try_release_thread_stack_to_cache <-put_task_stack
          <idle>-0       [001] ...1.    24.548562: call_rcu <-put_task_stack
          <idle>-0       [001] ...1.    24.548562: __call_rcu_common <-put_task_stack
          <idle>-0       [001] d..1.    24.548562: rcu_async_should_hurry <-__call_rcu_common
          <idle>-0       [001] d..1.    24.548562: rcu_segcblist_enqueue <-__call_rcu_common
          <idle>-0       [001] ...1.    24.548562: put_task_struct_rcu_user <-__schedule
          <idle>-0       [001] ...1.    24.548563: do_idle <-cpu_startup_entry
          <idle>-0       [001] ...1.    24.548563: nohz_run_idle_balance <-do_idle
          <idle>-0       [001] ...1.    24.548563: tick_nohz_idle_enter <-do_idle
          <idle>-0       [001] d..1.    24.548563: ktime_get <-tick_nohz_idle_enter
          <idle>-0       [001] d..1.    24.548563: arch_cpu_idle_enter <-do_idle
          <idle>-0       [001] d..1.    24.548563: tsc_verify_tsc_adjust <-arch_cpu_idle_enter
          <idle>-0       [001] d..1.    24.548563: local_touch_nmi <-do_idle
          <idle>-0       [001] d..1.    24.548564: rcu_nocb_flush_deferred_wakeup <-do_idle
          <idle>-0       [001] d..1.    24.548564: cpuidle_get_cpu_driver <-do_idle
          <idle>-0       [001] d..1.    24.548564: cpuidle_not_available <-do_idle
          <idle>-0       [001] d..1.    24.548564: tick_nohz_tick_stopped <-do_idle
          <idle>-0       [001] d..1.    24.548564: tick_nohz_idle_retain_tick <-do_idle
CPU:2 [LOST 27840 EVENTS]
              sh-87      [002] d..1.    24.548595: _raw_spin_unlock_irq <-task_work_run
              sh-87      [002] .....    24.548595: ____fput <-task_work_run
              sh-87      [002] .....    24.548595: __fput <-task_work_run
              sh-87      [002] .....    24.548595: locks_remove_file <-__fput
              sh-87      [002] .....    24.548595: security_file_release <-__fput
              sh-87      [002] .....    24.548595: bpf_lsm_file_release <-security_file_release
              sh-87      [002] .....    24.548595: cdev_put <-__fput
              sh-87      [002] .....    24.548596: module_put <-__fput
              sh-87      [002] .....    24.548596: module_put <-__fput
              sh-87      [002] .....    24.548596: file_f_owner_release <-__fput
              sh-87      [002] .....    24.548596: dput <-__fput
              sh-87      [002] .....    24.548596: dput.part.0 <-__fput
              sh-87      [002] .....    24.548596: __rcu_read_lock <-dput.part.0
              sh-87      [002] .....    24.548596: __rcu_read_unlock <-__fput
              sh-87      [002] .....    24.548596: mntput <-__fput
              sh-87      [002] .....    24.548596: __rcu_read_lock <-mntput
              sh-87      [002] .....    24.548597: __rcu_read_unlock <-__fput
              sh-87      [002] .....    24.548597: security_file_free <-__fput
              sh-87      [002] .....    24.548597: hook_file_free_security <-security_file_free
              sh-87      [002] .....    24.548597: put_pid <-hook_file_free_security
              sh-87      [002] .....    24.548597: landlock_put_ruleset_deferred <-security_file_free
              sh-87      [002] .....    24.548597: bpf_lsm_file_free_security <-security_file_free
              sh-87      [002] .....    24.548597: kmem_cache_free <-__fput
              sh-87      [002] .....    24.548597: kmem_cache_free <-task_work_run
              sh-87      [002] .....    24.548598: blkcg_maybe_throttle_current <-exit_to_user_mode_loop
              sh-87      [002] .....    24.548598: __x64_sys_close <-do_syscall_64
              sh-87      [002] .....    24.548598: file_close_fd <-__x64_sys_close
              sh-87      [002] .....    24.548598: _raw_spin_lock <-file_close_fd
              sh-87      [002] ...1.    24.548598: file_close_fd_locked <-file_close_fd
              sh-87      [002] ...1.    24.548599: _raw_spin_unlock <-file_close_fd
              sh-87      [002] .....    24.548599: filp_flush <-__x64_sys_close
              sh-87      [002] .....    24.548599: dnotify_flush <-filp_flush
              sh-87      [002] .....    24.548599: locks_remove_posix <-filp_flush
              sh-87      [002] .....    24.548599: fput_close_sync <-__x64_sys_close
              sh-87      [002] .....    24.548600: lock_vma_under_rcu <-do_user_addr_fault
              sh-87      [002] .....    24.548600: __rcu_read_lock <-lock_vma_under_rcu
              sh-87      [002] .....    24.548600: __rcu_read_unlock <-lock_vma_under_rcu
              sh-87      [002] .....    24.548600: handle_mm_fault <-do_user_addr_fault
              sh-87      [002] .....    24.548600: __handle_mm_fault <-handle_mm_fault
              sh-87      [002] .....    24.548600: pte_offset_map_rw_nolock <-__handle_mm_fault
              sh-87      [002] .....    24.548601: __pte_offset_map <-pte_offset_map_rw_nolock
              sh-87      [002] .....    24.548601: __rcu_read_lock <-__pte_offset_map
              sh-87      [002] .....    24.548601: _raw_spin_lock <-__handle_mm_fault
              sh-87      [002] ...1.    24.548601: do_wp_page <-__handle_mm_fault
              sh-87      [002] ...1.    24.548601: vm_normal_page <-do_wp_page
              sh-87      [002] ...1.    24.548601: folio_move_anon_rmap <-do_wp_page
              sh-87      [002] ...1.    24.548601: folio_unlock <-do_wp_page
              sh-87      [002] ...1.    24.548601: folio_xchg_last_cpupid <-wp_page_reuse
              sh-87      [002] ...1.    24.548601: pte_mkwrite <-wp_page_reuse
              sh-87      [002] ...1.    24.548602: ptep_set_access_flags <-wp_page_reuse
              sh-87      [002] ...1.    24.548602: _raw_spin_unlock <-wp_page_reuse
              sh-87      [002] .....    24.548602: __rcu_read_unlock <-wp_page_reuse
              sh-87      [002] .....    24.548602: __rcu_read_lock <-handle_mm_fault
              sh-87      [002] .....    24.548602: mem_cgroup_from_task <-handle_mm_fault
              sh-87      [002] .....    24.548602: count_memcg_events <-handle_mm_fault
              sh-87      [002] ...1.    24.548602: __css_rstat_updated <-count_memcg_events
              sh-87      [002] .....    24.548602: __rcu_read_unlock <-handle_mm_fault
CPU:3 [LOST 18850 EVENTS]
             cat-467     [003] .....    24.548603: folio_mark_accessed <-shmem_get_folio_gfp
             cat-467     [003] .....    24.548603: shmem_write_end <-generic_perform_write
              sh-87      [002] .....    24.548603: lock_vma_under_rcu <-do_user_addr_fault
              sh-87      [002] .....    24.548603: __rcu_read_lock <-lock_vma_under_rcu
             cat-467     [003] .....    24.548603: folio_mark_dirty <-shmem_write_end
              sh-87      [002] .....    24.548603: __rcu_read_unlock <-lock_vma_under_rcu
             cat-467     [003] .....    24.548603: folio_mapping <-folio_mark_dirty
              sh-87      [002] .....    24.548603: handle_mm_fault <-do_user_addr_fault
             cat-467     [003] .....    24.548603: noop_dirty_folio <-shmem_write_end
              sh-87      [002] .....    24.548603: __handle_mm_fault <-handle_mm_fault
             cat-467     [003] .....    24.548604: folio_unlock <-shmem_write_end
              sh-87      [002] .....    24.548604: pte_offset_map_rw_nolock <-__handle_mm_fault
             cat-467     [003] .....    24.548604: balance_dirty_pages_ratelimited <-generic_perform_write
              sh-87      [002] .....    24.548604: __pte_offset_map <-pte_offset_map_rw_nolock
             cat-467     [003] .....    24.548604: balance_dirty_pages_ratelimited_flags <-generic_perform_write
              sh-87      [002] .....    24.548604: __rcu_read_lock <-__pte_offset_map
             cat-467     [003] .....    24.548604: inode_to_bdi <-balance_dirty_pages_ratelimited_flags
              sh-87      [002] .....    24.548604: _raw_spin_lock <-__handle_mm_fault
             cat-467     [003] .....    24.548604: shmem_write_begin <-generic_perform_write
              sh-87      [002] ...1.    24.548604: do_wp_page <-__handle_mm_fault
             cat-467     [003] .....    24.548604: shmem_get_folio_gfp <-shmem_write_begin
             cat-467     [003] .....    24.548604: filemap_get_entry <-shmem_get_folio_gfp
              sh-87      [002] ...1.    24.548604: vm_normal_page <-do_wp_page
             cat-467     [003] .....    24.548604: __rcu_read_lock <-filemap_get_entry
              sh-87      [002] ...1.    24.548604: folio_move_anon_rmap <-do_wp_page
             cat-467     [003] .....    24.548604: __rcu_read_unlock <-filemap_get_entry
              sh-87      [002] ...1.    24.548604: folio_unlock <-do_wp_page
             cat-467     [003] .....    24.548604: shmem_allowable_huge_orders <-shmem_get_folio_gfp
              sh-87      [002] ...1.    24.548604: folio_xchg_last_cpupid <-wp_page_reuse
              sh-87      [002] ...1.    24.548605: pte_mkwrite <-wp_page_reuse
             cat-467     [003] .....    24.548605: shmem_alloc_and_add_folio <-shmem_get_folio_gfp
              sh-87      [002] ...1.    24.548605: ptep_set_access_flags <-wp_page_reuse
             cat-467     [003] .....    24.548605: shmem_alloc_folio <-shmem_alloc_and_add_folio
              sh-87      [002] ...1.    24.548605: _raw_spin_unlock <-wp_page_reuse
             cat-467     [003] .....    24.548605: mpol_shared_policy_lookup <-shmem_alloc_folio
              sh-87      [002] .....    24.548605: __rcu_read_unlock <-wp_page_reuse
             cat-467     [003] .....    24.548605: get_task_policy <-shmem_alloc_folio
              sh-87      [002] .....    24.548605: __rcu_read_lock <-handle_mm_fault
              sh-87      [002] .....    24.548605: mem_cgroup_from_task <-handle_mm_fault
             cat-467     [003] .....    24.548605: folio_alloc_mpol_noprof <-shmem_alloc_folio
              sh-87      [002] .....    24.548605: count_memcg_events <-handle_mm_fault
             cat-467     [003] .....    24.548605: alloc_pages_mpol <-folio_alloc_mpol_noprof
              sh-87      [002] ...1.    24.548605: __css_rstat_updated <-count_memcg_events
             cat-467     [003] .....    24.548605: policy_nodemask <-alloc_pages_mpol
              sh-87      [002] .....    24.548605: __rcu_read_unlock <-handle_mm_fault
             cat-467     [003] .....    24.548606: __alloc_frozen_pages_noprof <-alloc_pages_mpol
             cat-467     [003] .....    24.548606: get_page_from_freelist <-__alloc_frozen_pages_noprof
             cat-467     [003] ...1.    24.548606: _raw_spin_trylock <-get_page_from_freelist
             cat-467     [003] ...2.    24.548606: _raw_spin_unlock <-get_page_from_freelist
              sh-87      [002] .....    24.548606: lock_vma_under_rcu <-do_user_addr_fault
             cat-467     [003] .....    24.548606: kernel_init_pages <-get_page_from_freelist
              sh-87      [002] .....    24.548606: __rcu_read_lock <-lock_vma_under_rcu
              sh-87      [002] .....    24.548606: __rcu_read_unlock <-lock_vma_under_rcu
             cat-467     [003] .....    24.548606: __mem_cgroup_charge <-shmem_alloc_and_add_folio
              sh-87      [002] .....    24.548606: handle_mm_fault <-do_user_addr_fault
             cat-467     [003] .....    24.548607: get_mem_cgroup_from_mm <-__mem_cgroup_charge
              sh-87      [002] .....    24.548607: __handle_mm_fault <-handle_mm_fault
             cat-467     [003] .....    24.548607: __rcu_read_lock <-get_mem_cgroup_from_mm
              sh-87      [002] .....    24.548607: pte_offset_map_rw_nolock <-__handle_mm_fault
             cat-467     [003] .....    24.548607: __rcu_read_unlock <-get_mem_cgroup_from_mm
              sh-87      [002] .....    24.548607: __pte_offset_map <-pte_offset_map_rw_nolock
             cat-467     [003] .....    24.548607: charge_memcg <-__mem_cgroup_charge
              sh-87      [002] .....    24.548607: __rcu_read_lock <-__pte_offset_map
             cat-467     [003] .....    24.548607: __rcu_read_lock <-charge_memcg
              sh-87      [002] .....    24.548607: _raw_spin_lock <-__handle_mm_fault
             cat-467     [003] .....    24.548607: __get_obj_cgroup_from_memcg <-charge_memcg
              sh-87      [002] ...1.    24.548607: do_wp_page <-__handle_mm_fault
             cat-467     [003] .....    24.548607: __rcu_read_unlock <-charge_memcg
              sh-87      [002] ...1.    24.548607: vm_normal_page <-do_wp_page
              sh-87      [002] ...1.    24.548607: folio_move_anon_rmap <-do_wp_page
             cat-467     [003] .....    24.548607: shmem_add_to_page_cache <-shmem_alloc_and_add_folio
              sh-87      [002] ...1.    24.548608: folio_unlock <-do_wp_page
             cat-467     [003] .....    24.548608: __folio_throttle_swaprate <-shmem_add_to_page_cache
              sh-87      [002] ...1.    24.548608: folio_xchg_last_cpupid <-wp_page_reuse
             cat-467     [003] .....    24.548608: _raw_spin_lock_irq <-shmem_add_to_page_cache
              sh-87      [002] ...1.    24.548608: pte_mkwrite <-wp_page_reuse
              sh-87      [002] ...1.    24.548608: ptep_set_access_flags <-wp_page_reuse
              sh-87      [002] ...1.    24.548608: _raw_spin_unlock <-wp_page_reuse
             cat-467     [003] d..1.    24.548608: shmem_update_stats <-shmem_add_to_page_cache
              sh-87      [002] .....    24.548608: __rcu_read_unlock <-wp_page_reuse
             cat-467     [003] d..1.    24.548608: lruvec_stat_mod_folio <-shmem_update_stats
             cat-467     [003] d..1.    24.548608: __rcu_read_lock <-lruvec_stat_mod_folio
              sh-87      [002] .....    24.548608: __rcu_read_lock <-handle_mm_fault
             cat-467     [003] d..1.    24.548608: mod_node_page_state <-lruvec_stat_mod_folio
              sh-87      [002] .....    24.548608: mem_cgroup_from_task <-handle_mm_fault
              sh-87      [002] .....    24.548608: count_memcg_events <-handle_mm_fault
             cat-467     [003] d..1.    24.548608: __mod_memcg_lruvec_state <-lruvec_stat_mod_folio
              sh-87      [002] ...1.    24.548609: __css_rstat_updated <-count_memcg_events
             cat-467     [003] d..2.    24.548609: memcg_state_val_in_pages <-__mod_memcg_lruvec_state
              sh-87      [002] .....    24.548609: __rcu_read_unlock <-handle_mm_fault
             cat-467     [003] d..2.    24.548609: __css_rstat_updated <-__mod_memcg_lruvec_state
             cat-467     [003] d..1.    24.548609: __rcu_read_unlock <-shmem_update_stats
             cat-467     [003] d..1.    24.548609: lruvec_stat_mod_folio <-shmem_add_to_page_cache
             cat-467     [003] d..1.    24.548609: __rcu_read_lock <-lruvec_stat_mod_folio
             cat-467     [003] d..1.    24.548609: mod_node_page_state <-lruvec_stat_mod_folio
             cat-467     [003] d..1.    24.548609: __mod_memcg_lruvec_state <-lruvec_stat_mod_folio
             cat-467     [003] d..2.    24.548609: memcg_state_val_in_pages <-__mod_memcg_lruvec_state
             cat-467     [003] d..2.    24.548609: __css_rstat_updated <-__mod_memcg_lruvec_state
             cat-467     [003] d..1.    24.548610: __rcu_read_unlock <-shmem_add_to_page_cache
             cat-467     [003] d..1.    24.548610: _raw_spin_unlock_irq <-shmem_add_to_page_cache
             cat-467     [003] .....    24.548610: shmem_inode_acct_blocks <-shmem_alloc_and_add_folio
             cat-467     [003] .....    24.548610: security_vm_enough_memory_mm <-shmem_inode_acct_blocks
             cat-467     [003] .....    24.548610: static_key_count <-security_vm_enough_memory_mm
             cat-467     [003] .....    24.548610: cap_vm_enough_memory <-security_vm_enough_memory_mm
             cat-467     [003] .....    24.548610: cap_capable <-security_vm_enough_memory_mm
             cat-467     [003] .....    24.548610: static_key_count <-security_vm_enough_memory_mm
             cat-467     [003] .....    24.548611: bpf_lsm_vm_enough_memory <-security_vm_enough_memory_mm
             cat-467     [003] .....    24.548611: static_key_count <-security_vm_enough_memory_mm
              sh-87      [002] .....    24.548611: lock_vma_under_rcu <-do_user_addr_fault
             cat-467     [003] .....    24.548611: static_key_count <-security_vm_enough_memory_mm
              sh-87      [002] .....    24.548611: __rcu_read_lock <-lock_vma_under_rcu
             cat-467     [003] .....    24.548611: static_key_count <-security_vm_enough_memory_mm
              sh-87      [002] .....    24.548611: __rcu_read_unlock <-lock_vma_under_rcu
             cat-467     [003] .....    24.548611: static_key_count <-security_vm_enough_memory_mm
             cat-467     [003] .....    24.548611: static_key_count <-security_vm_enough_memory_mm
              sh-87      [002] .....    24.548611: handle_mm_fault <-do_user_addr_fault
             cat-467     [003] .....    24.548611: static_key_count <-security_vm_enough_memory_mm
              sh-87      [002] .....    24.548611: __handle_mm_fault <-handle_mm_fault
             cat-467     [003] .....    24.548611: static_key_count <-security_vm_enough_memory_mm
             cat-467     [003] .....    24.548611: static_key_count <-security_vm_enough_memory_mm
              sh-87      [002] .....    24.548611: pte_offset_map_rw_nolock <-__handle_mm_fault
             cat-467     [003] .....    24.548611: static_key_count <-security_vm_enough_memory_mm
              sh-87      [002] .....    24.548611: __pte_offset_map <-pte_offset_map_rw_nolock
             cat-467     [003] .....    24.548612: static_key_count <-security_vm_enough_memory_mm
              sh-87      [002] .....    24.548612: __rcu_read_lock <-__pte_offset_map
             cat-467     [003] .....    24.548612: __vm_enough_memory <-shmem_inode_acct_blocks
              sh-87      [002] .....    24.548612: _raw_spin_lock <-__handle_mm_fault
              sh-87      [002] ...1.    24.548612: do_wp_page <-__handle_mm_fault
             cat-467     [003] .....    24.548612: __dquot_alloc_space <-shmem_inode_acct_blocks
              sh-87      [002] ...1.    24.548612: vm_normal_page <-do_wp_page
             cat-467     [003] .....    24.548612: inode_add_bytes <-__dquot_alloc_space
              sh-87      [002] ...1.    24.548612: folio_move_anon_rmap <-do_wp_page
             cat-467     [003] .....    24.548612: _raw_spin_lock <-inode_add_bytes
              sh-87      [002] ...1.    24.548612: folio_unlock <-do_wp_page
             cat-467     [003] ...1.    24.548612: _raw_spin_unlock <-__dquot_alloc_space
              sh-87      [002] ...1.    24.548612: folio_xchg_last_cpupid <-wp_page_reuse
             cat-467     [003] .....    24.548612: shmem_recalc_inode <-shmem_alloc_and_add_folio
              sh-87      [002] ...1.    24.548612: pte_mkwrite <-wp_page_reuse
             cat-467     [003] .....    24.548612: _raw_spin_lock <-shmem_recalc_inode
              sh-87      [002] ...1.    24.548613: ptep_set_access_flags <-wp_page_reuse
             cat-467     [003] ...1.    24.548613: _raw_spin_unlock <-shmem_recalc_inode
              sh-87      [002] ...1.    24.548613: _raw_spin_unlock <-wp_page_reuse
             cat-467     [003] .....    24.548613: folio_add_lru <-shmem_alloc_and_add_folio
              sh-87      [002] .....    24.548613: __rcu_read_unlock <-wp_page_reuse
             cat-467     [003] .....    24.548613: __folio_batch_add_and_move <-shmem_alloc_and_add_folio
              sh-87      [002] .....    24.548613: __rcu_read_lock <-handle_mm_fault
              sh-87      [002] .....    24.548613: mem_cgroup_from_task <-handle_mm_fault
             cat-467     [003] .....    24.548613: shmem_write_end <-generic_perform_write
              sh-87      [002] .....    24.548613: count_memcg_events <-handle_mm_fault
             cat-467     [003] .....    24.548613: folio_mark_dirty <-shmem_write_end
              sh-87      [002] ...1.    24.548613: __css_rstat_updated <-count_memcg_events
             cat-467     [003] .....    24.548613: folio_mapping <-folio_mark_dirty
              sh-87      [002] .....    24.548613: __rcu_read_unlock <-handle_mm_fault
             cat-467     [003] .....    24.548613: noop_dirty_folio <-shmem_write_end
             cat-467     [003] .....    24.548613: folio_unlock <-shmem_write_end
             cat-467     [003] .....    24.548614: balance_dirty_pages_ratelimited <-generic_perform_write
             cat-467     [003] .....    24.548614: balance_dirty_pages_ratelimited_flags <-generic_perform_write
             cat-467     [003] .....    24.548614: inode_to_bdi <-balance_dirty_pages_ratelimited_flags
             cat-467     [003] .....    24.548614: shmem_write_begin <-generic_perform_write
             cat-467     [003] .....    24.548614: shmem_get_folio_gfp <-shmem_write_begin
             cat-467     [003] .....    24.548614: filemap_get_entry <-shmem_get_folio_gfp
             cat-467     [003] .....    24.548614: __rcu_read_lock <-filemap_get_entry
              sh-87      [002] .....    24.548614: lock_vma_under_rcu <-do_user_addr_fault
             cat-467     [003] .....    24.548614: __rcu_read_unlock <-filemap_get_entry
              sh-87      [002] .....    24.548614: __rcu_read_lock <-lock_vma_under_rcu
             cat-467     [003] .....    24.548614: shmem_allowable_huge_orders <-shmem_get_folio_gfp
             cat-467     [003] .....    24.548615: shmem_alloc_and_add_folio <-shmem_get_folio_gfp
              sh-87      [002] .....    24.548615: __rcu_read_unlock <-lock_vma_under_rcu
             cat-467     [003] .....    24.548615: shmem_alloc_folio <-shmem_alloc_and_add_folio
              sh-87      [002] .....    24.548615: handle_mm_fault <-do_user_addr_fault
             cat-467     [003] .....    24.548615: mpol_shared_policy_lookup <-shmem_alloc_folio
              sh-87      [002] .....    24.548615: __handle_mm_fault <-handle_mm_fault
             cat-467     [003] .....    24.548615: get_task_policy <-shmem_alloc_folio
             cat-467     [003] .....    24.548615: folio_alloc_mpol_noprof <-shmem_alloc_folio
              sh-87      [002] .....    24.548615: pte_offset_map_rw_nolock <-__handle_mm_fault
             cat-467     [003] .....    24.548615: alloc_pages_mpol <-folio_alloc_mpol_noprof
              sh-87      [002] .....    24.548615: __pte_offset_map <-pte_offset_map_rw_nolock
             cat-467     [003] .....    24.548615: policy_nodemask <-alloc_pages_mpol
              sh-87      [002] .....    24.548615: __rcu_read_lock <-__pte_offset_map
             cat-467     [003] .....    24.548615: __alloc_frozen_pages_noprof <-alloc_pages_mpol
              sh-87      [002] .....    24.548615: _raw_spin_lock <-__handle_mm_fault
             cat-467     [003] .....    24.548615: get_page_from_freelist <-__alloc_frozen_pages_noprof
              sh-87      [002] ...1.    24.548615: do_wp_page <-__handle_mm_fault
             cat-467     [003] ...1.    24.548615: _raw_spin_trylock <-get_page_from_freelist
              sh-87      [002] ...1.    24.548616: vm_normal_page <-do_wp_page
             cat-467     [003] ...2.    24.548616: _raw_spin_unlock <-get_page_from_freelist
              sh-87      [002] ...1.    24.548616: folio_move_anon_rmap <-do_wp_page
             cat-467     [003] .....    24.548616: kernel_init_pages <-get_page_from_freelist
              sh-87      [002] ...1.    24.548616: folio_unlock <-do_wp_page
              sh-87      [002] ...1.    24.548616: folio_xchg_last_cpupid <-wp_page_reuse
             cat-467     [003] .....    24.548616: __mem_cgroup_charge <-shmem_alloc_and_add_folio
             cat-467     [003] .....    24.548616: get_mem_cgroup_from_mm <-__mem_cgroup_charge
              sh-87      [002] ...1.    24.548616: pte_mkwrite <-wp_page_reuse
             cat-467     [003] .....    24.548616: __rcu_read_lock <-get_mem_cgroup_from_mm
              sh-87      [002] ...1.    24.548616: ptep_set_access_flags <-wp_page_reuse
             cat-467     [003] .....    24.548616: __rcu_read_unlock <-get_mem_cgroup_from_mm
              sh-87      [002] ...1.    24.548616: _raw_spin_unlock <-wp_page_reuse
             cat-467     [003] .....    24.548616: charge_memcg <-__mem_cgroup_charge
              sh-87      [002] .....    24.548616: __rcu_read_unlock <-wp_page_reuse
             cat-467     [003] .....    24.548616: __rcu_read_lock <-charge_memcg
              sh-87      [002] .....    24.548616: __rcu_read_lock <-handle_mm_fault
             cat-467     [003] .....    24.548617: __get_obj_cgroup_from_memcg <-charge_memcg
             cat-467     [003] .....    24.548617: __rcu_read_unlock <-charge_memcg
              sh-87      [002] .....    24.548617: mem_cgroup_from_task <-handle_mm_fault
             cat-467     [003] .....    24.548617: shmem_add_to_page_cache <-shmem_alloc_and_add_folio
              sh-87      [002] .....    24.548617: count_memcg_events <-handle_mm_fault
             cat-467     [003] .....    24.548617: __folio_throttle_swaprate <-shmem_add_to_page_cache
              sh-87      [002] ...1.    24.548617: __css_rstat_updated <-count_memcg_events
             cat-467     [003] .....    24.548617: _raw_spin_lock_irq <-shmem_add_to_page_cache
              sh-87      [002] .....    24.548617: __rcu_read_unlock <-handle_mm_fault
             cat-467     [003] d..1.    24.548617: shmem_update_stats <-shmem_add_to_page_cache
             cat-467     [003] d..1.    24.548617: lruvec_stat_mod_folio <-shmem_update_stats
             cat-467     [003] d..1.    24.548617: __rcu_read_lock <-lruvec_stat_mod_folio
             cat-467     [003] d..1.    24.548617: mod_node_page_state <-lruvec_stat_mod_folio
             cat-467     [003] d..1.    24.548618: __mod_memcg_lruvec_state <-lruvec_stat_mod_folio
             cat-467     [003] d..2.    24.548618: memcg_state_val_in_pages <-__mod_memcg_lruvec_state
             cat-467     [003] d..2.    24.548618: __css_rstat_updated <-__mod_memcg_lruvec_state
             cat-467     [003] d..1.    24.548618: __rcu_read_unlock <-shmem_update_stats
             cat-467     [003] d..1.    24.548618: lruvec_stat_mod_folio <-shmem_add_to_page_cache
              sh-87      [002] .....    24.548618: lock_vma_under_rcu <-do_user_addr_fault
             cat-467     [003] d..1.    24.548618: __rcu_read_lock <-lruvec_stat_mod_folio
             cat-467     [003] d..1.    24.548618: mod_node_page_state <-lruvec_stat_mod_folio
              sh-87      [002] .....    24.548618: __rcu_read_lock <-lock_vma_under_rcu
             cat-467     [003] d..1.    24.548618: __mod_memcg_lruvec_state <-lruvec_stat_mod_folio
              sh-87      [002] .....    24.548618: __rcu_read_unlock <-lock_vma_under_rcu
             cat-467     [003] d..2.    24.548618: memcg_state_val_in_pages <-__mod_memcg_lruvec_state
             cat-467     [003] d..2.    24.548618: __css_rstat_updated <-__mod_memcg_lruvec_state
              sh-87      [002] .....    24.548618: handle_mm_fault <-do_user_addr_fault
             cat-467     [003] d..1.    24.548619: __rcu_read_unlock <-shmem_add_to_page_cache
              sh-87      [002] .....    24.548619: __handle_mm_fault <-handle_mm_fault
             cat-467     [003] d..1.    24.548619: _raw_spin_unlock_irq <-shmem_add_to_page_cache
              sh-87      [002] .....    24.548619: pte_offset_map_rw_nolock <-__handle_mm_fault
             cat-467     [003] .....    24.548619: shmem_inode_acct_blocks <-shmem_alloc_and_add_folio
              sh-87      [002] .....    24.548619: __pte_offset_map <-pte_offset_map_rw_nolock
             cat-467     [003] .....    24.548619: security_vm_enough_memory_mm <-shmem_inode_acct_blocks
              sh-87      [002] .....    24.548619: __rcu_read_lock <-__pte_offset_map
             cat-467     [003] .....    24.548619: static_key_count <-security_vm_enough_memory_mm
              sh-87      [002] .....    24.548619: _raw_spin_lock <-__handle_mm_fault
             cat-467     [003] .....    24.548619: cap_vm_enough_memory <-security_vm_enough_memory_mm
             cat-467     [003] .....    24.548619: cap_capable <-security_vm_enough_memory_mm
              sh-87      [002] ...1.    24.548619: do_wp_page <-__handle_mm_fault
             cat-467     [003] .....    24.548619: static_key_count <-security_vm_enough_memory_mm
              sh-87      [002] ...1.    24.548619: vm_normal_page <-do_wp_page
             cat-467     [003] .....    24.548619: bpf_lsm_vm_enough_memory <-security_vm_enough_memory_mm
              sh-87      [002] ...1.    24.548619: folio_move_anon_rmap <-do_wp_page
             cat-467     [003] .....    24.548619: static_key_count <-security_vm_enough_memory_mm
              sh-87      [002] ...1.    24.548620: folio_unlock <-do_wp_page
             cat-467     [003] .....    24.548620: static_key_count <-security_vm_enough_memory_mm
              sh-87      [002] ...1.    24.548620: folio_xchg_last_cpupid <-wp_page_reuse
             cat-467     [003] .....    24.548620: static_key_count <-security_vm_enough_memory_mm
             cat-467     [003] .....    24.548620: static_key_count <-security_vm_enough_memory_mm
              sh-87      [002] ...1.    24.548620: pte_mkwrite <-wp_page_reuse
              sh-87      [002] ...1.    24.548620: ptep_set_access_flags <-wp_page_reuse
             cat-467     [003] .....    24.548620: static_key_count <-security_vm_enough_memory_mm
              sh-87      [002] ...1.    24.548620: _raw_spin_unlock <-wp_page_reuse
             cat-467     [003] .....    24.548620: static_key_count <-security_vm_enough_memory_mm
              sh-87      [002] .....    24.548620: __rcu_read_unlock <-wp_page_reuse
             cat-467     [003] .....    24.548620: static_key_count <-security_vm_enough_memory_mm
              sh-87      [002] .....    24.548620: __rcu_read_lock <-handle_mm_fault
             cat-467     [003] .....    24.548620: static_key_count <-security_vm_enough_memory_mm
              sh-87      [002] .....    24.548620: mem_cgroup_from_task <-handle_mm_fault
             cat-467     [003] .....    24.548620: static_key_count <-security_vm_enough_memory_mm
             cat-467     [003] .....    24.548620: static_key_count <-security_vm_enough_memory_mm
              sh-87      [002] .....    24.548620: count_memcg_events <-handle_mm_fault
             cat-467     [003] .....    24.548621: __vm_enough_memory <-shmem_inode_acct_blocks
              sh-87      [002] ...1.    24.548621: __css_rstat_updated <-count_memcg_events
              sh-87      [002] .....    24.548621: __rcu_read_unlock <-handle_mm_fault
             cat-467     [003] .....    24.548621: __dquot_alloc_space <-shmem_inode_acct_blocks
             cat-467     [003] .....    24.548621: inode_add_bytes <-__dquot_alloc_space
             cat-467     [003] .....    24.548621: _raw_spin_lock <-inode_add_bytes
             cat-467     [003] ...1.    24.548621: _raw_spin_unlock <-__dquot_alloc_space
             cat-467     [003] .....    24.548621: shmem_recalc_inode <-shmem_alloc_and_add_folio
             cat-467     [003] .....    24.548621: _raw_spin_lock <-shmem_recalc_inode
             cat-467     [003] ...1.    24.548621: _raw_spin_unlock <-shmem_recalc_inode
             cat-467     [003] .....    24.548621: folio_add_lru <-shmem_alloc_and_add_folio
             cat-467     [003] .....    24.548621: __folio_batch_add_and_move <-shmem_alloc_and_add_folio
             cat-467     [003] .....    24.548622: shmem_write_end <-generic_perform_write
             cat-467     [003] .....    24.548622: folio_mark_dirty <-shmem_write_end
             cat-467     [003] .....    24.548622: folio_mapping <-folio_mark_dirty
             cat-467     [003] .....    24.548622: noop_dirty_folio <-shmem_write_end
             cat-467     [003] .....    24.548622: folio_unlock <-shmem_write_end
             cat-467     [003] .....    24.548622: up_write <-shmem_file_write_iter
              sh-87      [002] .....    24.548623: __x64_sys_open <-do_syscall_64
             cat-467     [003] .....    24.548623: __x64_sys_read <-do_syscall_64
              sh-87      [002] .....    24.548623: do_sys_openat2 <-__x64_sys_open
             cat-467     [003] .....    24.548623: ksys_read <-do_syscall_64
              sh-87      [002] .....    24.548623: getname_flags <-do_sys_openat2
             cat-467     [003] .....    24.548623: fdget_pos <-ksys_read
              sh-87      [002] .....    24.548623: do_getname <-do_sys_openat2
             cat-467     [003] .....    24.548623: vfs_read <-ksys_read
              sh-87      [002] .....    24.548623: kmem_cache_alloc_noprof <-do_getname
             cat-467     [003] .....    24.548623: rw_verify_area <-vfs_read
             cat-467     [003] .....    24.548624: security_file_permission <-rw_verify_area
              sh-87      [002] .....    24.548624: __check_object_size <-strncpy_from_user
             cat-467     [003] .....    24.548624: bpf_lsm_file_permission <-security_file_permission
              sh-87      [002] .....    24.548624: check_stack_object <-__check_object_size
             cat-467     [003] .....    24.548624: mutex_lock <-tracing_read_pipe
              sh-87      [002] .....    24.548624: is_vmalloc_addr <-__check_object_size
              sh-87      [002] .....    24.548624: __virt_addr_valid <-__check_object_size
             cat-467     [003] d....    24.548624: _raw_spin_lock <-ring_buffer_empty_cpu.part.0.isra.0
              sh-87      [002] .....    24.548624: __check_heap_object <-__check_object_size
             cat-467     [003] d..1.    24.548624: _raw_spin_unlock <-ring_buffer_empty_cpu.part.0.isra.0
              sh-87      [002] .....    24.548624: get_unused_fd_flags <-do_sys_openat2
             cat-467     [003] d....    24.548624: _raw_spin_lock <-ring_buffer_empty_cpu.part.0.isra.0
              sh-87      [002] .....    24.548624: alloc_fd <-do_sys_openat2
             cat-467     [003] d..1.    24.548624: _raw_spin_unlock <-ring_buffer_empty_cpu.part.0.isra.0
              sh-87      [002] .....    24.548624: _raw_spin_lock <-alloc_fd
              sh-87      [002] ...1.    24.548625: _raw_spin_unlock <-alloc_fd
             cat-467     [003] .....    24.548625: down_read <-tracing_read_pipe
              sh-87      [002] .....    24.548625: do_file_open <-do_sys_openat2
             cat-467     [003] .....    24.548625: down_write <-tracing_read_pipe
              sh-87      [002] .....    24.548625: path_openat <-do_file_open
             cat-467     [003] d....    24.548625: _raw_spin_lock <-ring_buffer_empty_cpu.part.0.isra.0
             cat-467     [003] d..1.    24.548625: _raw_spin_unlock <-ring_buffer_empty_cpu.part.0.isra.0
              sh-87      [002] .....    24.548625: alloc_empty_file <-path_openat
              sh-87      [002] .....    24.548625: kmem_cache_alloc_noprof <-alloc_empty_file
             cat-467     [003] d....    24.548625: _raw_spin_lock <-ring_buffer_peek
             cat-467     [003] d..1.    24.548625: _raw_spin_unlock <-ring_buffer_peek
              sh-87      [002] .....    24.548625: init_file <-alloc_empty_file
              sh-87      [002] .....    24.548625: security_file_alloc <-init_file
             cat-467     [003] d....    24.548625: _raw_spin_lock <-ring_buffer_empty_cpu.part.0.isra.0
              sh-87      [002] .....    24.548625: kmem_cache_alloc_noprof <-security_file_alloc
             cat-467     [003] d..1.    24.548625: _raw_spin_unlock <-ring_buffer_empty_cpu.part.0.isra.0
             cat-467     [003] d....    24.548626: _raw_spin_lock <-ring_buffer_peek
              sh-87      [002] .....    24.548626: hook_file_alloc_security <-security_file_alloc
             cat-467     [003] d..1.    24.548626: _raw_spin_unlock <-ring_buffer_peek
              sh-87      [002] .....    24.548626: bpf_lsm_file_alloc_security <-security_file_alloc
             cat-467     [003] d....    24.548626: _raw_spin_lock <-ring_buffer_empty_cpu.part.0.isra.0
              sh-87      [002] .....    24.548626: mutex_init_generic <-init_file
             cat-467     [003] d..1.    24.548626: _raw_spin_unlock <-ring_buffer_empty_cpu.part.0.isra.0
             cat-467     [003] d....    24.548626: _raw_spin_lock <-ring_buffer_peek
              sh-87      [002] .....    24.548626: path_init <-path_openat
              sh-87      [002] .....    24.548626: __rcu_read_lock <-path_init
             cat-467     [003] d..1.    24.548626: _raw_spin_unlock <-ring_buffer_peek
             cat-467     [003] d....    24.548626: _raw_spin_lock <-ring_buffer_empty_cpu.part.0.isra.0
              sh-87      [002] .....    24.548626: link_path_walk <-path_openat
             cat-467     [003] d..1.    24.548626: _raw_spin_unlock <-ring_buffer_empty_cpu.part.0.isra.0
              sh-87      [002] .....    24.548627: inode_permission <-link_path_walk
             cat-467     [003] d....    24.548627: _raw_spin_lock <-ring_buffer_peek
              sh-87      [002] .....    24.548627: generic_permission <-inode_permission
             cat-467     [003] d..1.    24.548627: _raw_spin_unlock <-ring_buffer_peek
              sh-87      [002] .....    24.548627: make_vfsuid <-generic_permission
              sh-87      [002] .....    24.548627: security_inode_permission <-link_path_walk
              sh-87      [002] .....    24.548627: bpf_lsm_inode_permission <-security_inode_permission
              sh-87      [002] .....    24.548627: make_vfsuid <-link_path_walk
              sh-87      [002] .....    24.548627: lookup_fast <-path_openat
              sh-87      [002] .....    24.548627: __d_lookup_rcu <-lookup_fast
             cat-467     [003] .....    24.548628: kallsyms_lookup <-trace_seq_print_sym
             cat-467     [003] .....    24.548628: kallsyms_lookup_buildid <-kallsyms_lookup
              sh-87      [002] .....    24.548628: tracefs_d_revalidate <-lookup_fast
             cat-467     [003] .....    24.548628: get_symbol_pos <-kallsyms_lookup_buildid
              sh-87      [002] .....    24.548628: complete_walk <-path_openat
              sh-87      [002] .....    24.548628: try_to_unlazy <-complete_walk
             cat-467     [003] .....    24.548628: get_symbol_offset <-kallsyms_lookup_buildid
              sh-87      [002] .....    24.548628: __legitimize_path <-try_to_unlazy
              sh-87      [002] .....    24.548628: __legitimize_mnt <-__legitimize_path
             cat-467     [003] .....    24.548628: kallsyms_expand_symbol.constprop.0 <-kallsyms_lookup_buildid
              sh-87      [002] .....    24.548628: __rcu_read_unlock <-try_to_unlazy
             cat-467     [003] .....    24.548628: kallsyms_lookup <-trace_seq_print_sym
              sh-87      [002] .....    24.548628: mnt_want_write <-path_openat
             cat-467     [003] .....    24.548628: kallsyms_lookup_buildid <-kallsyms_lookup
             cat-467     [003] .....    24.548629: get_symbol_pos <-kallsyms_lookup_buildid
              sh-87      [002] .....    24.548629: mnt_get_write_access <-mnt_want_write
             cat-467     [003] .....    24.548629: get_symbol_offset <-kallsyms_lookup_buildid
              sh-87      [002] .....    24.548629: may_open <-path_openat
              sh-87      [002] .....    24.548629: inode_permission <-may_open
              sh-87      [002] .....    24.548629: make_vfsuid <-inode_permission
             cat-467     [003] .....    24.548629: kallsyms_expand_symbol.constprop.0 <-kallsyms_lookup_buildid
              sh-87      [002] .....    24.548629: make_vfsgid <-inode_permission
              sh-87      [002] .....    24.548629: tracefs_permission <-inode_permission
             cat-467     [003] d..1.    24.548629: _raw_spin_lock <-ring_buffer_consume
             cat-467     [003] d..2.    24.548629: _raw_spin_unlock <-ring_buffer_consume
              sh-87      [002] .....    24.548629: set_tracefs_inode_owner <-tracefs_permission
             cat-467     [003] d....    24.548630: _raw_spin_lock <-ring_buffer_empty_cpu.part.0.isra.0
              sh-87      [002] .....    24.548630: generic_permission <-inode_permission
             cat-467     [003] d..1.    24.548630: _raw_spin_unlock <-ring_buffer_empty_cpu.part.0.isra.0
              sh-87      [002] .....    24.548630: make_vfsuid <-generic_permission
             cat-467     [003] d....    24.548630: _raw_spin_lock <-ring_buffer_peek
              sh-87      [002] .....    24.548630: security_inode_permission <-may_open
              sh-87      [002] .....    24.548630: bpf_lsm_inode_permission <-security_inode_permission
             cat-467     [003] d..1.    24.548630: _raw_spin_unlock <-ring_buffer_peek
              sh-87      [002] .....    24.548630: vfs_open <-path_openat
             cat-467     [003] d....    24.548630: _raw_spin_lock <-ring_buffer_empty_cpu.part.0.isra.0
             cat-467     [003] d..1.    24.548630: _raw_spin_unlock <-ring_buffer_empty_cpu.part.0.isra.0
              sh-87      [002] .....    24.548630: do_dentry_open <-vfs_open
             cat-467     [003] d....    24.548630: _raw_spin_lock <-ring_buffer_peek
              sh-87      [002] .....    24.548630: path_get <-do_dentry_open
              sh-87      [002] .....    24.548630: mntget <-path_get
             cat-467     [003] d..1.    24.548630: _raw_spin_unlock <-ring_buffer_peek
             cat-467     [003] d....    24.548630: _raw_spin_lock <-ring_buffer_empty_cpu.part.0.isra.0
              sh-87      [002] .....    24.548631: mnt_get_write_access <-do_dentry_open
             cat-467     [003] d..1.    24.548631: _raw_spin_unlock <-ring_buffer_empty_cpu.part.0.isra.0
              sh-87      [002] .....    24.548631: try_module_get <-do_dentry_open
             cat-467     [003] d....    24.548631: _raw_spin_lock <-ring_buffer_peek
              sh-87      [002] .....    24.548631: security_file_open <-do_dentry_open
             cat-467     [003] d..1.    24.548631: _raw_spin_unlock <-ring_buffer_peek
              sh-87      [002] .....    24.548631: hook_file_open <-security_file_open
             cat-467     [003] d....    24.548631: _raw_spin_lock <-ring_buffer_empty_cpu.part.0.isra.0
              sh-87      [002] .....    24.548631: bpf_lsm_file_open <-security_file_open
             cat-467     [003] d..1.    24.548631: _raw_spin_unlock <-ring_buffer_empty_cpu.part.0.isra.0
             cat-467     [003] d....    24.548631: _raw_spin_lock <-ring_buffer_peek
              sh-87      [002] .....    24.548631: fsnotify_open_perm_and_set_mode <-do_dentry_open
             cat-467     [003] d..1.    24.548631: _raw_spin_unlock <-ring_buffer_peek
              sh-87      [002] .....    24.548631: security_locked_down <-tracing_open_generic_tr
              sh-87      [002] .....    24.548632: lockdown_is_locked_down <-security_locked_down
              sh-87      [002] .....    24.548632: bpf_lsm_locked_down <-security_locked_down
              sh-87      [002] .....    24.548632: mutex_lock <-trace_array_get
             cat-467     [003] .....    24.548632: kallsyms_lookup <-trace_seq_print_sym
              sh-87      [002] .....    24.548632: mutex_unlock <-trace_array_get
             cat-467     [003] .....    24.548632: kallsyms_lookup_buildid <-kallsyms_lookup
             cat-467     [003] .....    24.548632: get_symbol_pos <-kallsyms_lookup_buildid
              sh-87      [002] .....    24.548632: file_ra_state_init <-do_dentry_open
              sh-87      [002] .....    24.548632: inode_to_bdi <-file_ra_state_init
             cat-467     [003] .....    24.548632: get_symbol_offset <-kallsyms_lookup_buildid
              sh-87      [002] .....    24.548632: security_file_post_open <-path_openat
              sh-87      [002] .....    24.548633: bpf_lsm_file_post_open <-security_file_post_open
             cat-467     [003] .....    24.548633: kallsyms_expand_symbol.constprop.0 <-kallsyms_lookup_buildid
              sh-87      [002] .....    24.548633: security_file_truncate <-path_openat
              sh-87      [002] .....    24.548633: hook_file_truncate <-security_file_truncate
             cat-467     [003] .....    24.548633: kallsyms_lookup <-trace_seq_print_sym
              sh-87      [002] .....    24.548633: bpf_lsm_file_truncate <-security_file_truncate
             cat-467     [003] .....    24.548633: kallsyms_lookup_buildid <-kallsyms_lookup
              sh-87      [002] .....    24.548633: do_truncate <-path_openat
             cat-467     [003] .....    24.548633: get_symbol_pos <-kallsyms_lookup_buildid
              sh-87      [002] .....    24.548633: dentry_needs_remove_privs <-do_truncate
             cat-467     [003] .....    24.548633: get_symbol_offset <-kallsyms_lookup_buildid
              sh-87      [002] .....    24.548633: setattr_should_drop_suidgid <-dentry_needs_remove_privs
             cat-467     [003] .....    24.548633: kallsyms_expand_symbol.constprop.0 <-kallsyms_lookup_buildid
              sh-87      [002] .....    24.548633: security_inode_need_killpriv <-dentry_needs_remove_privs
              sh-87      [002] .....    24.548634: cap_inode_need_killpriv <-security_inode_need_killpriv
             cat-467     [003] d..1.    24.548634: _raw_spin_lock <-ring_buffer_consume
              sh-87      [002] .....    24.548634: __vfs_getxattr <-cap_inode_need_killpriv
             cat-467     [003] d..2.    24.548634: _raw_spin_unlock <-ring_buffer_consume
              sh-87      [002] .....    24.548634: xattr_resolve_name <-__vfs_getxattr
             cat-467     [003] d....    24.548634: _raw_spin_lock <-ring_buffer_empty_cpu.part.0.isra.0
              sh-87      [002] .....    24.548634: is_bad_inode <-xattr_resolve_name
             cat-467     [003] d..1.    24.548634: _raw_spin_unlock <-ring_buffer_empty_cpu.part.0.isra.0
              sh-87      [002] .....    24.548634: bpf_lsm_inode_need_killpriv <-security_inode_need_killpriv
             cat-467     [003] d....    24.548634: _raw_spin_lock <-ring_buffer_peek
              sh-87      [002] .....    24.548634: down_write_killable <-do_truncate
             cat-467     [003] d..1.    24.548634: _raw_spin_unlock <-ring_buffer_peek
              sh-87      [002] .....    24.548634: notify_change <-do_truncate
             cat-467     [003] d....    24.548634: _raw_spin_lock <-ring_buffer_empty_cpu.part.0.isra.0
              sh-87      [002] .....    24.548635: may_setattr <-notify_change
             cat-467     [003] d..1.    24.548635: _raw_spin_unlock <-ring_buffer_empty_cpu.part.0.isra.0
             cat-467     [003] d....    24.548635: _raw_spin_lock <-ring_buffer_peek
              sh-87      [002] .....    24.548635: current_time <-notify_change
              sh-87      [002] .....    24.548635: ktime_get_coarse_real_ts64_mg <-current_time
             cat-467     [003] d..1.    24.548635: _raw_spin_unlock <-ring_buffer_peek
              sh-87      [002] .....    24.548635: make_vfsuid <-notify_change
             cat-467     [003] d....    24.548635: _raw_spin_lock <-ring_buffer_empty_cpu.part.0.isra.0
             cat-467     [003] d..1.    24.548635: _raw_spin_unlock <-ring_buffer_empty_cpu.part.0.isra.0
              sh-87      [002] .....    24.548635: make_vfsgid <-notify_change
             cat-467     [003] d....    24.548635: _raw_spin_lock <-ring_buffer_peek
              sh-87      [002] .....    24.548635: security_inode_setattr <-notify_change
             cat-467     [003] d..1.    24.548635: _raw_spin_unlock <-ring_buffer_peek
              sh-87      [002] .....    24.548635: bpf_lsm_inode_setattr <-security_inode_setattr
             cat-467     [003] d....    24.548635: _raw_spin_lock <-ring_buffer_empty_cpu.part.0.isra.0
              sh-87      [002] .....    24.548635: tracefs_setattr <-notify_change
             cat-467     [003] d..1.    24.548636: _raw_spin_unlock <-ring_buffer_empty_cpu.part.0.isra.0
              sh-87      [002] .....    24.548636: simple_setattr <-notify_change
             cat-467     [003] d....    24.548636: _raw_spin_lock <-ring_buffer_peek
              sh-87      [002] .....    24.548636: setattr_prepare <-simple_setattr
             cat-467     [003] d..1.    24.548636: _raw_spin_unlock <-ring_buffer_peek
              sh-87      [002] .....    24.548636: inode_newsize_ok <-setattr_prepare
              sh-87      [002] .....    24.548636: truncate_setsize <-simple_setattr
              sh-87      [002] .....    24.548636: truncate_pagecache <-simple_setattr
              sh-87      [002] .....    24.548636: unmap_mapping_range <-truncate_pagecache
              sh-87      [002] .....    24.548636: unmap_mapping_pages <-truncate_pagecache
              sh-87      [002] .....    24.548636: down_read <-unmap_mapping_pages
             cat-467     [003] .....    24.548636: kallsyms_lookup <-trace_seq_print_sym
              sh-87      [002] .....    24.548637: up_read <-unmap_mapping_pages
             cat-467     [003] .....    24.548637: kallsyms_lookup_buildid <-kallsyms_lookup
             cat-467     [003] .....    24.548637: get_symbol_pos <-kallsyms_lookup_buildid
              sh-87      [002] .....    24.548637: truncate_inode_pages_range <-truncate_pagecache
             cat-467     [003] .....    24.548637: get_symbol_offset <-kallsyms_lookup_buildid
              sh-87      [002] .....    24.548637: unmap_mapping_range <-simple_setattr
              sh-87      [002] .....    24.548637: unmap_mapping_pages <-simple_setattr
              sh-87      [002] .....    24.548637: down_read <-unmap_mapping_pages
             cat-467     [003] .....    24.548637: kallsyms_expand_symbol.constprop.0 <-kallsyms_lookup_buildid
              sh-87      [002] .....    24.548637: up_read <-unmap_mapping_pages
              sh-87      [002] .....    24.548637: setattr_copy <-simple_setattr
             cat-467     [003] .....    24.548637: kallsyms_lookup <-trace_seq_print_sym
              sh-87      [002] .....    24.548637: inode_set_ctime_to_ts <-simple_setattr
             cat-467     [003] .....    24.548637: kallsyms_lookup_buildid <-kallsyms_lookup
              sh-87      [002] .....    24.548637: set_normalized_timespec64 <-inode_set_ctime_to_ts
             cat-467     [003] .....    24.548637: get_symbol_pos <-kallsyms_lookup_buildid
              sh-87      [002] .....    24.548638: __mark_inode_dirty <-simple_setattr
             cat-467     [003] .....    24.548638: get_symbol_offset <-kallsyms_lookup_buildid
              sh-87      [002] .....    24.548638: security_inode_post_setattr <-notify_change
             cat-467     [003] .....    24.548638: kallsyms_expand_symbol.constprop.0 <-kallsyms_lookup_buildid
              sh-87      [002] .....    24.548638: bpf_lsm_inode_post_setattr <-security_inode_post_setattr
             cat-467     [003] d..1.    24.548638: _raw_spin_lock <-ring_buffer_consume
              sh-87      [002] .....    24.548638: up_write <-do_truncate
             cat-467     [003] d..2.    24.548638: _raw_spin_unlock <-ring_buffer_consume
              sh-87      [002] .....    24.548638: mnt_drop_write <-path_openat
             cat-467     [003] d....    24.548638: _raw_spin_lock <-ring_buffer_empty_cpu.part.0.isra.0
              sh-87      [002] .....    24.548638: terminate_walk <-path_openat
             cat-467     [003] d..1.    24.548638: _raw_spin_unlock <-ring_buffer_empty_cpu.part.0.isra.0
              sh-87      [002] .....    24.548638: dput <-terminate_walk
             cat-467     [003] d....    24.548639: _raw_spin_lock <-ring_buffer_peek
             cat-467     [003] d..1.    24.548639: _raw_spin_unlock <-ring_buffer_peek
              sh-87      [002] .....    24.548639: dput.part.0 <-terminate_walk
              sh-87      [002] .....    24.548639: __rcu_read_lock <-dput.part.0
             cat-467     [003] d....    24.548639: _raw_spin_lock <-ring_buffer_empty_cpu.part.0.isra.0
              sh-87      [002] .....    24.548639: __rcu_read_unlock <-terminate_walk
             cat-467     [003] d..1.    24.548639: _raw_spin_unlock <-ring_buffer_empty_cpu.part.0.isra.0
              sh-87      [002] .....    24.548639: mntput <-terminate_walk
             cat-467     [003] d....    24.548639: _raw_spin_lock <-ring_buffer_peek
              sh-87      [002] .....    24.548639: __rcu_read_lock <-mntput
             cat-467     [003] d..1.    24.548639: _raw_spin_unlock <-ring_buffer_peek
              sh-87      [002] .....    24.548639: __rcu_read_unlock <-terminate_walk
             cat-467     [003] d....    24.548639: _raw_spin_lock <-ring_buffer_empty_cpu.part.0.isra.0
             cat-467     [003] d..1.    24.548639: _raw_spin_unlock <-ring_buffer_empty_cpu.part.0.isra.0
              sh-87      [002] .....    24.548639: fd_install <-do_sys_openat2
             cat-467     [003] d....    24.548639: _raw_spin_lock <-ring_buffer_peek
              sh-87      [002] .....    24.548640: putname <-do_sys_openat2
             cat-467     [003] d..1.    24.548640: _raw_spin_unlock <-ring_buffer_peek
              sh-87      [002] .....    24.548640: kmem_cache_free <-do_sys_openat2
             cat-467     [003] d....    24.548640: _raw_spin_lock <-ring_buffer_empty_cpu.part.0.isra.0
             cat-467     [003] d..1.    24.548640: _raw_spin_unlock <-ring_buffer_empty_cpu.part.0.isra.0
             cat-467     [003] d....    24.548640: _raw_spin_lock <-ring_buffer_peek
             cat-467     [003] d..1.    24.548640: _raw_spin_unlock <-ring_buffer_peek
              sh-87      [002] .....    24.548640: __x64_sys_fcntl <-do_syscall_64
              sh-87      [002] .....    24.548640: fdget_raw <-__x64_sys_fcntl
              sh-87      [002] .....    24.548641: security_file_fcntl <-__x64_sys_fcntl
              sh-87      [002] .....    24.548641: bpf_lsm_file_fcntl <-security_file_fcntl
             cat-467     [003] .....    24.548641: kallsyms_lookup <-trace_seq_print_sym
              sh-87      [002] .....    24.548641: do_fcntl <-__x64_sys_fcntl
             cat-467     [003] .....    24.548641: kallsyms_lookup_buildid <-kallsyms_lookup
              sh-87      [002] .....    24.548641: f_dupfd <-do_fcntl
             cat-467     [003] .....    24.548641: get_symbol_pos <-kallsyms_lookup_buildid
              sh-87      [002] .....    24.548641: alloc_fd <-f_dupfd
              sh-87      [002] .....    24.548641: _raw_spin_lock <-alloc_fd
             cat-467     [003] .....    24.548641: get_symbol_offset <-kallsyms_lookup_buildid
              sh-87      [002] ...1.    24.548641: _raw_spin_unlock <-alloc_fd
              sh-87      [002] .....    24.548641: fd_install <-f_dupfd
             cat-467     [003] .....    24.548641: kallsyms_expand_symbol.constprop.0 <-kallsyms_lookup_buildid
             cat-467     [003] .....    24.548642: kallsyms_lookup <-trace_seq_print_sym
              sh-87      [002] .....    24.548642: __x64_sys_fcntl <-do_syscall_64
             cat-467     [003] .....    24.548642: kallsyms_lookup_buildid <-kallsyms_lookup
              sh-87      [002] .....    24.548642: fdget_raw <-__x64_sys_fcntl
             cat-467     [003] .....    24.548642: get_symbol_pos <-kallsyms_lookup_buildid
              sh-87      [002] .....    24.548642: security_file_fcntl <-__x64_sys_fcntl
              sh-87      [002] .....    24.548642: bpf_lsm_file_fcntl <-security_file_fcntl
             cat-467     [003] .....    24.548642: get_symbol_offset <-kallsyms_lookup_buildid
              sh-87      [002] .....    24.548642: do_fcntl <-__x64_sys_fcntl
              sh-87      [002] .....    24.548642: set_close_on_exec <-do_fcntl
             cat-467     [003] .....    24.548642: kallsyms_expand_symbol.constprop.0 <-kallsyms_lookup_buildid
              sh-87      [002] .....    24.548642: _raw_spin_lock <-set_close_on_exec
              sh-87      [002] ...1.    24.548642: _raw_spin_unlock <-do_fcntl
             cat-467     [003] d..1.    24.548642: _raw_spin_lock <-ring_buffer_consume
             cat-467     [003] d..2.    24.548643: _raw_spin_unlock <-ring_buffer_consume
             cat-467     [003] d....    24.548643: _raw_spin_lock <-ring_buffer_empty_cpu.part.0.isra.0
             cat-467     [003] d..1.    24.548643: _raw_spin_unlock <-ring_buffer_empty_cpu.part.0.isra.0
             cat-467     [003] d....    24.548643: _raw_spin_lock <-ring_buffer_peek
              sh-87      [002] .....    24.548643: __x64_sys_dup2 <-do_syscall_64
              sh-87      [002] .....    24.548643: ksys_dup3 <-__x64_sys_dup2
             cat-467     [003] d..1.    24.548643: _raw_spin_unlock <-ring_buffer_peek
              sh-87      [002] .....    24.548643: _raw_spin_lock <-ksys_dup3
             cat-467     [003] d....    24.548643: _raw_spin_lock <-ring_buffer_empty_cpu.part.0.isra.0
              sh-87      [002] ...1.    24.548643: expand_files <-ksys_dup3
             cat-467     [003] d..1.    24.548643: _raw_spin_unlock <-ring_buffer_empty_cpu.part.0.isra.0
              sh-87      [002] ...1.    24.548643: do_dup2 <-__x64_sys_dup2
             cat-467     [003] d....    24.548643: _raw_spin_lock <-ring_buffer_peek
              sh-87      [002] ...1.    24.548644: _raw_spin_unlock <-do_dup2
             cat-467     [003] d..1.    24.548644: _raw_spin_unlock <-ring_buffer_peek
              sh-87      [002] .....    24.548644: filp_close <-do_dup2
             cat-467     [003] d....    24.548644: _raw_spin_lock <-ring_buffer_empty_cpu.part.0.isra.0
              sh-87      [002] .....    24.548644: filp_flush <-filp_close
             cat-467     [003] d..1.    24.548644: _raw_spin_unlock <-ring_buffer_empty_cpu.part.0.isra.0
              sh-87      [002] .....    24.548644: dnotify_flush <-filp_flush
             cat-467     [003] d....    24.548644: _raw_spin_lock <-ring_buffer_peek
              sh-87      [002] .....    24.548644: locks_remove_posix <-filp_flush
             cat-467     [003] d..1.    24.548644: _raw_spin_unlock <-ring_buffer_peek
              sh-87      [002] .....    24.548644: fput_close <-filp_close
             cat-467     [003] d....    24.548644: _raw_spin_lock <-ring_buffer_empty_cpu.part.0.isra.0
             cat-467     [003] d..1.    24.548644: _raw_spin_unlock <-ring_buffer_empty_cpu.part.0.isra.0
             cat-467     [003] d....    24.548644: _raw_spin_lock <-ring_buffer_peek
             cat-467     [003] d..1.    24.548645: _raw_spin_unlock <-ring_buffer_peek
              sh-87      [002] .....    24.548645: __x64_sys_close <-do_syscall_64
              sh-87      [002] .....    24.548645: file_close_fd <-__x64_sys_close
              sh-87      [002] .....    24.548645: _raw_spin_lock <-file_close_fd
              sh-87      [002] ...1.    24.548645: file_close_fd_locked <-file_close_fd
              sh-87      [002] ...1.    24.548645: _raw_spin_unlock <-file_close_fd
              sh-87      [002] .....    24.548645: filp_flush <-__x64_sys_close
             cat-467     [003] .....    24.548645: kallsyms_lookup <-trace_seq_print_sym
              sh-87      [002] .....    24.548645: dnotify_flush <-filp_flush
             cat-467     [003] .....    24.548645: kallsyms_lookup_buildid <-kallsyms_lookup
              sh-87      [002] .....    24.548645: locks_remove_posix <-filp_flush
             cat-467     [003] .....    24.548645: get_symbol_pos <-kallsyms_lookup_buildid
              sh-87      [002] .....    24.548646: fput_close_sync <-__x64_sys_close
             cat-467     [003] .....    24.548646: get_symbol_offset <-kallsyms_lookup_buildid
             cat-467     [003] .....    24.548646: kallsyms_expand_symbol.constprop.0 <-kallsyms_lookup_buildid
             cat-467     [003] .....    24.548646: kallsyms_lookup <-trace_seq_print_sym
              sh-87      [002] .....    24.548646: __x64_sys_write <-do_syscall_64
             cat-467     [003] .....    24.548646: kallsyms_lookup_buildid <-kallsyms_lookup
             cat-467     [003] .....    24.548646: get_symbol_pos <-kallsyms_lookup_buildid
              sh-87      [002] .....    24.548646: ksys_write <-do_syscall_64
             cat-467     [003] .....    24.548646: get_symbol_offset <-kallsyms_lookup_buildid
              sh-87      [002] .....    24.548646: fdget_pos <-ksys_write
              sh-87      [002] .....    24.548647: vfs_write <-ksys_write
             cat-467     [003] .....    24.548647: kallsyms_expand_symbol.constprop.0 <-kallsyms_lookup_buildid
              sh-87      [002] .....    24.548647: rw_verify_area <-vfs_write
              sh-87      [002] .....    24.548647: security_file_permission <-rw_verify_area
             cat-467     [003] d..1.    24.548647: _raw_spin_lock <-ring_buffer_consume
              sh-87      [002] .....    24.548647: bpf_lsm_file_permission <-security_file_permission
             cat-467     [003] d..2.    24.548647: _raw_spin_unlock <-ring_buffer_consume
             cat-467     [003] d....    24.548647: _raw_spin_lock <-ring_buffer_empty_cpu.part.0.isra.0
              sh-87      [002] .....    24.548647: __check_object_size <-kstrtoul_from_user
             cat-467     [003] d..1.    24.548647: _raw_spin_unlock <-ring_buffer_empty_cpu.part.0.isra.0
              sh-87      [002] .....    24.548647: check_stack_object <-__check_object_size
             cat-467     [003] d....    24.548647: _raw_spin_lock <-ring_buffer_peek
             cat-467     [003] d..1.    24.548648: _raw_spin_unlock <-ring_buffer_peek
             cat-467     [003] d....    24.548648: _raw_spin_lock <-ring_buffer_empty_cpu.part.0.isra.0
              sh-87      [002] .....    24.548648: mutex_lock <-rb_simple_write
             cat-467     [003] d..1.    24.548648: _raw_spin_unlock <-ring_buffer_empty_cpu.part.0.isra.0
