# tracer: function_graph
#
# CPU  DURATION                  FUNCTION CALLS
# |     |   |                     |   |   |   |
 0) + 27.572 us   |      } /* handle_softirqs */
 0)   0.169 us    |      sched_core_idle_cpu();
 0)               |      tick_nohz_irq_exit() {
 0)   0.241 us    |        ktime_get();
 0)   0.641 us    |      }
 0) + 34.084 us   |    } /* irq_exit_rcu */
 0)   0.171 us    |    tick_nohz_idle_got_tick();
 0)   0.160 us    |    arch_cpu_idle_exit();
 0)               |    arch_cpu_idle_enter() {
 0)   0.221 us    |      tsc_verify_tsc_adjust();
 0)   0.150 us    |      local_touch_nmi();
 0)   0.902 us    |    }
 0)   0.190 us    |    rcu_nocb_flush_deferred_wakeup();
 0)   0.161 us    |    cpuidle_get_cpu_driver();
 0)   0.161 us    |    cpuidle_not_available();
 0)               |    tick_nohz_idle_stop_tick() {
 0)   0.171 us    |      can_stop_idle_tick();
 0)               |      tick_nohz_next_event() {
 0)   0.171 us    |        rcu_needs_cpu();
 0)   0.511 us    |      }
 0)   1.232 us    |    }
 0)               |    irq_enter_rcu() {
 0)               |      tick_irq_enter() {
 0)   0.321 us    |        tick_check_oneshot_broadcast_this_cpu();
 0)   0.441 us    |        ktime_get();
 0)               |        tick_nohz_stop_idle() {
 0)   0.270 us    |          nr_iowait_cpu();
 0)   0.831 us    |        }
 0)   2.995 us    |      }
 0)   0.341 us    |      irqtime_account_irq();
 0)   4.839 us    |    }
 0)               |    __sysvec_apic_timer_interrupt() {
 0)               |      hrtimer_interrupt() {
 0)   0.250 us    |        _raw_spin_lock_irqsave();
 0)   0.330 us    |        ktime_get_update_offsets_now();
 0)               |        __hrtimer_run_queues() {
 0)   0.421 us    |          __remove_hrtimer();
 0)   0.270 us    |          _raw_spin_unlock_irqrestore();
 0)               |          tick_nohz_handler() {
 0)   0.280 us    |            ktime_get();
 0)               |            update_process_times() {
 0)               |              account_process_tick() {
 0)               |                irqtime_account_process_tick() {
 0)   0.240 us    |                  kvm_steal_clock();
 0)   0.851 us    |                }
 0)   1.332 us    |              }
 0)   0.230 us    |              hrtimer_run_queues();
 0)               |              tmigr_requires_handle_remote() {
 0)   0.241 us    |                get_jiffies_update();
 0)   0.842 us    |              }
 0)               |              rcu_sched_clock_irq() {
 0)   0.251 us    |                rcu_segcblist_ready_cbs();
 0)   0.942 us    |              }
 0)               |              sched_tick() {
 0)   0.251 us    |                arch_scale_freq_tick();
 0)               |                raw_spin_rq_lock_nested() {
 0)   0.250 us    |                  _raw_spin_lock();
 0)   0.781 us    |                }
 0)   0.261 us    |                psi_account_irqtime();
 0)               |                update_rq_clock() {
 0)   0.241 us    |                  kvm_steal_clock();
 0)               |                  update_irq_load_avg() {
 0)   0.241 us    |                    arch_scale_cpu_capacity();
 0)   0.822 us    |                  }
 0)   1.964 us    |                }
 0)               |                task_tick_idle() {
 0)               |                  update_curr_idle() {
 0)   0.211 us    |                    update_curr_dl_se();
 0)   0.601 us    |                  }
 0)   0.953 us    |                }
 0)   0.170 us    |                calc_global_load_tick();
 0)   0.161 us    |                scx_tick();
 0)   0.361 us    |                _raw_spin_unlock();
 0)               |                perf_event_task_tick() {
 0)   0.320 us    |                  perf_adjust_freq_unthr_context();
 0)   0.311 us    |                  __rcu_read_lock();
 0)   0.310 us    |                  __rcu_read_unlock();
 0)   2.424 us    |                }
 0)   0.320 us    |                idle_cpu();
 0)   0.321 us    |                sched_balance_trigger();
 0) + 11.852 us   |              }
 0)   0.421 us    |              run_posix_cpu_timers();
 0) + 17.854 us   |            }
 0)               |            profile_tick() {
 0)   0.311 us    |              profile_pc();
 0)   1.041 us    |            }
 0)   0.281 us    |            hrtimer_forward();
 0) + 20.919 us   |          }
 0)   0.161 us    |          _raw_spin_lock_irq();
 0)   0.281 us    |          enqueue_hrtimer();
 0) + 23.454 us   |        }
 0)   0.200 us    |        ktime_get_update_offsets_now();
 0)               |        hrtimer_update_next_event() {
 0)   0.161 us    |          hrtimer_bases_first();
 0)   0.521 us    |        }
 0)   0.171 us    |        _raw_spin_unlock_irqrestore();
 0) + 26.519 us   |      }
 0) + 27.051 us   |    }
 0)               |    irq_exit_rcu() {
 0)   0.201 us    |      irqtime_account_irq();
 0)   0.170 us    |      sched_core_idle_cpu();
 0)               |      tick_nohz_irq_exit() {
 0)   0.180 us    |        ktime_get();
 0)   0.550 us    |      }
 0)   1.643 us    |    }
 0)               |    __hrtimer_rearm_deferred() {
 0)   0.161 us    |      _raw_spin_lock();
 0)               |      tick_program_event() {
 0)               |        clockevents_program_event() {
 0)   0.160 us    |          ktime_expiry_to_cycles();
 0)   0.181 us    |          ktime_get();
 0)   1.672 us    |          lapic_next_deadline();
 0)   2.765 us    |        }
 0)   3.126 us    |      }
 0)   0.161 us    |      _raw_spin_unlock();
 0)   4.178 us    |    }
 0)   0.160 us    |    tick_nohz_idle_got_tick();
 0)   0.161 us    |    arch_cpu_idle_exit();
 0)               |    arch_cpu_idle_enter() {
 0)   0.210 us    |      tsc_verify_tsc_adjust();
 0)   0.160 us    |      local_touch_nmi();
 0)   0.912 us    |    }
 0)   0.180 us    |    rcu_nocb_flush_deferred_wakeup();
 0)   0.181 us    |    cpuidle_get_cpu_driver();
 0)   0.170 us    |    cpuidle_not_available();
 0)               |    tick_nohz_idle_stop_tick() {
 0)   0.160 us    |      can_stop_idle_tick();
 0)               |      tick_nohz_next_event() {
 0)   0.160 us    |        rcu_needs_cpu();
 0)   0.510 us    |      }
 0)   1.193 us    |    }
 0)               |    irq_enter_rcu() {
 0)               |      tick_irq_enter() {
 0)   0.181 us    |        tick_check_oneshot_broadcast_this_cpu();
 0)   0.201 us    |        ktime_get();
 0)               |        tick_nohz_stop_idle() {
 0)   0.160 us    |          nr_iowait_cpu();
 0)   0.491 us    |        }
 0)   1.683 us    |      }
 0)   0.180 us    |      irqtime_account_irq();
 0)   2.465 us    |    }
 0)               |    __sysvec_apic_timer_interrupt() {
 0)               |      hrtimer_interrupt() {
 0)   0.160 us    |        _raw_spin_lock_irqsave();
 0)   1.853 us    |        ktime_get_update_offsets_now();
 0)               |        __hrtimer_run_queues() {
 0)   0.390 us    |          __remove_hrtimer();
 0)   0.341 us    |          _raw_spin_unlock_irqrestore();
 0)               |          tick_nohz_handler() {
 0)   0.361 us    |            ktime_get();
 0)               |            update_process_times() {
 0)               |              account_process_tick() {
 0)               |                irqtime_account_process_tick() {
 0)   0.300 us    |                  kvm_steal_clock();
 0)   0.982 us    |                }
 0)   1.623 us    |              }
 0)   0.321 us    |              hrtimer_run_queues();
 0)   0.311 us    |              __raise_softirq_irqoff();
 0)               |              rcu_sched_clock_irq() {
 0)   0.160 us    |                rcu_segcblist_ready_cbs();
 0)   0.590 us    |              }
 0)               |              sched_tick() {
 0)   0.160 us    |                arch_scale_freq_tick();
 0)               |                raw_spin_rq_lock_nested() {
 0)   0.151 us    |                  _raw_spin_lock();
 0)   0.481 us    |                }
 0)   0.161 us    |                psi_account_irqtime();
 0)               |                update_rq_clock() {
 0)   0.150 us    |                  kvm_steal_clock();
 0)               |                  update_irq_load_avg() {
 0)   0.160 us    |                    arch_scale_cpu_capacity();
 0)   0.501 us    |                  }
 0)   1.193 us    |                }
 0)               |                task_tick_idle() {
 0)               |                  update_curr_idle() {
 0)   0.170 us    |                    update_curr_dl_se();
 0)   0.501 us    |                  }
 0)   0.831 us    |                }
 0)   0.171 us    |                calc_global_load_tick();
 0)   0.161 us    |                scx_tick();
 0)   0.160 us    |                _raw_spin_unlock();
 0)               |                perf_event_task_tick() {
 0)   0.160 us    |                  perf_adjust_freq_unthr_context();
 0)   0.160 us    |                  __rcu_read_lock();
 0)   0.150 us    |                  __rcu_read_unlock();
 0)   1.162 us    |                }
 0)   0.160 us    |                idle_cpu();
 0)   0.150 us    |                sched_balance_trigger();
 0)   6.882 us    |              }
 0)   0.161 us    |              run_posix_cpu_timers();
 0) + 11.811 us   |            }
 0)               |            profile_tick() {
 0)   0.150 us    |              profile_pc();
 0)   0.481 us    |            }
 0)   0.161 us    |            hrtimer_forward();
 0) + 14.006 us   |          }
 0)   0.160 us    |          _raw_spin_lock_irq();
 0)   0.210 us    |          enqueue_hrtimer();
 0) + 16.641 us   |        }
 0)   0.181 us    |        ktime_get_update_offsets_now();
 0)               |        hrtimer_update_next_event() {
 0)   0.161 us    |          hrtimer_bases_first();
 0)   0.490 us    |        }
 0)   0.161 us    |        _raw_spin_unlock_irqrestore();
 0) + 20.879 us   |      }
 0) + 21.231 us   |    }
 0)               |    irq_exit_rcu() {
 0)   0.191 us    |      irqtime_account_irq();
 0)               |      __hrtimer_rearm_deferred() {
 0)   0.160 us    |        _raw_spin_lock();
 0)               |        tick_program_event() {
 0)               |          clockevents_program_event() {
 0)   0.150 us    |            ktime_expiry_to_cycles();
 0)   0.181 us    |            ktime_get();
 0)   1.132 us    |            lapic_next_deadline();
 0)   2.164 us    |          }
 0)   2.495 us    |        }
 0)   0.170 us    |        _raw_spin_unlock();
 0)   3.497 us    |      }
 0)               |      handle_softirqs() {
 0)   0.191 us    |        irqtime_account_irq();
 0)               |        run_timer_softirq() {
 0)   0.160 us    |          _raw_spin_lock_irq();
 0)   0.391 us    |          timer_recalc_next_expiry();
 0)   0.170 us    |          _raw_spin_unlock_irq();
 0)               |          call_timer_fn() {
 0)               |            process_timeout() {
 0)               |              wake_up_process() {
 0)               |                try_to_wake_up() {
 0)   0.181 us    |                  _raw_spin_lock_irqsave();
 0)               |                  select_task_rq_rt() {
 0)   0.149 us    |                    __rcu_read_lock();
 0)   0.150 us    |                    __rcu_read_unlock();
 0)   0.831 us    |                  }
 0)   0.180 us    |                  kthread_is_per_cpu();
 0)               |                  ttwu_queue_wakelist() {
 0)   0.161 us    |                    scx_allow_ttwu_queue();
 0)   0.521 us    |                  }
 0)               |                  raw_spin_rq_lock_nested() {
 0)   0.160 us    |                    _raw_spin_lock();
 0)   0.481 us    |                  }
 0)               |                  update_rq_clock() {
 0)   0.151 us    |                    kvm_steal_clock();
 0)               |                    update_irq_load_avg() {
 0)   0.181 us    |                      arch_scale_cpu_capacity();
 0)   0.531 us    |                    }
 0)   1.222 us    |                  }
 0)               |                  ttwu_do_activate() {
 0)               |                    enqueue_task() {
 0)               |                      enqueue_task_rt() {
 0)   0.180 us    |                        dequeue_rt_stack();
 0)   0.211 us    |                        cpupri_set();
 0)   0.250 us    |                        enqueue_pushable_task();
 0)   1.452 us    |                      }
 0)               |                      psi_task_change() {
 0)   0.171 us    |                        psi_flags_change();
 0)               |                        psi_group_change() {
 0)   0.170 us    |                          record_times();
 0)   0.571 us    |                        }
 0)   1.463 us    |                      }
 0)   3.477 us    |                    }
 0)               |                    wakeup_preempt() {
 0)               |                      wakeup_preempt_idle() {
 0)               |                        resched_curr() {
 0)   0.170 us    |                          __resched_curr();
 0)   0.511 us    |                        }
 0)   0.881 us    |                      }
 0)   0.171 us    |                      __resched_curr();
 0)   1.593 us    |                    }
 0)   0.171 us    |                    task_woken_rt();
 0)   6.282 us    |                  }
 0)   0.161 us    |                  _raw_spin_unlock();
 0)   0.171 us    |                  _raw_spin_unlock_irqrestore();
 0) + 11.942 us   |                }
 0) + 12.292 us   |              }
 0) + 12.624 us   |            }
 0) + 12.964 us   |          }
 0)   0.149 us    |          _raw_spin_lock_irq();
 0)   0.170 us    |          _raw_spin_unlock_irq();
 0)   0.171 us    |          tmigr_handle_remote();
 0) + 15.749 us   |        }
 0)   0.201 us    |        irqtime_account_irq();
 0) + 16.892 us   |      }
 0)   0.170 us    |      sched_core_idle_cpu();
 0) + 21.720 us   |    }
 0)   0.161 us    |    tick_nohz_idle_got_tick();
 0)   0.150 us    |    arch_cpu_idle_exit();
 0)   0.171 us    |    tick_nohz_idle_exit();
 0)   0.180 us    |    flush_smp_call_function_queue();
 0)               |    schedule_idle() {
 0)   0.180 us    |      rcu_note_context_switch();
 0)   0.160 us    |      migrate_disable_switch.isra.0();
 0)               |      raw_spin_rq_lock_nested() {
 0)   0.150 us    |        _raw_spin_lock();
 0)   0.481 us    |      }
 0)   0.160 us    |      update_rq_clock();
 0)   0.170 us    |      pick_task_stop();
 0)   0.160 us    |      pick_task_dl();
 0)   0.160 us    |      pick_task_rt();
 0)               |      put_prev_task_idle() {
 0)   0.160 us    |        update_curr_idle();
 0)   0.160 us    |        update_rq_avg_idle();
 0)   0.842 us    |      }
 0)   0.180 us    |      update_rt_rq_load_avg();
 0)   0.160 us    |      psi_account_irqtime();
 0)               |      psi_task_switch() {
 0)   0.160 us    |        psi_flags_change();
 0)               |        psi_group_change() {
 0)   0.170 us    |          record_times();
 0)   0.530 us    |        }
 0)   1.282 us    |      }
 0)   0.310 us    |      __traceiter_sched_switch();
 ------------------------------------------
 0)    <idle>-0    =>   rcu_pre-16  
 ------------------------------------------

 0)               |        finish_task_switch.isra.0() {
 0)   0.160 us    |          _raw_spin_unlock();
 0)   0.501 us    |        }
 0) # 3997.538 us |      } /* schedule */
 0)               |      timer_delete_sync() {
 0)               |        lock_timer_base() {
 0)   0.151 us    |          _raw_spin_lock_irqsave();
 0)   0.501 us    |        }
 0)   0.160 us    |        detach_if_pending();
 0)   0.171 us    |        _raw_spin_unlock_irqrestore();
 0)   1.533 us    |      }
 0) # 4002.376 us |    } /* schedule_timeout */
 0)               |    prepare_to_swait_event() {
 0)   0.170 us    |      _raw_spin_lock_irqsave();
 0)   0.160 us    |      _raw_spin_unlock_irqrestore();
 0)   0.841 us    |    }
 0)               |    finish_swait() {
 0)   0.161 us    |      _raw_spin_lock_irqsave();
 0)   0.160 us    |      _raw_spin_unlock_irqrestore();
 0)   0.812 us    |    }
 0)               |    force_qs_rnp() {
 0)   0.160 us    |      _raw_spin_lock_irqsave();
 0)   0.200 us    |      rcu_watching_snap_recheck();
 0)   0.161 us    |      _raw_spin_unlock_irqrestore();
 0)   1.272 us    |    }
 0)               |    prepare_to_swait_event() {
 0)   0.150 us    |      _raw_spin_lock_irqsave();
 0)   0.160 us    |      _raw_spin_unlock_irqrestore();
 0)   0.832 us    |    }
 0)               |    schedule_timeout() {
 0)   0.160 us    |      timer_init_key();
 0)               |      add_timer() {
 0)               |        lock_timer_base() {
 0)   0.149 us    |          _raw_spin_lock_irqsave();
 0)   0.571 us    |        }
 0)   0.160 us    |        detach_if_pending();
 0)   0.150 us    |        calc_wheel_index();
 0)   0.190 us    |        enqueue_timer();
 0)   0.160 us    |        _raw_spin_unlock_irqrestore();
 0)   2.325 us    |      }
 0)               |      schedule() {
 0)   0.171 us    |        rcu_note_context_switch();
 0)   0.160 us    |        migrate_disable_switch.isra.0();
 0)               |        raw_spin_rq_lock_nested() {
 0)   0.160 us    |          _raw_spin_lock();
 0)   0.490 us    |        }
 0)               |        update_rq_clock() {
 0)   0.160 us    |          kvm_steal_clock();
 0)               |          update_irq_load_avg() {
 0)   0.149 us    |            arch_scale_cpu_capacity();
 0)   0.501 us    |          }
 0)   0.151 us    |          arch_scale_cpu_capacity();
 0)   1.543 us    |        }
 0)               |        dequeue_task_rt() {
 0)               |          update_curr_common() {
 0)               |            update_se() {
 0)   0.190 us    |              cpuacct_charge();
 0)   0.581 us    |            }
 0)   0.921 us    |          }
 0)               |          dequeue_rt_stack() {
 0)   0.170 us    |            cpupri_set();
 0)   0.511 us    |          }
 0)   2.013 us    |        }
 0)               |        balance_rt() {
 0)   0.160 us    |          pull_rt_task();
 0)   0.501 us    |        }
 0)   0.150 us    |        pick_task_stop();
 0)   0.161 us    |        pick_task_dl();
 0)   0.171 us    |        pick_task_rt();
 0)               |        pick_next_task_fair() {
 0)   0.160 us    |          pick_task_fair();
 0)   0.160 us    |          __msecs_to_jiffies();
 0)   0.911 us    |        }
 0)   0.160 us    |        pick_task_idle();
 0)               |        put_prev_task_rt() {
 0)               |          update_curr_common() {
 0)   0.161 us    |            update_se();
 0)   0.481 us    |          }
 0)   0.171 us    |          update_rt_rq_load_avg();
 0)   1.162 us    |        }
 0)   0.191 us    |        set_next_task_idle();
 0)   0.180 us    |        psi_account_irqtime();
 0)               |        psi_task_switch() {
 0)   0.160 us    |          psi_flags_change();
 0)               |          psi_group_change() {
 0)   0.160 us    |            record_times();
 0)   0.530 us    |          }
 0)   1.273 us    |        }
 0)   0.270 us    |        __traceiter_sched_switch();
 ------------------------------------------
 0)   rcu_pre-16   =>    <idle>-0   
 ------------------------------------------

 0)               |      finish_task_switch.isra.0() {
 0)   0.160 us    |        _raw_spin_unlock();
 0)   0.521 us    |      }
 0) + 31.299 us   |    } /* schedule_idle */
 0) # 2564.760 us |  } /* do_idle */
 0)               |  do_idle() {
 0)   0.151 us    |    nohz_run_idle_balance();
 0)               |    tick_nohz_idle_enter() {
 0)   0.191 us    |      ktime_get();
 0)   0.571 us    |    }
 0)               |    arch_cpu_idle_enter() {
 0)   0.170 us    |      tsc_verify_tsc_adjust();
 0)   0.151 us    |      local_touch_nmi();
 0)   0.832 us    |    }
 0)   0.160 us    |    rcu_nocb_flush_deferred_wakeup();
 0)   0.149 us    |    cpuidle_get_cpu_driver();
 0)   0.151 us    |    cpuidle_not_available();
 0)   0.151 us    |    tick_nohz_tick_stopped();
 0)   0.161 us    |    tick_nohz_idle_retain_tick();
 0)               |    irq_enter_rcu() {
 0)               |      tick_irq_enter() {
 0)   0.160 us    |        tick_check_oneshot_broadcast_this_cpu();
 0)   0.190 us    |        ktime_get();
 0)               |        tick_nohz_stop_idle() {
 0)   0.151 us    |          nr_iowait_cpu();
 0)   0.490 us    |        }
 0)   1.594 us    |      }
 0)   0.200 us    |      irqtime_account_irq();
 0)   2.355 us    |    }
 0)               |    __sysvec_call_function_single() {
 0)               |      generic_smp_call_function_single_interrupt() {
 0)               |        __flush_smp_call_function_queue() {
 0)   0.220 us    |          flush_tlb_func();
 0)   0.672 us    |        }
 0)   1.001 us    |      }
 0)   1.363 us    |    }
 0)               |    irq_exit_rcu() {
 0)   0.191 us    |      irqtime_account_irq();
 0)   0.190 us    |      sched_core_idle_cpu();
 0)               |      tick_nohz_irq_exit() {
 0)   0.180 us    |        ktime_get();
 0)   0.541 us    |      }
 0)   1.603 us    |    }
 0)   0.169 us    |    tick_nohz_idle_got_tick();
 0)   0.150 us    |    arch_cpu_idle_exit();
 0)               |    arch_cpu_idle_enter() {
 0)   0.170 us    |      tsc_verify_tsc_adjust();
 0)   0.151 us    |      local_touch_nmi();
 0)   0.822 us    |    }
 0)   0.160 us    |    rcu_nocb_flush_deferred_wakeup();
 0)   0.151 us    |    cpuidle_get_cpu_driver();
 0)   0.160 us    |    cpuidle_not_available();
 0)   0.149 us    |    tick_nohz_tick_stopped();
 0)   0.151 us    |    tick_nohz_idle_retain_tick();
 0)               |    irq_enter_rcu() {
 0)               |      tick_irq_enter() {
 0)   0.161 us    |        tick_check_oneshot_broadcast_this_cpu();
 0)   0.191 us    |        ktime_get();
 0)               |        tick_nohz_stop_idle() {
 0)   0.161 us    |          nr_iowait_cpu();
 0)   0.491 us    |        }
 0)   1.593 us    |      }
 0)   0.200 us    |      irqtime_account_irq();
 0)   2.354 us    |    }
 0)               |    __sysvec_apic_timer_interrupt() {
 0)               |      hrtimer_interrupt() {
 0)   0.160 us    |        _raw_spin_lock_irqsave();
 0)   0.191 us    |        ktime_get_update_offsets_now();
 0)               |        __hrtimer_run_queues() {
 0)   0.181 us    |          __remove_hrtimer();
 0)   0.171 us    |          _raw_spin_unlock_irqrestore();
 0)               |          tick_nohz_handler() {
 0)   1.954 us    |            ktime_get();
 0)               |            update_process_times() {
 0)               |              account_process_tick() {
 0)               |                irqtime_account_process_tick() {
 0)   0.151 us    |                  kvm_steal_clock();
 0)   0.491 us    |                }
 0)   0.812 us    |              }
 0)   0.151 us    |              hrtimer_run_queues();
 0)               |              tmigr_requires_handle_remote() {
 0)   0.160 us    |                get_jiffies_update();
 0)   0.511 us    |              }
 0)               |              rcu_sched_clock_irq() {
 0)   0.151 us    |                rcu_segcblist_ready_cbs();
 0)   0.510 us    |              }
 0)               |              sched_tick() {
 0)   0.160 us    |                arch_scale_freq_tick();
 0)               |                raw_spin_rq_lock_nested() {
 0)   0.161 us    |                  _raw_spin_lock();
 0)   0.481 us    |                }
 0)   0.160 us    |                psi_account_irqtime();
 0)               |                update_rq_clock() {
 0)   0.161 us    |                  kvm_steal_clock();
 0)               |                  update_irq_load_avg() {
 0)   0.150 us    |                    arch_scale_cpu_capacity();
 0)   0.491 us    |                  }
 0)   1.192 us    |                }
 0)               |                task_tick_idle() {
 0)               |                  update_curr_idle() {
 0)   0.161 us    |                    update_curr_dl_se();
 0)   0.501 us    |                  }
 0)   0.832 us    |                }
 0)   0.160 us    |                calc_global_load_tick();
 0)   0.160 us    |                scx_tick();
 0)   0.161 us    |                _raw_spin_unlock();
 0)               |                perf_event_task_tick() {
 0)   0.160 us    |                  perf_adjust_freq_unthr_context();
 0)   0.151 us    |                  __rcu_read_lock();
 0)   0.161 us    |                  __rcu_read_unlock();
 0)   1.142 us    |                }
 0)   0.161 us    |                idle_cpu();
 0)   0.161 us    |                sched_balance_trigger();
 0)   6.823 us    |              }
 0)   0.160 us    |              run_posix_cpu_timers();
 0) + 10.279 us   |            }
 0)               |            profile_tick() {
 0)   0.151 us    |              profile_pc();
 0)   0.481 us    |            }
 0)   0.151 us    |            hrtimer_forward();
 0) + 13.726 us   |          }
 0)   0.160 us    |          _raw_spin_lock_irq();
 0)   0.180 us    |          enqueue_hrtimer();
 0) + 15.469 us   |        }
 0)   0.190 us    |        ktime_get_update_offsets_now();
 0)               |        hrtimer_update_next_event() {
 0)   0.161 us    |          hrtimer_bases_first();
 0)   0.490 us    |        }
 0)   0.160 us    |        _raw_spin_unlock_irqrestore();
 0) + 17.853 us   |      }
 0) + 18.194 us   |    }
 0)               |    irq_exit_rcu() {
 0)   0.180 us    |      irqtime_account_irq();
 0)   0.160 us    |      sched_core_idle_cpu();
 0)               |      tick_nohz_irq_exit() {
 0)   0.180 us    |        ktime_get();
 0)   0.541 us    |      }
 0)   1.563 us    |    }
 0)               |    __hrtimer_rearm_deferred() {
 0)   0.151 us    |      _raw_spin_lock();
 0)               |      tick_program_event() {
 0)               |        clockevents_program_event() {
 0)   0.150 us    |          ktime_expiry_to_cycles();
 0)   0.180 us    |          ktime_get();
 0)   1.062 us    |          lapic_next_deadline();
 0)   2.104 us    |        }
 0)   2.425 us    |      }
 0)   0.170 us    |      _raw_spin_unlock();
 0)   3.427 us    |    }
 0)   0.160 us    |    tick_nohz_idle_got_tick();
 0)   0.280 us    |    arch_cpu_idle_exit();
 0)               |    arch_cpu_idle_enter() {
 0)   0.171 us    |      tsc_verify_tsc_adjust();
 0)   0.150 us    |      local_touch_nmi();
 0)   0.842 us    |    }
 0)   0.151 us    |    rcu_nocb_flush_deferred_wakeup();
 0)   0.160 us    |    cpuidle_get_cpu_driver();
 0)   0.160 us    |    cpuidle_not_available();
 0)               |    tick_nohz_idle_stop_tick() {
 0)   0.160 us    |      can_stop_idle_tick();
 0)               |      tick_nohz_next_event() {
 0)   0.160 us    |        rcu_needs_cpu();
 0)   0.501 us    |      }
 0)   1.182 us    |    }
 0)               |    irq_enter_rcu() {
 0)               |      tick_irq_enter() {
 0)   0.160 us    |        tick_check_oneshot_broadcast_this_cpu();
 0)   0.200 us    |        ktime_get();
 0)               |        tick_nohz_stop_idle() {
 0)   0.160 us    |          nr_iowait_cpu();
 0)   0.481 us    |        }
 0)   1.552 us    |      }
 0)   0.190 us    |      irqtime_account_irq();
 0)   2.304 us    |    }
 0)               |    __sysvec_call_function_single() {
 0)               |      generic_smp_call_function_single_interrupt() {
 0)               |        __flush_smp_call_function_queue() {
 0)               |          sched_ttwu_pending() {
 0)               |            raw_spin_rq_lock_nested() {
 0)   0.151 us    |              _raw_spin_lock();
 0)   0.481 us    |            }
 0)               |            update_rq_clock() {
 0)   0.151 us    |              kvm_steal_clock();
 0)               |              update_irq_load_avg() {
 0)   0.150 us    |                arch_scale_cpu_capacity();
 0)   0.491 us    |              }
 0)   1.202 us    |            }
 0)               |            ttwu_do_activate() {
 0)               |              enqueue_task() {
 0)               |                enqueue_task_rt() {
 0)   0.160 us    |                  dequeue_rt_stack();
 0)   0.171 us    |                  cpupri_set();
 0)   0.191 us    |                  enqueue_pushable_task();
 0)   1.223 us    |                }
 0)               |                psi_task_change() {
 0)   0.150 us    |                  psi_flags_change();
 0)               |                  psi_group_change() {
 0)   0.161 us    |                    record_times();
 0)   0.521 us    |                  }
 0)   1.233 us    |                }
 0)   2.986 us    |              }
 0)               |              wakeup_preempt() {
 0)               |                wakeup_preempt_idle() {
 0)               |                  resched_curr() {
 0)   0.181 us    |                    __resched_curr();
 0)   0.500 us    |                  }
 0)   0.821 us    |                }
 0)   0.149 us    |                __resched_curr();
 0)   1.483 us    |              }
 0)   0.160 us    |              task_woken_rt();
 0)   5.420 us    |            }
 0)   0.160 us    |            _raw_spin_unlock();
 0)   8.155 us    |          }
 0)   8.567 us    |        }
 0)   8.886 us    |      }
 0)   9.237 us    |    }
 0)               |    irq_exit_rcu() {
 0)   0.180 us    |      irqtime_account_irq();
 0)   0.161 us    |      sched_core_idle_cpu();
 0)   0.852 us    |    }
 0)   0.149 us    |    tick_nohz_idle_got_tick();
 0)   0.151 us    |    arch_cpu_idle_exit();
 0)   0.160 us    |    tick_nohz_idle_exit();
 0)   0.260 us    |    flush_smp_call_function_queue();
 0)               |    schedule_idle() {
 0)   0.169 us    |      rcu_note_context_switch();
 0)   0.161 us    |      migrate_disable_switch.isra.0();
 0)               |      raw_spin_rq_lock_nested() {
 0)   0.150 us    |        _raw_spin_lock();
 0)   0.481 us    |      }
 0)   0.170 us    |      update_rq_clock();
 0)   0.151 us    |      pick_task_stop();
 0)   0.160 us    |      pick_task_dl();
 0)   0.160 us    |      pick_task_rt();
 0)               |      put_prev_task_idle() {
 0)               |        update_curr_idle() {
 0)   0.170 us    |          update_curr_dl_se();
 0)   0.501 us    |        }
 0)   0.151 us    |        update_rq_avg_idle();
 0)   1.151 us    |      }
 0)   0.170 us    |      update_rt_rq_load_avg();
 0)   0.160 us    |      psi_account_irqtime();
 0)               |      psi_task_switch() {
 0)   0.151 us    |        psi_flags_change();
 0)               |        psi_group_change() {
 0)   0.171 us    |          record_times();
 0)   0.521 us    |        }
 0)   1.222 us    |      }
 0)   0.230 us    |      __traceiter_sched_switch();
 ------------------------------------------
 0)    <idle>-0    =>   rcu_pre-16  
 ------------------------------------------

 0)               |        finish_task_switch.isra.0() {
 0)   0.150 us    |          _raw_spin_unlock();
 0)   0.501 us    |        }
 0) # 1054.678 us |      } /* schedule */
 0)               |      timer_delete_sync() {
 0)               |        lock_timer_base() {
 0)   0.161 us    |          _raw_spin_lock_irqsave();
 0)   0.481 us    |        }
 0)   0.171 us    |        detach_if_pending();
 0)   0.171 us    |        _raw_spin_unlock_irqrestore();
 0)   1.483 us    |      }
 0) # 1059.578 us |    } /* schedule_timeout */
 0)               |    prepare_to_swait_event() {
 0)   0.171 us    |      _raw_spin_lock_irqsave();
 0)   0.160 us    |      _raw_spin_unlock_irqrestore();
 0)   0.832 us    |    }
 0)               |    finish_swait() {
 0)   0.160 us    |      _raw_spin_lock_irqsave();
 0)   0.160 us    |      _raw_spin_unlock_irqrestore();
 0)   0.811 us    |    }
 0) # 9055.283 us |  } /* rcu_gp_fqs_loop */
 0)               |  rcu_gp_cleanup() {
 0)   0.151 us    |    _raw_spin_lock_irq();
 0)   0.170 us    |    _raw_spin_unlock_irq();
 0)   0.160 us    |    _raw_spin_lock_irq();
 0)               |    __note_gp_changes() {
 0)   0.161 us    |      rcu_segcblist_pend_cbs();
 0)   0.171 us    |      rcu_segcblist_advance();
 0)               |      rcu_accelerate_cbs() {
 0)   0.169 us    |        rcu_segcblist_pend_cbs();
 0)   0.180 us    |        rcu_segcblist_accelerate();
 0)   0.171 us    |        rcu_start_this_gp();
 0)   1.282 us    |      }
 0)   2.354 us    |    }
 0)   0.160 us    |    _raw_spin_unlock_irq();
 0)               |    swake_up_all() {
 0)   0.160 us    |      _raw_spin_lock_irq();
 0)   0.160 us    |      _raw_spin_unlock_irq();
 0)   0.831 us    |    }
 0)   0.180 us    |    rcu_gp_slow();
 0)   0.151 us    |    _raw_spin_lock_irq();
 0)               |    rcu_accelerate_cbs() {
 0)   0.151 us    |      rcu_segcblist_pend_cbs();
 0)   0.180 us    |      rcu_segcblist_accelerate();
 0)   0.160 us    |      rcu_start_this_gp();
 0)   1.163 us    |    }
 0)   0.160 us    |    _raw_spin_unlock_irq();
 0)   7.595 us    |  }
 0)               |  rcu_gp_init() {
 0)   0.150 us    |    _raw_spin_lock_irq();
 0)   0.161 us    |    _raw_spin_unlock_irq();
 0)   0.160 us    |    _raw_spin_lock();
 0)   0.160 us    |    _raw_spin_unlock();
 0)   0.160 us    |    rcu_gp_slow();
 0)   0.151 us    |    rcu_gp_slow();
 0)   0.160 us    |    _raw_spin_lock_irqsave();
 0)               |    __note_gp_changes() {
 0)               |      rcu_accelerate_cbs() {
 0)   0.150 us    |        rcu_segcblist_pend_cbs();
 0)   0.161 us    |        rcu_segcblist_accelerate();
 0)   0.822 us    |      }
 0)   1.182 us    |    }
 0)   0.161 us    |    _raw_spin_unlock_irq();
 0)               |    rcu_report_qs_rdp() {
 0)   0.160 us    |      _raw_spin_lock_irqsave();
 0)               |      rcu_accelerate_cbs() {
 0)   0.150 us    |        rcu_segcblist_pend_cbs();
 0)   0.161 us    |        rcu_segcblist_accelerate();
 0)   0.802 us    |      }
 0)   0.151 us    |      rcu_disable_urgency_upon_qs();
 0)               |      rcu_report_qs_rnp() {
 0)   0.160 us    |        _raw_spin_unlock_irqrestore();
 0)   0.511 us    |      }
 0)   2.476 us    |    }
 0)   6.884 us    |  }
 0)               |  rcu_gp_fqs_loop() {
 0)               |    prepare_to_swait_event() {
 0)   0.160 us    |      _raw_spin_lock_irqsave();
 0)   0.160 us    |      _raw_spin_unlock_irqrestore();
 0)   0.812 us    |    }
 0)               |    schedule_timeout() {
 0)   0.160 us    |      timer_init_key();
 0)               |      add_timer() {
 0)               |        lock_timer_base() {
 0)   0.150 us    |          _raw_spin_lock_irqsave();
 0)   0.481 us    |        }
 0)   0.160 us    |        detach_if_pending();
 0)   0.150 us    |        calc_wheel_index();
 0)   0.150 us    |        enqueue_timer();
 0)   0.149 us    |        _raw_spin_unlock_irqrestore();
 0)   2.134 us    |      }
 0)               |      schedule() {
 0)   0.150 us    |        rcu_note_context_switch();
 0)   0.151 us    |        migrate_disable_switch.isra.0();
 0)               |        raw_spin_rq_lock_nested() {
 0)   0.150 us    |          _raw_spin_lock();
 0)   0.481 us    |        }
 0)               |        update_rq_clock() {
 0)   0.151 us    |          kvm_steal_clock();
 0)               |          update_irq_load_avg() {
 0)   0.149 us    |            arch_scale_cpu_capacity();
 0)   0.491 us    |          }
 0)   0.151 us    |          arch_scale_cpu_capacity();
 0)   1.503 us    |        }
 0)               |        dequeue_task_rt() {
 0)               |          update_curr_common() {
 0)               |            update_se() {
 0)   0.169 us    |              cpuacct_charge();
 0)   0.521 us    |            }
 0)   0.922 us    |          }
 0)               |          dequeue_rt_stack() {
 0)   0.160 us    |            cpupri_set();
 0)   0.501 us    |          }
 0)   1.934 us    |        }
 0)               |        balance_rt() {
 0)   0.151 us    |          pull_rt_task();
 0)   0.480 us    |        }
 0)   0.150 us    |        pick_task_stop();
 0)   0.161 us    |        pick_task_dl();
 0)   0.160 us    |        pick_task_rt();
 0)               |        pick_next_task_fair() {
 0)   0.160 us    |          pick_task_fair();
 0)   0.151 us    |          __msecs_to_jiffies();
 0)   0.832 us    |        }
 0)   0.160 us    |        pick_task_idle();
 0)               |        put_prev_task_rt() {
 0)               |          update_curr_common() {
 0)   0.160 us    |            update_se();
 0)   0.471 us    |          }
 0)   0.160 us    |          update_rt_rq_load_avg();
 0)   1.132 us    |        }
 0)   0.149 us    |        set_next_task_idle();
 0)   0.161 us    |        psi_account_irqtime();
 0)               |        psi_task_switch() {
 0)   0.150 us    |          psi_flags_change();
 0)               |          psi_group_change() {
 0)   0.160 us    |            record_times();
 0)   0.501 us    |          }
 0)   1.203 us    |        }
 0)   0.231 us    |        __traceiter_sched_switch();
 ------------------------------------------
 0)   rcu_pre-16   =>    <idle>-0   
 ------------------------------------------

 0)               |      finish_task_switch.isra.0() {
 0)   0.160 us    |        _raw_spin_unlock();
 0)   0.511 us    |      }
 0) + 43.381 us   |    } /* schedule_idle */
 0) # 1076.800 us |  } /* do_idle */
 0)               |  do_idle() {
 0)   0.151 us    |    nohz_run_idle_balance();
 0)               |    tick_nohz_idle_enter() {
 0)   0.180 us    |      ktime_get();
 0)   0.561 us    |    }
 0)               |    arch_cpu_idle_enter() {
 0)   0.170 us    |      tsc_verify_tsc_adjust();
 0)   0.149 us    |      local_touch_nmi();
 0)   0.822 us    |    }
 0)   0.150 us    |    rcu_nocb_flush_deferred_wakeup();
 0)   0.150 us    |    cpuidle_get_cpu_driver();
 0)   0.160 us    |    cpuidle_not_available();
 0)   0.151 us    |    tick_nohz_tick_stopped();
 0)   0.150 us    |    tick_nohz_idle_retain_tick();
 0)               |    irq_enter_rcu() {
 0)               |      tick_irq_enter() {
 0)   0.160 us    |        tick_check_oneshot_broadcast_this_cpu();
 0)   0.190 us    |        ktime_get();
 0)               |        tick_nohz_stop_idle() {
 0)   0.151 us    |          nr_iowait_cpu();
 0)   0.501 us    |        }
 0)   1.573 us    |      }
 0)   0.191 us    |      irqtime_account_irq();
 0)   2.345 us    |    }
 0)               |    __sysvec_apic_timer_interrupt() {
 0)               |      hrtimer_interrupt() {
 0)   0.160 us    |        _raw_spin_lock_irqsave();
 0)   0.190 us    |        ktime_get_update_offsets_now();
 0)               |        __hrtimer_run_queues() {
 0)   0.180 us    |          __remove_hrtimer();
 0)   0.170 us    |          _raw_spin_unlock_irqrestore();
 0)               |          tick_nohz_handler() {
 0)   2.495 us    |            ktime_get();
 0)               |            update_process_times() {
 0)               |              account_process_tick() {
 0)               |                irqtime_account_process_tick() {
 0)   0.160 us    |                  kvm_steal_clock();
 0)   0.501 us    |                }
 0)   0.831 us    |              }
 0)   0.151 us    |              hrtimer_run_queues();
 0)               |              tmigr_requires_handle_remote() {
 0)   0.171 us    |                get_jiffies_update();
 0)   0.501 us    |              }
 0)               |              rcu_sched_clock_irq() {
 0)   0.150 us    |                rcu_segcblist_ready_cbs();
 0)               |                invoke_rcu_core() {
 0)   0.171 us    |                  raise_softirq();
 0)   0.501 us    |                }
 0)   1.222 us    |              }
 0)               |              sched_tick() {
 0)   0.160 us    |                arch_scale_freq_tick();
 0)               |                raw_spin_rq_lock_nested() {
 0)   0.160 us    |                  _raw_spin_lock();
 0)   0.501 us    |                }
 0)   0.161 us    |                psi_account_irqtime();
 0)               |                update_rq_clock() {
 0)   0.180 us    |                  kvm_steal_clock();
 0)   0.571 us    |                }
 0)               |                task_tick_idle() {
 0)               |                  update_curr_idle() {
 0)   0.171 us    |                    update_curr_dl_se();
 0)   0.521 us    |                  }
 0)   0.851 us    |                }
 0)   0.161 us    |                calc_global_load_tick();
 0)   0.160 us    |                scx_tick();
 0)   0.160 us    |                _raw_spin_unlock();
 0)               |                perf_event_task_tick() {
 0)   0.161 us    |                  perf_adjust_freq_unthr_context();
 0)   0.160 us    |                  __rcu_read_lock();
 0)   0.160 us    |                  __rcu_read_unlock();
 0)   1.172 us    |                }
 0)   0.151 us    |                idle_cpu();
 0)   0.160 us    |                sched_balance_trigger();
 0)   6.362 us    |              }
 0)   0.160 us    |              run_posix_cpu_timers();
 0) + 10.460 us   |            }
 0)               |            profile_tick() {
 0)   0.160 us    |              profile_pc();
 0)   0.491 us    |            }
 0)   0.160 us    |            hrtimer_forward();
 0) + 14.477 us   |          }
 0)   0.160 us    |          _raw_spin_lock_irq();
 0)   0.181 us    |          enqueue_hrtimer();
 0) + 16.210 us   |        }
 0)   0.201 us    |        ktime_get_update_offsets_now();
 0)               |        hrtimer_update_next_event() {
 0)   0.150 us    |          hrtimer_bases_first();
 0)   0.501 us    |        }
 0)   0.160 us    |        _raw_spin_unlock_irqrestore();
 0) + 18.615 us   |      }
 0) + 18.966 us   |    }
 0)               |    irq_exit_rcu() {
 0)   0.181 us    |      irqtime_account_irq();
 0)               |      __hrtimer_rearm_deferred() {
 0)   0.161 us    |        _raw_spin_lock();
 0)               |        tick_program_event() {
 0)               |          clockevents_program_event() {
 0)   0.150 us    |            ktime_expiry_to_cycles();
 0)   0.191 us    |            ktime_get();
 0)   1.012 us    |            lapic_next_deadline();
 0)   2.064 us    |          }
 0)   2.385 us    |        }
 0)   0.171 us    |        _raw_spin_unlock();
 0)   3.456 us    |      }
 0)               |      handle_softirqs() {
 0)   0.191 us    |        irqtime_account_irq();
 0)               |        rcu_core_si() {
 0)               |          rcu_core() {
 0)   0.170 us    |            note_gp_changes();
 0)   0.160 us    |            rcu_segcblist_ready_cbs();
 0)               |            rcu_do_batch() {
 0)   0.160 us    |              rcu_segcblist_ready_cbs();
 0)   0.160 us    |              rcu_segcblist_get_seglen();
 0)   0.201 us    |              local_clock();
 0)   0.180 us    |              rcu_segcblist_extract_done_cbs();
 0)   0.161 us    |              rcu_nocb_unlock_irqrestore.part.0();
 0)   0.171 us    |              rcu_cblist_dequeue();
 0)               |              put_cred_rcu() {
 0)               |                security_cred_free() {
 0)   0.220 us    |                  hook_cred_free();
 0)   0.160 us    |                  bpf_lsm_cred_free();
 0)   0.321 us    |                  kfree();
 0)   1.482 us    |                }
 0)   0.160 us    |                key_put();
 0)   0.161 us    |                key_put();
 0)   0.150 us    |                key_put();
 0)   0.160 us    |                key_put();
 0)   0.201 us    |                free_uid();
 0)   0.170 us    |                put_ucounts();
 0)   0.220 us    |                kmem_cache_free();
 0)   4.379 us    |              }
 0)   0.161 us    |              rcu_cblist_dequeue();
 0)               |              put_cred_rcu() {
 0)               |                security_cred_free() {
 0)   0.150 us    |                  hook_cred_free();
 0)   0.160 us    |                  bpf_lsm_cred_free();
 0)   0.161 us    |                  kfree();
 0)   1.142 us    |                }
 0)   0.149 us    |                key_put();
 0)   0.150 us    |                key_put();
 0)   0.150 us    |                key_put();
 0)   0.161 us    |                key_put();
 0)   0.160 us    |                free_uid();
 0)   0.160 us    |                put_ucounts();
 0)   0.160 us    |                kmem_cache_free();
 0)   3.747 us    |              }
 0)   0.160 us    |              rcu_cblist_dequeue();
 0)               |              __put_task_struct_rcu_cb() {
 0)               |                __put_task_struct() {
 0)               |                  unwind_task_free() {
 0)   0.160 us    |                    kfree();
 0)               |                    task_work_cancel() {
 0)   0.151 us    |                      _raw_spin_lock_irqsave();
 0)   0.160 us    |                      _raw_spin_unlock_irqrestore();
 0)   0.851 us    |                    }
 0)   1.522 us    |                  }
 0)   0.201 us    |                  cgroup_task_free();
 0)   0.170 us    |                  task_numa_free();
 0)               |                  security_task_free() {
 0)               |                    yama_task_free() {
 0)               |                      yama_ptracer_del() {
 0)   0.151 us    |                        __rcu_read_lock();
 0)   0.150 us    |                        __rcu_read_unlock();
 0)   0.842 us    |                      }
 0)   1.171 us    |                    }
 0)   0.231 us    |                    bpf_lsm_task_free();
 0)   0.150 us    |                    kfree();
 0)   2.295 us    |                  }
 0)               |                  exit_creds() {
 0)               |                    __put_cred() {
 0)               |                      call_rcu() {
 0)               |                        __call_rcu_common() {
 0)   0.161 us    |                          rcu_async_should_hurry();
 0)   0.150 us    |                          rcu_segcblist_enqueue();
 0)   0.872 us    |                        }
 0)   1.202 us    |                      }
 0)   1.533 us    |                    }
 0)   0.160 us    |                    key_put();
 0)   2.214 us    |                  }
 0)   0.169 us    |                  sched_autogroup_exit();
 0)   0.181 us    |                  kmem_cache_free();
 0)   0.161 us    |                  sched_core_free();
 0)               |                  free_task() {
 0)               |                    release_user_cpus_ptr() {
 0)   0.160 us    |                      kfree();
 0)   0.481 us    |                    }
 0)               |                    kmem_cache_free() {
 0)               |                      __pcs_replace_full_main() {
 0)               |                        barn_replace_full_sheaf.part.0() {
 0)   0.160 us    |                          _raw_spin_lock_irqsave();
 0)   0.160 us    |                          _raw_spin_unlock_irqrestore();
 0)   0.942 us    |                        }
 0)   1.282 us    |                      }
 0)   1.723 us    |                    }
 0)   0.160 us    |                    arch_release_task_struct();
 0)               |                    bpf_task_storage_free() {
 0)   0.151 us    |                      __rcu_read_lock();
 0)   0.150 us    |                      __rcu_read_unlock();
 0)   0.802 us    |                    }
 0)   0.321 us    |                    kmem_cache_free();
 0)   4.569 us    |                  }
 0) + 13.425 us   |                }
 0) + 13.755 us   |              }
 0)   0.150 us    |              rcu_cblist_dequeue();
 0)   0.161 us    |              rcu_segcblist_insert_done_cbs();
 0)   0.161 us    |              rcu_segcblist_add_len();
 0)   0.150 us    |              rcu_segcblist_n_segment_cbs();
 0)   0.160 us    |              rcu_nocb_unlock_irqrestore.part.0();
 0) + 27.171 us   |            }
 0)   0.160 us    |            rcu_segcblist_ready_cbs();
 0)   0.160 us    |            do_nocb_deferred_wakeup.isra.0();
 0) + 28.903 us   |          }
 0) + 29.235 us   |        }
 0)   0.201 us    |        irqtime_account_irq();
 0) + 30.327 us   |      }
 0)   0.150 us    |      sched_core_idle_cpu();
 0)               |      tick_nohz_irq_exit() {
 0)   0.190 us    |        ktime_get();
 0)   0.551 us    |      }
 0) + 35.727 us   |    }
 0)   0.161 us    |    tick_nohz_idle_got_tick();
 0)   0.149 us    |    arch_cpu_idle_exit();
 0)               |    arch_cpu_idle_enter() {
 0)   0.170 us    |      tsc_verify_tsc_adjust();
 0)   0.160 us    |      local_touch_nmi();
 0)   0.821 us    |    }
 0)   0.150 us    |    rcu_nocb_flush_deferred_wakeup();
 0)   0.149 us    |    cpuidle_get_cpu_driver();
 0)   0.161 us    |    cpuidle_not_available();
 0)               |    tick_nohz_idle_stop_tick() {
 0)   0.161 us    |      can_stop_idle_tick();
 0)               |      tick_nohz_next_event() {
 0)   0.230 us    |        rcu_needs_cpu();
 0)   0.572 us    |      }
 0)   1.233 us    |    }
 2)   0.230 us    |    migrate_disable_switch.isra.0();
 2)               |    raw_spin_rq_lock_nested() {
 2)   0.160 us    |      _raw_spin_lock();
 2)   0.471 us    |    }
 2)               |    update_rq_clock() {
 2)   0.151 us    |      kvm_steal_clock();
 2)               |      update_irq_load_avg() {
 2)   0.160 us    |        arch_scale_cpu_capacity();
 2)   0.511 us    |      }
 2)   0.161 us    |      arch_scale_cpu_capacity();
 2)   1.543 us    |    }
 2)               |    dequeue_task_fair() {
 2)               |      dequeue_entities() {
 2)               |        update_curr() {
 2)   0.171 us    |          update_se();
 2)   0.521 us    |        }
 2)   0.151 us    |        vruntime_eligible();
 2)   0.160 us    |        __update_load_avg_se();
 2)   0.160 us    |        __update_load_avg_cfs_rq();
 2)   0.160 us    |        avg_vruntime();
 2)   0.160 us    |        entity_lag.isra.0();
 2)   0.150 us    |        update_cfs_group();
 2)   3.015 us    |      }
 2)   3.376 us    |    }
 2)               |    pick_next_task_fair() {
 2)   0.160 us    |      pick_task_fair();
 2)               |      __sched_balance_update_blocked_averages() {
 2)               |        update_other_load_avgs() {
 2)   0.160 us    |          update_rt_rq_load_avg();
 2)   0.180 us    |          update_dl_rq_load_avg();
 2)               |          update_irq_load_avg() {
 2)   0.151 us    |            arch_scale_cpu_capacity();
 2)   0.481 us    |          }
 2)   1.503 us    |        }
 2)   0.160 us    |        __update_load_avg_cfs_rq();
 2)   2.205 us    |      }
 2)   0.150 us    |      _raw_spin_unlock();
 2)   0.151 us    |      __msecs_to_jiffies();
 2)               |      raw_spin_rq_lock_nested() {
 2)   0.160 us    |        _raw_spin_lock();
 2)   0.491 us    |      }
 2)   4.338 us    |    }
 2)   0.151 us    |    pick_task_idle();
 2)               |    put_prev_task_fair() {
 2)   0.151 us    |      put_prev_entity();
 2)   0.481 us    |    }
 2)   0.160 us    |    set_next_task_idle();
 2)   0.171 us    |    psi_account_irqtime();
 2)               |    psi_task_switch() {
 2)               |      wq_worker_last_func() {
 2)   0.161 us    |        kthread_data();
 2)   0.481 us    |      }
 2)   0.160 us    |      psi_flags_change();
 2)               |      psi_group_change() {
 2)   0.160 us    |        record_times();
 2)   0.521 us    |      }
 2)   1.895 us    |    }
 2)   0.240 us    |    __traceiter_sched_switch();
 ------------------------------------------
 2)   kworker-65   =>    <idle>-0   
 ------------------------------------------

 2)               |      finish_task_switch.isra.0() {
 2)   0.160 us    |        _raw_spin_unlock();
 2)   0.512 us    |      }
 2) + 57.408 us   |    } /* schedule_idle */
 2) # 1311.339 us |  } /* do_idle */
 2)               |  do_idle() {
 2)   0.160 us    |    nohz_run_idle_balance();
 2)               |    tick_nohz_idle_enter() {
 2)   0.190 us    |      ktime_get();
 2)   0.570 us    |    }
 2)               |    arch_cpu_idle_enter() {
 2)   0.171 us    |      tsc_verify_tsc_adjust();
 2)   0.230 us    |      local_touch_nmi();
 2)   0.911 us    |    }
 2)   0.150 us    |    rcu_nocb_flush_deferred_wakeup();
 2)   0.150 us    |    cpuidle_get_cpu_driver();
 2)   0.151 us    |    cpuidle_not_available();
 2)   0.150 us    |    tick_nohz_tick_stopped();
 2)   0.149 us    |    tick_nohz_idle_retain_tick();
 3)   0.151 us    |                } /* __rcu_read_lock */
 3)   0.161 us    |                __rcu_read_unlock();
 3)   0.892 us    |              } /* mntput */
 3)               |              security_file_free() {
 3)               |                hook_file_free_security() {
 3)   0.160 us    |                  put_pid();
 3)   0.160 us    |                  landlock_put_ruleset_deferred();
 3)   0.861 us    |                }
 3)   0.151 us    |                bpf_lsm_file_free_security();
 3)   0.181 us    |                kmem_cache_free();
 3)   1.873 us    |              }
 3)   0.181 us    |              kmem_cache_free();
 3)   7.434 us    |            } /* __fput */
 3)   7.754 us    |          } /* ____fput */
 3)               |          ____fput() {
 3)               |            __fput() {
 3)   0.150 us    |              locks_remove_file();
 3)               |              security_file_release() {
 3)   0.150 us    |                bpf_lsm_file_release();
 3)   0.481 us    |              }
 3)               |              cdev_put() {
 3)   0.151 us    |                module_put();
 3)   0.481 us    |              }
 3)   0.150 us    |              module_put();
 3)   0.161 us    |              file_f_owner_release();
 3)               |              dput() {
 3)               |                dput.part.0() {
 3)   0.150 us    |                  __rcu_read_lock();
 3)   0.150 us    |                  __rcu_read_unlock();
 3)   0.811 us    |                }
 3)   1.122 us    |              }
 3)               |              mntput() {
 3)   0.151 us    |                __rcu_read_lock();
 3)   0.150 us    |                __rcu_read_unlock();
 3)   0.802 us    |              }
 3)               |              security_file_free() {
 3)               |                hook_file_free_security() {
 3)   0.150 us    |                  put_pid();
 3)   0.150 us    |                  landlock_put_ruleset_deferred();
 3)   0.811 us    |                }
 3)   0.150 us    |                bpf_lsm_file_free_security();
 3)   0.160 us    |                kmem_cache_free();
 3)   1.773 us    |              }
 3)   0.160 us    |              kmem_cache_free();
 3)   7.044 us    |            }
 3)   7.364 us    |          }
 3)               |          ____fput() {
 3)               |            __fput() {
 3)   0.151 us    |              locks_remove_file();
 3)               |              security_file_release() {
 3)   0.160 us    |                bpf_lsm_file_release();
 3)   0.481 us    |              }
 3)   0.150 us    |              module_put();
 3)   0.150 us    |              file_f_owner_release();
 3)               |              dput() {
 3)               |                dput.part.0() {
 3)   0.161 us    |                  __rcu_read_lock();
 3)   0.149 us    |                  __rcu_read_unlock();
 3)   0.802 us    |                }
 3)   1.112 us    |              }
 3)               |              mntput() {
 3)   0.150 us    |                __rcu_read_lock();
 3)   0.160 us    |                __rcu_read_unlock();
 3)   0.792 us    |              }
 3)               |              security_file_free() {
 3)               |                hook_file_free_security() {
 3)   0.150 us    |                  put_pid();
 3)   0.150 us    |                  landlock_put_ruleset_deferred();
 3)   0.812 us    |                }
 3)   0.160 us    |                bpf_lsm_file_free_security();
 3)   0.161 us    |                kmem_cache_free();
 3)   1.854 us    |              }
 3)   0.171 us    |              _raw_spin_lock_irqsave();
 3)   0.161 us    |              _raw_spin_unlock_irqrestore();
 3)               |              __put_cred() {
 3)               |                call_rcu() {
 3)               |                  __call_rcu_common() {
 3)   0.151 us    |                    rcu_async_should_hurry();
 3)   0.150 us    |                    rcu_segcblist_enqueue();
 3)   0.822 us    |                  }
 3)   1.142 us    |                }
 3)   1.482 us    |              }
 3)   0.160 us    |              kmem_cache_free();
 3)   8.757 us    |            }
 3)   9.068 us    |          }
 3) + 25.578 us   |        } /* task_work_run */
 3)               |        exit_thread() {
 3)   0.150 us    |          shstk_free();
 3)   0.170 us    |          fpu__drop();
 3)   0.862 us    |        }
 3)               |        sched_autogroup_exit_task() {
 3)               |          sched_move_task() {
 3)               |            _task_rq_lock() {
 3)   0.150 us    |              _raw_spin_lock_irqsave();
 3)               |              raw_spin_rq_lock_nested() {
 3)   0.151 us    |                _raw_spin_lock();
 3)   0.481 us    |              }
 3)   1.162 us    |            }
 3)               |            sched_change_begin() {
 3)               |              update_rq_clock() {
 3)   0.161 us    |                kvm_steal_clock();
 3)               |                update_irq_load_avg() {
 3)   0.150 us    |                  arch_scale_cpu_capacity();
 3)   0.521 us    |                }
 3)   0.151 us    |                arch_scale_cpu_capacity();
 3)   1.574 us    |              }
 3)               |              dequeue_task_fair() {
 3)               |                dequeue_entities() {
 3)               |                  update_curr() {
 3)               |                    update_se() {
 3)   0.160 us    |                      cpuacct_charge();
 3)   0.511 us    |                    }
 3)   0.170 us    |                    avg_vruntime();
 3)               |                    dl_server_update() {
 3)   0.160 us    |                      update_curr_dl_se();
 3)   0.501 us    |                    }
 3)   1.893 us    |                  }
 3)   0.160 us    |                  __update_load_avg_se();
 3)   0.161 us    |                  __update_load_avg_cfs_rq();
 3)   0.160 us    |                  avg_vruntime();
 3)   0.160 us    |                  entity_lag.isra.0();
 3)   0.161 us    |                  update_cfs_group();
 3)   4.148 us    |                }
 3)   4.518 us    |              }
 3)               |              put_prev_task_fair() {
 3)   0.149 us    |                put_prev_entity();
 3)   0.501 us    |              }
 3)   7.445 us    |            }
 3)   0.161 us    |            task_wants_autogroup();
 3)               |            task_change_group_fair() {
 3)   0.160 us    |              __update_load_avg_se();
 3)   0.160 us    |              __update_load_avg_cfs_rq();
 3)   0.171 us    |              detach_entity_load_avg();
 3)   0.201 us    |              propagate_entity_cfs_rq();
 3)               |              attach_entity_cfs_rq() {
 3)   0.150 us    |                __update_load_avg_cfs_rq();
 3)   0.190 us    |                attach_entity_load_avg();
 3)   0.160 us    |                propagate_entity_cfs_rq();
 3)   1.202 us    |              }
 3)   2.995 us    |            }
 3)               |            sched_change_end() {
 3)               |              enqueue_task() {
 3)               |                enqueue_task_fair() {
 3)   0.240 us    |                  update_curr();
 3)   0.161 us    |                  __update_load_avg_se();
 3)   0.150 us    |                  __update_load_avg_cfs_rq();
 3)   0.161 us    |                  update_cfs_group();
 3)               |                  place_entity() {
 3)   0.160 us    |                    avg_vruntime();
 3)   0.511 us    |                  }
 3)   0.190 us    |                  __enqueue_entity();
 3)   0.160 us    |                  dl_server_start();
 3)   0.160 us    |                  hrtimer_active();
 3)   0.160 us    |                  hrtick_start_fair();
 3)   3.777 us    |                }
 3)   4.128 us    |              }
 3)               |              set_next_task_fair() {
 3)               |                set_next_entity() {
 3)   0.200 us    |                  __dequeue_entity();
 3)   0.150 us    |                  __update_load_avg_se();
 3)   0.150 us    |                  __update_load_avg_cfs_rq();
 3)   1.222 us    |                }
 3)   1.572 us    |              }
 3)   0.161 us    |              prio_changed_fair();
 3)   6.592 us    |            }
 3)   0.170 us    |            __resched_curr();
 3)   0.160 us    |            __balance_callbacks();
 3)   0.160 us    |            _raw_spin_unlock();
 3)               |            _raw_spin_unlock_irqrestore() {
 3)   0.180 us    |              rcu_note_context_switch();
 3)   0.150 us    |              migrate_disable_switch.isra.0();
 3)               |              raw_spin_rq_lock_nested() {
 3)   0.150 us    |                _raw_spin_lock();
 3)   0.491 us    |              }
 3)               |              update_rq_clock() {
 3)   0.161 us    |                kvm_steal_clock();
 3)   0.151 us    |                arch_scale_cpu_capacity();
 3)   0.852 us    |              }
 3)               |              pick_next_task_fair() {
 3)               |                pick_task_fair() {
 3)               |                  update_curr() {
 3)               |                    update_se() {
 3)   0.149 us    |                      cpuacct_charge();
 3)   0.481 us    |                    }
 3)               |                    dl_server_update() {
 3)   0.160 us    |                      update_curr_dl_se();
 3)   0.481 us    |                    }
 3)   1.483 us    |                  }
 3)   0.180 us    |                  pick_eevdf();
 3)   2.184 us    |                }
 3)   2.565 us    |              }
 3)   0.160 us    |              _raw_spin_unlock();
 3)   5.801 us    |            }
 3) + 26.519 us   |          }
 3) + 26.880 us   |        }
 3)               |        cgroup_task_exit() {
 3)   0.160 us    |          blkcg_exit();
 3)   0.160 us    |          mem_cgroup_exit();
 3)   0.962 us    |        }
 3)               |        flush_ptrace_hw_breakpoint() {
 3)   0.149 us    |          unregister_hw_breakpoint();
 3)   0.151 us    |          unregister_hw_breakpoint();
 3)   0.161 us    |          unregister_hw_breakpoint();
 3)   0.149 us    |          unregister_hw_breakpoint();
 3)   1.503 us    |        }
 3)               |        exit_tasks_rcu_start() {
 3)   0.161 us    |          _raw_spin_lock_irqsave();
 3)   0.170 us    |          _raw_spin_unlock_irqrestore();
 3)   0.842 us    |        }
 3)   0.160 us    |        _raw_write_lock_irq();
 3)   0.160 us    |        task_active_pid_ns();
 3)   0.230 us    |        kill_orphaned_pgrp();
 3)               |        do_notify_parent() {
 3)               |          __wake_up() {
 3)   0.161 us    |            _raw_spin_lock_irqsave();
 3)   0.170 us    |            __wake_up_common();
 3)   0.161 us    |            _raw_spin_unlock_irqrestore();
 3)   1.192 us    |          }
 3)   0.149 us    |          __rcu_read_lock();
 3)   0.170 us    |          task_active_pid_ns();
 3)               |          __task_pid_nr_ns() {
 3)   0.150 us    |            __rcu_read_lock();
 3)   0.160 us    |            __rcu_read_unlock();
 3)   0.842 us    |          }
 3)   0.150 us    |          __rcu_read_lock();
 3)   0.160 us    |          __rcu_read_unlock();
 3)   0.150 us    |          __rcu_read_lock();
 3)   0.151 us    |          __rcu_read_unlock();
 3)               |          from_kuid_munged() {
 3)   0.171 us    |            map_id_range_up();
 3)   0.491 us    |          }
 3)   0.160 us    |          __rcu_read_unlock();
 3)   0.161 us    |          task_cputime();
 3)   0.151 us    |          nsec_to_clock_t();
 3)   0.149 us    |          nsec_to_clock_t();
 3)   0.220 us    |          _raw_spin_lock_irqsave();
 3)               |          __send_signal_locked() {
 3)   0.201 us    |            prepare_signal();
 3)               |            sig_get_ucounts() {
 3)   0.151 us    |              __rcu_read_lock();
 3)   0.150 us    |              __rcu_read_lock();
 3)   0.151 us    |              __rcu_read_unlock();
 3)   0.210 us    |              inc_rlimit_get_ucounts();
 3)   0.160 us    |              __rcu_read_unlock();
 3)   1.884 us    |            }
 3)   0.220 us    |            kmem_cache_alloc_noprof();
 3)               |            complete_signal() {
 3)               |              wake_up_state() {
 3)               |                try_to_wake_up() {
 3)   0.160 us    |                  _raw_spin_lock_irqsave();
 3)               |                  select_task_rq_fair() {
 3)   0.170 us    |                    choose_idle_cpu();
 3)   0.691 us    |                  }
 3)               |                  ttwu_queue_wakelist() {
 3)   0.151 us    |                    scx_allow_ttwu_queue();
 3)               |                    __smp_call_single_queue() {
 3)   0.190 us    |                      call_function_single_prep_ipi();
 3)               |                      native_send_call_func_single_ipi() {
 3)   1.523 us    |                        x2apic_send_IPI();
 3)   1.894 us    |                      }
 3)   2.695 us    |                    }
 3)   3.487 us    |                  }
 3)   0.170 us    |                  _raw_spin_unlock_irqrestore();
 3)   5.440 us    |                }
 3)   5.790 us    |              }
 3)   6.222 us    |            }
 3)   9.828 us    |          }
 3)               |          __wake_up_parent() {
 3)               |            __wake_up_sync_key() {
 3)   0.149 us    |              _raw_spin_lock_irqsave();
 3)   0.160 us    |              __wake_up_common();
 3)   0.161 us    |              _raw_spin_unlock_irqrestore();
 3)   1.152 us    |            }
 3)   1.503 us    |          }
 3)   0.170 us    |          _raw_spin_unlock_irqrestore();
 3) + 19.116 us   |        }
 3)   0.160 us    |        _raw_write_unlock_irq();
 3)   0.191 us    |        proc_exit_connector();
 3)               |        mpol_put_task_policy() {
 3)   0.161 us    |          _raw_spin_lock();
 3)   0.161 us    |          _raw_spin_unlock();
 3)   0.831 us    |        }
 3)               |        exit_task_stack_account() {
 3)               |          lruvec_stat_mod_folio() {
 3)   0.151 us    |            __rcu_read_lock();
 3)   0.160 us    |            __rcu_read_unlock();
 3)   0.151 us    |            mod_node_page_state();
 3)   1.142 us    |          }
 3)               |          lruvec_stat_mod_folio() {
 3)   0.150 us    |            __rcu_read_lock();
 3)   0.151 us    |            __rcu_read_unlock();
 3)   0.160 us    |            mod_node_page_state();
 3)   1.133 us    |          }
 3)               |          lruvec_stat_mod_folio() {
 3)   0.150 us    |            __rcu_read_lock();
 3)   0.150 us    |            __rcu_read_unlock();
 3)   0.171 us    |            mod_node_page_state();
 3)   1.152 us    |          }
 3)               |          lruvec_stat_mod_folio() {
 3)   0.161 us    |            __rcu_read_lock();
 3)   0.150 us    |            __rcu_read_unlock();
 3)   0.160 us    |            mod_node_page_state();
 3)   1.133 us    |          }
 3)   5.621 us    |        }
 3)   0.160 us    |        exit_rcu();
 3)               |        exit_tasks_rcu_finish() {
 3)   0.160 us    |          _raw_spin_lock_irqsave();
 3)   0.161 us    |          _raw_spin_unlock_irqrestore();
 3)   0.821 us    |        }
 3)               |        do_task_dead() {
 3)   0.161 us    |          _raw_spin_lock_irqsave();
 3)   0.161 us    |          _raw_spin_unlock_irqrestore();
 3)   0.180 us    |          rcu_note_context_switch();
 3)   0.150 us    |          migrate_disable_switch.isra.0();
 3)               |          raw_spin_rq_lock_nested() {
 3)   0.160 us    |            _raw_spin_lock();
 3)   0.481 us    |          }
 3)               |          update_rq_clock() {
 3)   0.161 us    |            kvm_steal_clock();
 3)   0.150 us    |            arch_scale_cpu_capacity();
 3)   0.852 us    |          }
 3)               |          dequeue_task_fair() {
 3)               |            dequeue_entities() {
 3)               |              update_curr() {
 3)               |                update_se() {
 3)   0.161 us    |                  cpuacct_charge();
 3)   0.491 us    |                }
 3)               |                dl_server_update() {
 3)   0.160 us    |                  update_curr_dl_se();
 3)   0.481 us    |                }
 3)   1.472 us    |              }
 3)   0.180 us    |              __update_load_avg_se();
 3)   0.180 us    |              __update_load_avg_cfs_rq();
 3)   0.171 us    |              avg_vruntime();
 3)   0.161 us    |              entity_lag.isra.0();
 3)   0.149 us    |              update_cfs_group();
 3)   3.597 us    |            }
 3)   3.947 us    |          }
 3)               |          pick_next_task_fair() {
 3)   0.160 us    |            pick_task_fair();
 3)               |            __sched_balance_update_blocked_averages() {
 3)               |              update_other_load_avgs() {
 3)   0.171 us    |                update_rt_rq_load_avg();
 3)   0.180 us    |                update_dl_rq_load_avg();
 3)               |                update_irq_load_avg() {
 3)   0.161 us    |                  arch_scale_cpu_capacity();
 3)   0.490 us    |                }
 3)   1.603 us    |              }
 3)   0.160 us    |              __update_load_avg_cfs_rq();
 3)   2.324 us    |            }
 3)   0.160 us    |            _raw_spin_unlock();
 3)   0.150 us    |            __msecs_to_jiffies();
 3)               |            sched_balance_rq() {
 3)               |              sched_balance_find_src_group() {
 3)               |                update_group_capacity() {
 3)   0.160 us    |                  __msecs_to_jiffies();
 3)   0.150 us    |                  arch_scale_cpu_capacity();
 3)   0.832 us    |                }
 3)               |                cpu_util() {
 3)   0.160 us    |                  arch_scale_cpu_capacity();
 3)   0.492 us    |                }
 3)   0.160 us    |                idle_cpu();
 3)               |                cpu_util() {
 3)   0.151 us    |                  arch_scale_cpu_capacity();
 3)   0.481 us    |                }
 3)   0.160 us    |                idle_cpu();
 3)               |                cpu_util() {
 3)   0.150 us    |                  arch_scale_cpu_capacity();
 3)   0.470 us    |                }
 3)   0.150 us    |                arch_scale_cpu_capacity();
 3)   0.150 us    |                sched_use_asym_prio.isra.0();
 3)               |                cpu_util() {
 3)   0.150 us    |                  arch_scale_cpu_capacity();
 3)   0.481 us    |                }
 3)   0.150 us    |                idle_cpu();
 3)   6.061 us    |              }
 3)   6.523 us    |            }
 3)               |            raw_spin_rq_lock_nested() {
 3)   0.151 us    |              _raw_spin_lock();
 3)   0.480 us    |            }
 3) + 11.232 us   |          }
 3)   0.161 us    |          pick_task_idle();
 3)               |          put_prev_task_fair() {
 3)   0.150 us    |            put_prev_entity();
 3)   0.481 us    |          }
 3)   0.180 us    |          set_next_task_idle();
 3)   0.180 us    |          psi_account_irqtime();
 3)               |          psi_task_switch() {
 3)   0.160 us    |            psi_flags_change();
 3)               |            psi_group_change() {
 3)   0.160 us    |              record_times();
 3)   0.530 us    |            }
 3)   1.313 us    |          }
 3)   0.391 us    |          __traceiter_sched_switch();
 3)   0.210 us    |          save_fpregs_to_fpstate();
 ------------------------------------------
 3)     ls-523     =>    <idle>-0   
 ------------------------------------------

 3)               |      finish_task_switch.isra.0() {
 3)   0.160 us    |        _raw_spin_unlock();
 3)               |        task_dead_fair() {
 3)               |          remove_entity_load_avg() {
 3)   0.160 us    |            __update_load_avg_blocked_se();
 3)   0.160 us    |            _raw_spin_lock_irqsave();
 3)   0.160 us    |            _raw_spin_unlock_irqrestore();
 3)   1.182 us    |          }
 3)   1.512 us    |        }
 3)               |        sched_ext_dead() {
 3)   0.181 us    |          _raw_spin_lock_irqsave();
 3)   0.160 us    |          _raw_spin_unlock_irqrestore();
 3)   0.861 us    |        }
 3)               |        cgroup_task_dead() {
 3)   0.150 us    |          _raw_spin_lock_irqsave();
 3)   0.200 us    |          css_set_move_task();
 3)   0.170 us    |          _raw_spin_unlock_irqrestore();
 3)   1.312 us    |        }
 3)               |        put_task_stack() {
 3)   0.200 us    |          try_release_thread_stack_to_cache();
 3)               |          call_rcu() {
 3)               |            __call_rcu_common() {
 3)   0.160 us    |              rcu_async_should_hurry();
 3)   0.160 us    |              rcu_segcblist_enqueue();
 3)   0.822 us    |            }
 3)   1.143 us    |          }
 3)   1.903 us    |        }
 3)   0.160 us    |        put_task_struct_rcu_user();
 3)   7.183 us    |      }
 3) * 11301.33 us |    } /* schedule_idle */
 3) * 12419.61 us |  } /* do_idle */
 3)               |  do_idle() {
 3)   0.161 us    |    nohz_run_idle_balance();
 3)               |    tick_nohz_idle_enter() {
 3)   0.200 us    |      ktime_get();
 3)   0.601 us    |    }
 3)               |    arch_cpu_idle_enter() {
 3)   0.190 us    |      tsc_verify_tsc_adjust();
 3)   0.160 us    |      local_touch_nmi();
 3)   0.882 us    |    }
 3)   0.171 us    |    rcu_nocb_flush_deferred_wakeup();
 3)   0.160 us    |    cpuidle_get_cpu_driver();
 3)   0.161 us    |    cpuidle_not_available();
 3)   0.160 us    |    tick_nohz_tick_stopped();
 3)   0.161 us    |    tick_nohz_idle_retain_tick();
 2)               |    irq_enter_rcu() {
 0)               |    irq_enter_rcu() {
 2)               |      tick_irq_enter() {
 2)   0.171 us    |        tick_check_oneshot_broadcast_this_cpu();
 0)               |      tick_irq_enter() {
 0)   0.161 us    |        tick_check_oneshot_broadcast_this_cpu();
 2)   0.190 us    |        ktime_get();
 0)   0.191 us    |        ktime_get();
 2)               |        tick_nohz_stop_idle() {
 2)   0.150 us    |          nr_iowait_cpu();
 0)               |        tick_nohz_stop_idle() {
 0)   0.160 us    |          nr_iowait_cpu();
 2)   0.492 us    |        }
 2)   1.593 us    |      }
 0)   0.491 us    |        }
 2)   0.200 us    |      irqtime_account_irq();
 0)   1.573 us    |      }
 3)               |    irq_enter_rcu() {
 0)   0.191 us    |      irqtime_account_irq();
 3)               |      tick_irq_enter() {
 2)   2.375 us    |    }
 0)   2.344 us    |    }
 2)               |    __sysvec_apic_timer_interrupt() {
 3)   0.170 us    |        tick_check_oneshot_broadcast_this_cpu();
 0)               |    __sysvec_apic_timer_interrupt() {
 2)               |      hrtimer_interrupt() {
 2)   0.160 us    |        _raw_spin_lock_irqsave();
 0)               |      hrtimer_interrupt() {
 3)   0.200 us    |        ktime_get();
 0)   0.160 us    |        _raw_spin_lock_irqsave();
 2)   0.210 us    |        ktime_get_update_offsets_now();
 3)               |        tick_nohz_stop_idle() {
 0)   0.191 us    |        ktime_get_update_offsets_now();
 3)   0.160 us    |          nr_iowait_cpu();
 2)               |        __hrtimer_run_queues() {
 0)               |        __hrtimer_run_queues() {
 2)   0.200 us    |          __remove_hrtimer();
 3)   0.521 us    |        }
 0)   0.180 us    |          __remove_hrtimer();
 3)   1.684 us    |      }
 2)   0.171 us    |          _raw_spin_unlock_irqrestore();
 3)   0.191 us    |      irqtime_account_irq();
 0)   0.169 us    |          _raw_spin_unlock_irqrestore();
 2)               |          tick_nohz_handler() {
 3)   2.555 us    |    }
 0)               |          tick_nohz_handler() {
 2)   0.180 us    |            ktime_get();
 3)               |    __sysvec_apic_timer_interrupt() {
 0)   0.191 us    |            ktime_get();
 3)               |      hrtimer_interrupt() {
 2)               |            update_process_times() {
 3)   0.160 us    |        _raw_spin_lock_irqsave();
 0)               |            update_process_times() {
 2)               |              account_process_tick() {
 0)               |              account_process_tick() {
 2)               |                irqtime_account_process_tick() {
 3)   0.210 us    |        ktime_get_update_offsets_now();
 0)               |                irqtime_account_process_tick() {
 2)   0.161 us    |                  kvm_steal_clock();
 0)   0.151 us    |                  kvm_steal_clock();
 3)               |        __hrtimer_run_queues() {
 2)   0.501 us    |                }
 3)   0.191 us    |          __remove_hrtimer();
 0)   0.501 us    |                }
 2)   0.821 us    |              }
 0)   0.831 us    |              }
 2)   0.150 us    |              hrtimer_run_queues();
 0)   0.161 us    |              hrtimer_run_queues();
 3)   0.169 us    |          _raw_spin_unlock_irqrestore();
 2)               |              tmigr_requires_handle_remote() {
 0)               |              tmigr_requires_handle_remote() {
 2)   0.160 us    |                get_jiffies_update();
 3)               |          tick_nohz_handler() {
 0)   0.151 us    |                get_jiffies_update();
 3)   0.180 us    |            ktime_get();
 2)   0.490 us    |              }
 0)   0.491 us    |              }
 2)               |              rcu_sched_clock_irq() {
 3)               |            tick_do_update_jiffies64() {
 0)               |              rcu_sched_clock_irq() {
 2)               |                invoke_rcu_core() {
 3)   0.160 us    |              _raw_spin_lock();
 0)   0.150 us    |                rcu_segcblist_ready_cbs();
 2)   0.160 us    |                  raise_softirq();
 3)   0.170 us    |              calc_global_load();
 0)   0.521 us    |              }
 2)   0.491 us    |                }
 0)               |              sched_tick() {
 2)   0.862 us    |              }
 3)   0.161 us    |              _raw_spin_unlock();
 0)   0.160 us    |                arch_scale_freq_tick();
 2)               |              sched_tick() {
 2)   0.170 us    |                arch_scale_freq_tick();
 3)               |              update_wall_time() {
 0)               |                raw_spin_rq_lock_nested() {
 3)   0.160 us    |                _raw_spin_lock_irqsave();
 0)   0.160 us    |                  _raw_spin_lock();
 2)               |                raw_spin_rq_lock_nested() {
 2)   0.170 us    |                  _raw_spin_lock();
 3)               |                __timekeeping_advance() {
 0)   0.490 us    |                }
 3)   0.161 us    |                  ntp_tick_length();
 0)   0.151 us    |                psi_account_irqtime();
 2)   0.500 us    |                }
 2)   0.161 us    |                psi_account_irqtime();
 3)   0.151 us    |                  ntp_tick_length();
 0)               |                update_rq_clock() {
 2)               |                update_rq_clock() {
 0)   0.160 us    |                  kvm_steal_clock();
 3)               |                  timekeeping_update_from_shadow() {
 2)   0.150 us    |                  kvm_steal_clock();
 3)   0.150 us    |                    ntp_get_next_leap();
 0)               |                  update_irq_load_avg() {
 0)   0.160 us    |                    arch_scale_cpu_capacity();
 2)               |                  update_irq_load_avg() {
 3)   0.180 us    |                    update_vsyscall();
 2)   0.160 us    |                    arch_scale_cpu_capacity();
 0)   0.480 us    |                  }
 0)   1.191 us    |                }
 3)               |                    raw_notifier_call_chain() {
 2)   0.492 us    |                  }
 0)               |                task_tick_idle() {
 3)   0.160 us    |                      notifier_call_chain();
 2)   1.212 us    |                }
 0)               |                  update_curr_idle() {
 2)               |                task_tick_idle() {
 3)   0.481 us    |                    }
 0)   0.161 us    |                    update_curr_dl_se();
 2)               |                  update_curr_idle() {
 3)   0.150 us    |                    update_fast_timekeeper();
 2)   0.180 us    |                    update_curr_dl_se();
 0)   0.501 us    |                  }
 0)   0.812 us    |                }
 3)   0.160 us    |                    update_fast_timekeeper();
 2)   0.510 us    |                  }
 0)   0.160 us    |                calc_global_load_tick();
 2)   0.832 us    |                }
 3)   2.204 us    |                  }
 2)   0.161 us    |                calc_global_load_tick();
 0)   0.160 us    |                scx_tick();
 3)   3.266 us    |                }
 3)   0.230 us    |                _raw_spin_unlock_irqrestore();
 2)   0.150 us    |                scx_tick();
 0)   0.161 us    |                _raw_spin_unlock();
 2)   0.160 us    |                _raw_spin_unlock();
 3)   4.348 us    |              }
 0)               |                perf_event_task_tick() {
 3)   5.730 us    |            }
 0)   0.160 us    |                  perf_adjust_freq_unthr_context();
 2)               |                perf_event_task_tick() {
 3)               |            update_process_times() {
 3)               |              account_process_tick() {
 2)   0.149 us    |                  perf_adjust_freq_unthr_context();
 0)   0.151 us    |                  __rcu_read_lock();
 3)               |                irqtime_account_process_tick() {
 2)   0.151 us    |                  __rcu_read_lock();
 3)   0.160 us    |                  kvm_steal_clock();
 0)   0.150 us    |                  __rcu_read_unlock();
 2)   0.161 us    |                  __rcu_read_unlock();
 3)   0.510 us    |                }
 0)   1.133 us    |                }
 3)   0.832 us    |              }
 0)   0.150 us    |                idle_cpu();
 2)   1.142 us    |                }
 3)   0.160 us    |              hrtimer_run_queues();
 2)   0.161 us    |                idle_cpu();
 0)   0.151 us    |                sched_balance_trigger();
 3)               |              tmigr_requires_handle_remote() {
 2)   0.171 us    |                sched_balance_trigger();
 3)   0.150 us    |                get_jiffies_update();
 0)   6.833 us    |              }
 0)   0.161 us    |              run_posix_cpu_timers();
 2)   6.913 us    |              }
 3)   0.481 us    |              }
 2)   0.161 us    |              run_posix_cpu_timers();
 3)               |              rcu_sched_clock_irq() {
 0) + 10.209 us   |            }
 0)               |            profile_tick() {
 3)   0.160 us    |                rcu_segcblist_ready_cbs();
 0)   0.150 us    |              profile_pc();
 2) + 10.690 us   |            }
 2)               |            profile_tick() {
 3)               |                invoke_rcu_core() {
 0)   0.481 us    |            }
 2)   0.150 us    |              profile_pc();
 3)   0.161 us    |                  raise_softirq();
 0)   0.160 us    |            hrtimer_forward();
 2)   0.481 us    |            }
 3)   0.491 us    |                }
 0) + 11.892 us   |          }
 2)   0.149 us    |            hrtimer_forward();
 3)   1.252 us    |              }
 0)   0.151 us    |          _raw_spin_lock_irq();
 3)               |              sched_tick() {
 2) + 12.373 us   |          }
 3)   0.161 us    |                arch_scale_freq_tick();
 2)   0.160 us    |          _raw_spin_lock_irq();
 0)   0.169 us    |          enqueue_hrtimer();
 3)               |                raw_spin_rq_lock_nested() {
 2)   0.180 us    |          enqueue_hrtimer();
 0) + 13.676 us   |        }
 3)   0.151 us    |                  _raw_spin_lock();
 0)   0.220 us    |        ktime_get_update_offsets_now();
 2) + 14.117 us   |        }
 3)   0.501 us    |                }
 2)   0.211 us    |        ktime_get_update_offsets_now();
 0)               |        hrtimer_update_next_event() {
 3)   0.160 us    |                psi_account_irqtime();
 0)   0.160 us    |          hrtimer_bases_first();
 2)               |        hrtimer_update_next_event() {
 3)               |                update_rq_clock() {
 2)   0.160 us    |          hrtimer_bases_first();
 0)   0.481 us    |        }
 3)   0.151 us    |                  kvm_steal_clock();
 0)   0.160 us    |        _raw_spin_unlock_irqrestore();
 2)   0.492 us    |        }
 3)   0.541 us    |                }
 2)   0.160 us    |        _raw_spin_unlock_irqrestore();
 0) + 16.070 us   |      }
 0) + 16.411 us   |    }
 3)               |                task_tick_idle() {
 2) + 16.542 us   |      }
 0)               |    irq_exit_rcu() {
 3)               |                  update_curr_idle() {
 2) + 16.892 us   |    }
 0)   0.180 us    |      irqtime_account_irq();
 3)   0.190 us    |                    update_curr_dl_se();
 2)               |    irq_exit_rcu() {
 2)   0.189 us    |      irqtime_account_irq();
 0)   0.150 us    |      sched_core_idle_cpu();
 3)   0.541 us    |                  }
 3)   0.872 us    |                }
 2)               |      __hrtimer_rearm_deferred() {
 0)               |      tick_nohz_irq_exit() {
 3)   0.151 us    |                calc_global_load_tick();
 2)   0.151 us    |        _raw_spin_lock();
 0)   0.180 us    |        ktime_get();
 3)   0.160 us    |                scx_tick();
 2)               |        tick_program_event() {
 0)   0.521 us    |      }
 2)               |          clockevents_program_event() {
 3)   0.151 us    |                _raw_spin_unlock();
 0)   1.543 us    |    }
 2)   0.161 us    |            ktime_expiry_to_cycles();
 0)               |    __hrtimer_rearm_deferred() {
 0)   0.150 us    |      _raw_spin_lock();
 3)               |                perf_event_task_tick() {
 2)   0.181 us    |            ktime_get();
 3)   0.160 us    |                  perf_adjust_freq_unthr_context();
 0)               |      tick_program_event() {
 2)   1.022 us    |            lapic_next_deadline();
 0)               |        clockevents_program_event() {
 3)   0.160 us    |                  __rcu_read_lock();
 0)   0.160 us    |          ktime_expiry_to_cycles();
 3)   0.170 us    |                  __rcu_read_unlock();
 0)   0.170 us    |          ktime_get();
 3)   1.152 us    |                }
 0)   1.002 us    |          lapic_next_deadline();
 3)   0.161 us    |                idle_cpu();
 3)               |                sched_balance_trigger() {
 2)   2.063 us    |          }
 2)   2.404 us    |        }
 3)   0.151 us    |                  raise_softirq();
 2)   0.160 us    |        _raw_spin_unlock();
 3)   0.501 us    |                }
 2)   3.376 us    |      }
 3)   6.653 us    |              }
 2)               |      handle_softirqs() {
 3)   0.180 us    |              run_posix_cpu_timers();
 0)   2.014 us    |        }
 2)   0.191 us    |        irqtime_account_irq();
 0)   2.345 us    |      }
 0)   0.169 us    |      _raw_spin_unlock();
 3) + 10.821 us   |            }
 2)               |        rcu_core_si() {
 3)               |            profile_tick() {
 0)   3.337 us    |    }
 2)               |          rcu_core() {
 3)   0.160 us    |              profile_pc();
 2)   0.191 us    |            note_gp_changes();
 0)   0.150 us    |    tick_nohz_idle_got_tick();
 3)   0.501 us    |            }
 2)               |            rcu_report_qs_rdp() {
 3)   0.151 us    |            hrtimer_forward();
 0)   0.160 us    |    arch_cpu_idle_exit();
 2)   0.169 us    |              _raw_spin_lock_irqsave();
 3) + 18.475 us   |          }
 0)               |    arch_cpu_idle_enter() {
 3)   0.150 us    |          _raw_spin_lock_irq();
 2)               |              rcu_accelerate_cbs() {
 0)   0.161 us    |      tsc_verify_tsc_adjust();
 2)   0.151 us    |                rcu_segcblist_pend_cbs();
 3)   0.181 us    |          enqueue_hrtimer();
 0)   0.150 us    |      local_touch_nmi();
 2)   0.190 us    |                rcu_segcblist_accelerate();
 3) + 20.248 us   |        }
 0)   0.822 us    |    }
 2)   0.160 us    |                rcu_start_this_gp();
 3)   0.210 us    |        ktime_get_update_offsets_now();
 0)   0.161 us    |    rcu_nocb_flush_deferred_wakeup();
 2)   1.192 us    |              }
 0)   0.151 us    |    cpuidle_get_cpu_driver();
 3)               |        hrtimer_update_next_event() {
 2)   0.150 us    |              rcu_disable_urgency_upon_qs();
 3)   0.161 us    |          hrtimer_bases_first();
 0)   0.160 us    |    cpuidle_not_available();
 2)               |              rcu_report_qs_rnp() {
 3)   0.501 us    |        }
 2)   0.160 us    |                _raw_spin_unlock_irqrestore();
 0)               |    tick_nohz_idle_stop_tick() {
 3)   0.160 us    |        _raw_spin_unlock_irqrestore();
 0)   0.160 us    |      can_stop_idle_tick();
 2)   0.501 us    |              }
 3) + 22.732 us   |      }
 2)   2.856 us    |            }
 0)               |      tick_nohz_next_event() {
 3) + 23.083 us   |    }
 2)   0.150 us    |            rcu_segcblist_ready_cbs();
 0)   0.160 us    |        rcu_needs_cpu();
 3)               |    irq_exit_rcu() {
 3)   0.191 us    |      irqtime_account_irq();
 2)   0.149 us    |            do_nocb_deferred_wakeup.isra.0();
 0)   0.501 us    |      }
 0)   1.153 us    |    }
 3)               |      __hrtimer_rearm_deferred() {
 2)   4.198 us    |          }
 3)   0.160 us    |        _raw_spin_lock();
 2)   4.508 us    |        }
 2)   0.191 us    |        irqtime_account_irq();
 3)               |        tick_program_event() {
 3)               |          clockevents_program_event() {
 2)   5.570 us    |      }
 3)   0.151 us    |            ktime_expiry_to_cycles();
 2)   0.171 us    |      sched_core_idle_cpu();
 3)   0.180 us    |            ktime_get();
 2)               |      tick_nohz_irq_exit() {
 2)   0.190 us    |        ktime_get();
 3)   1.082 us    |            lapic_next_deadline();
 2)   0.541 us    |      }
 2) + 10.860 us   |    }
 2)   0.150 us    |    tick_nohz_idle_got_tick();
 2)   0.150 us    |    arch_cpu_idle_exit();
 2)               |    arch_cpu_idle_enter() {
 3)   2.204 us    |          }
 2)   0.170 us    |      tsc_verify_tsc_adjust();
 3)   2.534 us    |        }
 3)   0.160 us    |        _raw_spin_unlock();
 2)   0.150 us    |      local_touch_nmi();
 3)   3.526 us    |      }
 2)   0.812 us    |    }
 3)               |      handle_softirqs() {
 2)   0.160 us    |    rcu_nocb_flush_deferred_wakeup();
 3)   0.191 us    |        irqtime_account_irq();
 2)   0.151 us    |    cpuidle_get_cpu_driver();
 3)               |        sched_balance_softirq() {
 3)               |          sched_balance_update_blocked_averages() {
 2)   0.160 us    |    cpuidle_not_available();
 3)               |            raw_spin_rq_lock_nested() {
 3)   0.160 us    |              _raw_spin_lock();
 2)               |    tick_nohz_idle_stop_tick() {
 2)   0.151 us    |      can_stop_idle_tick();
 3)   0.481 us    |            }
 3)               |            update_rq_clock() {
 2)               |      tick_nohz_next_event() {
 3)   0.161 us    |              kvm_steal_clock();
 2)   0.160 us    |        rcu_needs_cpu();
 3)               |              update_irq_load_avg() {
 2)   0.521 us    |      }
 3)   0.150 us    |                arch_scale_cpu_capacity();
 2)   1.272 us    |    }
 3)   0.481 us    |              }
 3)   1.173 us    |            }
 3)               |            __sched_balance_update_blocked_averages() {
 3)               |              update_other_load_avgs() {
 3)   0.170 us    |                update_rt_rq_load_avg();
 3)   0.170 us    |                update_dl_rq_load_avg();
 3)               |                update_irq_load_avg() {
 3)   0.151 us    |                  arch_scale_cpu_capacity();
 3)   0.491 us    |                }
 3)   1.512 us    |              }
 3)   0.160 us    |              _raw_spin_lock();
 3)   0.160 us    |              _raw_spin_unlock();
 3)   0.181 us    |              __update_load_avg_cfs_rq();
 3)   2.915 us    |            }
 3)   0.161 us    |            _raw_spin_unlock();
 3)   5.630 us    |          }
 3)               |          sched_balance_domains() {
 3)   0.149 us    |            __rcu_read_lock();
 3)   0.160 us    |            __msecs_to_jiffies();
 3)               |            sched_balance_rq() {
 3)   0.160 us    |              idle_cpu();
 3)               |              sched_balance_find_src_group() {
 3)               |                update_group_capacity() {
 3)   0.150 us    |                  __msecs_to_jiffies();
 3)   0.151 us    |                  arch_scale_cpu_capacity();
 3)   0.802 us    |                }
 3)               |                cpu_util() {
 3)   0.151 us    |                  arch_scale_cpu_capacity();
 3)   0.481 us    |                }
 3)   0.151 us    |                idle_cpu();
 3)               |                cpu_util() {
 3)   0.150 us    |                  arch_scale_cpu_capacity();
 3)   0.471 us    |                }
 3)   0.160 us    |                idle_cpu();
 3)               |                cpu_util() {
 3)   0.150 us    |                  arch_scale_cpu_capacity();
 3)   0.471 us    |                }
 3)   0.160 us    |                arch_scale_cpu_capacity();
 3)   0.150 us    |                sched_use_asym_prio.isra.0();
 3)               |                cpu_util() {
 3)   0.151 us    |                  arch_scale_cpu_capacity();
 3)   0.481 us    |                }
 3)   0.151 us    |                idle_cpu();
 3)   5.600 us    |              }
 3)   6.423 us    |            }
 3)   0.150 us    |            __msecs_to_jiffies();
 3)   0.151 us    |            __rcu_read_unlock();
 3)   8.105 us    |          }
 3) + 14.227 us   |        }
 3)               |        rcu_core_si() {
 3)               |          rcu_core() {
 3)               |            note_gp_changes() {
 3)   0.150 us    |              _raw_spin_trylock();
 3)               |              __note_gp_changes() {
 3)   0.160 us    |                rcu_segcblist_pend_cbs();
 3)   0.170 us    |                rcu_segcblist_advance();
 3)               |                rcu_accelerate_cbs() {
 3)   0.151 us    |                  rcu_segcblist_pend_cbs();
 3)   0.171 us    |                  rcu_segcblist_accelerate();
 3)   0.171 us    |                  rcu_start_this_gp();
 3)   1.211 us    |                }
 3)   2.375 us    |              }
 3)   0.160 us    |              _raw_spin_unlock_irqrestore();
 3)   3.416 us    |            }
 3)   0.151 us    |            rcu_segcblist_ready_cbs();
 3)               |            rcu_do_batch() {
 3)   0.151 us    |              rcu_segcblist_ready_cbs();
 3)   0.150 us    |              rcu_segcblist_get_seglen();
 3)   0.200 us    |              local_clock();
 3)   0.170 us    |              rcu_segcblist_extract_done_cbs();
 3)   0.160 us    |              rcu_nocb_unlock_irqrestore.part.0();
 3)   0.180 us    |              rcu_cblist_dequeue();
 3)               |              tlb_remove_table_rcu() {
 3)               |                lruvec_stat_mod_folio() {
 3)   0.150 us    |                  __rcu_read_lock();
 3)   0.149 us    |                  __rcu_read_unlock();
 3)   0.160 us    |                  mod_node_page_state();
 3)   1.142 us    |                }
 3)               |                __free_pages() {
 3)               |                  ___free_pages() {
 3)               |                    __free_frozen_pages() {
 3)   0.170 us    |                      __get_pfnblock_flags_mask.isra.0();
 3)   0.160 us    |                      _raw_spin_trylock();
 3)   0.160 us    |                      free_frozen_page_commit();
 3)   0.160 us    |                      _raw_spin_unlock();
 3)   1.503 us    |                    }
 3)   1.844 us    |                  }
 3)   2.164 us    |                }
 3)               |                lruvec_stat_mod_folio() {
 3)   0.150 us    |                  __rcu_read_lock();
 3)   0.151 us    |                  __rcu_read_unlock();
 3)   0.160 us    |                  mod_node_page_state();
 3)   1.122 us    |                }
 3)               |                __free_pages() {
 3)               |                  ___free_pages() {
 3)               |                    __free_frozen_pages() {
 3)   0.160 us    |                      __get_pfnblock_flags_mask.isra.0();
 3)   0.160 us    |                      _raw_spin_trylock();
 3)   0.160 us    |                      free_frozen_page_commit();
 3)   0.160 us    |                      _raw_spin_unlock();
 3)   1.473 us    |                    }
 3)   1.793 us    |                  }
 3)   2.124 us    |                }
 3)               |                lruvec_stat_mod_folio() {
 3)   0.160 us    |                  __rcu_read_lock();
 3)   0.151 us    |                  __rcu_read_unlock();
 3)   0.161 us    |                  mod_node_page_state();
 3)   1.122 us    |                }
 3)               |                __free_pages() {
 3)               |                  ___free_pages() {
 3)               |                    __free_frozen_pages() {
 3)   0.161 us    |                      __get_pfnblock_flags_mask.isra.0();
 3)   0.161 us    |                      _raw_spin_trylock();
 3)   0.150 us    |                      free_frozen_page_commit();
 3)   0.160 us    |                      _raw_spin_unlock();
 3)   1.473 us    |                    }
 3)   1.793 us    |                  }
 3)   2.115 us    |                }
 3)               |                lruvec_stat_mod_folio() {
 3)   0.150 us    |                  __rcu_read_lock();
 3)   0.160 us    |                  __rcu_read_unlock();
 3)   0.221 us    |                  mod_node_page_state();
 3)   1.202 us    |                }
 3)               |                __free_pages() {
 3)               |                  ___free_pages() {
 3)               |                    __free_frozen_pages() {
 3)   0.160 us    |                      __get_pfnblock_flags_mask.isra.0();
 3)   0.161 us    |                      _raw_spin_trylock();
 3)   0.161 us    |                      free_frozen_page_commit();
 3)   0.161 us    |                      _raw_spin_unlock();
 3)   1.463 us    |                    }
 3)   1.793 us    |                  }
 3)   2.104 us    |                }
 3)               |                lruvec_stat_mod_folio() {
 3)   0.150 us    |                  __rcu_read_lock();
 3)   0.150 us    |                  __rcu_read_unlock();
 3)   0.161 us    |                  mod_node_page_state();
 3)   1.133 us    |                }
 3)               |                __free_pages() {
 3)               |                  ___free_pages() {
 3)               |                    __free_frozen_pages() {
 3)   0.161 us    |                      __get_pfnblock_flags_mask.isra.0();
 3)   0.161 us    |                      _raw_spin_trylock();
 3)   0.160 us    |                      free_frozen_page_commit();
 3)   0.160 us    |                      _raw_spin_unlock();
 3)   1.463 us    |                    }
 3)   1.794 us    |                  }
 3)   2.104 us    |                }
 3)               |                lruvec_stat_mod_folio() {
 3)   0.151 us    |                  __rcu_read_lock();
 3)   0.160 us    |                  __rcu_read_unlock();
 3)   0.150 us    |                  mod_node_page_state();
 3)   1.113 us    |                }
 3)               |                __free_pages() {
 3)               |                  ___free_pages() {
 3)               |                    __free_frozen_pages() {
 3)   0.160 us    |                      __get_pfnblock_flags_mask.isra.0();
 3)   0.149 us    |                      _raw_spin_trylock();
 3)   0.161 us    |                      free_frozen_page_commit();
 3)   0.161 us    |                      _raw_spin_unlock();
 3)   1.472 us    |                    }
 3)   1.784 us    |                  }
 3)   2.114 us    |                }
 3)               |                lruvec_stat_mod_folio() {
 3)   0.160 us    |                  __rcu_read_lock();
 3)   0.150 us    |                  __rcu_read_unlock();
 3)   0.150 us    |                  mod_node_page_state();
 3)   1.122 us    |                }
 3)               |                __free_pages() {
 3)               |                  ___free_pages() {
 3)               |                    __free_frozen_pages() {
 3)   0.161 us    |                      __get_pfnblock_flags_mask.isra.0();
 3)   0.161 us    |                      _raw_spin_trylock();
 3)   0.151 us    |                      free_frozen_page_commit();
 3)   0.160 us    |                      _raw_spin_unlock();
 3)   1.463 us    |                    }
 3)   1.793 us    |                  }
 3)   2.104 us    |                }
 3)               |                lruvec_stat_mod_folio() {
 3)   0.150 us    |                  __rcu_read_lock();
 3)   0.160 us    |                  __rcu_read_unlock();
 3)   0.151 us    |                  mod_node_page_state();
 3)   1.112 us    |                }
 3)               |                __free_pages() {
 3)               |                  ___free_pages() {
 3)               |                    __free_frozen_pages() {
 3)   0.161 us    |                      __get_pfnblock_flags_mask.isra.0();
 3)   0.150 us    |                      _raw_spin_trylock();
 3)   0.160 us    |                      free_frozen_page_commit();
 3)   0.161 us    |                      _raw_spin_unlock();
 3)   1.473 us    |                    }
 3)   1.864 us    |                  }
 3)   2.185 us    |                }
 3)               |                free_pages() {
 3)               |                  ___free_pages() {
 3)               |                    __free_frozen_pages() {
 3)   0.150 us    |                      __get_pfnblock_flags_mask.isra.0();
 3)   0.151 us    |                      _raw_spin_trylock();
 3)   0.160 us    |                      free_frozen_page_commit();
 3)   0.160 us    |                      _raw_spin_unlock();
 3)   1.473 us    |                    }
 3)   1.794 us    |                  }
 3)   2.113 us    |                }
 3) + 31.309 us   |              }
 3)   0.170 us    |              rcu_cblist_dequeue();
 3)               |              put_cred_rcu() {
 3)               |                security_cred_free() {
 3)   0.201 us    |                  hook_cred_free();
 3)   0.149 us    |                  bpf_lsm_cred_free();
 3)   0.220 us    |                  kfree();
 3)   1.291 us    |                }
 3)   0.161 us    |                key_put();
 3)   0.151 us    |                key_put();
 3)   0.151 us    |                key_put();
 3)   0.160 us    |                key_put();
 3)   0.201 us    |                free_uid();
 3)   0.160 us    |                put_ucounts();
 3)   0.181 us    |                kmem_cache_free();
 3)   4.087 us    |              }
 3)   0.150 us    |              rcu_cblist_dequeue();
 3)               |              put_cred_rcu() {
 3)               |                security_cred_free() {
 3)   0.160 us    |                  hook_cred_free();
 3)   0.150 us    |                  bpf_lsm_cred_free();
 3)   0.160 us    |                  kfree();
 3)   1.132 us    |                }
 3)   0.160 us    |                key_put();
 3)   0.160 us    |                key_put();
 3)   0.150 us    |                key_put();
 3)   0.150 us    |                key_put();
 3)   0.160 us    |                free_uid();
 3)   0.149 us    |                put_ucounts();
 3)   0.150 us    |                kmem_cache_free();
 3)   3.736 us    |              }
 3)   0.150 us    |              rcu_cblist_dequeue();
 3)               |              put_cred_rcu() {
 3)               |                security_cred_free() {
 3)   0.160 us    |                  hook_cred_free();
 3)   0.150 us    |                  bpf_lsm_cred_free();
 3)   0.160 us    |                  kfree();
 3)   1.122 us    |                }
 3)   0.151 us    |                key_put();
 3)   0.150 us    |                key_put();
 3)   0.151 us    |                key_put();
 3)   0.151 us    |                key_put();
 3)   0.161 us    |                free_uid();
 3)   0.151 us    |                put_ucounts();
 3)   0.160 us    |                kmem_cache_free();
 3)   3.727 us    |              }
 3)   0.161 us    |              rcu_cblist_dequeue();
 3)               |              thread_stack_free_rcu() {
 3)   0.211 us    |                try_release_thread_stack_to_cache();
 3)               |                vfree() {
 3)               |                  vfree_atomic() {
 3)               |                    queue_work_on() {
 3)   0.170 us    |                      clear_pending_if_disabled();
 3)               |                      __queue_work() {
 3)   0.161 us    |                        __rcu_read_lock();
 3)   0.160 us    |                        _raw_spin_lock();
 3)   0.161 us    |                        pwq_tryinc_nr_active();
 3)   0.150 us    |                        insert_work();
 3)               |                        kick_pool() {
 3)               |                          wake_up_process() {
 3)               |                            try_to_wake_up() {
 3)   0.169 us    |                              _raw_spin_lock_irqsave();
 3)   0.160 us    |                              kthread_is_per_cpu();
 3)               |                              ttwu_queue_wakelist() {
 3)   0.151 us    |                                scx_allow_ttwu_queue();
 3)   0.501 us    |                              }
 3)               |                              raw_spin_rq_lock_nested() {
 3)   0.161 us    |                                _raw_spin_lock();
 3)   0.471 us    |                              }
 3)               |                              update_rq_clock() {
 3)   0.160 us    |                                kvm_steal_clock();
 3)               |                                update_irq_load_avg() {
 3)   0.160 us    |                                  arch_scale_cpu_capacity();
 3)   0.501 us    |                                }
 3)   1.202 us    |                              }
 3)               |                              ttwu_do_activate() {
 3)               |                                enqueue_task() {
 3)               |                                  enqueue_task_fair() {
 3)   0.160 us    |                                    update_curr();
 3)   0.171 us    |                                    __update_load_avg_se();
 3)   0.171 us    |                                    __update_load_avg_cfs_rq();
 3)   0.151 us    |                                    update_cfs_group();
 3)               |                                    place_entity() {
 3)   0.160 us    |                                      avg_vruntime();
 3)   0.512 us    |                                    }
 3)   0.170 us    |                                    __enqueue_entity();
 3)   0.150 us    |                                    dl_server_start();
 3)   2.985 us    |                                  }
 3)               |                                  psi_task_change() {
 3)   0.160 us    |                                    psi_flags_change();
 3)               |                                    psi_group_change() {
 3)   0.161 us    |                                      record_times();
 3)   0.532 us    |                                    }
 3)   1.303 us    |                                  }
 3)   4.818 us    |                                }
 3)               |                                wakeup_preempt() {
 3)               |                                  wakeup_preempt_idle() {
 3)               |                                    resched_curr() {
 3)   0.170 us    |                                      __resched_curr();
 3)   0.492 us    |                                    }
 3)   0.832 us    |                                  }
 3)   0.160 us    |                                  __resched_curr();
 3)   1.523 us    |                                }
 3)   7.033 us    |                              }
 3)   0.150 us    |                              _raw_spin_unlock();
 3)   0.160 us    |                              _raw_spin_unlock_irqrestore();
 3) + 11.532 us   |                            }
 3) + 11.872 us   |                          }
 3) + 12.214 us   |                        }
 3)   0.160 us    |                        _raw_spin_unlock();
 3)   0.160 us    |                        __rcu_read_unlock();
 3) + 14.697 us   |                      }
 3) + 15.369 us   |                    }
 3) + 15.739 us   |                  }
 3) + 16.141 us   |                }
 3) + 16.881 us   |              }
 3)   0.160 us    |              rcu_cblist_dequeue();
 3)   0.151 us    |              rcu_segcblist_insert_done_cbs();
 3)   0.150 us    |              rcu_segcblist_add_len();
 3)   0.160 us    |              rcu_segcblist_n_segment_cbs();
 3)   0.151 us    |              rcu_nocb_unlock_irqrestore.part.0();
 3) + 66.004 us   |            }
 3)   0.151 us    |            rcu_segcblist_ready_cbs();
 3)   0.150 us    |            do_nocb_deferred_wakeup.isra.0();
 3) + 70.963 us   |          }
 3) + 71.273 us   |        }
 3)   0.180 us    |        irqtime_account_irq();
 3) + 86.773 us   |      }
 3)   0.170 us    |      sched_core_idle_cpu();
 3) + 91.542 us   |    }
 3)   0.161 us    |    tick_nohz_idle_got_tick();
 3)   0.160 us    |    arch_cpu_idle_exit();
 3)   0.160 us    |    tick_nohz_idle_exit();
 3)   0.170 us    |    flush_smp_call_function_queue();
 3)               |    schedule_idle() {
 3)   0.191 us    |      rcu_note_context_switch();
 3)   0.160 us    |      migrate_disable_switch.isra.0();
 3)               |      raw_spin_rq_lock_nested() {
 3)   0.160 us    |        _raw_spin_lock();
 3)   0.481 us    |      }
 3)   0.160 us    |      update_rq_clock();
 3)               |      pick_next_task_fair() {
 3)               |        pick_task_fair() {
 3)   0.160 us    |          pick_eevdf();
 3)   0.521 us    |        }
 3)               |        put_prev_task_idle() {
 3)               |          update_curr_idle() {
 3)   0.181 us    |            update_curr_dl_se();
 3)   0.501 us    |          }
 3)   0.150 us    |          update_rq_avg_idle();
 3)   1.172 us    |        }
 3)               |        set_next_task_fair() {
 3)               |          set_next_entity() {
 3)   0.181 us    |            __dequeue_entity();
 3)   0.160 us    |            __update_load_avg_se();
 3)   0.161 us    |            __update_load_avg_cfs_rq();
 3)   1.232 us    |          }
 3)               |          __set_next_task_fair.part.0() {
 3)   0.160 us    |            hrtick_start_fair();
 3)   0.512 us    |          }
 3)   2.245 us    |        }
 3)   4.659 us    |      }
 3)   0.160 us    |      psi_account_irqtime();
 3)               |      psi_task_switch() {
 3)   0.160 us    |        psi_flags_change();
 3)               |        psi_group_change() {
 3)   0.160 us    |          record_times();
 3)   0.531 us    |        }
 3)   1.263 us    |      }
 3)   0.270 us    |      __traceiter_sched_switch();
 ------------------------------------------
 3)    <idle>-0    =>   kworker-50  
 ------------------------------------------

 3)               |    finish_task_switch.isra.0() {
 3)   0.160 us    |      _raw_spin_unlock();
 3)   0.511 us    |    }
 3)               |    wq_worker_running() {
 3)   0.150 us    |      kthread_data();
 3)   0.521 us    |    }
 3) # 9940.834 us |  } /* schedule */
 3)   0.160 us    |  _raw_spin_lock_irq();
 3)               |  assign_work() {
 3)   0.160 us    |    move_linked_works();
 3)   0.501 us    |  }
 3)               |  process_one_work() {
 3)   0.161 us    |    kick_pool();
 3)   0.170 us    |    _raw_spin_unlock_irq();
 3)               |    delayed_vfree_work() {
 3)               |      vfree.part.0() {
 3)               |        remove_vm_area() {
 3)               |          find_unlink_vmap_area() {
 3)   0.170 us    |            _raw_spin_lock();
 3)   0.160 us    |            _raw_spin_unlock();
 3)   1.022 us    |          }
 3)               |          __vunmap_range_noflush() {
 3)   0.160 us    |            p4d_clear_huge();
 3)   0.160 us    |            pud_clear_huge();
 3)   0.161 us    |            pmd_clear_huge();
 3)   1.343 us    |          }
 3)               |          free_vmap_area_noflush() {
 3)   0.151 us    |            _raw_spin_lock();
 3)   0.350 us    |            insert_vmap_area();
 3)   0.160 us    |            _raw_spin_unlock();
 3)   1.372 us    |          }
 3)   4.548 us    |        }
 3)               |        lruvec_stat_mod_folio() {
 3)   0.149 us    |          __rcu_read_lock();
 3)   0.160 us    |          __rcu_read_unlock();
 3)   0.161 us    |          mod_node_page_state();
 3)   1.162 us    |        }
 3)               |        __free_pages() {
 3)               |          ___free_pages() {
 3)               |            __free_frozen_pages() {
 3)   0.160 us    |              __get_pfnblock_flags_mask.isra.0();
 3)   0.160 us    |              _raw_spin_trylock();
 3)   0.160 us    |              free_frozen_page_commit();
 3)   0.160 us    |              _raw_spin_unlock();
 3)   1.493 us    |            }
 3)   1.823 us    |          }
 3)   2.135 us    |        }
 3)               |        lruvec_stat_mod_folio() {
 3)   0.151 us    |          __rcu_read_lock();
 3)   0.150 us    |          __rcu_read_unlock();
 3)   0.160 us    |          mod_node_page_state();
 3)   1.122 us    |        }
 3)               |        __free_pages() {
 3)               |          ___free_pages() {
 3)               |            __free_frozen_pages() {
 3)   0.149 us    |              __get_pfnblock_flags_mask.isra.0();
 3)   0.150 us    |              _raw_spin_trylock();
 3)   0.161 us    |              free_frozen_page_commit();
 3)   0.161 us    |              _raw_spin_unlock();
 3)   1.473 us    |            }
 3)   1.793 us    |          }
 3)   2.124 us    |        }
 3)               |        lruvec_stat_mod_folio() {
 3)   0.150 us    |          __rcu_read_lock();
 3)   0.151 us    |          __rcu_read_unlock();
 3)   0.160 us    |          mod_node_page_state();
 3)   1.122 us    |        }
 3)               |        __free_pages() {
 3)               |          ___free_pages() {
 3)               |            __free_frozen_pages() {
 3)   0.160 us    |              __get_pfnblock_flags_mask.isra.0();
 3)   0.150 us    |              _raw_spin_trylock();
 3)   0.161 us    |              free_frozen_page_commit();
 3)   0.160 us    |              _raw_spin_unlock();
 3)   1.472 us    |            }
 3)   1.783 us    |          }
 3)   2.114 us    |        }
 3)               |        lruvec_stat_mod_folio() {
 3)   0.161 us    |          __rcu_read_lock();
 3)   0.149 us    |          __rcu_read_unlock();
 3)   0.150 us    |          mod_node_page_state();
 3)   1.122 us    |        }
 3)               |        __free_pages() {
 3)               |          ___free_pages() {
 3)               |            __free_frozen_pages() {
 3)   0.150 us    |              __get_pfnblock_flags_mask.isra.0();
 3)   0.160 us    |              _raw_spin_trylock();
 3)   0.160 us    |              free_frozen_page_commit();
 3)   0.160 us    |              _raw_spin_unlock();
 3)   1.543 us    |            }
 3)   1.864 us    |          }
 3)   2.174 us    |        }
 3)               |        kvfree() {
 3)   0.151 us    |          is_vmalloc_addr();
 3)   0.190 us    |          kfree();
 3)   0.862 us    |        }
 3)   0.210 us    |        kfree();
 3) + 20.789 us   |      }
 3) + 21.129 us   |    }
 3)   0.151 us    |    _raw_spin_lock_irq();
 3)   0.171 us    |    pwq_dec_nr_in_flight();
 3) + 22.883 us   |  }
 3)   0.170 us    |  worker_enter_idle();
 3)   0.160 us    |  _raw_spin_unlock_irq();
 3)               |  schedule() {
 3)               |    wq_worker_sleeping() {
 3)   0.151 us    |      kthread_data();
 3)   0.481 us    |    }
 3)   0.161 us    |    rcu_note_context_switch();
 3)   0.150 us    |    migrate_disable_switch.isra.0();
 3)               |    raw_spin_rq_lock_nested() {
 3)   0.161 us    |      _raw_spin_lock();
 3)   0.480 us    |    }
 3)               |    update_rq_clock() {
 3)   0.160 us    |      kvm_steal_clock();
 3)               |      update_irq_load_avg() {
 3)   0.150 us    |        arch_scale_cpu_capacity();
 3)   0.501 us    |      }
 3)   0.150 us    |      arch_scale_cpu_capacity();
 3)   1.523 us    |    }
 3)               |    dequeue_task_fair() {
 3)               |      dequeue_entities() {
 3)               |        update_curr() {
 3)   0.160 us    |          update_se();
 3)   0.501 us    |        }
 3)   0.160 us    |        vruntime_eligible();
 3)   0.160 us    |        __update_load_avg_se();
 3)   0.150 us    |        __update_load_avg_cfs_rq();
 3)   0.160 us    |        avg_vruntime();
 3)   0.160 us    |        entity_lag.isra.0();
 3)   0.150 us    |        update_cfs_group();
 3)   2.955 us    |      }
 3)   3.286 us    |    }
 3)               |    pick_next_task_fair() {
 3)   0.160 us    |      pick_task_fair();
 3)   1.944 us    |      __msecs_to_jiffies();
 3)   2.655 us    |    }
 3)   0.161 us    |    pick_task_idle();
 3)               |    put_prev_task_fair() {
 3)   0.160 us    |      put_prev_entity();
 3)   0.491 us    |    }
 3)   0.160 us    |    set_next_task_idle();
 3)   0.160 us    |    psi_account_irqtime();
 3)               |    psi_task_switch() {
 3)               |      wq_worker_last_func() {
 3)   0.151 us    |        kthread_data();
 3)   0.481 us    |      }
 3)   0.161 us    |      psi_flags_change();
 3)               |      psi_group_change() {
 3)   0.160 us    |        record_times();
 3)   0.511 us    |      }
 3)   1.894 us    |    }
 3)   0.260 us    |    __traceiter_sched_switch();
 ------------------------------------------
 3)   kworker-50   =>    <idle>-0   
 ------------------------------------------

 3)               |      finish_task_switch.isra.0() {
 3)   0.161 us    |        _raw_spin_unlock();
 3)               |        irq_enter_rcu() {
 3)               |          tick_irq_enter() {
 3)   0.240 us    |            tick_check_oneshot_broadcast_this_cpu();
 3)   0.601 us    |          }
 3)   0.189 us    |          irqtime_account_irq();
 3)   1.302 us    |        }
 3)               |        __sysvec_call_function_single() {
 3)               |          generic_smp_call_function_single_interrupt() {
 3)               |            __flush_smp_call_function_queue() {
 3)   0.201 us    |              flush_tlb_func();
 3)   0.631 us    |            }
 3)   0.962 us    |          }
 3)   1.312 us    |        }
 3)               |        irq_exit_rcu() {
 3)   0.190 us    |          irqtime_account_irq();
 3)   0.170 us    |          sched_core_idle_cpu();
 3)   0.160 us    |          tick_nohz_irq_exit();
 3)   1.222 us    |        }
 3)   6.483 us    |      }
 3) + 56.736 us   |    } /* schedule_idle */
 3) ! 529.643 us  |  } /* do_idle */
 3)               |  do_idle() {
 3)   0.151 us    |    nohz_run_idle_balance();
 3)               |    tick_nohz_idle_enter() {
 3)   0.190 us    |      ktime_get();
 3)   0.561 us    |    }
 3)               |    arch_cpu_idle_enter() {
 3)   0.160 us    |      tsc_verify_tsc_adjust();
 3)   0.151 us    |      local_touch_nmi();
 3)   0.832 us    |    }
 3)   0.150 us    |    rcu_nocb_flush_deferred_wakeup();
 3)   0.150 us    |    cpuidle_get_cpu_driver();
 3)   0.151 us    |    cpuidle_not_available();
 3)   0.150 us    |    tick_nohz_tick_stopped();
 3)   0.160 us    |    tick_nohz_idle_retain_tick();
 1)   0.149 us    |                  } /* free_swap_cache */
 1)   0.151 us    |                  free_swap_cache();
 1)   0.151 us    |                  free_swap_cache();
 1)   0.151 us    |                  free_swap_cache();
 1)   0.160 us    |                  free_swap_cache();
 1)   0.161 us    |                  free_swap_cache();
 1)   0.150 us    |                  free_swap_cache();
 1)   0.150 us    |                  free_swap_cache();
 1)   0.149 us    |                  free_swap_cache();
 1)   0.150 us    |                  free_swap_cache();
 1)   0.150 us    |                  free_swap_cache();
 1)   0.161 us    |                  free_swap_cache();
 1)   0.150 us    |                  free_swap_cache();
 1)   0.151 us    |                  free_swap_cache();
 1)   0.151 us    |                  free_swap_cache();
 1)   0.151 us    |                  free_swap_cache();
 1)   0.151 us    |                  free_swap_cache();
 1)   0.210 us    |                  folios_put_refs();
 1)   0.150 us    |                  free_swap_cache();
 1)   0.150 us    |                  free_swap_cache();
 1)   0.150 us    |                  free_swap_cache();
 1)   0.149 us    |                  free_swap_cache();
 1)   0.150 us    |                  free_swap_cache();
 1)   0.160 us    |                  free_swap_cache();
 1)   0.151 us    |                  free_swap_cache();
 1)   0.150 us    |                  free_swap_cache();
 1)   0.151 us    |                  free_swap_cache();
 1)   0.150 us    |                  free_swap_cache();
 1)   0.161 us    |                  free_swap_cache();
 1)   0.150 us    |                  free_swap_cache();
 1)   0.160 us    |                  free_swap_cache();
 1)   0.151 us    |                  free_swap_cache();
 1)   0.151 us    |                  free_swap_cache();
 1)   0.151 us    |                  free_swap_cache();
 1)   0.151 us    |                  free_swap_cache();
 1)   0.150 us    |                  free_swap_cache();
 1)   0.160 us    |                  free_swap_cache();
 1)   0.150 us    |                  free_swap_cache();
 1)   0.150 us    |                  free_swap_cache();
 1)   0.150 us    |                  free_swap_cache();
 1)   0.150 us    |                  free_swap_cache();
 1)   0.149 us    |                  free_swap_cache();
 1)   0.161 us    |                  free_swap_cache();
 1)   0.151 us    |                  free_swap_cache();
 1)   0.151 us    |                  free_swap_cache();
 1)   0.150 us    |                  free_swap_cache();
 1)   0.151 us    |                  free_swap_cache();
 1)   0.160 us    |                  free_swap_cache();
 1)   0.161 us    |                  free_swap_cache();
 1)   0.189 us    |                  folios_put_refs();
 1)   0.160 us    |                  free_swap_cache();
 1)   0.151 us    |                  free_swap_cache();
 1)   0.160 us    |                  free_swap_cache();
 1)   0.150 us    |                  free_swap_cache();
 1)   0.150 us    |                  free_swap_cache();
 1)   0.161 us    |                  free_swap_cache();
 1)   0.160 us    |                  free_swap_cache();
 1)   0.151 us    |                  free_swap_cache();
 1)   0.150 us    |                  free_swap_cache();
 1)   0.151 us    |                  free_swap_cache();
 1)   0.160 us    |                  free_swap_cache();
 1)   0.150 us    |                  free_swap_cache();
 1)   0.149 us    |                  free_swap_cache();
 1)   0.150 us    |                  free_swap_cache();
 1)   0.160 us    |                  free_swap_cache();
 1)   0.151 us    |                  free_swap_cache();
 1)   0.150 us    |                  free_swap_cache();
 1)   0.151 us    |                  free_swap_cache();
 1)   0.160 us    |                  free_swap_cache();
 1)   0.150 us    |                  free_swap_cache();
 1)   0.150 us    |                  free_swap_cache();
 1)   0.150 us    |                  free_swap_cache();
 1)   0.149 us    |                  free_swap_cache();
 1)   0.161 us    |                  free_swap_cache();
 1)   0.151 us    |                  free_swap_cache();
 1)   0.151 us    |                  free_swap_cache();
 1)   0.150 us    |                  free_swap_cache();
 1)   0.160 us    |                  free_swap_cache();
 1)   0.160 us    |                  free_swap_cache();
 1)   0.150 us    |                  free_swap_cache();
 1)   0.150 us    |                  free_swap_cache();
 1)   0.200 us    |                  folios_put_refs();
 1)   0.150 us    |                  free_swap_cache();
 1)   0.150 us    |                  free_swap_cache();
 1)   0.160 us    |                  free_swap_cache();
 1)   0.151 us    |                  free_swap_cache();
 1)   0.151 us    |                  free_swap_cache();
 1)   0.151 us    |                  free_swap_cache();
 1)   0.151 us    |                  free_swap_cache();
 1)   0.160 us    |                  free_swap_cache();
 1)   0.149 us    |                  free_swap_cache();
 1)   0.150 us    |                  free_swap_cache();
 1)   0.150 us    |                  free_swap_cache();
 1)   0.150 us    |                  free_swap_cache();
 1)   0.160 us    |                  free_swap_cache();
 1)   0.151 us    |                  free_swap_cache();
 1)   0.151 us    |                  free_swap_cache();
 1)   0.151 us    |                  free_swap_cache();
 1)   0.151 us    |                  free_swap_cache();
 1)   0.160 us    |                  free_swap_cache();
 1)   0.150 us    |                  free_swap_cache();
 1)   0.150 us    |                  free_swap_cache();
 1)   0.150 us    |                  free_swap_cache();
 1)   0.151 us    |                  free_swap_cache();
 1)   0.151 us    |                  free_swap_cache();
 1)   0.151 us    |                  free_swap_cache();
 1)   0.160 us    |                  free_swap_cache();
 1)   0.150 us    |                  free_swap_cache();
 1)   0.149 us    |                  free_swap_cache();
 1)   0.150 us    |                  free_swap_cache();
 1)   0.150 us    |                  free_swap_cache();
 1)   0.161 us    |                  free_swap_cache();
 1)   0.150 us    |                  free_swap_cache();
 1)               |                  folios_put_refs() {
 1)               |                    __page_cache_release.part.0() {
 1)               |                      folio_lruvec_lock_irqsave() {
 1)   0.150 us    |                        __rcu_read_lock();
 1)   0.150 us    |                        _raw_spin_lock_irqsave();
 1)   0.801 us    |                      }
 1)               |                      mod_lruvec_state() {
 1)   0.160 us    |                        mod_node_page_state();
 1)               |                        __mod_memcg_lruvec_state() {
 1)   0.151 us    |                          memcg_state_val_in_pages();
 1)   0.150 us    |                          __css_rstat_updated();
 1)   0.811 us    |                        }
 1)   1.453 us    |                      }
 1)   0.151 us    |                      __mod_zone_page_state();
 1)   3.086 us    |                    }
 1)               |                    __page_cache_release.part.0() {
 1)               |                      mod_lruvec_state() {
 1)   0.151 us    |                        mod_node_page_state();
 1)               |                        __mod_memcg_lruvec_state() {
 1)   0.150 us    |                          memcg_state_val_in_pages();
 1)   0.150 us    |                          __css_rstat_updated();
 1)   0.801 us    |                        }
 1)   1.443 us    |                      }
 1)   0.160 us    |                      __mod_zone_page_state();
 1)   2.104 us    |                    }
 1)   0.160 us    |                    _raw_spin_unlock_irqrestore();
 1)   0.150 us    |                    __rcu_read_unlock();
 1)               |                    __mem_cgroup_uncharge_folios() {
 1)   0.170 us    |                      uncharge_folio();
 1)   0.160 us    |                      uncharge_folio();
 1)               |                      uncharge_batch() {
 1)   0.151 us    |                        __rcu_read_lock();
 1)   0.151 us    |                        __rcu_read_unlock();
 1)   0.792 us    |                      }
 1)   1.803 us    |                    }
 1)               |                    free_unref_folios() {
 1)   0.151 us    |                      _raw_spin_trylock();
 1)   0.160 us    |                      free_frozen_page_commit();
 1)   0.160 us    |                      free_frozen_page_commit();
 1)   0.160 us    |                      _raw_spin_unlock();
 1)   1.513 us    |                    }
 1) + 10.079 us   |                  }
 1)   0.150 us    |                  free_swap_cache();
 1)   0.149 us    |                  free_swap_cache();
 1)   0.150 us    |                  free_swap_cache();
 1)   0.160 us    |                  free_swap_cache();
 1)   0.151 us    |                  free_swap_cache();
 1)   0.151 us    |                  free_swap_cache();
 1)   0.151 us    |                  free_swap_cache();
 1)               |                  folios_put_refs() {
 1)               |                    __page_cache_release.part.0() {
 1)               |                      folio_lruvec_lock_irqsave() {
 1)   0.160 us    |                        __rcu_read_lock();
 1)   0.221 us    |                        _raw_spin_lock_irqsave();
 1)   0.871 us    |                      }
 1)               |                      mod_lruvec_state() {
 1)   0.160 us    |                        mod_node_page_state();
 1)               |                        __mod_memcg_lruvec_state() {
 1)   0.160 us    |                          memcg_state_val_in_pages();
 1)   0.151 us    |                          __css_rstat_updated();
 1)   0.801 us    |                        }
 1)   1.443 us    |                      }
 1)   0.150 us    |                      __mod_zone_page_state();
 1)   3.156 us    |                    }
 1)               |                    __page_cache_release.part.0() {
 1)               |                      mod_lruvec_state() {
 1)   0.150 us    |                        mod_node_page_state();
 1)               |                        __mod_memcg_lruvec_state() {
 1)   0.161 us    |                          memcg_state_val_in_pages();
 1)   0.151 us    |                          __css_rstat_updated();
 1)   0.801 us    |                        }
 1)   1.442 us    |                      }
 1)   0.150 us    |                      __mod_zone_page_state();
 1)   2.093 us    |                    }
 1)               |                    __page_cache_release.part.0() {
 1)               |                      mod_lruvec_state() {
 1)   0.160 us    |                        mod_node_page_state();
 1)               |                        __mod_memcg_lruvec_state() {
 1)   0.151 us    |                          memcg_state_val_in_pages();
 1)   0.150 us    |                          __css_rstat_updated();
 1)   0.792 us    |                        }
 1)   1.433 us    |                      }
 1)   0.161 us    |                      __mod_zone_page_state();
 1)   2.094 us    |                    }
 1)               |                    __page_cache_release.part.0() {
 1)               |                      mod_lruvec_state() {
 1)   0.160 us    |                        mod_node_page_state();
 1)               |                        __mod_memcg_lruvec_state() {
 1)   0.161 us    |                          memcg_state_val_in_pages();
 1)   0.150 us    |                          __css_rstat_updated();
 1)   0.802 us    |                        }
 1)   1.442 us    |                      }
 1)   0.151 us    |                      __mod_zone_page_state();
 1)   2.094 us    |                    }
 1)               |                    __page_cache_release.part.0() {
 1)               |                      mod_lruvec_state() {
 1)   0.150 us    |                        mod_node_page_state();
 1)               |                        __mod_memcg_lruvec_state() {
 1)   0.160 us    |                          memcg_state_val_in_pages();
 1)   0.149 us    |                          __css_rstat_updated();
 1)   0.802 us    |                        }
 1)   1.443 us    |                      }
 1)   0.151 us    |                      __mod_zone_page_state();
 1)   2.094 us    |                    }
 1)               |                    __page_cache_release.part.0() {
 1)               |                      mod_lruvec_state() {
 1)   0.151 us    |                        mod_node_page_state();
 1)               |                        __mod_memcg_lruvec_state() {
 1)   0.160 us    |                          memcg_state_val_in_pages();
 1)   0.150 us    |                          __css_rstat_updated();
 1)   0.802 us    |                        }
 1)   1.443 us    |                      }
 1)   0.150 us    |                      __mod_zone_page_state();
 1)   2.095 us    |                    }
 1)               |                    __page_cache_release.part.0() {
 1)               |                      mod_lruvec_state() {
 1)   0.151 us    |                        mod_node_page_state();
 1)               |                        __mod_memcg_lruvec_state() {
 1)   0.160 us    |                          memcg_state_val_in_pages();
 1)   0.150 us    |                          __css_rstat_updated();
 1)   0.801 us    |                        }
 1)   1.443 us    |                      }
 1)   0.151 us    |                      __mod_zone_page_state();
 1)   2.094 us    |                    }
 1)   0.161 us    |                    _raw_spin_unlock_irqrestore();
 1)   0.150 us    |                    __rcu_read_unlock();
 1)               |                    __mem_cgroup_uncharge_folios() {
 1)   0.160 us    |                      uncharge_folio();
 1)   0.151 us    |                      uncharge_folio();
 1)   0.160 us    |                      uncharge_folio();
 1)   0.150 us    |                      uncharge_folio();
 1)   0.150 us    |                      uncharge_folio();
 1)   0.160 us    |                      uncharge_folio();
 1)   0.151 us    |                      uncharge_folio();
 1)               |                      uncharge_batch() {
 1)   0.150 us    |                        __rcu_read_lock();
 1)   0.150 us    |                        __rcu_read_unlock();
 1)   0.801 us    |                      }
 1)   3.397 us    |                    }
 1)               |                    free_unref_folios() {
 1)   0.151 us    |                      _raw_spin_trylock();
 1)   0.160 us    |                      free_frozen_page_commit();
 1)   0.161 us    |                      free_frozen_page_commit();
 1)   0.151 us    |                      free_frozen_page_commit();
 1)   0.160 us    |                      free_frozen_page_commit();
 1)   0.150 us    |                      free_frozen_page_commit();
 1)   0.151 us    |                      free_frozen_page_commit();
 1)   0.150 us    |                      free_frozen_page_commit();
 1)   0.161 us    |                      _raw_spin_unlock();
 1)   3.206 us    |                    }
 1) + 24.747 us   |                  }
 1) + 89.338 us   |                } /* free_pages_and_swap_cache */
 1) + 89.668 us   |              } /* __tlb_batch_free_encoded_pages */
 1)               |              free_pages() {
 1)               |                ___free_pages() {
 1)               |                  __free_frozen_pages() {
 1)   0.171 us    |                    __get_pfnblock_flags_mask.isra.0();
 1)   0.160 us    |                    _raw_spin_trylock();
 1)   0.160 us    |                    free_frozen_page_commit();
 1)   0.161 us    |                    _raw_spin_unlock();
 1)   1.513 us    |                  }
 1)   1.843 us    |                }
 1)   2.164 us    |              }
 1) ! 134.372 us  |            } /* tlb_finish_mmu */
 1)               |            tear_down_vmas() {
 1)               |              remove_vma() {
 1)               |                vm_area_free() {
 1)   0.161 us    |                  kfree();
 1)   0.180 us    |                  kmem_cache_free();
 1)   0.851 us    |                }
 1)   1.211 us    |              }
 1)               |              remove_vma() {
 1)               |                vm_area_free() {
 1)   0.150 us    |                  kfree();
 1)   0.160 us    |                  kmem_cache_free();
 1)   0.802 us    |                }
 1)   1.133 us    |              }
 1)               |              remove_vma() {
 1)               |                vm_area_free() {
 1)   0.160 us    |                  kfree();
 1)   0.160 us    |                  kmem_cache_free();
 1)   0.801 us    |                }
 1)   1.122 us    |              }
 1)               |              remove_vma() {
 1)   0.200 us    |                special_mapping_close();
 1)               |                vm_area_free() {
 1)   0.160 us    |                  kfree();
 1)   0.151 us    |                  kmem_cache_free();
 1)   0.791 us    |                }
 1)   1.553 us    |              }
 1)               |              remove_vma() {
 1)   0.170 us    |                special_mapping_close();
 1)               |                vm_area_free() {
 1)   0.150 us    |                  kfree();
 1)   0.160 us    |                  kmem_cache_free();
 1)   0.862 us    |                }
 1)   1.543 us    |              }
 1)               |              remove_vma() {
 1)   0.160 us    |                special_mapping_close();
 1)               |                vm_area_free() {
 1)   0.150 us    |                  kfree();
 1)   0.160 us    |                  kmem_cache_free();
 1)   0.802 us    |                }
 1)   1.454 us    |              }
 1)               |              remove_vma() {
 1)   0.161 us    |                fput();
 1)               |                vm_area_free() {
 1)   0.150 us    |                  kfree();
 1)   0.160 us    |                  kmem_cache_free();
 1)   0.802 us    |                }
 1)   1.474 us    |              }
 1)               |              remove_vma() {
 1)   0.150 us    |                fput();
 1)               |                vm_area_free() {
 1)   0.151 us    |                  kfree();
 1)   0.161 us    |                  kmem_cache_free();
 1)   0.801 us    |                }
 1)   1.452 us    |              }
 1)               |              remove_vma() {
 1)   0.161 us    |                fput();
 1)               |                vm_area_free() {
 1)   0.151 us    |                  kfree();
 1)   0.161 us    |                  kmem_cache_free();
 1)   0.802 us    |                }
 1)   1.432 us    |              }
 1)               |              remove_vma() {
 1)   0.150 us    |                fput();
 1)               |                vm_area_free() {
 1)   0.161 us    |                  kfree();
 1)   0.160 us    |                  kmem_cache_free();
 1)   0.802 us    |                }
 1)   1.452 us    |              }
 1)               |              remove_vma() {
 1)               |                vm_area_free() {
 1)   0.161 us    |                  kfree();
 1)   0.160 us    |                  kmem_cache_free();
 1)   0.792 us    |                }
 1)   1.122 us    |              }
 1)               |              remove_vma() {
 1)               |                vm_area_free() {
 1)   0.161 us    |                  kfree();
 1)               |                  kmem_cache_free() {
 1)               |                    __kfence_free() {
 1)   0.160 us    |                      _raw_spin_lock_irqsave();
 1)               |                      metadata_update_state() {
 1)               |                        stack_trace_save() {
 1)               |                          arch_stack_walk() {
 1)               |                            __unwind_start() {
 1)   0.201 us    |                              get_stack_info();
 1)               |                              unwind_next_frame() {
 1)   0.160 us    |                                __rcu_read_lock();
 1)               |                                orc_find.part.0() {
 1)   0.281 us    |                                  __orc_find();
 1)   0.651 us    |                                }
 1)   0.161 us    |                                stack_access_ok();
 1)   0.160 us    |                                stack_access_ok();
 1)   0.160 us    |                                __rcu_read_unlock();
 1)   2.485 us    |                              }
 1)               |                              unwind_next_frame() {
 1)   0.150 us    |                                __rcu_read_lock();
 1)               |                                orc_find.part.0() {
 1)   0.169 us    |                                  __orc_find();
 1)   0.581 us    |                                }
 1)   0.160 us    |                                stack_access_ok();
 1)   0.151 us    |                                stack_access_ok();
 1)   0.231 us    |                                __rcu_read_unlock();
 1)   2.425 us    |                              }
 1)   5.851 us    |                            }
 1)               |                            unwind_get_return_address() {
 1)               |                              __kernel_text_address() {
 1)   0.160 us    |                                kernel_text_address();
 1)   0.510 us    |                              }
 1)   0.892 us    |                            }
 1)   0.160 us    |                            stack_trace_consume_entry();
 1)               |                            unwind_next_frame() {
 1)   0.151 us    |                              __rcu_read_lock();
 1)               |                              orc_find.part.0() {
 1)   0.280 us    |                                __orc_find();
 1)   0.702 us    |                              }
 1)   0.151 us    |                              stack_access_ok();
 1)   0.151 us    |                              __rcu_read_unlock();
 1)   2.204 us    |                            }
 1)               |                            unwind_get_return_address() {
 1)               |                              __kernel_text_address() {
 1)   0.160 us    |                                kernel_text_address();
 1)   0.481 us    |                              }
 1)   0.812 us    |                            }
 1)   0.160 us    |                            stack_trace_consume_entry();
 1)               |                            unwind_next_frame() {
 1)   0.150 us    |                              __rcu_read_lock();
 1)               |                              orc_find.part.0() {
 1)   0.340 us    |                                __orc_find();
 1)   0.691 us    |                              }
 1)   0.160 us    |                              stack_access_ok();
 1)   0.150 us    |                              stack_access_ok();
 1)   0.150 us    |                              __rcu_read_unlock();
 1)   2.494 us    |                            }
 1)               |                            unwind_get_return_address() {
 1)               |                              __kernel_text_address() {
 1)   0.151 us    |                                kernel_text_address();
 1)   0.481 us    |                              }
 1)   0.791 us    |                            }
 1)   0.151 us    |                            stack_trace_consume_entry();
 1)               |                            unwind_next_frame() {
 1)   0.149 us    |                              __rcu_read_lock();
 1)               |                              orc_find.part.0() {
 1)   0.361 us    |                                __orc_find();
 1)   0.762 us    |                              }
 1)   0.160 us    |                              stack_access_ok();
 1)   0.151 us    |                              __rcu_read_unlock();
 1)   2.154 us    |                            }
 1)               |                            unwind_get_return_address() {
 1)               |                              __kernel_text_address() {
 1)   0.160 us    |                                kernel_text_address();
 1)   0.472 us    |                              }
 1)   0.792 us    |                            }
 1)   0.160 us    |                            stack_trace_consume_entry();
 1)               |                            unwind_next_frame() {
 1)   0.150 us    |                              __rcu_read_lock();
 1)               |                              orc_find.part.0() {
 1)   0.341 us    |                                __orc_find();
 1)   0.751 us    |                              }
 1)   0.151 us    |                              stack_access_ok();
 1)   0.151 us    |                              __rcu_read_unlock();
 1)   2.164 us    |                            }
 1)               |                            unwind_get_return_address() {
 1)               |                              __kernel_text_address() {
 1)   0.150 us    |                                kernel_text_address();
 1)   0.470 us    |                              }
 1)   0.801 us    |                            }
 1)   0.150 us    |                            stack_trace_consume_entry();
 1)               |                            unwind_next_frame() {
 1)   0.160 us    |                              __rcu_read_lock();
 1)               |                              orc_find.part.0() {
 1)   4.208 us    |                                __orc_find();
 1)   4.660 us    |                              }
 1)   0.170 us    |                              stack_access_ok();
 1)   0.161 us    |                              stack_access_ok();
 1)   0.160 us    |                              __rcu_read_unlock();
 1)   6.532 us    |                            }
 1)               |                            unwind_get_return_address() {
 1)               |                              __kernel_text_address() {
 1)   0.160 us    |                                kernel_text_address();
 1)   0.470 us    |                              }
 1)   0.801 us    |                            }
 1)   0.151 us    |                            stack_trace_consume_entry();
 1)               |                            unwind_next_frame() {
 1)   0.150 us    |                              __rcu_read_lock();
 1)               |                              orc_find.part.0() {
 1)   0.261 us    |                                __orc_find();
 1)   0.662 us    |                              }
 1)   0.151 us    |                              stack_access_ok();
 1)   0.160 us    |                              stack_access_ok();
 1)   0.151 us    |                              __rcu_read_unlock();
 1)   2.355 us    |                            }
 1)               |                            unwind_get_return_address() {
 1)               |                              __kernel_text_address() {
 1)   0.150 us    |                                kernel_text_address();
 1)   0.481 us    |                              }
 1)   0.792 us    |                            }
 1)   0.150 us    |                            stack_trace_consume_entry();
 1)               |                            unwind_next_frame() {
 1)   0.150 us    |                              __rcu_read_lock();
 1)               |                              orc_find.part.0() {
 1)   0.261 us    |                                __orc_find();
 1)   0.671 us    |                              }
 1)   0.151 us    |                              stack_access_ok();
 1)   0.161 us    |                              __rcu_read_unlock();
 1)   2.154 us    |                            }
 1)               |                            unwind_get_return_address() {
 1)               |                              __kernel_text_address() {
 1)   0.150 us    |                                kernel_text_address();
 1)   0.472 us    |                              }
 1)   0.802 us    |                            }
 1)   0.150 us    |                            stack_trace_consume_entry();
 1)               |                            unwind_next_frame() {
 1)   0.150 us    |                              __rcu_read_lock();
 1)               |                              orc_find.part.0() {
 1)   0.241 us    |                                __orc_find();
 1)   0.630 us    |                              }
 1)   0.150 us    |                              stack_access_ok();
 1)   0.150 us    |                              stack_access_ok();
 1)   0.151 us    |                              __rcu_read_unlock();
 1)   2.355 us    |                            }
 1)               |                            unwind_get_return_address() {
 1)               |                              __kernel_text_address() {
 1)   0.150 us    |                                kernel_text_address();
 1)   0.481 us    |                              }
 1)   0.792 us    |                            }
 1)   0.150 us    |                            stack_trace_consume_entry();
 1)               |                            unwind_next_frame() {
 1)   0.150 us    |                              __rcu_read_lock();
 1)               |                              orc_find.part.0() {
 1)   0.171 us    |                                __orc_find();
 1)   0.570 us    |                              }
 1)   0.151 us    |                              stack_access_ok();
 1)   0.150 us    |                              __rcu_read_unlock();
 1)   1.944 us    |                            }
 1)               |                            unwind_get_return_address() {
 1)               |                              __kernel_text_address() {
 1)   0.149 us    |                                kernel_text_address();
 1)   0.471 us    |                              }
 1)   0.802 us    |                            }
 1)   0.150 us    |                            stack_trace_consume_entry();
 1)               |                            unwind_next_frame() {
 1)   0.151 us    |                              __rcu_read_lock();
 1)               |                              orc_find.part.0() {
 1)   0.341 us    |                                __orc_find();
 1)   0.652 us    |                              }
 1)   0.151 us    |                              stack_access_ok();
 1)   0.150 us    |                              __rcu_read_unlock();
 1)   1.954 us    |                            }
 1)               |                            unwind_get_return_address() {
 1)               |                              __kernel_text_address() {
 1)   0.151 us    |                                kernel_text_address();
 1)   0.481 us    |                              }
 1)   0.802 us    |                            }
 1)   0.150 us    |                            stack_trace_consume_entry();
 1)               |                            unwind_next_frame() {
 1)   0.150 us    |                              __rcu_read_lock();
 1)               |                              orc_find.part.0() {
 1)   0.341 us    |                                __orc_find();
 1)   0.761 us    |                              }
 1)   0.160 us    |                              stack_access_ok();
 1)   0.150 us    |                              __rcu_read_unlock();
 1)   2.265 us    |                            }
 1)               |                            unwind_get_return_address() {
 1)               |                              __kernel_text_address() {
 1)   0.151 us    |                                kernel_text_address();
 1)   0.481 us    |                              }
 1)   0.802 us    |                            }
 1)   0.150 us    |                            stack_trace_consume_entry();
 1)               |                            unwind_next_frame() {
 1)   0.150 us    |                              __rcu_read_lock();
 1)               |                              orc_find.part.0() {
 1)   0.370 us    |                                __orc_find();
 1)   0.821 us    |                              }
 1)   0.151 us    |                              stack_access_ok();
 1)   0.149 us    |                              stack_access_ok();
 1)   0.150 us    |                              __rcu_read_unlock();
 1)   2.645 us    |                            }
 1)               |                            unwind_get_return_address() {
 1)               |                              __kernel_text_address() {
 1)   0.151 us    |                                kernel_text_address();
 1)   0.471 us    |                              }
 1)   0.802 us    |                            }
 1)   0.151 us    |                            stack_trace_consume_entry();
 1)               |                            unwind_next_frame() {
 1)   0.150 us    |                              __rcu_read_lock();
 1)               |                              orc_find.part.0() {
 1)   0.431 us    |                                __orc_find();
 1)   1.072 us    |                              }
 1)   0.150 us    |                              stack_access_ok();
 1)   0.150 us    |                              __rcu_read_unlock();
 1)   2.585 us    |                            }
 1)               |                            unwind_get_return_address() {
 1)               |                              __kernel_text_address() {
 1)               |                                kernel_text_address() {
 1)   0.530 us    |                                  in_gate_area_no_mm();
 1)               |                                  is_module_text_address() {
 1)   0.151 us    |                                    __rcu_read_lock();
 1)   0.171 us    |                                    __module_address();
 1)   0.151 us    |                                    __rcu_read_unlock();
 1)   1.172 us    |                                  }
 1)               |                                  __is_insn_slot_addr() {
 1)   0.150 us    |                                    __rcu_read_lock();
 1)   0.151 us    |                                    __rcu_read_unlock();
 1)   0.911 us    |                                  }
 1)               |                                  __is_insn_slot_addr() {
 1)   0.150 us    |                                    __rcu_read_lock();
 1)   0.150 us    |                                    __rcu_read_unlock();
 1)   0.871 us    |                                  }
 1)               |                                  is_bpf_text_address() {
 1)   0.150 us    |                                    __rcu_read_lock();
 1)   0.171 us    |                                    bpf_ksym_find();
 1)   0.151 us    |                                    __rcu_read_unlock();
 1)   1.171 us    |                                  }
 1)   5.941 us    |                                }
 1)   6.261 us    |                              }
 1)   6.603 us    |                            }
 1) + 65.963 us   |                          }
 1) + 66.324 us   |                        }
 1)   0.201 us    |                        local_clock();
 1) + 67.057 us   |                      }
 1)   0.171 us    |                      _raw_spin_unlock_irqrestore();
 1)               |                      call_rcu() {
 1)               |                        __call_rcu_common() {
 1)   0.151 us    |                          rcu_async_should_hurry();
 1)   0.161 us    |                          rcu_segcblist_enqueue();
 1)   0.811 us    |                        }
 1)   1.133 us    |                      }
 1) + 69.621 us   |                    }
 1) + 70.081 us   |                  }
 1) + 70.713 us   |                }
 1) + 71.033 us   |              }
 1) + 88.506 us   |            }
 1)   0.211 us    |            kfree();
 1)   0.151 us    |            up_write();
 1) ! 652.113 us  |          } /* exit_mmap */
 1)   0.160 us    |          mm_put_huge_zero_folio();
 1)               |          fput() {
 1)   0.160 us    |            __file_ref_put();
 1)               |            __fput_deferred() {
 1)               |              task_work_add() {
 1)   0.160 us    |                kick_process();
 1)   0.530 us    |              }
 1)   0.871 us    |            }
 1)   1.583 us    |          }
 1)   0.160 us    |          module_put();
 1)               |          lru_gen_del_mm() {
 1)   0.151 us    |            _raw_spin_lock();
 1)   0.160 us    |            _raw_spin_unlock();
 1)   0.911 us    |          }
 1)               |          futex_hash_free() {
 1)   0.160 us    |            free_percpu();
 1)               |            kvfree() {
 1)   0.160 us    |              is_vmalloc_addr();
 1)   0.150 us    |              kfree();
 1)   0.832 us    |            }
 1)   1.543 us    |          }
 1) ! 659.977 us  |        } /* mmput */
 1)               |        acct_process() {
 1)   0.161 us    |          task_active_pid_ns();
 1)   0.552 us    |        }
 1)   0.171 us    |        exit_sem();
 1)               |        exit_shm() {
 1)   0.161 us    |          _raw_spin_lock();
 1)   0.160 us    |          _raw_spin_unlock();
 1)   0.822 us    |        }
 1)               |        exit_files() {
 1)   0.150 us    |          _raw_spin_lock();
 1)   0.150 us    |          _raw_spin_unlock();
 1)               |          put_files_struct.part.0() {
 1)               |            filp_close() {
 1)               |              filp_flush() {
 1)   0.171 us    |                dnotify_flush();
 1)   0.181 us    |                locks_remove_posix();
 1)   0.932 us    |              }
 1)   0.160 us    |              fput_close();
 1)   1.634 us    |            }
 1)               |            filp_close() {
 1)               |              filp_flush() {
 1)   0.150 us    |                dnotify_flush();
 1)   0.170 us    |                locks_remove_posix();
 1)   0.851 us    |              }
 1)   0.150 us    |              fput_close();
 1)   1.503 us    |            }
 1)               |            filp_close() {
 1)               |              filp_flush() {
 1)   0.181 us    |                dnotify_flush();
 1)   0.160 us    |                locks_remove_posix();
 1)   0.852 us    |              }
 1)   0.161 us    |              fput_close();
 1)   1.583 us    |            }
 1)               |            filp_close() {
 1)               |              filp_flush() {
 1)   0.160 us    |                dnotify_flush();
 1)   0.150 us    |                locks_remove_posix();
 1)   0.821 us    |              }
 1)               |              fput_close() {
 1)               |                __fput_deferred() {
 1)   0.171 us    |                  task_work_add();
 1)   0.491 us    |                }
 1)   0.811 us    |              }
 1)   2.124 us    |            }
 1)   0.180 us    |            kmem_cache_free();
 1)   8.126 us    |          }
 1)   9.126 us    |        }
 1)               |        exit_fs() {
 1)   0.160 us    |          _raw_spin_lock();
 1)   0.180 us    |          _raw_spin_lock();
 1)   0.161 us    |          _raw_spin_unlock();
 1)   0.160 us    |          _raw_spin_unlock();
 1)               |          path_put() {
 1)               |            dput() {
 1)               |              dput.part.0() {
 1)   0.151 us    |                __rcu_read_lock();
 1)   0.160 us    |                __rcu_read_unlock();
 1)   0.851 us    |              }
 1)   1.173 us    |            }
 1)               |            mntput() {
 1)   0.151 us    |              __rcu_read_lock();
 1)   0.150 us    |              __rcu_read_unlock();
 1)   0.811 us    |            }
 1)   2.535 us    |          }
 1)               |          path_put() {
 1)               |            dput() {
 1)               |              dput.part.0() {
 1)   0.160 us    |                __rcu_read_lock();
 1)   0.150 us    |                __rcu_read_unlock();
 1)   0.821 us    |              }
 1)   1.142 us    |            }
 1)               |            mntput() {
 1)   0.160 us    |              __rcu_read_lock();
 1)   0.150 us    |              __rcu_read_unlock();
 1)   0.842 us    |            }
 1)   2.475 us    |          }
 1)   0.160 us    |          kmem_cache_free();
 1)   7.244 us    |        }
 1)   0.161 us    |        disassociate_ctty();
 1)               |        exit_nsproxy_namespaces() {
 1)               |          switch_task_namespaces() {
 1)   0.160 us    |            _raw_spin_lock();
 1)   0.160 us    |            _raw_spin_unlock();
 1)   0.841 us    |          }
 1)   1.182 us    |        }
 1)               |        task_work_run() {
 1)   0.160 us    |          _raw_spin_lock_irq();
 1)   0.160 us    |          _raw_spin_unlock_irq();
 1)               |          ____fput() {
 1)               |            __fput() {
 1)   0.160 us    |              locks_remove_file();
 1)               |              security_file_release() {
 1)   0.160 us    |                bpf_lsm_file_release();
 1)   0.521 us    |              }
 1)   0.160 us    |              module_put();
 1)   0.161 us    |              file_f_owner_release();
 1)               |              dput() {
 1)               |                dput.part.0() {
 1)   0.160 us    |                  __rcu_read_lock();
 1)   0.151 us    |                  __rcu_read_unlock();
 1)   0.872 us    |                }
 1)   1.192 us    |              }
 1)               |              mntput() {
 1)   0.150 us    |                __rcu_read_lock();
 1)   0.151 us    |                __rcu_read_unlock();
 1)   0.801 us    |              }
 1)               |              security_file_free() {
 1)               |                hook_file_free_security() {
 1)   0.160 us    |                  put_pid();
 1)   0.160 us    |                  landlock_put_ruleset_deferred();
 1)   0.873 us    |                }
 1)   0.150 us    |                bpf_lsm_file_free_security();
 1)   0.171 us    |                kmem_cache_free();
 1)   1.914 us    |              }
 1)   0.191 us    |              kmem_cache_free();
 1)   6.763 us    |            }
 1)   7.093 us    |          }
 1)               |          ____fput() {
 1)               |            __fput() {
 1)   0.151 us    |              locks_remove_file();
 1)               |              security_file_release() {
 1)   0.161 us    |                bpf_lsm_file_release();
 1)   0.481 us    |              }
 1)   0.151 us    |              module_put();
 1)   0.150 us    |              file_f_owner_release();
 1)               |              dput() {
 1)               |                dput.part.0() {
 1)   0.160 us    |                  __rcu_read_lock();
 1)   0.160 us    |                  __rcu_read_unlock();
 1)   0.811 us    |                }
 1)   1.133 us    |              }
 1)               |              mntput() {
 1)   0.150 us    |                __rcu_read_lock();
 1)   0.160 us    |                __rcu_read_unlock();
 1)   0.802 us    |              }
 1)               |              security_file_free() {
 1)               |                hook_file_free_security() {
 1)   0.160 us    |                  put_pid();
 1)   0.161 us    |                  landlock_put_ruleset_deferred();
 1)   0.901 us    |                }
 1)   0.160 us    |                bpf_lsm_file_free_security();
 1)   0.161 us    |                kmem_cache_free();
 1)   1.883 us    |              }
 1)               |              __put_cred() {
 1)               |                call_rcu() {
 1)               |                  __call_rcu_common() {
 1)   0.151 us    |                    rcu_async_should_hurry();
 1)   0.150 us    |                    rcu_segcblist_enqueue();
 1)   0.811 us    |                  }
 1)   1.132 us    |                }
 1)   1.474 us    |              }
 1)   0.161 us    |              kmem_cache_free();
 1)   8.175 us    |            }
 1)   8.496 us    |          }
 1) + 16.812 us   |        }
 1)               |        exit_thread() {
 1)   0.151 us    |          shstk_free();
 1)   0.161 us    |          fpu__drop();
 1)   0.862 us    |        }
 1)               |        sched_autogroup_exit_task() {
 1)               |          sched_move_task() {
 1)               |            _task_rq_lock() {
 1)   0.151 us    |              _raw_spin_lock_irqsave();
 1)               |              raw_spin_rq_lock_nested() {
 1)   0.151 us    |                _raw_spin_lock();
 1)   0.481 us    |              }
 1)   1.142 us    |            }
 1)               |            sched_change_begin() {
 1)               |              update_rq_clock() {
 1)   0.160 us    |                kvm_steal_clock();
 1)               |                update_irq_load_avg() {
 1)   0.160 us    |                  arch_scale_cpu_capacity();
 1)   0.581 us    |                }
 1)   0.150 us    |                arch_scale_cpu_capacity();
 1)   1.612 us    |              }
 1)               |              dequeue_task_fair() {
 1)               |                dequeue_entities() {
 1)               |                  update_curr() {
 1)               |                    update_se() {
 1)   0.161 us    |                      cpuacct_charge();
 1)   0.501 us    |                    }
 1)               |                    dl_server_update() {
 1)   0.170 us    |                      update_curr_dl_se();
 1)   0.501 us    |                    }
 1)   1.512 us    |                  }
 1)   0.180 us    |                  __update_load_avg_se();
 1)   0.170 us    |                  __update_load_avg_cfs_rq();
 1)   0.161 us    |                  avg_vruntime();
 1)   0.171 us    |                  entity_lag.isra.0();
 1)   0.150 us    |                  update_cfs_group();
 1)   3.678 us    |                }
 1)   4.048 us    |              }
 1)               |              put_prev_task_fair() {
 1)   0.160 us    |                put_prev_entity();
 1)   0.491 us    |              }
 1)   6.942 us    |            }
 1)   0.161 us    |            task_wants_autogroup();
 1)               |            task_change_group_fair() {
 1)   0.160 us    |              __update_load_avg_se();
 1)   0.149 us    |              __update_load_avg_cfs_rq();
 1)   0.170 us    |              detach_entity_load_avg();
 1)   0.191 us    |              propagate_entity_cfs_rq();
 1)               |              attach_entity_cfs_rq() {
 1)   0.150 us    |                __update_load_avg_cfs_rq();
 1)   0.190 us    |                attach_entity_load_avg();
 1)   0.180 us    |                propagate_entity_cfs_rq();
 1)   1.222 us    |              }
 1)   2.986 us    |            }
 1)               |            sched_change_end() {
 1)               |              enqueue_task() {
 1)               |                enqueue_task_fair() {
 1)   0.160 us    |                  update_curr();
 1)   0.160 us    |                  __update_load_avg_se();
 1)   0.150 us    |                  __update_load_avg_cfs_rq();
 1)   0.150 us    |                  update_cfs_group();
 1)               |                  place_entity() {
 1)   0.160 us    |                    avg_vruntime();
 1)   0.491 us    |                  }
 1)   0.181 us    |                  __enqueue_entity();
 1)   0.160 us    |                  dl_server_start();
 1)   0.151 us    |                  hrtimer_active();
 1)   0.161 us    |                  hrtick_start_fair();
 1)   3.576 us    |                }
 1)   3.928 us    |              }
 1)               |              set_next_task_fair() {
 1)               |                set_next_entity() {
 1)   0.180 us    |                  __dequeue_entity();
 1)   0.150 us    |                  __update_load_avg_se();
 1)   0.161 us    |                  __update_load_avg_cfs_rq();
 1)   1.182 us    |                }
 1)   1.512 us    |              }
 1)   0.170 us    |              prio_changed_fair();
 1)   6.322 us    |            }
 1)   0.170 us    |            __resched_curr();
 1)   0.161 us    |            __balance_callbacks();
 1)   0.160 us    |            _raw_spin_unlock();
 1)               |            _raw_spin_unlock_irqrestore() {
 1)   0.191 us    |              rcu_note_context_switch();
 1)   0.241 us    |              migrate_disable_switch.isra.0();
 1)               |              raw_spin_rq_lock_nested() {
 1)   0.161 us    |                _raw_spin_lock();
 1)   0.481 us    |              }
 1)               |              update_rq_clock() {
 1)   0.161 us    |                kvm_steal_clock();
 1)   0.151 us    |                arch_scale_cpu_capacity();
 1)   0.841 us    |              }
 1)               |              pick_next_task_fair() {
 1)               |                pick_task_fair() {
 1)               |                  update_curr() {
 1)               |                    update_se() {
 1)   0.150 us    |                      cpuacct_charge();
 1)   0.481 us    |                    }
 1)               |                    dl_server_update() {
 1)   0.160 us    |                      update_curr_dl_se();
 1)   0.471 us    |                    }
 1)   1.453 us    |                  }
 1)   0.169 us    |                  pick_eevdf();
 1)   2.144 us    |                }
 1)   2.534 us    |              }
 1)   0.161 us    |              _raw_spin_unlock();
 1)   5.791 us    |            }
 1) + 25.688 us   |          }
 1) + 26.039 us   |        }
 1)               |        cgroup_task_exit() {
 1)   0.160 us    |          blkcg_exit();
 1)   0.161 us    |          mem_cgroup_exit();
 1)   0.941 us    |        }
 1)               |        flush_ptrace_hw_breakpoint() {
 1)   0.160 us    |          unregister_hw_breakpoint();
 1)   0.160 us    |          unregister_hw_breakpoint();
 1)   0.151 us    |          unregister_hw_breakpoint();
 1)   0.151 us    |          unregister_hw_breakpoint();
 1)   1.492 us    |        }
 1)               |        exit_tasks_rcu_start() {
 1)   0.150 us    |          _raw_spin_lock_irqsave();
 1)   0.161 us    |          _raw_spin_unlock_irqrestore();
 1)   0.841 us    |        }
 1)   0.151 us    |        _raw_write_lock_irq();
 1)   0.161 us    |        task_active_pid_ns();
 1)   0.291 us    |        kill_orphaned_pgrp();
 1)               |        do_notify_parent() {
 1)               |          __wake_up() {
 1)   0.161 us    |            _raw_spin_lock_irqsave();
 1)   0.161 us    |            __wake_up_common();
 1)   0.160 us    |            _raw_spin_unlock_irqrestore();
 1)   1.183 us    |          }
 1)   0.161 us    |          __rcu_read_lock();
 1)   0.180 us    |          task_active_pid_ns();
 1)               |          __task_pid_nr_ns() {
 1)   0.151 us    |            __rcu_read_lock();
 1)   0.160 us    |            __rcu_read_unlock();
 1)   0.821 us    |          }
 1)   0.150 us    |          __rcu_read_lock();
 1)   0.160 us    |          __rcu_read_unlock();
 1)   0.160 us    |          __rcu_read_lock();
 1)   0.150 us    |          __rcu_read_unlock();
 1)               |          from_kuid_munged() {
 1)   0.160 us    |            map_id_range_up();
 1)   0.490 us    |          }
 1)   0.160 us    |          __rcu_read_unlock();
 1)   0.149 us    |          task_cputime();
 1)   0.161 us    |          nsec_to_clock_t();
 1)   0.151 us    |          nsec_to_clock_t();
 1)   0.181 us    |          _raw_spin_lock_irqsave();
 1)               |          __send_signal_locked() {
 1)   0.191 us    |            prepare_signal();
 1)               |            sig_get_ucounts() {
 1)   0.151 us    |              __rcu_read_lock();
 1)   0.151 us    |              __rcu_read_lock();
 1)   0.161 us    |              __rcu_read_unlock();
 1)   0.231 us    |              inc_rlimit_get_ucounts();
 1)   0.151 us    |              __rcu_read_unlock();
 1)   1.873 us    |            }
 1)   0.191 us    |            kmem_cache_alloc_noprof();
 1)               |            complete_signal() {
 1)               |              wake_up_state() {
 1)               |                try_to_wake_up() {
 1)   0.151 us    |                  _raw_spin_lock_irqsave();
 1)               |                  select_task_rq_fair() {
 1)   0.180 us    |                    choose_idle_cpu();
 1)   0.672 us    |                  }
 1)               |                  ttwu_queue_wakelist() {
 1)   0.161 us    |                    scx_allow_ttwu_queue();
 1)               |                    __smp_call_single_queue() {
 1)   0.180 us    |                      call_function_single_prep_ipi();
 1)               |                      native_send_call_func_single_ipi() {
 1)   1.453 us    |                        x2apic_send_IPI();
 1)   1.793 us    |                      }
 1)   2.534 us    |                    }
 1)   3.286 us    |                  }
 1)   0.160 us    |                  _raw_spin_unlock_irqrestore();
 1)   5.199 us    |                }
 1)   5.530 us    |              }
 1)   5.981 us    |            }
 1)   9.197 us    |          }
 1)               |          __wake_up_parent() {
 1)               |            __wake_up_sync_key() {
 1)   0.160 us    |              _raw_spin_lock_irqsave();
 1)               |              __wake_up_common() {
 1)               |                child_wait_callback() {
 1)               |                  default_wake_function() {
 1)               |                    try_to_wake_up() {
 1)   0.160 us    |                      _raw_spin_lock_irqsave();
 1)   0.161 us    |                      _raw_spin_unlock_irqrestore();
 2)               |    irq_enter_rcu() {
 1)   0.821 us    |                    }
 2)               |      tick_irq_enter() {
 1)   1.142 us    |                  }
 2)   0.160 us    |        tick_check_oneshot_broadcast_this_cpu();
 1)   1.472 us    |                }
 1)   1.883 us    |              }
 2)   0.190 us    |        ktime_get();
 1)   0.160 us    |              _raw_spin_unlock_irqrestore();
 1)   2.865 us    |            }
 2)               |        tick_nohz_stop_idle() {
 1)   3.236 us    |          }
 2)   0.150 us    |          nr_iowait_cpu();
 1)   0.161 us    |          _raw_spin_unlock_irqrestore();
 2)   0.481 us    |        }
 1) + 20.207 us   |        }
 2)   1.563 us    |      }
 1)   0.160 us    |        _raw_write_unlock_irq();
 2)   0.200 us    |      irqtime_account_irq();
 1)   0.200 us    |        proc_exit_connector();
 2)   2.364 us    |    }
 2)               |    __sysvec_call_function_single() {
 1)               |        mpol_put_task_policy() {
 2)               |      generic_smp_call_function_single_interrupt() {
 1)   0.160 us    |          _raw_spin_lock();
 2)               |        __flush_smp_call_function_queue() {
 2)               |          sched_ttwu_pending() {
 1)   0.160 us    |          _raw_spin_unlock();
 2)               |            raw_spin_rq_lock_nested() {
 2)   0.150 us    |              _raw_spin_lock();
 1)   0.832 us    |        }
 1)               |        exit_task_stack_account() {
 2)   0.481 us    |            }
 2)               |            update_rq_clock() {
 1)               |          lruvec_stat_mod_folio() {
 2)   0.160 us    |              kvm_steal_clock();
 1)   0.150 us    |            __rcu_read_lock();
 2)               |              update_irq_load_avg() {
 1)   0.151 us    |            __rcu_read_unlock();
 2)   0.149 us    |                arch_scale_cpu_capacity();
 1)   0.161 us    |            mod_node_page_state();
 2)   0.481 us    |              }
 2)   1.182 us    |            }
 1)   1.133 us    |          }
 2)               |            ttwu_do_activate() {
 1)               |          lruvec_stat_mod_folio() {
 2)               |              enqueue_task() {
 1)   0.150 us    |            __rcu_read_lock();
 2)               |                enqueue_task_fair() {
 1)   0.151 us    |            __rcu_read_unlock();
 2)   0.170 us    |                  update_curr();
 1)   0.160 us    |            mod_node_page_state();
 2)   0.180 us    |                  __update_load_avg_se();
 1)   1.122 us    |          }
 2)   0.170 us    |                  __update_load_avg_cfs_rq();
 1)               |          lruvec_stat_mod_folio() {
 1)   0.150 us    |            __rcu_read_lock();
 2)   0.161 us    |                  update_cfs_group();
 1)   0.150 us    |            __rcu_read_unlock();
 2)               |                  place_entity() {
 2)   0.161 us    |                    avg_vruntime();
 1)   0.160 us    |            mod_node_page_state();
 2)   0.490 us    |                  }
 1)   1.122 us    |          }
 2)   0.170 us    |                  __enqueue_entity();
 1)               |          lruvec_stat_mod_folio() {
 1)   0.150 us    |            __rcu_read_lock();
 2)   0.170 us    |                  dl_server_start();
 1)   0.160 us    |            __rcu_read_unlock();
 2)   3.146 us    |                }
 1)   0.151 us    |            mod_node_page_state();
 2)               |                psi_task_change() {
 2)   0.160 us    |                  psi_flags_change();
 1)   1.132 us    |          }
 1)   5.761 us    |        }
 2)               |                  psi_group_change() {
 1)   0.160 us    |        exit_rcu();
 2)   0.160 us    |                    record_times();
 1)               |        exit_tasks_rcu_finish() {
 2)   0.521 us    |                  }
 1)   0.161 us    |          _raw_spin_lock_irqsave();
 2)   1.252 us    |                }
 2)   4.919 us    |              }
 1)   0.171 us    |          _raw_spin_unlock_irqrestore();
 2)               |              wakeup_preempt() {
 2)               |                wakeup_preempt_idle() {
 1)   0.832 us    |        }
 2)               |                  resched_curr() {
 1)               |        do_task_dead() {
 2)   0.169 us    |                    __resched_curr();
 1)   0.160 us    |          _raw_spin_lock_irqsave();
 2)   0.501 us    |                  }
 1)   0.160 us    |          _raw_spin_unlock_irqrestore();
 2)   0.822 us    |                }
 2)   0.161 us    |                __resched_curr();
 1)   0.171 us    |          rcu_note_context_switch();
 2)   1.492 us    |              }
 1)   0.160 us    |          migrate_disable_switch.isra.0();
 2)   7.044 us    |            }
 1)               |          raw_spin_rq_lock_nested() {
 2)   0.161 us    |            _raw_spin_unlock();
 1)   0.161 us    |            _raw_spin_lock();
 2)   9.778 us    |          }
 1)   0.481 us    |          }
 2) + 10.219 us   |        }
 1)               |          update_rq_clock() {
 2) + 10.560 us   |      }
 1)   0.161 us    |            kvm_steal_clock();
 2) + 10.930 us   |    }
 2)               |    irq_exit_rcu() {
 1)   0.161 us    |            arch_scale_cpu_capacity();
 2)   0.180 us    |      irqtime_account_irq();
 1)   0.852 us    |          }
 2)   0.160 us    |      sched_core_idle_cpu();
 1)               |          dequeue_task_fair() {
 1)               |            dequeue_entities() {
 2)   0.861 us    |    }
 1)               |              update_curr() {
 1)               |                update_se() {
 2)   0.160 us    |    tick_nohz_idle_got_tick();
 1)   0.151 us    |                  cpuacct_charge();
 2)   0.150 us    |    arch_cpu_idle_exit();
 1)   0.481 us    |                }
 1)               |                dl_server_update() {
 2)   0.151 us    |    tick_nohz_idle_exit();
 1)   0.160 us    |                  update_curr_dl_se();
 2)   0.150 us    |    flush_smp_call_function_queue();
 1)   0.481 us    |                }
 1)   1.473 us    |              }
 2)               |    schedule_idle() {
 1)   0.170 us    |              __update_load_avg_se();
 2)   0.170 us    |      rcu_note_context_switch();
 1)   0.160 us    |              __update_load_avg_cfs_rq();
 2)   0.160 us    |      migrate_disable_switch.isra.0();
 1)   0.149 us    |              avg_vruntime();
 2)               |      raw_spin_rq_lock_nested() {
 2)   0.160 us    |        _raw_spin_lock();
 1)   0.160 us    |              entity_lag.isra.0();
 2)   0.492 us    |      }
 1)   0.151 us    |              update_cfs_group();
 2)   0.161 us    |      update_rq_clock();
 1)   3.537 us    |            }
 2)               |      pick_next_task_fair() {
 1)   3.878 us    |          }
 2)               |        pick_task_fair() {
 1)               |          pick_next_task_fair() {
 2)   0.160 us    |          pick_eevdf();
 1)   0.161 us    |            pick_task_fair();
 2)   0.490 us    |        }
 1)   0.160 us    |            __msecs_to_jiffies();
 2)               |        put_prev_task_idle() {
 2)               |          update_curr_idle() {
 1)   0.891 us    |          }
 2)   0.160 us    |            update_curr_dl_se();
 1)   0.150 us    |          pick_task_idle();
 2)   0.491 us    |          }
 1)               |          put_prev_task_fair() {
 2)   0.150 us    |          update_rq_avg_idle();
 1)   0.150 us    |            put_prev_entity();
 2)   1.142 us    |        }
 1)   0.481 us    |          }
 2)               |        set_next_task_fair() {
 1)   0.161 us    |          set_next_task_idle();
 2)               |          set_next_entity() {
 2)   0.180 us    |            __dequeue_entity();
 1)   0.160 us    |          psi_account_irqtime();
 2)   0.160 us    |            __update_load_avg_se();
 1)               |          psi_task_switch() {
 2)   0.149 us    |            __update_load_avg_cfs_rq();
 1)   0.151 us    |            psi_flags_change();
 1)               |            psi_group_change() {
 2)   1.202 us    |          }
 2)               |          __set_next_task_fair.part.0() {
 1)   0.160 us    |              record_times();
 2)   0.160 us    |            hrtick_start_fair();
 1)   0.511 us    |            }
 2)   0.480 us    |          }
 1)   1.243 us    |          }
 2)   2.184 us    |        }
 1)   0.291 us    |          __traceiter_sched_switch();
 2)   4.519 us    |      }
 2)   0.160 us    |      psi_account_irqtime();
 1)   0.210 us    |          save_fpregs_to_fpstate();
 2)               |      psi_task_switch() {
 2)   0.160 us    |        psi_flags_change();
 ------------------------------------------
 1)  multita-512   =>    <idle>-0   
 ------------------------------------------

 1)               |      finish_task_switch.isra.0() {
 2)               |        psi_group_change() {
 1)   0.150 us    |        _raw_spin_unlock();
 2)   0.160 us    |          record_times();
 1)               |        task_dead_fair() {
 2)   0.511 us    |        }
 1)               |          remove_entity_load_avg() {
 2)   1.202 us    |      }
 1)   0.160 us    |            __update_load_avg_blocked_se();
 2)   0.241 us    |      __traceiter_sched_switch();
 1)   0.171 us    |            _raw_spin_lock_irqsave();
 2)               |      switch_mm_irqs_off() {
 1)   0.161 us    |            _raw_spin_unlock_irqrestore();
 2)   0.161 us    |        choose_new_asid();
 1)   1.172 us    |          }
 2)   0.151 us    |        switch_ldt();
 1)   1.494 us    |        }
 1)               |        sched_ext_dead() {
 2)   0.922 us    |      }
 1)   0.191 us    |          _raw_spin_lock_irqsave();
 ------------------------------------------
 2)    <idle>-0    =>     sh-87     
 ------------------------------------------

 2)               |          finish_task_switch.isra.0() {
 1)   0.160 us    |          _raw_spin_unlock_irqrestore();
 2)   0.161 us    |            _raw_spin_unlock();
 1)   0.951 us    |        }
 2)               |            __mmdrop() {
 1)               |        cgroup_task_dead() {
 2)               |              pgd_free() {
 1)   0.160 us    |          _raw_spin_lock_irqsave();
 2)   0.240 us    |                _raw_spin_lock();
 1)   0.201 us    |          css_set_move_task();
 2)   0.161 us    |                _raw_spin_unlock();
 1)   0.161 us    |          _raw_spin_unlock_irqrestore();
 2)               |                lruvec_stat_mod_folio() {
 1)   1.232 us    |        }
 2)   0.150 us    |                  __rcu_read_lock();
 1)               |        put_task_stack() {
 1)   0.171 us    |          try_release_thread_stack_to_cache();
 2)   0.160 us    |                  __rcu_read_unlock();
 1)               |          call_rcu() {
 2)   0.150 us    |                  mod_node_page_state();
 1)               |            __call_rcu_common() {
 1)   0.160 us    |              rcu_async_should_hurry();
 2)   1.142 us    |                }
 2)               |                __free_pages() {
 1)   0.160 us    |              rcu_segcblist_enqueue();
 2)               |                  ___free_pages() {
 2)               |                    __free_frozen_pages() {
 1)   0.821 us    |            }
 2)   0.170 us    |                      __get_pfnblock_flags_mask.isra.0();
 1)   1.142 us    |          }
 1)   1.864 us    |        }
 2)   0.149 us    |                      _raw_spin_trylock();
 1)   0.161 us    |        put_task_struct_rcu_user();
 2)   0.170 us    |                      free_frozen_page_commit();
 1)   7.134 us    |      }
 1) ! 886.614 us  |    } /* schedule_idle */
 2)   0.160 us    |                      _raw_spin_unlock();
 1) # 1233.373 us |  } /* do_idle */
 1)               |  do_idle() {
 2)   1.513 us    |                    }
 1)   0.160 us    |    nohz_run_idle_balance();
 2)   1.843 us    |                  }
 2)   2.175 us    |                }
 1)               |    tick_nohz_idle_enter() {
 2)   4.719 us    |              }
 1)   0.191 us    |      ktime_get();
 2)   0.171 us    |              _raw_spin_lock_irqsave();
 1)   0.591 us    |    }
 2)   0.171 us    |              _raw_spin_unlock_irqrestore();
 1)               |    arch_cpu_idle_enter() {
 1)   0.180 us    |      tsc_verify_tsc_adjust();
 2)   0.151 us    |              destroy_context_ldt();
 1)   0.160 us    |      local_touch_nmi();
 2)   0.160 us    |              mm_free_global_asid();
 1)   0.851 us    |    }
 2)   0.160 us    |              _raw_spin_lock_irqsave();
 1)   0.151 us    |    rcu_nocb_flush_deferred_wakeup();
 1)   0.151 us    |    cpuidle_get_cpu_driver();
 2)   0.160 us    |              _raw_spin_unlock_irqrestore();
 1)   0.160 us    |    cpuidle_not_available();
 2)   0.150 us    |              _raw_spin_lock_irqsave();
 1)   0.160 us    |    tick_nohz_tick_stopped();
 2)   0.161 us    |              _raw_spin_unlock_irqrestore();
 1)   0.161 us    |    tick_nohz_idle_retain_tick();
 2)   0.160 us    |              _raw_spin_lock_irqsave();
 2)   0.161 us    |              _raw_spin_unlock_irqrestore();
 2)   0.161 us    |              _raw_spin_lock_irqsave();
 2)   0.160 us    |              _raw_spin_unlock_irqrestore();
 2)   0.170 us    |              mm_pasid_drop();
 2)               |              free_percpu() {
 2)   0.230 us    |                vmalloc_to_page();
 2)   0.150 us    |                _raw_spin_lock_irqsave();
 2)               |                pcpu_free_area() {
 2)   0.161 us    |                  pcpu_chunk_slot();
 2)   0.180 us    |                  pcpu_block_update();
 2)   0.161 us    |                  pcpu_block_update();
 2)   0.161 us    |                  pcpu_chunk_relocate();
 2)   1.683 us    |                }
 2)   0.161 us    |                _raw_spin_unlock_irqrestore();
 2)   3.236 us    |              }
 2)   0.170 us    |              _raw_spin_lock_irqsave();
 2)   0.160 us    |              _raw_spin_unlock_irqrestore();
 2)               |              free_percpu() {
 2)   0.150 us    |                vmalloc_to_page();
 2)   0.160 us    |                _raw_spin_lock_irqsave();
 2)               |                pcpu_free_area() {
 2)   0.160 us    |                  pcpu_chunk_slot();
 2)   0.150 us    |                  pcpu_block_update();
 2)   0.151 us    |                  pcpu_block_update();
 2)   0.160 us    |                  pcpu_chunk_relocate();
 2)   1.472 us    |                }
 2)   0.161 us    |                _raw_spin_unlock_irqrestore();
 2)   2.774 us    |              }
 2)   0.200 us    |              kmem_cache_free();
 2) + 17.483 us   |            }
 2) + 18.214 us   |          }
 2) * 63905.78 us |        } /* schedule */
 2)               |        __do_wait() {
 2)   0.160 us    |          _raw_read_lock();
 2)               |          wait_consider_task() {
 2)               |            __task_pid_nr_ns() {
 2)   0.151 us    |              __rcu_read_lock();
 2)   0.160 us    |              __rcu_read_unlock();
 2)   0.881 us    |            }
 2)   0.151 us    |            __rcu_read_lock();
 2)   0.150 us    |            __rcu_read_unlock();
 2)               |            from_kuid_munged() {
 2)   0.160 us    |              map_id_range_up();
 2)   0.490 us    |            }
 2)   0.150 us    |            _raw_read_unlock();
 2)               |            thread_group_cputime_adjusted() {
 2)               |              thread_group_cputime() {
 2)   0.150 us    |                __rcu_read_lock();
 2)   0.160 us    |                task_cputime();
 2)   0.150 us    |                __rcu_read_unlock();
 2)   1.162 us    |              }
 2)               |              cputime_adjust() {
 2)   0.170 us    |                _raw_spin_lock_irqsave();
 2)   0.160 us    |                _raw_spin_unlock_irqrestore();
 2)   0.811 us    |              }
 2)   2.515 us    |            }
 2)   0.181 us    |            _raw_spin_lock_irq();
 2)   0.160 us    |            task_gtime();
 2)   0.160 us    |            _raw_spin_unlock_irq();
 2)               |            release_task() {
 2)   0.151 us    |              __rcu_read_lock();
 2)   0.150 us    |              __rcu_read_unlock();
 2)   0.171 us    |              dec_rlimit_ucounts();
 2)               |              pidfs_exit() {
 2)   0.151 us    |                _raw_spin_lock_irq();
 2)   0.161 us    |                _raw_spin_unlock_irq();
 2)   0.812 us    |              }
 2)               |              cgroup_task_release() {
 2)   0.190 us    |                pids_release();
 2)   0.581 us    |              }
 2)   0.150 us    |              _raw_write_lock_irq();
 2)   0.160 us    |              _raw_spin_lock();
 2)   0.170 us    |              posix_cpu_timers_exit();
 2)   0.201 us    |              posix_cpu_timers_exit_group();
 2)   0.160 us    |              task_cputime();
 2)   0.150 us    |              _raw_spin_lock();
 2)   0.160 us    |              task_gtime();
 2)               |              detach_pid() {
 2)   0.171 us    |                __change_pid();
 2)   0.501 us    |              }
 2)               |              __wake_up() {
 2)   0.150 us    |                _raw_spin_lock_irqsave();
 2)   0.160 us    |                __wake_up_common();
 2)   0.160 us    |                _raw_spin_unlock_irqrestore();
 2)   1.171 us    |              }
 2)               |              detach_pid() {
 2)   0.170 us    |                __change_pid();
 2)   0.491 us    |              }
 2)               |              detach_pid() {
 2)   0.170 us    |                __change_pid();
 2)   0.491 us    |              }
 2)               |              detach_pid() {
 2)   0.150 us    |                __change_pid();
 2)   0.472 us    |              }
 2)   0.160 us    |              _raw_spin_unlock();
 2)   0.160 us    |              _raw_spin_unlock();
 2)               |              __cleanup_sighand() {
 2)   0.151 us    |                signalfd_cleanup();
 2)   0.531 us    |                kmem_cache_free();
 2)   1.223 us    |              }
 2)   0.160 us    |              tty_kref_put();
 2)   0.160 us    |              _raw_write_unlock_irq();
 2)               |              proc_flush_pid() {
 2)               |                proc_invalidate_siblings_dcache() {
 2)   0.150 us    |                  __rcu_read_lock();
 2)   0.160 us    |                  __rcu_read_unlock();
 2)   0.812 us    |                }
 2)   1.162 us    |              }
 2)               |              exit_cred_namespaces() {
 2)   0.151 us    |                __ns_ref_active_put();
 2)   0.501 us    |              }
 2)               |              add_device_randomness() {
 2)   0.180 us    |                _raw_spin_lock_irqsave();
 2)   0.170 us    |                blake2s_update();
 2)   0.161 us    |                blake2s_update();
 2)   0.160 us    |                _raw_spin_unlock_irqrestore();
 2)   1.573 us    |              }
 2)               |              free_pids() {
 2)               |                free_pid() {
 2)   0.150 us    |                  __ns_ref_active_put();
 2)   0.161 us    |                  _raw_spin_lock();
 2)               |                  call_rcu() {
 2)               |                    __call_rcu_common() {
 2)   0.150 us    |                      rcu_async_should_hurry();
 2)   0.150 us    |                      rcu_segcblist_enqueue();
 2)   0.831 us    |                    }
 2)   1.153 us    |                  }
 2)   0.160 us    |                  _raw_spin_unlock();
 2)               |                  pidfs_remove_pid() {
 2)   0.230 us    |                    __rcu_read_lock();
 2)   0.151 us    |                    __rcu_read_unlock();
 2)   1.002 us    |                  }
 2)               |                  call_rcu() {
 2)               |                    __call_rcu_common() {
 2)   0.150 us    |                      rcu_async_should_hurry();
 2)   0.151 us    |                      rcu_segcblist_enqueue();
 2)   0.802 us    |                    }
 2)   1.122 us    |                  }
 2)   5.150 us    |                }
 2)   5.501 us    |              }
 2)   0.150 us    |              release_thread();
 2)   0.160 us    |              flush_sigqueue();
 2)   0.150 us    |              flush_sigqueue();
 2)               |              put_task_struct_rcu_user() {
 2)               |                call_rcu() {
 2)               |                  __call_rcu_common() {
 2)   0.150 us    |                    rcu_async_should_hurry();
 2)   0.151 us    |                    rcu_segcblist_enqueue();
 2)   0.801 us    |                  }
 2)   1.112 us    |                }
 2)   1.473 us    |              }
 2) + 24.566 us   |            }
 2) + 31.649 us   |          }
 2) + 32.361 us   |        }
 2)               |        remove_wait_queue() {
 2)   0.160 us    |          _raw_spin_lock_irqsave();
 2)   0.160 us    |          _raw_spin_unlock_irqrestore();
 2)   0.822 us    |        }
 2) * 63942.32 us |      } /* do_wait */
 2)   0.160 us    |      put_pid();
 2) * 63943.37 us |    } /* kernel_wait4 */
 2) * 63943.99 us |  } /* __x64_sys_wait4 */
 2)               |  arch_do_signal_or_restart() {
 2)               |    get_signal() {
 2)   0.150 us    |      uprobe_deny_signal();
 2)   0.181 us    |      _raw_spin_lock_irq();
 2)               |      dequeue_signal() {
 2)               |        collect_signal() {
 2)               |          __sigqueue_free() {
 2)               |            dec_rlimit_put_ucounts() {
 2)   0.150 us    |              put_ucounts();
 2)   0.481 us    |            }
 2)   0.171 us    |            kmem_cache_free();
 2)   1.172 us    |          }
 2)   1.523 us    |        }
 2)   0.160 us    |        recalc_sigpending();
 2)   2.225 us    |      }
 2)   0.160 us    |      _raw_spin_unlock_irq();
 2)   3.667 us    |    }
 2)               |    x64_setup_rt_frame() {
 2)               |      get_sigframe() {
 2)   0.241 us    |        fpu__alloc_mathframe();
 2)               |        copy_fpstate_to_sigframe() {
 2)               |          lock_mm_and_find_vma() {
 2)   0.161 us    |            down_read_trylock();
 2)               |            find_vma() {
 2)   0.150 us    |              __rcu_read_lock();
 2)   0.160 us    |              __rcu_read_unlock();
 2)   1.093 us    |            }
 2)   1.794 us    |          }
 2)               |          handle_mm_fault() {
 2)               |            __handle_mm_fault() {
 2)               |              pte_offset_map_rw_nolock() {
 2)               |                __pte_offset_map() {
 2)   0.151 us    |                  __rcu_read_lock();
 2)   0.471 us    |                }
 2)   0.811 us    |              }
 2)   0.151 us    |              _raw_spin_lock();
 2)               |              do_wp_page() {
 2)   0.191 us    |                vm_normal_page();
 2)   0.161 us    |                folio_move_anon_rmap();
 2)   0.160 us    |                folio_unlock();
 2)   0.151 us    |                folio_xchg_last_cpupid();
 2)   0.160 us    |                pte_mkwrite();
 2)   0.181 us    |                ptep_set_access_flags();
 2)   0.161 us    |                _raw_spin_unlock();
 2)   0.160 us    |                __rcu_read_unlock();
 2)   3.126 us    |              }
 2)   4.989 us    |            }
 2)   0.151 us    |            __rcu_read_lock();
 2)   0.161 us    |            mem_cgroup_from_task();
 2)               |            count_memcg_events() {
 2)   0.161 us    |              __css_rstat_updated();
 2)   0.581 us    |            }
 2)   0.149 us    |            __rcu_read_unlock();
 2)   7.164 us    |          }
 2)   0.161 us    |          up_read();
 2)   0.160 us    |          raw_irqentry_exit_cond_resched();
 2)   0.440 us    |          restore_fpregs_from_fpstate();
 2)   0.160 us    |          get_xsave_addr_user();
 2)   0.170 us    |          __local_bh_enable_ip();
 2) + 12.534 us   |        }
 2) + 13.335 us   |      }
 2)   0.161 us    |      setup_signal_shadow_stack();
 2) + 14.157 us   |    }
 2)               |    fpu__clear_user_states() {
 2)   0.161 us    |      fpregs_mark_activate();
 2)   0.150 us    |      __local_bh_enable_ip();
 2)   0.911 us    |    }
 2)               |    signal_setup_done() {
 2)   0.150 us    |      _raw_spin_lock_irq();
 2)               |      __set_task_blocked() {
 2)   0.161 us    |        recalc_sigpending();
 2)   0.481 us    |      }
 2)   0.160 us    |      _raw_spin_unlock_irq();
 2)   1.492 us    |    }
 2) + 21.180 us   |  }
 2)               |  __do_sys_rt_sigreturn() {
 2)               |    set_current_blocked() {
 2)   0.160 us    |      _raw_spin_lock_irq();
 2)               |      __set_task_blocked() {
 2)   0.150 us    |        recalc_sigpending();
 2)   0.461 us    |      }
 2)   0.160 us    |      _raw_spin_unlock_irq();
 2)   1.463 us    |    }
 2)               |    restore_altstack() {
 2)   0.180 us    |      do_sigaltstack.constprop.0();
 2)   0.582 us    |    }
 2)               |    restore_sigcontext() {
 2)               |      fpu__restore_sig() {
 2)               |        __fpu_restore_sig() {
 2)   0.161 us    |          fpregs_mark_activate();
 2)   0.150 us    |          __local_bh_enable_ip();
 2)   1.002 us    |        }
 2)   1.363 us    |      }
 2)   1.763 us    |    }
 2)   0.160 us    |    restore_signal_shadow_stack();
 2)   5.000 us    |  }
 2)               |  __x64_sys_wait4() {
 2)               |    kernel_wait4() {
 2)               |      do_wait() {
 2)               |        add_wait_queue() {
 2)   0.160 us    |          _raw_spin_lock_irqsave();
 2)   0.161 us    |          _raw_spin_unlock_irqrestore();
 2)   0.832 us    |        }
 2)               |        __do_wait() {
 2)   0.160 us    |          _raw_read_lock();
 2)   0.161 us    |          _raw_read_unlock();
 2)   0.851 us    |        }
 2)               |        remove_wait_queue() {
 2)   0.150 us    |          _raw_spin_lock_irqsave();
 2)   0.160 us    |          _raw_spin_unlock_irqrestore();
 2)   0.892 us    |        }
 2)   3.297 us    |      }
 2)   0.160 us    |      put_pid();
 2)   4.007 us    |    }
 2)   4.417 us    |  }
 2)               |  lock_vma_under_rcu() {
 2)   0.151 us    |    __rcu_read_lock();
 2)   0.151 us    |    __rcu_read_unlock();
 2)   1.012 us    |  }
 2)               |  handle_mm_fault() {
 2)               |    __handle_mm_fault() {
 2)               |      pte_offset_map_rw_nolock() {
 2)               |        __pte_offset_map() {
 2)   0.150 us    |          __rcu_read_lock();
 2)   0.481 us    |        }
 2)   0.812 us    |      }
 2)   0.150 us    |      _raw_spin_lock();
 2)               |      do_wp_page() {
 2)   0.170 us    |        vm_normal_page();
 2)   0.160 us    |        folio_move_anon_rmap();
 2)   0.160 us    |        folio_unlock();
 2)   0.160 us    |        folio_xchg_last_cpupid();
 2)   0.150 us    |        pte_mkwrite();
 2)   0.171 us    |        ptep_set_access_flags();
 2)   0.160 us    |        _raw_spin_unlock();
 2)   0.160 us    |        __rcu_read_unlock();
 2)   2.945 us    |      }
 2)   4.709 us    |    }
 2)   0.150 us    |    __rcu_read_lock();
 2)   0.149 us    |    mem_cgroup_from_task();
 2)               |    count_memcg_events() {
 2)   0.160 us    |      __css_rstat_updated();
 2)   0.501 us    |    }
 2)   0.150 us    |    __rcu_read_unlock();
 2)   6.713 us    |  }
 2)               |  __x64_sys_dup2() {
 2)               |    ksys_dup3() {
 2)   0.180 us    |      _raw_spin_lock();
 2)   0.181 us    |      expand_files();
 2)               |      do_dup2() {
 2)   0.160 us    |        _raw_spin_unlock();
 2)               |        filp_close() {
 2)               |          filp_flush() {
 2)   0.170 us    |            dnotify_flush();
 2)   0.171 us    |            locks_remove_posix();
 2)   0.932 us    |          }
 2)               |          fput_close() {
 2)               |            __fput_deferred() {
 2)               |              task_work_add() {
 2)   0.160 us    |                kick_process();
 2)   0.541 us    |              }
 2)   0.893 us    |            }
 2)   1.232 us    |          }
 2)   2.695 us    |        }
 2)   3.426 us    |      }
 2)   4.479 us    |    }
 2)   4.880 us    |  }
 2)               |  task_work_run() {
 2)   0.160 us    |    _raw_spin_lock_irq();
 2)   0.160 us    |    _raw_spin_unlock_irq();
 2)               |    ____fput() {
 2)               |      __fput() {
 2)   0.161 us    |        locks_remove_file();
 2)               |        security_file_release() {
 2)   0.150 us    |          bpf_lsm_file_release();
 2)   0.521 us    |        }
 2)               |        cdev_put() {
 2)   0.150 us    |          module_put();
 2)   0.552 us    |        }
 2)   0.150 us    |        module_put();
 2)   0.150 us    |        file_f_owner_release();
 2)               |        dput() {
 2)               |          dput.part.0() {
 2)   0.151 us    |            __rcu_read_lock();
 2)   0.150 us    |            __rcu_read_unlock();
 2)   0.853 us    |          }
 2)   1.182 us    |        }
 2)               |        mntput() {
 2)   0.151 us    |          __rcu_read_lock();
 2)   0.150 us    |          __rcu_read_unlock();
 2)   0.812 us    |        }
 2)               |        security_file_free() {
 2)               |          hook_file_free_security() {
 2)   0.160 us    |            put_pid();
 2)   0.151 us    |            landlock_put_ruleset_deferred();
 2)   0.841 us    |          }
 2)   0.151 us    |          bpf_lsm_file_free_security();
 2)   0.201 us    |          kmem_cache_free();
 2)   1.934 us    |        }
 2)   0.200 us    |        kmem_cache_free();
 2)   7.695 us    |      }
 2)   8.025 us    |    }
 2)   9.037 us    |  }
 2)   0.170 us    |  blkcg_maybe_throttle_current();
 2)               |  __x64_sys_close() {
 2)               |    file_close_fd() {
 2)   0.150 us    |      _raw_spin_lock();
 2)   0.161 us    |      file_close_fd_locked();
 2)   0.161 us    |      _raw_spin_unlock();
 2)   1.173 us    |    }
 2)               |    filp_flush() {
 2)   0.171 us    |      dnotify_flush();
 2)   0.161 us    |      locks_remove_posix();
 2)   0.872 us    |    }
 2)   0.171 us    |    fput_close_sync();
 2)   3.006 us    |  }
 2)               |  lock_vma_under_rcu() {
 2)   0.149 us    |    __rcu_read_lock();
 2)   0.150 us    |    __rcu_read_unlock();
 2)   1.192 us    |  }
 2)               |  handle_mm_fault() {
 2)               |    __handle_mm_fault() {
 2)               |      pte_offset_map_rw_nolock() {
 2)               |        __pte_offset_map() {
 2)   0.150 us    |          __rcu_read_lock();
 2)   0.481 us    |        }
 2)   0.812 us    |      }
 2)   0.160 us    |      _raw_spin_lock();
 2)               |      do_wp_page() {
 2)   0.171 us    |        vm_normal_page();
 2)   0.150 us    |        folio_move_anon_rmap();
 2)   0.151 us    |        folio_unlock();
 2)   0.161 us    |        folio_xchg_last_cpupid();
 2)   0.160 us    |        pte_mkwrite();
 2)   0.171 us    |        ptep_set_access_flags();
 2)   0.151 us    |        _raw_spin_unlock();
 2)   0.161 us    |        __rcu_read_unlock();
 2)   2.895 us    |      }
 2)   4.638 us    |    }
 2)   0.150 us    |    __rcu_read_lock();
 2)   0.150 us    |    mem_cgroup_from_task();
 2)               |    count_memcg_events() {
 2)   0.161 us    |      __css_rstat_updated();
 2)   0.501 us    |    }
 2)   0.149 us    |    __rcu_read_unlock();
 2)   6.642 us    |  }
 2)               |  lock_vma_under_rcu() {
 2)   0.150 us    |    __rcu_read_lock();
 2)   0.250 us    |    __rcu_read_unlock();
 2)   0.932 us    |  }
 2)               |  handle_mm_fault() {
 2)               |    __handle_mm_fault() {
 2)               |      pte_offset_map_rw_nolock() {
 2)               |        __pte_offset_map() {
 2)   0.150 us    |          __rcu_read_lock();
 2)   0.481 us    |        }
 2)   0.802 us    |      }
 2)   0.150 us    |      _raw_spin_lock();
 2)               |      do_wp_page() {
 2)   0.160 us    |        vm_normal_page();
 2)   0.151 us    |        folio_move_anon_rmap();
 2)   0.151 us    |        folio_unlock();
 2)   0.150 us    |        folio_xchg_last_cpupid();
 2)   0.149 us    |        pte_mkwrite();
 2)   0.161 us    |        ptep_set_access_flags();
 2)   0.160 us    |        _raw_spin_unlock();
 2)   0.160 us    |        __rcu_read_unlock();
 2)   2.795 us    |      }
 2)   4.468 us    |    }
 2)   0.151 us    |    __rcu_read_lock();
 2)   0.161 us    |    mem_cgroup_from_task();
 2)               |    count_memcg_events() {
 2)   0.150 us    |      __css_rstat_updated();
 2)   0.472 us    |    }
 2)   0.150 us    |    __rcu_read_unlock();
 2)   6.412 us    |  }
 2)               |  lock_vma_under_rcu() {
 2)   0.149 us    |    __rcu_read_lock();
 2)   0.161 us    |    __rcu_read_unlock();
 2)   0.931 us    |  }
 2)               |  handle_mm_fault() {
 2)               |    __handle_mm_fault() {
 2)               |      pte_offset_map_rw_nolock() {
 2)               |        __pte_offset_map() {
 2)   0.151 us    |          __rcu_read_lock();
 2)   0.481 us    |        }
 2)   0.802 us    |      }
 2)   0.151 us    |      _raw_spin_lock();
 2)               |      do_wp_page() {
 2)   0.161 us    |        vm_normal_page();
 2)   0.151 us    |        folio_move_anon_rmap();
 2)   0.150 us    |        folio_unlock();
 2)   0.161 us    |        folio_xchg_last_cpupid();
 2)   0.150 us    |        pte_mkwrite();
 2)   0.170 us    |        ptep_set_access_flags();
 2)   0.151 us    |        _raw_spin_unlock();
 2)   0.160 us    |        __rcu_read_unlock();
 2)   2.865 us    |      }
 2)   4.589 us    |    }
 2)   0.149 us    |    __rcu_read_lock();
 2)   0.150 us    |    mem_cgroup_from_task();
 2)               |    count_memcg_events() {
 2)   0.150 us    |      __css_rstat_updated();
 2)   0.481 us    |    }
 2)   0.150 us    |    __rcu_read_unlock();
 2)   6.592 us    |  }
 2)               |  lock_vma_under_rcu() {
 2)   0.151 us    |    __rcu_read_lock();
 2)   0.150 us    |    __rcu_read_unlock();
 2)   0.942 us    |  }
 2)               |  handle_mm_fault() {
 2)               |    __handle_mm_fault() {
 2)               |      pte_offset_map_rw_nolock() {
 2)               |        __pte_offset_map() {
 2)   0.151 us    |          __rcu_read_lock();
 2)   0.471 us    |        }
 2)   0.801 us    |      }
 2)   0.161 us    |      _raw_spin_lock();
 2)               |      do_wp_page() {
 2)   0.160 us    |        vm_normal_page();
 2)   0.150 us    |        folio_move_anon_rmap();
 2)   0.150 us    |        folio_unlock();
 2)   0.161 us    |        folio_xchg_last_cpupid();
 2)   0.150 us    |        pte_mkwrite();
 2)   0.170 us    |        ptep_set_access_flags();
 2)   0.151 us    |        _raw_spin_unlock();
 2)   0.160 us    |        __rcu_read_unlock();
 2)   2.854 us    |      }
 2)   4.689 us    |    }
 2)   0.150 us    |    __rcu_read_lock();
 2)   0.150 us    |    mem_cgroup_from_task();
 2)               |    count_memcg_events() {
 2)   0.150 us    |      __css_rstat_updated();
 2)   0.490 us    |    }
 2)   0.150 us    |    __rcu_read_unlock();
 2)   6.663 us    |  }
 2)               |  lock_vma_under_rcu() {
 2)   0.160 us    |    __rcu_read_lock();
 2)   0.160 us    |    __rcu_read_unlock();
 2)   0.972 us    |  }
 2)               |  handle_mm_fault() {
 2)               |    __handle_mm_fault() {
 2)               |      pte_offset_map_rw_nolock() {
 2)               |        __pte_offset_map() {
 2)   0.151 us    |          __rcu_read_lock();
 2)   0.481 us    |        }
 2)   0.811 us    |      }
 2)   0.160 us    |      _raw_spin_lock();
 2)               |      do_wp_page() {
 2)   0.170 us    |        vm_normal_page();
 2)   0.151 us    |        folio_move_anon_rmap();
 2)   0.150 us    |        folio_unlock();
 2)   0.150 us    |        folio_xchg_last_cpupid();
 2)   0.149 us    |        pte_mkwrite();
 2)   0.180 us    |        ptep_set_access_flags();
 2)   0.160 us    |        _raw_spin_unlock();
 2)   0.151 us    |        __rcu_read_unlock();
 2)   2.876 us    |      }
 2)   4.619 us    |    }
 2)   0.151 us    |    __rcu_read_lock();
 2)   0.150 us    |    mem_cgroup_from_task();
 2)               |    count_memcg_events() {
 2)   0.161 us    |      __css_rstat_updated();
 2)   0.501 us    |    }
 2)   0.150 us    |    __rcu_read_unlock();
 2)   6.623 us    |  }
 2)               |  lock_vma_under_rcu() {
 2)   0.160 us    |    __rcu_read_lock();
 2)   0.160 us    |    __rcu_read_unlock();
 2)   0.961 us    |  }
 2)               |  handle_mm_fault() {
 2)               |    __handle_mm_fault() {
 2)               |      pte_offset_map_rw_nolock() {
 2)               |        __pte_offset_map() {
 2)   0.151 us    |          __rcu_read_lock();
 2)   0.472 us    |        }
 2)   0.801 us    |      }
 2)   0.150 us    |      _raw_spin_lock();
 2)               |      do_wp_page() {
 2)   0.171 us    |        vm_normal_page();
 2)   0.150 us    |        folio_move_anon_rmap();
 2)   0.149 us    |        folio_unlock();
 2)   0.240 us    |        folio_xchg_last_cpupid();
 2)   0.150 us    |        pte_mkwrite();
 2)   0.171 us    |        ptep_set_access_flags();
 2)   0.160 us    |        _raw_spin_unlock();
 2)   0.160 us    |        __rcu_read_unlock();
 2)   2.946 us    |      }
 2)   4.679 us    |    }
 2)   0.151 us    |    __rcu_read_lock();
 2)   0.150 us    |    mem_cgroup_from_task();
 2)               |    count_memcg_events() {
 2)   0.150 us    |      __css_rstat_updated();
 2)   0.501 us    |    }
 2)   0.150 us    |    __rcu_read_unlock();
 2)   6.662 us    |  }
 2)               |  __x64_sys_open() {
 2)               |    do_sys_openat2() {
 2)               |      getname_flags() {
 2)               |        do_getname() {
 2)   0.240 us    |          kmem_cache_alloc_noprof();
 2)               |          __check_object_size() {
 2)   0.160 us    |            check_stack_object();
 2)   0.170 us    |            is_vmalloc_addr();
 2)   0.171 us    |            __virt_addr_valid();
 2)   0.180 us    |            __check_heap_object();
 2)   1.623 us    |          }
 2)   2.485 us    |        }
 2)   2.835 us    |      }
 2)               |      get_unused_fd_flags() {
 2)               |        alloc_fd() {
 2)   0.160 us    |          _raw_spin_lock();
 2)   0.160 us    |          _raw_spin_unlock();
 2)   0.851 us    |        }
 2)   1.182 us    |      }
 2)               |      do_file_open() {
 2)               |        path_openat() {
 2)               |          alloc_empty_file() {
 2)   0.180 us    |            kmem_cache_alloc_noprof();
 2)               |            init_file() {
 2)               |              security_file_alloc() {
 2)   0.201 us    |                kmem_cache_alloc_noprof();
 2)   0.160 us    |                hook_file_alloc_security();
 2)   0.160 us    |                bpf_lsm_file_alloc_security();
 2)   1.251 us    |              }
 2)   0.150 us    |              mutex_init_generic();
 2)   1.964 us    |            }
 2)   2.735 us    |          }
 2)               |          path_init() {
 2)   0.150 us    |            __rcu_read_lock();
 2)   0.541 us    |          }
 2)               |          link_path_walk() {
 2)               |            inode_permission() {
 2)               |              generic_permission() {
 2)   0.150 us    |                make_vfsuid();
 2)   0.541 us    |              }
 2)               |              security_inode_permission() {
 2)   0.160 us    |                bpf_lsm_inode_permission();
 2)   0.511 us    |              }
 2)   1.553 us    |            }
 2)   0.151 us    |            make_vfsuid();
 2)   2.294 us    |          }
 2)               |          lookup_fast() {
 2)   0.310 us    |            __d_lookup_rcu();
 2)   0.160 us    |            tracefs_d_revalidate();
 2)   1.073 us    |          }
 2)               |          complete_walk() {
 2)               |            try_to_unlazy() {
 2)               |              __legitimize_path() {
 2)   0.160 us    |                __legitimize_mnt();
 2)   0.552 us    |              }
 2)   0.160 us    |              __rcu_read_unlock();
 2)   1.232 us    |            }
 2)   1.563 us    |          }
 2)               |          mnt_want_write() {
 2)   0.240 us    |            mnt_get_write_access();
 2)   0.741 us    |          }
 2)               |          may_open() {
 2)               |            inode_permission() {
 2)   0.150 us    |              make_vfsuid();
 2)   0.160 us    |              make_vfsgid();
 2)               |              tracefs_permission() {
 2)   0.170 us    |                set_tracefs_inode_owner();
 2)               |                generic_permission() {
 2)   0.151 us    |                  make_vfsuid();
 2)   0.471 us    |                }
 2)   1.152 us    |              }
 2)               |              security_inode_permission() {
 2)   0.151 us    |                bpf_lsm_inode_permission();
 2)   0.481 us    |              }
 2)   2.926 us    |            }
 2)   3.346 us    |          }
 2)               |          vfs_open() {
 2)               |            do_dentry_open() {
 2)               |              path_get() {
 2)   0.161 us    |                mntget();
 2)   0.501 us    |              }
 2)   0.150 us    |              mnt_get_write_access();
 2)   0.160 us    |              try_module_get();
 2)               |              security_file_open() {
 2)   0.301 us    |                hook_file_open();
 2)   0.160 us    |                bpf_lsm_file_open();
 2)   6.002 us    |              }
 2)   0.180 us    |              fsnotify_open_perm_and_set_mode();
 2)               |              security_locked_down() {
 2)   0.170 us    |                lockdown_is_locked_down();
 2)   0.160 us    |                bpf_lsm_locked_down();
 2)   0.893 us    |              }
 2)   0.190 us    |              mutex_lock();
 2)   0.160 us    |              mutex_unlock();
 2)               |              file_ra_state_init() {
 2)   0.160 us    |                inode_to_bdi();
 2)   0.512 us    |              }
 2) + 11.100 us   |            }
 2) + 11.462 us   |          }
 2)               |          security_file_post_open() {
 2)   0.160 us    |            bpf_lsm_file_post_open();
 2)   0.501 us    |          }
 2)               |          security_file_truncate() {
 2)   0.160 us    |            hook_file_truncate();
 2)   0.160 us    |            bpf_lsm_file_truncate();
 2)   0.841 us    |          }
 2)               |          do_truncate() {
 2)               |            dentry_needs_remove_privs() {
 2)   0.160 us    |              setattr_should_drop_suidgid();
 2)               |              security_inode_need_killpriv() {
 2)               |                cap_inode_need_killpriv() {
 2)               |                  __vfs_getxattr() {
 2)               |                    xattr_resolve_name() {
 2)   0.160 us    |                      is_bad_inode();
 2)   0.501 us    |                    }
 2)   0.941 us    |                  }
 2)   1.292 us    |                }
 2)   0.160 us    |                bpf_lsm_inode_need_killpriv();
 2)   1.994 us    |              }
 2)   2.695 us    |            }
 2)   0.170 us    |            down_write_killable();
 2)               |            notify_change() {
 2)   0.160 us    |              may_setattr();
 2)               |              current_time() {
 2)   0.151 us    |                ktime_get_coarse_real_ts64_mg();
 2)   0.541 us    |              }
 2)   0.150 us    |              make_vfsuid();
 2)   0.151 us    |              make_vfsgid();
 2)               |              security_inode_setattr() {
 2)   0.150 us    |                bpf_lsm_inode_setattr();
 2)   0.501 us    |              }
 2)               |              tracefs_setattr() {
 2)               |                simple_setattr() {
 2)               |                  setattr_prepare() {
 2)   0.160 us    |                    inode_newsize_ok();
 2)   0.501 us    |                  }
 2)               |                  truncate_setsize() {
 2)               |                    truncate_pagecache() {
 2)               |                      unmap_mapping_range() {
 2)               |                        unmap_mapping_pages() {
 2)   0.170 us    |                          down_read();
 2)   0.170 us    |                          up_read();
 2)   0.871 us    |                        }
 2)   1.212 us    |                      }
 2)   0.201 us    |                      truncate_inode_pages_range();
 2)               |                      unmap_mapping_range() {
 2)               |                        unmap_mapping_pages() {
 2)   0.160 us    |                          down_read();
 2)   0.150 us    |                          up_read();
 2)   0.802 us    |                        }
 2)   1.122 us    |                      }
 2)   3.227 us    |                    }
 2)   3.576 us    |                  }
 2)               |                  setattr_copy() {
 2)               |                    inode_set_ctime_to_ts() {
 2)   0.161 us    |                      set_normalized_timespec64();
 2)   0.511 us    |                    }
 2)   0.881 us    |                  }
 2)   0.281 us    |                  __mark_inode_dirty();
 2)   6.252 us    |                }
 2)   6.623 us    |              }
 2)               |              security_inode_post_setattr() {
 2)   0.161 us    |                bpf_lsm_inode_post_setattr();
 2)   0.491 us    |              }
 2) + 10.109 us   |            }
 2)   0.161 us    |            up_write();
 2) + 14.047 us   |          }
 2)   0.150 us    |          mnt_drop_write();
 2)               |          terminate_walk() {
 2)               |            dput() {
 2)               |              dput.part.0() {
 2)   0.150 us    |                __rcu_read_lock();
 2)   0.150 us    |                __rcu_read_unlock();
 2)   0.812 us    |              }
 2)   1.142 us    |            }
 2)               |            mntput() {
 2)   0.151 us    |              __rcu_read_lock();
 2)   0.150 us    |              __rcu_read_unlock();
 2)   0.791 us    |            }
 2)   2.455 us    |          }
 2) + 44.513 us   |        }
 2) + 44.914 us   |      }
 2)   0.161 us    |      fd_install();
 2)               |      putname() {
 2)   0.170 us    |        kmem_cache_free();
 2)   0.501 us    |      }
 2) + 50.766 us   |    }
 2) + 51.196 us   |  }
 2)               |  __x64_sys_fcntl() {
 2)   0.151 us    |    fdget_raw();
 2)               |    security_file_fcntl() {
 2)   0.160 us    |      bpf_lsm_file_fcntl();
 2)   0.501 us    |    }
 2)               |    do_fcntl() {
 2)               |      f_dupfd() {
 2)               |        alloc_fd() {
 2)   0.160 us    |          _raw_spin_lock();
 2)   0.160 us    |          _raw_spin_unlock();
 2)   0.832 us    |        }
 2)   0.150 us    |        fd_install();
 2)   1.503 us    |      }
 2)   1.894 us    |    }
 2)   3.367 us    |  }
 2)               |  __x64_sys_fcntl() {
 2)   0.160 us    |    fdget_raw();
 2)               |    security_file_fcntl() {
 2)   0.150 us    |      bpf_lsm_file_fcntl();
 2)   0.470 us    |    }
 2)               |    do_fcntl() {
 2)               |      set_close_on_exec() {
 2)   0.150 us    |        _raw_spin_lock();
 2)   0.160 us    |        _raw_spin_unlock();
 2)   0.801 us    |      }
 2)   1.252 us    |    }
 2)   2.564 us    |  }
 2)               |  __x64_sys_dup2() {
 2)               |    ksys_dup3() {
 2)   0.151 us    |      _raw_spin_lock();
 2)   0.160 us    |      expand_files();
 2)               |      do_dup2() {
 2)   0.161 us    |        _raw_spin_unlock();
 2)               |        filp_close() {
 2)               |          filp_flush() {
 2)   0.171 us    |            dnotify_flush();
 2)   0.160 us    |            locks_remove_posix();
 2)   0.852 us    |          }
 2)   0.160 us    |          fput_close();
 2)   1.523 us    |        }
 2)   2.195 us    |      }
 2)   3.176 us    |    }
 2)   3.556 us    |  }
 2)               |  __x64_sys_close() {
 2)               |    file_close_fd() {
 2)   0.150 us    |      _raw_spin_lock();
 2)   0.170 us    |      file_close_fd_locked();
 2)   0.160 us    |      _raw_spin_unlock();
 2)   1.152 us    |    }
 2)               |    filp_flush() {
 2)   0.150 us    |      dnotify_flush();
 2)   0.161 us    |      locks_remove_posix();
 2)   0.841 us    |    }
 2)   0.161 us    |    fput_close_sync();
 2)   2.905 us    |  }
 2)               |  __x64_sys_write() {
 2)               |    ksys_write() {
 2)   0.191 us    |      fdget_pos();
 2)               |      vfs_write() {
 2)               |        rw_verify_area() {
 2)               |          security_file_permission() {
 2)   0.160 us    |            bpf_lsm_file_permission();
 2)   0.511 us    |          }
 2)   0.872 us    |        }
 2)               |        __check_object_size() {
 2)   0.160 us    |          check_stack_object();
 2)   0.492 us    |        }
 2)   0.150 us    |        mutex_lock();
