# tracer: function_graph
#
# CPU  DURATION                  FUNCTION CALLS
# |     |   |                     |   |   |   |
 1) + 30.327 us   |    } /* do_sys_openat2 */
 1) + 31.670 us   |  } /* __x64_sys_open */
 1) ! 125.415 us  |        } /* dup_mmap */
 1) ! 191.308 us  |      } /* copy_process */
 1) ! 206.518 us  |    } /* kernel_clone */
 1) ! 206.858 us  |  } /* __do_sys_fork */
 1) + 31.109 us   |                } /* free_unref_folios */
 1) + 35.556 us   |              } /* folios_put_refs */
 1) + 44.053 us   |            } /* folio_batch_move_lru */
 1) + 44.343 us   |          } /* lru_add_drain_cpu */
 1) + 44.894 us   |        } /* lru_add_drain */
 1) + 54.663 us   |      } /* do_wp_page */
 1) + 55.625 us   |    } /* __handle_mm_fault */
 1) + 56.626 us   |  } /* handle_mm_fault */
 3) + 20.349 us   |    } /* handle_softirqs */
 3) + 24.085 us   |  } /* irq_exit_rcu */
 0) + 22.552 us   |        } /* _nohz_idle_balance.isra.0 */
 0) + 23.944 us   |      } /* sched_balance_softirq */
 0) + 24.826 us   |    } /* handle_softirqs */
 0) + 25.578 us   |  } /* irq_exit_rcu */
 2) + 26.109 us   |              } /* run_timer_softirq */
 2) + 37.661 us   |            } /* handle_softirqs */
 2) + 41.197 us   |          } /* irq_exit_rcu */
 2) + 64.953 us   |        } /* _raw_spin_unlock */
 3) + 23.455 us   |  } /* schedule_idle */
 2) + 85.169 us   |      } /* do_wp_page */
 2) + 86.352 us   |    } /* __handle_mm_fault */
 2) + 87.624 us   |  } /* handle_mm_fault */
 0) + 42.170 us   |  } /* schedule_idle */
 2) + 40.968 us   |            } /* folio_batch_move_lru */
 2) + 41.418 us   |          } /* lru_add_drain_cpu */
 2) + 42.009 us   |        } /* lru_add_drain */
 2) + 53.621 us   |      } /* do_wp_page */
 2) + 54.752 us   |    } /* __handle_mm_fault */
 2) + 55.996 us   |  } /* handle_mm_fault */
 2) + 25.528 us   |              } /* arch_stack_walk */
 2) + 25.998 us   |            } /* stack_trace_save */
 2) + 34.495 us   |          } /* __kfence_alloc */
 2) + 35.086 us   |        } /* kmem_cache_alloc_noprof */
 2) + 36.950 us   |      } /* do_getname */
 2) + 37.270 us   |    } /* getname_flags */
 2) + 42.580 us   |      } /* alloc_bprm */
 2) + 21.901 us   |                } /* __handle_mm_fault */
 2) + 23.184 us   |              } /* handle_mm_fault */
 2) + 28.112 us   |            } /* __get_user_pages */
 2) + 28.704 us   |          } /* get_user_pages_remote */
 2) + 29.956 us   |        } /* get_arg_page */
 2) + 30.348 us   |      } /* copy_string_kernel */
 ------------------------------------------
 3)    <idle>-0    =>  multita-593  
 ------------------------------------------

 3) + 42.340 us   |            } /* cpu_stop_queue_work */
 3) + 43.872 us   |          } /* stop_one_cpu */
 3) + 47.910 us   |        } /* sched_exec */
 ------------------------------------------
 2)  multita-593   =>    <idle>-0   
 ------------------------------------------

 2) ! 528.531 us  |  } /* schedule_idle */
 3) + 23.974 us   |                } /* path_openat */
 3) + 24.346 us   |              } /* do_file_open */
 3) + 24.637 us   |            } /* do_open_execat */
 3) + 26.380 us   |          } /* open_exec */
 3) + 42.140 us   |        } /* load_script */
 3) + 66.736 us   |                  } /* __zap_vma_range */
 3) ! 116.719 us  |                } /* unmap_vmas */
 3) + 24.896 us   |                } /* free_pgtables */
 3) + 25.037 us   |                    } /* free_pages_and_swap_cache */
 3) + 25.327 us   |                  } /* __tlb_batch_free_encoded_pages */
 3) + 50.285 us   |                } /* tlb_finish_mmu */
 3) ! 205.296 us  |              } /* exit_mmap */
 3) ! 208.992 us  |            } /* mmput */
 3) ! 228.258 us  |          } /* begin_new_exec */
 3) + 20.810 us   |            } /* relocate_vma_down */
 3) + 35.697 us   |          } /* setup_arg_pages */
 3) + 32.421 us   |          } /* elf_load */
 3) + 21.851 us   |              } /* __handle_mm_fault */
 3) + 23.435 us   |            } /* handle_mm_fault */
 3) + 48.551 us   |          } /* elf_load */
 3) ! 398.948 us  |        } /* load_elf_binary */
 3) ! 520.636 us  |      } /* bprm_execve */
 3) ! 613.190 us  |    } /* do_execveat_common.isra.0 */
 3) + 21.881 us   |                } /* arch_stack_walk */
 3) + 22.262 us   |              } /* stack_trace_save */
 3) + 22.863 us   |            } /* metadata_update_state */
 3) + 25.558 us   |          } /* kfence_guarded_free */
 3) + 25.989 us   |        } /* __kfence_free */
 3) + 26.329 us   |      } /* kmem_cache_free */
 3) + 26.610 us   |    } /* putname */
 3) ! 677.941 us  |  } /* __x64_sys_execve */
 3) + 32.831 us   |            } /* folio_add_file_rmap_ptes */
 3) + 33.282 us   |          } /* set_pte_range */
 3) + 44.814 us   |        } /* filemap_map_pages */
 3) + 45.495 us   |      } /* do_fault */
 3) + 46.627 us   |    } /* __handle_mm_fault */
 3) + 47.870 us   |  } /* handle_mm_fault */
 ------------------------------------------
 1)     sh-87      =>    <idle>-0   
 ------------------------------------------

 1) + 20.048 us   |    } /* irq_exit_rcu */
 0) + 20.849 us   |    } /* irq_exit_rcu */
 1) ! 993.433 us  |  } /* do_idle */
 0) + 22.131 us   |    } /* schedule_idle */
 0) ! 961.423 us  |  } /* do_idle */
 3) + 21.119 us   |    } /* __handle_mm_fault */
 3) + 22.493 us   |  } /* handle_mm_fault */
 3) + 28.063 us   |        } /* path_lookupat */
 3) + 28.564 us   |      } /* filename_lookup */
 3) + 31.980 us   |    } /* vfs_statx */
 3) + 35.607 us   |  } /* __x64_sys_newstat */
 3) ! 119.695 us  |        } /* dup_mmap */
 3) ! 194.364 us  |      } /* copy_process */
 3) ! 210.835 us  |    } /* kernel_clone */
 3) ! 211.216 us  |  } /* __do_sys_fork */
 3) + 29.224 us   |            } /* folio_batch_move_lru */
 3) + 29.676 us   |          } /* lru_add_drain_cpu */
 3) + 30.247 us   |        } /* lru_add_drain */
 3) + 46.367 us   |      } /* do_wp_page */
 3) + 47.589 us   |    } /* __handle_mm_fault */
 3) + 48.842 us   |  } /* handle_mm_fault */
 ------------------------------------------
 0)    <idle>-0    =>     ls-594    
 ------------------------------------------

 0) + 36.729 us   |    } /* do_sys_openat2 */
 0) + 37.240 us   |  } /* __x64_sys_open */
 3) + 25.317 us   |            } /* static_key_count */
 3) + 27.922 us   |          } /* security_vm_enough_memory_mm */
 3) ! 118.682 us  |        } /* dup_mmap */
 3) ! 171.070 us  |      } /* copy_process */
 3) ! 183.074 us  |    } /* kernel_clone */
 3) ! 183.364 us  |  } /* __do_sys_fork */
 0) + 20.628 us   |        } /* path_lookupat */
 0) + 21.130 us   |      } /* filename_lookup */
 0) + 24.406 us   |    } /* vfs_statx */
 0) + 28.033 us   |  } /* __x64_sys_newstat */
 0) + 21.781 us   |      } /* create_pipe_files */
 0) + 24.376 us   |    } /* do_pipe2 */
 0) + 24.777 us   |  } /* __x64_sys_pipe */
 3) + 20.579 us   |    } /* __handle_mm_fault */
 3) + 21.680 us   |  } /* handle_mm_fault */
 0) ! 115.977 us  |        } /* dup_mmap */
 ------------------------------------------
 2)    <idle>-0    =>     ls-595    
 ------------------------------------------

 2) + 35.837 us   |    } /* do_sys_openat2 */
 2) + 36.608 us   |  } /* __x64_sys_open */
 0) ! 178.986 us  |      } /* copy_process */
 3) + 90.981 us   |        } /* dup_mmap */
 0) ! 197.340 us  |    } /* kernel_clone */
 0) ! 197.721 us  |  } /* __do_sys_fork */
 3) ! 142.968 us  |      } /* copy_process */
 3) ! 155.331 us  |    } /* kernel_clone */
 3) ! 155.601 us  |  } /* __do_sys_fork */
 0) + 20.278 us   |      } /* do_wp_page */
 0) + 21.581 us   |    } /* __handle_mm_fault */
 0) + 22.822 us   |  } /* handle_mm_fault */
 0) + 21.921 us   |        } /* path_lookupat */
 0) + 22.402 us   |      } /* filename_lookup */
 0) + 25.548 us   |    } /* vfs_statx */
 0) + 29.086 us   |  } /* __x64_sys_newstat */
 3) + 20.198 us   |      } /* do_wp_page */
 3) + 21.231 us   |    } /* __handle_mm_fault */
 3) + 22.291 us   |  } /* handle_mm_fault */
 2) ! 115.597 us  |        } /* dup_mmap */
 ------------------------------------------
 1)    <idle>-0    =>    head-596   
 ------------------------------------------

 1) + 31.870 us   |      } /* alloc_bprm */
 3) + 92.172 us   |        } /* dup_mmap */
 2) ! 176.522 us  |      } /* copy_process */
 1) + 20.728 us   |                } /* __handle_mm_fault */
 1) + 21.821 us   |              } /* handle_mm_fault */
 3) ! 143.039 us  |      } /* copy_process */
 1) + 25.568 us   |            } /* __get_user_pages */
 1) + 26.049 us   |          } /* get_user_pages_remote */
 1) + 27.001 us   |        } /* get_arg_page */
 1) + 27.311 us   |      } /* copy_string_kernel */
 2) ! 193.222 us  |    } /* kernel_clone */
 2) ! 193.593 us  |  } /* __do_sys_fork */
 0) ! 115.998 us  |        } /* dup_mmap */
 0) ! 187.561 us  |      } /* copy_process */
 0) ! 206.026 us  |    } /* kernel_clone */
 0) ! 206.377 us  |  } /* __do_sys_fork */
 0) + 20.799 us   |    } /* __handle_mm_fault */
 0) + 22.151 us   |  } /* handle_mm_fault */
 1) + 68.669 us   |                  } /* __zap_vma_range */
 ------------------------------------------
 3)  multita-593   =>     ls-597    
 ------------------------------------------

 3) + 32.670 us   |    } /* do_sys_openat2 */
 3) + 33.032 us   |  } /* __x64_sys_open */
 1) + 28.273 us   |                  } /* __zap_vma_range */
 1) ! 126.708 us  |                } /* unmap_vmas */
 1) + 26.109 us   |                } /* free_pgtables */
 1) + 21.982 us   |                    } /* free_pages_and_swap_cache */
 1) + 22.231 us   |                  } /* __tlb_batch_free_encoded_pages */
 1) + 32.490 us   |                } /* tlb_finish_mmu */
 1) ! 196.629 us  |              } /* exit_mmap */
 1) ! 208.341 us  |            } /* mmput */
 2) ! 118.743 us  |        } /* dup_mmap */
 1) ! 224.040 us  |          } /* begin_new_exec */
 2) ! 176.882 us  |      } /* copy_process */
 ------------------------------------------
 0)     ls-594     =>   md5sum-600  
 ------------------------------------------

 0) + 23.293 us   |        } /* filemap_map_pages */
 0) + 24.116 us   |      } /* do_fault */
 0) + 25.237 us   |    } /* __handle_mm_fault */
 0) + 26.550 us   |  } /* handle_mm_fault */
 1) + 30.167 us   |          } /* setup_arg_pages */
 2) ! 190.918 us  |    } /* kernel_clone */
 2) ! 191.279 us  |  } /* __do_sys_fork */
 1) + 22.682 us   |          } /* elf_load */
 2) + 22.411 us   |            } /* folio_batch_move_lru */
 2) + 22.833 us   |          } /* lru_add_drain_cpu */
 2) + 23.354 us   |        } /* lru_add_drain */
 2) + 33.472 us   |      } /* do_wp_page */
 2) + 34.625 us   |    } /* __handle_mm_fault */
 2) + 35.898 us   |  } /* handle_mm_fault */
 3) + 93.776 us   |        } /* dup_mmap */
 1) + 20.388 us   |            } /* handle_mm_fault */
 1) + 41.117 us   |          } /* elf_load */
 3) ! 146.295 us  |      } /* copy_process */
 3) ! 157.997 us  |    } /* kernel_clone */
 3) ! 158.276 us  |  } /* __do_sys_fork */
 1) ! 370.505 us  |        } /* load_elf_binary */
 1) ! 389.952 us  |      } /* bprm_execve */
 1) ! 465.784 us  |    } /* do_execveat_common.isra.0 */
 1) ! 468.088 us  |  } /* __x64_sys_execve */
 0) + 36.679 us   |      } /* alloc_bprm */
 0) + 21.901 us   |                            } /* kernel_init_pages */
 0) + 22.763 us   |                          } /* get_page_from_freelist */
 0) + 23.083 us   |                        } /* __alloc_frozen_pages_noprof */
 0) + 23.564 us   |                      } /* alloc_pages_mpol */
 1) + 22.313 us   |            } /* folio_add_file_rmap_ptes */
 0) + 24.045 us   |                    } /* vma_alloc_folio_noprof */
 1) + 22.653 us   |          } /* set_pte_range */
 3) + 24.967 us   |        } /* mntput */
 3) + 25.888 us   |      } /* path_put */
 3) + 34.214 us   |    } /* vfs_statx */
 1) + 27.943 us   |        } /* filemap_map_pages */
 1) + 28.473 us   |      } /* do_fault */
 1) + 29.355 us   |    } /* __handle_mm_fault */
 3) + 36.990 us   |  } /* __x64_sys_newstat */
 1) + 30.336 us   |  } /* handle_mm_fault */
 0) + 35.997 us   |                  } /* do_anonymous_page */
 0) + 42.940 us   |                } /* __handle_mm_fault */
 0) + 44.213 us   |              } /* handle_mm_fault */
 ------------------------------------------
 2)     ls-595     =>    head-598   
 ------------------------------------------

 2) + 36.288 us   |        } /* filemap_map_pages */
 2) + 37.120 us   |      } /* do_fault */
 2) + 38.231 us   |    } /* __handle_mm_fault */
 2) + 39.485 us   |  } /* handle_mm_fault */
 0) + 48.862 us   |            } /* __get_user_pages */
 0) + 49.443 us   |          } /* get_user_pages_remote */
 0) + 50.615 us   |        } /* get_arg_page */
 0) + 50.996 us   |      } /* copy_string_kernel */
 3) + 94.286 us   |        } /* dup_mmap */
 0) + 85.110 us   |                  } /* __zap_vma_range */
 3) ! 145.103 us  |      } /* copy_process */
 2) + 26.601 us   |            } /* path_openat */
 2) + 27.051 us   |          } /* do_file_open */
 2) + 27.402 us   |        } /* do_open_execat */
 3) ! 159.139 us  |    } /* kernel_clone */
 3) ! 159.439 us  |  } /* __do_sys_fork */
 0) + 30.366 us   |                  } /* __zap_vma_range */
 2) + 48.621 us   |      } /* alloc_bprm */
 3) + 24.517 us   |      } /* do_wp_page */
 3) + 25.507 us   |    } /* __handle_mm_fault */
 3) + 26.600 us   |  } /* handle_mm_fault */
 0) ! 152.345 us  |                } /* unmap_vmas */
 2) + 20.988 us   |                } /* __handle_mm_fault */
 2) + 22.352 us   |              } /* handle_mm_fault */
 2) + 27.011 us   |            } /* __get_user_pages */
 2) + 27.603 us   |          } /* get_user_pages_remote */
 2) + 28.774 us   |        } /* get_arg_page */
 2) + 29.125 us   |      } /* copy_string_kernel */
 0) + 31.178 us   |                } /* free_pgtables */
 0) + 27.281 us   |                    } /* free_pages_and_swap_cache */
 0) + 27.612 us   |                  } /* __tlb_batch_free_encoded_pages */
 0) + 38.713 us   |                } /* tlb_finish_mmu */
 0) ! 235.742 us  |              } /* exit_mmap */
 0) ! 250.320 us  |            } /* mmput */
 0) ! 269.625 us  |          } /* begin_new_exec */
 0) + 22.783 us   |            } /* relocate_vma_down */
 0) + 38.202 us   |          } /* setup_arg_pages */
 0) + 29.064 us   |          } /* elf_load */
 2) + 85.279 us   |                  } /* __zap_vma_range */
 ------------------------------------------
 3)     ls-597     =>     ls-599    
 ------------------------------------------

 3) + 27.561 us   |    } /* do_sys_openat2 */
 3) + 27.932 us   |  } /* __x64_sys_open */
 2) + 30.326 us   |                  } /* __zap_vma_range */
 2) ! 152.426 us  |                } /* unmap_vmas */
 0) + 23.484 us   |              } /* __handle_mm_fault */
 0) + 24.867 us   |            } /* handle_mm_fault */
 0) + 49.793 us   |          } /* elf_load */
 2) + 31.189 us   |                } /* free_pgtables */
 0) ! 439.153 us  |        } /* load_elf_binary */
 0) ! 462.297 us  |      } /* bprm_execve */
 0) ! 568.195 us  |    } /* do_execveat_common.isra.0 */
 0) ! 570.781 us  |  } /* __x64_sys_execve */
 2) + 29.084 us   |                    } /* free_pages_and_swap_cache */
 2) + 29.415 us   |                  } /* __tlb_batch_free_encoded_pages */
 2) + 41.949 us   |                } /* tlb_finish_mmu */
 2) ! 238.948 us  |              } /* exit_mmap */
 2) ! 253.636 us  |            } /* mmput */
 2) ! 273.062 us  |          } /* begin_new_exec */
 ------------------------------------------
 1)    head-596    =>   md5sum-603  
 ------------------------------------------

 1) + 21.069 us   |            } /* path_openat */
 1) + 21.490 us   |          } /* do_file_open */
 1) + 21.760 us   |        } /* do_open_execat */
 2) + 22.813 us   |            } /* relocate_vma_down */
 1) + 37.831 us   |      } /* alloc_bprm */
 2) + 39.062 us   |          } /* setup_arg_pages */
 1) + 20.698 us   |            } /* __get_user_pages */
 1) + 21.180 us   |          } /* get_user_pages_remote */
 1) + 22.102 us   |        } /* get_arg_page */
 1) + 22.391 us   |      } /* copy_string_kernel */
 2) + 27.823 us   |          } /* elf_load */
 3) ! 102.292 us  |        } /* dup_mmap */
 3) ! 155.702 us  |      } /* copy_process */
 3) ! 168.235 us  |    } /* kernel_clone */
 3) ! 168.556 us  |  } /* __do_sys_fork */
 2) + 21.390 us   |                } /* do_fault */
 2) + 29.135 us   |              } /* __handle_mm_fault */
 2) + 30.487 us   |            } /* handle_mm_fault */
 2) + 55.845 us   |          } /* elf_load */
 3) + 24.336 us   |            } /* folio_batch_move_lru */
 3) + 24.706 us   |          } /* lru_add_drain_cpu */
 3) + 25.127 us   |        } /* lru_add_drain */
 3) + 33.403 us   |      } /* do_wp_page */
 3) + 34.364 us   |    } /* __handle_mm_fault */
 3) + 35.376 us   |  } /* handle_mm_fault */
 2) ! 448.461 us  |        } /* load_elf_binary */
 2) ! 470.692 us  |      } /* bprm_execve */
 2) ! 568.836 us  |    } /* do_execveat_common.isra.0 */
 2) ! 571.431 us  |  } /* __x64_sys_execve */
 1) + 72.886 us   |                  } /* __zap_vma_range */
 1) + 24.376 us   |                  } /* __zap_vma_range */
 1) ! 126.697 us  |                } /* unmap_vmas */
 1) + 25.057 us   |                } /* free_pgtables */
 1) + 24.095 us   |                    } /* free_pages_and_swap_cache */
 1) + 24.436 us   |                  } /* __tlb_batch_free_encoded_pages */
 1) + 35.747 us   |                } /* tlb_finish_mmu */
 1) ! 198.372 us  |              } /* exit_mmap */
 1) ! 209.843 us  |            } /* mmput */
 1) ! 225.083 us  |          } /* begin_new_exec */
 1) + 29.746 us   |          } /* setup_arg_pages */
 3) + 97.483 us   |        } /* dup_mmap */
 1) + 22.511 us   |          } /* elf_load */
 3) ! 156.202 us  |      } /* copy_process */
 3) ! 167.734 us  |    } /* kernel_clone */
 3) ! 168.015 us  |  } /* __do_sys_fork */
 1) + 37.981 us   |          } /* elf_load */
 3) + 21.060 us   |    } /* __rcu_read_unlock */
 3) + 21.620 us   |  } /* lock_vma_under_rcu */
 ------------------------------------------
 0)   md5sum-600   =>    head-602   
 ------------------------------------------

 0) + 22.081 us   |              } /* bpf_lsm_vm_enough_memory */
 0) + 24.756 us   |            } /* security_vm_enough_memory_mm */
 0) + 26.430 us   |          } /* insert_vm_struct */
 0) + 27.432 us   |        } /* create_init_stack_vma */
 0) + 51.907 us   |      } /* alloc_bprm */
 1) + 27.131 us   |            } /* map_vdso */
 1) + 27.422 us   |          } /* arch_setup_additional_pages */
 ------------------------------------------
 2)    head-598    =>   md5sum-601  
 ------------------------------------------

 2) + 31.127 us   |      } /* finish_task_switch.isra.0 */
 2) + 32.441 us   |    } /* schedule_tail */
 1) ! 385.893 us  |        } /* load_elf_binary */
 2) + 33.182 us   |  } /* ret_from_fork */
 1) ! 404.028 us  |      } /* bprm_execve */
 ------------------------------------------
 0)    head-602    =>   rcu_pre-16  
 ------------------------------------------

 0) # 2990.489 us |      } /* schedule */
 1) ! 478.637 us  |    } /* do_execveat_common.isra.0 */
 1) ! 480.702 us  |  } /* __x64_sys_execve */
 0) # 2993.345 us |    } /* schedule_timeout */
 0) # 2995.278 us |  } /* rcu_gp_fqs_loop */
 ------------------------------------------
 0)   rcu_pre-16   =>    head-602   
 ------------------------------------------

 0) + 36.999 us   |                          } /* get_page_from_freelist */
 0) + 37.321 us   |                        } /* __alloc_frozen_pages_noprof */
 0) + 37.731 us   |                      } /* alloc_pages_mpol */
 0) + 38.122 us   |                    } /* vma_alloc_folio_noprof */
 0) + 47.669 us   |                  } /* do_anonymous_page */
 0) + 53.832 us   |                } /* __handle_mm_fault */
 0) + 54.863 us   |              } /* handle_mm_fault */
 0) + 58.539 us   |            } /* __get_user_pages */
 0) + 59.000 us   |          } /* get_user_pages_remote */
 0) + 60.003 us   |        } /* get_arg_page */
 0) + 60.273 us   |      } /* copy_string_kernel */
 0) + 20.529 us   |          } /* prepare_creds */
 0) + 21.140 us   |        } /* prepare_exec_creds */
 0) + 71.323 us   |                  } /* __zap_vma_range */
 ------------------------------------------
 3)     ls-599     =>    head-604   
 ------------------------------------------

 3) + 21.741 us   |            } /* path_openat */
 3) + 22.121 us   |          } /* do_file_open */
 3) + 22.402 us   |        } /* do_open_execat */
 2) + 21.812 us   |            } /* path_openat */
 2) + 22.162 us   |          } /* do_file_open */
 2) + 22.462 us   |        } /* do_open_execat */
 3) + 40.946 us   |      } /* alloc_bprm */
 0) + 25.378 us   |                  } /* __zap_vma_range */
 2) + 39.394 us   |      } /* alloc_bprm */
 0) ! 127.178 us  |                } /* unmap_vmas */
 3) + 22.191 us   |                } /* __handle_mm_fault */
 3) + 23.284 us   |              } /* handle_mm_fault */
 3) + 27.080 us   |            } /* __get_user_pages */
 3) + 27.572 us   |          } /* get_user_pages_remote */
 3) + 28.553 us   |        } /* get_arg_page */
 3) + 28.824 us   |      } /* copy_string_kernel */
 2) + 21.891 us   |            } /* __get_user_pages */
 2) + 22.382 us   |          } /* get_user_pages_remote */
 2) + 23.314 us   |        } /* get_arg_page */
 2) + 23.615 us   |      } /* copy_string_kernel */
 1) + 20.087 us   |    } /* __handle_mm_fault */
 1) + 21.220 us   |  } /* handle_mm_fault */
 0) + 25.638 us   |                } /* free_pgtables */
 0) + 23.745 us   |                    } /* free_pages_and_swap_cache */
 0) + 24.016 us   |                  } /* __tlb_batch_free_encoded_pages */
 0) + 34.324 us   |                } /* tlb_finish_mmu */
 0) ! 197.991 us  |              } /* exit_mmap */
 0) ! 209.382 us  |            } /* mmput */
 0) ! 224.721 us  |          } /* begin_new_exec */
 1) + 63.479 us   |                } /* folio_batch_move_lru */
 1) + 63.859 us   |              } /* __folio_batch_add_and_move */
 1) + 64.101 us   |            } /* folio_add_lru */
 1) + 64.591 us   |          } /* folio_add_lru_vma */
 0) + 29.856 us   |          } /* setup_arg_pages */
 1) + 66.434 us   |        } /* map_anon_folio_pte_nopf */
 1) + 71.013 us   |      } /* do_anonymous_page */
 1) + 71.935 us   |    } /* __handle_mm_fault */
 1) + 72.948 us   |  } /* handle_mm_fault */
 0) + 22.332 us   |          } /* elf_load */
 2) + 69.080 us   |                  } /* __zap_vma_range */
 3) + 71.274 us   |                  } /* __zap_vma_range */
 2) + 25.037 us   |                  } /* __zap_vma_range */
 3) + 24.717 us   |                  } /* __zap_vma_range */
 2) ! 124.253 us  |                } /* unmap_vmas */
 3) ! 126.297 us  |                } /* unmap_vmas */
 0) + 39.214 us   |          } /* elf_load */
 2) + 25.859 us   |                } /* free_pgtables */
 3) + 26.860 us   |                } /* free_pgtables */
 0) ! 369.614 us  |        } /* load_elf_binary */
 0) ! 407.914 us  |      } /* bprm_execve */
 0) ! 536.796 us  |    } /* do_execveat_common.isra.0 */
 0) ! 538.830 us  |  } /* __x64_sys_execve */
 2) + 22.402 us   |                    } /* free_pages_and_swap_cache */
 2) + 22.722 us   |                  } /* __tlb_batch_free_encoded_pages */
 2) + 31.599 us   |                } /* tlb_finish_mmu */
 2) ! 192.721 us  |              } /* exit_mmap */
 3) + 23.805 us   |                    } /* free_pages_and_swap_cache */
 3) + 24.065 us   |                  } /* __tlb_batch_free_encoded_pages */
 3) + 34.405 us   |                } /* tlb_finish_mmu */
 2) ! 204.132 us  |            } /* mmput */
 3) ! 198.522 us  |              } /* exit_mmap */
 2) ! 219.632 us  |          } /* begin_new_exec */
 3) ! 210.094 us  |            } /* mmput */
 3) ! 234.539 us  |          } /* begin_new_exec */
 2) + 29.876 us   |          } /* setup_arg_pages */
 3) + 30.207 us   |          } /* setup_arg_pages */
 2) + 22.292 us   |          } /* elf_load */
 3) + 23.163 us   |          } /* elf_load */
 ------------------------------------------
 1)   md5sum-603   =>   md5sum-605  
 ------------------------------------------

 1) + 31.328 us   |      } /* alloc_bprm */
 2) + 38.362 us   |          } /* elf_load */
 1) + 20.698 us   |            } /* __get_user_pages */
 1) + 21.169 us   |          } /* get_user_pages_remote */
 1) + 22.121 us   |        } /* get_arg_page */
 1) + 22.391 us   |      } /* copy_string_kernel */
 3) + 38.592 us   |          } /* elf_load */
 2) ! 361.288 us  |        } /* load_elf_binary */
 2) ! 379.612 us  |      } /* bprm_execve */
 2) ! 457.228 us  |    } /* do_execveat_common.isra.0 */
 2) ! 459.281 us  |  } /* __x64_sys_execve */
 3) ! 383.259 us  |        } /* load_elf_binary */
 3) ! 401.522 us  |      } /* bprm_execve */
 3) ! 488.065 us  |    } /* do_execveat_common.isra.0 */
 3) ! 490.250 us  |  } /* __x64_sys_execve */
 1) + 69.702 us   |                  } /* __zap_vma_range */
 1) + 25.077 us   |                  } /* __zap_vma_range */
 1) ! 128.791 us  |                } /* unmap_vmas */
 0) + 20.338 us   |      } /* vfs_read */
 0) + 21.170 us   |    } /* ksys_read */
 0) + 21.481 us   |  } /* __x64_sys_read */
 1) + 24.957 us   |                } /* free_pgtables */
 1) + 22.462 us   |                    } /* free_pages_and_swap_cache */
 1) + 22.712 us   |                  } /* __tlb_batch_free_encoded_pages */
 ------------------------------------------
 0)    head-602    =>   md5sum-600  
 ------------------------------------------

 0) # 1129.368 us |          } /* _raw_spin_unlock */
 1) + 31.479 us   |                } /* tlb_finish_mmu */
 0) # 1157.010 us |        } /* filemap_map_pages */
 0) # 1158.312 us |      } /* do_fault */
 0) # 1159.344 us |    } /* __handle_mm_fault */
 0) # 1160.436 us |  } /* handle_mm_fault */
 1) ! 195.928 us  |              } /* exit_mmap */
 1) ! 207.279 us  |            } /* mmput */
 1) ! 228.950 us  |          } /* begin_new_exec */
 2) + 20.629 us   |  } /* handle_mm_fault */
 1) + 29.556 us   |          } /* setup_arg_pages */
 1) + 22.022 us   |          } /* elf_load */
 2) + 20.458 us   |                } /* __mod_memcg_lruvec_state */
 2) + 21.270 us   |              } /* lruvec_stat_mod_folio */
 2) + 21.540 us   |            } /* folio_add_file_rmap_ptes */
 1) + 20.800 us   |                        } /* static_key_count */
 2) + 21.801 us   |          } /* set_pte_range */
 2) + 33.773 us   |        } /* filemap_map_pages */
 1) + 23.353 us   |                      } /* security_vm_enough_memory_mm */
 2) + 34.365 us   |      } /* do_fault */
 2) + 35.326 us   |    } /* __handle_mm_fault */
 2) + 36.379 us   |  } /* handle_mm_fault */
 1) + 30.849 us   |                    } /* __mmap_region */
 1) + 31.089 us   |                  } /* mmap_region */
 1) + 32.862 us   |                } /* do_mmap */
 1) + 33.863 us   |              } /* vm_mmap_pgoff */
 1) + 34.144 us   |            } /* vm_mmap */
 ------------------------------------------
 2)   md5sum-601   =>    head-598   
 ------------------------------------------

 2) # 1037.396 us |                  } /* preempt_schedule_irq */
 2) # 1037.716 us |                } /* raw_irqentry_exit_cond_resched */
 2) # 1051.772 us |              } /* vms_gather_munmap_vmas */
 2) # 1057.312 us |            } /* __mmap_region */
 2) # 1057.572 us |          } /* mmap_region */
 2) # 1058.795 us |        } /* do_mmap */
 2) # 1059.847 us |      } /* vm_mmap_pgoff */
 2) # 1060.098 us |    } /* ksys_mmap_pgoff */
 2) # 1060.368 us |  } /* __x64_sys_mmap */
 3) + 24.305 us   |                        } /* rcu_do_batch */
 3) + 27.020 us   |                      } /* rcu_core */
 3) + 27.271 us   |                    } /* rcu_core_si */
 3) + 27.942 us   |                  } /* handle_softirqs */
 3) + 31.018 us   |                } /* irq_exit_rcu */
 3) + 51.788 us   |            } /* alloc_pages_noprof */
 3) + 53.470 us   |          } /* anon_pipe_write */
 3) + 53.772 us   |        } /* do_iter_readv_writev */
 3) + 55.004 us   |      } /* vfs_writev */
 3) + 55.455 us   |    } /* do_writev */
 3) + 55.694 us   |  } /* __x64_sys_writev */
 1) + 23.935 us   |              } /* __handle_mm_fault */
 1) + 25.067 us   |            } /* handle_mm_fault */
 0) + 82.194 us   |                } /* folio_batch_move_lru */
 1) + 68.369 us   |          } /* elf_load */
 0) + 82.566 us   |              } /* __folio_batch_add_and_move */
 0) + 82.816 us   |            } /* folio_add_lru */
 0) + 83.055 us   |          } /* folio_add_lru_vma */
 0) + 84.939 us   |        } /* map_anon_folio_pte_nopf */
 0) + 92.082 us   |      } /* do_anonymous_page */
 0) + 93.055 us   |    } /* __handle_mm_fault */
 0) + 94.077 us   |  } /* handle_mm_fault */
 1) ! 391.133 us  |        } /* load_elf_binary */
 1) ! 409.137 us  |      } /* bprm_execve */
 1) ! 477.516 us  |    } /* do_execveat_common.isra.0 */
 1) ! 479.631 us  |  } /* __x64_sys_execve */
 ------------------------------------------
 0)   md5sum-600   =>    head-602   
 ------------------------------------------

 0) ! 222.378 us  |                  } /* preempt_schedule_irq */
 0) ! 222.738 us  |                } /* raw_irqentry_exit_cond_resched */
 0) ! 233.829 us  |              } /* chacha_permute */
 0) ! 234.079 us  |            } /* chacha_block_generic */
 0) ! 241.182 us  |          } /* get_random_bytes_user */
 0) ! 241.413 us  |        } /* urandom_read_iter */
 0) ! 242.214 us  |      } /* vfs_read */
 0) ! 242.635 us  |    } /* ksys_read */
 0) ! 242.855 us  |  } /* __x64_sys_read */
 ------------------------------------------
 3)    head-604    =>  multita-593  
 ------------------------------------------

 3) # 2553.720 us |        } /* _raw_spin_unlock_irqrestore */
 3) # 2561.464 us |      } /* wake_up_new_task */
 3) # 2707.899 us |    } /* kernel_clone */
 3) # 2708.150 us |  } /* __do_sys_fork */
 2) + 69.491 us   |                } /* folio_batch_move_lru */
 2) + 69.861 us   |              } /* __folio_batch_add_and_move */
 2) + 70.101 us   |            } /* folio_add_lru */
 2) + 70.352 us   |          } /* folio_add_lru_vma */
 2) + 72.205 us   |        } /* map_anon_folio_pte_nopf */
 2) + 81.843 us   |      } /* do_anonymous_page */
 2) + 87.944 us   |    } /* __handle_mm_fault */
 2) + 88.967 us   |  } /* handle_mm_fault */
 ------------------------------------------
 2)    head-598    =>   md5sum-601  
 ------------------------------------------

 2) ! 172.454 us  |          } /* schedule */
 2) ! 174.858 us  |        } /* anon_pipe_read */
 2) ! 175.770 us  |      } /* vfs_read */
 2) ! 176.301 us  |    } /* ksys_read */
 2) ! 176.541 us  |  } /* __x64_sys_read */
 ------------------------------------------
 2)   md5sum-601   =>    head-598   
 ------------------------------------------

 2) + 22.593 us   |              } /* _raw_spin_unlock_irqrestore */
 2) + 29.976 us   |            } /* __wake_up_sync_key */
 2) + 32.631 us   |          } /* anon_pipe_write */
 2) + 32.942 us   |        } /* do_iter_readv_writev */
 2) + 34.074 us   |      } /* vfs_writev */
 2) + 34.514 us   |    } /* do_writev */
 2) + 34.756 us   |  } /* __x64_sys_writev */
 ------------------------------------------
 2)    head-598    =>   md5sum-601  
 ------------------------------------------

 2) + 39.334 us   |          } /* schedule */
 2) + 41.568 us   |        } /* anon_pipe_read */
 2) + 42.369 us   |      } /* vfs_read */
 2) + 42.820 us   |    } /* ksys_read */
 2) + 43.051 us   |  } /* __x64_sys_read */
 ------------------------------------------
 2)   md5sum-601   =>    head-598   
 ------------------------------------------

 2) + 29.335 us   |              } /* _raw_spin_unlock_irqrestore */
 2) + 38.343 us   |            } /* __wake_up_sync_key */
 2) + 39.313 us   |          } /* anon_pipe_write */
 2) + 39.635 us   |        } /* do_iter_readv_writev */
 2) + 40.716 us   |      } /* vfs_writev */
 2) + 41.167 us   |    } /* do_writev */
 2) + 41.428 us   |  } /* __x64_sys_writev */
 ------------------------------------------
 2)    head-598    =>   md5sum-601  
 ------------------------------------------

 2) + 53.792 us   |          } /* schedule */
 2) + 56.405 us   |        } /* anon_pipe_read */
 2) + 57.248 us   |      } /* vfs_read */
 2) + 57.709 us   |    } /* ksys_read */
 2) + 57.938 us   |  } /* __x64_sys_read */
 ------------------------------------------
 2)   md5sum-601   =>    head-598   
 ------------------------------------------

 2) + 22.262 us   |              } /* _raw_spin_unlock_irqrestore */
 2) + 32.071 us   |            } /* __wake_up_sync_key */
 2) + 33.013 us   |          } /* anon_pipe_write */
 2) + 33.303 us   |        } /* do_iter_readv_writev */
 2) + 34.455 us   |      } /* vfs_writev */
 2) + 34.895 us   |    } /* do_writev */
 2) + 35.146 us   |  } /* __x64_sys_writev */
 3) + 90.670 us   |        } /* dup_mmap */
 3) ! 144.611 us  |      } /* copy_process */
 ------------------------------------------
 2)    head-598    =>   md5sum-601  
 ------------------------------------------

 2) + 38.983 us   |          } /* schedule */
 2) + 41.268 us   |        } /* anon_pipe_read */
 2) + 42.059 us   |      } /* vfs_read */
 2) + 42.490 us   |    } /* ksys_read */
 2) + 42.720 us   |  } /* __x64_sys_read */
 3) ! 156.884 us  |    } /* kernel_clone */
 3) ! 157.174 us  |  } /* __do_sys_fork */
 ------------------------------------------
 2)   md5sum-601   =>    head-598   
 ------------------------------------------

 2) + 22.512 us   |              } /* _raw_spin_unlock_irqrestore */
 2) + 31.109 us   |            } /* __wake_up_sync_key */
 2) + 31.971 us   |          } /* anon_pipe_write */
 2) + 32.240 us   |        } /* do_iter_readv_writev */
 2) + 33.233 us   |      } /* vfs_writev */
 2) + 33.643 us   |    } /* do_writev */
 2) + 33.873 us   |  } /* __x64_sys_writev */
 ------------------------------------------
 2)    head-598    =>   md5sum-601  
 ------------------------------------------

 2) + 38.163 us   |          } /* schedule */
 2) + 40.355 us   |        } /* anon_pipe_read */
 2) + 41.138 us   |      } /* vfs_read */
 2) + 41.588 us   |    } /* ksys_read */
 2) + 41.808 us   |  } /* __x64_sys_read */
 ------------------------------------------
 1)   md5sum-605   =>    head-596   
 ------------------------------------------

 1) # 2020.920 us |                  } /* preempt_schedule_irq */
 1) # 2021.362 us |                } /* raw_irqentry_exit_cond_resched */
 1) # 2032.001 us |              } /* chacha_permute */
 1) # 2032.282 us |            } /* chacha_block_generic */
 1) # 2039.265 us |          } /* get_random_bytes_user */
 1) # 2039.516 us |        } /* urandom_read_iter */
 1) # 2040.337 us |      } /* vfs_read */
 1) # 2040.757 us |    } /* ksys_read */
 1) # 2040.968 us |  } /* __x64_sys_read */
 ------------------------------------------
 2)   md5sum-601   =>    head-598   
 ------------------------------------------

 2) + 22.101 us   |              } /* _raw_spin_unlock_irqrestore */
 2) + 28.673 us   |            } /* __wake_up_sync_key */
 2) + 29.495 us   |          } /* anon_pipe_write */
 2) + 29.765 us   |        } /* do_iter_readv_writev */
 2) + 30.737 us   |      } /* vfs_writev */
 2) + 31.149 us   |    } /* do_writev */
 2) + 31.368 us   |  } /* __x64_sys_writev */
 ------------------------------------------
 2)    head-598    =>   md5sum-601  
 ------------------------------------------

 2) + 37.540 us   |          } /* schedule */
 3) + 39.794 us   |            } /* folio_batch_move_lru */
 3) + 40.175 us   |          } /* lru_add_drain_cpu */
 3) + 40.607 us   |        } /* lru_add_drain */
 2) + 39.725 us   |        } /* anon_pipe_read */
 2) + 40.496 us   |      } /* vfs_read */
 2) + 40.926 us   |    } /* ksys_read */
 2) + 41.157 us   |  } /* __x64_sys_read */
 3) + 48.851 us   |      } /* do_wp_page */
 3) + 49.814 us   |    } /* __handle_mm_fault */
 3) + 50.815 us   |  } /* handle_mm_fault */
 ------------------------------------------
 2)   md5sum-601   =>    head-598   
 ------------------------------------------

 2) + 26.189 us   |            } /* __wake_up_sync_key */
 2) + 27.080 us   |          } /* anon_pipe_write */
 2) + 27.351 us   |        } /* do_iter_readv_writev */
 2) + 28.303 us   |      } /* vfs_writev */
 2) + 28.714 us   |    } /* do_writev */
 2) + 28.945 us   |  } /* __x64_sys_writev */
 ------------------------------------------
 2)    head-598    =>   md5sum-601  
 ------------------------------------------

 2) + 37.430 us   |          } /* schedule */
 2) + 39.594 us   |        } /* anon_pipe_read */
 2) + 40.356 us   |      } /* vfs_read */
 2) + 40.786 us   |    } /* ksys_read */
 2) + 41.006 us   |  } /* __x64_sys_read */
 ------------------------------------------
 2)   md5sum-601   =>    head-598   
 ------------------------------------------

 2) + 21.951 us   |              } /* _raw_spin_unlock_irqrestore */
 2) + 30.267 us   |            } /* __wake_up_sync_key */
 2) + 31.088 us   |          } /* anon_pipe_write */
 2) + 31.359 us   |        } /* do_iter_readv_writev */
 2) + 32.321 us   |      } /* vfs_writev */
 2) + 32.712 us   |    } /* do_writev */
 2) + 32.941 us   |  } /* __x64_sys_writev */
 ------------------------------------------
 2)    head-598    =>   md5sum-601  
 ------------------------------------------

 2) + 37.520 us   |          } /* schedule */
 2) + 39.695 us   |        } /* anon_pipe_read */
 2) + 40.456 us   |      } /* vfs_read */
 2) + 40.886 us   |    } /* ksys_read */
 2) + 41.117 us   |  } /* __x64_sys_read */
 ------------------------------------------
 2)   md5sum-601   =>    head-598   
 ------------------------------------------

 2) + 21.831 us   |              } /* _raw_spin_unlock_irqrestore */
 2) + 28.213 us   |            } /* __wake_up_sync_key */
 2) + 29.035 us   |          } /* anon_pipe_write */
 2) + 29.306 us   |        } /* do_iter_readv_writev */
 2) + 30.257 us   |      } /* vfs_writev */
 2) + 30.667 us   |    } /* do_writev */
 2) + 30.898 us   |  } /* __x64_sys_writev */
 ------------------------------------------
 2)    head-598    =>   md5sum-601  
 ------------------------------------------

 2) + 37.401 us   |          } /* schedule */
 2) + 39.565 us   |        } /* anon_pipe_read */
 2) + 40.326 us   |      } /* vfs_read */
 2) + 40.757 us   |    } /* ksys_read */
 2) + 40.977 us   |  } /* __x64_sys_read */
 ------------------------------------------
 2)   md5sum-601   =>    head-598   
 ------------------------------------------

 2) + 21.831 us   |              } /* _raw_spin_unlock_irqrestore */
 2) + 28.203 us   |            } /* __wake_up_sync_key */
 2) + 29.035 us   |          } /* anon_pipe_write */
 2) + 29.445 us   |        } /* do_iter_readv_writev */
 2) + 30.407 us   |      } /* vfs_writev */
 2) + 30.827 us   |    } /* do_writev */
 2) + 31.049 us   |  } /* __x64_sys_writev */
 ------------------------------------------
 2)    head-598    =>   md5sum-601  
 ------------------------------------------

 2) + 37.590 us   |          } /* schedule */
 2) + 39.765 us   |        } /* anon_pipe_read */
 2) + 40.526 us   |      } /* vfs_read */
 2) + 40.968 us   |    } /* ksys_read */
 2) + 41.186 us   |  } /* __x64_sys_read */
 ------------------------------------------
 2)   md5sum-601   =>    head-598   
 ------------------------------------------

 2) + 26.049 us   |            } /* __wake_up_sync_key */
 2) + 26.960 us   |          } /* anon_pipe_write */
 2) + 27.240 us   |        } /* do_iter_readv_writev */
 2) + 28.183 us   |      } /* vfs_writev */
 2) + 28.604 us   |    } /* do_writev */
 2) + 28.834 us   |  } /* __x64_sys_writev */
 3) + 91.903 us   |        } /* dup_mmap */
 3) ! 146.154 us  |      } /* copy_process */
 0) + 72.977 us   |              } /* __zap_vma_range */
 3) ! 157.164 us  |    } /* kernel_clone */
 3) ! 157.435 us  |  } /* __do_sys_fork */
 0) + 36.739 us   |              } /* __zap_vma_range */
 0) ! 142.608 us  |            } /* unmap_vmas */
 ------------------------------------------
 2)    head-598    =>     ls-607    
 ------------------------------------------

 2) + 21.520 us   |        } /* __folio_put */
 2) + 32.080 us   |      } /* do_wp_page */
 2) + 33.002 us   |    } /* __handle_mm_fault */
 2) + 34.004 us   |  } /* handle_mm_fault */
 3) + 26.439 us   |      } /* do_wp_page */
 3) + 27.492 us   |    } /* __handle_mm_fault */
 3) + 28.513 us   |  } /* handle_mm_fault */
 0) + 21.930 us   |            } /* free_pgtables */
 0) + 34.575 us   |                } /* free_pages_and_swap_cache */
 0) + 34.845 us   |              } /* __tlb_batch_free_encoded_pages */
 0) + 43.221 us   |            } /* tlb_finish_mmu */
 0) ! 218.400 us  |          } /* exit_mmap */
 0) ! 222.357 us  |        } /* mmput */
 ------------------------------------------
 3)  multita-593   =>    head-604   
 ------------------------------------------

 3) ! 701.986 us  |  } /* schedule */
 2) + 28.943 us   |    } /* do_sys_openat2 */
 2) + 29.335 us   |  } /* __x64_sys_open */
 2) + 21.741 us   |  } /* __x64_sys_newstat */
 1) + 73.478 us   |              } /* __zap_vma_range */
 ------------------------------------------
 0)    head-602    =>     ls-606    
 ------------------------------------------

 0) + 28.242 us   |    } /* do_sys_openat2 */
 0) + 28.594 us   |  } /* __x64_sys_open */
 1) + 37.049 us   |              } /* __zap_vma_range */
 1) ! 138.801 us  |            } /* unmap_vmas */
 1) + 20.469 us   |                } /* __call_rcu_common */
 1) + 20.769 us   |              } /* call_rcu */
 2) + 21.550 us   |            } /* __vma_start_exclude_readers */
 2) + 21.891 us   |          } /* __vma_start_write */
 3) + 24.977 us   |                } /* __alloc_frozen_pages_noprof */
 0) + 26.860 us   |        } /* filemap_map_pages */
 3) + 25.477 us   |              } /* alloc_pages_mpol */
 3) + 25.738 us   |            } /* alloc_pages_noprof */
 0) + 27.521 us   |      } /* do_fault */
 0) + 28.463 us   |    } /* __handle_mm_fault */
 3) + 26.580 us   |          } /* anon_pipe_write */
 3) + 26.850 us   |        } /* do_iter_readv_writev */
 3) + 27.793 us   |      } /* vfs_writev */
 0) + 29.525 us   |  } /* handle_mm_fault */
 3) + 28.223 us   |    } /* do_writev */
 3) + 28.443 us   |  } /* __x64_sys_writev */
 0) + 21.610 us   |  } /* __x64_sys_newstat */
 1) + 34.595 us   |                } /* free_pages_and_swap_cache */
 1) + 34.836 us   |              } /* __tlb_batch_free_encoded_pages */
 1) + 63.299 us   |            } /* tlb_finish_mmu */
 1) ! 231.986 us  |          } /* exit_mmap */
 1) ! 235.972 us  |        } /* mmput */
 2) ! 118.774 us  |        } /* dup_mmap */
 2) ! 183.123 us  |      } /* copy_process */
 2) ! 195.707 us  |    } /* kernel_clone */
 2) ! 196.008 us  |  } /* __do_sys_fork */
 ------------------------------------------
 1)    head-596    =>   kworker-59  
 ------------------------------------------

 1) # 5094.445 us |                } /* schedule */
 1) # 5094.805 us |              } /* schedule_timeout */
 1) # 5095.877 us |            } /* wait_for_completion */
 1) # 5096.980 us |          } /* synchronize_rcu_normal */
 1) # 5097.560 us |        } /* synchronize_rcu */
 1) # 5098.573 us |      } /* try_check_zero */
 ------------------------------------------
 1)   kworker-59   =>   md5sum-603  
 ------------------------------------------

 1) # 1763.658 us |          } /* schedule */
 2) + 20.869 us   |      } /* do_wp_page */
 2) + 21.921 us   |    } /* __handle_mm_fault */
 2) + 22.943 us   |  } /* handle_mm_fault */
 0) + 95.359 us   |        } /* dup_mmap */
 1) + 21.952 us   |              } /* do_anonymous_page */
 1) + 22.913 us   |            } /* __handle_mm_fault */
 2) + 21.329 us   |  } /* __x64_sys_newstat */
 1) + 23.935 us   |          } /* handle_mm_fault */
 0) ! 149.590 us  |      } /* copy_process */
 0) ! 165.820 us  |    } /* kernel_clone */
 0) ! 166.122 us  |  } /* __do_sys_fork */
 2) + 95.209 us   |        } /* dup_mmap */
 3) + 72.727 us   |              } /* __zap_vma_range */
 2) ! 147.918 us  |      } /* copy_process */
 2) ! 159.399 us  |    } /* kernel_clone */
 2) ! 159.680 us  |  } /* __do_sys_fork */
 3) + 36.037 us   |              } /* __zap_vma_range */
 3) ! 137.026 us  |            } /* unmap_vmas */
 2) + 20.808 us   |  } /* handle_mm_fault */
 0) + 96.150 us   |        } /* dup_mmap */
 ------------------------------------------
 1)   md5sum-603   =>    head-609   
 ------------------------------------------

 1) + 30.747 us   |      } /* alloc_bprm */
 0) ! 157.185 us  |      } /* copy_process */
 1) + 20.820 us   |            } /* __get_user_pages */
 1) + 21.349 us   |          } /* get_user_pages_remote */
 1) + 22.292 us   |        } /* get_arg_page */
 1) + 22.582 us   |      } /* copy_string_kernel */
 0) ! 168.556 us  |    } /* kernel_clone */
 0) ! 169.178 us  |  } /* __do_sys_fork */
 3) + 34.394 us   |                } /* free_pages_and_swap_cache */
 3) + 34.674 us   |              } /* __tlb_batch_free_encoded_pages */
 3) + 42.841 us   |            } /* tlb_finish_mmu */
 3) ! 209.723 us  |          } /* exit_mmap */
 3) ! 213.670 us  |        } /* mmput */
 0) + 25.067 us   |      } /* do_wp_page */
 0) + 26.109 us   |    } /* __handle_mm_fault */
 0) + 27.151 us   |  } /* handle_mm_fault */
 1) + 70.092 us   |                  } /* __zap_vma_range */
 1) + 25.207 us   |                  } /* __zap_vma_range */
 1) ! 127.058 us  |                } /* unmap_vmas */
 1) + 25.989 us   |                } /* free_pgtables */
 ------------------------------------------
 2)     ls-607     =>   md5sum-610  
 ------------------------------------------

 2) + 29.476 us   |      } /* alloc_bprm */
 2) + 23.644 us   |                } /* __handle_mm_fault */
 1) + 29.846 us   |                    } /* free_pages_and_swap_cache */
 1) + 30.137 us   |                  } /* __tlb_batch_free_encoded_pages */
 1) + 41.758 us   |                } /* tlb_finish_mmu */
 1) ! 206.447 us  |              } /* exit_mmap */
 2) + 25.357 us   |                } /* count_memcg_events */
 2) + 50.374 us   |              } /* handle_mm_fault */
 2) + 54.773 us   |            } /* __get_user_pages */
 2) + 55.283 us   |          } /* get_user_pages_remote */
 1) ! 218.020 us  |            } /* mmput */
 2) + 56.456 us   |        } /* get_arg_page */
 2) + 56.807 us   |      } /* copy_string_kernel */
 1) ! 233.558 us  |          } /* begin_new_exec */
 ------------------------------------------
 3)    head-604    =>    head-608   
 ------------------------------------------

 3) + 29.626 us   |      } /* alloc_bprm */
 1) + 30.457 us   |          } /* setup_arg_pages */
 ------------------------------------------
 0)     ls-606     =>   md5sum-611  
 ------------------------------------------

 0) + 30.267 us   |      } /* alloc_bprm */
 3) + 20.969 us   |            } /* __get_user_pages */
 3) + 21.511 us   |          } /* get_user_pages_remote */
 3) + 22.452 us   |        } /* get_arg_page */
 3) + 22.732 us   |      } /* copy_string_kernel */
 1) + 22.151 us   |          } /* elf_load */
 0) + 21.600 us   |            } /* __get_user_pages */
 0) + 22.132 us   |          } /* get_user_pages_remote */
 0) + 23.083 us   |        } /* get_arg_page */
 0) + 23.384 us   |      } /* copy_string_kernel */
 1) + 20.649 us   |            } /* handle_mm_fault */
 1) + 41.127 us   |          } /* elf_load */
 2) + 70.341 us   |                  } /* __zap_vma_range */
 1) ! 379.301 us  |        } /* load_elf_binary */
 1) ! 398.748 us  |      } /* bprm_execve */
 1) ! 468.849 us  |    } /* do_execveat_common.isra.0 */
 1) ! 471.074 us  |  } /* __x64_sys_execve */
 2) + 24.777 us   |                  } /* __zap_vma_range */
 2) ! 127.659 us  |                } /* unmap_vmas */
 3) + 69.751 us   |                  } /* __zap_vma_range */
 2) + 25.428 us   |                } /* free_pgtables */
 0) + 78.658 us   |                  } /* __zap_vma_range */
 3) + 25.038 us   |                  } /* __zap_vma_range */
 3) ! 126.478 us  |                } /* unmap_vmas */
 0) + 24.896 us   |                  } /* __zap_vma_range */
 2) + 22.682 us   |                    } /* free_pages_and_swap_cache */
 2) + 22.953 us   |                  } /* __tlb_batch_free_encoded_pages */
 2) + 33.563 us   |                } /* tlb_finish_mmu */
 0) ! 135.634 us  |                } /* unmap_vmas */
 2) ! 198.212 us  |              } /* exit_mmap */
 3) + 24.806 us   |                } /* free_pgtables */
 2) + 28.754 us   |                  } /* _raw_spin_unlock_irqrestore */
 2) + 34.084 us   |                } /* free_percpu */
 2) + 41.578 us   |              } /* __mmdrop */
 2) ! 243.296 us  |            } /* mmput */
 ------------------------------------------
 0)   md5sum-611   =>   rcu_pre-16  
 ------------------------------------------

 0) # 2971.493 us |      } /* schedule */
 0) # 2974.028 us |    } /* schedule_timeout */
 0) # 2975.791 us |  } /* rcu_gp_fqs_loop */
 2) ! 260.017 us  |          } /* begin_new_exec */
 3) + 47.598 us   |                              } /* __pv_queued_spin_lock_slowpath */
 3) + 47.940 us   |                            } /* _raw_spin_lock_irqsave */
 3) + 48.362 us   |                          } /* folio_lruvec_lock_irqsave */
 3) + 49.604 us   |                        } /* __page_cache_release.part.0 */
 ------------------------------------------
 0)   rcu_pre-16   =>   md5sum-600  
 ------------------------------------------

 0) # 1962.060 us |          } /* schedule */
 3) + 21.881 us   |                        } /* _raw_spin_unlock_irqrestore */
 3) + 77.837 us   |                      } /* folios_put_refs */
 3) + 79.209 us   |                    } /* free_pages_and_swap_cache */
 3) + 79.459 us   |                  } /* __tlb_batch_free_encoded_pages */
 2) + 31.840 us   |          } /* setup_arg_pages */
 1) + 23.935 us   |                            } /* rcu_do_batch */
 1) + 26.530 us   |                          } /* rcu_core */
 1) + 26.780 us   |                        } /* rcu_core_si */
 1) + 27.501 us   |                      } /* handle_softirqs */
 1) + 30.488 us   |                    } /* irq_exit_rcu */
 1) + 44.824 us   |                  } /* _raw_spin_unlock_irqrestore */
 2) + 25.127 us   |          } /* elf_load */
 1) ! 109.435 us  |                } /* folio_batch_move_lru */
 1) ! 109.706 us  |              } /* __folio_batch_add_and_move */
 1) ! 109.936 us  |            } /* folio_add_lru */
 1) ! 110.177 us  |          } /* folio_add_lru_vma */
 3) + 29.755 us   |                    } /* free_pages_and_swap_cache */
 1) ! 111.959 us  |        } /* map_anon_folio_pte_nopf */
 3) + 29.997 us   |                  } /* __tlb_batch_free_encoded_pages */
 1) ! 118.253 us  |      } /* do_anonymous_page */
 1) ! 119.143 us  |    } /* __handle_mm_fault */
 3) ! 111.840 us  |                } /* tlb_finish_mmu */
 1) ! 120.146 us  |  } /* handle_mm_fault */
 3) ! 273.844 us  |              } /* exit_mmap */
 3) ! 284.974 us  |            } /* mmput */
 3) ! 300.653 us  |          } /* begin_new_exec */
 0) # 2052.539 us |        } /* anon_pipe_read */
 0) # 2054.142 us |      } /* vfs_read */
 0) # 2054.785 us |    } /* ksys_read */
 0) # 2055.095 us |  } /* __x64_sys_read */
 2) + 38.843 us   |          } /* elf_load */
 3) + 30.267 us   |          } /* setup_arg_pages */
 2) ! 409.889 us  |        } /* load_elf_binary */
 3) + 22.662 us   |          } /* elf_load */
 2) ! 430.748 us  |      } /* bprm_execve */
 2) ! 533.130 us  |    } /* do_execveat_common.isra.0 */
 2) ! 535.224 us  |  } /* __x64_sys_execve */
 3) + 38.583 us   |          } /* elf_load */
 3) ! 436.158 us  |        } /* load_elf_binary */
 3) ! 454.352 us  |      } /* bprm_execve */
 3) ! 523.673 us  |    } /* do_execveat_common.isra.0 */
 3) ! 525.906 us  |  } /* __x64_sys_execve */
 0) + 28.403 us   |        } /* do_vmi_align_munmap */
 0) + 29.054 us   |      } /* do_vmi_munmap */
 0) + 29.967 us   |    } /* __vm_munmap */
 0) + 30.388 us   |  } /* __x64_sys_munmap */
 ------------------------------------------
 1)    head-609    =>   md5sum-605  
 ------------------------------------------

 1) # 1940.931 us |          } /* schedule */
 0) + 24.305 us   |              } /* __zap_vma_range */
 1) # 2022.283 us |        } /* anon_pipe_read */
 1) # 2023.195 us |      } /* vfs_read */
 1) # 2023.645 us |    } /* ksys_read */
 1) # 2023.885 us |  } /* __x64_sys_read */
 ------------------------------------------
 1)   md5sum-605   =>   md5sum-603  
 ------------------------------------------

 1) # 1193.789 us |                } /* _raw_spin_unlock */
 1) # 1207.244 us |              } /* do_anonymous_page */
 1) # 1208.157 us |            } /* __handle_mm_fault */
 1) # 1209.208 us |          } /* handle_mm_fault */
 0) ! 103.935 us  |              } /* __zap_vma_range */
 1) # 3075.498 us |        } /* anon_pipe_read */
 1) # 3076.461 us |      } /* vfs_read */
 1) # 3077.011 us |    } /* ksys_read */
 1) # 3077.271 us |  } /* __x64_sys_read */
 ------------------------------------------
 2)   md5sum-610   =>    head-598   
 ------------------------------------------

 2) # 1844.218 us |              } /* _raw_spin_unlock_irqrestore */
 2) # 1852.464 us |            } /* __wake_up_sync_key */
 2) # 1853.376 us |          } /* anon_pipe_write */
 2) # 1853.667 us |        } /* do_iter_readv_writev */
 2) # 1854.869 us |      } /* vfs_writev */
 2) # 1855.280 us |    } /* do_writev */
 2) # 1855.520 us |  } /* __x64_sys_writev */
 0) + 54.052 us   |              } /* __zap_vma_range */
 0) ! 225.282 us  |            } /* unmap_vmas */
 0) + 32.601 us   |            } /* free_pgtables */
 ------------------------------------------
 3)    head-608    =>    head-604   
 ------------------------------------------

 3) # 1082.700 us |            } /* _raw_spin_unlock_irqrestore */
 3) # 1092.600 us |          } /* sched_move_task */
 3) # 1092.880 us |        } /* sched_autogroup_exit_task */
 0) + 35.035 us   |                  } /* folios_put_refs */
 0) + 74.219 us   |                } /* free_pages_and_swap_cache */
 0) + 74.720 us   |              } /* __tlb_batch_free_encoded_pages */
 0) + 92.123 us   |            } /* tlb_finish_mmu */
 ------------------------------------------
 3)    head-604    =>     ls-599    
 ------------------------------------------

 3) # 3622.494 us |        } /* schedule */
 0) ! 367.209 us  |          } /* exit_mmap */
 0) ! 373.251 us  |        } /* mmput */
 3) # 3640.267 us |      } /* do_wait */
 3) # 3640.849 us |    } /* kernel_wait4 */
 3) # 3641.119 us |  } /* __x64_sys_wait4 */
 1) + 70.161 us   |              } /* __zap_vma_range */
 ------------------------------------------
 3)     ls-599     =>    head-608   
 ------------------------------------------

 3) ! 101.851 us  |  } /* schedule */
 0) + 20.249 us   |                        } /* iput */
 0) + 21.209 us   |                      } /* dentry_unlink_inode */
 0) + 22.872 us   |                    } /* __dentry_kill */
 0) + 24.005 us   |                  } /* finish_dput */
 0) + 24.866 us   |                } /* dput.part.0 */
 0) + 25.217 us   |              } /* dput */
 0) + 35.607 us   |            } /* __fput */
 0) + 35.997 us   |          } /* ____fput */
 0) + 43.031 us   |        } /* task_work_run */
 1) + 49.011 us   |              } /* __zap_vma_range */
 1) ! 166.993 us  |            } /* unmap_vmas */
 ------------------------------------------
 0)   md5sum-600   =>    head-602   
 ------------------------------------------

 0) # 1941.391 us |            } /* _raw_spin_unlock_irqrestore */
 0) # 1951.570 us |          } /* sched_move_task */
 0) # 1952.001 us |        } /* sched_autogroup_exit_task */
 1) + 22.202 us   |            } /* free_pgtables */
 0) + 23.444 us   |        } /* do_notify_parent */
 1) + 38.984 us   |                } /* free_pages_and_swap_cache */
 1) + 39.244 us   |              } /* __tlb_batch_free_encoded_pages */
 1) + 54.793 us   |            } /* tlb_finish_mmu */
 ------------------------------------------
 0)    head-602    =>     ls-594    
 ------------------------------------------

 0) # 5140.231 us |        } /* schedule */
 1) ! 255.299 us  |          } /* exit_mmap */
 1) ! 259.256 us  |        } /* mmput */
 0) + 21.491 us   |          } /* wait_consider_task */
 0) + 22.181 us   |        } /* __do_wait */
 0) # 5165.558 us |      } /* do_wait */
 0) # 5166.430 us |    } /* kernel_wait4 */
 0) # 5166.819 us |  } /* __x64_sys_wait4 */
 1) + 20.569 us   |            } /* __fput */
 1) + 20.839 us   |          } /* ____fput */
 1) + 25.817 us   |        } /* task_work_run */
 ------------------------------------------
 0)     ls-594     =>   md5sum-600  
 ------------------------------------------

 0) ! 140.163 us  |            } /* _raw_spin_unlock_irqrestore */
 0) ! 156.353 us  |          } /* sched_move_task */
 0) ! 156.673 us  |        } /* sched_autogroup_exit_task */
 ------------------------------------------
 0)   md5sum-600   =>     ls-594    
 ------------------------------------------

 0) + 34.465 us   |        } /* schedule */
 0) + 49.774 us   |      } /* do_wait */
 0) + 50.243 us   |    } /* kernel_wait4 */
 0) + 50.505 us   |  } /* __x64_sys_wait4 */
 ------------------------------------------
 1)   md5sum-603   =>   md5sum-605  
 ------------------------------------------

 1) ! 518.242 us  |  } /* schedule */
 2) + 74.130 us   |              } /* __zap_vma_range */
 2) + 37.460 us   |              } /* __zap_vma_range */
 0) + 20.038 us   |    } /* vfs_statx */
 0) + 23.384 us   |  } /* __x64_sys_newstat */
 1) + 26.340 us   |            } /* __split_vma */
 1) + 27.080 us   |          } /* vms_gather_munmap_vmas */
 1) + 36.257 us   |        } /* do_vmi_align_munmap */
 1) + 36.629 us   |      } /* do_vmi_munmap */
 1) + 37.221 us   |    } /* __vm_munmap */
 1) + 37.491 us   |  } /* __x64_sys_munmap */
 ------------------------------------------
 3)    head-608    =>     ls-597    
 ------------------------------------------

 3) # 4771.329 us |        } /* schedule */
 0) + 24.546 us   |                  } /* rcu_do_batch */
 0) + 25.599 us   |                } /* rcu_core */
 0) + 25.839 us   |              } /* rcu_core_si */
 0) + 28.424 us   |            } /* handle_softirqs */
 0) + 31.379 us   |          } /* irq_exit_rcu */
 2) + 22.894 us   |                              } /* rcu_do_batch */
 0) + 48.059 us   |      } /* do_wp_page */
 0) + 49.022 us   |    } /* __handle_mm_fault */
 2) + 25.508 us   |                            } /* rcu_core */
 2) + 25.748 us   |                          } /* rcu_core_si */
 0) + 50.114 us   |  } /* handle_mm_fault */
 2) + 30.067 us   |                        } /* handle_softirqs */
 2) + 33.443 us   |                      } /* irq_exit_rcu */
 2) + 48.612 us   |                    } /* mod_node_page_state */
 2) + 49.623 us   |                  } /* lruvec_stat_mod_folio */
 2) + 49.853 us   |                } /* folio_remove_rmap_ptes */
 2) + 51.817 us   |              } /* __zap_vma_range */
 2) ! 188.433 us  |            } /* unmap_vmas */
 3) # 4791.416 us |      } /* do_wait */
 3) # 4792.047 us |    } /* kernel_wait4 */
 3) # 4792.337 us |  } /* __x64_sys_wait4 */
 2) + 32.831 us   |                } /* free_pages_and_swap_cache */
 2) + 33.111 us   |              } /* __tlb_batch_free_encoded_pages */
 2) + 41.277 us   |            } /* tlb_finish_mmu */
 2) ! 259.716 us  |          } /* exit_mmap */
 2) ! 263.715 us  |        } /* mmput */
 1) + 70.943 us   |              } /* __zap_vma_range */
 3) + 22.352 us   |  } /* __x64_sys_newstat */
 0) + 90.940 us   |        } /* dup_mmap */
 1) + 37.671 us   |              } /* __zap_vma_range */
 0) ! 136.146 us  |      } /* copy_process */
 0) ! 148.369 us  |    } /* kernel_clone */
 0) ! 148.659 us  |  } /* __do_sys_fork */
 ------------------------------------------
 2)    head-598    =>   md5sum-601  
 ------------------------------------------

 2) # 2587.412 us |          } /* schedule */
 1) ! 154.240 us  |            } /* unmap_vmas */
 1) + 21.369 us   |            } /* free_pgtables */
 2) # 2647.094 us |        } /* anon_pipe_read */
 2) # 2648.037 us |      } /* vfs_read */
 2) # 2648.497 us |    } /* ksys_read */
 2) # 2648.727 us |  } /* __x64_sys_read */
 1) + 38.792 us   |                } /* free_pages_and_swap_cache */
 1) + 39.054 us   |              } /* __tlb_batch_free_encoded_pages */
 1) + 48.551 us   |            } /* tlb_finish_mmu */
 1) ! 235.121 us  |          } /* exit_mmap */
 1) ! 238.979 us  |        } /* mmput */
 3) + 94.488 us   |        } /* dup_mmap */
 3) ! 142.498 us  |      } /* copy_process */
 3) ! 155.031 us  |    } /* kernel_clone */
 3) ! 155.332 us  |  } /* __do_sys_fork */
 ------------------------------------------
 3)     ls-597     =>     ls-599    
 ------------------------------------------

 3) ! 666.430 us  |        } /* schedule */
 3) ! 682.440 us  |      } /* do_wait */
 3) ! 683.031 us  |    } /* kernel_wait4 */
 3) ! 683.302 us  |  } /* __x64_sys_wait4 */
 ------------------------------------------
 0)     ls-594     =>   usleep-612  
 ------------------------------------------

 0) + 29.235 us   |      } /* alloc_bprm */
 0) + 20.458 us   |            } /* __get_user_pages */
 0) + 20.979 us   |          } /* get_user_pages_remote */
 0) + 22.171 us   |        } /* get_arg_page */
 0) + 22.482 us   |      } /* copy_string_kernel */
 2) + 86.222 us   |              } /* __zap_vma_range */
 2) + 37.660 us   |              } /* __zap_vma_range */
 2) ! 170.009 us  |            } /* unmap_vmas */
 2) + 22.512 us   |            } /* free_pgtables */
 ------------------------------------------
 1)   md5sum-605   =>   usleep-613  
 ------------------------------------------

 1) + 32.301 us   |      } /* alloc_bprm */
 0) + 69.341 us   |                  } /* __zap_vma_range */
 1) + 20.789 us   |            } /* __get_user_pages */
 1) + 21.340 us   |          } /* get_user_pages_remote */
 1) + 22.242 us   |        } /* get_arg_page */
 1) + 22.553 us   |      } /* copy_string_kernel */
 3) ! 102.483 us  |        } /* dup_mmap */
 0) ! 111.349 us  |                } /* unmap_vmas */
 2) + 42.570 us   |                } /* free_pages_and_swap_cache */
 2) + 42.810 us   |              } /* __tlb_batch_free_encoded_pages */
 2) + 52.820 us   |            } /* tlb_finish_mmu */
 3) ! 161.293 us  |      } /* copy_process */
 2) ! 256.592 us  |          } /* exit_mmap */
 2) ! 260.408 us  |        } /* mmput */
 3) ! 173.806 us  |    } /* kernel_clone */
 3) ! 174.106 us  |  } /* __do_sys_fork */
 0) + 24.666 us   |                } /* free_pgtables */
 0) + 20.148 us   |                    } /* free_pages_and_swap_cache */
 0) + 20.409 us   |                  } /* __tlb_batch_free_encoded_pages */
 0) + 29.315 us   |                } /* tlb_finish_mmu */
 0) ! 176.190 us  |              } /* exit_mmap */
 0) ! 187.392 us  |            } /* mmput */
 0) ! 203.011 us  |          } /* begin_new_exec */
 ------------------------------------------
 2)   md5sum-601   =>     ls-595    
 ------------------------------------------

 2) # 5758.990 us |        } /* schedule */
 2) # 5777.104 us |      } /* do_wait */
 2) # 5777.777 us |    } /* kernel_wait4 */
 2) # 5778.106 us |  } /* __x64_sys_wait4 */
 0) + 34.114 us   |          } /* setup_arg_pages */
 1) + 75.050 us   |                  } /* __zap_vma_range */
 2) + 20.568 us   |  } /* arch_do_signal_or_restart */
 0) + 23.003 us   |          } /* elf_load */
 1) ! 117.049 us  |                } /* unmap_vmas */
 1) + 24.767 us   |                } /* free_pgtables */
 1) + 20.238 us   |                    } /* free_pages_and_swap_cache */
 1) + 20.508 us   |                  } /* __tlb_batch_free_encoded_pages */
 0) + 41.298 us   |          } /* elf_load */
 1) + 27.712 us   |                } /* tlb_finish_mmu */
 1) ! 180.940 us  |              } /* exit_mmap */
 0) ! 344.035 us  |        } /* load_elf_binary */
 0) ! 362.831 us  |      } /* bprm_execve */
 1) ! 191.970 us  |            } /* mmput */
 0) ! 429.975 us  |    } /* do_execveat_common.isra.0 */
 0) ! 432.071 us  |  } /* __x64_sys_execve */
 1) ! 207.729 us  |          } /* begin_new_exec */
 ------------------------------------------
 3)     ls-599     =>   usleep-614  
 ------------------------------------------

 3) + 32.862 us   |      } /* alloc_bprm */
 1) + 30.206 us   |          } /* setup_arg_pages */
 1) + 26.420 us   |          } /* elf_load */
 3) + 53.500 us   |                            } /* folio_batch_move_lru */
 3) + 53.991 us   |                          } /* __folio_batch_add_and_move */
 3) + 54.231 us   |                        } /* folio_add_lru */
 3) + 54.473 us   |                      } /* folio_add_lru_vma */
 3) + 56.326 us   |                    } /* map_anon_folio_pte_nopf */
 3) + 67.076 us   |                  } /* do_anonymous_page */
 3) + 75.261 us   |                } /* __handle_mm_fault */
 3) + 76.263 us   |              } /* handle_mm_fault */
 2) + 94.327 us   |        } /* dup_mmap */
 3) + 80.099 us   |            } /* __get_user_pages */
 3) + 80.591 us   |          } /* get_user_pages_remote */
 3) + 81.573 us   |        } /* get_arg_page */
 3) + 81.894 us   |      } /* copy_string_kernel */
 1) + 39.023 us   |          } /* elf_load */
 2) ! 139.903 us  |      } /* copy_process */
 2) ! 151.996 us  |    } /* kernel_clone */
 2) ! 152.285 us  |  } /* __do_sys_fork */
 1) ! 355.978 us  |        } /* load_elf_binary */
 1) ! 374.232 us  |      } /* bprm_execve */
 1) ! 444.663 us  |    } /* do_execveat_common.isra.0 */
 1) ! 446.868 us  |  } /* __x64_sys_execve */
 ------------------------------------------
 3)   usleep-614   =>    head-608   
 ------------------------------------------

 3) ! 962.475 us  |  } /* schedule */
 3) + 20.990 us   |            } /* chacha_block_generic */
 0) + 21.970 us   |          } /* set_pte_range */
 1) + 22.373 us   |      } /* __rcu_read_unlock */
 0) + 33.503 us   |        } /* filemap_map_pages */
 3) + 28.233 us   |          } /* get_random_bytes_user */
 3) + 28.484 us   |        } /* urandom_read_iter */
 0) + 34.274 us   |      } /* do_fault */
 3) + 29.465 us   |      } /* vfs_read */
 0) + 35.397 us   |    } /* __handle_mm_fault */
 3) + 30.007 us   |    } /* ksys_read */
 3) + 30.246 us   |  } /* __x64_sys_read */
 0) + 36.699 us   |  } /* handle_mm_fault */
 1) + 26.100 us   |    } /* __handle_mm_fault */
 1) + 27.151 us   |  } /* handle_mm_fault */
 ------------------------------------------
 2)     ls-595     =>   md5sum-610  
 ------------------------------------------

 2) + 28.303 us   |            } /* finish_task_switch.isra.0 */
 2) # 1558.834 us |          } /* schedule */
 ------------------------------------------
 0)   usleep-612   =>   rcu_pre-16  
 ------------------------------------------

 0) # 1996.484 us |      } /* schedule */
 0) # 1999.340 us |    } /* schedule_timeout */
 0) # 2001.373 us |  } /* rcu_gp_fqs_loop */
 ------------------------------------------
 1)   usleep-613   =>   kworker-59  
 ------------------------------------------

 1) # 2927.931 us |                } /* schedule */
 1) # 2928.312 us |              } /* schedule_timeout */
 1) # 2929.404 us |            } /* wait_for_completion */
 1) # 2930.596 us |          } /* synchronize_rcu_normal */
 1) # 2931.007 us |        } /* synchronize_rcu */
 1) # 2931.948 us |      } /* try_check_zero */
 1) # 8035.069 us |    } /* process_srcu */
 1) # 8036.171 us |  } /* process_one_work */
 3) + 42.640 us   |                  } /* mutex_spin_on_owner */
 ------------------------------------------
 0)   rcu_pre-16   =>   md5sum-611  
 ------------------------------------------

 0) # 2055.966 us |                  } /* free_pgd_range */
 0) # 2098.225 us |                } /* free_pgtables */
 ------------------------------------------
 3)    head-608    =>     ls-597    
 ------------------------------------------

 3) ! 742.624 us  |        } /* _raw_spin_unlock */
 ------------------------------------------
 1)   kworker-59   =>    head-609   
 ------------------------------------------

 1) # 1785.568 us |  } /* schedule */
 3) ! 759.254 us  |      } /* do_wp_page */
 3) ! 760.245 us  |    } /* __handle_mm_fault */
 3) ! 761.268 us  |  } /* handle_mm_fault */
 ------------------------------------------
 3)     ls-597     =>    <idle>-0   
 ------------------------------------------

 3) # 8664.361 us |    } /* schedule_idle */
 3) # 9048.681 us |  } /* do_idle */
 0) + 33.723 us   |                              } /* __pv_queued_spin_lock_slowpath */
 0) + 34.113 us   |                            } /* _raw_spin_lock_irqsave */
 0) + 34.595 us   |                          } /* folio_lruvec_lock_irqsave */
 0) + 36.027 us   |                        } /* __page_cache_release.part.0 */
 0) + 38.542 us   |                      } /* folios_put_refs */
 0) + 62.618 us   |                    } /* free_pages_and_swap_cache */
 0) + 62.918 us   |                  } /* __tlb_batch_free_encoded_pages */
 0) + 75.591 us   |                } /* tlb_finish_mmu */
 0) # 2322.817 us |              } /* exit_mmap */
 ------------------------------------------
 2)   md5sum-610   =>   usleep-615  
 ------------------------------------------

 2) + 65.714 us   |              } /* folio_batch_move_lru */
 2) + 66.074 us   |            } /* __folio_batch_add_and_move */
 2) + 66.315 us   |          } /* folio_add_lru */
 2) + 66.554 us   |        } /* folio_add_lru_vma */
 2) + 74.409 us   |      } /* do_wp_page */
 2) + 75.311 us   |    } /* __handle_mm_fault */
 2) + 76.313 us   |  } /* handle_mm_fault */
 0) # 2336.683 us |            } /* mmput */
 0) # 2353.634 us |          } /* begin_new_exec */
 0) + 22.322 us   |            } /* relocate_vma_down */
 0) + 36.589 us   |          } /* setup_arg_pages */
 0) + 27.732 us   |          } /* elf_load */
 2) + 21.800 us   |            } /* path_openat */
 2) + 22.201 us   |          } /* do_file_open */
 2) + 22.482 us   |        } /* do_open_execat */
 2) + 38.252 us   |      } /* alloc_bprm */
 2) + 20.399 us   |            } /* __get_user_pages */
 2) + 20.910 us   |          } /* get_user_pages_remote */
 2) + 21.851 us   |        } /* get_arg_page */
 2) + 22.142 us   |      } /* copy_string_kernel */
 ------------------------------------------
 2)   usleep-615   =>   migrati-32  
 ------------------------------------------

 2) # 8922.505 us |  } /* schedule */
 ------------------------------------------
 3)    <idle>-0    =>   usleep-615  
 ------------------------------------------

 3) + 32.982 us   |            } /* cpu_stop_queue_work */
 3) + 34.144 us   |          } /* stop_one_cpu */
 3) + 37.250 us   |        } /* sched_exec */
 ------------------------------------------
 2)   migrati-32   =>   md5sum-610  
 ------------------------------------------

 2) ! 328.997 us  |                } /* _raw_spin_unlock */
 2) ! 346.710 us  |              } /* do_anonymous_page */
 2) ! 347.582 us  |            } /* __handle_mm_fault */
 2) ! 348.624 us  |          } /* handle_mm_fault */
 0) + 25.959 us   |                              } /* folios_put_refs */
 0) + 84.869 us   |                            } /* folio_batch_move_lru */
 0) + 85.209 us   |                          } /* __folio_batch_add_and_move */
 0) + 85.500 us   |                        } /* folio_add_lru */
 0) + 85.901 us   |                      } /* folio_add_lru_vma */
 0) + 88.145 us   |                    } /* set_pte_range */
 0) + 90.379 us   |                  } /* finish_fault */
 0) ! 101.911 us  |                } /* do_fault */
 0) ! 109.285 us  |              } /* __handle_mm_fault */
 0) ! 110.567 us  |            } /* handle_mm_fault */
 0) ! 145.002 us  |          } /* elf_load */
 2) + 20.538 us   |              } /* do_anonymous_page */
 2) + 21.521 us   |            } /* __handle_mm_fault */
 2) + 22.542 us   |          } /* handle_mm_fault */
 2) # 1974.984 us |        } /* anon_pipe_read */
 2) # 1976.036 us |      } /* vfs_read */
 2) # 1976.598 us |    } /* ksys_read */
 2) # 1976.837 us |  } /* __x64_sys_read */
 0) # 2614.403 us |        } /* load_elf_binary */
 0) # 2632.907 us |      } /* bprm_execve */
 0) # 2701.567 us |    } /* do_execveat_common.isra.0 */
 0) # 2703.801 us |  } /* __x64_sys_execve */
 ------------------------------------------
 3)   usleep-615   =>    head-608   
 ------------------------------------------

 3) ! 375.415 us  |                    } /* schedule */
 3) ! 375.705 us  |                  } /* schedule_preempt_disabled */
 3) ! 421.662 us  |                } /* __mutex_lock.constprop.0 */
 3) ! 421.892 us  |              } /* __mutex_lock_slowpath */
 3) ! 422.142 us  |            } /* mutex_lock */
 3) ! 423.825 us  |          } /* anon_pipe_write */
 3) ! 424.096 us  |        } /* do_iter_readv_writev */
 3) ! 425.107 us  |      } /* vfs_writev */
 3) ! 425.518 us  |    } /* do_writev */
 3) ! 425.748 us  |  } /* __x64_sys_writev */
 ------------------------------------------
 2)   md5sum-610   =>   usleep-614  
 ------------------------------------------

 2) ! 530.766 us  |            } /* cpu_stop_queue_work */
 2) ! 531.928 us  |          } /* stop_one_cpu */
 2) ! 534.983 us  |        } /* sched_exec */
 3) + 20.888 us   |      } /* vfs_writev */
 3) + 21.400 us   |    } /* do_writev */
 3) + 21.640 us   |  } /* __x64_sys_writev */
 ------------------------------------------
 2)   usleep-614   =>   md5sum-610  
 ------------------------------------------

 2) + 32.020 us   |          } /* schedule */
 2) + 34.285 us   |        } /* anon_pipe_read */
 2) + 35.025 us   |      } /* vfs_read */
 2) + 35.447 us   |    } /* ksys_read */
 2) + 35.667 us   |  } /* __x64_sys_read */
 ------------------------------------------
 2)   md5sum-610   =>   usleep-614  
 ------------------------------------------

 2) + 34.654 us   |        } /* _raw_read_lock */
 ------------------------------------------
 2)   usleep-614   =>   md5sum-610  
 ------------------------------------------

 2) + 23.936 us   |          } /* schedule */
 2) + 26.120 us   |        } /* anon_pipe_read */
 2) + 26.860 us   |      } /* vfs_read */
 2) + 27.271 us   |    } /* ksys_read */
 2) + 27.502 us   |  } /* __x64_sys_read */
 ------------------------------------------
 2)   md5sum-610   =>   usleep-614  
 ------------------------------------------

 2) + 21.460 us   |                } /* preempt_schedule_irq */
 2) + 21.941 us   |              } /* raw_irqentry_exit_cond_resched */
 2) + 24.125 us   |            } /* mnt_may_suid */
 2) + 69.601 us   |                  } /* __zap_vma_range */
 1) + 70.573 us   |              } /* __zap_vma_range */
 2) ! 111.660 us  |                } /* unmap_vmas */
 1) + 36.659 us   |              } /* __zap_vma_range */
 2) + 33.974 us   |                } /* free_pgtables */
 ------------------------------------------
 0)   md5sum-611   =>   md5sum-600  
 ------------------------------------------

 0) # 1813.892 us |        } /* _raw_write_unlock_irq */
 1) ! 140.924 us  |            } /* unmap_vmas */
 3) + 22.502 us   |            } /* unmap_region */
 3) + 24.065 us   |          } /* vms_complete_munmap_vmas */
 3) + 26.681 us   |        } /* do_vmi_align_munmap */
 3) + 27.021 us   |      } /* do_vmi_munmap */
 3) + 27.663 us   |    } /* __vm_munmap */
 3) + 27.952 us   |  } /* __x64_sys_munmap */
 ------------------------------------------
 0)   md5sum-600   =>   md5sum-611  
 ------------------------------------------

 0) + 36.478 us   |          } /* _raw_spin_unlock */
 0) + 63.680 us   |        } /* filemap_map_pages */
 0) + 65.072 us   |      } /* do_fault */
 0) + 66.215 us   |    } /* __handle_mm_fault */
 0) + 67.537 us   |  } /* handle_mm_fault */
 1) + 20.097 us   |            } /* free_pgtables */
 2) + 25.398 us   |                    } /* free_pages_and_swap_cache */
 2) + 25.699 us   |                  } /* __tlb_batch_free_encoded_pages */
 2) + 41.338 us   |                } /* tlb_finish_mmu */
 2) ! 197.961 us  |              } /* exit_mmap */
 2) ! 209.483 us  |            } /* mmput */
 1) + 33.452 us   |                } /* free_pages_and_swap_cache */
 1) + 33.723 us   |              } /* __tlb_batch_free_encoded_pages */
 1) + 38.472 us   |            } /* tlb_finish_mmu */
 2) ! 249.368 us  |          } /* begin_new_exec */
 1) ! 209.573 us  |          } /* exit_mmap */
 1) ! 213.430 us  |        } /* mmput */
 0) + 21.561 us   |    } /* __handle_mm_fault */
 0) + 22.963 us   |  } /* handle_mm_fault */
 2) + 30.356 us   |          } /* setup_arg_pages */
 3) + 71.925 us   |              } /* __zap_vma_range */
 ------------------------------------------
 1)    head-609    =>   usleep-613  
 ------------------------------------------

 1) ! 771.597 us  |  } /* schedule */
 2) + 22.803 us   |          } /* elf_load */
 3) + 36.449 us   |              } /* __zap_vma_range */
 3) ! 136.246 us  |            } /* unmap_vmas */
 2) + 38.231 us   |          } /* elf_load */
 3) + 20.329 us   |            } /* free_pgtables */
 2) ! 392.957 us  |        } /* load_elf_binary */
 2) ! 978.886 us  |      } /* bprm_execve */
 2) # 1109.340 us |    } /* do_execveat_common.isra.0 */
 2) # 1111.594 us |  } /* __x64_sys_execve */
 0) + 88.707 us   |        } /* anon_pipe_read */
 0) + 89.749 us   |      } /* vfs_read */
 3) + 34.285 us   |                } /* free_pages_and_swap_cache */
 0) + 90.299 us   |    } /* ksys_read */
 3) + 34.544 us   |              } /* __tlb_batch_free_encoded_pages */
 0) + 90.550 us   |  } /* __x64_sys_read */
 3) + 42.811 us   |            } /* tlb_finish_mmu */
 3) ! 209.462 us  |          } /* exit_mmap */
 3) ! 213.340 us  |        } /* mmput */
 ------------------------------------------
 1)   usleep-613   =>    head-609   
 ------------------------------------------

 1) ! 141.415 us  |            } /* _raw_spin_unlock_irqrestore */
 1) ! 152.375 us  |          } /* sched_move_task */
 1) ! 152.636 us  |        } /* sched_autogroup_exit_task */
 ------------------------------------------
 1)    head-609    =>     ls-606    
 ------------------------------------------

 1) # 3443.518 us |        } /* schedule */
 ------------------------------------------
 3)    head-608    =>   usleep-615  
 ------------------------------------------

 3) ! 544.622 us  |                    } /* _raw_spin_unlock */
 3) + 22.281 us   |                              } /* rcu_do_batch */
 3) + 24.847 us   |                            } /* rcu_core */
 3) + 25.087 us   |                          } /* rcu_core_si */
 3) + 29.274 us   |                        } /* handle_softirqs */
 3) + 32.372 us   |                      } /* irq_exit_rcu */
 2) + 39.705 us   |                      } /* rcu_do_batch */
 2) + 42.329 us   |                    } /* rcu_core */
 0) + 40.906 us   |              } /* rcu_do_batch */
 2) + 42.580 us   |                  } /* rcu_core_si */
 2) + 43.241 us   |                } /* handle_softirqs */
 0) + 41.928 us   |            } /* rcu_core */
 0) + 42.168 us   |          } /* rcu_core_si */
 2) + 46.257 us   |              } /* irq_exit_rcu */
 0) + 44.584 us   |        } /* handle_softirqs */
 0) + 47.369 us   |      } /* irq_exit_rcu */
 2) + 62.066 us   |            } /* lruvec_stat_mod_folio */
 2) + 62.307 us   |          } /* __folio_mod_stat */
 2) + 62.547 us   |        } /* folio_add_new_anon_rmap */
 0) + 63.479 us   |    } /* do_writev */
 0) + 63.720 us   |  } /* __x64_sys_writev */
 2) + 70.512 us   |      } /* do_wp_page */
 2) + 71.404 us   |    } /* __handle_mm_fault */
 2) + 72.465 us   |  } /* handle_mm_fault */
 1) + 49.493 us   |                        } /* rcu_do_batch */
 1) + 52.158 us   |                      } /* rcu_core */
 1) + 52.438 us   |                    } /* rcu_core_si */
 1) + 53.230 us   |                  } /* handle_softirqs */
 1) + 56.265 us   |                } /* irq_exit_rcu */
 1) + 69.290 us   |              } /* _raw_write_unlock_irq */
 1) + 83.266 us   |            } /* release_task */
 1) + 86.583 us   |          } /* wait_consider_task */
 1) + 87.023 us   |        } /* __do_wait */
 1) # 3532.936 us |      } /* do_wait */
 1) # 3533.537 us |    } /* kernel_wait4 */
 1) # 3533.828 us |  } /* __x64_sys_wait4 */
 0) + 20.479 us   |    } /* __vm_munmap */
 0) + 20.859 us   |  } /* __x64_sys_munmap */
 ------------------------------------------
 1)     ls-606     =>    <idle>-0   
 ------------------------------------------

 1) # 7800.781 us |    } /* schedule_idle */
 1) # 9058.228 us |  } /* do_idle */
 3) ! 673.624 us  |                  } /* __zap_vma_range */
 3) ! 716.074 us  |                } /* unmap_vmas */
 3) + 24.005 us   |                } /* free_pgtables */
 ------------------------------------------
 2)   usleep-614   =>   md5sum-610  
 ------------------------------------------

 2) ! 649.930 us  |          } /* schedule */
 0) + 69.800 us   |              } /* __zap_vma_range */
 2) ! 655.810 us  |        } /* anon_pipe_read */
 2) ! 656.732 us  |      } /* vfs_read */
 2) ! 657.172 us  |    } /* ksys_read */
 2) ! 657.403 us  |  } /* __x64_sys_read */
 3) + 21.460 us   |                    } /* free_pages_and_swap_cache */
 3) + 21.720 us   |                  } /* __tlb_batch_free_encoded_pages */
 3) + 34.766 us   |                } /* tlb_finish_mmu */
 3) ! 785.424 us  |              } /* exit_mmap */
 3) ! 796.694 us  |            } /* mmput */
 3) ! 812.754 us  |          } /* begin_new_exec */
 0) + 36.529 us   |              } /* __zap_vma_range */
 0) ! 151.755 us  |            } /* unmap_vmas */
 3) + 29.977 us   |          } /* setup_arg_pages */
 0) + 21.409 us   |            } /* free_pgtables */
 3) + 23.444 us   |          } /* elf_load */
 2) + 20.338 us   |              } /* __zap_vma_range */
 0) + 28.353 us   |                } /* free_pages_and_swap_cache */
 0) + 28.614 us   |              } /* __tlb_batch_free_encoded_pages */
 0) + 33.323 us   |            } /* tlb_finish_mmu */
 0) ! 217.617 us  |          } /* exit_mmap */
 0) ! 221.505 us  |        } /* mmput */
 3) + 20.017 us   |            } /* handle_mm_fault */
 3) + 40.556 us   |          } /* elf_load */
 2) + 68.579 us   |              } /* __zap_vma_range */
 ------------------------------------------
 0)   md5sum-611   =>   usleep-612  
 ------------------------------------------

 0) # 1339.673 us |          } /* _raw_spin_unlock */
 0) # 1348.529 us |        } /* filemap_map_pages */
 0) # 1349.712 us |      } /* do_fault */
 0) # 1350.874 us |    } /* __handle_mm_fault */
 0) # 1351.916 us |  } /* handle_mm_fault */
 3) ! 968.687 us  |        } /* load_elf_binary */
 3) # 1021.906 us |      } /* bprm_execve */
 3) # 1097.679 us |    } /* do_execveat_common.isra.0 */
 3) # 1099.793 us |  } /* __x64_sys_execve */
 ------------------------------------------
 0)   usleep-612   =>   md5sum-611  
 ------------------------------------------

 0) + 46.096 us   |            } /* _raw_spin_unlock_irqrestore */
 0) + 55.785 us   |          } /* sched_move_task */
 0) + 56.045 us   |        } /* sched_autogroup_exit_task */
 2) + 37.531 us   |              } /* __zap_vma_range */
 2) ! 154.750 us  |            } /* unmap_vmas */
 ------------------------------------------
 1)    <idle>-0    =>     ls-606    
 ------------------------------------------

 1) ! 328.977 us  |        } /* schedule */
 ------------------------------------------
 0)   md5sum-611   =>    <idle>-0   
 ------------------------------------------

 0) # 8676.332 us |    } /* schedule_idle */
 0) # 9376.316 us |  } /* do_idle */
 1) ! 345.528 us  |      } /* do_wait */
 1) ! 346.009 us  |    } /* kernel_wait4 */
 1) ! 346.310 us  |  } /* __x64_sys_wait4 */
 2) + 21.660 us   |            } /* free_pgtables */
 2) + 35.156 us   |                } /* free_pages_and_swap_cache */
 2) + 35.406 us   |              } /* __tlb_batch_free_encoded_pages */
 2) + 50.485 us   |            } /* tlb_finish_mmu */
 2) ! 237.986 us  |          } /* exit_mmap */
 2) ! 241.873 us  |        } /* mmput */
 1) + 22.142 us   |  } /* __x64_sys_newstat */
 ------------------------------------------
 3)   usleep-615   =>    head-608   
 ------------------------------------------

 3) ! 591.740 us  |            } /* _raw_spin_unlock_irqrestore */
 3) ! 601.439 us  |          } /* sched_move_task */
 3) ! 601.709 us  |        } /* sched_autogroup_exit_task */
 ------------------------------------------
 0)    <idle>-0    =>     ls-607    
 ------------------------------------------

 0) # 4139.203 us |        } /* schedule */
 ------------------------------------------
 2)   md5sum-610   =>    <idle>-0   
 ------------------------------------------

 2) # 8514.618 us |    } /* schedule_idle */
 2) * 10105.74 us |  } /* do_idle */
 ------------------------------------------
 3)    head-608    =>    <idle>-0   
 ------------------------------------------

 3) # 1201.093 us |    } /* schedule_idle */
 3) # 1475.448 us |  } /* do_idle */
 0) # 4157.177 us |      } /* do_wait */
 0) # 4157.788 us |    } /* kernel_wait4 */
 0) # 4158.068 us |  } /* __x64_sys_wait4 */
 1) + 97.002 us   |        } /* dup_mmap */
 0) + 23.694 us   |            } /* release_task */
 0) + 27.151 us   |          } /* wait_consider_task */
 0) + 27.561 us   |        } /* __do_wait */
 0) + 28.763 us   |      } /* do_wait */
 0) + 29.194 us   |    } /* kernel_wait4 */
 0) + 29.446 us   |  } /* __x64_sys_wait4 */
 1) ! 142.658 us  |      } /* copy_process */
 1) ! 155.683 us  |    } /* kernel_clone */
 1) ! 155.993 us  |  } /* __do_sys_fork */
 0) + 21.931 us   |  } /* __x64_sys_newstat */
 1) + 28.934 us   |                } /* folios_put_refs */
 1) + 76.564 us   |              } /* folio_batch_move_lru */
 1) + 76.844 us   |            } /* __folio_batch_add_and_move */
 1) + 77.145 us   |          } /* folio_add_lru */
 1) + 77.376 us   |        } /* folio_add_lru_vma */
 1) + 92.514 us   |      } /* do_wp_page */
 1) + 93.475 us   |    } /* __handle_mm_fault */
 1) + 94.487 us   |  } /* handle_mm_fault */
 ------------------------------------------
 1)     ls-606     =>    <idle>-0   
 ------------------------------------------

 1) ! 388.298 us  |    } /* schedule_idle */
 1) ! 701.776 us  |  } /* do_idle */
 0) + 96.501 us   |        } /* dup_mmap */
 0) ! 145.073 us  |      } /* copy_process */
 0) ! 158.017 us  |    } /* kernel_clone */
 0) ! 158.327 us  |  } /* __do_sys_fork */
 ------------------------------------------
 2)    <idle>-0    =>   usleep-616  
 ------------------------------------------

 2) + 30.628 us   |      } /* alloc_bprm */
 2) + 20.659 us   |            } /* __get_user_pages */
 2) + 21.200 us   |          } /* get_user_pages_remote */
 2) + 22.161 us   |        } /* get_arg_page */
 2) + 22.462 us   |      } /* copy_string_kernel */
 ------------------------------------------
 0)     ls-607     =>    <idle>-0   
 ------------------------------------------

 0) ! 353.863 us  |    } /* schedule_idle */
 0) ! 498.915 us  |  } /* do_idle */
 ------------------------------------------
 1)    <idle>-0    =>   usleep-617  
 ------------------------------------------

 1) + 33.593 us   |        } /* filemap_map_pages */
 1) + 34.264 us   |      } /* do_fault */
 1) + 35.176 us   |    } /* __handle_mm_fault */
 2) + 25.207 us   |                    } /* folio_mark_accessed */
 1) + 36.218 us   |  } /* handle_mm_fault */
 ------------------------------------------
 0)    <idle>-0    =>   rcu_pre-16  
 ------------------------------------------

 0) # 1970.956 us |      } /* schedule */
 0) # 1973.831 us |    } /* schedule_timeout */
 0) # 1975.726 us |  } /* rcu_gp_fqs_loop */
 ------------------------------------------
 0)   rcu_pre-16   =>    <idle>-0   
 ------------------------------------------

 0) + 21.720 us   |    } /* schedule_idle */
 0) ! 120.977 us  |  } /* do_idle */
 2) + 95.189 us   |                  } /* __zap_vma_range */
 1) + 23.204 us   |            } /* path_openat */
 1) + 23.704 us   |          } /* do_file_open */
 1) + 23.996 us   |        } /* do_open_execat */
 2) ! 139.351 us  |                } /* unmap_vmas */
 1) + 44.073 us   |      } /* alloc_bprm */
 2) + 27.802 us   |                } /* free_pgtables */
 1) + 20.078 us   |              } /* handle_mm_fault */
 1) + 24.366 us   |            } /* __get_user_pages */
 1) + 24.887 us   |          } /* get_user_pages_remote */
 1) + 26.239 us   |        } /* get_arg_page */
 1) + 26.570 us   |      } /* copy_string_kernel */
 2) + 20.278 us   |                    } /* free_pages_and_swap_cache */
 2) + 20.589 us   |                  } /* __tlb_batch_free_encoded_pages */
 2) + 29.335 us   |                } /* tlb_finish_mmu */
 2) ! 207.249 us  |              } /* exit_mmap */
 ------------------------------------------
 0)    <idle>-0    =>   usleep-612  
 ------------------------------------------

 0) ! 768.982 us  |        } /* schedule */
 0) ! 770.614 us  |      } /* do_nanosleep */
 0) ! 771.236 us  |    } /* hrtimer_nanosleep */
 0) ! 771.727 us  |  } /* __x64_sys_nanosleep */
 2) ! 218.189 us  |            } /* mmput */
 2) ! 233.689 us  |          } /* begin_new_exec */
 2) + 29.746 us   |          } /* setup_arg_pages */
 2) + 22.192 us   |          } /* elf_load */
 0) + 58.530 us   |              } /* __zap_vma_range */
 0) + 30.548 us   |              } /* __zap_vma_range */
 1) + 68.950 us   |                  } /* __zap_vma_range */
 2) + 37.611 us   |          } /* elf_load */
 0) ! 111.599 us  |            } /* unmap_vmas */
 1) ! 112.823 us  |                } /* unmap_vmas */
 2) ! 366.216 us  |        } /* load_elf_binary */
 2) ! 384.611 us  |      } /* bprm_execve */
 2) ! 453.050 us  |    } /* do_execveat_common.isra.0 */
 2) ! 458.871 us  |  } /* __x64_sys_execve */
 1) + 24.886 us   |                } /* free_pgtables */
 0) + 29.406 us   |                } /* free_pages_and_swap_cache */
 0) + 29.686 us   |              } /* __tlb_batch_free_encoded_pages */
 0) + 34.554 us   |            } /* tlb_finish_mmu */
 0) ! 171.862 us  |          } /* exit_mmap */
 0) ! 175.810 us  |        } /* mmput */
 1) + 20.228 us   |                    } /* free_pages_and_swap_cache */
 1) + 20.489 us   |                  } /* __tlb_batch_free_encoded_pages */
 1) + 35.827 us   |                } /* tlb_finish_mmu */
 1) ! 184.657 us  |              } /* exit_mmap */
 1) ! 196.238 us  |            } /* mmput */
 1) ! 212.127 us  |          } /* begin_new_exec */
 ------------------------------------------
 0)   usleep-612   =>     ls-594    
 ------------------------------------------

 0) # 3179.002 us |        } /* schedule */
 1) + 29.876 us   |          } /* setup_arg_pages */
 0) # 3194.441 us |      } /* do_wait */
 0) # 3195.082 us |    } /* kernel_wait4 */
 0) # 3195.353 us |  } /* __x64_sys_wait4 */
 1) + 22.863 us   |          } /* elf_load */
 1) + 37.802 us   |          } /* elf_load */
 ------------------------------------------
 2)   usleep-616   =>    <idle>-0   
 ------------------------------------------

 2) ! 816.762 us  |    } /* schedule_idle */
 2) ! 909.025 us  |  } /* do_idle */
 1) ! 345.037 us  |        } /* load_elf_binary */
 1) ! 364.554 us  |      } /* bprm_execve */
 1) ! 453.481 us  |    } /* do_execveat_common.isra.0 */
 1) ! 455.734 us  |  } /* __x64_sys_execve */
 0) + 99.246 us   |        } /* dup_mmap */
 0) ! 143.819 us  |      } /* copy_process */
 0) ! 157.605 us  |    } /* kernel_clone */
 0) ! 157.906 us  |  } /* __do_sys_fork */
 ------------------------------------------
 1)   usleep-617   =>    <idle>-0   
 ------------------------------------------

 1) ! 849.854 us  |    } /* schedule_idle */
 1) ! 927.199 us  |  } /* do_idle */
 0) + 24.896 us   |              } /* folios_put_refs */
 0) + 70.272 us   |            } /* folio_batch_move_lru */
 0) + 70.582 us   |          } /* lru_add_drain_cpu */
 0) + 71.042 us   |        } /* lru_add_drain */
 0) + 79.189 us   |      } /* do_wp_page */
 0) + 80.150 us   |    } /* __handle_mm_fault */
 0) + 81.132 us   |  } /* handle_mm_fault */
 0) + 20.108 us   |      } /* filename_lookup */
 0) + 22.833 us   |    } /* vfs_statx */
 0) + 25.948 us   |  } /* __x64_sys_newstat */
 0) ! 101.170 us  |        } /* dup_mmap */
 0) ! 153.237 us  |      } /* copy_process */
 0) + 44.243 us   |                  } /* rcu_do_batch */
 0) + 45.235 us   |                } /* rcu_core */
 0) + 45.476 us   |              } /* rcu_core_si */
 0) + 46.196 us   |            } /* handle_softirqs */
 0) + 49.123 us   |          } /* irq_exit_rcu */
 0) + 62.808 us   |        } /* _raw_spin_unlock_irqrestore */
 0) + 74.479 us   |      } /* wake_up_new_task */
 0) ! 231.144 us  |    } /* kernel_clone */
 0) ! 231.384 us  |  } /* __do_sys_fork */
 ------------------------------------------
 2)    <idle>-0    =>  multita-618  
 ------------------------------------------

 2) + 49.512 us   |                        } /* rcu_do_batch */
 2) + 52.167 us   |                      } /* rcu_core */
 2) + 52.478 us   |                    } /* rcu_core_si */
 3) + 44.464 us   |            } /* rcu_do_batch */
 2) + 56.626 us   |                  } /* handle_softirqs */
 2) + 59.632 us   |                } /* irq_exit_rcu */
 3) + 46.799 us   |          } /* rcu_core */
 3) + 47.048 us   |        } /* rcu_core_si */
 3) + 47.739 us   |      } /* handle_softirqs */
 3) + 50.474 us   |    } /* irq_exit_rcu */
 ------------------------------------------
 3)    <idle>-0    =>   usleep-615  
 ------------------------------------------

 3) # 1519.110 us |        } /* schedule */
 3) # 1520.662 us |      } /* do_nanosleep */
 3) # 1521.263 us |    } /* hrtimer_nanosleep */
 3) # 1521.774 us |  } /* __x64_sys_nanosleep */
 2) ! 155.732 us  |              } /* __zap_vma_range */
 1) + 29.825 us   |              } /* tlb_remove_table_rcu */
 1) + 76.463 us   |            } /* rcu_do_batch */
 1) + 78.998 us   |          } /* rcu_core */
 1) + 79.279 us   |        } /* rcu_core_si */
 1) ! 109.425 us  |      } /* handle_softirqs */
 1) ! 112.591 us  |    } /* irq_exit_rcu */
 2) + 24.586 us   |              } /* __zap_vma_range */
 ------------------------------------------
 1)    <idle>-0    =>   usleep-613  
 ------------------------------------------

 1) # 2184.096 us |        } /* schedule */
 1) # 2185.670 us |      } /* do_nanosleep */
 1) # 2186.289 us |    } /* hrtimer_nanosleep */
 1) # 2186.791 us |  } /* __x64_sys_nanosleep */
 0) + 21.400 us   |  } /* __x64_sys_newstat */
 2) ! 211.566 us  |            } /* unmap_vmas */
 3) + 59.582 us   |              } /* __zap_vma_range */
 2) + 24.546 us   |            } /* free_pgtables */
 3) + 34.284 us   |              } /* __zap_vma_range */
 2) + 24.846 us   |                } /* free_pages_and_swap_cache */
 2) + 25.087 us   |              } /* __tlb_batch_free_encoded_pages */
 2) + 34.545 us   |            } /* tlb_finish_mmu */
 2) ! 282.109 us  |          } /* exit_mmap */
 3) ! 119.415 us  |            } /* unmap_vmas */
 2) ! 285.335 us  |        } /* mmput */
 1) + 60.003 us   |              } /* __zap_vma_range */
 1) + 35.066 us   |              } /* __zap_vma_range */
 3) + 23.915 us   |            } /* tlb_finish_mmu */
 3) ! 168.005 us  |          } /* exit_mmap */
 3) ! 171.932 us  |        } /* mmput */
 ------------------------------------------
 2)  multita-618   =>    <idle>-0   
 ------------------------------------------

 2) ! 604.754 us  |    } /* schedule_idle */
 1) ! 119.113 us  |            } /* unmap_vmas */
 2) ! 764.825 us  |  } /* do_idle */
 0) ! 100.168 us  |        } /* dup_mmap */
 1) + 31.459 us   |                } /* free_pages_and_swap_cache */
 1) + 31.750 us   |              } /* __tlb_batch_free_encoded_pages */
 1) + 36.508 us   |            } /* tlb_finish_mmu */
 ------------------------------------------
 2)    <idle>-0    =>     ls-595    
 ------------------------------------------

 2) # 3331.328 us |        } /* schedule */
 0) ! 156.153 us  |      } /* copy_process */
 1) ! 180.308 us  |          } /* exit_mmap */
 1) ! 184.215 us  |        } /* mmput */
 0) ! 167.835 us  |    } /* kernel_clone */
 0) ! 168.105 us  |  } /* __do_sys_fork */
 2) # 3347.378 us |      } /* do_wait */
 2) # 3348.019 us |    } /* kernel_wait4 */
 2) # 3348.280 us |  } /* __x64_sys_wait4 */
 0) + 20.198 us   |  } /* arch_do_signal_or_restart */
 ------------------------------------------
 3)   usleep-615   =>     ls-597    
 ------------------------------------------

 3) # 3280.062 us |        } /* schedule */
 0) + 20.288 us   |  } /* handle_mm_fault */
 3) # 3296.553 us |      } /* do_wait */
 3) # 3297.155 us |    } /* kernel_wait4 */
 3) # 3297.445 us |  } /* __x64_sys_wait4 */
 ------------------------------------------
 1)   usleep-613   =>   usleep-612  
 ------------------------------------------

 1) # 1011.908 us |        } /* _raw_write_unlock_irq */
 ------------------------------------------
 0)     ls-594     =>    <idle>-0   
 ------------------------------------------

 0) # 1311.649 us |    } /* schedule_idle */
 0) # 1411.057 us |  } /* do_idle */
 2) ! 100.328 us  |        } /* dup_mmap */
 2) ! 145.854 us  |      } /* copy_process */
 2) ! 159.168 us  |    } /* kernel_clone */
 2) ! 159.489 us  |  } /* __do_sys_fork */
 3) ! 100.560 us  |        } /* dup_mmap */
 3) ! 146.044 us  |      } /* copy_process */
 ------------------------------------------
 1)   usleep-612   =>     wc-620    
 ------------------------------------------

 1) + 26.298 us   |                            } /* __pv_queued_spin_lock_slowpath */
 1) + 26.730 us   |                          } /* _raw_spin_lock_irqsave */
 1) + 27.121 us   |                        } /* folio_lruvec_lock_irqsave */
 1) + 28.373 us   |                      } /* __page_cache_release.part.0 */
 1) + 30.397 us   |                    } /* folios_put_refs */
 1) + 30.828 us   |                  } /* free_pages_and_swap_cache */
 1) + 31.068 us   |                } /* __tlb_batch_free_encoded_pages */
 1) + 32.071 us   |              } /* tlb_finish_mmu */
 1) + 38.262 us   |            } /* unmap_region */
 3) ! 157.917 us  |    } /* kernel_clone */
 3) ! 158.237 us  |  } /* __do_sys_fork */
 1) + 39.614 us   |          } /* vms_complete_munmap_vmas */
 1) + 42.199 us   |        } /* do_vmi_align_munmap */
 1) + 42.511 us   |      } /* do_vmi_munmap */
 1) + 43.121 us   |    } /* __vm_munmap */
 1) + 43.391 us   |  } /* __x64_sys_munmap */
 2) + 23.985 us   |                } /* folios_put_refs */
 2) + 72.275 us   |              } /* folio_batch_move_lru */
 2) + 72.556 us   |            } /* __folio_batch_add_and_move */
 2) + 72.786 us   |          } /* folio_add_lru */
 2) + 73.028 us   |        } /* folio_add_lru_vma */
 2) + 85.881 us   |      } /* do_wp_page */
 2) + 86.812 us   |    } /* __handle_mm_fault */
 2) + 87.815 us   |  } /* handle_mm_fault */
 3) + 33.543 us   |            } /* folio_batch_move_lru */
 3) + 33.933 us   |          } /* lru_add_drain_cpu */
 3) + 34.384 us   |        } /* lru_add_drain */
 3) + 47.729 us   |      } /* do_wp_page */
 3) + 48.742 us   |    } /* __handle_mm_fault */
 3) + 49.762 us   |  } /* handle_mm_fault */
 2) + 21.000 us   |        } /* path_lookupat */
 1) + 35.357 us   |      } /* alloc_bprm */
 2) + 21.411 us   |      } /* filename_lookup */
 2) + 24.054 us   |    } /* vfs_statx */
 2) + 27.140 us   |  } /* __x64_sys_newstat */
 1) + 20.428 us   |            } /* __get_user_pages */
 1) + 20.939 us   |          } /* get_user_pages_remote */
 1) + 21.872 us   |        } /* get_arg_page */
 1) + 22.162 us   |      } /* copy_string_kernel */
 1) + 73.157 us   |                  } /* __zap_vma_range */
 2) ! 105.398 us  |        } /* dup_mmap */
 1) + 24.496 us   |                  } /* __zap_vma_range */
 2) ! 149.300 us  |      } /* copy_process */
 1) ! 129.513 us  |                } /* unmap_vmas */
 2) ! 162.034 us  |    } /* kernel_clone */
 2) ! 162.324 us  |  } /* __do_sys_fork */
 3) ! 116.238 us  |        } /* dup_mmap */
 3) ! 163.467 us  |      } /* copy_process */
 1) + 31.339 us   |                } /* free_pgtables */
 ------------------------------------------
 0)    <idle>-0    =>  multita-621  
 ------------------------------------------

 0) + 84.770 us   |              } /* __zap_vma_range */
 2) + 20.999 us   |  } /* handle_mm_fault */
 3) ! 180.708 us  |    } /* kernel_clone */
 3) ! 181.049 us  |  } /* __do_sys_fork */
 0) + 29.936 us   |              } /* __zap_vma_range */
 1) + 27.031 us   |                    } /* free_pages_and_swap_cache */
 1) + 27.461 us   |                  } /* __tlb_batch_free_encoded_pages */
 1) + 37.931 us   |                } /* tlb_finish_mmu */
 0) ! 146.354 us  |            } /* unmap_vmas */
 0) + 20.138 us   |              } /* unlink_anon_vmas */
 2) + 22.041 us   |                } /* __hrtimer_run_queues */
 1) + 27.942 us   |                } /* kmem_cache_free_bulk */
 1) ! 240.571 us  |              } /* exit_mmap */
 2) + 23.915 us   |              } /* hrtimer_interrupt */
 2) + 24.276 us   |            } /* __sysvec_apic_timer_interrupt */
 3) + 27.251 us   |              } /* _raw_spin_unlock_irqrestore */
 3) + 42.880 us   |            } /* folio_batch_move_lru */
 3) + 43.221 us   |          } /* lru_add_drain_cpu */
 3) + 43.753 us   |        } /* lru_add_drain */
 0) + 42.960 us   |            } /* free_pgtables */
 1) ! 253.095 us  |            } /* mmput */
 2) + 41.277 us   |          } /* __rcu_read_unlock */
 2) + 41.789 us   |        } /* mntput */
 2) + 42.770 us   |      } /* path_put */
 2) + 53.090 us   |    } /* vfs_statx */
 2) + 56.887 us   |  } /* __x64_sys_newstat */
 1) ! 268.864 us  |          } /* begin_new_exec */
 3) + 54.122 us   |      } /* do_wp_page */
 3) + 55.313 us   |    } /* __handle_mm_fault */
 3) + 56.577 us   |  } /* handle_mm_fault */
 0) + 21.560 us   |                } /* free_pages_and_swap_cache */
 0) + 21.861 us   |              } /* __tlb_batch_free_encoded_pages */
 0) + 31.459 us   |            } /* tlb_finish_mmu */
 1) + 31.148 us   |          } /* setup_arg_pages */
 0) ! 232.055 us  |          } /* exit_mmap */
 0) ! 235.282 us  |        } /* mmput */
 3) + 22.862 us   |    } /* vfs_statx */
 3) + 26.540 us   |  } /* __x64_sys_newstat */
 1) + 24.005 us   |          } /* elf_load */
 1) + 20.318 us   |            } /* handle_mm_fault */
 1) + 41.277 us   |          } /* elf_load */
 1) ! 407.595 us  |        } /* load_elf_binary */
 1) ! 426.721 us  |      } /* bprm_execve */
 1) ! 499.597 us  |    } /* do_execveat_common.isra.0 */
 1) ! 501.821 us  |  } /* __x64_sys_execve */
 2) ! 100.689 us  |        } /* dup_mmap */
 2) ! 156.474 us  |      } /* copy_process */
 2) ! 168.817 us  |    } /* kernel_clone */
 2) ! 169.107 us  |  } /* __do_sys_fork */
 2) + 20.779 us   |  } /* handle_mm_fault */
 3) ! 125.206 us  |        } /* dup_mmap */
 3) ! 188.745 us  |      } /* copy_process */
 3) ! 202.750 us  |    } /* kernel_clone */
 3) ! 203.081 us  |  } /* __do_sys_fork */
 ------------------------------------------
 0)  multita-621   =>    cat-624    
 ------------------------------------------

 0) + 21.901 us   |            } /* path_openat */
 0) + 22.312 us   |          } /* do_file_open */
 0) + 22.633 us   |        } /* do_open_execat */
 0) + 39.163 us   |      } /* alloc_bprm */
 0) + 20.568 us   |            } /* __get_user_pages */
 0) + 21.079 us   |          } /* get_user_pages_remote */
 0) + 22.001 us   |        } /* get_arg_page */
 0) + 22.302 us   |      } /* copy_string_kernel */
 3) + 23.363 us   |      } /* do_wp_page */
 3) + 24.677 us   |    } /* __handle_mm_fault */
 3) + 25.948 us   |  } /* handle_mm_fault */
 ------------------------------------------
 3)     ls-597     =>    cat-619    
 ------------------------------------------

 3) # 1038.357 us |        } /* _raw_spin_unlock */
 3) # 1065.418 us |      } /* do_wp_page */
 3) # 1066.400 us |    } /* __handle_mm_fault */
 3) # 1067.632 us |  } /* handle_mm_fault */
 ------------------------------------------
 0)    cat-624     =>   rcu_pre-16  
 ------------------------------------------

 0) # 2383.981 us |      } /* schedule */
 0) # 2386.476 us |    } /* schedule_timeout */
 0) # 2388.209 us |  } /* rcu_gp_fqs_loop */
 ------------------------------------------
 0)   rcu_pre-16   =>  multita-621  
 ------------------------------------------

 0) ! 350.748 us  |            } /* _raw_spin_unlock_irqrestore */
 0) ! 360.255 us  |          } /* sched_move_task */
 0) ! 360.517 us  |        } /* sched_autogroup_exit_task */
 ------------------------------------------
 0)  multita-621   =>    cat-624    
 ------------------------------------------

 0) + 55.834 us   |                    } /* _raw_spin_unlock */
 0) + 61.625 us   |                  } /* __zap_vma_range */
 ------------------------------------------
 2)     ls-595     =>    cat-623    
 ------------------------------------------

 2) + 30.276 us   |      } /* alloc_bprm */
 2) + 20.609 us   |            } /* __get_user_pages */
 2) + 21.169 us   |          } /* get_user_pages_remote */
 2) + 22.122 us   |        } /* get_arg_page */
 2) + 22.433 us   |      } /* copy_string_kernel */
 0) + 68.909 us   |                  } /* __zap_vma_range */
 0) + 24.455 us   |                  } /* __zap_vma_range */
 0) ! 182.523 us  |                } /* unmap_vmas */
 ------------------------------------------
 1)     wc-620     =>     wc-625    
 ------------------------------------------

 1) + 30.367 us   |      } /* alloc_bprm */
 0) + 34.735 us   |                } /* free_pgtables */
 3) + 36.628 us   |      } /* alloc_bprm */
 2) + 69.159 us   |                  } /* __zap_vma_range */
 0) + 25.558 us   |                              } /* __pv_queued_spin_lock_slowpath */
 0) + 25.879 us   |                            } /* _raw_spin_lock_irqsave */
 0) + 26.260 us   |                          } /* folio_lruvec_lock_irqsave */
 0) + 27.712 us   |                        } /* __page_cache_release.part.0 */
 0) + 35.667 us   |                      } /* folios_put_refs */
 0) + 55.033 us   |                    } /* free_pages_and_swap_cache */
 0) + 55.273 us   |                  } /* __tlb_batch_free_encoded_pages */
 0) + 65.193 us   |                } /* tlb_finish_mmu */
 3) + 20.478 us   |                  } /* do_anonymous_page */
 3) + 27.352 us   |                } /* __handle_mm_fault */
 3) + 28.673 us   |              } /* handle_mm_fault */
 3) + 33.442 us   |            } /* __get_user_pages */
 3) + 34.024 us   |          } /* get_user_pages_remote */
 3) + 35.276 us   |        } /* get_arg_page */
 3) + 35.647 us   |      } /* copy_string_kernel */
 0) ! 293.701 us  |              } /* exit_mmap */
 1) + 23.524 us   |                              } /* folios_put_refs */
 1) + 70.483 us   |                            } /* folio_batch_move_lru */
 1) + 70.753 us   |                          } /* __folio_batch_add_and_move */
 1) + 70.994 us   |                        } /* folio_add_lru */
 1) + 71.233 us   |                      } /* folio_add_lru_vma */
 1) + 73.027 us   |                    } /* map_anon_folio_pte_nopf */
 1) + 81.774 us   |                  } /* do_anonymous_page */
 1) + 87.003 us   |                } /* __handle_mm_fault */
 1) + 88.015 us   |              } /* handle_mm_fault */
 2) + 30.867 us   |                  } /* __zap_vma_range */
 1) + 91.762 us   |            } /* __get_user_pages */
 1) + 92.223 us   |          } /* get_user_pages_remote */
 1) + 93.174 us   |        } /* get_arg_page */
 1) + 93.485 us   |      } /* copy_string_kernel */
 0) ! 304.742 us  |            } /* mmput */
 0) ! 320.211 us  |          } /* begin_new_exec */
 2) ! 130.395 us  |                } /* unmap_vmas */
 ------------------------------------------
 3)    cat-619     =>   migrati-38  
 ------------------------------------------

 3) # 4774.354 us |  } /* schedule */
 2) + 24.326 us   |                } /* free_pgtables */
 ------------------------------------------
 0)    cat-624     =>    cat-619    
 ------------------------------------------

 0) + 36.448 us   |            } /* cpu_stop_queue_work */
 0) + 37.751 us   |          } /* stop_one_cpu */
 0) + 41.448 us   |        } /* sched_exec */
 2) + 23.695 us   |                    } /* free_pages_and_swap_cache */
 2) + 23.955 us   |                  } /* __tlb_batch_free_encoded_pages */
 2) + 34.173 us   |                } /* tlb_finish_mmu */
 2) ! 200.165 us  |              } /* exit_mmap */
 2) ! 211.617 us  |            } /* mmput */
 2) ! 227.246 us  |          } /* begin_new_exec */
 1) + 69.140 us   |                  } /* __zap_vma_range */
 2) + 29.776 us   |          } /* setup_arg_pages */
 2) + 22.342 us   |          } /* elf_load */
 1) + 24.626 us   |                  } /* __zap_vma_range */
 0) + 68.740 us   |                  } /* __zap_vma_range */
 1) ! 124.002 us  |                } /* unmap_vmas */
 0) + 24.616 us   |                  } /* __zap_vma_range */
 1) + 25.247 us   |                } /* free_pgtables */
 0) ! 124.574 us  |                } /* unmap_vmas */
 2) + 40.076 us   |          } /* elf_load */
 0) + 24.245 us   |                } /* free_pgtables */
 1) + 26.469 us   |                    } /* free_pages_and_swap_cache */
 1) + 26.730 us   |                  } /* __tlb_batch_free_encoded_pages */
 1) + 37.951 us   |                } /* tlb_finish_mmu */
 2) ! 370.386 us  |        } /* load_elf_binary */
 2) ! 388.618 us  |      } /* bprm_execve */
 1) ! 198.363 us  |              } /* exit_mmap */
 2) ! 456.035 us  |    } /* do_execveat_common.isra.0 */
 2) ! 458.220 us  |  } /* __x64_sys_execve */
 1) ! 210.655 us  |            } /* mmput */
 1) ! 226.685 us  |          } /* begin_new_exec */
 0) + 34.835 us   |                    } /* free_pages_and_swap_cache */
 0) + 35.115 us   |                  } /* __tlb_batch_free_encoded_pages */
 0) + 49.934 us   |                } /* tlb_finish_mmu */
 1) + 23.455 us   |                  } /* vma_complete */
 1) + 25.828 us   |                } /* commit_merge */
 1) + 26.149 us   |              } /* vma_expand */
 1) + 45.135 us   |            } /* relocate_vma_down */
 1) + 58.099 us   |          } /* setup_arg_pages */
 2) + 42.640 us   |                    } /* rcu_do_batch */
 2) + 45.185 us   |                  } /* rcu_core */
 2) + 45.425 us   |                } /* rcu_core_si */
 2) + 46.087 us   |              } /* handle_softirqs */
 2) + 49.243 us   |            } /* irq_exit_rcu */
 2) + 64.461 us   |          } /* next_uptodate_folio */
 ------------------------------------------
 3)   migrati-38   =>  multita-622  
 ------------------------------------------

 3) + 45.425 us   |                    } /* rcu_do_batch */
 3) + 48.151 us   |                  } /* rcu_core */
 3) + 48.400 us   |                } /* rcu_core_si */
 3) + 49.063 us   |              } /* handle_softirqs */
 3) + 51.978 us   |            } /* irq_exit_rcu */
 3) + 79.409 us   |        } /* filemap_map_pages */
 3) + 79.961 us   |      } /* do_fault */
 3) + 80.871 us   |    } /* __handle_mm_fault */
 0) + 47.890 us   |                          } /* rcu_do_batch */
 2) + 70.873 us   |        } /* filemap_map_pages */
 0) + 48.851 us   |                        } /* rcu_core */
 2) + 71.403 us   |      } /* do_fault */
 3) + 81.904 us   |  } /* handle_mm_fault */
 0) + 49.092 us   |                      } /* rcu_core_si */
 2) + 72.296 us   |    } /* __handle_mm_fault */
 0) + 51.626 us   |                    } /* handle_softirqs */
 0) + 54.322 us   |                  } /* irq_exit_rcu */
 2) + 73.278 us   |  } /* handle_mm_fault */
 1) + 23.364 us   |          } /* elf_load */
 0) + 76.083 us   |                } /* tear_down_vmas */
 0) ! 277.361 us  |              } /* exit_mmap */
 0) ! 288.311 us  |            } /* mmput */
 0) ! 303.199 us  |          } /* begin_new_exec */
 0) + 28.293 us   |          } /* setup_arg_pages */
 1) + 40.175 us   |          } /* elf_load */
 0) + 22.562 us   |          } /* elf_load */
 1) ! 401.182 us  |        } /* load_elf_binary */
 1) ! 419.498 us  |      } /* bprm_execve */
 1) ! 558.898 us  |    } /* do_execveat_common.isra.0 */
 1) ! 561.032 us  |  } /* __x64_sys_execve */
 3) + 80.632 us   |              } /* __zap_vma_range */
 0) + 39.964 us   |          } /* elf_load */
 3) + 24.636 us   |              } /* __zap_vma_range */
 0) ! 445.264 us  |        } /* load_elf_binary */
 0) ! 503.284 us  |      } /* bprm_execve */
 0) ! 593.953 us  |    } /* do_execveat_common.isra.0 */
 0) ! 596.389 us  |  } /* __x64_sys_execve */
 3) ! 136.565 us  |            } /* unmap_vmas */
 3) + 25.488 us   |            } /* free_pgtables */
 3) + 26.249 us   |                } /* free_pages_and_swap_cache */
 3) + 26.499 us   |              } /* __tlb_batch_free_encoded_pages */
 3) + 37.319 us   |            } /* tlb_finish_mmu */
 3) ! 210.605 us  |          } /* exit_mmap */
 3) ! 213.831 us  |        } /* mmput */
 ------------------------------------------
 3)  multita-622   =>     ls-597    
 ------------------------------------------

 3) ! 971.131 us  |        } /* schedule */
 1) + 22.913 us   |            } /* pick_next_task_fair */
 ------------------------------------------
 1)     wc-625     =>     ls-595    
 ------------------------------------------

 1) # 1081.228 us |        } /* schedule */
 3) ! 988.694 us  |      } /* do_wait */
 3) ! 989.296 us  |    } /* kernel_wait4 */
 3) ! 989.566 us  |  } /* __x64_sys_wait4 */
 1) # 1101.025 us |      } /* do_wait */
 1) # 1101.656 us |    } /* kernel_wait4 */
 1) # 1101.937 us |  } /* __x64_sys_wait4 */
 ------------------------------------------
 1)     ls-595     =>    <idle>-0   
 ------------------------------------------

 1) # 2302.468 us |    } /* schedule_idle */
 1) # 2688.333 us |  } /* do_idle */
 ------------------------------------------
 3)     ls-597     =>   usleep-614  
 ------------------------------------------

 3) # 4259.478 us |        } /* schedule */
 3) # 4261.192 us |      } /* do_nanosleep */
 3) # 4261.853 us |    } /* hrtimer_nanosleep */
 3) # 4262.334 us |  } /* __x64_sys_nanosleep */
 ------------------------------------------
 0)    cat-619     =>    cat-624    
 ------------------------------------------

 0) ! 707.939 us  |            } /* up_write */
 0) ! 738.675 us  |          } /* setup_arg_pages */
 0) + 21.200 us   |          } /* elf_load */
 3) + 71.344 us   |              } /* __zap_vma_range */
 0) + 36.468 us   |          } /* elf_load */
 0) # 1158.122 us |        } /* load_elf_binary */
 0) # 1176.016 us |      } /* bprm_execve */
 3) + 36.239 us   |              } /* __zap_vma_range */
 0) # 1252.058 us |    } /* do_execveat_common.isra.0 */
 0) # 1254.213 us |  } /* __x64_sys_execve */
 3) ! 131.146 us  |            } /* unmap_vmas */
 ------------------------------------------
 2)    cat-623     =>     wc-626    
 ------------------------------------------

 2) + 26.178 us   |            } /* path_openat */
 2) + 26.781 us   |          } /* do_file_open */
 2) + 27.051 us   |        } /* do_open_execat */
 2) + 43.371 us   |      } /* alloc_bprm */
 3) + 33.924 us   |                } /* free_pages_and_swap_cache */
 3) + 34.193 us   |              } /* __tlb_batch_free_encoded_pages */
 3) + 43.011 us   |            } /* tlb_finish_mmu */
 3) ! 198.423 us  |          } /* exit_mmap */
 3) ! 202.088 us  |        } /* mmput */
 2) + 20.469 us   |            } /* __get_user_pages */
 2) + 20.979 us   |          } /* get_user_pages_remote */
 2) + 21.911 us   |        } /* get_arg_page */
 2) + 22.211 us   |      } /* copy_string_kernel */
 ------------------------------------------
 2)     wc-626     =>   migrati-32  
 ------------------------------------------

 2) # 5305.891 us |  } /* schedule */
 ------------------------------------------
 3)   usleep-614   =>     ls-599    
 ------------------------------------------

 3) # 6067.259 us |        } /* schedule */
 ------------------------------------------
 2)   migrati-32   =>    cat-623    
 ------------------------------------------

 2) ! 340.819 us  |                } /* _raw_spin_unlock */
 ------------------------------------------
 1)    <idle>-0    =>     wc-626    
 ------------------------------------------

 1) + 38.963 us   |            } /* cpu_stop_queue_work */
 1) + 40.084 us   |          } /* stop_one_cpu */
 1) + 43.492 us   |        } /* sched_exec */
 3) # 6084.981 us |      } /* do_wait */
 3) # 6085.594 us |    } /* kernel_wait4 */
 3) # 6085.854 us |  } /* __x64_sys_wait4 */
 2) ! 426.700 us  |              } /* __zap_vma_range */
 2) + 28.273 us   |              } /* __zap_vma_range */
 2) ! 478.658 us  |            } /* unmap_vmas */
 2) + 20.008 us   |              } /* __tlb_batch_free_encoded_pages */
 1) + 69.119 us   |                  } /* __zap_vma_range */
 2) + 24.056 us   |            } /* tlb_finish_mmu */
 2) ! 530.495 us  |          } /* exit_mmap */
 2) ! 543.709 us  |        } /* mmput */
 3) + 21.791 us   |          } /* pcpu_alloc_noprof */
 3) + 29.575 us   |        } /* mm_init */
 1) + 28.744 us   |                  } /* __zap_vma_range */
 1) ! 129.794 us  |                } /* unmap_vmas */
 ------------------------------------------
 2)    cat-623     =>     wc-625    
 ------------------------------------------

 2) ! 534.262 us  |          } /* schedule */
 ------------------------------------------
 2)     wc-625     =>    cat-623    
 ------------------------------------------

 2) + 27.782 us   |                } /* __wake_up */
 1) + 24.526 us   |                } /* free_pgtables */
 2) + 35.727 us   |              } /* pipe_release */
 2) + 42.720 us   |            } /* __fput */
 2) + 42.980 us   |          } /* ____fput */
 2) + 61.325 us   |        } /* task_work_run */
 1) + 23.934 us   |                    } /* free_pages_and_swap_cache */
 1) + 24.225 us   |                  } /* __tlb_batch_free_encoded_pages */
 1) + 37.981 us   |                } /* tlb_finish_mmu */
 ------------------------------------------
 2)    cat-623     =>     wc-625    
 ------------------------------------------

 2) + 57.948 us   |                  } /* schedule */
 2) + 58.250 us   |                } /* schedule_preempt_disabled */
 2) + 60.514 us   |              } /* __mutex_lock.constprop.0 */
 2) + 60.774 us   |            } /* __mutex_lock_slowpath */
 2) + 61.014 us   |          } /* mutex_lock */
 2) ! 597.330 us  |        } /* anon_pipe_read */
 2) ! 598.102 us  |      } /* vfs_read */
 2) ! 598.542 us  |    } /* ksys_read */
 2) ! 598.773 us  |  } /* __x64_sys_read */
 ------------------------------------------
 0)    cat-624     =>    cat-619    
 ------------------------------------------

 0) ! 489.488 us  |                } /* _raw_spin_unlock */
 1) ! 203.612 us  |              } /* exit_mmap */
 0) ! 510.939 us  |              } /* do_anonymous_page */
 0) ! 511.910 us  |            } /* __handle_mm_fault */
 0) ! 512.972 us  |          } /* handle_mm_fault */
 0) ! 515.738 us  |        } /* anon_pipe_read */
 0) ! 516.609 us  |      } /* vfs_read */
 0) ! 517.070 us  |    } /* ksys_read */
 0) ! 517.311 us  |  } /* __x64_sys_read */
 3) + 98.655 us   |        } /* dup_mmap */
 1) ! 215.204 us  |            } /* mmput */
 1) ! 230.833 us  |          } /* begin_new_exec */
 3) ! 163.927 us  |      } /* copy_process */
 3) ! 176.280 us  |    } /* kernel_clone */
 3) ! 176.562 us  |  } /* __do_sys_fork */
 0) + 22.933 us   |            } /* unmap_region */
 0) + 24.316 us   |          } /* vms_complete_munmap_vmas */
 0) + 26.530 us   |        } /* do_vmi_align_munmap */
 0) + 26.840 us   |      } /* do_vmi_munmap */
 0) + 27.421 us   |    } /* __vm_munmap */
 0) + 27.692 us   |  } /* __x64_sys_munmap */
 3) + 26.260 us   |        } /* free_swap_cache */
 3) + 34.705 us   |      } /* do_wp_page */
 3) + 35.647 us   |    } /* __handle_mm_fault */
 3) + 36.759 us   |  } /* handle_mm_fault */
 0) + 21.751 us   |        } /* sched_mm_cid_exit */
 2) + 27.732 us   |                } /* folio_remove_rmap_ptes */
 3) + 30.567 us   |            } /* folio_batch_move_lru */
 3) + 30.949 us   |          } /* lru_add_drain_cpu */
 3) + 31.369 us   |        } /* lru_add_drain */
 2) + 98.245 us   |              } /* __zap_vma_range */
 3) + 39.454 us   |      } /* do_wp_page */
 3) + 40.395 us   |    } /* __handle_mm_fault */
 3) + 41.448 us   |  } /* handle_mm_fault */
 1) + 79.380 us   |                          } /* rcu_do_batch */
 1) + 82.526 us   |                        } /* rcu_core */
 1) + 82.846 us   |                      } /* rcu_core_si */
 1) + 91.351 us   |                    } /* handle_softirqs */
 1) + 94.296 us   |                  } /* irq_exit_rcu */
 2) + 35.036 us   |              } /* __zap_vma_range */
 0) + 75.421 us   |              } /* __zap_vma_range */
 ------------------------------------------
 1)     wc-626     =>   kworker-59  
 ------------------------------------------

 1) # 6036.621 us |  } /* schedule */
 3) + 24.996 us   |  } /* __x64_sys_newstat */
 2) ! 157.014 us  |            } /* unmap_vmas */
 ------------------------------------------
 0)    cat-619     =>   rcu_pre-16  
 ------------------------------------------

 0) # 1709.275 us |      } /* schedule */
 0) # 1711.790 us |    } /* schedule_timeout */
 0) # 1713.523 us |  } /* rcu_gp_fqs_loop */
 ------------------------------------------
 1)   kworker-59   =>   ksoftir-27  
 ------------------------------------------

 1) + 30.046 us   |        } /* rcu_core */
 1) + 30.328 us   |      } /* rcu_core_si */
 1) + 31.189 us   |    } /* handle_softirqs */
 1) + 31.620 us   |  } /* run_ksoftirqd */
 ------------------------------------------
 0)   rcu_pre-16   =>     wc-620    
 ------------------------------------------

 0) # 1794.056 us |          } /* schedule */
 0) # 1796.400 us |        } /* anon_pipe_read */
 ------------------------------------------
 1)   ksoftir-27   =>   kworker-59  
 ------------------------------------------

 1) + 50.405 us   |  } /* schedule */
 0) # 1797.361 us |      } /* vfs_read */
 0) # 1797.901 us |    } /* ksys_read */
 0) # 1798.143 us |  } /* __x64_sys_read */
 2) + 24.566 us   |                } /* free_pages_and_swap_cache */
 2) + 24.836 us   |              } /* __tlb_batch_free_encoded_pages */
 2) + 39.394 us   |            } /* tlb_finish_mmu */
 2) ! 220.374 us  |          } /* exit_mmap */
 2) ! 224.091 us  |        } /* mmput */
 ------------------------------------------
 0)     wc-620     =>    cat-624    
 ------------------------------------------

 0) ! 250.921 us  |                } /* _raw_spin_unlock */
 ------------------------------------------
 1)   kworker-59   =>     wc-626    
 ------------------------------------------

 1) + 94.177 us   |                    } /* preempt_schedule_irq */
 1) + 94.507 us   |                  } /* raw_irqentry_exit_cond_resched */
 1) ! 209.001 us  |                } /* security_vm_enough_memory_mm */
 1) ! 211.497 us  |              } /* expand_downwards */
 1) ! 211.747 us  |            } /* expand_stack_locked */
 1) ! 236.563 us  |          } /* setup_arg_pages */
 0) ! 353.503 us  |              } /* __zap_vma_range */
 1) + 23.374 us   |          } /* elf_load */
 ------------------------------------------
 2)     wc-625     =>    cat-623    
 ------------------------------------------

 2) ! 295.264 us  |            } /* _raw_spin_unlock_irqrestore */
 2) ! 304.471 us  |          } /* sched_move_task */
 2) ! 304.711 us  |        } /* sched_autogroup_exit_task */
 0) + 34.405 us   |              } /* __zap_vma_range */
 0) ! 411.852 us  |            } /* unmap_vmas */
 ------------------------------------------
 2)    cat-623     =>   usleep-616  
 ------------------------------------------

 2) # 3785.700 us |        } /* schedule */
 2) # 3787.323 us |      } /* do_nanosleep */
 2) # 3787.934 us |    } /* hrtimer_nanosleep */
 2) # 3788.405 us |  } /* __x64_sys_nanosleep */
 1) + 20.519 us   |            } /* handle_mm_fault */
 3) ! 100.137 us  |        } /* dup_mmap */
 1) + 40.926 us   |          } /* elf_load */
 3) ! 142.938 us  |      } /* copy_process */
 0) + 23.294 us   |                } /* free_pages_and_swap_cache */
 0) + 23.574 us   |              } /* __tlb_batch_free_encoded_pages */
 0) + 27.472 us   |            } /* tlb_finish_mmu */
 1) ! 573.936 us  |        } /* load_elf_binary */
 1) ! 633.288 us  |      } /* bprm_execve */
 1) ! 714.089 us  |    } /* do_execveat_common.isra.0 */
 1) ! 716.353 us  |  } /* __x64_sys_execve */
 3) ! 154.840 us  |    } /* kernel_clone */
 3) ! 155.140 us  |  } /* __do_sys_fork */
 0) ! 463.540 us  |          } /* exit_mmap */
 0) ! 475.682 us  |        } /* mmput */
 2) + 59.552 us   |              } /* __zap_vma_range */
 0) + 24.135 us   |        } /* task_work_run */
 3) + 20.387 us   |  } /* handle_mm_fault */
 ------------------------------------------
 0)    cat-624     =>    cat-619    
 ------------------------------------------

 0) ! 225.342 us  |                } /* __rcu_read_unlock */
 0) ! 260.809 us  |              } /* __zap_vma_range */
 2) + 33.412 us   |              } /* __zap_vma_range */
 0) ! 360.105 us  |            } /* unmap_vmas */
 3) + 20.639 us   |  } /* __x64_sys_newstat */
 2) ! 114.926 us  |            } /* unmap_vmas */
 0) + 24.346 us   |                } /* free_pages_and_swap_cache */
 0) + 24.616 us   |              } /* __tlb_batch_free_encoded_pages */
 0) + 28.253 us   |            } /* tlb_finish_mmu */
 0) ! 412.204 us  |          } /* exit_mmap */
 2) + 29.816 us   |                } /* free_pages_and_swap_cache */
 0) ! 423.674 us  |        } /* mmput */
 2) + 30.137 us   |              } /* __tlb_batch_free_encoded_pages */
 2) + 34.725 us   |            } /* tlb_finish_mmu */
 2) ! 173.535 us  |          } /* exit_mmap */
 2) ! 177.253 us  |        } /* mmput */
 ------------------------------------------
 0)    cat-619     =>     wc-620    
 ------------------------------------------

 0) ! 297.067 us  |          } /* schedule */
 ------------------------------------------
 0)     wc-620     =>    cat-624    
 ------------------------------------------

 0) ! 120.687 us  |            } /* _raw_spin_unlock_irqrestore */
 0) ! 129.643 us  |          } /* sched_move_task */
 0) ! 129.893 us  |        } /* sched_autogroup_exit_task */
 ------------------------------------------
 0)    cat-624     =>    cat-619    
 ------------------------------------------

 0) + 45.936 us   |                  } /* _raw_spin_unlock_irqrestore */
 0) + 54.162 us   |                } /* __wake_up */
 ------------------------------------------
 0)    cat-619     =>     wc-620    
 ------------------------------------------

 0) + 53.390 us   |                  } /* schedule */
 0) + 53.650 us   |                } /* schedule_preempt_disabled */
 0) + 55.925 us   |              } /* __mutex_lock.constprop.0 */
 0) + 56.165 us   |            } /* __mutex_lock_slowpath */
 0) + 56.415 us   |          } /* mutex_lock */
 0) ! 355.627 us  |        } /* anon_pipe_read */
 0) ! 356.378 us  |      } /* vfs_read */
 0) ! 356.850 us  |    } /* ksys_read */
 0) ! 357.070 us  |  } /* __x64_sys_read */
 3) + 98.384 us   |        } /* dup_mmap */
 3) ! 154.560 us  |      } /* copy_process */
 3) ! 165.651 us  |    } /* kernel_clone */
 3) ! 165.920 us  |  } /* __do_sys_fork */
 1) + 70.462 us   |              } /* __zap_vma_range */
 3) + 20.429 us   |  } /* handle_mm_fault */
 0) + 70.232 us   |              } /* __zap_vma_range */
 1) + 36.780 us   |              } /* __zap_vma_range */
 0) + 37.511 us   |              } /* __zap_vma_range */
 1) ! 131.075 us  |            } /* unmap_vmas */
 0) ! 131.457 us  |            } /* unmap_vmas */
 0) + 22.211 us   |            } /* free_pgtables */
 1) + 25.047 us   |                } /* free_pages_and_swap_cache */
 1) + 25.368 us   |              } /* __tlb_batch_free_encoded_pages */
 1) + 35.477 us   |            } /* tlb_finish_mmu */
 ------------------------------------------
 2)   usleep-616   =>    cat-628    
 ------------------------------------------

 2) + 29.054 us   |      } /* alloc_bprm */
 1) ! 190.758 us  |          } /* exit_mmap */
 1) ! 194.634 us  |        } /* mmput */
 0) + 34.304 us   |                } /* free_pages_and_swap_cache */
 0) + 34.584 us   |              } /* __tlb_batch_free_encoded_pages */
 2) + 20.329 us   |            } /* __get_user_pages */
 2) + 20.810 us   |          } /* get_user_pages_remote */
 2) + 21.761 us   |        } /* get_arg_page */
 2) + 22.081 us   |      } /* copy_string_kernel */
 0) + 43.000 us   |            } /* tlb_finish_mmu */
 0) ! 205.294 us  |          } /* exit_mmap */
 0) ! 208.992 us  |        } /* mmput */
 ------------------------------------------
 1)     wc-626     =>    <idle>-0   
 ------------------------------------------

 1) # 1090.996 us |    } /* schedule_idle */
 1) # 1381.250 us |  } /* do_idle */
 2) + 69.070 us   |                  } /* __zap_vma_range */
 2) + 24.636 us   |                  } /* __zap_vma_range */
 ------------------------------------------
 0)     wc-620     =>     wc-629    
 ------------------------------------------

 0) + 38.161 us   |                } /* folios_put_refs */
 0) + 85.691 us   |              } /* folio_batch_move_lru */
 0) + 86.081 us   |            } /* __folio_batch_add_and_move */
 0) + 86.313 us   |          } /* folio_add_lru */
 0) + 86.572 us   |        } /* folio_add_lru_vma */
 0) + 94.648 us   |      } /* do_wp_page */
 0) + 95.570 us   |    } /* __handle_mm_fault */
 0) + 96.552 us   |  } /* handle_mm_fault */
 2) ! 124.133 us  |                } /* unmap_vmas */
 2) + 24.326 us   |                } /* free_pgtables */
 2) + 23.915 us   |                    } /* free_pages_and_swap_cache */
 2) + 24.165 us   |                  } /* __tlb_batch_free_encoded_pages */
 2) + 34.124 us   |                } /* tlb_finish_mmu */
 ------------------------------------------
 3)     ls-599     =>  multita-627  
 ------------------------------------------

 3) + 24.005 us   |                          } /* rcu_do_batch */
 3) + 26.469 us   |                        } /* rcu_core */
 3) + 26.710 us   |                      } /* rcu_core_si */
 3) + 27.392 us   |                    } /* handle_softirqs */
 3) + 30.328 us   |                  } /* irq_exit_rcu */
 3) + 48.040 us   |                } /* arch_check_zapped_pte */
 3) ! 129.202 us  |              } /* __zap_vma_range */
 0) + 40.876 us   |                    } /* rcu_do_batch */
 0) + 41.890 us   |                  } /* rcu_core */
 0) + 42.139 us   |                } /* rcu_core_si */
 0) + 42.830 us   |              } /* handle_softirqs */
 0) + 45.786 us   |            } /* irq_exit_rcu */
 0) + 60.422 us   |          } /* next_uptodate_folio */
 0) + 70.072 us   |        } /* filemap_map_pages */
 0) + 70.632 us   |      } /* do_fault */
 0) + 71.554 us   |    } /* __handle_mm_fault */
 0) + 72.576 us   |  } /* handle_mm_fault */
 2) + 52.168 us   |                                } /* rcu_do_batch */
 2) + 54.673 us   |                              } /* rcu_core */
 2) + 54.914 us   |                            } /* rcu_core_si */
 2) + 55.574 us   |                          } /* handle_softirqs */
 2) + 58.590 us   |                        } /* irq_exit_rcu */
 2) + 73.197 us   |                    } /* vm_area_free */
 2) + 73.569 us   |                  } /* remove_vma */
 2) + 81.473 us   |                } /* tear_down_vmas */
 3) + 24.606 us   |              } /* __zap_vma_range */
 2) ! 266.711 us  |              } /* exit_mmap */
 2) ! 277.712 us  |            } /* mmput */
 3) ! 185.077 us  |            } /* unmap_vmas */
 2) ! 293.561 us  |          } /* begin_new_exec */
 ------------------------------------------
 1)    <idle>-0    =>   usleep-617  
 ------------------------------------------

 1) + 69.090 us   |                        } /* rcu_do_batch */
 1) + 71.745 us   |                      } /* rcu_core */
 1) + 72.026 us   |                    } /* rcu_core_si */
 1) + 76.092 us   |                  } /* handle_softirqs */
 1) + 78.858 us   |                } /* irq_exit_rcu */
 1) + 91.853 us   |              } /* _raw_spin_unlock_irqrestore */
 1) ! 103.404 us  |            } /* __mmdrop */
 1) ! 103.945 us  |          } /* finish_task_switch.isra.0 */
 3) + 25.718 us   |            } /* free_pgtables */
 ------------------------------------------
 1)   usleep-617   =>   kworker-59  
 ------------------------------------------

 1) ! 918.973 us  |  } /* schedule */
 2) + 30.157 us   |          } /* setup_arg_pages */
 1) + 23.915 us   |    } /* delayed_vfree_work */
 1) + 25.037 us   |  } /* process_one_work */
 2) + 23.053 us   |          } /* elf_load */
 ------------------------------------------
 1)   kworker-59   =>   usleep-617  
 ------------------------------------------

 1) # 4417.385 us |        } /* schedule */
 1) # 4419.117 us |      } /* do_nanosleep */
 1) # 4419.719 us |    } /* hrtimer_nanosleep */
 1) # 4420.250 us |  } /* __x64_sys_nanosleep */
 3) + 26.149 us   |                } /* free_pages_and_swap_cache */
 3) + 26.400 us   |              } /* __tlb_batch_free_encoded_pages */
 3) + 37.159 us   |            } /* tlb_finish_mmu */
 3) ! 259.246 us  |          } /* exit_mmap */
 3) ! 262.482 us  |        } /* mmput */
 0) + 21.972 us   |            } /* path_openat */
 0) + 22.382 us   |          } /* do_file_open */
 0) + 22.692 us   |        } /* do_open_execat */
 2) + 39.675 us   |          } /* elf_load */
 ------------------------------------------
 3)  multita-627   =>     ls-597    
 ------------------------------------------

 3) # 1788.265 us |        } /* schedule */
 0) + 39.064 us   |      } /* alloc_bprm */
 3) # 1805.446 us |      } /* do_wait */
 3) # 1806.047 us |    } /* kernel_wait4 */
 3) # 1806.308 us |  } /* __x64_sys_wait4 */
 2) ! 437.521 us  |        } /* load_elf_binary */
 0) + 20.599 us   |            } /* __get_user_pages */
 0) + 21.120 us   |          } /* get_user_pages_remote */
 0) + 22.051 us   |        } /* get_arg_page */
 0) + 22.331 us   |      } /* copy_string_kernel */
 2) ! 455.986 us  |      } /* bprm_execve */
 2) ! 522.059 us  |    } /* do_execveat_common.isra.0 */
 2) ! 524.234 us  |  } /* __x64_sys_execve */
 1) + 71.564 us   |              } /* __zap_vma_range */
 1) + 34.995 us   |              } /* __zap_vma_range */
 1) ! 129.093 us  |            } /* unmap_vmas */
 3) + 21.531 us   |  } /* __x64_sys_newstat */
 1) + 32.741 us   |                } /* free_pages_and_swap_cache */
 1) + 33.022 us   |              } /* __tlb_batch_free_encoded_pages */
 1) + 37.851 us   |            } /* tlb_finish_mmu */
 1) ! 191.599 us  |          } /* exit_mmap */
 1) ! 195.567 us  |        } /* mmput */
 3) + 28.293 us   |      } /* alloc_bprm */
 0) + 69.079 us   |                  } /* __zap_vma_range */
 3) + 20.618 us   |            } /* __get_user_pages */
 3) + 21.130 us   |          } /* get_user_pages_remote */
 3) + 22.111 us   |        } /* get_arg_page */
 3) + 22.412 us   |      } /* copy_string_kernel */
 0) + 24.626 us   |                  } /* __zap_vma_range */
 0) ! 124.233 us  |                } /* unmap_vmas */
 2) + 30.127 us   |                  } /* folios_put_refs */
 2) + 84.498 us   |                } /* folio_batch_move_lru */
 2) + 84.779 us   |              } /* __folio_batch_add_and_move */
 2) + 85.010 us   |            } /* folio_add_lru */
 2) + 85.239 us   |          } /* folio_add_lru_vma */
 2) + 87.003 us   |        } /* map_anon_folio_pte_nopf */
 2) + 93.335 us   |      } /* do_anonymous_page */
 2) + 94.267 us   |    } /* __handle_mm_fault */
 2) + 95.259 us   |  } /* handle_mm_fault */
 0) + 24.486 us   |                } /* free_pgtables */
 ------------------------------------------
 1)   usleep-617   =>     ls-607    
 ------------------------------------------

 1) # 5500.887 us |        } /* schedule */
 1) # 5517.337 us |      } /* do_wait */
 1) # 5517.988 us |    } /* kernel_wait4 */
 1) # 5518.269 us |  } /* __x64_sys_wait4 */
 0) + 23.876 us   |                    } /* free_pages_and_swap_cache */
 0) + 24.126 us   |                  } /* __tlb_batch_free_encoded_pages */
 0) + 32.802 us   |                } /* tlb_finish_mmu */
 0) ! 192.541 us  |              } /* exit_mmap */
 0) ! 203.612 us  |            } /* mmput */
 0) ! 219.082 us  |          } /* begin_new_exec */
 0) + 29.586 us   |          } /* setup_arg_pages */
 3) + 80.771 us   |                  } /* __zap_vma_range */
 0) + 23.273 us   |          } /* elf_load */
 3) + 36.378 us   |                  } /* __zap_vma_range */
 3) ! 149.441 us  |                } /* unmap_vmas */
 ------------------------------------------
 2)    cat-628     =>     wc-625    
 ------------------------------------------

 2) # 1350.524 us |            } /* _raw_spin_unlock_irqrestore */
 2) # 1359.991 us |          } /* sched_move_task */
 2) # 1360.242 us |        } /* sched_autogroup_exit_task */
 0) + 37.370 us   |          } /* elf_load */
 3) + 23.965 us   |                } /* free_pgtables */
 ------------------------------------------
 2)     wc-625     =>   usleep-616  
 ------------------------------------------

 2) # 1113.459 us |            } /* _raw_spin_unlock_irqrestore */
 2) # 1122.276 us |          } /* sched_move_task */
 2) # 1122.534 us |        } /* sched_autogroup_exit_task */
 1) + 97.122 us   |        } /* dup_mmap */
 0) ! 364.844 us  |        } /* load_elf_binary */
 0) ! 382.958 us  |      } /* bprm_execve */
 0) ! 459.662 us  |    } /* do_execveat_common.isra.0 */
 0) ! 461.786 us  |  } /* __x64_sys_execve */
 ------------------------------------------
 2)   usleep-616   =>     ls-595    
 ------------------------------------------

 2) # 2216.027 us |        } /* schedule */
 1) ! 142.166 us  |      } /* copy_process */
 3) + 35.737 us   |                    } /* free_pages_and_swap_cache */
 3) + 35.978 us   |                  } /* __tlb_batch_free_encoded_pages */
 3) + 47.089 us   |                } /* tlb_finish_mmu */
 1) ! 154.260 us  |    } /* kernel_clone */
 1) ! 154.561 us  |  } /* __do_sys_fork */
 2) # 2233.730 us |      } /* do_wait */
 2) # 2234.350 us |    } /* kernel_wait4 */
 2) # 2234.621 us |  } /* __x64_sys_wait4 */
 3) ! 231.383 us  |              } /* exit_mmap */
 3) ! 242.504 us  |            } /* mmput */
 3) ! 259.176 us  |          } /* begin_new_exec */
 3) + 23.934 us   |            } /* relocate_vma_down */
 3) + 35.816 us   |          } /* setup_arg_pages */
 2) + 20.709 us   |        } /* do_vmi_align_munmap */
 2) + 21.090 us   |      } /* do_vmi_munmap */
 2) + 21.681 us   |    } /* __vm_munmap */
 2) + 21.971 us   |  } /* __x64_sys_munmap */
 1) + 22.222 us   |  } /* __x64_sys_newstat */
 3) + 31.680 us   |          } /* elf_load */
 2) + 28.423 us   |      } /* alloc_bprm */
 3) + 38.232 us   |          } /* elf_load */
 2) + 20.308 us   |            } /* __get_user_pages */
 2) + 20.809 us   |          } /* get_user_pages_remote */
 2) + 21.750 us   |        } /* get_arg_page */
 2) + 22.032 us   |      } /* copy_string_kernel */
 3) ! 407.745 us  |        } /* load_elf_binary */
 3) ! 425.818 us  |      } /* bprm_execve */
 3) ! 491.972 us  |    } /* do_execveat_common.isra.0 */
 3) ! 493.946 us  |  } /* __x64_sys_execve */
 ------------------------------------------
 0)     wc-629     =>    cat-619    
 ------------------------------------------

 0) # 1330.265 us |                  } /* __mutex_unlock_slowpath.isra.0 */
 0) # 1330.625 us |                } /* mutex_unlock */
 0) # 1388.645 us |              } /* pipe_release */
 0) # 1399.895 us |            } /* __fput */
 0) # 1400.146 us |          } /* ____fput */
 0) + 20.869 us   |            } /* __fput */
 0) + 21.150 us   |          } /* ____fput */
 1) + 91.151 us   |        } /* dup_mmap */
 0) # 1426.074 us |        } /* task_work_run */
 1) ! 135.414 us  |      } /* copy_process */
 1) ! 146.846 us  |    } /* kernel_clone */
 1) ! 147.185 us  |  } /* __do_sys_fork */
 ------------------------------------------
 0)    cat-619     =>     wc-620    
 ------------------------------------------

 0) # 1135.189 us |            } /* _raw_spin_unlock_irqrestore */
 0) # 1144.186 us |          } /* sched_move_task */
 0) # 1144.447 us |        } /* sched_autogroup_exit_task */
 2) + 81.012 us   |                  } /* __zap_vma_range */
 ------------------------------------------
 0)     wc-620     =>     ls-594    
 ------------------------------------------

 0) # 4520.288 us |        } /* schedule */
 1) + 21.130 us   |              } /* folios_put_refs */
 1) + 52.768 us   |            } /* folio_batch_move_lru */
 1) + 53.070 us   |          } /* lru_add_drain_cpu */
 1) + 53.480 us   |        } /* lru_add_drain */
 0) # 4536.749 us |      } /* do_wait */
 0) # 4537.349 us |    } /* kernel_wait4 */
 0) # 4537.620 us |  } /* __x64_sys_wait4 */
 1) + 61.646 us   |      } /* do_wp_page */
 1) + 62.598 us   |    } /* __handle_mm_fault */
 1) + 63.599 us   |  } /* handle_mm_fault */
 2) + 36.778 us   |                  } /* __zap_vma_range */
 0) + 20.708 us   |                } /* free_pid */
 0) + 21.040 us   |              } /* free_pids */
 0) + 29.666 us   |            } /* release_task */
 0) + 32.862 us   |          } /* wait_consider_task */
 0) + 33.263 us   |        } /* __do_wait */
 0) + 34.455 us   |      } /* do_wait */
 1) + 22.122 us   |      } /* pte_offset_map_rw_nolock */
 0) + 34.896 us   |    } /* kernel_wait4 */
 0) + 35.156 us   |  } /* __x64_sys_wait4 */
 2) + 24.005 us   |                  } /* __zap_vma_range */
 2) ! 169.990 us  |                } /* unmap_vmas */
 1) + 30.969 us   |    } /* __handle_mm_fault */
 1) + 32.009 us   |  } /* handle_mm_fault */
 3) + 41.397 us   |        } /* filemap_map_pages */
 3) + 42.069 us   |      } /* do_fault */
 ------------------------------------------
 0)     ls-594     =>   rcu_pre-16  
 ------------------------------------------

 0) # 1864.256 us |      } /* schedule */
 3) + 43.010 us   |    } /* __handle_mm_fault */
 3) + 44.063 us   |  } /* handle_mm_fault */
 0) # 1866.812 us |    } /* schedule_timeout */
 0) # 1868.565 us |  } /* rcu_gp_fqs_loop */
 2) + 23.845 us   |                } /* free_pgtables */
 ------------------------------------------
 0)   rcu_pre-16   =>     ls-594    
 ------------------------------------------

 0) + 29.696 us   |      } /* do_wp_page */
 0) + 30.718 us   |    } /* __handle_mm_fault */
 0) + 31.800 us   |  } /* handle_mm_fault */
 1) + 21.901 us   |    } /* vfs_statx */
 1) + 24.886 us   |  } /* __x64_sys_newstat */
 2) + 35.977 us   |                    } /* free_pages_and_swap_cache */
 2) + 36.268 us   |                  } /* __tlb_batch_free_encoded_pages */
 2) + 52.538 us   |                } /* tlb_finish_mmu */
 2) ! 257.533 us  |              } /* exit_mmap */
 2) ! 268.884 us  |            } /* mmput */
 2) ! 285.516 us  |          } /* begin_new_exec */
 0) + 21.240 us   |  } /* __x64_sys_newstat */
 2) + 29.304 us   |          } /* setup_arg_pages */
 0) + 29.425 us   |      } /* alloc_bprm */
 2) + 23.384 us   |          } /* elf_load */
 0) + 20.608 us   |            } /* __get_user_pages */
 0) + 21.110 us   |          } /* get_user_pages_remote */
 0) + 22.081 us   |        } /* get_arg_page */
 0) + 22.362 us   |      } /* copy_string_kernel */
 1) + 99.017 us   |        } /* dup_mmap */
 2) + 37.281 us   |          } /* elf_load */
 1) ! 153.638 us  |      } /* copy_process */
 1) ! 168.746 us  |    } /* kernel_clone */
 1) ! 169.108 us  |  } /* __do_sys_fork */
 2) ! 427.252 us  |        } /* load_elf_binary */
 2) ! 445.326 us  |      } /* bprm_execve */
 2) ! 510.958 us  |    } /* do_execveat_common.isra.0 */
 2) ! 512.942 us  |  } /* __x64_sys_execve */
 1) + 25.638 us   |      } /* do_wp_page */
 1) + 27.120 us   |    } /* __handle_mm_fault */
 1) + 28.563 us   |  } /* handle_mm_fault */
 0) + 81.082 us   |                  } /* __zap_vma_range */
 ------------------------------------------
 1)     ls-607     =>     ls-606    
 ------------------------------------------

 1) # 6531.029 us |        } /* schedule */
 3) ! 140.423 us  |      } /* offset_readdir */
 3) ! 143.419 us  |    } /* iterate_dir */
 3) ! 144.451 us  |  } /* __x64_sys_getdents64 */
 1) # 6548.201 us |      } /* do_wait */
 1) # 6548.802 us |    } /* kernel_wait4 */
 1) # 6549.163 us |  } /* __x64_sys_wait4 */
 0) + 36.568 us   |                  } /* __zap_vma_range */
 0) ! 150.593 us  |                } /* unmap_vmas */
 0) + 24.275 us   |                } /* free_pgtables */
 0) + 35.807 us   |                    } /* free_pages_and_swap_cache */
 0) + 36.077 us   |                  } /* __tlb_batch_free_encoded_pages */
 0) + 47.360 us   |                } /* tlb_finish_mmu */
 0) ! 233.407 us  |              } /* exit_mmap */
 0) ! 244.699 us  |            } /* mmput */
 0) ! 261.270 us  |          } /* begin_new_exec */
 0) + 29.515 us   |          } /* setup_arg_pages */
 1) + 91.362 us   |        } /* dup_mmap */
 0) + 21.861 us   |          } /* elf_load */
 1) ! 145.072 us  |      } /* copy_process */
 1) ! 156.974 us  |    } /* kernel_clone */
 1) ! 157.255 us  |  } /* __do_sys_fork */
 0) + 39.694 us   |          } /* elf_load */
 0) ! 402.896 us  |        } /* load_elf_binary */
 0) ! 421.030 us  |      } /* bprm_execve */
 0) ! 488.106 us  |    } /* do_execveat_common.isra.0 */
 0) ! 490.090 us  |  } /* __x64_sys_execve */
 1) + 22.983 us   |  } /* __x64_sys_newstat */
 2) ! 142.418 us  |      } /* offset_readdir */
 2) ! 144.661 us  |    } /* iterate_dir */
 2) ! 145.743 us  |  } /* __x64_sys_getdents64 */
 1) + 92.964 us   |        } /* dup_mmap */
 1) ! 157.776 us  |      } /* copy_process */
 1) ! 169.789 us  |    } /* kernel_clone */
 1) ! 170.069 us  |  } /* __do_sys_fork */
 1) + 26.780 us   |      } /* do_wp_page */
 1) + 28.093 us   |    } /* __handle_mm_fault */
 1) + 30.016 us   |  } /* handle_mm_fault */
 1) + 22.302 us   |          } /* pcpu_alloc_noprof */
 1) + 29.455 us   |        } /* mm_init */
 2) + 38.392 us   |                      } /* rcu_do_batch */
 2) + 40.967 us   |                    } /* rcu_core */
 2) + 41.208 us   |                  } /* rcu_core_si */
 2) + 41.888 us   |                } /* handle_softirqs */
 2) + 44.864 us   |              } /* irq_exit_rcu */
 2) + 60.905 us   |            } /* __alloc_frozen_pages_noprof */
 2) + 61.345 us   |          } /* alloc_pages_mpol */
 2) + 61.756 us   |        } /* vma_alloc_folio_noprof */
 2) + 66.896 us   |      } /* do_anonymous_page */
 2) + 67.827 us   |    } /* __handle_mm_fault */
 2) + 68.849 us   |  } /* handle_mm_fault */
 3) + 47.018 us   |                      } /* rcu_do_batch */
 3) + 49.382 us   |                    } /* rcu_core */
 3) + 49.613 us   |                  } /* rcu_core_si */
 3) + 50.245 us   |                } /* handle_softirqs */
 3) + 53.120 us   |              } /* irq_exit_rcu */
 3) + 70.472 us   |            } /* make_vfsuid */
 3) + 71.654 us   |          } /* link_path_walk */
 3) + 74.460 us   |        } /* path_lookupat */
 3) + 74.710 us   |      } /* filename_lookup */
 3) + 77.465 us   |    } /* vfs_statx */
 3) + 80.150 us   |  } /* __x64_sys_newlstat */
 0) + 62.506 us   |                      } /* rcu_do_batch */
 0) + 63.579 us   |                    } /* rcu_core */
 0) + 63.829 us   |                  } /* rcu_core_si */
 0) + 64.512 us   |                } /* handle_softirqs */
 0) + 67.587 us   |              } /* irq_exit_rcu */
 0) + 83.536 us   |          } /* dput.part.0 */
 0) + 83.768 us   |        } /* dput */
 1) + 89.447 us   |        } /* dup_mmap */
 1) ! 166.743 us  |      } /* copy_process */
 1) ! 177.884 us  |    } /* kernel_clone */
 1) ! 178.194 us  |  } /* __do_sys_fork */
 1) + 20.619 us   |  } /* handle_mm_fault */
 0) ! 211.005 us  |      } /* offset_readdir */
 0) ! 213.812 us  |    } /* iterate_dir */
 0) ! 214.814 us  |  } /* __x64_sys_getdents64 */
 3) ! 132.179 us  |      } /* offset_readdir */
 3) ! 134.152 us  |    } /* iterate_dir */
 3) ! 135.093 us  |  } /* __x64_sys_getdents64 */
 ------------------------------------------
 3)     ls-597     =>  multita-627  
 ------------------------------------------

 3) # 2151.916 us |            } /* _raw_spin_unlock_irqrestore */
 3) # 2161.364 us |          } /* sched_move_task */
 3) # 2161.614 us |        } /* sched_autogroup_exit_task */
 ------------------------------------------
 3)  multita-627   =>     ls-599    
 ------------------------------------------

 3) # 2722.967 us |        } /* schedule */
 3) # 2739.517 us |      } /* do_wait */
 3) # 2740.119 us |    } /* kernel_wait4 */
 3) # 2740.390 us |  } /* __x64_sys_wait4 */
 ------------------------------------------
 1)     ls-606     =>     wc-635    
 ------------------------------------------

 1) + 21.631 us   |            } /* path_openat */
 1) + 22.041 us   |          } /* do_file_open */
 1) + 22.322 us   |        } /* do_open_execat */
 ------------------------------------------
 3)     ls-599     =>     ls-597    
 ------------------------------------------

 3) + 96.491 us   |      } /* path_put */
 3) ! 102.252 us  |    } /* vfs_statx */
 3) ! 105.097 us  |  } /* __x64_sys_newlstat */
 1) + 38.372 us   |      } /* alloc_bprm */
 1) + 20.588 us   |            } /* __get_user_pages */
 1) + 21.170 us   |          } /* get_user_pages_remote */
 1) + 22.121 us   |        } /* get_arg_page */
 1) + 22.422 us   |      } /* copy_string_kernel */
 ------------------------------------------
 1)     wc-635     =>    <idle>-0   
 ------------------------------------------

 1) # 2511.621 us |    } /* schedule_idle */
 1) # 2697.179 us |  } /* do_idle */
 2) ! 122.581 us  |      } /* offset_readdir */
 2) ! 124.553 us  |    } /* iterate_dir */
 2) ! 125.526 us  |  } /* __x64_sys_getdents64 */
 ------------------------------------------
 2)     ls-595     =>  multita-630  
 ------------------------------------------

 2) + 21.650 us   |              } /* __zap_vma_range */
 0) + 23.604 us   |        } /* dput */
 ------------------------------------------
 3)     ls-597     =>     wc-635    
 ------------------------------------------

 3) ! 558.367 us  |            } /* cpu_stop_queue_work */
 3) ! 559.610 us  |          } /* stop_one_cpu */
 3) ! 562.596 us  |        } /* sched_exec */
 1) + 20.839 us   |            } /* sched_balance_rq */
 1) + 22.011 us   |          } /* sched_balance_domains */
 1) + 24.797 us   |        } /* sched_balance_softirq */
 0) ! 146.565 us  |      } /* offset_readdir */
 0) ! 149.300 us  |    } /* iterate_dir */
 0) ! 150.402 us  |  } /* __x64_sys_getdents64 */
 1) + 57.097 us   |            } /* rcu_do_batch */
 1) + 59.692 us   |          } /* rcu_core */
 1) + 59.912 us   |        } /* rcu_core_si */
 1) + 85.580 us   |      } /* handle_softirqs */
 1) + 88.395 us   |    } /* irq_exit_rcu */
 2) + 80.421 us   |              } /* __zap_vma_range */
 ------------------------------------------
 1)    <idle>-0    =>    cat-628    
 ------------------------------------------

 1) # 2545.204 us |                  } /* preempt_schedule_irq */
 1) # 2545.514 us |                } /* raw_irqentry_exit_cond_resched */
 1) # 2555.423 us |              } /* __vma_start_exclude_readers */
 1) # 2555.673 us |            } /* __vma_start_write */
 1) # 2556.545 us |          } /* vms_gather_munmap_vmas */
 1) # 2568.236 us |        } /* do_vmi_align_munmap */
 1) # 2568.648 us |      } /* do_vmi_munmap */
 1) # 2569.288 us |    } /* __vm_munmap */
 1) # 2569.559 us |  } /* __x64_sys_munmap */
 2) + 24.456 us   |              } /* __zap_vma_range */
 3) + 68.779 us   |                  } /* __zap_vma_range */
 2) ! 156.683 us  |            } /* unmap_vmas */
 3) + 24.536 us   |                  } /* __zap_vma_range */
 2) + 26.450 us   |            } /* free_pgtables */
 3) ! 125.666 us  |                } /* unmap_vmas */
 3) + 24.496 us   |                } /* free_pgtables */
 2) + 26.330 us   |                } /* free_pages_and_swap_cache */
 2) + 26.590 us   |              } /* __tlb_batch_free_encoded_pages */
 2) + 39.154 us   |            } /* tlb_finish_mmu */
 2) ! 233.208 us  |          } /* exit_mmap */
 2) ! 236.403 us  |        } /* mmput */
 3) + 22.692 us   |                    } /* free_pages_and_swap_cache */
 3) + 22.972 us   |                  } /* __tlb_batch_free_encoded_pages */
 3) + 36.649 us   |                } /* tlb_finish_mmu */
 1) + 98.154 us   |              } /* __zap_vma_range */
 3) ! 197.640 us  |              } /* exit_mmap */
 3) ! 209.413 us  |            } /* mmput */
 3) ! 225.212 us  |          } /* begin_new_exec */
 1) + 32.771 us   |              } /* __zap_vma_range */
 1) ! 156.293 us  |            } /* unmap_vmas */
 3) + 29.836 us   |          } /* setup_arg_pages */
 3) + 21.861 us   |          } /* elf_load */
 ------------------------------------------
 0)     ls-594     =>     wc-632    
 ------------------------------------------

 0) + 56.937 us   |              } /* folio_batch_move_lru */
 0) + 57.347 us   |            } /* __folio_batch_add_and_move */
 0) + 57.578 us   |          } /* folio_add_lru */
 0) + 57.818 us   |        } /* folio_add_lru_vma */
 0) + 65.703 us   |      } /* do_wp_page */
 0) + 66.625 us   |    } /* __handle_mm_fault */
 0) + 67.617 us   |  } /* handle_mm_fault */
 1) + 33.042 us   |                } /* free_pages_and_swap_cache */
 1) + 33.322 us   |              } /* __tlb_batch_free_encoded_pages */
 1) + 43.422 us   |            } /* tlb_finish_mmu */
 1) ! 225.022 us  |          } /* exit_mmap */
 1) ! 229.010 us  |        } /* mmput */
 3) + 40.486 us   |          } /* elf_load */
 3) ! 358.542 us  |        } /* load_elf_binary */
 3) ! 937.849 us  |      } /* bprm_execve */
 3) # 1013.882 us |    } /* do_execveat_common.isra.0 */
 3) # 1015.895 us |  } /* __x64_sys_execve */
 1) + 32.532 us   |        } /* task_work_run */
 0) + 21.491 us   |            } /* path_openat */
 0) + 21.851 us   |          } /* do_file_open */
 0) + 22.142 us   |        } /* do_open_execat */
 0) + 38.461 us   |      } /* alloc_bprm */
 0) + 21.891 us   |            } /* __get_user_pages */
 0) + 22.411 us   |          } /* get_user_pages_remote */
 0) + 23.375 us   |        } /* get_arg_page */
 0) + 23.664 us   |      } /* copy_string_kernel */
 ------------------------------------------
 2)  multita-630   =>    cat-634    
 ------------------------------------------

 2) + 21.720 us   |            } /* path_openat */
 2) + 22.142 us   |          } /* do_file_open */
 2) + 22.432 us   |        } /* do_open_execat */
 2) + 38.583 us   |      } /* alloc_bprm */
 2) + 20.428 us   |            } /* __get_user_pages */
 2) + 20.929 us   |          } /* get_user_pages_remote */
 2) + 21.841 us   |        } /* get_arg_page */
 2) + 22.111 us   |      } /* copy_string_kernel */
 0) + 71.655 us   |                  } /* __zap_vma_range */
 0) + 24.576 us   |                  } /* __zap_vma_range */
 ------------------------------------------
 3)     wc-635     =>     ls-597    
 ------------------------------------------

 3) ! 623.499 us  |        } /* dput */
 3) ! 624.300 us  |      } /* path_put */
 3) ! 629.791 us  |    } /* vfs_statx */
 3) ! 632.616 us  |  } /* __x64_sys_newlstat */
 0) ! 129.974 us  |                } /* unmap_vmas */
 ------------------------------------------
 1)    cat-628     =>    cat-631    
 ------------------------------------------

 1) + 29.004 us   |      } /* alloc_bprm */
 0) + 24.516 us   |                } /* free_pgtables */
 1) + 20.358 us   |            } /* __get_user_pages */
 1) + 20.909 us   |          } /* get_user_pages_remote */
 2) + 68.559 us   |                  } /* __zap_vma_range */
 1) + 21.801 us   |        } /* get_arg_page */
 1) + 22.071 us   |      } /* copy_string_kernel */
 0) + 28.393 us   |                    } /* free_pages_and_swap_cache */
 0) + 28.663 us   |                  } /* __tlb_batch_free_encoded_pages */
 0) + 40.035 us   |                } /* tlb_finish_mmu */
 2) + 24.676 us   |                  } /* __zap_vma_range */
 ------------------------------------------
 1)    cat-631     =>   migrati-26  
 ------------------------------------------

 1) # 1212.194 us |  } /* schedule */
 0) ! 212.147 us  |              } /* exit_mmap */
 2) ! 130.574 us  |                } /* unmap_vmas */
 0) ! 224.150 us  |            } /* mmput */
 0) ! 240.501 us  |          } /* begin_new_exec */
 1) + 20.448 us   |  } /* cpu_stopper_thread */
 ------------------------------------------
 1)   migrati-26   =>    cat-628    
 ------------------------------------------

 1) ! 316.164 us  |            } /* _raw_spin_unlock_irqrestore */
 1) ! 327.144 us  |          } /* sched_move_task */
 1) ! 327.394 us  |        } /* sched_autogroup_exit_task */
 2) + 24.236 us   |                } /* free_pgtables */
 0) + 30.026 us   |          } /* setup_arg_pages */
 ------------------------------------------
 3)     ls-597     =>     ls-599    
 ------------------------------------------

 3) # 1359.490 us |        } /* schedule */
 ------------------------------------------
 1)    cat-628     =>    <idle>-0   
 ------------------------------------------

 1) ! 669.596 us  |    } /* schedule_idle */
 1) # 1264.221 us |  } /* do_idle */
 2) + 25.557 us   |                    } /* free_pages_and_swap_cache */
 2) + 25.849 us   |                  } /* __tlb_batch_free_encoded_pages */
 2) + 37.099 us   |                } /* tlb_finish_mmu */
 3) # 1380.520 us |      } /* do_wait */
 3) # 1381.261 us |    } /* kernel_wait4 */
 3) # 1381.552 us |  } /* __x64_sys_wait4 */
 0) + 24.266 us   |          } /* elf_load */
 2) ! 202.520 us  |              } /* exit_mmap */
 2) ! 213.400 us  |            } /* mmput */
 2) ! 228.689 us  |          } /* begin_new_exec */
 ------------------------------------------
 3)     ls-599     =>     ls-597    
 ------------------------------------------

 3) + 61.214 us   |                } /* preempt_schedule_irq */
 3) + 61.596 us   |              } /* raw_irqentry_exit_cond_resched */
 3) + 63.849 us   |            } /* lookup_fast */
 3) + 64.972 us   |          } /* link_path_walk */
 3) + 68.629 us   |        } /* path_lookupat */
 3) + 68.918 us   |      } /* filename_lookup */
 3) + 71.564 us   |    } /* vfs_statx */
 3) + 74.429 us   |  } /* __x64_sys_newlstat */
 2) + 29.996 us   |          } /* setup_arg_pages */
 0) + 20.659 us   |            } /* handle_mm_fault */
 0) + 43.351 us   |          } /* elf_load */
 2) + 21.681 us   |                } /* do_mmap */
 2) + 22.923 us   |              } /* vm_mmap_pgoff */
 2) + 23.164 us   |            } /* vm_mmap */
 2) + 34.715 us   |          } /* elf_load */
 0) ! 398.167 us  |        } /* load_elf_binary */
 0) ! 416.621 us  |      } /* bprm_execve */
 0) ! 494.047 us  |    } /* do_execveat_common.isra.0 */
 0) ! 496.121 us  |  } /* __x64_sys_execve */
 2) + 39.755 us   |          } /* elf_load */
 2) ! 375.183 us  |        } /* load_elf_binary */
 2) ! 393.198 us  |      } /* bprm_execve */
 2) ! 468.409 us  |    } /* do_execveat_common.isra.0 */
 2) ! 470.452 us  |  } /* __x64_sys_execve */
 3) ! 139.441 us  |      } /* offset_readdir */
 3) ! 141.595 us  |    } /* iterate_dir */
 3) ! 142.647 us  |  } /* __x64_sys_getdents64 */
 3) + 20.327 us   |      } /* security_inode_getattr */
 3) + 26.991 us   |    } /* vfs_statx */
 3) + 29.746 us   |  } /* __x64_sys_newlstat */
 2) + 27.312 us   |    } /* __handle_mm_fault */
 2) + 28.413 us   |  } /* handle_mm_fault */
 ------------------------------------------
 0)     wc-632     =>   rcu_pre-16  
 ------------------------------------------

 0) # 2992.472 us |      } /* schedule */
 0) # 2995.028 us |    } /* schedule_timeout */
 0) # 2996.791 us |  } /* rcu_gp_fqs_loop */
 2) + 62.657 us   |                } /* folio_batch_move_lru */
 2) + 63.048 us   |              } /* __folio_batch_add_and_move */
 2) + 63.288 us   |            } /* folio_add_lru */
 2) + 63.519 us   |          } /* folio_add_lru_vma */
 2) + 65.242 us   |        } /* map_anon_folio_pte_nopf */
 2) + 69.370 us   |      } /* do_anonymous_page */
 2) + 70.242 us   |    } /* __handle_mm_fault */
 2) + 71.214 us   |  } /* handle_mm_fault */
 ------------------------------------------
 2)    cat-634     =>    cat-631    
 ------------------------------------------

 2) ! 559.209 us  |            } /* cpu_stop_queue_work */
 2) ! 560.371 us  |          } /* stop_one_cpu */
 2) ! 563.516 us  |        } /* sched_exec */
 2) + 76.143 us   |                  } /* __zap_vma_range */
 2) + 24.676 us   |                  } /* __zap_vma_range */
 ------------------------------------------
 0)   rcu_pre-16   =>  multita-633  
 ------------------------------------------

 0) + 83.657 us   |              } /* __zap_vma_range */
 2) ! 132.990 us  |                } /* unmap_vmas */
 0) + 24.637 us   |              } /* __zap_vma_range */
 2) + 24.506 us   |                } /* free_pgtables */
 0) ! 141.345 us  |            } /* unmap_vmas */
 0) + 26.901 us   |            } /* free_pgtables */
 2) + 26.710 us   |                    } /* free_pages_and_swap_cache */
 2) + 26.991 us   |                  } /* __tlb_batch_free_encoded_pages */
 2) + 47.469 us   |                } /* tlb_finish_mmu */
 2) ! 216.276 us  |              } /* exit_mmap */
 2) ! 219.312 us  |            } /* mmput */
 2) ! 234.399 us  |          } /* begin_new_exec */
 0) + 26.460 us   |                } /* free_pages_and_swap_cache */
 0) + 26.750 us   |              } /* __tlb_batch_free_encoded_pages */
 0) + 40.335 us   |            } /* tlb_finish_mmu */
 0) ! 219.772 us  |          } /* exit_mmap */
 0) ! 222.979 us  |        } /* mmput */
 2) + 28.705 us   |          } /* setup_arg_pages */
 2) + 21.180 us   |          } /* elf_load */
 ------------------------------------------
 1)    <idle>-0    =>     ls-606    
 ------------------------------------------

 1) # 2398.578 us |        } /* schedule */
 ------------------------------------------
 0)  multita-633   =>     wc-632    
 ------------------------------------------

 0) ! 561.824 us  |          } /* _raw_spin_unlock */
 0) ! 573.776 us  |        } /* filemap_map_pages */
 0) ! 574.978 us  |      } /* do_fault */
 0) ! 575.970 us  |    } /* __handle_mm_fault */
 0) ! 577.173 us  |  } /* handle_mm_fault */
 1) # 2415.891 us |      } /* do_wait */
 1) # 2416.472 us |    } /* kernel_wait4 */
 1) # 2416.753 us |  } /* __x64_sys_wait4 */
 2) + 39.935 us   |          } /* elf_load */
 1) + 20.639 us   |  } /* arch_do_signal_or_restart */
 2) ! 364.924 us  |        } /* load_elf_binary */
 2) ! 944.372 us  |      } /* bprm_execve */
 2) # 1010.075 us |    } /* do_execveat_common.isra.0 */
 2) # 1012.209 us |  } /* __x64_sys_execve */
 ------------------------------------------
 1)     ls-606     =>     ls-594    
 ------------------------------------------

 1) # 1538.726 us |        } /* map_id_range_up */
 1) # 1539.077 us |      } /* from_kgid_munged */
 1) # 1539.828 us |    } /* cp_new_stat */
 1) # 1548.053 us |  } /* __x64_sys_newlstat */
 ------------------------------------------
 0)     wc-632     =>     wc-629    
 ------------------------------------------

 0) # 3838.098 us |          } /* schedule */
 0) # 3840.162 us |        } /* anon_pipe_read */
 0) # 3840.923 us |      } /* vfs_read */
 0) # 3841.375 us |    } /* ksys_read */
 0) # 3841.595 us |  } /* __x64_sys_read */
 0) + 78.668 us   |              } /* __zap_vma_range */
 0) + 37.110 us   |              } /* __zap_vma_range */
 0) ! 141.235 us  |            } /* unmap_vmas */
 3) ! 137.257 us  |      } /* offset_readdir */
 3) ! 140.473 us  |    } /* iterate_dir */
 3) ! 141.506 us  |  } /* __x64_sys_getdents64 */
 0) + 39.875 us   |                } /* free_pages_and_swap_cache */
 0) + 40.165 us   |              } /* __tlb_batch_free_encoded_pages */
 0) + 45.015 us   |            } /* tlb_finish_mmu */
 0) ! 210.745 us  |          } /* exit_mmap */
 0) ! 214.522 us  |        } /* mmput */
 2) + 69.901 us   |              } /* __zap_vma_range */
 2) + 47.920 us   |              } /* __zap_vma_range */
 ------------------------------------------
 2)    cat-631     =>    cat-634    
 ------------------------------------------

 2) ! 815.550 us  |          } /* schedule */
 1) + 53.030 us   |                } /* rcu_do_batch */
 1) + 55.945 us   |              } /* rcu_core */
 1) + 56.186 us   |            } /* rcu_core_si */
 2) ! 829.386 us  |        } /* anon_pipe_read */
 2) ! 830.307 us  |      } /* vfs_read */
 2) ! 830.869 us  |    } /* ksys_read */
 2) ! 831.108 us  |  } /* __x64_sys_read */
 3) + 52.308 us   |                            } /* rcu_do_batch */
 3) + 54.972 us   |                          } /* rcu_core */
 3) + 55.204 us   |                        } /* rcu_core_si */
 3) + 55.896 us   |                      } /* handle_softirqs */
 3) + 58.851 us   |                    } /* irq_exit_rcu */
 3) + 78.898 us   |                  } /* commit_merge */
 3) + 79.620 us   |                } /* vma_expand */
 3) + 81.153 us   |              } /* vma_merge_new_range */
 3) + 85.650 us   |            } /* __mmap_region */
 3) + 85.891 us   |          } /* mmap_region */
 3) + 87.845 us   |        } /* do_mmap */
 3) + 88.966 us   |      } /* vm_mmap_pgoff */
 3) + 89.228 us   |    } /* ksys_mmap_pgoff */
 3) + 89.477 us   |  } /* __x64_sys_mmap */
 ------------------------------------------
 0)     wc-629     =>     ls-599    
 ------------------------------------------

 0) + 68.479 us   |                          } /* rcu_do_batch */
 0) + 69.771 us   |                        } /* rcu_core */
 1) + 72.746 us   |          } /* handle_softirqs */
 0) + 70.081 us   |                      } /* rcu_core_si */
 1) + 75.652 us   |        } /* irq_exit_rcu */
 ------------------------------------------
 1)     ls-594     =>   kworker-59  
 ------------------------------------------

 1) # 4953.931 us |  } /* schedule */
 0) + 21.059 us   |                          } /* rcu_do_batch */
 0) + 21.971 us   |                        } /* rcu_core */
 0) + 22.262 us   |                      } /* rcu_core_si */
 0) + 94.898 us   |                    } /* handle_softirqs */
 0) + 97.623 us   |                  } /* irq_exit_rcu */
 0) ! 109.886 us  |                } /* _raw_spin_unlock_irqrestore */
 0) ! 113.573 us  |              } /* free_percpu */
 0) ! 120.266 us  |            } /* __mmdrop */
 0) ! 121.357 us  |          } /* finish_task_switch.isra.0 */
 0) # 1316.870 us |        } /* schedule */
 ------------------------------------------
 1)   kworker-59   =>     ls-594    
 ------------------------------------------

 1) + 26.389 us   |          } /* preempt_schedule_irq */
 1) + 26.690 us   |        } /* raw_irqentry_exit_cond_resched */
 1) ! 117.901 us  |      } /* kmem_cache_free */
 1) ! 118.142 us  |    } /* putname */
 1) ! 126.789 us  |  } /* __x64_sys_newlstat */
 0) # 1332.809 us |      } /* do_wait */
 0) # 1333.401 us |    } /* kernel_wait4 */
 0) # 1333.681 us |  } /* __x64_sys_wait4 */
 3) + 54.713 us   |                } /* folio_batch_move_lru */
 3) + 55.084 us   |              } /* __folio_batch_add_and_move */
 3) + 55.334 us   |            } /* folio_add_lru */
 3) + 55.584 us   |          } /* folio_add_lru_vma */
 3) + 57.568 us   |        } /* map_anon_folio_pte_nopf */
 3) + 62.407 us   |      } /* do_anonymous_page */
 3) + 63.410 us   |    } /* __handle_mm_fault */
 3) + 64.470 us   |  } /* handle_mm_fault */
 ------------------------------------------
 2)    cat-634     =>     ls-607    
 ------------------------------------------

 2) # 3854.580 us |        } /* schedule */
 2) # 3871.881 us |      } /* do_wait */
 2) # 3872.503 us |    } /* kernel_wait4 */
 2) # 3872.784 us |  } /* __x64_sys_wait4 */
 0) + 21.300 us   |  } /* __x64_sys_newstat */
 ------------------------------------------
 2)     ls-607     =>     ls-595    
 ------------------------------------------

 2) # 2467.016 us |            } /* try_to_unlazy */
 2) # 2467.347 us |          } /* complete_walk */
 2) # 2470.725 us |        } /* path_lookupat */
 2) # 2471.024 us |      } /* filename_lookup */
 2) # 2473.829 us |    } /* vfs_statx */
 2) # 2476.955 us |  } /* __x64_sys_newlstat */
 0) + 28.413 us   |      } /* alloc_bprm */
 ------------------------------------------
 2)     ls-595     =>    cat-634    
 ------------------------------------------

 2) + 97.884 us   |                } /* _raw_spin_unlock */
 0) + 20.639 us   |            } /* __get_user_pages */
 0) + 21.140 us   |          } /* get_user_pages_remote */
 0) + 22.101 us   |        } /* get_arg_page */
 0) + 22.392 us   |      } /* copy_string_kernel */
 ------------------------------------------
 3)     ls-597     =>     wc-635    
 ------------------------------------------

 3) # 1682.155 us |          } /* schedule */
 3) # 1684.770 us |        } /* anon_pipe_read */
 3) # 1685.731 us |      } /* vfs_read */
 3) # 1686.302 us |    } /* ksys_read */
 3) # 1686.543 us |  } /* __x64_sys_read */
 2) ! 185.909 us  |              } /* __zap_vma_range */
 ------------------------------------------
 3)     wc-635     =>     ls-597    
 ------------------------------------------

 3) + 25.477 us   |          } /* preempt_schedule_irq */
 3) + 25.829 us   |        } /* raw_irqentry_exit_cond_resched */
 3) + 35.055 us   |      } /* security_inode_getattr */
 3) + 41.528 us   |    } /* vfs_statx */
 3) + 44.294 us   |  } /* __x64_sys_newlstat */
 2) + 33.342 us   |              } /* __zap_vma_range */
 2) ! 241.103 us  |            } /* unmap_vmas */
 2) + 31.860 us   |                } /* free_pages_and_swap_cache */
 2) + 32.140 us   |              } /* __tlb_batch_free_encoded_pages */
 2) + 35.907 us   |            } /* tlb_finish_mmu */
 2) ! 301.565 us  |          } /* exit_mmap */
 0) + 80.382 us   |                  } /* __zap_vma_range */
 2) ! 313.678 us  |        } /* mmput */
 ------------------------------------------
 3)     ls-597     =>     wc-635    
 ------------------------------------------

 3) ! 153.648 us  |          } /* schedule */
 3) ! 155.752 us  |        } /* anon_pipe_read */
 3) ! 156.604 us  |      } /* vfs_read */
 3) ! 157.145 us  |    } /* ksys_read */
 3) ! 157.385 us  |  } /* __x64_sys_read */
 0) + 36.269 us   |                  } /* __zap_vma_range */
 2) + 34.785 us   |        } /* task_work_run */
 0) ! 148.799 us  |                } /* unmap_vmas */
 0) + 22.602 us   |                } /* free_pgtables */
 ------------------------------------------
 2)    cat-634     =>     ls-595    
 ------------------------------------------

 2) ! 253.606 us  |              } /* preempt_schedule_irq */
 2) ! 253.897 us  |            } /* raw_irqentry_exit_cond_resched */
 2) ! 262.964 us  |          } /* terminate_walk */
 2) ! 266.379 us  |        } /* path_lookupat */
 2) ! 266.650 us  |      } /* filename_lookup */
 2) ! 269.215 us  |    } /* vfs_statx */
 2) ! 271.930 us  |  } /* __x64_sys_newlstat */
 0) + 35.587 us   |                    } /* free_pages_and_swap_cache */
 0) + 35.867 us   |                  } /* __tlb_batch_free_encoded_pages */
 0) + 52.288 us   |                } /* tlb_finish_mmu */
 3) + 75.461 us   |              } /* __zap_vma_range */
 0) ! 235.412 us  |              } /* exit_mmap */
 1) ! 124.243 us  |      } /* offset_readdir */
 1) ! 127.338 us  |    } /* iterate_dir */
 0) ! 246.453 us  |            } /* mmput */
 1) ! 128.380 us  |  } /* __x64_sys_getdents64 */
 0) ! 263.575 us  |          } /* begin_new_exec */
 3) + 36.288 us   |              } /* __zap_vma_range */
 0) + 29.625 us   |          } /* setup_arg_pages */
 3) ! 134.211 us  |            } /* unmap_vmas */
 0) + 22.201 us   |          } /* elf_load */
 3) + 31.088 us   |                } /* free_pages_and_swap_cache */
 3) + 31.359 us   |              } /* __tlb_batch_free_encoded_pages */
 3) + 36.248 us   |            } /* tlb_finish_mmu */
 3) ! 195.556 us  |          } /* exit_mmap */
 3) ! 199.574 us  |        } /* mmput */
 0) + 37.490 us   |          } /* elf_load */
 0) ! 399.079 us  |        } /* load_elf_binary */
 0) ! 418.164 us  |      } /* bprm_execve */
 0) ! 484.288 us  |    } /* do_execveat_common.isra.0 */
 0) ! 486.262 us  |  } /* __x64_sys_execve */
 ------------------------------------------
 3)     wc-635     =>     ls-597    
 ------------------------------------------

 3) ! 288.101 us  |                } /* __legitimize_mnt */
 3) ! 288.421 us  |              } /* __legitimize_path */
 3) ! 289.413 us  |            } /* try_to_unlazy */
 3) ! 289.713 us  |          } /* complete_walk */
 3) ! 292.860 us  |        } /* path_lookupat */
 3) ! 293.281 us  |      } /* filename_lookup */
 3) ! 295.895 us  |    } /* vfs_statx */
 3) ! 298.629 us  |  } /* __x64_sys_newlstat */
 1) + 22.442 us   |    } /* getname_flags */
 3) + 22.131 us   |          } /* terminate_walk */
 3) + 25.688 us   |        } /* path_lookupat */
 3) + 25.948 us   |      } /* filename_lookup */
 3) + 28.454 us   |    } /* vfs_statx */
 3) + 31.169 us   |  } /* __x64_sys_newlstat */
 1) + 30.277 us   |  } /* __x64_sys_newlstat */
 2) + 54.182 us   |                      } /* rcu_do_batch */
 2) + 57.087 us   |                    } /* rcu_core */
 2) + 57.327 us   |                  } /* rcu_core_si */
 2) + 75.492 us   |                } /* handle_softirqs */
 2) + 78.277 us   |              } /* irq_exit_rcu */
 2) + 92.483 us   |            } /* make_vfsgid */
 2) + 92.874 us   |          } /* generic_fillattr */
 2) + 93.135 us   |        } /* shmem_getattr */
 2) + 93.395 us   |      } /* vfs_getattr_nosec */
 2) + 99.117 us   |    } /* vfs_statx */
 2) ! 101.831 us  |  } /* __x64_sys_newlstat */
 3) + 70.623 us   |      } /* offset_readdir */
 3) + 73.458 us   |    } /* iterate_dir */
 3) + 74.451 us   |  } /* __x64_sys_getdents64 */
 0) ! 131.196 us  |      } /* offset_readdir */
 0) ! 133.450 us  |    } /* iterate_dir */
 0) ! 134.412 us  |  } /* __x64_sys_getdents64 */
 2) ! 125.164 us  |      } /* offset_readdir */
 2) ! 127.239 us  |    } /* iterate_dir */
 2) ! 128.280 us  |  } /* __x64_sys_getdents64 */
 1) ! 128.631 us  |      } /* offset_readdir */
 1) ! 130.615 us  |    } /* iterate_dir */
 1) ! 131.577 us  |  } /* __x64_sys_getdents64 */
 3) + 27.232 us   |        } /* do_vmi_align_munmap */
 3) + 27.663 us   |      } /* do_vmi_munmap */
 3) + 28.273 us   |    } /* __vm_munmap */
 3) + 28.574 us   |  } /* __x64_sys_munmap */
 3) + 20.739 us   |        } /* do_vmi_align_munmap */
 3) + 21.140 us   |      } /* do_vmi_munmap */
 3) + 21.711 us   |    } /* __vm_munmap */
 3) + 21.961 us   |  } /* __x64_sys_munmap */
 3) + 20.227 us   |    } /* __vm_munmap */
 3) + 24.446 us   |  } /* __x64_sys_munmap */
 3) + 20.037 us   |    } /* __vm_munmap */
 3) + 20.398 us   |  } /* __x64_sys_munmap */
 3) + 70.372 us   |              } /* __zap_vma_range */
 3) + 36.259 us   |              } /* __zap_vma_range */
 3) ! 139.301 us  |            } /* unmap_vmas */
 3) + 20.027 us   |              } /* __vma_start_write */
 1) + 21.841 us   |    } /* getname_flags */
 2) + 27.702 us   |    } /* getname_flags */
 1) + 29.655 us   |  } /* __x64_sys_newlstat */
 3) + 40.867 us   |            } /* free_pgtables */
 ------------------------------------------
 0)     ls-599     =>   rcu_pre-16  
 ------------------------------------------

 0) # 2980.620 us |      } /* schedule */
 0) # 2983.204 us |    } /* schedule_timeout */
 0) # 2984.958 us |  } /* rcu_gp_fqs_loop */
 2) + 35.577 us   |  } /* __x64_sys_newlstat */
 ------------------------------------------
 0)   rcu_pre-16   =>     wc-632    
 ------------------------------------------

 0) # 2382.588 us |          } /* schedule */
 0) # 2385.133 us |        } /* anon_pipe_read */
 0) # 2386.105 us |      } /* vfs_read */
 0) # 2386.667 us |    } /* ksys_read */
 0) # 2386.947 us |  } /* __x64_sys_read */
 ------------------------------------------
 0)     wc-632     =>   kworker-10  
 ------------------------------------------

 0) * 10609.36 us |  } /* schedule */
 3) + 34.234 us   |                } /* free_pages_and_swap_cache */
 3) + 34.474 us   |              } /* __tlb_batch_free_encoded_pages */
 3) + 43.902 us   |            } /* tlb_finish_mmu */
 3) ! 235.372 us  |          } /* exit_mmap */
 3) ! 239.188 us  |        } /* mmput */
 0) + 21.249 us   |    } /* delayed_vfree_work */
 0) + 22.422 us   |  } /* process_one_work */
 ------------------------------------------
 0)   kworker-10   =>     wc-629    
 ------------------------------------------

 0) # 2112.111 us |        } /* _raw_write_unlock_irq */
 ------------------------------------------
 0)     wc-629     =>     ls-599    
 ------------------------------------------

 0) + 89.187 us   |          } /* _raw_spin_unlock */
 0) + 92.032 us   |        } /* find_positive_dentry */
 ------------------------------------------
 3)     ls-597     =>     wc-635    
 ------------------------------------------

 3) # 1410.625 us |            } /* _raw_spin_unlock_irqrestore */
 3) # 1424.101 us |          } /* sched_move_task */
 3) # 1424.361 us |        } /* sched_autogroup_exit_task */
 ------------------------------------------
 3)     wc-635     =>     ls-597    
 ------------------------------------------

 3) + 29.916 us   |            } /* _raw_spin_unlock_irqrestore */
 3) + 39.134 us   |          } /* sched_move_task */
 3) + 39.374 us   |        } /* sched_autogroup_exit_task */
 0) ! 242.225 us  |      } /* offset_readdir */
 0) ! 245.040 us  |    } /* iterate_dir */
 0) ! 246.051 us  |  } /* __x64_sys_getdents64 */
 2) ! 138.209 us  |      } /* offset_readdir */
 2) ! 140.143 us  |    } /* iterate_dir */
 2) ! 141.095 us  |  } /* __x64_sys_getdents64 */
 ------------------------------------------
 3)     ls-597     =>  multita-593  
 ------------------------------------------

 3) * 17383.09 us |      } /* schedule */
 3) * 17384.03 us |    } /* sigsuspend.isra.0 */
 3) * 17384.37 us |  } /* __x64_sys_rt_sigsuspend */
 ------------------------------------------
 3)  multita-593   =>     ls-597    
 ------------------------------------------

 3) + 58.860 us   |        } /* _raw_write_unlock_irq */
 1) + 65.703 us   |      } /* offset_readdir */
 1) + 67.686 us   |    } /* iterate_dir */
 1) + 68.598 us   |  } /* __x64_sys_getdents64 */
 ------------------------------------------
 3)     ls-597     =>    <idle>-0   
 ------------------------------------------

 3) * 11162.52 us |    } /* schedule_idle */
 3) * 12639.99 us |  } /* do_idle */
 ------------------------------------------
 1)     ls-594     =>     ls-606    
 ------------------------------------------

 1) # 2630.012 us |        } /* schedule */
 1) # 2647.155 us |      } /* do_wait */
 1) # 2647.746 us |    } /* kernel_wait4 */
 1) # 2648.017 us |  } /* __x64_sys_wait4 */
 1) + 20.749 us   |  } /* __x64_sys_newstat */
 1) + 28.684 us   |      } /* alloc_bprm */
 1) + 20.298 us   |            } /* __get_user_pages */
 1) + 20.819 us   |          } /* get_user_pages_remote */
 1) + 21.771 us   |        } /* get_arg_page */
 1) + 22.051 us   |      } /* copy_string_kernel */
 ------------------------------------------
 1)     ls-606     =>   migrati-26  
 ------------------------------------------

 1) # 3723.583 us |  } /* schedule */
 ------------------------------------------
 1)   migrati-26   =>     ls-594    
 ------------------------------------------

 1) ! 230.081 us  |              } /* preempt_schedule_irq */
 1) ! 230.393 us  |            } /* raw_irqentry_exit_cond_resched */
 1) ! 241.322 us  |          } /* dput.part.0 */
 1) ! 241.562 us  |        } /* dput */
 1) ! 242.234 us  |      } /* path_put */
 1) ! 247.484 us  |    } /* vfs_statx */
 ------------------------------------------
 3)    <idle>-0    =>     ls-606    
 ------------------------------------------

 3) + 33.082 us   |            } /* cpu_stop_queue_work */
 3) + 34.164 us   |          } /* stop_one_cpu */
 3) + 37.480 us   |        } /* sched_exec */
 1) ! 250.279 us  |  } /* __x64_sys_newlstat */
 3) + 80.511 us   |                  } /* __zap_vma_range */
 3) + 36.207 us   |                  } /* __zap_vma_range */
 ------------------------------------------
 2)     ls-595     =>    cat-631    
 ------------------------------------------

 2) # 2604.976 us |                  } /* preempt_schedule_irq */
 2) # 2605.337 us |                } /* raw_irqentry_exit_cond_resched */
 2) # 2622.378 us |              } /* __zap_vma_range */
 3) ! 150.743 us  |                } /* unmap_vmas */
 2) # 2756.770 us |            } /* unmap_vmas */
 3) + 22.932 us   |                } /* free_pgtables */
 2) + 23.785 us   |                } /* free_pages_and_swap_cache */
 2) + 24.075 us   |              } /* __tlb_batch_free_encoded_pages */
 2) + 28.003 us   |            } /* tlb_finish_mmu */
 2) # 2810.671 us |          } /* exit_mmap */
 2) # 2822.624 us |        } /* mmput */
 3) + 42.190 us   |                    } /* free_pages_and_swap_cache */
 3) + 42.490 us   |                  } /* __tlb_batch_free_encoded_pages */
 3) + 57.708 us   |                } /* tlb_finish_mmu */
 3) ! 242.034 us  |              } /* exit_mmap */
 3) ! 252.994 us  |            } /* mmput */
 ------------------------------------------
 0)     ls-599     =>     wc-632    
 ------------------------------------------

 0) ! 699.952 us  |          } /* schedule */
 0) ! 702.087 us  |        } /* anon_pipe_read */
 0) ! 702.928 us  |      } /* vfs_read */
 0) ! 703.419 us  |    } /* ksys_read */
 0) ! 703.660 us  |  } /* __x64_sys_read */
 3) ! 270.427 us  |          } /* begin_new_exec */
 2) + 33.312 us   |        } /* task_work_run */
 3) + 29.916 us   |          } /* setup_arg_pages */
 ------------------------------------------
 2)    cat-631     =>     ls-607    
 ------------------------------------------

 2) # 2601.648 us |        } /* schedule */
 3) + 22.281 us   |          } /* elf_load */
 2) # 2617.970 us |      } /* do_wait */
 2) # 2618.571 us |    } /* kernel_wait4 */
 2) # 2618.832 us |  } /* __x64_sys_wait4 */
 ------------------------------------------
 2)     ls-607     =>   kworker-34  
 ------------------------------------------

 2) * 23375.41 us |  } /* schedule */
 0) + 70.121 us   |              } /* __zap_vma_range */
 1) + 25.878 us   |        } /* do_vmi_align_munmap */
 1) + 26.309 us   |      } /* do_vmi_munmap */
 1) + 26.900 us   |    } /* __vm_munmap */
 1) + 27.181 us   |  } /* __x64_sys_munmap */
 2) + 20.149 us   |    } /* delayed_vfree_work */
 2) + 21.271 us   |  } /* process_one_work */
 3) + 45.356 us   |          } /* elf_load */
 ------------------------------------------
 2)   kworker-34   =>     ls-595    
 ------------------------------------------

 2) ! 254.918 us  |  } /* __x64_sys_newlstat */
 0) + 33.272 us   |              } /* __zap_vma_range */
 3) ! 409.648 us  |        } /* load_elf_binary */
 3) ! 463.800 us  |      } /* bprm_execve */
 3) ! 529.873 us  |    } /* do_execveat_common.isra.0 */
 3) ! 531.847 us  |  } /* __x64_sys_execve */
 0) ! 127.299 us  |            } /* unmap_vmas */
 0) + 21.170 us   |                } /* free_pages_and_swap_cache */
 0) + 21.451 us   |              } /* __tlb_batch_free_encoded_pages */
 0) + 26.420 us   |            } /* tlb_finish_mmu */
 0) ! 178.264 us  |          } /* exit_mmap */
 0) ! 182.141 us  |        } /* mmput */
 1) + 29.896 us   |          } /* vms_complete_munmap_vmas */
 1) + 37.531 us   |        } /* do_vmi_align_munmap */
 1) + 37.831 us   |      } /* do_vmi_munmap */
 1) + 38.402 us   |    } /* __vm_munmap */
 1) + 38.663 us   |  } /* __x64_sys_munmap */
 2) + 22.242 us   |                    } /* rcu_do_batch */
 2) + 24.697 us   |                  } /* rcu_core */
 2) + 24.986 us   |                } /* rcu_core_si */
 2) + 25.619 us   |              } /* handle_softirqs */
 2) + 28.404 us   |            } /* irq_exit_rcu */
 2) + 42.619 us   |          } /* complete_walk */
 2) + 45.636 us   |        } /* path_lookupat */
 2) + 45.886 us   |      } /* filename_lookup */
 2) + 48.361 us   |    } /* vfs_statx */
 3) + 20.147 us   |                  } /* rcu_do_batch */
 3) + 22.793 us   |                } /* rcu_core */
 3) + 23.043 us   |              } /* rcu_core_si */
 2) + 51.056 us   |  } /* __x64_sys_newlstat */
 3) + 27.141 us   |            } /* handle_softirqs */
 3) + 29.937 us   |          } /* irq_exit_rcu */
 3) + 49.022 us   |        } /* vma_alloc_folio_noprof */
 3) + 56.035 us   |      } /* do_anonymous_page */
 3) + 56.947 us   |    } /* __handle_mm_fault */
 3) + 57.939 us   |  } /* handle_mm_fault */
 0) + 49.994 us   |                      } /* rcu_do_batch */
 0) + 50.956 us   |                    } /* rcu_core */
 0) + 51.196 us   |                  } /* rcu_core_si */
 0) + 53.621 us   |                } /* handle_softirqs */
 0) + 56.466 us   |              } /* irq_exit_rcu */
 0) + 74.629 us   |            } /* _raw_spin_unlock_irqrestore */
 0) + 84.208 us   |          } /* sched_move_task */
 0) + 84.449 us   |        } /* sched_autogroup_exit_task */
 ------------------------------------------
 2)     ls-595     =>     ls-607    
 ------------------------------------------

 2) ! 256.892 us  |        } /* schedule */
 2) ! 273.232 us  |      } /* do_wait */
 2) ! 273.753 us  |    } /* kernel_wait4 */
 2) ! 274.014 us  |  } /* __x64_sys_wait4 */
 ------------------------------------------
 0)     wc-632     =>     ls-599    
 ------------------------------------------

 0) ! 365.946 us  |              } /* preempt_schedule_irq */
 0) ! 366.318 us  |            } /* raw_irqentry_exit_cond_resched */
 0) ! 368.511 us  |          } /* generic_fillattr */
 0) ! 368.751 us  |        } /* shmem_getattr */
 0) ! 369.032 us  |      } /* vfs_getattr_nosec */
 0) ! 374.702 us  |    } /* vfs_statx */
 0) ! 377.497 us  |  } /* __x64_sys_newlstat */
 2) + 20.819 us   |  } /* __x64_sys_newstat */
 2) + 28.674 us   |      } /* alloc_bprm */
 1) + 70.252 us   |              } /* __zap_vma_range */
 2) + 20.378 us   |            } /* __get_user_pages */
 2) + 20.899 us   |          } /* get_user_pages_remote */
 2) + 21.852 us   |        } /* get_arg_page */
 2) + 22.141 us   |      } /* copy_string_kernel */
 1) + 36.228 us   |              } /* __zap_vma_range */
 1) ! 140.824 us  |            } /* unmap_vmas */
 1) + 20.979 us   |            } /* free_pgtables */
 1) + 34.445 us   |                } /* free_pages_and_swap_cache */
 1) + 34.725 us   |              } /* __tlb_batch_free_encoded_pages */
 1) + 48.231 us   |            } /* tlb_finish_mmu */
 0) ! 128.050 us  |      } /* offset_readdir */
 0) ! 130.936 us  |    } /* iterate_dir */
 0) ! 131.957 us  |  } /* __x64_sys_getdents64 */
 1) ! 221.204 us  |          } /* exit_mmap */
 1) ! 225.102 us  |        } /* mmput */
 2) + 80.250 us   |                  } /* __zap_vma_range */
 2) + 36.148 us   |                  } /* __zap_vma_range */
 3) ! 127.369 us  |      } /* offset_readdir */
 3) ! 129.463 us  |    } /* iterate_dir */
 3) ! 130.425 us  |  } /* __x64_sys_getdents64 */
 2) ! 150.493 us  |                } /* unmap_vmas */
 ------------------------------------------
 3)     ls-606     =>  multita-593  
 ------------------------------------------

 3) # 1232.021 us |      } /* schedule */
 3) # 1233.303 us |    } /* sigsuspend.isra.0 */
 3) # 1233.614 us |  } /* __x64_sys_rt_sigsuspend */
 ------------------------------------------
 1)     ls-594     =>    <idle>-0   
 ------------------------------------------

 1) # 3885.287 us |    } /* schedule_idle */
 1) # 4683.212 us |  } /* do_idle */
 2) + 22.883 us   |                } /* free_pgtables */
 ------------------------------------------
 3)  multita-593   =>     ls-606    
 ------------------------------------------

 3) + 52.528 us   |    } /* preempt_schedule_irq */
 3) + 52.939 us   |  } /* raw_irqentry_exit_cond_resched */
 2) + 35.747 us   |                    } /* free_pages_and_swap_cache */
 2) + 36.018 us   |                  } /* __tlb_batch_free_encoded_pages */
 2) + 53.961 us   |                } /* tlb_finish_mmu */
 2) ! 238.066 us  |              } /* exit_mmap */
 2) ! 249.116 us  |            } /* mmput */
 2) ! 265.859 us  |          } /* begin_new_exec */
 2) + 29.555 us   |          } /* setup_arg_pages */
 2) + 22.001 us   |          } /* elf_load */
 2) + 37.350 us   |          } /* elf_load */
 2) ! 407.545 us  |        } /* load_elf_binary */
 2) ! 426.780 us  |      } /* bprm_execve */
 2) ! 492.755 us  |    } /* do_execveat_common.isra.0 */
 2) ! 494.718 us  |  } /* __x64_sys_execve */
 0) + 21.140 us   |                  } /* folios_put_refs */
 0) + 69.390 us   |                } /* folio_batch_move_lru */
 0) + 69.670 us   |              } /* __folio_batch_add_and_move */
 0) + 69.891 us   |            } /* folio_add_lru */
 0) + 70.141 us   |          } /* folio_add_lru_vma */
 0) + 72.016 us   |        } /* map_anon_folio_pte_nopf */
 0) + 76.423 us   |      } /* do_anonymous_page */
 0) + 77.365 us   |    } /* __handle_mm_fault */
 0) + 78.357 us   |  } /* handle_mm_fault */
 2) + 20.338 us   |                } /* kmem_cache_alloc_noprof */
 0) + 21.571 us   |        } /* path_lookupat */
 2) + 21.079 us   |              } /* security_file_alloc */
 0) + 21.930 us   |      } /* filename_lookup */
 2) + 21.530 us   |            } /* init_file */
 2) + 22.001 us   |          } /* alloc_empty_file */
 3) + 23.774 us   |      } /* do_getname */
 3) + 24.136 us   |    } /* getname_flags */
 0) + 25.027 us   |    } /* vfs_statx */
 0) + 28.023 us   |  } /* __x64_sys_newlstat */
 2) + 28.955 us   |        } /* path_openat */
 2) + 29.255 us   |      } /* do_file_open */
 2) + 32.040 us   |    } /* do_sys_openat2 */
 2) + 32.311 us   |  } /* __x64_sys_open */
 3) + 31.919 us   |  } /* __x64_sys_newlstat */
 1) + 26.840 us   |            } /* rcu_do_batch */
 1) + 29.375 us   |          } /* rcu_core */
 1) + 29.626 us   |        } /* rcu_core_si */
 1) + 47.920 us   |      } /* handle_softirqs */
 1) + 50.655 us   |    } /* irq_exit_rcu */
 ------------------------------------------
 1)    <idle>-0    =>     ls-595    
 ------------------------------------------

 1) ! 990.668 us  |            } /* __d_lookup_rcu */
 1) ! 992.951 us  |          } /* lookup_fast */
 1) ! 997.220 us  |        } /* path_lookupat */
 1) ! 997.502 us  |      } /* filename_lookup */
 1) # 1000.236 us |    } /* vfs_statx */
 1) # 1003.122 us |  } /* __x64_sys_newlstat */
 2) ! 127.029 us  |      } /* offset_readdir */
 2) ! 129.864 us  |    } /* iterate_dir */
 2) ! 130.834 us  |  } /* __x64_sys_getdents64 */
 1) + 66.946 us   |      } /* offset_readdir */
 1) + 69.130 us   |    } /* iterate_dir */
 1) + 70.161 us   |  } /* __x64_sys_getdents64 */
 0) ! 128.210 us  |      } /* offset_readdir */
 0) ! 130.264 us  |    } /* iterate_dir */
 0) ! 131.296 us  |  } /* __x64_sys_getdents64 */
 3) ! 122.931 us  |      } /* offset_readdir */
 3) ! 124.905 us  |    } /* iterate_dir */
 3) ! 125.866 us  |  } /* __x64_sys_getdents64 */
 1) + 24.826 us   |        } /* do_vmi_align_munmap */
 1) + 25.227 us   |      } /* do_vmi_munmap */
 1) + 25.848 us   |    } /* __vm_munmap */
 1) + 26.129 us   |  } /* __x64_sys_munmap */
 1) + 20.247 us   |    } /* __vm_munmap */
 1) + 20.679 us   |  } /* __x64_sys_munmap */
 0) + 20.208 us   |        } /* path_lookupat */
 0) + 20.578 us   |      } /* filename_lookup */
 0) + 23.054 us   |    } /* vfs_statx */
 0) + 25.799 us   |  } /* __x64_sys_newlstat */
 0) + 20.058 us   |        } /* path_lookupat */
 0) + 20.418 us   |      } /* filename_lookup */
 0) + 22.983 us   |    } /* vfs_statx */
 0) + 25.739 us   |  } /* __x64_sys_newlstat */
 2) ! 137.679 us  |      } /* offset_readdir */
 2) ! 140.423 us  |    } /* iterate_dir */
 3) + 27.571 us   |  } /* __x64_sys_newlstat */
 2) ! 141.386 us  |  } /* __x64_sys_getdents64 */
 ------------------------------------------
 0)     ls-599     =>   rcu_pre-16  
 ------------------------------------------

 0) # 2990.148 us |      } /* schedule */
 1) ! 100.519 us  |              } /* __zap_vma_range */
 0) # 2992.653 us |    } /* schedule_timeout */
 0) # 2994.396 us |  } /* rcu_gp_fqs_loop */
 ------------------------------------------
 0)   rcu_pre-16   =>     ls-599    
 ------------------------------------------

 0) + 25.438 us   |              } /* set_root */
 0) + 27.603 us   |            } /* nd_jump_root */
 0) + 28.022 us   |          } /* path_init */
 0) + 31.840 us   |        } /* path_lookupat */
 0) + 32.100 us   |      } /* filename_lookup */
 0) + 34.605 us   |    } /* vfs_statx */
 0) + 37.350 us   |  } /* __x64_sys_newlstat */
 1) + 36.318 us   |              } /* __zap_vma_range */
 1) ! 169.608 us  |            } /* unmap_vmas */
 1) + 21.511 us   |            } /* free_pgtables */
 1) + 34.214 us   |                } /* free_pages_and_swap_cache */
 1) + 34.495 us   |              } /* __tlb_batch_free_encoded_pages */
 1) + 47.679 us   |            } /* tlb_finish_mmu */
 0) + 67.497 us   |      } /* offset_readdir */
 0) + 69.470 us   |    } /* iterate_dir */
 0) + 70.481 us   |  } /* __x64_sys_getdents64 */
 1) ! 250.510 us  |          } /* exit_mmap */
 1) ! 254.406 us  |        } /* mmput */
 3) ! 124.313 us  |      } /* offset_readdir */
 3) ! 126.266 us  |    } /* iterate_dir */
 3) ! 127.198 us  |  } /* __x64_sys_getdents64 */
 ------------------------------------------
 3)     ls-606     =>  multita-593  
 ------------------------------------------

 3) # 1747.508 us |      } /* schedule */
 3) # 1748.469 us |    } /* sigsuspend.isra.0 */
 3) # 1748.760 us |  } /* __x64_sys_rt_sigsuspend */
 ------------------------------------------
 1)     ls-595     =>    <idle>-0   
 ------------------------------------------

 1) # 1171.938 us |    } /* schedule_idle */
 1) # 1780.148 us |  } /* do_idle */
 2) + 20.278 us   |    } /* vfs_statx */
 2) + 23.093 us   |  } /* __x64_sys_newlstat */
 ------------------------------------------
 3)  multita-593   =>     ls-606    
 ------------------------------------------

 3) + 51.136 us   |        } /* map_id_range_up */
 3) + 51.457 us   |      } /* from_kuid_munged */
 3) + 52.168 us   |    } /* cp_new_stat */
 3) + 60.304 us   |  } /* __x64_sys_newlstat */
 2) + 22.392 us   |                  } /* folios_put_refs */
 2) + 70.461 us   |                } /* folio_batch_move_lru */
 2) + 70.743 us   |              } /* __folio_batch_add_and_move */
 2) + 70.963 us   |            } /* folio_add_lru */
 2) + 71.204 us   |          } /* folio_add_lru_vma */
 2) + 73.077 us   |        } /* map_anon_folio_pte_nopf */
 2) + 77.506 us   |      } /* do_anonymous_page */
 2) + 78.447 us   |    } /* __handle_mm_fault */
 2) + 79.440 us   |  } /* handle_mm_fault */
 0) + 24.616 us   |        } /* do_vmi_align_munmap */
 0) + 25.026 us   |      } /* do_vmi_munmap */
 0) + 25.637 us   |    } /* __vm_munmap */
 0) + 25.909 us   |  } /* __x64_sys_munmap */
 0) + 20.759 us   |        } /* do_vmi_align_munmap */
 0) + 21.150 us   |      } /* do_vmi_munmap */
 0) + 21.740 us   |    } /* __vm_munmap */
 0) + 21.992 us   |  } /* __x64_sys_munmap */
 0) + 20.649 us   |        } /* do_vmi_align_munmap */
 0) + 21.019 us   |      } /* do_vmi_munmap */
 0) + 21.581 us   |    } /* __vm_munmap */
 0) + 21.841 us   |  } /* __x64_sys_munmap */
 0) + 71.003 us   |              } /* __zap_vma_range */
 0) + 36.268 us   |              } /* __zap_vma_range */
 2) ! 123.431 us  |      } /* offset_readdir */
 2) ! 125.396 us  |    } /* iterate_dir */
 2) ! 126.337 us  |  } /* __x64_sys_getdents64 */
 0) ! 138.259 us  |            } /* unmap_vmas */
 0) + 21.581 us   |            } /* free_pgtables */
 3) + 54.081 us   |                      } /* rcu_do_batch */
 3) + 56.626 us   |                    } /* rcu_core */
 3) + 56.866 us   |                  } /* rcu_core_si */
 3) + 57.498 us   |                } /* handle_softirqs */
 3) + 60.144 us   |              } /* irq_exit_rcu */
 3) + 77.365 us   |          } /* dput.part.0 */
 3) + 77.585 us   |        } /* dput */
 0) + 72.647 us   |                            } /* rcu_do_batch */
 0) + 73.919 us   |                          } /* rcu_core */
 0) + 74.148 us   |                        } /* rcu_core_si */
 0) + 83.487 us   |                      } /* handle_softirqs */
 0) + 86.382 us   |                    } /* irq_exit_rcu */
 2) + 85.831 us   |          } /* rcu_do_batch */
 2) + 88.497 us   |        } /* rcu_core */
 2) + 88.727 us   |      } /* rcu_core_si */
 ------------------------------------------
 0)     ls-599     =>   kworker-10  
 ------------------------------------------

 0) # 4016.042 us |  } /* schedule */
 2) + 96.461 us   |    } /* handle_softirqs */
 2) + 99.215 us   |  } /* irq_exit_rcu */
 ------------------------------------------
 2)     ls-607     =>   kworker-34  
 ------------------------------------------

 2) # 3246.718 us |  } /* schedule */
 ------------------------------------------
 0)   kworker-10   =>     ls-599    
 ------------------------------------------

 0) + 43.922 us   |                      } /* preempt_schedule_irq */
 0) + 44.203 us   |                    } /* raw_irqentry_exit_cond_resched */
 0) ! 145.423 us  |                  } /* free_swap_cache */
 3) ! 204.433 us  |      } /* offset_readdir */
 3) ! 207.128 us  |    } /* iterate_dir */
 3) ! 208.070 us  |  } /* __x64_sys_getdents64 */
 0) ! 178.415 us  |                } /* free_pages_and_swap_cache */
 0) ! 178.656 us  |              } /* __tlb_batch_free_encoded_pages */
 0) ! 188.052 us  |            } /* tlb_finish_mmu */
 ------------------------------------------
 2)   kworker-34   =>   ksoftir-33  
 ------------------------------------------

 2) + 25.317 us   |          } /* rcu_do_batch */
 2) + 28.073 us   |        } /* rcu_core */
 2) + 28.313 us   |      } /* rcu_core_si */
 2) + 29.134 us   |    } /* handle_softirqs */
 2) + 29.585 us   |  } /* run_ksoftirqd */
 0) ! 359.234 us  |          } /* exit_mmap */
 0) ! 363.101 us  |        } /* mmput */
 ------------------------------------------
 2)   ksoftir-33   =>   kworker-34  
 ------------------------------------------

 2) + 47.419 us   |  } /* schedule */
 ------------------------------------------
 2)   kworker-34   =>     ls-607    
 ------------------------------------------

 2) + 85.380 us   |    } /* preempt_schedule_irq */
 2) + 85.671 us   |  } /* raw_irqentry_exit_cond_resched */
 ------------------------------------------
 0)     ls-599     =>    <idle>-0   
 ------------------------------------------

 0) * 14662.90 us |    } /* schedule_idle */
 0) * 14772.75 us |  } /* do_idle */
 ------------------------------------------
 1)    <idle>-0    =>  multita-593  
 ------------------------------------------

 1) ! 985.599 us  |      } /* schedule */
 1) ! 986.530 us  |    } /* sigsuspend.isra.0 */
 1) ! 986.801 us  |  } /* __x64_sys_rt_sigsuspend */
 ------------------------------------------
 1)  multita-593   =>    <idle>-0   
 ------------------------------------------

 1) + 56.065 us   |    } /* schedule_idle */
 1) # 1052.174 us |  } /* do_idle */
 3) + 67.716 us   |      } /* offset_readdir */
 3) + 70.252 us   |    } /* iterate_dir */
 3) + 71.645 us   |  } /* __x64_sys_getdents64 */
 2) ! 131.677 us  |      } /* offset_readdir */
 2) ! 133.650 us  |    } /* iterate_dir */
 2) ! 134.593 us  |  } /* __x64_sys_getdents64 */
 2) + 22.132 us   |    } /* vfs_statx */
 2) + 24.927 us   |  } /* __x64_sys_newlstat */
 1) + 20.488 us   |          } /* rcu_core */
 1) + 20.779 us   |        } /* rcu_core_si */
 1) + 21.411 us   |      } /* handle_softirqs */
 1) + 24.546 us   |    } /* irq_exit_rcu */
 3) + 23.244 us   |        } /* do_vmi_align_munmap */
 3) + 23.664 us   |      } /* do_vmi_munmap */
 3) + 24.315 us   |    } /* __vm_munmap */
 3) + 24.587 us   |  } /* __x64_sys_munmap */
 3) + 24.966 us   |            } /* __mmap_region */
 3) + 25.318 us   |          } /* mmap_region */
 3) + 27.231 us   |        } /* do_mmap */
 3) + 28.313 us   |      } /* vm_mmap_pgoff */
 3) + 28.554 us   |    } /* ksys_mmap_pgoff */
 3) + 28.783 us   |  } /* __x64_sys_mmap */
 3) + 70.423 us   |              } /* __zap_vma_range */
 3) + 41.208 us   |              } /* __zap_vma_range */
 3) ! 145.262 us  |            } /* unmap_vmas */
 2) + 70.463 us   |      } /* offset_readdir */
 2) + 72.446 us   |    } /* iterate_dir */
 2) + 73.387 us   |  } /* __x64_sys_getdents64 */
 3) + 21.711 us   |            } /* free_pgtables */
 3) + 21.901 us   |                } /* free_pages_and_swap_cache */
 3) + 22.161 us   |              } /* __tlb_batch_free_encoded_pages */
 3) + 27.241 us   |            } /* tlb_finish_mmu */
 3) ! 205.536 us  |          } /* exit_mmap */
 3) ! 209.653 us  |        } /* mmput */
 ------------------------------------------
 1)    <idle>-0    =>  multita-593  
 ------------------------------------------

 1) # 1593.639 us |      } /* schedule */
 1) # 1594.550 us |    } /* sigsuspend.isra.0 */
 1) # 1594.840 us |  } /* __x64_sys_rt_sigsuspend */
 ------------------------------------------
 3)     ls-606     =>    <idle>-0   
 ------------------------------------------

 3) # 5403.574 us |    } /* schedule_idle */
 3) # 5639.707 us |  } /* do_idle */
 ------------------------------------------
 1)  multita-593   =>    <idle>-0   
 ------------------------------------------

 1) + 51.426 us   |    } /* schedule_idle */
 1) # 1633.013 us |  } /* do_idle */
 2) + 25.127 us   |  } /* __x64_sys_newlstat */
 ------------------------------------------
 0)    <idle>-0    =>   rcu_pre-16  
 ------------------------------------------

 0) # 3002.141 us |      } /* schedule */
 0) # 3004.756 us |    } /* schedule_timeout */
 0) # 3006.528 us |  } /* rcu_gp_fqs_loop */
 ------------------------------------------
 0)   rcu_pre-16   =>    <idle>-0   
 ------------------------------------------

 0) + 22.112 us   |    } /* schedule_idle */
 0) # 1819.453 us |  } /* do_idle */
 2) + 24.166 us   |        } /* do_vmi_align_munmap */
 2) + 24.575 us   |      } /* do_vmi_munmap */
 2) + 25.187 us   |    } /* __vm_munmap */
 2) + 25.459 us   |  } /* __x64_sys_munmap */
 2) + 28.463 us   |  } /* __x64_sys_munmap */
 2) + 70.493 us   |              } /* __zap_vma_range */
 2) + 36.479 us   |              } /* __zap_vma_range */
 2) ! 142.578 us  |            } /* unmap_vmas */
 2) + 20.930 us   |            } /* free_pgtables */
 2) + 35.896 us   |                } /* free_pages_and_swap_cache */
 2) + 36.148 us   |              } /* __tlb_batch_free_encoded_pages */
 2) + 45.666 us   |            } /* tlb_finish_mmu */
 2) ! 220.294 us  |          } /* exit_mmap */
 2) ! 224.271 us  |        } /* mmput */
 ------------------------------------------
 2)     ls-607     =>    <idle>-0   
 ------------------------------------------

 2) * 17420.11 us |    } /* schedule_idle */
 2) * 17461.23 us |  } /* do_idle */
 ------------------------------------------
 1)    <idle>-0    =>  multita-593  
 ------------------------------------------

 1) ! 819.807 us  |      } /* schedule */
 1) ! 820.939 us  |    } /* sigsuspend.isra.0 */
 1) ! 821.351 us  |  } /* __x64_sys_rt_sigsuspend */
 1) ! 105.327 us  |              } /* __zap_vma_range */
 1) + 45.155 us   |              } /* __zap_vma_range */
 1) ! 199.494 us  |            } /* unmap_vmas */
 1) + 23.304 us   |                          } /* __alloc_frozen_pages_noprof */
 1) + 23.875 us   |                        } /* alloc_pages_mpol */
 1) + 24.175 us   |                      } /* alloc_pages_noprof */
 1) + 24.486 us   |                    } /* get_free_pages_noprof */
 1) + 24.797 us   |                  } /* tlb_remove_table */
 1) + 25.087 us   |                } /* ___pte_free_tlb */
 1) + 26.359 us   |              } /* free_pgd_range */
 1) + 49.584 us   |            } /* free_pgtables */
 0) + 28.133 us   |            } /* rcu_do_batch */
 0) + 29.075 us   |          } /* rcu_core */
 0) + 29.325 us   |        } /* rcu_core_si */
 0) + 29.976 us   |      } /* handle_softirqs */
 0) + 32.652 us   |    } /* irq_exit_rcu */
 ------------------------------------------
 0)    <idle>-0    =>   kworker-10  
 ------------------------------------------

 0) # 2931.849 us |  } /* schedule */
 ------------------------------------------
 0)   kworker-10   =>    <idle>-0   
 ------------------------------------------

 0) + 33.142 us   |    } /* schedule_idle */
 0) # 1013.681 us |  } /* do_idle */
 3) + 62.017 us   |            } /* rcu_do_batch */
 2) + 27.802 us   |              } /* tlb_remove_table_rcu */
 3) + 64.692 us   |          } /* rcu_core */
 3) + 64.952 us   |        } /* rcu_core_si */
 2) + 61.165 us   |            } /* rcu_do_batch */
 2) + 63.700 us   |          } /* rcu_core */
 2) + 63.919 us   |        } /* rcu_core_si */
 3) + 72.075 us   |      } /* handle_softirqs */
 2) + 72.316 us   |      } /* handle_softirqs */
 3) + 74.751 us   |    } /* irq_exit_rcu */
 2) + 75.121 us   |    } /* irq_exit_rcu */
 ------------------------------------------
 2)    <idle>-0    =>   kworker-34  
 ------------------------------------------

 2) # 2906.442 us |  } /* schedule */
 ------------------------------------------
 2)   kworker-34   =>    <idle>-0   
 ------------------------------------------

 2) + 25.488 us   |    } /* schedule_idle */
 2) ! 385.142 us  |  } /* do_idle */
 1) + 48.531 us   |                } /* free_pages_and_swap_cache */
 1) + 48.872 us   |              } /* __tlb_batch_free_encoded_pages */
 1) + 80.711 us   |            } /* tlb_finish_mmu */
 1) ! 343.033 us  |          } /* exit_mmap */
 1) ! 347.762 us  |        } /* mmput */
 3) + 53.801 us   |    } /* schedule_idle */
 3) # 1266.736 us |  } /* do_idle */
 ------------------------------------------
 1)  multita-593   =>    <idle>-0   
 ------------------------------------------

 1) ! 483.476 us  |    } /* schedule_idle */
 1) # 1288.477 us |  } /* do_idle */
 ------------------------------------------
 3)    <idle>-0    =>     sh-87     
 ------------------------------------------

 3) * 30172.30 us |        } /* schedule */
 3) * 30189.92 us |      } /* do_wait */
 3) * 30190.54 us |    } /* kernel_wait4 */
 3) * 30190.99 us |  } /* __x64_sys_wait4 */
 3) + 22.583 us   |    } /* do_sys_openat2 */
 3) + 22.994 us   |  } /* __x64_sys_open */
